article_id,title,link,creator,pubdate,category,description,source,country,article_type,scrape_timestamp
e00824beb0998d2d6364f247dc4dc7a6,Iran-backed Houthis seize strategic Mayun Island: Can they hold it?,https://www.aljazeera.com/news/2026/9/12/iran-backed-houthis-seize-strategic-mayun-island-can-they-hold-it,Al Jazeera Staff,2026-09-12T13:45:00Z,dry bulk shipping,"The takeover solidifies the group's position in the Bab al-Mandeb, but holding it long-term could be difficult.",Al Jazeera English,Unknown,News,2026-09-13T20:28:06.181392Z
c88a85aca81966da4604c240be95e856,Lyttelton Port to build deepwater wharf and container terminal,https://www.nzherald.co.nz/business/business-reports/project-canterbury/lyttelton-port-to-build-deepwater-wharf-and-container-terminal/premium/O2UPXGPYMJESXHNDAU4NM5K224/,Graham Skellern,2026-09-12T02:00:00Z,dry bulk shipping,"The project will double berth capacity to 850,000 TEUs a year.",New Zealand Herald,Unknown,News,2026-09-13T20:28:06.181438Z
0e54dfaca684da7fa1cab466acbf17da,The Dividend Calendar Is Closing Fast: 5 High-Yield Names to Grab Before Ex-Dates Pass,https://247wallst.com/investing/2026/09/11/the-dividend-calendar-is-closing-fast-5-high-yield-names-to-grab-before-ex-dates-pass/,Chris Lange,2026-09-11T22:07:37Z,dry bulk shipping,"Five high-yield names have ex-dividend dates landing between September 21 and September 25, and the window to qualify for the next payment is closing by the...",24/7 Wall St.,Unknown,News,2026-09-13T20:28:06.181481Z
3a7eeef16d8f945c4c2e7c3db3b5738c,"Hormuz Shipping Traffic Falls to Single Digits, Data Shows",https://gcaptain.com/hormuz-shipping-traffic-falls-to-single-digits-data-shows/,Reuters,2026-09-11T06:11:35Z,dry bulk shipping,"Vessel transits at the Strait of Hormuz fell to seven on Thursday from 11 the previous day, preliminary ship-tracking data showed on Friday, well below the 10-day average of 15.",gcaptain.com,Unknown,News,2026-09-13T20:28:06.181525Z
afd5a16a90d2389c15c49a1f28f80e3a,"Shipping traffic through Strait of Hormuz falls to single digits, data shows",https://economictimes.indiatimes.com/news/international/world-news/shipping-traffic-through-strait-of-hormuz-falls-to-single-digits-data-shows/articleshow/134043909.cms,Reuters,2026-09-11T05:55:51Z,dry bulk shipping,"Vessel traffic in the Strait of Hormuz dropped significantly on Thursday.  Two Panamax ships exited the strait, carrying fertilizer and sailing in ballast.  Five vessels entered the strait, including cargo and petroleum product carriers.  Iran-aligned Houthis…",The Times of India,Panama,News,2026-09-13T20:28:06.181749Z
470bfd9dc999ee9c400ee6d48c02e03c,Star Bulk Carriers: Strong demand for €100 million Euronext Athens share offering,https://www.naftemporiki.gr/english/2160193/star-bulk-carriers-strong-demand-for-e100-million-euronext-athens-share-offering/,Ελίζα Καραγιώργη,2026-09-11T05:01:38Z,dry bulk shipping,"Star Bulk Carriers’ €100 million share offering on Euronext Athens was met with strong demand. The company, led by Petros Pappas, is carrying out a parallel listing in Athens alongside…
Star Bulk Carriers: Strong demand for €100 million Euronext Athens share …",Naftemporiki.gr,Unknown,News,2026-09-13T20:28:06.181810Z
cd989335583869621888d879d3860a0a,Shipyard Fire Kills 25 Aboard Bulk Carrier in China,https://gcaptain.com/shipyard-fire-kills-25-aboard-bulk-carrier-in-china/,Reuters,2026-09-10T17:53:18Z,dry bulk shipping,"Twenty-five people died in a fire aboard a foreign cargo vessel undergoing repairs at a state-owned shipyard in the eastern Chinese city of Qingdao on Thursday, state media reported.",gcaptain.com,China,Market Report,2026-09-13T20:28:06.181826Z
597d19f184a6eb8d8b19592b4d2a6f2b,Imperial Petroleum Q2 Earnings Call Highlights,https://www.marketbeat.com/instant-alerts/transcript-imperial-petroleum-q2-earnings-call-highlights-2026-09-10/?utm_source=yahoofinance&amp;utm_medium=yahoofinance,MarketBeat,2026-09-10T15:03:39Z,dry bulk shipping,"Imperial Petroleum (NASDAQ:IMPP) reported record second-quarter revenue and its second-highest quarterly net income, as stronger tanker and dry-bulk markets,...",MarketBeat,Unknown,Market Report,2026-09-13T20:28:06.181865Z
91addd13ce8c54e34b77e36695919ed3,Greek shipowners’ major cash-out – 316 ships up for auction,https://en.protothema.gr/2026/09/10/greek-shipowners-major-cash-out-316-ships-up-for-auction/,admin,2026-09-10T14:09:00Z,dry bulk shipping,"Tsakos, Frangos, Laskaridis, Lentoudis, Pistiolis, Patitsas, Prokopiou and other major groups are taking advantage of the rally in asset values — The five largest Greek tanker sellers had already completed $1.71 billion in transactions, with the proceeds bein…",Protothema.gr,Greece,News,2026-09-13T20:28:06.181917Z
19fae5d770f76973da56e379b8ae957a,"At least 20 killed in cargo vessel fire at China shipyard, state media reports",https://www.channelnewsasia.com/east-asia/china-20-killed-fire-cargo-vessel-shipyard-6375881,,2026-09-10T12:17:01Z,dry bulk shipping,"Chinese President Xi Jinping has called for intensified search and rescue efforts, a swift investigation and accountability measures.",CNA,China,Market Report,2026-09-13T20:28:06.181932Z
d96ea438a7538c2a8c4faffa79e6bf63,"Hormuz Shipping Traffic in Single Digits, Data Shows",https://gcaptain.com/hormuz-shipping-traffic-in-single-digits-data-shows/,Reuters,2026-09-10T12:12:08Z,dry bulk shipping,"Vessel transits via the Strait of Hormuz fell on Wednesday to seven from 12 the previous day, preliminary ship-tracking data showed on Thursday, with levels also below the 10-day average of 14.",gcaptain.com,Unknown,News,2026-09-13T20:28:06.181971Z
5492a983f8f6b1197843a7def0b43b16,At least 20 people dead in commercial ship fire in China,https://www.cbc.ca/news/world/china-qingdao-ship-fatal-fire-9.7338330,,2026-09-10T11:25:09Z,dry bulk shipping,"At least 20 people have been killed in a fire aboard a foreign cargo vessel undergoing repairs at a ‌state-owned shipyard in the eastern Chinese city of Qingdao on Thursday, state media reported, with five others still missing.",CBC News,China,Market Report,2026-09-13T20:28:06.181990Z
bb1e41cb576b5162667ed418d577637e,"Sensex today | Stock Market Highlights: Sensex rises 138 pts, Nifty closes at 23,477 as crude oil surge, geopolitical tensions weigh on sentiment",https://www.thehindubusinessline.com/markets/sensex-nifty50-today-stock-market-highlights-10th-september-2026/article71448206.ece,"KS Badri Narayanan, Team BL",2026-09-10T10:36:02Z,dry bulk shipping,"Sensex, Nifty, Stock Price Highlights: Indian equity markets closed marginally higher on Thursday, with benchmark indices ‘eking out gains’ despite Brent crude oil prices climbing to around $102 per barrel, as investors remained cautious amid geopolitical ten…",BusinessLine,India,Market Report,2026-09-13T20:28:06.182028Z
01fdc2c5df8d92bb9d21f6ca81209977,"Hormuz shipping traffic in single digits, data shows",https://www.thehindubusinessline.com/news/world/hormuz-shipping-traffic-in-single-digits-data-shows/article71450078.ece,Reuters,2026-09-10T05:16:59Z,dry bulk shipping,"Strait of Hormuz sees significant drop in vessel movements, raising concerns over maritime activity and regional trade dynamics",BusinessLine,Unknown,News,2026-09-13T20:28:06.182064Z
db6b9d1be28190c168affea17c911515,"Sensex today | Stock Market Highlights: Sensex crashes 813 pts, Nifty closes at 23,431 as crude crosses $100",https://www.thehindubusinessline.com/markets/sensex-nifty50-today-stock-market-highlights-9th-september-2026/article71445394.ece,"Team BL, KS Badri Narayanan",2026-09-09T10:49:37Z,dry bulk shipping,"Sensex, Nifty, Share Prices Highlights: Indian shares fell for a ​third consecutive session on Wednesday to their lowest levels in three months ‌as Brent crude futures rose above $100 a ​barrel for the first time since late July, ⁠fanning concerns about its i…",BusinessLine,India,Market Report,2026-09-13T20:28:06.182087Z
83cc8affa92d935379da7572b27e0b09,Star Bulk sets €23-€25.50 price range for public offering,https://www.naftemporiki.gr/english/2159190/star-bulk-sets-e23-e25-50-price-range-for-public-offering/,Μιχάλης Ματσίγκος,2026-09-09T07:20:22Z,dry bulk shipping,"Star Bulk Carriers Corp. has announced the offering price range for its new shares in Greece, paving the way for its parallel listing on Euronext Athens.
The shipping company said…
Star Bulk sets €23-€25.50 price range for public offering - Η ΝΑΥΤΕΜΠΟΡΙΚΗ",Naftemporiki.gr,Greece,News,2026-09-13T20:28:06.182133Z
2e04e865b969a834b3f36336978a67ab,Star Bulk Carriers eyes FTSE 25 listing on Euronext Athens,https://www.naftemporiki.gr/english/2159136/star-bulk-carriers-eyes-ftse-25-listing-on-euronext-athens/,Αλεξία Σωτηρίου,2026-09-09T05:02:48Z,dry bulk shipping,"A Greek shipping company that is the largest listed dry bulk operator on the New York Stock Exchange and the world’s third-largest has decided to enter the Euronext Athens.
Star…
Star Bulk Carriers eyes FTSE 25 listing on Euronext Athens - Η ΝΑΥΤΕΜΠΟΡΙΚΗ",Naftemporiki.gr,Greece,News,2026-09-13T20:28:06.182180Z
719637cc3f9b43ef59465f07b729ccca,GE Shipping contracts to buy a kamsarmax dry bulk carrier,https://www.business-standard.com/markets/capital-market-news/ge-shipping-contracts-to-buy-a-kamsarmax-dry-bulk-carrier-126090900221_1.html,Capital Market,2026-09-09T04:20:51Z,dry bulk shipping,"The Great Eastern Shipping Company (GE Shipping) said that it has contracted to buy a secondhand Kamsarmax dry bulk carrier of about 81,609 deadweight tonnage (dwt).",Business Standard,Unknown,News,2026-09-13T20:28:06.182231Z
170fed6a5690f7bc6ec8f3a9c1610bdc,"Stock Alert: KP Energy, Bank of Baroda, Innovision, TCS, CSB Bank",https://www.business-standard.com/markets/capital-market-news/stock-alert-kp-energy-bank-of-baroda-innovision-tcs-csb-bank-126090900157_1.html,Capital Market,2026-09-09T03:34:02Z,dry bulk shipping,"Shares of Inox Wind, Kaynes Technology, LIC Housing Finance, SAIL and Manappuram Finance barred from fresh F&O positions on 9 September 2026.",Business Standard,Unknown,News,2026-09-13T20:28:06.182272Z
e66f4ae032b9ff2d04e1539d5744e0d9,"Stocks in news: Biocon, Bank of Baroda, TCS, Sanofi India and Tata Capital",https://economictimes.indiatimes.com/markets/stocks/news/stocks-in-news-biocon-bank-of-baroda-tcs-sanofi-india-and-tata-capital/articleshow/133910314.cms,Kumar Gaurav,2026-09-09T00:30:00Z,dry bulk shipping,"Indian equity markets hit a seven-week low on Tuesday, primarily due to escalating crude oil prices and geopolitical instability that swayed investor morale. Notably, Bank of Baroda announced plans to divest its interest in the NSE, while TCS secured a major …",The Times of India,India,Market Report,2026-09-13T20:28:06.182295Z
594944343bd44a210ea32849b3f8e585,Great Eastern Shipping Company contract to buy secondhand Kamsarmax dry bulk carrier,https://www.business-standard.com/markets/capital-market-news/great-eastern-shipping-company-contract-to-buy-secondhand-kamsarmax-dry-bulk-carrier-126090801300_1.html,Capital Market,2026-09-08T13:20:28Z,dry bulk shipping,The proposed vessel will be financed entirely from internal accruals. The purpose of the acquisition is expansion of the fleet.,Business Standard,Unknown,News,2026-09-13T20:28:06.182331Z
e45fcb0f0ce92f36d728fa3e9a91e6ff,SVRN Shares Rise 14.7% Premarket With No New Catalyst Identified,https://investorshub.advfn.com/market-news/article/35795/svrn-shares-rise-14-7-premarket-with-no-new-catalyst-identified,Fiona Craig,2026-09-08T10:17:20Z,dry bulk shipping,"SVRN, Inc. (NASDAQ:SVRN) shares rose 14.",Advfn.com,Unknown,Market Report,2026-09-13T20:28:06.182356Z
76719a857e6c7fad85cef8534b1d50ea,STAR BULK: Parallel listing on Euronext Athens and public offering of new shares,https://www.naftemporiki.gr/english/2158265/star-bulk-parallel-listing-on-euronext-athens-and-public-offering-of-new-shares/,Ελίζα Καραγιώργη,2026-09-07T10:19:30Z,dry bulk shipping,"Star Bulk Carriers Corp, the largest US-listed dry bulk shipping company by market capitalisation, fleet size and total fleet capacity, is proceeding with a public offering of new common shares…
STAR BULK: Parallel listing on Euronext Athens and public offeri…",Naftemporiki.gr,Unknown,Market Report,2026-09-13T20:28:06.182402Z
56a30bc477d7ca859cefdfc6e935cf37,IFA 2026’s Best Just Declared War on Tech Trade-Offs,https://www.yankodesign.com/2026/09/06/ifa-2026s-best-just-declared-war-on-tech-trade-offs/,JC Torres,2026-09-06T07:01:52Z,dry bulk shipping,"IFA 2026’s Best Just Declared War on Tech Trade-OffsEvery gadget seems to come with a built-in apology. Buy the powerful one and the battery dies fast. Buy the pretty one, and it underperforms....",Yanko Design,Unknown,News,2026-09-13T20:28:06.182452Z
9165d8064e9abb4a47b3a31e70fe0b94,5 easy ways US boomers fry their nest egg and retire poor (even with big savings) — are you making the same mistakes?,https://finance.yahoo.com/small-business/articles/5-easy-ways-us-boomers-124500767.html,Emily Southard-Bond,2026-09-12T12:45:00Z,bulk carrier,Don’t let your money get scrambled.,Yahoo Entertainment,Unknown,News,2026-09-13T20:28:06.634412Z
dc35d74a7fbfa7e53107b0dc94ecfeb4,25 Ways Real Families Are Quietly Cutting Their Monthly Bills,https://zacjohnson.com/quietly-cutting-monthly-bills/,Zac Johnson,2026-09-11T21:02:21Z,bulk carrier,"Money doesn’t stretch the way it used to, and it’s not really a mystery why. Groceries...",Zacjohnson.com,Unknown,Market Report,2026-09-13T20:28:06.634463Z
02f9c4c6f7b2891e99b384d71f01fa79,Identification of functional genes and immune cell infiltration analysis in liposarcoma,https://journals.plos.org/plosone/article?id=10.1371/journal.pone.0358180,"Chunxiao Liu, Yanhua Wang, Qiuxia Liu, Sha Zhang",2026-09-11T14:00:00Z,bulk carrier,"Liposarcoma (LPS) is a common soft tissue sarcoma; however, its molecular pathogenesis and immune cell infiltration remain poorly understood. This study investigated potential driver genes and pathways in LPS and characterized immune cell infiltration pattern…",Plos.org,Unknown,Analysis/Opinion,2026-09-13T20:28:06.634511Z
cb35d435acf04979f947dff8f746d6f0,Dozens Die in Cargo Ship Fire,https://www.newser.com/story/396267/dozens-die-in-cargo-ship-fire.html,Rob Quinn with Newser.AI,2026-09-11T08:30:00Z,bulk carrier,"A blaze tore through a foreign-flagged cargo ship at a major Chinese port on Thursday, killing at least 25 people. The fire broke out around 11am aboard the Ocean Melody, a 620-foot Liberia-flagged bulk carrier docked for repairs at a shipyard in Qingdao, and…",Newser,China,News,2026-09-13T20:28:06.634534Z
98a0be4bb9953a2051adff9545b3644f,Amazon Air Pilot Raised Descent Concern Before Fatal Miami Runway Crash,http://wwd.com/sourcing-journal/logistics/amazon-air-cargo-deadly-runway-crash-miami-ntsb-china-qingado-ship-fire-1239208856/,Glenn Taylor,2026-09-10T21:54:53Z,bulk carrier,"Newly released NTSB recordings shed light on the moments before the cargo jet overran the runway, as questions mount over operator 21 Air’s safety practices.",WWD,Unknown,News,2026-09-13T20:28:06.634579Z
114d60c0c06dd42bbf7de89beb4da9db,Skip the Gift Basket: 20+ DIY Gift Containers to Make Instead,https://prettyhandygirl.com/diy-gift-trays-and-crates/,Brittany Bailey,2026-09-10T21:37:59Z,bulk carrier,Store-bought gifts can feel impersonal. These gift trays and crates turn simple supplies into showstopping gifts people will actually love. DIY Gift Trays and Crates The best gifts are the ones people never expect to receive and never want to give away. A han…,Prettyhandygirl.com,Unknown,Market Report,2026-09-13T20:28:06.634625Z
033aa33621821c249db1ab3d7e35c8d4,At least 25 dead after huge blaze breaks out on cargo ship in Chinese port,https://www.dailymail.com/news/article-16121697/dead-huge-blaze-cargo-ship-Chinese-port.html,Isabella Machin,2026-09-10T19:14:45Z,bulk carrier,"The bulk carrier, moored in the shipping hub of Qingdao, had 42 people on board when the fire broke out at around 11.15am on Thursday, according to state media CCTV.",Dailymail.com,China,News,2026-09-13T20:28:06.634642Z
08d71cc169ebbb887bc472a2fcec9c15,"The Mass Health Crisis Of The Coming Decade - GLP-1s, Chronic Inflammation & The Debt Coming Due",https://dcp6272.substack.com/p/the-mass-health-crisis-of-the-coming,Ábris Babicz,2026-09-10T13:23:41Z,bulk carrier,What Is Chronic Inflammation Doing To You Right Now? How Can One Drug Class Lower Your Markers And Raise Your Risk All At The Same Time? What Happens The Day You Stop?,Substack.com,Unknown,News,2026-09-13T20:28:06.634729Z
75102c4dd3b88c623a0486a979e33a20,Maynards to Conduct Major Sales of State-of-the-Art Automotive Manufacturing Equipment from Hino Motors Facility,https://www.prnewswire.com/news-releases/maynards-to-conduct-major-sales-of-state-of-the-art-automotive-manufacturing-equipment-from-hino-motors-facility-302875272.html,,2026-09-10T12:17:00Z,bulk carrier,"DETROIT, Sept. 10, 2026 /PRNewswire/ -- Maynards, a global leader in industrial asset liquidation and valuation, is pleased to announce a series of major machinery and equipment sales from Hino Motors Manufacturing U.S.A., Inc.'s state-of-the-art axle manufac…",PRNewswire,Global,News,2026-09-13T20:28:06.634799Z
f5e019e9acc9b5daba199db2c2040c50,China: Cargo ship fire kills at least 25,https://www.dw.com/en/china-cargo-ship-fire-kills-at-least-25/a-79212704,Felix Tamsut,2026-09-10T11:36:00Z,bulk carrier,At least five people are missing after a cargo ship caught fire at the port of Qingdao. The cause remains unclear.,DW (English),China,News,2026-09-13T20:28:06.634852Z
91ca185b92f0f4d61733ad9374052d41,China: Cargo ship fire kills at least 20,https://www.dw.com/en/china-cargo-ship-fire-kills-at-least-20/a-79212704,Felix Tamsut,2026-09-10T11:36:00Z,bulk carrier,At least five people are missing after a cargo ship caught fire at the port of Qingdao. The cause remains unclear. At least 20 people were killed and five remain missing after a fire on a cargo vessel receiving repairs at a shipyard in the northeastern Chines…,DW (English),China,News,2026-09-13T20:28:06.634873Z
e1febc9730850a880a3a2172e5b3b902,"Australian scientists extracted an enzyme from soil bacteria that produces electricity using traces of hydrogen in the air — it still worked after freezing or heating to 80°C, opening a possible route to small air-powered devices",https://spacedaily.com/d-australian-scientists-extracted-an-enzyme-from-soil-bacteria-that-produces-electricity-using-traces-of-hydrogen-in-the-air-it-still-worked-after-freezing-or-heating-to-80c-opening-a-p/,Daniel Moran,2026-09-10T08:15:57Z,bulk carrier,"The enzyme's extreme durability and efficiency at harvesting invisible atmospheric hydrogen could power everything from remote sensors to medical implants without conventional batteries or fuel cells.
The post Australian scientists extracted an enzyme from so…",Space Daily,Australia,News,2026-09-13T20:28:06.634926Z
416e073614a045e84b47208039740b0c,Nanoscale visualization of plasmon-enhanced hydrogen activation on a Pt(111) surface,https://www.nature.com/articles/s41557-026-02245-z,"Zhen-Feng Cai, Meghna A. Manae, Zi-Xi Tang, Jun-Xian Zhang, Yao Zhang, Jeremy O. Richardson, Naresh Kumar",2026-09-10T00:00:00Z,bulk carrier,Visualizing plasmon-enhanced H2 activation and propagation on catalytic surfaces remains challenging because conventional spectroscopies lack nanoscale resolution. Now it has been shown that tip-enhanced Raman spectroscopy maps H2 activation within an Ag tip–…,Nature.com,Unknown,News,2026-09-13T20:28:06.635029Z
3c5ff8839d05970dc7923f96d273bc60,"Apple iPhone 18 Pro & Apple iPhone Duo preorders: everything you need to know, including start times, deals, and pricing",https://www.techradar.com/phones/iphone/apple-iphone-18-pro-and-apple-iphone-duo-preorders-everything-you-need-to-know-including-start-times-deals-and-pricing,"alex.whitelock@futurenet.com (Alex Whitelock) , Alex Whitelock",2026-09-09T19:51:27Z,bulk carrier,Are you ready to upgrade? My iPhone Duo and iPhone 18 Pro preorders guide is here to tell you everything you need to know about these stunning new devices.,TechRadar,Unknown,News,2026-09-13T20:28:06.635069Z
fd58b4eced960fd8db6bc50fdbef0018,Environmental PFOA exposure and the risk of metabolic dysfunction-associated steatotic liver disease: An integrated computational toxicology and multi-omics study,https://journals.plos.org/plosone/article?id=10.1371/journal.pone.0357970,"Tianyu Zhang, Yu Yuan, Chunli Lin, Chao Song, Tianrong Liao, Yuewen Sun, Hongzhen Tang",2026-09-09T14:00:00Z,bulk carrier,"Background Perfluorooctanoic acid (PFOA), a pervasive environmental pollutant, has been implicated in hepatic injury and metabolic dysfunction. However, its role as an environmental risk factor in the pathogenesis of Metabolic Dysfunction-Associated Steatotic…",Plos.org,Unknown,News,2026-09-13T20:28:06.635130Z
a0d46a659889556710bfe9cabaf12bf6,Green Bay Packers drop Week 1 depth chart: 6 takeaways,https://www.acmepackingcompany.com/green-bay-packers-news/86088/green-bay-packers-drop-week-1-depth-chart-6-takeaways,Justis Mosqueda,2026-09-09T13:30:00Z,bulk carrier,It looks like TE Jonnu Smith is going to hit the ground running. Also: Brandon Cisse has been named a starter!,Acme Packing Company,Unknown,News,2026-09-13T20:28:06.635162Z
08a73cbdfd4a8c83b45776a9415b64b8,Accounts & Self-Service UX Research Update and Expansion: 3 Key Takeaways,https://baymard.com/blog/accounts-and-self-service-ux-research-2026,Sally Collins,2026-09-09T08:05:00Z,bulk carrier,"Our updated and expanded Accounts & Self-Service UX research is now available, on how to improve the user experience of the Accounts area of ecommerce sites. Here are 3 key takeaways.",Baymard.com,Unknown,News,2026-09-13T20:28:06.635227Z
c980ff1329c4f5322e6af70c3b78c0bb,Why US-Iran war over Hormuz is threatening the Gulf’s waters,https://www.aljazeera.com/news/2026/9/9/why-us-iran-war-over-hormuz-is-threatening-the-gulfs-waters,"Alia Chughtai, Marium Ali",2026-09-09T05:47:58Z,bulk carrier,US-Iran attacks on tankers around Hormuz are raising fears of devastating oil spills across the Gulf.,Al Jazeera English,Unknown,News,2026-09-13T20:28:06.635264Z
9c3f4820a6e6497c78ca66e56535334f,Unexpectedly rapid SO2 heterogeneous reaction on the surface of vehicular brake wear particles,https://www.nature.com/articles/s41467-026-76820-w,"Fuyuan Qi, Xiaoyu Liang, Yao Zeng, Chaonan Qi, Zilu Liang, Xiao Liu, Zhengyu Men, Tiange Fang, Jiliang Guo, Yao Ma, Han Wang, Xinfeng Zhang, Jinsheng Zhang, Weichao Wang, Shuai Jiang, Lin Wu, Tong Zhang, Maofa Ge, Min Shao, Hongjun Mao, Jianfei Peng",2026-09-09T00:00:00Z,bulk carrier,"Vehicular brake wear particles can efficiently convert SO2 into sulphate under dark urban conditions, revealing an important overlooked pathway for sulphate aerosol formation and urban air pollution.",Nature.com,Unknown,News,2026-09-13T20:28:06.635400Z
d021239c27e8f02e8478503374e416f0,"Insured Loss Estimates Top $600M From Washington Fires, Testing New Commissioner",https://www.insurancejournal.com/news/west/2026/09/08/884400.htm,Don Jergler,2026-09-08T19:06:26Z,bulk carrier,"The wildfires that plagued Washington for nearly half the summer put new Insurance Commissioner Patty Kuderer and her office to a test. Kuderer has been in office for over a year-and-a-half. However, she’s relatively new considering her predecessor, Washingto…",Insurance Journal,Unknown,News,2026-09-13T20:28:06.635453Z
dc5a2e47ab9c11399a67f3aaf988e2fc,"Immigration Related Threats by Employers Spiking in California, Worker Advocates Say",https://www.kqed.org/news/12098600/immigration-related-threats-by-employers-spiking-in-california-worker-advocates-say,Christopher Alam,2026-09-08T17:46:41Z,bulk carrier,Weakened protections for immigrant workers under the Trump administration are silencing labor disputes.,KQED,Unknown,News,2026-09-13T20:28:06.635486Z
feb7e760f71d04df88373e799f0a888d,Fantasy Football Week 1 Start ‘Em Sit ‘Em: Kyle Soppe’s Cheat Sheet For Every Single Player,https://www.profootballnetwork.com/fantasy-football/week-1-start-em-sit-em-soppe-2026/?utm_medium=rss&amp;utm_source=nordot,Kyle Soppe,2026-09-08T14:00:30Z,bulk carrier,"Josh Allen threw 34 passes in Houston last November, took eight sacks, ran for 20 yards and didn’t throw a touchdown. He gets that same defense to open 2026.",Pro Football Network,Unknown,News,2026-09-13T20:28:06.635531Z
f81bac1edbac5486c0ddc2b0f511d7f4,Will Taiwan Just Give Up?,https://www.theatlantic.com/magazine/2026/10/trump-taiwan-sovereignty-china/688356/,Simon Shuster,2026-09-08T11:00:00Z,bulk carrier,"The Taiwanese don’t trust Trump, and they don’t believe America will come to their defense. A deal with China is starting to look inevitable.",The Atlantic,China,News,2026-09-13T20:28:06.635590Z
257b8a3303ba4dfad5ca72e3d647860b,"Iran War: Iran Working to Speed Retaliation Tempo as It Fires on Tankers, at US Warships and Ansar Allah Escalates Against Saudi Oil Facilities; Brent Flirts With $100 as Trump Hand Waves",https://www.nakedcapitalism.com/2026/09/iran-war-iran-working-to-speed-retaliation-tempo-as-it-fires-on-tankers-at-us-warships-and-ansar-allah-escalates-against-saudi-oil-facilities-brent-flirts-with-100-as-trump-hand-waves.html,Yves Smith,2026-09-08T10:57:42Z,bulk carrier,"Todays Iran war news: Iran is pressing the US with careful escalation as Ansar Allah hits Saudi production assets, and gooses oil prices",Nakedcapitalism.com,Unknown,Market Report,2026-09-13T20:28:06.635633Z
b73d502d714aa28c6ab5ffe3b8d4ed45,America is losing its war against wildfire,https://grist.org/extreme-weather/america-is-losing-its-war-against-wildfire/,Mark Betancourt,2026-09-08T08:00:00Z,bulk carrier,Wildland firefighting is increasingly facing an intractable reality: We’re stuck in a vicious cycle. A doom loop.,Grist,USA,News,2026-09-13T20:28:06.635655Z
db552734c0602381be821a10ba30e530,Support Animals Versus Allergies: Here We Go Again,https://thegatewithbriancohen.com/support-animals-versus-allergies-go/,Brian Cohen,2026-09-08T00:03:31Z,bulk carrier,"Even in 2026, the debate continues between support animals versus people with allergies aboard airplanes. Allergies have not been cured since this article was first published in 2014; and some passengers need support animals to travel. The question still rema…",Thegatewithbriancohen.com,Unknown,News,2026-09-13T20:28:06.635706Z
6451c0f1e26cfd50a6400b8f15b0a015,BFG Monday – Why MOLLE/PALS Compatibility Matters,https://soldiersystems.net/2026/09/07/bfg-monday-why-molle-pals-compatibility-matters/,Eric G,2026-09-07T09:50:00Z,bulk carrier,"MOLLE/PALS compatibility allows users to mount pouches and accessories across plate carriers, chest rigs, battle belts, packs, and other load carriage platforms without being locked into a single brand or proprietary system. That compatibility matters because…",Soldiersystems.net,Unknown,News,2026-09-13T20:28:06.635756Z
1a529a1b81a768c46771675dcf6cf80a,Mystery surrounds seafarer missing in WA's far north,https://www.abc.net.au/news/2026-09-07/myanmar-seafarer-kununurra-hospital-missing/107123566,Esse Deves and Andrew Chounding,2026-09-07T06:21:51Z,bulk carrier,Myanmar national Wai Phyo Aung has not been seen since leaving Kununurra Hospital last week.,ABC News (AU),Unknown,News,2026-09-13T20:28:06.635789Z
115e652e5d21c7fef7a45dc4205f4728,"Hormuz Traffic Dips To Lowest Since May After US, Iranian Strikes On Ships",https://gcaptain.com/hormuz-traffic-dips-to-lowest-since-may-after-us-iranian-strikes-on-ships/,Reuters,2026-09-07T01:43:47Z,bulk carrier,"By Florence Tan SINGAPORE, Sept 7 (Reuters) – An average of 10 commodity ships transited the Strait of Hormuz per day over the past 10 days, the lowest since May, according to shipping data...",gcaptain.com,Singapore,News,2026-09-13T20:28:06.635821Z
8a5de391433bf16cc22c9ecffa9f49c9,Probing the proteome at cellular scale,https://www.nature.com/articles/d41586-026-02805-w,Michael Eisenstein,2026-09-07T00:00:00Z,bulk carrier,"Rapid technological advances are allowing researchers to identify thousands of proteins in individual cells, revealing the hidden mechanisms underlying development and disease.",Nature.com,Unknown,News,2026-09-13T20:28:06.635857Z
c53b363c314011dedf4f64c2f1178436,The Tax Math That Makes These Dividend Stocks Worth Much More Inside a Roth,https://247wallst.com/investing/2026/09/12/the-tax-math-that-makes-these-dividend-stocks-worth-much-more-inside-a-roth/,Chris Lange,2026-09-12T14:17:58Z,capesize,"Ordinary dividends from BDCs, net-lease REITs, and foreign shippers carry a tax cost that hits every single distribution cycle without relief, and where you...",24/7 Wall St.,Unknown,News,2026-09-13T20:28:07.294450Z
551294af57fe6bfc5ffd3c6c20cf454b,Costamare Bulkers (CMDB) Banks Cash While Betting On A Bulk Rebound,https://finance.yahoo.com/markets/stocks/articles/costamare-bulkers-cmdb-banks-cash-024830627.html,Maham Fatima,2026-09-11T02:48:30Z,capesize,"On August 3, Costamare Bulkers Holdings Limited (NYSE:CMDB) reported results for the second quarter and six-month period ended June 30. Adjusted net income c...",Yahoo Entertainment,Unknown,Market Report,2026-09-13T20:28:07.294541Z
1119694d93a144ebdf131634c40698b9,"The polls, Samaras, Karamanlis, Salmas and Sofos, Alexis’s rings and safe deposit boxes, the UNESCO dinner and Amal ///",https://en.protothema.gr/2026/09/10/the-polls-samaras-karamanlis-salmas-and-sofos-alexiss-rings-and-safe-deposit-boxes-the-unesco-dinner-and-amal/,Αλεξία Αμβράζη,2026-09-10T05:00:36Z,capesize,"Alexis Tsipras launches his new party at the Thessaloniki fair as GPO polling shows New Democracy gaining slightly, while Athens prepares for its stock exchange upgrade to developed market status on 18 and 21 September
The post The polls, Samaras, Karamanlis,…",Protothema.gr,Unknown,Market Report,2026-09-13T20:28:07.294836Z
0b91e83e8a02da7598704eedccae1944,"Paradip Port achieves major milestone, berths first capesize vessel with 16.5-Meter Draft",https://economictimes.indiatimes.com/industry/transportation/shipping-/-transport/paradip-port-achieves-major-milestone-berths-first-capesize-vessel-with-16-5-meter-draft/articleshow/133830086.cms,ANI,2026-09-06T07:54:02Z,capesize,"Paradip Port Authority has berthed MV Mineral Kwangyang, its first Capesize vessel with a 16.5-metre draft, carrying 152,702 MT of coking coal from Australia. The milestone highlights the port’s deep-draft handling capabilities as Paradip expands infrastructu…",The Times of India,Australia,News,2026-09-13T20:28:07.294985Z
b808cdaf099bb87ba5fcd2eb01cc959c,"Hormuz shipping traffic falls to single digits, data shows",https://biztoc.com/x/9ba897e799915f17,yahoo.com,2026-09-11T04:52:47Z,panamax,"Vessel transits at the Strait of Hormuz fell to seven on Thursday from 11 the previous day, preliminary ship-tracking data showed on Friday, well below the 10-day average of 15.
Of the seven vessels, two Panamax ships exited the strait, one carrying fertilise…",Biztoc.com,Panama,News,2026-09-13T20:28:07.869773Z
9bebcb093d0090aabf443aa4502a2a87,"Shipping traffic via Strait of Hormuz stays below 10-day average, data shows",https://economictimes.indiatimes.com/news/international/world-news/strait-of-hormuz-shipping-traffic-dips-below-average-amid-escalating-conflict-in-the-middle-east/articleshow/133949292.cms,Reuters,2026-09-09T02:26:05Z,panamax,"Six commodity vessels transited the Strait of Hormuz on Tuesday, a decrease from the previous day. Meanwhile, twenty-five commodity vessels passed through the Bab el-Mandeb strait on the same day. These figures are slightly below the recent ten-day averages f…",The Times of India,Unknown,News,2026-09-13T20:28:07.869908Z
19c81fe218699440c96459e4cca822ae,Dorian LPG: $345 million investment in three new VLGCs from Hanwha Ocean,https://www.naftemporiki.gr/english/2158650/dorian-lpg-345-million-investment-in-three-new-vlgcs-from-hanwha-ocean/,Νατάσα Στασινού,2026-09-08T04:03:48Z,panamax,"Dorian LPG, owned by John Hadjipateras, is making a new $345 million investment with an order for three dual-fuel Panamax VLGCs from South Korea’s Hanwha Ocean.
The 90,000-cubic-metre vessels are…
Dorian LPG: $345 million investment in three new VLGCs from Ha…",Naftemporiki.gr,South Korea,News,2026-09-13T20:28:07.869946Z
536c2784c6ea0fc43da215998388af61,Securing the Panama Canal,https://www.hoover.org/research/securing-panama-canal,"September 8, 2026",2026-09-08T00:00:00Z,panamax,The Panama Canal—the transoceanic waterway through which five percent of global commerce flows—is critical for U.S. national security.,Hoover.org,Panama,News,2026-09-13T20:28:07.869977Z
c1dec0256090d6188aea2a405b4abb52,"New Panama Canal Chief Takes Office With Water, Expansion Projects in Focus",https://gcaptain.com/new-panama-canal-chief-takes-office-with-water-expansion-projects-in-focus/,Mike Schuler,2026-09-07T22:39:46Z,panamax,"Ilya Espino de Marotta took office Monday as Administrator of the Panama Canal, becoming the first woman to lead the waterway as it confronts renewed water concerns and moves ahead...",gcaptain.com,Panama,News,2026-09-13T20:28:07.870022Z
4aa48b218500ebcb4c02c984d9f41539,Dorian LPG Orders 3 New Vessels from Hanwha Ocean,https://www.rigzone.com/news/dorian_lpg_orders_3_new_vessels_from_hanwha_ocean-07-sep-2026-184554-article/,Jov Onsat,2026-09-07T13:09:55Z,panamax,The South Korean shipbuilder will deliver the dual-fuel Panamax VLGCs in 2030.,Rigzone,South Korea,News,2026-09-13T20:28:07.870044Z
77a42c59f71aece3761f1e191ace2dd6,Dangote Refinery IPO: 10 things Nigerian investors must know before buying,https://www.vanguardngr.com/2026/09/dangote-refinery-ipo-10-things-nigerian-investors-must-know-before-buying/,Oboh,2026-09-07T12:27:43Z,panamax,"₦2.15trn potential figure makes the transaction impossible to ignore. But for investors, the more important question will ultimately be
The post Dangote Refinery IPO: 10 things Nigerian investors must know before buying appeared first on Vanguard News.",Vanguard,Unknown,News,2026-09-13T20:28:07.870095Z
2110e8ce9298ce8ef8a0cca6d2706030,Dorian LPG orders three dual-fuel Panamax VLGCs from Hanwha Ocean,https://biztoc.com/x/2618b3fd2fd9933e,finance.yahoo.com,2026-09-07T11:02:00Z,panamax,"Dorian LPG has agreed an order with South Korean shipbuilder Hanwha Ocean for the construction of three 90,000m³ dual-fuel Panamax very large gas carriers (VLGCs) for a total price of around $345m (Won463.5bn).
The three ships are scheduled for delivery in Ju…",Biztoc.com,South Korea,News,2026-09-13T20:28:07.870132Z
dd0bb25e40f4450b650ff90a27037dbe,Dorian LPG orders three dual-fuel Panamax VLGCs from Hanwha Ocean,https://consent.yahoo.com/v2/collectConsent?sessionId=1_cc-session_bca92681-4f19-48d9-8935-e45e8836627c,,2026-09-07T10:48:28Z,panamax,,Yahoo Entertainment,Panama,News,2026-09-13T20:28:07.870155Z
46c1d478b1888bc14e435ad881072049,"Modi-Xi stress stronger business ties, mobility to consolidate thaw",https://www.business-standard.com/external-affairs-defence-security/news/modi-xi-stress-stronger-business-ties-mobility-to-consolidate-thaw-126091200960_1.html,Archis Mohan,2026-09-12T17:18:47Z,iron ore,"Concerns on trade imbalance, supply chain issues and market access to be addressed, says MEA",Business Standard,Unknown,Market Report,2026-09-13T20:28:09.266311Z
a673df6cce93b7eaee9781d2c38637e9,Ukraine’s economy minister warns $40B in export revenue threatened by blockade,https://cryptobriefing.com/ukraine-export-revenue-blockade-threat/,Editorial Team,2026-09-12T17:05:08Z,iron ore,"Ukraine's export blockade threatens global food security, exacerbates economic instability, and heightens geopolitical tensions worldwide.
The post Ukraine’s economy minister warns $40B in export revenue threatened by blockade appeared first on Crypto Briefin…",Crypto Briefing,Ukraine,News,2026-09-13T20:28:09.266551Z
3a5292699fcbef816dd971b04e611566,"Global Times: Silk Road Maritime shipping routes span 153 ports, boosting global trade prosperity amid uncertainty",https://www.prnewswire.com/news-releases/global-times-silk-road-maritime-shipping-routes-span-153-ports-boosting-global-trade-prosperity-amid-uncertainty-302876847.html,,2026-09-12T11:49:00Z,iron ore,"BEIJING, Sept. 12, 2026 /PRNewswire/ -- Across the rippling Baltic waters, a cargo vessel loaded with Chinese goods glides steadily into Poland's Gdansk Port, docking at Europe's largest deep-water container terminal. For decades, the port has served as a cri…",PRNewswire,China,News,2026-09-13T20:28:09.266579Z
4a83b0c0c3f3fa2a8a429b43e29837f3,Zelenskyy willing to meet Putin at Miami G20 Summit,https://www.abc.net.au/news/2026-09-12/zelenskyy-willing-to-meet-putin-at-g20/107146956,,2026-09-12T10:59:17Z,iron ore,Ukrainian President Volodymyr Zelenskyy says he is willing to meet Russian President Vladimir Putin at the G20 Summit in Miami in December.,ABC News (AU),Russia,News,2026-09-13T20:28:09.266601Z
bcd6c466dfbd71c1ce6b38fbc17a82b9,"Latest Russian Strikes On Ukraine Kill 2 In Zaporizhzhia, Wound At Least 17 In Odesa",https://www.rferl.org/a/ukraine-russia-strikes-odesa-zapporizhzhia-missile-shahed-drones/33852877.html,RFE/RL's Ukrainian Service,2026-09-12T08:51:10Z,iron ore,"A fresh round of overnight Russian strikes on Ukraine killed two people in the southeastern Zaporizhzhia region and wounded at least 17 in the southern Odesa region, Ukrainian officials said on September 12.",Radio Free Europe/ Radio Liberty,Russia,News,2026-09-13T20:28:09.266633Z
a60a62cd031d2ffbd820e1e7d104214c,A Massive Job Jargon Glossary For Writers,https://nofilmschool.com/job-jargon-glossary,Jason Hellerman,2026-09-11T19:00:02Z,iron ore,You want a reader to pick up your screenplay and lean into a world they feel is well-researched and one they want to live in. The best way to do that is to have characters who speak in the dialect of their trade and their world. That requires the writer to si…,Nofilmschool.com,Unknown,News,2026-09-13T20:28:09.266683Z
d715de578f1e53d4be759df6f5d687ae,"The Download: biotech’s future and cheaper, cleaner steel",https://www.technologyreview.com/2026/09/11/1143879/the-download-biotech-future-cheaper-cleaner-steel/,Thomas Macaulay,2026-09-11T12:10:00Z,iron ore,"This is today’s edition of The Download, our weekday newsletter that provides a daily dose of what’s going on in the world of technology. Meet the under-35s shaping the future of biotech Every year, MIT Technology Review puts together our 35 Innovators Under …",MIT Technology Review,Unknown,Analysis/Opinion,2026-09-13T20:28:09.266726Z
e9fbecdbc84a75723d5086a6b05bdf32,"Allianz, Zurich Say They Have No ‘Material Exposure’ to Radiant",https://www.insurancejournal.com/news/international/2026/09/11/884749.htm,Admin,2026-09-11T12:06:04Z,iron ore,"Insurers Allianz SE and Zurich Insurance Group AG, who had both written policies covering transactions tied to Radiant World, said they have no material exposure to the iron ore trader. Zurich had insured Radiant World against non-payment from counterparties …",Insurance Journal,Unknown,News,2026-09-13T20:28:09.266779Z
d9d2f9408d1b8a021cf9433b3b0c8d1d,"Tata Steel scaling up AI, connected workforce systems to boost industrial safety",https://economictimes.indiatimes.com/industry/indl-goods/svs/steel/tata-steel-scaling-up-ai-connected-workforce-systems-to-boost-industrial-safety/articleshow/134064980.cms,PTI,2026-09-11T11:51:43Z,iron ore,"Tata Steel is using over 10,000 CCTV cameras and AI for proactive accident prevention.  Connected workforce systems and remote operations are also being deployed across its facilities.  This technology shift aims to move safety from post-incident investigatio…",The Times of India,Unknown,News,2026-09-13T20:28:09.266834Z
c788bdd49491bd1402e74076e8eed837,Mining sector could contribute USD 500 billion to Indian economy in next 20 years: Maharashtra CM Fadnavis,https://economictimes.indiatimes.com/industry/indl-goods/svs/metals-mining/mining-sector-could-contribute-usd-500-billion-to-indian-economy-in-next-20-years-maharashtra-cm-fadnavis/articleshow/134062677.cms,PTI,2026-09-11T11:19:03Z,iron ore,India's mining sector is projected to contribute half a trillion dollars over twenty years. This vital industry is expected to create three crore new jobs for the nation's economy. Mineral security is now intrinsically linked with energy security for global s…,The Times of India,India,News,2026-09-13T20:28:09.266866Z
1d719b748209f390a1e1bfd4b06ac3ca,Valheim Switch 2 review - berserk Viking survival at your fingertips,https://www.pockettactics.com/valheim/switch-2-review,Holly Alice,2026-09-11T11:13:46Z,iron ore,"Valheim’s latest update brings baby seals and gigantic, horrifying frost trolls to Nintendo Switch 2.",Pockettactics.com,Unknown,Analysis/Opinion,2026-09-13T20:28:09.266898Z
ae8d207ebba9a69d28cd0aa5b4b7f065,"Tata Steel scaling up AI, connected workforce systems to boost safety",https://www.business-standard.com/companies/news/tata-steel-scaling-up-ai-connected-workforce-systems-to-boost-safety-126091100747_1.html,Press Trust of India,2026-09-11T11:02:00Z,iron ore,"Global steel major Tata Steel is scaling up artificial intelligence, connected workforce systems and remote operations to make industrial safety more predictive, with the company already using more than 10,000 CCTV cameras and AI-enabled surveillance to ident…",Business Standard,Global,News,2026-09-13T20:28:09.266948Z
655b347440757e76b0b049723034b9e3,Sweden is moving parts of an Arctic city because decades of iron mining are deforming the ground beneath it — in 2025 a 672-ton church was placed on giant transporters and rolled five kilometers to the new city center,https://spacedaily.com/d-sweden-is-moving-parts-of-an-arctic-city-because-decades-of-iron-mining-are-deforming-the-ground-beneath-it-in-2025-a-672-ton-church-was-placed-on-giant-transporters-and-rolled-five-kilomete/,Daniel Moran,2026-09-11T09:15:29Z,iron ore,"A Swedish iron mine is swallowing a city whole, forcing an entire municipality to pack up and move—starting with a 672-ton church that rolled across the Arctic landscape on 224 wheels.
The post Sweden is moving parts of an Arctic city because decades of iron …",Space Daily,Unknown,News,2026-09-13T20:28:09.267029Z
c910039bbe4a882dd7d6dd82746a4962,Nano One Advances Development Company Project to Build LFP Cathode Production in Canada,https://financialpost.com/pmn/business-wire-news-releases-pmn/nano-one-advances-development-company-project-to-build-lfp-cathode-production-in-canada,Business Wire,2026-09-11T07:10:54Z,iron ore,"Highlights Nano One advances its first Development Company, aiming to establish a network of regional supply chain partners The Project envisions a proposed 25 ktpa cathode production facility, with potential expansion to up to 100 ktpa Early development work…",Financial Post,Unknown,News,2026-09-13T20:28:09.267080Z
12ad73d8fb9e3b1026bc8db34715dcc9,"Markets today: Wall Street falls as oil hits highest since May, ASX set to slump",https://www.smh.com.au/business/markets/asx-set-to-slump-wall-street-falls-as-oil-climbs-to-its-highest-mark-since-may-20260911-p60wff.html,Adrian Black,2026-09-11T06:37:48Z,iron ore,The Australian sharemarket slumped on Friday as surging oil prices pressured bond yields and squeezed central banks to consider raising interest rates.,The Sydney Morning Herald,Australia,Market Report,2026-09-13T20:28:09.267097Z
4cca8b4ca76fc0d6efaf9e319d9dccae,Every Aussie employer on notice over public holiday work rule following landmark BHP case: What you need to know,https://www.dailymail.com/news/article-16122191/bhp-public-holiday-rule.html,Taylor Rice,2026-09-11T00:16:49Z,iron ore,A warning has been issued to Aussie workers.,Dailymail.com,Unknown,News,2026-09-13T20:28:09.267128Z
07bbf015ecf2481306680b2b92615b33,BHP subsidiary class action begins over public holiday work,https://www.abc.net.au/news/2026-09-11/bhp-os-action-public-holidays/107140208,Liam O'Connell,2026-09-11T00:02:25Z,iron ore,The class action alleges that a BHP subsidiary did not offer workers a reasonable chance to apply for leave over public holidays.,ABC News (AU),Unknown,News,2026-09-13T20:28:09.267160Z
26d60d0185e7b190e17437846cadb9b2,"Reps probe NIOMCO-Premium Steel deal, procurement breaches",https://punchng.com/reps-probe-niomco-premium-steel-deal-procurement-breaches/,Punch Newspapers,2026-09-10T23:51:38Z,iron ore,The House of Representatives Committee on Steel Development has commenced a preliminary investigation into the sub-lease and operation agreement between the National Iron Ore Mining Company and Premium Steel and Mines Limited. The probe followed a petition by…,The Punch,Unknown,News,2026-09-13T20:28:09.267212Z
820d2ea67cde3a813321c7ab6681bb4c,US explores access to Venezuela’s mineral sector,https://www.mining-technology.com/news/us-explores-access-venezuelas-mineral-sector/,Shree Mishra,2026-09-10T14:42:10Z,iron ore,The move could open the door to further US investment in mining and critical minerals.,Mining Technology,Unknown,News,2026-09-13T20:28:09.267277Z
aeaa2e9fe37d960174b6264a3c23791c,Tata Steel commissions India's first coke oven gas injection project,https://www.business-standard.com/companies/news/tata-steel-commissions-india-s-first-coke-oven-gas-injection-project-126091001367_1.html,Hemant Kumar Rout,2026-09-10T14:05:27Z,iron ore,The project at Tata Steel's Meramandali plant will use coke oven gas as a reductant and partial substitute for conventional fossil fuels in blast-furnace operations,Business Standard,India,News,2026-09-13T20:28:09.267298Z
f916dc012ef26e3ae4aa1a07704e4dba,ASX 200 Sheds $50 Billion In Worst Session Since March As Oil Tops $101 A Barrel Amid Iran Fears Today,https://www.ibtimes.com.au/australian-shares-plunge-oil-prices-bond-yields-1875269,Tony Jackson,2026-09-10T04:05:40Z,iron ore,"Australian shares experienced their worst trading day since March, with the ASX 200 index dropping 1.53% due to rising oil prices and global bond yields, erasing weeks of market gains.",Ibtimes.com.au,Australia,Market Report,2026-09-13T20:28:09.267312Z
c508dc69362dc8c6410512c8b32c8450,Jefferies fund wins Singapore asset freeze against Radiant World,https://www.straitstimes.com/business/companies-markets/jefferies-fund-wins-singapore-asset-freeze-against-radiant-world,The Straits Times,2026-09-10T01:30:10Z,iron ore,"The injunction also applies to its founder Pinkesh Nahar, according to sources. Read more at straitstimes.com.",The Straits Times,Singapore,News,2026-09-13T20:28:09.267335Z
f568c27bbe76feb0601dfdfc5441bd23,"Oil wealth, poor students and the NELFUND question",https://punchng.com/oil-wealth-poor-students-and-the-nelfund-question/,Punch Newspapers,2026-09-09T23:23:45Z,iron ore,There is perhaps no more jarring illustration of Nigeria’s confused understanding of educational opportunity and social investment than the widely criticised suggestion by Mrs Oluremi Tinubu that beneficiaries of the Federal Government’s Nigerian Education Lo…,The Punch,Unknown,News,2026-09-13T20:28:09.267386Z
576a7b2ee164cc745a18154eb3a35481,The Commodity Bull Market Just Entered a Dangerous New Phase,https://oilprice.com/Energy/Energy-General/The-Commodity-Bull-Market-Just-Entered-a-Dangerous-New-Phase.html,OilPrice.com,2026-09-09T22:00:00Z,iron ore,"Readers are familiar by now with the broad-based commodity rally, with energy, agricultural products and metals moving sharply higher as former Goldman Sachs commodities head Jeff Currie warned this summer of growing scarcity in the physical economy. The Bloo…",OilPrice.com,Unknown,Market Report,2026-09-13T20:28:09.267429Z
b8ad660ae33f0837d8aad19612547756,"In 1972, FHWA used 5 inches of scrubber waste in a parking-area base at Washington's Dulles Airport. 2 years later, wet weather caused the experimental base to soften and be replaced",https://economictimes.indiatimes.com/news/international/us/in-1972-fhwa-used-5-inches-of-scrubber-waste-in-a-parking-area-base-at-washingtons-dulles-airport-2-years-later-wet-weather-caused-the-experimental-base-to-soften-and-be-replaced/articleshow/133978447.cms,Global Desk,2026-09-09T18:16:07Z,iron ore,"Early tests explored scrubber waste for road bases and subbases. Florida projects between 1977 and 1989 showed highly satisfactory performance. Pennsylvania roads survived severe freeze-thaw conditions, proving successful. Texas and Ohio tests compared FGD ma…",The Times of India,Unknown,News,2026-09-13T20:28:09.267492Z
69712386c8ad58bb809219af1d50f1b8,Trans-Siberian Orchestra Hit 30th Anniversary With 56-City Tour,https://loudwire.com/trans-siberian-orchestra-30th-anniversary-tour-2026/,Chad Childers,2026-09-09T16:08:08Z,iron ore,It's Trans-Siberian Orchestra's 30th anniversary and their celebrating with a massive holiday season run. Continue reading…,Loudwire,Unknown,News,2026-09-13T20:28:09.267534Z
71e96a87b34c0e7ae4dd4cefeeececa7,Vale CFO Sees No Downturn in Iron Ore Prices,https://consent.yahoo.com/v2/collectConsent?sessionId=1_cc-session_a3c799ab-bcad-4efd-a77e-048f1b1fb015,,2026-09-09T15:49:23Z,iron ore,,Yahoo Entertainment,Brazil,Market Report,2026-09-13T20:28:09.267546Z
75247b29f445f69de9080fb2d0c12334,"In 1977, Pennsylvania tested an 800-foot road base made with power-plant scrubber sludge; its strength rose from 720 to 1,014 PSI over seven years",https://economictimes.indiatimes.com/news/international/us/in-1977-pennsylvania-tested-an-800-foot-road-base-made-with-power-plant-scrubber-sludge-its-strength-rose-from-720-to-1014-psi-over-seven-years/articleshow/133973739.cms,Shreya Biswas,2026-09-09T15:21:14Z,iron ore,"A Pennsylvania road base demonstration in 1977 used FGD scrubber material successfully. This material, combined with lime and ash, endured severe weather for seven years. Similar projects followed in Florida, Texas, and Ohio with positive results. These roads…",The Times of India,Unknown,News,2026-09-13T20:28:09.267606Z
bc101dbd6a6a15338d9ccb3a98bf02e5,HMM secures $3.5bn iron ore shipping deal with Brazil’s Vale,https://biztoc.com/x/80039619ffc72e1a,finance.yahoo.com,2026-09-09T15:00:20Z,iron ore,"Global integrated logistics company HMM has entered into a long-term shipping contract with Brazilian mining company Vale, valued at around $3.5bn (Won4.7tn).
Under the agreement, HMM will transport iron ore for Vale, starting from 2030.
Each vessel covered b…",Biztoc.com,Brazil,News,2026-09-13T20:28:09.267633Z
ffb43f8d108738dc252b8e5d2e0be880,NMDC increases high-grade iron ore prices by Rs 150/tonne,https://economictimes.indiatimes.com/industry/indl-goods/svs/metals-mining/nmdc-hikes-high-grade-iron-ore-prices-to-rs-5400tonne-amidst-supply-tightening/articleshow/133963448.cms,PTI,2026-09-09T10:03:48Z,iron ore,"State-owned NMDC has raised its high-grade iron ore price by Rs 150 per tonne.  The company fixed the lump ore price at Rs 5,400 per tonne, effective immediately.  No changes were made to the rate of iron ore fines by NMDC.  Monsoon disruptions have reduced I…",The Times of India,Unknown,Market Report,2026-09-13T20:28:09.267699Z
df539f56201c7b718ca164fa4c33d427,Steel Exchange India signs pact with NMDC for iron ore sourcing,https://www.thehindubusinessline.com/companies/steel-exchange-india-signs-pact-with-nmdc-for-iron-ore-sourcing/article71446380.ece,PTI,2026-09-09T08:08:03Z,iron ore,"Steel Exchange India has signed an agreement with NMDC for the sourcing of iron ore from an upcoming facility of the state-owned miner in Visakhapatnam, Andhra Pradesh.",BusinessLine,India,News,2026-09-13T20:28:09.267719Z
586f385d7e619fed75bf1a0913d4c0a8,Steel Exchange India signs MoU with NMDC,https://www.business-standard.com/markets/capital-market-news/steel-exchange-india-signs-mou-with-nmdc-126090900268_1.html,Capital Market,2026-09-09T04:46:53Z,iron ore,For establishing framework for potential long-term supply of iron ore,Business Standard,India,News,2026-09-13T20:28:09.267733Z
c1755497fa784c8d4af3c5e484a246e8,ASX 200 Falls To Fresh Six-Week Low As Iran Tensions Push Oil Toward $100 A Barrel This Wednesday Morning,https://www.ibtimes.com.au/australian-shares-slide-middle-east-tensions-rate-hike-fears-1875215,Tony Jackson,2026-09-09T04:38:36Z,iron ore,"Australian shares fell to a six-week low amid Middle East tensions and rising oil prices, sparking fears of an interest rate hike. Consumer confidence also dropped, impacting retail and banking stocks.",Ibtimes.com.au,Australia,Market Report,2026-09-13T20:28:09.267747Z
de28050ae39dbe9636bb67eaa3573a0d,Black dust pollution sparks push to change Chinese-owned miner's license,https://www.abc.net.au/news/2026-09-09/karara-mining-mid-west-ports-license-dust-pollution-geraldton/107133164,Joanna Prendergast and Chris Lewis,2026-09-09T04:26:58Z,iron ore,An investigation into dust pollution around Geraldton has found magnetite from industrial activities is directly contributing to the levels of dust throughout the community.,ABC News (AU),China,News,2026-09-13T20:28:09.267763Z
ed52d0607fd222dcbc28bf927f841ea8,NMDC announces prices of iron ore,https://www.business-standard.com/markets/capital-market-news/nmdc-announces-prices-of-iron-ore-126090900178_1.html,Capital Market,2026-09-09T03:46:06Z,iron ore,"i) Lump Ore (65.5%, 10-40mm) @ Rs 5,400/- per ton 
ii) Fines (64%,-10mm)  @ Rs 4,500/- per ton
Note:  The above are FOR prices that are exclusive of Royalty, DMF, NMEDT, Cess, Forest Permit Fee, transit fee, GST, environmental Cess and other taxes.",Business Standard,Unknown,Market Report,2026-09-13T20:28:09.267800Z
c860005f391ca5ef557aad8fab6ba5c7,Copper prices just hit a record high. What does this mean for ASX copper shares?,https://www.fool.com.au/2026/09/09/copper-prices-just-hit-a-record-high-what-does-this-mean-for-asx-copper-shares/,Mark Verhoeven,2026-09-08T23:18:21Z,iron ore,"A record price does not produce results for every miner.
The post Copper prices just hit a record high. What does this mean for ASX copper shares? appeared first on The Motley Fool Australia.",Motley Fool Australia,Australia,Market Report,2026-09-13T20:28:09.267814Z
24ec0f85d3dd337e10f67a57124a101c,PMET Conducts Large Scale Caesium Sampling Program at CV13,https://www.prnewswire.com/news-releases/pmet-conducts-large-scale-caesium-sampling-program-at-cv13-302872782.html,,2026-09-08T21:00:00Z,iron ore,"Collection of pollucite pegmatite samples at scale supports ongoing development studies including further concentrate recovery and downstream caesium chemical testwork MONTREAL, Sept. 8, 2026 /PRNewswire/ -- September 9, 2026 – Sydney, Australia Highlights Mo…",PRNewswire,Australia,News,2026-09-13T20:28:09.267837Z
7037a8a26d15bf55f258d90f4666f954,"Florida turned scrubber waste into road base in 12 projects by 1989; 100,000 tons earned highly satisfactory ratings, transforming an industrial byproduct into useful road base",https://economictimes.indiatimes.com/news/international/us/florida-turned-scrubber-waste-into-road-base-in-12-projects-by-1989-100000-tons-earned-highly-satisfactory-ratings-transforming-an-industrial-byproduct-into-useful-road-base/articleshow/133935208.cms,Global Desk,2026-09-08T18:08:49Z,iron ore,"Florida utilized processed FGD scrubber material in twelve road-base projects between 1977 and 1989. This material demonstrated satisfactory performance and durability in stabilized road bases without freeze-thaw issues. Other states like Pennsylvania, Texas,…",The Times of India,Unknown,News,2026-09-13T20:28:09.267895Z
e8ffb65aeb3193e98fd6ce7e9b907593,Oil Prices Are Once Again on the Brink of $100,https://finance.yahoo.com/energy/articles/oil-prices-once-again-brink-151318211.html,Tom Kool,2026-09-08T15:13:18Z,iron ore,"Oil prices surge toward $100 as Houthi attacks, U.S. strikes on Iranian tankers and renewed Middle East tensions rattle markets.",Yahoo Entertainment,Unknown,Market Report,2026-09-13T20:28:09.267924Z
6072bb5e3ec216742e32183ac34842ab,Oil Prices Are Once Again on the Brink of $100,https://oilprice.com/Energy/Crude-Oil/Oil-Prices-Are-Once-Again-on-the-Brink-of-100.html,Tom Kool,2026-09-08T15:13:18Z,iron ore,"Oil prices surge toward $100 as Houthi attacks, U.S. strikes on Iranian tankers and renewed Middle East tensions rattle markets.   Europe’s Gas Prices Surge as Storage Fears Return - European natural gas prices have jumped to €75 per MWh ($25.5 per MMBtu), th…",OilPrice.com,Unknown,Market Report,2026-09-13T20:28:09.267967Z
815bcec268f8f0cb638d65b7ce39d90c,Valheim 1.0 review,https://www.pcgamer.com/games/survival-crafting/valheim-review/,"clivingston@pcgamer.com (Christopher Livingston) , Christopher Livingston",2026-09-08T14:27:59Z,iron ore,"Your long journey is at an end, Viking.",PC Gamer,Unknown,Analysis/Opinion,2026-09-13T20:28:09.267986Z
a5fb6c2d5f55cf78c7c5881c717c34c1,NMDC implements wage revision for non-executives from January 2022,https://www.business-standard.com/companies/news/nmdc-implements-wage-revision-for-non-executives-from-january-2022-126090801338_1.html,Saket Kumar,2026-09-08T13:38:57Z,iron ore,"Revised structure provides for 100 per cent DA neutralisation, a 15 per cent minimum guaranteed benefit and perks at 30 per cent of basic pay under Cafeteria Approach",Business Standard,Unknown,News,2026-09-13T20:28:09.268033Z
08812173b56924bbcba0e0c904378439,"Quote of the day by Henry Ford: 'If you don't think of the future, you won't have one.' Life lessons from inspiring quote on strategic thinking, goal setting, adaptability, complacency and challenges",https://economictimes.indiatimes.com/news/international/us/quote-of-the-day-by-henry-ford-if-you-dont-think-of-the-future-you-wont-have-one-life-lessons-from-inspiring-quote-on-strategic-thinking-goal-setting-adaptability-complacency-and-challenges/articleshow/133925215.cms,Gandharv Walia,2026-09-08T12:38:12Z,iron ore,"Quote of the day by Henry Ford, “If you don't think of the future, you won't have one,” explains why planning, goal setting and preparation matter. The quote connects future thinking with action, adaptability and decision-making. Henry Ford’s life also shows …",The Times of India,Unknown,News,2026-09-13T20:28:09.268096Z
8ee17db22e56633be0db9f172ea040ab,"US seeks more access to Venezuela's mineral wealth after tapping its oil, sources say",https://economictimes.indiatimes.com/news/international/world-news/us-seeks-more-access-to-venezuelas-mineral-wealth-after-tapping-its-oil-sources-say/articleshow/133923037.cms,Reuters,2026-09-08T11:36:21Z,iron ore,The Trump administration seeks increased access to Venezuela's mineral wealth. This effort aims to secure critical minerals for national security interests. US companies are being consulted about potential investments in the mining sector. Previous authorizat…,The Times of India,Unknown,News,2026-09-13T20:28:09.268151Z
3e23e3c262cbda2f297247d76d43df97,"This founder is making cheaper, cleaner steel",https://www.technologyreview.com/2026/09/08/1142094/laureen-meroueh-makes-cheaper-cleaner-steel/,Bridget Reed Morawski,2026-09-08T10:33:00Z,iron ore,The steel industry isn’t exactly known for innovation. Very little has changed about purifying iron ore since the process was invented and commercialized in the 1850s. The majority of steelmakers melt solid iron ore at dizzyingly high temperatures inside blas…,MIT Technology Review,Unknown,News,2026-09-13T20:28:09.268203Z
ed0118bb8959d51b26d652b28542ef09,Valheim exits early access with Deep North biome,https://www.notebookcheck.net/Valheim-exits-early-access-with-Deep-North-biome.1393117.0.html,Darryl Linington,2026-09-08T06:44:00Z,iron ore,"Iron Gate releases Valheim Version 1.0 on September 9, 2026. Discover the Deep North biome, tame rideable Moose, craft Bloodgold gear, and play on PS5 & Switch 2.",Notebookcheck.net,Unknown,News,2026-09-13T20:28:09.268239Z
6de52a048a7d1f47992651d8ea9bfdbb,Is China about to become a problem for Rio Tinto shares?,https://www.fool.com.au/2026/09/08/is-china-about-to-become-a-problem-for-rio-tinto-shares/,Aaron Teboneras,2026-09-08T04:47:00Z,iron ore,"A China dispute could test the rally from here.
The post Is China about to become a problem for Rio Tinto shares? appeared first on The Motley Fool Australia.",Motley Fool Australia,China,News,2026-09-13T20:28:09.268255Z
5da4f8a460cc62601d7336b3b1142d14,"Copper hits record high as tight supply, US tariff fears boost prices",https://www.business-standard.com/markets/commodities/copper-hits-record-high-as-tight-supply-us-tariff-fears-boost-prices-126090800183_1.html,Bloomberg,2026-09-08T04:15:47Z,iron ore,"The industrial metal rose for a fourth day on the London Metal Exchange, touching an all-time peak of $14,617 a ton",Business Standard,UK,Market Report,2026-09-13T20:28:09.268283Z
7ef20f9c2f779cbc0d1dec524ad27072,China’s state-backed iron ore buyer directs mills to pause Rio Tinto purchases,https://cryptobriefing.com/china-cmrg-pauses-rio-tinto-iron-ore-purchases/,Editorial Team,2026-09-08T02:35:27Z,iron ore,"China's centralized iron ore purchasing strategy could reshape global trade dynamics, challenging traditional pricing models and market power.
The post China’s state-backed iron ore buyer directs mills to pause Rio Tinto purchases appeared first on Crypto Bri…",Crypto Briefing,China,Market Report,2026-09-13T20:28:09.268303Z
6f98200dcda3e14d977129c2fb72b6fc,Nigeria imports N1tn steel despite N7.2bn Ajaokuta spend,https://punchng.com/nigeria-imports-n1tn-steel-despite-n7-2bn-ajaokuta-spend/,Punch Newspapers,2026-09-08T00:39:30Z,iron ore,"The Federal Government spent about N7.21bn running Ajaokuta Steel Company Limited between 2020 and 2025, even as the nearly 50-year-old complex in Kogi State remained largely dormant. The expenditure spanned 501 transactions and covered taxes and other statut…",The Punch,Unknown,News,2026-09-13T20:28:09.268355Z
b29ff180349d37c0abbb4717d3c6d24a,Gold price: What its story tells us about Trump and the future,https://www.smh.com.au/business/markets/what-the-price-of-gold-tells-us-about-trump-and-the-future-20260907-p60v4o.html,Peter Hartcher,2026-09-07T19:49:52Z,iron ore,Gold has risen sharply due to the “Trump risk premium” and the Ukraine war.,The Sydney Morning Herald,Ukraine,News,2026-09-13T20:28:09.268377Z
ec7094e9aa04f4fd0dc1319b64279a84,"Iron Ore Bottom In? Prices Reclaim $100 On ""Improving Downstream Conditions""",https://biztoc.com/x/23bf263c3051794f,zerohedge.com,2026-09-07T19:30:47Z,iron ore,"Iron Ore Bottom In? Prices Reclaim $100 On ""Improving Downstream Conditions"" 
 
Iron ore futures in Singapore surged above $100 a ton, the highest level since mid-July, as tightening Chinese coking coal supplies lifted steelmaking costs and early signs of imp…",Biztoc.com,China,Market Report,2026-09-13T20:28:09.268393Z
5e59db417a44915000a718be5d169756,"Volume gains, diversification into coal and minerals to drive NMDC growth",https://www.business-standard.com/markets/news/volume-gains-diversification-into-coal-and-minerals-to-drive-nmdc-growth-126090701378_1.html,Devangshu Datta,2026-09-07T15:37:45Z,iron ore,"NMDC targets 60 MT of iron ore production in FY27 and plans to start commercial thermal coal output as it diversifies into coal, critical minerals and rare earth elements",Business Standard,Unknown,News,2026-09-13T20:28:09.268431Z
ecad0dd306456ccdbc383aabd2784b8d,Jefferies-linked fund seeks Singapore injunction against Radiant World,https://www.straitstimes.com/business/jefferies-linked-fund-seeks-singapore-injunction-against-radiant-world,The Straits Times,2026-09-07T13:49:31Z,iron ore,The filing adds to mounting challenges facing the iron ore trader. Read more at straitstimes.com.,The Straits Times,Singapore,News,2026-09-13T20:28:09.268454Z
41bd3d25fb626a90778c2e159e8ffb4d,FO Explainers: The Donroe Doctrine — The Future of the Western Hemisphere?,https://www.fairobserver.com/world-news/fo-explainers-the-donroe-doctrine-the-future-of-the-western-hemisphere/,Atul Singh,2026-09-07T13:12:03Z,iron ore,"Editor-in-Chief Atul Singh discusses how the Trump administration’s emerging “Donroe Doctrine” seeks to redefine American strategy in the Western Hemisphere. Drawing on the 2025 US National Security Strategy, he traces the historical evolution of the Monroe D…",Fair Observer,USA,News,2026-09-13T20:28:09.268488Z
203307fcd3a8e516c6ef1f151fbb8195,"China Expands Patrols of Taiwan’s Pacific Coast, Raising Maritime Tensions",https://gcaptain.com/china-expands-patrols-of-taiwans-pacific-coast-raising-maritime-tensions/,Bloomberg,2026-09-07T09:44:26Z,iron ore,"For decades, China’s maritime pressure on Taiwan centered on the major shipping strait separating the two neighbors. Now, Beijing is piling unprecedented pressure on its Pacific coast — a vital lifeline with US allies.",gcaptain.com,China,News,2026-09-13T20:28:09.268554Z
e09d2e0dae6ccea20d83caa0b7280de8,"3 Tata group cos, 4 Railway stocks, 2 shipping sector, 3 Pharma majors, Adani Enterprises, NMDC, SJVN, Nava, Stanley Lifestyle will remain in focus on Monday, Sept 7",https://www.thehindubusinessline.com/markets/3-tata-group-cos-4-railway-stocks-2-shipping-sector-3-pharma-majors-adani-enterprises-nmdc-sjvn-nava-stanley-lifestyle-will-remain-in-focus-on-monday-sept-7/article71437270.ece,KS Badri Narayanan,2026-09-07T02:00:37Z,iron ore,"Key developments across multiple sectors, including Tata’s ambitious AI data centre investment and significant corporate maneuvers in pharmaceuticals and shipping, are set to shape market dynamics ahead of a busy trading week.",BusinessLine,Unknown,Market Report,2026-09-13T20:28:09.268605Z
eddf99fe17b3ee8a860746087d81d655,China Mounts Fresh Campaign To Encircle Taiwan With Patrols,https://gcaptain.com/china-mounts-fresh-campaign-to-encircle-taiwan-with-patrols/,Bloomberg,2026-09-06T23:58:03Z,iron ore,"By Andreo Calonzo Sep 6, 2026 (Bloomberg) –For decades, China’s maritime pressure on Taiwan centered on the major shipping strait separating the two neighbors. Now, Beijing is piling unprecedented pressure on...",gcaptain.com,China,News,2026-09-13T20:28:09.268625Z
7f7a20f0b27b7aeb8b175d6136cdefc4,"Optimism swirls around massive critical metal deposit near Tisdale, Sask., but locals still have questions",https://www.cbc.ca/news/canada/saskatchewan/tisdale-alumina-mine-canadian-energy-metals-plans-9.7328289,Lisa Risom,2026-09-06T11:00:00Z,iron ore,"Canadian Energy Metals plans to construct a demonstration plant in Tisdale to refine alumina, the critical metal used to create aluminum. The plant could be up and running by 2029 or 2030. The company's CEO says it will eventually look to purchase land in the…",CBC News,Unknown,News,2026-09-13T20:28:09.268678Z
299c04821bc103df371171c43caacb13,NMDC to start commercial coal production next quarter; eyes 1 MT dry fuel sale in FY27: Chairman,https://economictimes.indiatimes.com/industry/indl-goods/svs/metals-mining/nmdc-to-start-commercial-coal-production-next-quarter-eyes-1-mt-dry-fuel-sale-in-fy27-chairman/articleshow/133827434.cms,PTI,2026-09-06T06:25:20Z,iron ore,"State-owned NMDC plans to begin commercial thermal coal production at its Tokisud North mine in Jharkhand during the October-December quarter and sell up to 1 MT in FY27. The iron ore major also plans to develop a coking coal mine, aiming to derive 20% of rev…",The Times of India,Unknown,News,2026-09-13T20:28:09.268729Z
a6a1a68cef08fc3aa0bc820546fc20dc,"NMDC to start commercial coal production by Q3, eyes 1 MT sales in FY27",https://www.business-standard.com/companies/news/nmdc-to-start-commercial-coal-production-by-q3-eyes-1-mt-sales-in-fy27-126090600145_1.html,Press Trust of India,2026-09-06T06:11:57Z,iron ore,"State-owned NMDC will start the commercial production of thermal coal by October-December period and looks to sell around 1 MT of the dry fuel within FY27, said Amitava Mukherjee, Chairman of India's largest iron ore mining player.
Under the Ministry of Steel…",Business Standard,India,News,2026-09-13T20:28:09.268757Z
1e6785fe5c595fefec9d32d6a76b658a,1962 Chevrolet Impala SS Golden Anniversary Edition Sport Coupe,https://bringatrailer.com/listing/1962-chevrolet-impala-ss-57/,bringatrailer,2026-09-12T20:27:25Z,steel production,"This 1962 Chevrolet Impala SS two-door Sport Coupe is a Golden Anniversary edition that was assembled at the Los Angeles production facility and optioned with air conditioning, power windows, and a 327ci V8 linked to a two-speed Powerglide automatic transmiss…",Bringatrailer.com,Unknown,News,2026-09-13T20:28:09.726546Z
81c2f65e05e61a02a21fbf906b962213,Breaking: Starship's Biggest Flight Yet Is Just Days Away! [23:31],https://freerepublic.com/focus/f-bloggers/4395275/posts,YouTube,2026-09-12T20:05:27Z,steel production,"SpaceX's Starship Flight 14 has a launch window, and a Starship is back at the launch pad with a surprising twist! We dive into plans for Starlink V3 deployment, Ship 42's catch-system tests, Super Heavy Booster 22's cryogenic testing, and major upgrades at S…",Freerepublic.com,Unknown,News,2026-09-13T20:28:09.726612Z
a86b50a19830ef23cae41c134fe84a1d,WWE SmackDown Review: Sami Zayn's Glorious Revolution,https://bleedingcool.com/tv/wwe-smackdown-review-sami-zayns-glorious-revolution/,El Presidente,2026-09-12T19:06:09Z,steel production,"Greetings, comrades! It is I, your El Presidente, reporting to you live from my luxury suite at Arena CDMX in Mexico City, where I have just witnessed what can only be described as a glorious workers' revolution on last night's episode of WWE SmackDown! And l…",Bleeding Cool News,Unknown,Analysis/Opinion,2026-09-13T20:28:09.726655Z
399979f4b5134ca71f9bf5780579ff5f,The Race to Solve Nuclear Energy’s Biggest Problem,https://oilprice.com/Alternative-Energy/Nuclear-Power/The-Race-to-Solve-Nuclear-Energys-Biggest-Problem.html,Felicity Bradstock,2026-09-12T19:00:00Z,steel production,Nuclear power is growing in popularity once again as governments worldwide look to diversify their energy mix and reduce reliance on fossil fuels. Several countries are now looking to develop or expand their nuclear energy capacity over the coming decades. Ho…,OilPrice.com,Global,News,2026-09-13T20:28:09.726708Z
f1ed3e6b1f82fa0d24e4fa1d9bc717c8,1965 Porsche 356C Cabriolet,https://bringatrailer.com/listing/1965-porsche-356c-76/,bringatrailer,2026-09-12T17:30:06Z,steel production,"This 1965 Porsche 356C cabriolet was acquired by the seller's mother-in-law in 2020, and its replacement 1600SC flat-four was overhauled with replacement pistons, cylinders, and valves in 2022. The car is finished in Champagne Yellow over black leatherette, a…",Bringatrailer.com,Unknown,News,2026-09-13T20:28:09.726755Z
c93f86521fe8d8f98a23e9add307333a,"Sheep wool was mixed into clay soil along with alginate, a polymer taken from the cell walls of brown seaweed, and the blocks were left to air-dry rather than fired. Adding wool fibre increased compressive strength by 37 percent, and combining wool with alginate roughly doubled the soil’s compressive resistance.",https://spacedaily.com/m-sheep-wool-was-mixed-into-clay-soil-along-with-alginate-a-polymer-taken-from-the-cell-walls-of-brown-seaweed-and-the-blocks-were-left-to-air-dry-rather-than-fired-adding-wool-fibre/,Life Signs,2026-09-12T17:00:19Z,steel production,"Scientists discovered that mixing sheep's wool and seaweed polymer into clay could double the material's strength without any kiln firing—potentially transforming how we build with earth.
The post Sheep wool was mixed into clay soil along with alginate, a pol…",Space Daily,Unknown,News,2026-09-13T20:28:09.726834Z
5f75e4f162a4268a97e844ecbfad394c,Three Steelers with the most to lose against the Falcons,https://www.behindthesteelcurtain.com/pittsburgh-steelers-analysis/174541/three-steelers-with-the-most-to-lose-against-the-falcons-roman-wilson-payton-wilson,Mike Nicastro,2026-09-12T16:50:56Z,steel production,Which Steelers have the most to prove in Week 1?,Behind the Steel Curtain,Unknown,News,2026-09-13T20:28:09.726862Z
ba9f11d2d72c29f07b3b4a344abf891d,Meta’s Muse Agent Almost Cost Me $414,https://www.theinformation.com/articles/metas-muse-agent-almost-cost-414,Abram Brown,2026-09-12T15:01:08Z,steel production,,The Information,Unknown,News,2026-09-13T20:28:09.726888Z
3d6c8888d180c4caabdd920cca2f0449,"BRICS leaders oppose 'punitive, discriminatory' carbon border taxes",https://economictimes.indiatimes.com/news/economy/foreign-trade/brics-leaders-oppose-punitive-discriminatory-carbon-border-taxes/articleshow/134137171.cms,PTI,2026-09-12T14:21:50Z,steel production,BRICS leaders opposed unilateral measures like carbon border adjustments. They agreed to expand cooperation on intellectual property rights and AI applications. Leaders also emphasized resilient and inclusive global value chains for trade. They will explore p…,The Times of India,Global,News,2026-09-13T20:28:09.726946Z
9dba1df8d8852a08a4ec6bff75774cac,1968 Cadillac Fleetwood 75 at No Reserve,https://bringatrailer.com/listing/1968-cadillac-fleetwood-75/,bringatrailer,2026-09-12T14:10:08Z,steel production,"This 1968 Cadillac Fleetwood 75 sedan rides on an air suspension system and is powered by a 472ci V8 mated to a three-speed automatic transmission. The car was refinished in black prior to the seller's 2019 acquisition, and it has 15"" steel wheels, power stee…",Bringatrailer.com,Unknown,News,2026-09-13T20:28:09.727008Z
092b252e6473f3752d16cc8838fce8b3,"The Original Chevy Suburban Cost $675, Here's What It's Worth Today",https://www.jalopnik.com/2253855/original-chevy-suburban-cost-675-worth-today/,staff@jalopnik.com (Charles Krome),2026-09-12T14:05:00Z,steel production,"Launched in 1935 as a utility wagon, early prime Chevy Suburban builds can command six-figure prices today. Explore how much vintage models are worth.",Jalopnik,Unknown,Market Report,2026-09-13T20:28:09.727041Z
f121d390bed514134aa9966d0f762f21,"Watches, Stories, & Gear: A Foldable iPhone, Nathan Fielder’s Latest Project, and a Football-Inspired Watch",https://wornandwound.com/watches-stories-gear-a-foldable-iphone-nathan-fielders-latest-project-and-a-football-inspired-watch/,Brett Braley-Palko,2026-09-12T14:00:07Z,steel production,"“Watches, Stories, and Gear” is a roundup of our favorite content, watch or otherwise, from around the internet. Here, we support other creators, explore interesting content that inspires us, and put a spotlight on causes we believe in. Oh, and any gear we ha…",Wornandwound.com,Unknown,News,2026-09-13T20:28:09.727099Z
bccc60138556b268a05bdd5eaea387a2,5 Terrible Superhero Movies That Once Seemed Cool (& Two Starred Actors Destined For Greatness),http://comicbook.com/movies/list/5-terrible-superhero-movies-that-once-seemed-cool-two-starred-actors-destined-for-greatness/,Niall Gray,2026-09-12T12:58:00Z,steel production,"The superhero movie genre has become one of the most consistently profitable and successful in modern cinema, but that hasn’t always been the case for its films. Many of the best superhero movies have come in more recent years, with the genre having evolved c…",ComicBook.com,Unknown,News,2026-09-13T20:28:09.727152Z
2ec831c9f69fb99bbe72abee98ad34a6,FO Exclusive: Global Economy Teetering on Brink of Major Crisis,https://www.fairobserver.com/economics/fo-exclusive-global-economy-teetering-on-brink-of-major-crisis/,Glenn Carle,2026-09-12T12:23:41Z,steel production,"Editor-in-Chief Atul Singh and FOI Senior Partner Glenn Carle, a retired CIA officer who now advises companies, governments and organizations on geopolitical risk, examine the fiscal, monetary and financial pressures threatening the global economy. The United…",Fair Observer,Global,News,2026-09-13T20:28:09.727207Z
d2df268522ec29fabcf1513821d7a9bd,Jensen Interceptor GTX is Britain's emphatic reply to the Ford Mustang,https://newatlas.com/automotive/jensen-interceptor-gtx/,Utkarsh Sood,2026-09-12T12:03:00Z,steel production,"For years, the US has had the Mustang. Britain, meanwhile, has had rather more trouble keeping its great sports-car names alive. It took time, but Britain has finally looked across the Atlantic, seen what Ford has done with the Mustang, and apparently decided…",New Atlas,UK,News,2026-09-13T20:28:09.727258Z
d6af760a3088b6afaad1127db69d5b6f,‘Dau’ Review: Ilya Khrzhanovsky’s Vast Cinematic Experiment in Historical World-Building Remains More Impressive From a Distance,https://variety.com/2026/film/reviews/dau-review-1236857375/,Guy Lodge,2026-09-12T10:49:39Z,steel production,"More than six years after Ilya Khrzhanovsky premiered “DAU. Natasha” and “DAU. Degeneration” at the Berlin Film Festival — right before the global COVID lockdown — to a politely muted reception and limited distributor interest, you might think the moment has …",Variety,Global,Analysis/Opinion,2026-09-13T20:28:09.727326Z
d2df4e60258dd431bbbce94f218f0eb2,Donald Trump optimistic about resolving trade war with Canada,https://cryptobriefing.com/trump-optimistic-canada-trade-deal/,Editorial Team,2026-09-12T10:44:19Z,steel production,"The escalating trade tensions could disrupt key industries, affecting economic stability and complicating future US-Canada trade relations.
The post Donald Trump optimistic about resolving trade war with Canada appeared first on Crypto Briefing.",Crypto Briefing,Unknown,News,2026-09-13T20:28:09.727371Z
d09c1d679570b8eb1069d4328c7ba0eb,"Russia strikes cargo vessels, steel plants across Ukraine",https://www.aljazeera.com/news/2026/9/12/russia-strikes-cargo-vessels-steel-plants-across-ukraine,Al Jazeera Staff,2026-09-12T08:38:48Z,steel production,Russia's Defence Ministry says its forces have struck several industrial facilities across Ukraine,Al Jazeera English,Russia,News,2026-09-13T20:28:09.727390Z
056e911edbd24e214c440cb70ebf86a1,PHAM NHAT VUONG AND PHAM THU HUONG TRANSITION LEADERSHIP ROLES AT VINFAST AND GSM,https://www.prnewswire.com/news-releases/pham-nhat-vuong-and-pham-thu-huong-transition-leadership-roles-at-vinfast-and-gsm-302876823.html,,2026-09-12T06:21:00Z,steel production,"HANOI, Vietnam, Sept. 12, 2026 /PRNewswire/ -- VinFast and GSM today officially announced new leadership appointments, succeeding Mr. Pham Nhat Vuong and Ms. Pham Thu Huong in senior global leadership roles. Accordingly, Mr. Pham Nhat Quan Anh, currently Chai…",PRNewswire,Global,News,2026-09-13T20:28:09.727442Z
f3a9850a2ab388917f9ed8078e284ba0,Which musician killed a bunch of California condors?,https://www.lifesciencesworld.com/which-musician-killed-a-bunch-of-california-condors/,Ava Reynolds,2026-09-12T04:47:34Z,steel production,"Which Musician Killed a Bunch of California Condors? The Alarming Truth While it might sound like a bizarre headline, the answer to “Which musician killed a bunch of California condors?” is nobody directly. However, rock music played a crucial and devastating…",Lifesciencesworld.com,Unknown,News,2026-09-13T20:28:09.727492Z
396cb6d4dda4e820bda5d894ddd36713,1975 BMW 2002 Turbo 5-Speed,https://bringatrailer.com/listing/1975-bmw-2002-turbo-7/,bringatrailer,2026-09-12T00:10:16Z,steel production,"This 1975 BMW 2002 Turbo is one of 1,672 examples built during a two-year production period and was reportedly delivered new to Italy. It was raced by its original owner, who kept the car until approximately 2015, and it was imported to the US from the Nether…",Bringatrailer.com,Unknown,Market Report,2026-09-13T20:28:09.727534Z
4fc60f07a73a16efbbc388db3cb8393a,"The 1-2-3 4-Cam Collection, from Garage44",https://bringatrailer.com/2026/09/11/the-1-2-3-4-cam-collection-from-garage44/,bringatrailer,2026-09-12T00:00:37Z,steel production,"After just a couple years of racing, Enrst Fuhrmann’s legendary four-cam boxer engine was deemed ready for production use, and by 1955 it was made available in the 356A Carrera, named after the grueling and deadly Carrera Panamericana road race. This incredib…",Bringatrailer.com,USA,News,2026-09-13T20:28:09.727563Z
6511dc2e68eb710cea6941df617f3360,"BRICS 2026: PM Modi sits down with Putin, talks $100 bn trade by 2030; Plan to deepen defence, energy, nuclear ties",https://economictimes.indiatimes.com/news/economy/foreign-trade/brics-2026-pm-modi-sits-down-with-putin-talks-100-bn-trade-by-2030-plan-to-deepen-defence-energy-nuclear-ties/articleshow/134086738.cms,Dipanjan Roy Chaudhury,2026-09-12T00:00:00Z,steel production,India and Russia agreed to expand industrial collaboration across manufacturing and critical minerals. They aim to reach a $100 billion bilateral trade target by the year 2030. Defence and energy cooperation progress was also reviewed by the two leaders. Disc…,The Times of India,India,Analysis/Opinion,2026-09-13T20:28:09.727583Z
4778e51f4986001e4bc6195abae34f3c,"This Week’s Weird and Wonderful—September 11, 2026",https://bringatrailer.com/2026/09/11/this-weeks-weird-and-wonderful-september-11-2026/,bringatrailer,2026-09-11T23:55:53Z,steel production,"Welcome to the Weekly Weird and Wonderful, a dose of Bring a Trailer insanity so intense and so concentrated that it can only be taken every seven days. Today we have a whole bunch of race cars, two blue-chip recreations, a fashion bike, and a Brazilian Chevy…",Bringatrailer.com,Brazil,Market Report,2026-09-13T20:28:09.727607Z
bd56b8ed15ee1f7ff073a6f2cca6575b,1952 MG TD 5-Speed at No Reserve,https://bringatrailer.com/listing/1952-mg-td-211/,bringatrailer,2026-09-11T21:55:11Z,steel production,"This 1952 MG TD was sold through Royston Motors of Philadelphia to its original owner, who kept it for 28 years before it spent the next 46 years with its most recent registered owner. Under their ownership, the car was modified with a five-speed manual trans…",Bringatrailer.com,Unknown,News,2026-09-13T20:28:09.727653Z
8a5e5a457ed2c1e21159df16059ba441,1977 Ford LTD 400 at No Reserve,https://bringatrailer.com/listing/1977-ford-ltd-7/,bringatrailer,2026-09-11T21:45:31Z,steel production,"This 1977 Ford LTD was purchased new by the current owner's grandfather and has remained with the family for 49 years. Powered by a 400ci V8 linked to a three-speed automatic transmission, the car is finished in black over red upholstery. Equipment includes 1…",Bringatrailer.com,Unknown,News,2026-09-13T20:28:09.727699Z
706211b9a1a52cdfea3912d05c5abc52,1948 Buick Roadmaster Sedan at No Reserve,https://bringatrailer.com/listing/1948-buick-roadmaster-5/,bringatrailer,2026-09-11T21:15:14Z,steel production,"This 1948 Buick Roadmaster four-door sedan was purchased by the seller on BaT in May 2026 as a non-running project, and it was brought back to life under current ownership. Work included rebuilding the carburetor, starter, and generator as well as cleaning th…",Bringatrailer.com,Unknown,News,2026-09-13T20:28:09.727747Z
ce46aae71e7c72adf72787ee7f8a292b,Victor Davis Hanson: Canadians Feel Real Pain in Stage Four of Trade War,https://www.dailysignal.com/2026/09/11/hanson-canadians-pain-trade-war/,Al Perrotta,2026-09-11T21:00:00Z,steel production,"Editor’s note: This is a lightly edited transcript of today’s video from Daily Signal senior contributor Victor Davis Hanson. Subscribe to our YouTube channel to see more of his videos. Hello, this is Victor Davis Hanson for the Daily Signal.  I’d like to off…",Daily Signal,Unknown,Market Report,2026-09-13T20:28:09.727794Z
0820ff568613f62ee2d2765b16107a3c,"Starship stands roughly as tall as a 40-storey building and carries more than 5,000 tonnes of liquid methane and oxygen. Methane was chosen partly because both propellants could theoretically be manufactured on Mars from atmospheric carbon dioxide and water ice—meaning its engines are designed to burn a return ticket whose ingredients may already be waiting there.",https://spacedaily.com/t-starship-mars-methane-oxygen-return-ticket/,Mission Notes,2026-09-11T20:30:00Z,steel production,"Starship’s methane engines fit a Mars return architecture, but turning thin air and buried ice into cryogenic propellant would require a large autonomous factory.
The post Starship stands roughly as tall as a 40-storey building and carries more than 5,000 ton…",Space Daily,Unknown,News,2026-09-13T20:28:09.727877Z
5bdeef633a32cbfd6d16b9288d789ef4,"Original-Owner, 8k-Mile 1996 Porsche 911 Turbo",https://bringatrailer.com/listing/1996-porsche-911-turbo-202-2-2/,bringatrailer,2026-09-11T20:00:09Z,steel production,"This 1996 Porsche 911 Turbo was specified in Arena Red Metallic over Flamenco Red full leather and was purchased new by the current owner at Beechmont Motors in Cincinnati, Ohio. The vehicle was optioned with supple leather seat upholstery, a CD player, alumi…",Bringatrailer.com,Unknown,News,2026-09-13T20:28:09.727925Z
b001b6cc8612936d9784b54dc918ffcd,"Remembrance, Resilience, and 911 Advances in Public Safety",https://bradenkelley.com/2026/09/911-25th-anniversary-remembrance-public-safety-advances/,Art Inteligencia,2026-09-11T19:50:48Z,steel production,"Twenty-Five Years Later by Art Inteligencia What Do We Owe the Lives Lost on September 11, 2001? On this twenty-fifth anniversary of September 11, 2001, we begin where we must: with the people. Nearly three thousand lives were taken in New York, at the Pentag…",Bradenkelley.com,Unknown,News,2026-09-13T20:28:09.727975Z
26f912f6f6f34902c166b6726013c6be,428-Powered 1968 Ford F-250 Ranger Camper Special at No Reserve,https://bringatrailer.com/listing/1968-ford-f-250-59/,bringatrailer,2026-09-11T19:30:20Z,steel production,"This 1968 Ford F-250 Ranger Camper Special pickup was delivered to the Seattle district and is said to have remained in Washington for its entire life. It was purchased by the selling dealer in the state, and subsequent work included an overhaul of the cabin …",Bringatrailer.com,Unknown,News,2026-09-13T20:28:09.728034Z
b8e4ac5fe8adf430c6a3a3a0cebf5bec,"Toyota Built a $2,500 Race Kart That Fits Inside a Minivan",https://hiconsumption.com/motors/toyota-gr-kart/,Ryan Calder,2026-09-11T19:24:27Z,steel production,"The pedals slide and the wheel tilts, so the whole family shares one kart.",Hiconsumption.com,Unknown,News,2026-09-13T20:28:09.728063Z
3e39f4912f61b66a12d4e931fbf10a42,The Outlook - Week 1 (Page 3),https://www.thehuddle.com/story/sports/fantasy/football/inseason-advice/2026/09/11/the-outlook-week-1-matchups-page-3/91704341007/,"Kevin Tompkins, The Huddle",2026-09-11T19:04:07Z,steel production,The Outlook is The Huddle's new matchups column. Kevin Tompkins will break down every fantasy-relevant player from each team every week.,Thehuddle.com,Unknown,Analysis/Opinion,2026-09-13T20:28:09.728093Z
088d92e85e704757bdcfb6551c7fec70,1966 Chevrolet Chevy II Nova SS 4-Speed,https://bringatrailer.com/listing/1966-chevrolet-chevy-ii-nova-ss-27/,bringatrailer,2026-09-11T18:45:19Z,steel production,"The selling dealer tells us that this 1966 Chevrolet Chevy II Nova SS two-door sport coupe was refurbished in 2015 with an aftermarket replacement unibody from Real Deal Steel, though the factory doors, hood, deck lid, and front fenders were retained. The car…",Bringatrailer.com,Unknown,Market Report,2026-09-13T20:28:09.728132Z
2310b384b4fe1c5f0b371227df604430,Stellantis Signs Memo with Roshel for Possible Sale of Idle Plant,https://www.livemint.com/companies/stellantis-signs-memo-with-roshel-for-possible-sale-of-idle-plant-11789152111752.html,list.metadata.agency,2026-09-11T18:41:51Z,steel production,Stellantis NV has signed a memorandum with a Canadian armored vehicle manufacturer that outlines steps toward the sale of an idled car factory near Toronto — a move that represents yet another ripple effect of US tariffs on the Canadian auto sector.,Livemint,Unknown,News,2026-09-13T20:28:09.728182Z
4e54adc282e6018f763ef0a5800c32e4,"Bill Kerby Dead: ‘The Rose,’ ‘Last American Hero’ Screenwriter Was 88",http://www.hollywoodreporter.com/movies/movie-news/bill-kerby-dead-the-rose-last-american-hero-hooper-1236697827/,Mike Barnes,2026-09-11T18:33:15Z,steel production,He also “un-weirded” Terrence Malick’s script for ‘The Gravy Train’ and received an Emmy nomination for ‘Hatfields & McCoys.’,Hollywood Reporter,USA,News,2026-09-13T20:28:09.728207Z
1c6dc663774268d7167a8480a6acd602,427-Powered 1968 Chevrolet Chevelle SS 396 Sport Coupe,https://bringatrailer.com/listing/1968-chevrolet-chevelle-ss-396-91/,bringatrailer,2026-09-11T18:30:10Z,steel production,This 1968 Chevrolet Chevelle SS 396 sport coupe was repainted black under prior ownership and was acquired by the current owner in 2025. Power is provided by a 427ci V8 paired with a four-speed automatic transmission and a limited-slip differential. The engin…,Bringatrailer.com,Unknown,News,2026-09-13T20:28:09.728253Z
bf3664dfed21c7bdf92093e9c64f1954,1960 Pontiac Catalina Convertible,https://bringatrailer.com/listing/1960-pontiac-catalina-28/,bringatrailer,2026-09-11T18:00:37Z,steel production,"This 1960 Pontiac Catalina convertible was specified in Coronado Red over Maroon Morrokide upholstery, and refurbishment work between 2018 and 2020 involved rebuilding the 389ci V8 and refinishing the interior and exterior. The four-speed automatic transmissi…",Bringatrailer.com,Unknown,News,2026-09-13T20:28:09.728300Z
65f01674eda8193932754c7557dad5a7,1969 Plymouth Road Runner Convertible at No Reserve,https://bringatrailer.com/listing/1969-plymouth-road-runner-171/,bringatrailer,2026-09-11T17:25:12Z,steel production,"This 1969 Plymouth Road Runner convertible was purchased new from Haggarty Motors of Great Falls, Montana, and it is said to have recently undergone a rotisserie refurbishment that was completed in 2024. Finished in Sunfire Yellow over tan vinyl, the car is p…",Bringatrailer.com,Unknown,News,2026-09-13T20:28:09.728349Z
4f4344ab437204d06d72f421a1f11524,1969 Autodynamics Deserter GT Dune Buggy 2.7L,https://bringatrailer.com/listing/1969-autodynamics-deserter-gt/,bringatrailer,2026-09-11T17:20:19Z,steel production,"This 1969 Autodynamics Deserter dune buggy was built by Dearborn Automobile Company in partnership with Autodynamics in Marblehead, Massachusetts. Power is provided by a Chevrolet 2.7-liter flat-six linked to a four-speed manual transaxle, and the engine feat…",Bringatrailer.com,Unknown,News,2026-09-13T20:28:09.728396Z
ab88dbb7d2aa4786763c4ec8e3b33208,1952 Jaguar XK120 Roadster,https://bringatrailer.com/listing/1952-jaguar-xk120-20/,bringatrailer,2026-09-11T17:15:11Z,steel production,"This 1952 Jaguar XK120 roadster was completed on April 17, 1952, and distributed in the US via Max Hoffman of New York City. The car was repainted red during a refurbishment in the late 1990s, and it is powered by a 3.4-liter inline-six paired with a four-spe…",Bringatrailer.com,Unknown,News,2026-09-13T20:28:09.728443Z
bd5301e5fb527420e5a8230cadd42653,4 Movie Franchises That Tried to Do Something New and Immediately Regretted It,http://comicbook.com/movies/list/4-movie-franchises-that-tried-to-do-something-new-and-immediately-regretted-it/,Kofi Outlaw,2026-09-11T16:41:43Z,steel production,"Warner Bros. Pictures

Keeping a movie franchise fresh and relevant is hard. As time goes on and audiences experience more and more films featuring the same character(s) and lore, it gets tougher to keep the cinematic experience fresh and interesting. When th…",ComicBook.com,Unknown,News,2026-09-13T20:28:09.728495Z
68f59227035672448205953e3e687a1a,"3D printing, AI and reused objects form a bathing prototype for year 2050",https://www.designboom.com/readers/3d-printing-ai-reused-objects-bathing-prototype-year-2050-sustainable-decadence-v2-0-ross-stevens/,Ross.s,2026-09-11T16:15:57Z,steel production,"reused industrial objects and digital fabrication form a new architectural system.
The post 3D printing, AI and reused objects form a bathing prototype for year 2050 appeared first on designboom | architecture & design magazine.",Designboom,Unknown,News,2026-09-13T20:28:09.728540Z
f907f8e3548bc1c7079f2db4da3fa34b,"India’s green hydrogen hubs could spread beyond the coast, says report",https://www.livemint.com/industry/energy/indias-green-hydrogen-hubs-could-spread-beyond-the-coast-says-report-11789132676748.html,Rituraj Baruah,2026-09-11T16:11:32Z,steel production,"WRI India has identified inland sites in Jharkhand, Rajasthan and Punjab where clean power, water, pipelines and industrial demand could support production.",Livemint,India,Market Report,2026-09-13T20:28:09.728561Z
adc0733f3c29064bbc9f8d566ac75a26,European Union Split Widens: EU Commission Defends Post-2030 Renewable Energy Targets,https://www.globalresearch.ca/eu-split-commission-defends-post-2030-renewables-target/5940128,Ahmed Adel,2026-09-11T15:57:45Z,steel production,"A conflict is taking shape in the European Union over the future of European energy, as the European Commission intends not only to maintain but raise renewable-energy targets after 2030, according to Euractiv. The Commission wants to pursue that course …
The…",Globalresearch.ca,Unknown,News,2026-09-13T20:28:09.728615Z
b302c3dcddefa361b76435bb71deba29,"Modi, Putin focus on trade, defence, energy ties ahead of BRICS Summit",https://www.thehindubusinessline.com/economy/modi-putin-focus-on-trade-defence-energy-ties-ahead-of-brics-summit/article71457294.ece,Amiti Sen,2026-09-11T15:45:26Z,steel production,"Critical minerals, fertilisers and civil nuclear cooperation on the table; Moscow pushes to finalise defence deals as India looks to narrow trade deficit",BusinessLine,India,News,2026-09-13T20:28:09.728635Z
d0b4c00b546569a29c8cfc0485e9f586,"Steelers-Falcons preview: What to expect from Atlanta’s offense, defense in Week 1",https://www.behindthesteelcurtain.com/pittsburgh-steelers-analysis/174393/steelers-falcons-preview-what-to-expect-from-atlanta-offense-defense-week-1-kevin-stefanski-tua-bijan-game-stats,Ryland Bickley,2026-09-11T14:14:37Z,steel production,The Steelers begin their season against an NFC South opponent. Who do you need to watch out for?,Behind the Steel Curtain,Unknown,Analysis/Opinion,2026-09-13T20:28:09.728665Z
d578ec4392abd490954f7281455448c6,27k-Mile 2001 Porsche 911 Carrera Cabriolet 6-Speed at No Reserve,https://bringatrailer.com/listing/2001-porsche-911-carrera-cabriolet-139-2/,bringatrailer,2026-09-11T14:10:22Z,steel production,"This 2001 Porsche 911 Carrera is an Arctic Silver-over-black cabriolet that has 27k miles and features 18"" Fuchs-style five-spoke wheels, a K&N air-intake system, aftermarket exhaust components, and factory aerodynamic side skirts. Power is from  a 3.4-liter …",Bringatrailer.com,Unknown,Market Report,2026-09-13T20:28:09.728708Z
455ff5cabe5660cb978f47b763f55bb9,T LOunge for September 11th 2026,https://tomandlorenzo.com/2026/09/t-lounge-for-september-11th-2026/,Lorenzo Marquez,2026-09-11T13:30:20Z,steel production,"Sea Club Restaurant at Cap Rocat – Mallorca, Spain Darlings, it’s FRIDAY. It’s also a sad anniversary, but since we’re all about denying reality and focusing on the frivolous around these parts, we’re gonna focus on the former. Take a seat and indulge in that…",tomandlorenzo.com,Unknown,News,2026-09-13T20:28:09.728759Z
ab91465ea5ac0838f9bc525fce603b62,‘Krux’ Director Tony Vahl Combines Practical Magic With Post-WWII Taboo: ‘A Belief Can Help You – or It Can Destroy You”,https://variety.com/2026/film/global/krux-tony-vahl-magic-second-world-war-taboo-1236854147/,Marta Balaga,2026-09-11T12:33:39Z,steel production,"The “Practical Magic 2” press tour might be taking over the world, but Tony Vahl’s impressive feature debut “Krux” also finds space for the supernatural.  Set in the final days of the WWII and premiering at TIFF and San Sebastián, it portrays a German village…",Variety,Germany,News,2026-09-13T20:28:09.728811Z
c5503449c35f9b188dd35568ebb50eae,Forgotten 90s Sports Car: The 1995 AC Brooklands Ace,https://silodrome.com/ac-brooklands-ace/,Ben Branch,2026-09-11T12:30:15Z,steel production,"This is a rare AC Brooklands Ace from 1995, it’s a car many haven’t seen before as just 58 of them were built, and...
The post Forgotten 90s Sports Car: The 1995 AC Brooklands Ace appeared first on Silodrome.",Silodrome.com,Unknown,News,2026-09-13T20:28:09.728853Z
301a1398dc90f247706f4c88805510c6,How soybeans took over the American diet – without anyone noticing,https://theconversation.com/how-soybeans-took-over-the-american-diet-without-anyone-noticing-290915,"Edward D. Melillo, William R. Kenan, Jr. Professor of History and Environmental Studies, Amherst College",2026-09-11T11:27:40Z,steel production,"A century ago, Americans barely ate soy. Now it’s everywhere in people’s diets, even in places they don’t look or expect.",The Conversation Africa,USA,News,2026-09-13T20:28:09.728876Z
31105a1fa7d76f9258e9a4f615accab6,"Sensex today | Stock Market Highlights: Sensex down 120 pts, Nifty closes at 23,398, logs 5th weekly loss as oil fears grip markets",https://www.thehindubusinessline.com/markets/sensex-nifty50-today-stock-market-highlights-11th-september-2026/article71453005.ece,"Team BL, KS Badri Narayanan",2026-09-11T11:20:12Z,steel production,"Sensex, Nifty, Stock Price Highlights: Benchmark indices Sensex and Nifty ended marginally lower on Friday after registering sharp losses during the day following a drop in crude oil prices and buying in blue-chip HDFC Bank and IT stocks.",BusinessLine,Unknown,Market Report,2026-09-13T20:28:09.728919Z
d150d4aed2b3365365d64c1ab02ac765,Thermalright TR-KG750 750W power supply review: HKC-built KG unit with a Thermalright badge for $91,https://www.tomshardware.com/pc-components/power-supplies/thermalright-tr-kg750-750w-power-supply-review,E. Fylladitakis,2026-09-11T11:05:00Z,steel production,"Thermalright's HKC-built KG series brings ATX 3.1, a native 12V-2x6 connector and a five-year warranty at a low price point, with the compromises visible inside.",Tom's Hardware UK,Unknown,Analysis/Opinion,2026-09-13T20:28:09.728980Z
dd9351531b00c9e41cbf3d926a7cb0d3,GrafTech and Antora to collaborate on carbon-based thermal batteries,https://www.energymonitor.ai/news/graftech-antora-collaborate/,Anwesha Pattanaik,2026-09-11T11:01:12Z,steel production,The partnership is set to boost local jobs and expand US energy storage manufacturing at the St. Marys facility.,Energymonitor.ai,Unknown,News,2026-09-13T20:28:09.729046Z
cef3a8f7cb514889ebb3bbbb70becb70,Melbourne firm Luyten has turned an ordinary tower crane into a concrete 3D printer that can build structures up to 100 metres tall.,https://theartfulage.com/ap-melbourne-firm-luyten-has-turned-an-ordinary-tower-crane-into-a-concrete-3d-printer-that-can-build-structures-up-to-100-metres-tall/,The Artful Age Editorial Team,2026-09-11T11:00:54Z,steel production,"Melbourne firm Luyten has unveiled Ascend, the world's first robotic tower crane 3D printer, rated to build concrete structures up to 100 metres tall — turning one of construction's most familiar machines into a manufacturing system.
The post Melbourne firm L…",Theartfulage.com,Unknown,News,2026-09-13T20:28:09.729103Z
92d65bf312f9c3d1a6b17fed1909733d,Production Space - Industrial Warehouse HDRP by u3d,https://assetstore.unity.com/packages/3d/environments/industrial/production-space-industrial-warehouse-hdrp-405648,,2026-09-11T10:49:10Z,steel production,"A spacious industrial warehouse interior for Unity HDRP, with detailed steel structure, concrete flooring, a complete lighting setup and a ready-to-explore demo scene.Unity: 6.3 LTS (6000.3.21f1), HDRP 17.3, Linear colour space.Geometry: 406 source mesh rende…",Unity.com,Unknown,News,2026-09-13T20:28:09.729152Z
723a632331e388bc14ae7add3c67f704,Mexico and US race to lock down bilateral trade deal before midterm elections,https://cryptobriefing.com/mexico-us-trade-deal-midterm-elections/,Editorial Team,2026-09-11T10:14:54Z,steel production,"The bilateral trade deal could reshape North American supply chains, impacting costs and investments, while sidelining Canada in regional trade.
The post Mexico and US race to lock down bilateral trade deal before midterm elections appeared first on Crypto Br…",Crypto Briefing,USA,News,2026-09-13T20:28:09.729182Z
8022e76fcea758fbb422e252b01575df,How Steelworkers Might Shape the Midterm Elections,https://newrepublic.com/article/215302/steelworkers-trump-shape-midterm-elections,Timothy Noah,2026-09-11T10:00:00Z,steel production,"The Republican-controlled House of Representatives passed earlier this month a resolution that “condemns and denounces socialism in all its forms, including the Democratic Socialists of America, and opposes the implementation of socialist policies in the Unit…",The New Republic,USA,News,2026-09-13T20:28:09.729212Z
c208f94b1896dfa3054adf6fe6a48185,The Top 5 Watches That Should Never Have Been Discontinued,https://www.fratellowatches.com/the-top-5-watches-that-should-never-have-been-discontinued/,Jorg Weppelink,2026-09-11T09:00:46Z,steel production,"Another Friday, another list! After the hustle and bustle of Geneva Watch Days last week, we are slowly getting back into the normal swing of things. This allowed us to think about a good Top 5 topic for this week that isn’t about the best releases we have se…",Fratellowatches.com,Unknown,News,2026-09-13T20:28:09.729260Z
e3991dd910a8abeeb3b2fd05b2b0c144,King Seiko VANAC HKF005 Brings Tokyo After Dark to Your Wrist,https://the-gadgeteer.com/2026/09/11/king-seiko-vanac-hkf005-tokyo-night-dial-8l45/,Rei Padla,2026-09-11T09:00:27Z,steel production,Buying a premium mechanical watch can create an awkward choice. Go conservative and you may end up with something that feels too familiar for the money. Go bold and the watch can become difficult to wear outside specific occasions. The new King Seiko VANAC HK…,The Gadgeteer,Japan,News,2026-09-13T20:28:09.729294Z
470725bab74a8e957861e33ba261af6d,The U.S.-Canada trade war is creating a headache for auto-parts makers,https://www.npr.org/2026/09/11/nx-s1-5961530/canada-trade-war-auto-parts-supply-chain,Willa Rubin,2026-09-11T09:00:00Z,steel production,"For decades, the U.S. and Canadian auto supply chains have been tightly woven together. The trade war is threatening to unravel a complex system.",NPR,Unknown,News,2026-09-13T20:28:09.729330Z
24179bf3de6ed222e09c654b84468e59,"BMW M3, M4 And M5 Go Nürburgring Green For The Ring’s 100th Birthday",https://www.bmwblog.com/2026/09/11/bmw-m-100-jahre-nurburgring-edition-m2-m3-m4-m5/,Horatiu Boeriu,2026-09-11T07:08:26Z,steel production,"BMW is marking the Nürburgring’s 100th anniversary by painting six M cars and three M motorcycles in a shade it calls historic Nürburgring Green, developed only for this edition. The motorcycles are limited to 100...
First published by https://www.bmwblog.com",BMWBLOG,Unknown,News,2026-09-13T20:28:09.729383Z
57a8c1ad968f028fbc1f4f1234529179,"Mercedes Built A 637-hp V8 Rival To The M4 CSL, But Only 30 Exist",https://www.bmwblog.com/2026/09/11/mercedes-built-a-637-hp-v8-rival-to-the-m4-csl-but-only-30-exist/,Horatiu Boeriu,2026-09-11T06:43:04Z,steel production,"Mercedes-AMG has pulled the all-wheel drive and the rear seats out of a CLE 53, replaced its inline-six with a 637-hp twin-turbo V8, and will build 30 of the result. The CLE 646 Spezialanfertigung (roughly,...
First published by https://www.bmwblog.com",BMWBLOG,Unknown,News,2026-09-13T20:28:09.729424Z
9c90bc270dfdebcfc0a7c95962fc9b7c,Markserv Engineers,https://knowyourmeme.com/memes/markserv-engineers,Markserveng,2026-09-11T06:15:07Z,steel production,Industrial Equipment Suppliers In Hyderabad for Reliable Engineering Solutions Industrial Equipment Suppliers In Hyderabad play a vital role in supporting,Knowyourmeme.com,Unknown,News,2026-09-13T20:28:09.729456Z
7d34ab28b6baa6bb7512369e0e50c789,"Vedanta, Vedanta Aluminium, NALCO, other metal stocks fall up to 5% on Friday. Here’s why",https://economictimes.indiatimes.com/markets/stocks/news/vedanta-vedanta-aluminium-nalco-other-metal-stocks-fall-up-to-5-on-friday-heres-why/articleshow/134045470.cms,Veer Sharma,2026-09-11T04:32:41Z,steel production,"Metal stocks fell as soaring oil prices, rising US bond yields and a stronger dollar weighed on sentiment. Vedanta, Vedanta Aluminium, Hindustan Copper, Tata Steel and JSW Steel declined 3–5%. The US 10-year Treasury yield rose above 4.9%, its highest since 2…",The Times of India,Unknown,Market Report,2026-09-13T20:28:09.729506Z
88106eb7a9724ea95abd2496a5ae5687,Modi and Xi are set to meet at BRICS with trade and border issues in spotlight,https://www.cnbc.com/2026/09/11/china-india-modi-xi-brics-meeting-agenda.html,Lim Hui Jie,2026-09-11T04:29:20Z,steel production,A meeting with Prime Minister Narendra Modi would be the clearest test yet of the tentative post-2020 reset between Asia’s two largest economies.,CNBC,Unknown,News,2026-09-13T20:28:09.729547Z
ac66dc9a2cd165097da252ce8db2204b,Why products get worse,https://www.worseonpurpose.com/p/on-quality,Keyana Sapp,2026-09-11T03:37:56Z,steel production,"Where quality lives, and how companies drain it from your products without a metric moving.",Worseonpurpose.com,Unknown,News,2026-09-13T20:28:09.729574Z
b58b2ce6eed41db6e6ab6309e8bdcdf7,"Mercedes-AMG CLE 646 Spezialanfertigung – 646 PS 4.0L biturbo V8; chassis, handling upgrades; just 30 units",https://paultan.org/2026/09/11/mercedes%e2%80%91amg-cle-646-spezialanfertigung-debuts/,Gerard Lye,2026-09-11T03:31:54Z,steel production,"Mercedes-Benz has revealed the second model in its Mythos series of ultra-exclusive, limited-production cars following the 250-unit Mercedes-AMG PureSpeed that made its debut in December 2024. What you’re looking at here is the Mercedes‑AMG CLE 646 Spezialanf…",Paul Tan's Automotive News,Unknown,News,2026-09-13T20:28:09.729628Z
bd81c160c6cdb41172e0d4d240ebb13d,"On 9/11, as America was under attack, the order came: Get every goddamn plane out of the sky. Thirty-eight landed at an obscure airport in Newfoundland. What followed was humanity at its best...",https://www.dailymail.com/news/article-16121795/America-attack-plane-obscure-airport-Newfoundland-humanity.html,Tom Leonard,2026-09-11T00:01:02Z,steel production,"Nowadays, just five flights a day come into Gander. But on September 11 the planes didn't stop coming at the start of five days that would be a rare glimmer of light amid the Al Qaeda terror atrocities.",Dailymail.com,USA,News,2026-09-13T20:28:09.729656Z
2e674b916143b72e4f5929ec7ffa57a7,"G20 Coalition Against China, Trump–Xi Summit 2.0, CCP Plans Purges At Fifth Plenary Session",https://www.hudson.org/foreign-policy/g20-coalition-against-china-trump-xi-summit-20-ccp-plans-purges-fifth-plenary-miles-yu-colin-tessier-kay,"September 11, 2026",2026-09-11T00:00:00Z,steel production,"In this week’s episode of China Insider, Miles Yu covers updates from the recent Group of Twenty meeting and looks into the emerging clash between the new coalition of 19 against China’s overcapacity and strategic industrial policy. Next, he looks ahead to th…",Hudson.org,China,News,2026-09-13T20:28:09.729679Z
e3f4d3fd8882aae4c724f17d3a460f9c,An attention-guided dual-branch global–local deep learning framework for multiclass surface defect classification in steel billets,https://www.nature.com/articles/s41598-026-71035-x.pdf,"Zohoor Hayali, Gholamreza Akbarizadeh, Karim Ansari Asl, Alireza Hamadi Salemi",2026-09-11T00:00:00Z,steel production,Scientific Reports - An attention-guided dual-branch global–local deep learning framework for multiclass surface defect classification in steel billets,Nature.com,Global,Market Report,2026-09-13T20:28:09.729723Z
7d5c1d6fee68a1e52c133847c5db5b10,1974 Porsche 914 LE 2.0,https://bringatrailer.com/listing/1974-porsche-914-212/,bringatrailer,2026-09-10T21:58:39Z,steel production,"This 1974 Porsche 914 is one of approximately 1,000 Limited Edition examples produced for the model year to commemorate Porsche’s success in the Can-Am racing series. The car was the recipient of a 500-hour refurbishment between 2022 and 2023, with work inclu…",Bringatrailer.com,Unknown,News,2026-09-13T20:28:09.729826Z
8df1a708532fa8d41120791187bd7425,1996 Porsche 911 Turbo,https://bringatrailer.com/listing/1996-porsche-911-turbo-219/,bringatrailer,2026-09-10T21:45:12Z,steel production,This 1996 Porsche 911 Turbo is powered by a twin-turbocharged 3.6L flat-six that drives all four wheels through a six-speed manual transaxle with a limited-slip differential. It shows 75k miles after spending most of its life in California and was purchased b…,Bringatrailer.com,Unknown,News,2026-09-13T20:28:09.729871Z
ea915a5a533f422b3f47a1e9214f60e6,"TSMC Reportedly Accelerates 1.4nm Production to April 2027, Pulling its Most Advanced Chips a Full Year Ahead of Schedule",https://wccftech.com/tsmc-reportedly-accelerates-1-4nm-production-to-april-2027-pulling-its-most-advanced-chips-a-full-year-ahead-of-schedule/,Ramish Zafar,2026-09-10T21:12:42Z,steel production,"The Taiwan Semiconductor Manufacturing Company's (TSMC) next-generation 1.4-nanometer production could kick off in April, suggests a new report in the Taiwanese press. TSMC's 1.4-nanometer process technology, also called the 14A manufacturing node, will succe…",Wccftech,Unknown,Market Report,2026-09-13T20:28:09.729919Z
bf488c25c078958442a946442e8bde1b,U.S. Nuclear Waste: History of a Failed Endeavor,https://wattsupwiththat.com/2026/09/10/u-s-nuclear-waste-history-of-a-failed-endeavor/,Guest Blogger,2026-09-10T21:00:00Z,steel production,"The Trump Administration’s reform of energy policy has recently reached nuclear waste. A leaked White House document, reported Politico, prioritized the idea of greater state participation for localized, decentralized storage. One federal repository like Yucc…",Wattsupwiththat.com,Unknown,Market Report,2026-09-13T20:28:09.729964Z
90ffa84fe031b2f1c55400e283a1e2fe,Modified 1993 BMW 325i Convertible 5-Speed,https://bringatrailer.com/listing/1993-bmw-325i-e30-2/,bringatrailer,2026-09-10T20:50:27Z,steel production,"This 1993 BMW 325i convertible has remained registered in California since new, and is said to have been purchased by the owner of CAtuned before it underwent a glass-out repaint and build in 2020. Work included rebuilding the 2.5-liter inline-six with a Stag…",Bringatrailer.com,Unknown,News,2026-09-13T20:28:09.730037Z
26ad66913aec8c2b5b9ae0d81dd0409f,1964 Plymouth Barracuda V8,https://bringatrailer.com/listing/1964-plymouth-barracuda-19/,bringatrailer,2026-09-10T19:46:25Z,steel production,"This 1964 Plymouth Barracuda is powered by a 273ci V8 linked with a push-button three-speed TorqueFlite automatic transmission, and it is finished in white over tan vinyl upholstery. The selling dealer acquired the car in 2025 after it reportedly had been sto…",Bringatrailer.com,Unknown,Market Report,2026-09-13T20:28:09.730081Z
dc89de4ab044ca914902dfb548d84ce0,2027 Mercedes-Benz CLE 646 AMG Spezialanfertigung,https://www.netcarshow.com/mercedes-benz/2027-cle_646_amg_spezialanfertigung/,,2026-09-10T19:06:27Z,steel production,At the heart of the CLE 646 Spezialanfertigung is the extensively enhanced AMG M177 EVO 4.0-litre V8biturbo engine. Its output of 646 hp (475 kW)...,Netcarshow.com,Unknown,News,2026-09-13T20:28:09.730115Z
3feab5d6f1bd52a0afb7e484c9d475f1,Wild new Mercedes-AMG CLE 646 brings 637bhp V8,https://www.autocar.co.uk/car-news/new-cars/wild-new-mercedes-amg-cle-646-brings-637bhp-v8,Charlie Martin,2026-09-10T18:45:00Z,steel production,"Focused coupé gains chassis mods, goes rear-drive and sheds 170kg

Mercedes-AMG has transplanted a V8 into the CLE to create one of its most extreme cars yet in a return to its hot-rodding roots.

Called the CLE 646 Spezialanfertigung - special order - it ha…",Autocar,Unknown,News,2026-09-13T20:28:09.730161Z
27c2ca37556a21956eac266c92c9595d,Panerai Revives a Rare 1960s Prototype for Its Florence Boutique’s 100th Birthday,https://hiconsumption.com/watches/panerai-luminor-firenze-8-giorni/,Ryan Calder,2026-09-10T18:41:31Z,steel production,That grooved crown guard has never made it onto a production Panerai until now.,Hiconsumption.com,Unknown,News,2026-09-13T20:28:09.730196Z
c8ab64e1ff7ebb72565811b75aacb04f,35-Years-Owned 1971 Datsun 240Z 5-Speed,https://bringatrailer.com/listing/1971-datsun-240z-369/,bringatrailer,2026-09-10T18:20:15Z,steel production,"This orange-over-black 1971 Datsun 240Z was registered with two owners in California before it was acquired by the seller in 1991, and it was relocated to Wisconsin seven years later. The car is powered by a modified 2.8-liter inline-six linked with a retrofi…",Bringatrailer.com,Unknown,News,2026-09-13T20:28:09.730243Z
bb16f9181ce61b7c68ae10ab8a1a38b6,1965 Ford F-250 Custom Camper Special w/Mitchell & Sons Camper,https://bringatrailer.com/listing/1965-ford-f-250-36/,bringatrailer,2026-09-10T17:55:35Z,steel production,"This 1965 Ford F-250 Custom Camper Special is finished in two-tone Caribbean Turquoise and Wimbledon White and is equipped with a matching Mitchell & Sons slide-in camper. The camper has a stove, a sink, wooden cabinetry, a Hydro Flame propane heater, a Colem…",Bringatrailer.com,Unknown,News,2026-09-13T20:28:09.730294Z
b1f361f4eca3a0d86d86db8ddd3d8314,"Buck Productions, Red Hill Creative team on three-project development slate",https://www.c21media.net/news/buck-productions-red-hill-creative-team-on-three-project-development-slate/,jordanpinto871443,2026-09-10T17:43:50Z,steel production,"Canadian production companies Buck Productions and Red Hill Creative have partnered on a three-project development slate led by Cola Boy, an adaptation of the cult book trilogy by Scottish author and former journalist Ryan Battles.",C21media.net,Unknown,News,2026-09-13T20:28:09.730336Z
55ab862a08d20bff184debe76d852043,Tata Steel commissions coke oven gas injection project in Odisha,https://www.thehindubusinessline.com/news/national/tata-steel-commissions-coke-oven-gas-injection-project-in-odisha/article71453204.ece,PTI,2026-09-10T17:41:24Z,steel production,The technology enables productive use of a hydrogen- and hydrocarbon-rich by-product gas while improving blast furnace efficiency and operational flexibility,BusinessLine,Unknown,News,2026-09-13T20:28:09.730372Z
519dac82cf6beb66d595de6a57c0ca59,LSA-Powered 1963 Chevrolet Chevy II Nova SS Sport Coupe,https://bringatrailer.com/listing/1963-chevrolet-chevy-ii-nova-ss-17/,bringatrailer,2026-09-10T17:15:43Z,steel production,This 1963 Chevrolet Chevy II Nova SS Sport Coupe is a custom build completed in 2025 and powered by a Wegner-built supercharged 376ci LSA V8 that produced over 800 horsepower on a dynamometer and is mated to a 4L80E four-speed automatic transmission and a fab…,Bringatrailer.com,Unknown,News,2026-09-13T20:28:09.730418Z
186054841daca472be2465d288de4e64,Taste of Virginia,https://richmondmagazine.com/restaurants-in-richmond/food-news/fine-creek-brewing-co-oktoberforest-fest-2026/,Eileen Mellon,2026-09-10T16:55:00Z,steel production,Fine Creek Brewing Co. hosts a beer festival dedicated to foraged ingredients from across the commonwealth.,Richmondmagazine.com,Unknown,News,2026-09-13T20:28:09.730446Z
1c2695bb7dfd0c22125cf7604a0db27a,"Trump Escalates Trade War With Canada: Alcohol, Dairy, Motorcycles in New Import Ban — Greer Calls It 'Natural Consequence'",https://finance.yahoo.com/economy/policy/articles/trump-escalates-trade-war-canada-163053969.html,Namrata Sen,2026-09-10T16:30:53Z,steel production,"The Trump administration has intensified its ongoing trade war with Canada by imposing fresh import bans on specific Canadian goods, including alcohol. These...",Yahoo Entertainment,Unknown,News,2026-09-13T20:28:09.730494Z
d3af8235c59dd115efdef8833fd6934d,BBC Inside Science,https://www.bbc.co.uk/sounds/play/w3ct9784?at_campaign=rss,,2026-09-10T16:00:00Z,steel production,Prof Stuart Russell offers some advice following a report into July’s Hugging Face hack.,BBC News,Unknown,Market Report,2026-09-13T20:28:09.730523Z
e52ab0cdf2a1014cee5880d70ec7d235,BMW M and BMW Motorrad celebrate 100 years of Nürburgring with nine exclusive high-performance models.,https://www.press.bmwgroup.com/global/article/detail/T0460591EN/bmw-m-and-bmw-motorrad-celebrate-100-years-of-nuerburgring-with-nine-exclusive-high-performance-models?language=en,,2026-09-10T15:00:00Z,steel production,• BMW M and BMW Motorrad present a joint “100 Jahre Nürburgring” edition to mark the anniversary of the legendary racetrack. • The edition highlights the important role of the Nürburgring as a development site for BMW M high-performance vehicles. • Six BMW M …,Bmwgroup.com,Unknown,News,2026-09-13T20:28:09.730577Z
32df08224038bb83cca30da451831c1d,Tata Steel commissions India's 1st coke oven gas injection project at its Odisha plant,https://economictimes.indiatimes.com/industry/indl-goods/svs/steel/tata-steel-commissions-indias-1st-coke-oven-gas-injection-project-at-its-odisha-plant/articleshow/134015576.cms,PTI,2026-09-10T14:44:35Z,steel production,"Tata Steel has commissioned a coke oven gas injection project at its Meramandali plant. This initiative supports the company's Net Zero by 2045 target and low-carbon production goals. The project utilizes coke oven gas, reducing dependence on external fossil …",The Times of India,India,News,2026-09-13T20:28:09.730606Z
ff709694f68d00222526242cc5def1ea,"OfBusiness deepens manufacturing across metals, chemicals and apparel",https://www.business-standard.com/companies/news/ofbusiness-deepens-manufacturing-across-metals-chemicals-and-apparel-126091001395_1.html,Peerzada Abrar,2026-09-10T14:19:45Z,steel production,"Tapping value-added production opportunities may boost supply-chain control and margins; owned capacity now spans over 40 products and direct headcount has crossed 35,000",Business Standard,Unknown,News,2026-09-13T20:28:09.730646Z
5d451b6f962714844423247c169a6c50,"Ratnaveer Precision Engineering’s INR 329.99 Crore Rights Issue Subscribed 1.11x; Allotment on September 10, Listing on September 15 — CCL Plant Progresses as Global Prices Surge",https://www.thehindubusinessline.com/brandhub/pr-release/ratnaveer-precision-engineerings-inr-32999-crore-rights-issue-subscribed-111x-allotment-on-september-10-listing-on-september-15-ccl-plant-progresses-as-global-prices-surge/article71450373.ece,,2026-09-10T14:12:30Z,steel production,"Ratnaveer Precision Engineering's INR 329.99 Crore Rights Issue Subscribed 1.11x; Allotment on September 10, Listing on September 15 — CCL Plant Progresses as Global Prices Surge",BusinessLine,Global,Market Report,2026-09-13T20:28:09.730697Z
55c14808e776d73729519e2a62962448,List of 10 youngest billionaires in Africa,https://www.vanguardngr.com/2026/09/list-of-10-youngest-billionaires-in-africa/,efosataiwo@vanguardngr.com,2026-09-10T14:10:29Z,steel production,"Africa's billionaire class is dominated by older business leaders, but a handful of younger billionaires have also earned fortunes running businesses across sectors including manufacturing, telecommunications, energy, mining and diversified investments.
The p…",Vanguard,Unknown,News,2026-09-13T20:28:09.730747Z
e68a4dda795ab015e5f678e79fd49876,"On-farm wastewater treatment for irrigation using biochar from local agro-residues in Obuasi, Ghana",https://journals.plos.org/water/article?id=10.1371/journal.pwat.0000612,"Lydia Otoo Amponsah, David Nartey Obemah, Belinda Lee Quayson, Albert Banunle, Daniel Kwame Oware Asamoah, Mwema Felix Mwema",2026-09-10T14:00:00Z,steel production,"This study evaluated the effectiveness of a decentralized, on-farm wastewater treatment system using locally generated rice husk biochar for safe agricultural irrigation reuse in Diewuoso-Obuasi, Ghana. The system, a two-stage downflow filtration system, trea…",Plos.org,Unknown,News,2026-09-13T20:28:09.730801Z
ce0d083c88e66a12e48970723a7c58c4,US District Court Strips Away Insane JH Campbell Fake Emergency Order,https://cleantechnica.com/2026/09/12/us-district-court-strips-away-insane-jh-campbell-fake-emergency-order/,Steve Hanley,2026-09-12T19:41:36Z,coal demand,"The J.H. Campbell generating station first went into service in 1962. It is located in West Olive, Michigan in the western part of the state, just a few miles from the shores of Lake Donald Lake Michigan. At its peak, it supplied 1,420 MW of coal fired electr…",CleanTechnica,Unknown,News,2026-09-13T20:28:10.184454Z
099a00e5e090f407b73ff245da70a135,PSPCL issues notices to Punjab IPPs over coal stock lapses; chief secretary to chair crisis meeting,https://timesofindia.indiatimes.com/city/chandigarh/pspcl-issues-notices-to-punjab-ipps-over-coal-stock-lapses-chief-secretary-to-chair-crisis-meeting/articleshow/134154156.cms,Bharat Khanna,2026-09-12T19:39:33Z,coal demand,PSPCL issues show-cause notices to Punjab IPPs NPL Rajpura and TSPL over low coal stocks as demand spikes; Chief Secretary to chair emergency meeting.,The Times of India,Unknown,News,2026-09-13T20:28:10.184508Z
27cc3b253af47772073aa9055ab6edb3,The Boring Stock That Delivered 127% Returns While Proving Slow and Steady Loses the Race,https://247wallst.com/investing/2026/09/12/the-boring-stock-that-delivered-127-returns-while-proving-slow-and-steady-loses-the-race/,Chris Lange,2026-09-12T17:25:40Z,coal demand,"Duke Energy has raised its dividend every year for two decades, mailed checks like clockwork, and still managed to leave patient investors wondering if borin...",24/7 Wall St.,Unknown,News,2026-09-13T20:28:10.184550Z
43b47313e124ea00424b3694f7ef6d36,US court rejects Trump’s emergency order keeping Michigan coal plant open,https://www.aljazeera.com/news/2026/9/12/us-court-rejects-trumps-emergency-order-keeping-michigan-coal-plant-open,,2026-09-12T15:34:51Z,coal demand,The ruling says the Energy Department exceeded its authority by extending the plant’s operation.,Al Jazeera English,Unknown,News,2026-09-13T20:28:10.184591Z
4aeea1413cf86781017df05b79a516c2,XRP Eyes Recovery to $1.55 as RLUSD Market Cap Grows by 50%,https://finance.yahoo.com/markets/crypto/articles/xrp-eyes-recovery-1-55-143258369.html,Alejandro Arrieche,2026-09-12T14:32:58Z,coal demand,"XRP is consolidating above the $1.32 support level and could recover to $1.55 soon, backed by a 50% surge in the market cap of Ripple’s RLUSD stablecoin.",Yahoo Entertainment,Unknown,Market Report,2026-09-13T20:28:10.184627Z
c52890e65a09c7ed862b477e5e7de0f5,The Nerd Reich: Nation States,https://energyskeptic.com/2026/the-nerd-reich-nation-states/,energyskeptic,2026-09-12T11:04:56Z,coal demand,"Introduction This is a book review of part of Gil Duran’s “Network States and the Rise of Cryptocurrency to end democratic governments.”  Which is mainly about Peter Thiel, who has had the greatest effect, more even than Elon Musk, in … Continue reading →",Energyskeptic.com,Unknown,Analysis/Opinion,2026-09-13T20:28:10.184667Z
976872ae2447ff34e4006c24cd47aa99,Links 9/12/2026,https://www.nakedcapitalism.com/2026/09/links-9-12-2026.html,Yves Smith,2026-09-12T10:55:36Z,coal demand,"Our testy links: Houthi lighting strike takes key island + most of Bab el Mandeb coast, Saudis close key pipeline, US diesel over $6 and Brent nears $110, El Nino snarls Asia ports, UK bond yields spike, 9/11, Isreal destruction in Lebanon and Syria, McClatch…",Nakedcapitalism.com,Unknown,News,2026-09-13T20:28:10.184714Z
b99848862d6fa3f766c677648c258f8d,Net Zero Grid Upgrades Running out of Control.,https://wattsupwiththat.com/2026/09/12/net-zero-grid-upgrades-running-out-of-control/,Guest Blogger,2026-09-12T09:00:00Z,coal demand,"There are no easy solutions, much though Greg Jackson is desperate to find one to accommodate his Net Zero fantasies. The cost will run into hundreds of billions, which the country quite simply has not got.
The post Net Zero Grid Upgrades Running out of Contr…",Wattsupwiththat.com,Unknown,News,2026-09-13T20:28:10.184769Z
677909b1887d5517559389699205cda6,"ET Prime special: Know Your Company – Coal India, Part 1: One tonne of coal, two prices",https://economictimes.indiatimes.com/prime/et-prime-special-know-your-company-coal-india-part-1-one-tonne-of-coal-two-prices/primearticleshow/134101756.cms,The Economic Times,2026-09-12T01:37:51Z,coal demand,"When it comes to investing, the first question should not be: What will the stock price do next? It should be: What drives this business? What can make it grow, what can hurt it, and what determines its economics? It could be government policy, global develop…",The Times of India,India,Market Report,2026-09-13T20:28:10.184825Z
2bd4e6099115d848838096197bee9b68,Federal court rejects Trump order keeping Michigan coal plant open,https://economictimes.indiatimes.com/news/international/world-news/federal-court-rejects-trump-order-keeping-michigan-coal-plant-open/articleshow/134100634.cms,AP,2026-09-12T01:02:41Z,coal demand,A federal court ruled against the Energy Department's authority to extend a coal plant's operation.  The court found no emergency existed to justify keeping the J.H. Campbell plant open.  Environmental groups and three states had challenged the administration…,The Times of India,Unknown,News,2026-09-13T20:28:10.184878Z
4ad64ebb034370b73475aa2beb27e5a3,Energy Secretary Keeps Northwest Coal Generating Plant Online,https://www.energy.gov/articles/energy-secretary-keeps-northwest-coal-generating-plant-online,Energy.gov,2026-09-12T00:01:00Z,coal demand,Emergency order addresses critical grid reliability issues in the Northwestern U.S. by keeping coal plant online,Energy.gov,Unknown,News,2026-09-13T20:28:10.184912Z
fc1ae48db1c92ea0a8ebd7cc00e12c6a,Federal court rejects Trump order keeping Michigan coal plant open,https://www.wsls.com/news/national/2026/09/11/federal-court-rejects-trump-order-keeping-michigan-coal-plant-open/,Matthew Daly,2026-09-11T21:13:48Z,coal demand,A federal court has declared that the Energy Department exceeded its authority by forcing a Michigan coal-fired power plant to remain open past its scheduled retirement date last year.,WSLS 10,Unknown,News,2026-09-13T20:28:10.184951Z
8abc85abfac48c1d3ae92aa187f25d6e,"Amid critical coal stock, technical snags leave Punjab scrambling for power as demand crosses 16,444 MW",https://timesofindia.indiatimes.com/city/chandigarh/amid-critical-coal-stock-technical-snags-leave-punjab-scrambling-for-power-as-demand-crosses-16444-mw/articleshow/134085475.cms,Bharat Khanna,2026-09-11T19:09:35Z,coal demand,"Punjab faced power cuts as demand topped 16,444 MW while coal stocks ran low and three plant units shut due to technical snags, forcing higher grid drawal.",The Times of India,Unknown,News,2026-09-13T20:28:10.184990Z
8bbd668ac03d939d95504776dde87c61,"DC Circuit Rejects Energy Department's Claim of ""Emergency"" Authority to Order Coal Plant to Remain Open",https://reason.com/volokh/2026/09/11/dc-circuit-rejects-energy-departments-claim-of-emergency-authority-to-order-coal-plant-to-remain-open/,Jonathan H. Adler,2026-09-11T17:20:24Z,coal demand,A potentially significant rebuke of one of the more controversial and unusual elements of the Trump Administration's energy policy.,Reason,Unknown,News,2026-09-13T20:28:10.185041Z
1a324fa10ae10cbf15268d3eb9d2d3f7,Saudi Arabia’s Critical Oil Bypass Comes Under Threat,https://finance.yahoo.com/energy/articles/saudi-arabia-critical-oil-bypass-160500195.html,Tom Kool,2026-09-11T16:05:00Z,coal demand,Houthi strikes threaten Saudi oil exports as Brent hits $105 and Middle Eastern crude soars to $120.,Yahoo Entertainment,Unknown,News,2026-09-13T20:28:10.185077Z
5995e9e46fee5fdd7ab1a958da875959,Saudi Arabia’s Critical Oil Bypass Comes Under Threat,https://oilprice.com/Energy/Crude-Oil/Saudi-Arabias-Critical-Oil-Bypass-Comes-Under-Threat.html,Tom Kool,2026-09-11T16:05:00Z,coal demand,"Houthi strikes threaten Saudi oil exports as Brent hits $105 and Middle Eastern crude soars to $120. Friday, September 11, 2026 Houthi strikes on Saudi Arabia’s oil infrastructure have alerted the oil markets to the possibility of seeing even less Middle East…",OilPrice.com,Unknown,Market Report,2026-09-13T20:28:10.185122Z
108ebde75b93794318ce20dcfe880cf2,AI Data Centers Need Enormous Amounts of Power: These 5 Dividend Stocks Provide It,https://247wallst.com/investing/2026/09/11/ai-data-centers-need-enormous-amounts-of-power-these-5-dividend-stocks-provide-it/,Chris Lange,2026-09-11T15:37:01Z,coal demand,"Data centers are doubling their power demands almost overnight, and regulated utilities that lock in long-term supply contracts stand to collect that revenue...",24/7 Wall St.,Unknown,News,2026-09-13T20:28:10.185223Z
36e3fb158dccab5691fb0d60fc458f1d,"UDP Claims Unity, But Suin Contradicts; Only 6 of 12 MLAs Attend Foundation Day, 4 Turn Up For CEC",https://southasiaviews.com/featured/udp-claims-unity-but-suin-contradicts-only-6-of-12-mlas-attend-foundation-day-4-turn-up-for-cec/,Editor,2026-09-11T14:09:22Z,coal demand,"Shillong, Sept 11: Amid shifting political alignments in Meghalaya, the United Democratic Party’s foundation day on Friday exposed cracks within, with only 6 of its 12 legislators attending the function at the party headquarters in Shillong.   The low turnout…",Southasiaviews.com,Unknown,News,2026-09-13T20:28:10.185278Z
829f86fec586475eecc8f0dd4641f7c1,Chinese Scientists Propose Turning Abandoned Coal Mines Into Farming Laboratories,https://www.sciencealert.com/chinese-scientists-propose-turning-abandoned-coal-mines-into-farming-laboratories,David Nield,2026-09-11T10:00:00Z,coal demand,"There are more than 12,000 abandoned coal mines across China, offering vast amounts of underground space and sophisticated infrastructure that could potentially be repurposed – and researchers have an idea about how to do just that.",ScienceAlert,China,News,2026-09-13T20:28:10.185337Z
1dde24e17473980ecfd817ba23c48bdb,"Energy Edits Newsletter for September 11, 2026",https://www.thehindubusinessline.com/newsletter/bl-energy/energy-edits-newsletter-for-september-11-2026/article71455556.ece,Richa Mishra,2026-09-11T09:47:30Z,coal demand,"Explore the latest energy trends, geopolitical challenges, and innovations in the Energy Edits Newsletter for November 11, 2026.",BusinessLine,Unknown,News,2026-09-13T20:28:10.185369Z
f2e8d1b4dcb6b8b8eed970cd7c557532,Data Center of Attention,https://prospect.org/2026/09/11/oct-2026-data-center-of-attention/,Gabrielle Gurley,2026-09-11T09:30:00Z,coal demand,"Candidates of every political persuasion are knocking themselves out trying to appease angry citizens wanting their lives and livelihoods put before Big Tech.
The post Data Center of Attention appeared first on The American Prospect.",The American Prospect,USA,News,2026-09-13T20:28:10.185392Z
843f97cc3014a6439d6f63e80238ed83,Nearly a third of India's coal power plants have critical low fuel stocks,https://economictimes.indiatimes.com/industry/energy/power/nearly-a-third-of-indias-coal-power-plants-have-critical-low-fuel-stocks/articleshow/134056797.cms,Reuters,2026-09-11T09:03:11Z,coal demand,"Nearly a third of India’s coal-fired power plants are running critically low on fuel as electricity demand stays near record levels amid prolonged hot weather. The number of plants with critical coal stocks rose to 59 by September 9, prompting increased suppl…",The Times of India,India,News,2026-09-13T20:28:10.185421Z
25cecf0550dfd4f6818c136194c1ab60,"Steamhouse IPO Day 3: Subscription hit 8.36x, GMP signals 28% listing gain",https://economictimes.indiatimes.com/markets/ipos/fpos/steamhouse-ipo-day-3-subscription-hit-8-36x-gmp-signals-28-listing-gain/articleshow/134055917.cms,Ritesh Presswala,2026-09-11T08:45:40Z,coal demand,"Steamhouse India’s IPO was subscribed 8.36 times by 1 pm on Day 3, led by strong demand from non-institutional investors. The issue’s grey market premium stood at Rs 23, indicating a potential 28% listing gain over the Rs 81 upper price band. The IPO closes o…",The Times of India,India,Market Report,2026-09-13T20:28:10.185443Z
1af10d5e2ffe1153614141f025cf45f7,India's private sector securing critical minerals abroad is need of the hour: G Kishan Reddy,https://economictimes.indiatimes.com/news/science/indias-private-sector-securing-critical-minerals-abroad-is-need-of-the-hour-g-kishan-reddy/articleshow/134054333.cms,ANI,2026-09-11T08:05:30Z,coal demand,"Facilitating the domestic private sector to secure critical mineral assets abroad and transport them back home serves as the need of the hour for India, Union Minister of Coal and Mines G Kishan Reddy stated on the sidelines of the CII Global Summit in New De…",The Times of India,India,News,2026-09-13T20:28:10.185473Z
6be6581f9700a57c8809cf410deb7c7e,Keralam faces acute power shortage as demand surges,https://www.thehindubusinessline.com/news/national/keralam-faces-acute-power-shortage-as-demand-surges/article71455107.ece,V  Sajeev Kumar,2026-09-11T07:11:28Z,coal demand,Peak-hour demand has also shifted towards late night as people charge their electric vehicles after returning from work and other activities,BusinessLine,Unknown,News,2026-09-13T20:28:10.185506Z
58345111bfed3b0a864a84ba69dfabbf,Universities Should Just Say No to Divestment,https://www.insidehighered.com/opinion/views/2026/09/11/universities-should-just-say-no-divestment-opinion,Elizabeth Redden,2026-09-11T07:00:00Z,coal demand,"Universities Should Just Say No to Divestment

 


 
Elizabeth Redden

Fri, 09/11/2026 - 03:00 AM

It’s ineffective and difficult to reconcile with fiduciary duty.
 
 Byline(s)
 
 Max M. Schanzenbach
 Robert H. Sitkoff
 
 
Universities Should Just Say No to D…",Inside Higher Ed,Unknown,News,2026-09-13T20:28:10.185553Z
80db2591b4e7de1e716376cade73c6c9,"Cement shares under pressure; ACC, Ambuja, Shree Cement crack to 52-wk lows",https://www.business-standard.com/markets/news/cement-shares-under-pressure-acc-ambuja-shree-cement-crack-to-52-week-lows-126091100207_1.html,Deepak Korgaonkar,2026-09-11T04:40:44Z,coal demand,"Cement Stocks: UltraTech Cement, Dalmia Bharat, JK Cement and India Cements were down between 1 per cent and 3 per cent in Friday's intra-day deals.",Business Standard,India,News,2026-09-13T20:28:10.185589Z
76185e9a31343270fcc489e98df38acb,"Norway Rejects Climate Orthodoxy’s False Choice, Builds Wealth",https://wattsupwiththat.com/2026/09/10/norway-rejects-climate-orthodoxys-false-choice-builds-wealth/,Guest Blogger,2026-09-11T01:00:00Z,coal demand,"Energy abundance and human flourishing track together in every dataset anyone has assembled. Norway understands this and acts on it. Poor nations understand it too. What they lack is not evidence but permission, and permission is not something a sovereign sta…",Wattsupwiththat.com,Norway,News,2026-09-13T20:28:10.185636Z
bccd1ac69a01007d379dea896b6129c6,AI Boom to Boost Southeast Asia’s LNG Demand,https://oilprice.com/Energy/Natural-Gas/AI-Boom-to-Boost-Southeast-Asias-LNG-Demand.html,Tsvetana Paraskova,2026-09-11T00:00:00Z,coal demand,Demand for liquefied natural gas (LNG) in Southeast Asia has found a new major driver apart from the years-long efforts to switch away from coal-fired power generation. The AI boom and the data center construction in Asia are set to materially change Southeas…,OilPrice.com,Unknown,News,2026-09-13T20:28:10.185690Z
39be1e1050f91e0d50868090390a99ce,AI Boom to Boost Southeast Asia’s LNG Demand,https://finance.yahoo.com/energy/articles/ai-boom-boost-southeast-asia-000000678.html,Tsvetana Paraskova,2026-09-11T00:00:00Z,coal demand,"Singapore, Malaysia, Thailand and Indonesia will need more LNG imports as data-center electricity demand surges while domestic gas production declines.",Yahoo Entertainment,Singapore,News,2026-09-13T20:28:10.185717Z
c5a8c8329d63b60bbde86d70580618ad,US Natural Gas Market Verging on Record Growth,https://finance.yahoo.com/energy/articles/us-natural-gas-market-verging-190000789.html,Andrew Topf,2026-09-10T19:00:00Z,coal demand,"Producers are achieving more with less capital, with natural gas production and reserves rising even as industry capex fell 49%, reflecting greater drilling...",Yahoo Entertainment,Unknown,Market Report,2026-09-13T20:28:10.185747Z
db323245c24f0326ae73d4d7f9ba684e,US Natural Gas Market Verging on Record Growth,https://oilprice.com/Energy/Natural-Gas/US-Natural-Gas-Market-Verging-on-Record-Growth.html,Andrew Topf,2026-09-10T19:00:00Z,coal demand,"US natural gas production is projected to reach a record high of 111.7 billion cubic feet per day (bcfd) in 2026, up from 107.6 bcfd in 2025, according to the U.S. Energy Information Administration (EIA). By 2027, domestic supply is expected to hit 115.9 bcfd…",OilPrice.com,Unknown,Market Report,2026-09-13T20:28:10.185789Z
a581e65491c479a4c407cd32c3923faf,Breach Candy residents demand accountability after BMC clears footpath encroachments,https://timesofindia.indiatimes.com/city/mumbai/breach-candy-residents-demand-accountability-after-bmc-clears-footpath-encroachments/articleshow/134026618.cms,Richa Pinto,2026-09-10T18:59:38Z,coal demand,"Breach Candy residents launch a “BMC Footpath Report Card” to track encroachments, timelines and accountability under BMC’s Pedestrians First initiative.",The Times of India,Unknown,Market Report,2026-09-13T20:28:10.185830Z
58a2eb49e0fb08451732d28d7ee559d5,Raj solarising PHED power demand with 500MW capacity,https://timesofindia.indiatimes.com/city/jaipur/raj-solarising-phed-power-demand-with-500mw-capacity/articleshow/134026494.cms,Srikanta.Tripathy,2026-09-10T18:57:00Z,coal demand,"Rajasthan to solarise PHED water-supply power demand via 505MW virtual/group net metering across discoms, targeting ~Rs 6,000 crore savings over 25 years.",The Times of India,Unknown,News,2026-09-13T20:28:10.185864Z
744a0abbf15148a1b482d5d6b690d26b,Congress MLAs protest outside Gujarat assembly over Bhavnagar hooch tragedy,https://timesofindia.indiatimes.com/city/ahmedabad/congress-mlas-protest-outside-gujarat-assembly-over-bhavnagar-hooch-tragedy/articleshow/134026396.cms,Times News Network,2026-09-10T18:54:15Z,coal demand,"Congress MLAs protest outside Gujarat assembly over Bhavnagar hooch tragedy, demand home minister’s resignation, and accuse govt of failing to curb liquor and drugs.",The Times of India,Unknown,News,2026-09-13T20:28:10.185908Z
749802f597f263411aceb5ab7104acc3,Texas needs greater transparency on data centers’ water and air impacts,https://blogs.edf.org/energyexchange/2026/09/10/texas-needs-greater-transparency-on-data-centers-water-and-air-impacts/,Casey Horan,2026-09-10T18:52:40Z,coal demand,"Texas is rapidly becoming one of the country’s biggest data center hubs. The state already has 335 data centers, with at least 248 more in the works. At its current pace of growth, Texas could overtake Virginia as the world’s largest data center market by 203…",Environmental Defense Fund,Unknown,Market Report,2026-09-13T20:28:10.185955Z
b1604099ca4a10b6e1a8d62a045f4ced,"Wrong, Bulletin of the Atomic Scientists, Nuclear Power Isn’t the Reliability Problem",https://wattsupwiththat.com/2026/09/10/wrong-bulletin-of-the-atomic-scientists-nuclear-power-isnt-the-reliability-problem/,Anthony Watts,2026-09-10T17:00:00Z,coal demand,"Readers deserve a balanced comparison of all generating technologies, not another attempt to redefine one of the world’s most reliable energy sources as unreliable simply because it, like every other form of power generation, occasionally encounters adverse w…",Wattsupwiththat.com,Unknown,News,2026-09-13T20:28:10.186020Z
4e5bc89ed63723fe4d8ce4e0a6e231f9,Imperial Petroleum Inc. Q2 2026 Earnings Call Summary,https://app.moby.co/home/research/tools/earningsCalendar/earnings-imperial-petroleum-inc-q2-2026-earnings-call-summary?utm_source=yahoo_finance&amp;utm_medium=rss,Moby Intelligence,2026-09-10T16:51:34Z,coal demand,Moby summary of Imperial Petroleum Inc.'s Q2 2026 earnings call,Moby.co,Unknown,News,2026-09-13T20:28:10.186051Z
fdc2feffb32da32e5b074176440a889f,Google Plans to Build Mammoth Solar Farm on an Abandoned Coal Mine. This Penny Stock Just Won the Deal.,https://www.barchart.com/story/news/4541409/google-plans-to-build-mammoth-solar-farm-on-an-abandoned-coal-mine-this-penny-stock-just-won-the-deal,Omor Ibne Ehsan,2026-09-10T15:54:28Z,coal demand,Could this penny stock soar after the $300 million Google solar deal?,Barchart.com,Unknown,News,2026-09-13T20:28:10.186082Z
8d069b022c2ae0d2326ed29bde83f869,"Scientific mining: Central team to visit state in October, says Santa Mary Shylla",https://www.syllad.com/scientific-mining-central-team-to-visit-state-in-october-says-santa-mary-shylla/,Syllad | The Rising Meghalaya,2026-09-10T15:27:56Z,coal demand,Sutnga-Saipung legislator Santa Mary Shylla on Thursday said the Union Ministry of Mines has responded positively to the state government’s demand for feasible norms for scientific coal mining in Meghalaya. Shylla said this after attending a meeting in Delhi …,Syllad.com,Unknown,News,2026-09-13T20:28:10.186134Z
8bad6f40f1cae771b78cfb77b38f7028,"El Nino likely to push up power demand, coal burn in September",https://www.thehindubusinessline.com/economy/el-nino-likely-to-push-up-power-demand-coal-burn-in-september/article71452353.ece,Rishi Ranjan Kala,2026-09-10T14:35:17Z,coal demand,"El Nino conditions can increase cooling needs while reducing hydropower availability, providing a further boost to coal consumption, says IEA",BusinessLine,Unknown,News,2026-09-13T20:28:10.186197Z
ab2c16814193a43b3e9ddabcd2a64871,IEA: Global Coal Demand Set to Hit Record High as Iran War Chokes LNG Supply,https://oilprice.com/Latest-Energy-News/World-News/IEA-Global-Coal-Demand-Set-to-Hit-Record-High-as-Iran-War-Chokes-LNG-Supply.html,Charles Kennedy,2026-09-10T14:30:00Z,coal demand,"Soaring LNG prices due to the Strait of Hormuz blockage are prompting economies to shift to alternative energy sources, pushing coal demand to a another record high this year, the International Energy Agency (IEA) said in a new report on Thursday. The surge i…",OilPrice.com,Global,Market Report,2026-09-13T20:28:10.186244Z
368ff5daf615fae0694830920ab85c24,"China’s Economic Crossroads: Growth, Inequality and Geopolitical Pressures",https://www.fairobserver.com/economics/chinas-economic-crossroads-growth-inequality-and-geopolitical-pressures/,David Mahon,2026-09-10T13:09:58Z,coal demand,"The momentum of China’s uneven 2025 recovery continued into the first six months of this year, but amid a decline in many sectors. Fixed asset investment fell 2.6% year-on-year by the end of 2025, and continued to fall into the first two quarters of 2026. Acc…",Fair Observer,China,News,2026-09-13T20:28:10.186268Z
e0e829ef0ead9be6c190ac52b5742a5f,Indonesia's mining revenue jumps as commodity prices rise,https://en.antaranews.com/news/430873/indonesias-mining-revenue-jumps-as-commodity-prices-rise,"Shofi Ayudiana, Cindy Frishanti Octavia",2026-09-10T12:51:15Z,coal demand,"Indonesia&rsquo;s mining sector generated 108 trillion rupiah (US$6.15 billion) in non-tax revenue through August 31, up 21 trillion rupiah from the same ...",Antaranews.com,Indonesia,Market Report,2026-09-13T20:28:10.186291Z
904b4c2cace5c1026a05bc430cc5b3ae,$100 oil is putting China's new role as a 'demand-side OPEC' to the test,https://www.businessinsider.com/oil-price-brent-crude-china-oil-imports-demand-side-opec-2026-9,Huileng Tan,2026-09-10T12:18:40Z,coal demand,"China built buffers that let it buy less oil when prices soar. With crude back above $100, its buying decisions increasingly matter to the world.",Business Insider,China,Market Report,2026-09-13T20:28:10.186301Z
8ed14a0a65188e5033a558b3a8e946d3,$100 oil is putting China's new role as a 'demand-side OPEC' to the test,https://www.businessinsider.com/oil-price-brent-crude-china-oil-imports-demand-side-opec-2026-9#article,htan@insider.com (Huileng Tan),2026-09-10T12:18:40Z,coal demand,"China built buffers that let it buy less oil when prices soar. With crude back above $100, its buying decisions increasingly matter to the world.",Business Insider,China,Market Report,2026-09-13T20:28:10.186310Z
2b2df10b449688a4c954304b2dc1cfc0,Global coal demand set to increase this year amid Middle East conflict,https://www.globalsecurity.org/military/library/news/2026/09/mil-260910-iea01.htm,John Pike,2026-09-10T12:00:00Z,coal demand,"The IEA Mid-Year Update sees higher natural gas prices spurring a shift towards coal in some regions in 2026, with the Strait of Hormuz situation key for the 2027 outlook",Globalsecurity.org,Global,Analysis/Opinion,2026-09-13T20:28:10.186340Z
dd02ecce0a717c0617367db92bfc8d25,The Impossible Will Take a Little While: The Power of Persistence,https://www.thenation.com/?post_type=article&p=609121,Paul Rogat Loeb,2026-09-10T09:00:00Z,coal demand,"Paul Rogat Loeb



In troubled times, history offers a lesson: Seemingly impossible change can begin with ordinary people who refuse to give up.




The post The Impossible Will Take a Little While: The Power of Persistence appeared first on The Nation.",Thenation.com,Unknown,News,2026-09-13T20:28:10.186408Z
ae3cbdeff15f9a5b25625de552acfda4,"‘We worry now’: Oil tops $100, diesel hits record highs amid Iran war escalation",https://fortune.com/2026/09/10/we-worry-now-oil-tops-100-diesel-record-highs-iran-escalation/,Jordan Blum,2026-09-10T07:05:00Z,coal demand,Benchmarks for crude oil and diesel hit warning thresholds as the war in the Middle East escalates.,Fortune,Unknown,News,2026-09-13T20:28:10.186445Z
7695322478d956689a142e1e9715cc9e,"Census 2027 totally perverted, intent dubious: Congress",https://economictimes.indiatimes.com/news/politics-and-nation/census-2027-totally-perverted-intent-dubious-congress/articleshow/133997714.cms,PTI,2026-09-10T07:03:16Z,coal demand,"Congress criticizes Census 2027, calling its intent dubious and content flawed. Jairam Ramesh stated the census has been perverted with worthless and superfluous questions. The party also raised concerns about new questions and data collection quality. Congre…",The Times of India,Unknown,News,2026-09-13T20:28:10.186497Z
ab77af37a59e69c1600c9d2cee60bf40,Gateshead uses 150m-deep mine water to heat 350 homes and public buildings,https://timesofindia.indiatimes.com/world/uk/in-gateshead-water-trapped-150-metres-below-the-city-in-abandoned-coal-mines-now-heats-350-homes-and-public-buildings/articleshow/133996977.cms,TOI World Desk,2026-09-10T07:00:00Z,coal demand,"Water from deep beneath Gateshead now heats hundreds of homes and buildings. A six-megawatt heat pump extracts warmth from mine water, feeding a district network. This system, the largest of its kind in Great Britain, became operational in March 2023. Over fi…",The Times of India,UK,News,2026-09-13T20:28:10.186547Z
d89377b4f7ad1341ccf8f3e56aa8e222,Nikkei Slips as Oil Above $100 and BOJ Rate Fears Cap Gains,https://newsonjapan.com/article/150711.php,News On Japan,2026-09-10T06:55:45Z,coal demand,"Tokyo stocks edged lower on September 10, with the Nikkei 225 closing at 65,143, down 0.19%, as gains in selected semiconductor and electronic-component shares faded under pressure from oil above $100, rising global bond yields and expectations that the Bank …",Newsonjapan.com,Japan,News,2026-09-13T20:28:10.186582Z
9143b3ec4a5365c73adbd52e896918a2,Maryland’s green energy mandates are driving a 50.9% spike in electric bills,https://www.naturalnews.com/2026-09-10-maryland-green-energy-spike-electric-bills.html,Cassie B.,2026-09-10T06:00:00Z,coal demand,"Maryland electricity bills have jumped 50.9% over five years, reaching 24% above the national average. Governor Wes Moore blames utility profiteering and data center demand, while critics point to state decarbonization mandates. Climate Solutions Now Act and …",Naturalnews.com,Unknown,News,2026-09-13T20:28:10.186636Z
bf631f73f35e8f94f93986e54cd19449,China’s Coal-Based Electricity Expansion Contrasts with U.S. Reliability Concerns,https://www.naturalnews.com/2026-09-10-chinas-coal-based-electricity-expansion-contrasts-us-concerns.html,Douglas Harrington,2026-09-10T06:00:00Z,coal demand,"Official energy data indicates a growing divergence in electricity generation strategies between China and the United States. In China, coal accounts for 55% of electricity production, with average household rates reported at 8 U.S. cents per kilowatt-hour. […",Naturalnews.com,China,Market Report,2026-09-13T20:28:10.186654Z
9f154d0226279f61d49addbe2a1fbdbd,Skeptical Science New Research for Week #37 2026,https://skepticalscience.com/new_research_2026_37.html,,2026-09-10T05:05:37Z,coal demand,"Open access notables

Early warning signals for tipping points in complex climate systems, LIU et al., Advances in Climate Change Research

The growing risk of climate tipping events underscores the urgent need for reliable early warning signals (EWS). Here w…",Skepticalscience.com,Unknown,News,2026-09-13T20:28:10.186703Z
0eaa1354829571bd5bf80303d95fb755,Centrus Announces Pricing of $500 Million Underwritten Public Offering of Class A Common Stock and Warrants,https://www.prnewswire.com/news-releases/centrus-announces-pricing-of-500-million-underwritten-public-offering-of-class-a-common-stock-and-warrants-302874493.html,,2026-09-10T02:17:00Z,coal demand,"BETHESDA, Md., Sept. 9, 2026 /PRNewswire/ -- Centrus Energy Corp. (NYSE: LEU) (""Centrus"" or the ""Company"") today announced the pricing of its previously announced underwritten public offering of 500,000 shares of its Class A common stock (the ""Class A Common …",PRNewswire,Unknown,News,2026-09-13T20:28:10.186754Z
1978c3ff87d6ca397c282f49835906af,The Progress(ives) War on Reliable and Affordable Electricity,https://wattsupwiththat.com/2026/09/09/the-progressives-war-on-reliable-and-affordable-electricity/,Guest Blogger,2026-09-10T01:00:00Z,coal demand,"Progress and Progress(ive)…. two words with somewhat similar spelling but with entirely different meanings. I asked Grok to help identify the distinctions. Progress… a forward movement, advancement, or improvement over time. It’s about actual results or the p…",Wattsupwiththat.com,Unknown,News,2026-09-13T20:28:10.186804Z
93476390a03006de8469c8e50dda1cd7,Inside India newsletter: India’s green push aims to boost energy security but exposes China dependency,https://www.cnbc.com/2026/09/10/india-green-energy-china-reliance-battery.html,Priyanka Salve,2026-09-10T00:09:06Z,coal demand,India's ambition to create a self-reliant energy ecosystem by expanding its renewable energy footprint is facing a China problem.,CNBC,China,News,2026-09-13T20:28:10.186823Z
5289f98c516b2913573525eb514b3c70,"Ohio Democratic Ads Connect Husted to Bribery Scandal, Despite No Charges of Wrongdoing",https://www.factcheck.org/2026/09/ohio-democratic-ads-connect-husted-to-bribery-scandal-despite-no-charges-of-wrongdoing/,Lori Robertson,2026-09-09T21:40:05Z,coal demand,"Democratic ads in the Ohio Senate race are highlighting a political bribery scandal involving an energy company that benefited from a 2019 nuclear-power bailout law. It's true, as the ads say, that Republican Sen. Jon Husted backed the legislation and that th…",FactCheck.org,Unknown,News,2026-09-13T20:28:10.186875Z
5978ba7b8d5d76db2810868cb9fc109f,Centrus Announces Proposed Public Underwritten Offering of Class A Common Stock and Warrants,https://www.prnewswire.com/news-releases/centrus-announces-proposed-public-underwritten-offering-of-class-a-common-stock-and-warrants-302874325.html,,2026-09-09T21:06:00Z,coal demand,"BETHESDA, Md., Sept. 9, 2026 /PRNewswire/ -- Centrus Energy Corp. (NYSE: LEU) (""Centrus"" or the ""Company"") today announced the launch of an underwritten public offering of shares of its Class A common stock (the ""Class A Common Stock""), pre-funded warrants (t…",PRNewswire,Unknown,News,2026-09-13T20:28:10.186925Z
9707b45ef817eef93b7226d376ea214f,Proposal sought for Rs 407 crore Balagarh port project on PPP model,https://timesofindia.indiatimes.com/city/kolkata/proposal-sought-for-rs-407-crore-balagarh-port-project-on-ppp-model/articleshow/133981759.cms,Kaushik Pradhan,2026-09-09T19:02:04Z,coal demand,"BPIDL invites PPP bids for Rs 407 crore Balagarh port project in Hooghly to build container and coal berths; 30-year concession, operations targeted by Oct 2029.",The Times of India,Unknown,News,2026-09-13T20:28:10.186959Z
f5d765a2dfa724e2d171534e488de7c0,"India’s power demand crosses 260 GW in September heat, coal stocks tighten",https://economictimes.indiatimes.com/industry/energy/power/indias-power-demand-crosses-260-gw-in-september-heat-coal-stocks-tighten/articleshow/133980485.cms,Shilpa Samant,2026-09-09T18:56:12Z,coal demand,"India's peak power demand has significantly increased this September, exceeding last year's levels.  Sultry weather and deficient rainfall are driving higher cooling and irrigation needs.  This sustained demand has pressured thermal power projects as hydro ge…",The Times of India,India,News,2026-09-13T20:28:10.186990Z
012f2fdd08b133183d46f3d43c4d2eee,"With Türkiye to Host COP31, Wildfires Spark Demand for Fossil Fuel Phaseout",https://www.commondreams.org/news/turkey-wildfires,Jessica Corbett,2026-09-09T17:31:52Z,coal demand,"Scientists have long warned that the fossil fuel-driven climate crisis means more frequent and destructive wildfires, and blazes raging in Türkiye this week have sparked a fresh call to rapidly phase out planet-heating coal, gas, and oil.As firefighters battl…",Common Dreams,Unknown,News,2026-09-13T20:28:10.187052Z
364ac742808a93a4e693929c4239b1ff,EU’s exit from Russian energy falters amid investment shortfalls,https://cryptobriefing.com/eu-russian-energy-exit-investment-shortfall/,Editorial Team,2026-09-09T16:24:29Z,coal demand,"The EU's struggle to replace Russian energy highlights the urgent need for streamlined investment and infrastructure development in renewables.
The post EU’s exit from Russian energy falters amid investment shortfalls appeared first on Crypto Briefing.",Crypto Briefing,Russia,News,2026-09-13T20:28:10.187088Z
83ecc3b85c9d14a068ea5bc1ad2a4d7c,"""To Secure These Rights"" Chapter Two: The Historian",https://freerepublic.com/focus/f-chat/4394831/posts,Free Republic,2026-09-09T15:24:51Z,coal demand,# CHAPTER TWO ## The Historian The Calder County Historical Museum stood on the west side of the courthouse square in a building that had outlived almost every purpose for which it had been constructed. A brass plate near the entrance claimed the structure da…,Freerepublic.com,Unknown,News,2026-09-13T20:28:10.187137Z
fde2205d6afcbda18bdb10dfb03e806d,Global Uranium Market Projected to Reach $13.59 Billion by 2033 as Washington Becomes the Sector's Largest Counterparty,https://www.prnewswire.com/news-releases/global-uranium-market-projected-to-reach-13-59-billion-by-2033-as-washington-becomes-the-sectors-largest-counterparty-302873293.html,,2026-09-09T13:20:00Z,coal demand,"RENO, Nev., Sept. 9, 2026 /PRNewswire/ -- Equity Insider News Commentary - For most of the past four decades, American nuclear was a story about decline. Reactors closed, mines shut, and the enrichment business moved offshore. That has reversed, and the rever…",PRNewswire,USA,Analysis/Opinion,2026-09-13T20:28:10.187161Z
b50dd2fc32b516a38639f443a2a675f8,Chinese Industry Is Starting to Wean Off Fossil Fuels,https://biztoc.com/x/c55aaf8322fbb594,yahoo.com,2026-09-09T13:14:37Z,coal demand,"By several measures, Chinese industry is moving away from fossil fuels, according to a new analysis.
New clean power more than met the growth in demand across China last year, leading to a small decline in coal output, according to think tank Ember. Analysts …",Biztoc.com,China,Analysis/Opinion,2026-09-13T20:28:10.187172Z
711db94c1e31ce8ca831666b6cada830,Chinese Industry Is Starting to Wean Off Fossil Fuels,https://e360.yale.edu/digest/china-industry-peak-fossil-fuels,,2026-09-09T13:01:00Z,coal demand,"By several measures, Chinese industry is moving away from fossil fuels, according to a new analysis.Read more on E360 →",Yale.edu,China,Analysis/Opinion,2026-09-13T20:28:10.187184Z
5db187f084446b476b0cca31d82fd543,"APSEZ secures bid to develop, operate two dry bulk berths at Paradip",https://www.business-standard.com/companies/news/apsez-secures-bid-to-develop-operate-two-dry-bulk-berths-at-paradip-126090901229_1.html,Prachi Pisal,2026-09-09T12:29:53Z,coal demand,The 30-year PPP concession will add 18 MMT of capacity to APSEZ's portfolio and strengthen its presence across India's East Coast industrial and mineral hinterland,Business Standard,India,News,2026-09-13T20:28:10.187203Z
46b266eee776a84aa9fcb5b278ed2fdc,"APSEZ is highest bidder for two dry bulk berths at Paradip Port, adds 18 mt in Odisha",https://www.thehindubusinessline.com/economy/logistics/apsez-is-highest-bidder-for-two-dry-bulk-berths-at-paradip-port-adds-18-mt-in-odisha/article71446712.ece,ANI,2026-09-09T11:34:22Z,coal demand,"APSEZ wins bid for two dry bulk berths at Paradip Port, boosting capacity by 18 million tonnes under a 30-year concession.",BusinessLine,India,News,2026-09-13T20:28:10.187221Z
4c2d095d2385ae5bbcdbd9159294a98b,S&P Futures Slip as Bond Yields Climb After Oil Tops $100,https://www.barchart.com/story/news/4507184/s-p-futures-slip-as-bond-yields-climb-after-oil-tops-100,Oleksandr Pylypenko,2026-09-09T10:14:22Z,coal demand,"September S&P 500 E-Mini futures (ESU26) are down -0.27% this morning as escalating hostilities in the Middle East pushed oil prices higher, fueling inflatio...",Barchart.com,Unknown,Market Report,2026-09-13T20:28:10.187277Z
6d9ab16f43b12b641b98c4017a7fa5c0,Adani Ports rises after emerging as highest bidder for two bulk berths at Paradip port,https://www.business-standard.com/markets/capital-market-news/adani-ports-rises-after-emerging-as-highest-bidder-for-two-bulk-berths-at-paradip-port-126090900897_1.html,Capital Market,2026-09-09T09:37:44Z,coal demand,"Adani Ports and Special Economic Zone (APSEZ) added 3.93% to Rs 1776 after the company said that it has emerged as the highest bidder and received the letter of award for the development and operation of two dry bulk berths at Paradip port, Odisha.",Business Standard,India,News,2026-09-13T20:28:10.187300Z
197930f44a4949a5a053652c546c7980,Global Market: China stocks inch up after August inflation data; Hang Seng remains flat,https://economictimes.indiatimes.com/markets/us-stocks/news/global-market-china-stocks-inch-up-after-august-inflation-data-hang-seng-remains-flat/articleshow/133955042.cms,Anupam Nagar,2026-09-09T05:53:45Z,coal demand,"China’s stock markets edged higher while Hong Kong equities remained subdued as August inflation data highlighted an uneven recovery. Rising commodity prices lifted headline inflation, but weak domestic demand, cautious sector performance and softer growth ex…",The Times of India,China,Market Report,2026-09-13T20:28:10.187315Z
91a69d022141ae27a11af3398381708b,Coal workers back strike action at heart of WA's energy grid,https://www.abc.net.au/news/2026-09-09/collie-coal-strike-looming/107132528,Neve Brissenden,2026-09-09T05:06:11Z,coal demand,"Talks between Chinese-owned Premier Coal and workers have fallen through, leaving industrial action on the cards for WA's coal-mining heartland.",ABC News (AU),China,News,2026-09-13T20:28:10.187330Z
a2eb1fee806f569259b6100fc483dd95,"Malaysia's data centres guzzling more power as temperatures soar, officials say",https://economictimes.indiatimes.com/tech/artificial-intelligence/malaysias-data-centres-guzzling-more-power-as-temperatures-soar-officials-say/articleshow/133952300.cms,Reuters,2026-09-09T04:18:00Z,coal demand,"The share of data centres in overall power consumption surged to a record 9.3% in the second week of August, compared with an average of 7% this ‌year, Energy Commission ⁠CEO ⁠Siti Safinah Salleh said.",The Times of India,Unknown,News,2026-09-13T20:28:10.187375Z
1228a4f45e38f3d1b0bdee79abaf7ea3,Clearing The Roadless Rule: What Comes Next For America’s Burning Forests?,https://dailycaller.com/2026/09/08/cliff-bentz-roadless-rule-wildfires-fuel-reduction-market-expanson-act,Paris Apodaca,2026-09-08T21:21:57Z,coal demand,Republican Oregon Rep. Cliff Bentz wants to turn wildfire fuel from federal forests into an energy market as the Trump administration moves to rescind a Clinton-era “roadless rule.”,The Daily Caller,USA,Market Report,2026-09-13T20:28:10.187397Z
55b821a84ea183f0e105a021b5379465,"T keeps 90% of Singareni coal, AP left hunting for fuel",https://timesofindia.indiatimes.com/city/hyderabad/t-keeps-90-of-singareni-coal-ap-left-hunting-for-fuel/articleshow/133936791.cms,"Koride Mahesh,Samdani MN",2026-09-08T17:58:31Z,coal demand,"Telangana diverts nearly 90% of Singareni coal to meet rising power demand, sharply cutting supplies to Andhra Pradesh and other states amid fuel shortages.",The Times of India,Unknown,News,2026-09-13T20:28:10.187432Z
dbca3726b1c958c38a0b31223ededfec,"Canada looks beyond the US as Ottawa targets Poland with nuclear technology, uranium and LNG in major trade push amid global energy uncertainty",https://economictimes.indiatimes.com/news/international/global-trends/canada-looks-beyond-the-us-as-ottawa-targets-poland-with-nuclear-technology-uranium-and-lng-in-major-trade-push-amid-global-energy-uncertainty/articleshow/133936407.cms,ET Online,2026-09-08T17:55:26Z,coal demand,Canada is exploring energy and infrastructure partnerships with Poland.  Ottawa is pitching nuclear technology and uranium supplies to Warsaw.  Canada also seeks opportunities to supply liquefied natural gas to Poland.  This outreach aims to diversify trade b…,The Times of India,Global,News,2026-09-13T20:28:10.187494Z
9a538ec0aaa93ad6a4ad2385f0e78b6f,Aussie Activists Moaning about Massive New “Climate Bomb” Gas Field in the Northern Territory,https://wattsupwiththat.com/2026/09/08/aussie-activists-moaning-about-massive-new-climate-bomb-gas-field-in-the-northern-territory/,Eric Worrall,2026-09-08T17:00:00Z,coal demand,"""... No amount of jobs or money can compensate for this devastating future. ...""
The post Aussie Activists Moaning about Massive New “Climate Bomb” Gas Field in the Northern Territory appeared first on Watts Up With That?.",Wattsupwiththat.com,Unknown,News,2026-09-13T20:28:10.187546Z
46a6d573e878c7acb10bd278de4d75cb,"Odisha approves ₹15,949 crore power grid investment for future demand",https://www.business-standard.com/india-news/odisha-approves-15-949-crore-power-grid-investment-for-future-demand-126090801525_1.html,Hemant Kumar Rout,2026-09-08T15:23:33Z,coal demand,"State plans its first 765-kV transmission network as Rs 20 trillion of investments in steel, manufacturing, data centres, semiconductors and other sectors take shape",Business Standard,Unknown,News,2026-09-13T20:28:10.187589Z
028f082a9e6301236970fe5c1d8c4d88,Coal minister assures power plants of full supplies as rains subside,https://www.livemint.com/industry/coal-supplies-for-power-generation-to-increase-as-rains-subside-overall-stocks-at-123-mn-tonne-says-g-kishan-reddy-11788874945609.html,Rituraj Baruah,2026-09-08T14:22:07Z,coal demand,"Coal minister G. Kishan Reddy said that coal output and supplies would improve as the rains subside. Speaking to reporters on Tuesday, the minister said about 100 million tonnes of coal was at mine pitheads or in transit, while thermal power plants held about…",Livemint,Unknown,Market Report,2026-09-13T20:28:10.187638Z
2dfc185ca8ea59d3917365b61f4f9b03,We've Overshot—What Now?,https://billmckibben.substack.com/p/facts-on-the-ground,Bill Mckibben,2026-09-08T14:17:06Z,coal demand,"This will be an account of where we stand—mostly with regard to the new and much-touted United Nations report on climate change. But since it’s the day after Labor Day, traditionally the start of fall campaigning (a quaint and lovely notion that), let’s start…",Substack.com,Unknown,Market Report,2026-09-13T20:28:10.187682Z
d5fce18fa8e08c448870c3030711a482,Torrent Green Energy commissions 322MWp of solar projects in India,https://www.power-technology.com/news/torrent-green-energy-commissions-solar-projects-maharashtra/,Shree Mishra,2026-09-08T13:44:29Z,coal demand,"The projects cover 50 sites across 14 talukas in Nashik, Maharashtra, representing a major agricultural solarisation effort under MSKVY 2.0.",Power Technology,India,News,2026-09-13T20:28:10.187701Z
b1103bc152c8b21ac468ff16058f11eb,South Africa has new electricity pricing rules after 18 years: what it gets right and wrong,https://theconversation.com/south-africa-has-new-electricity-pricing-rules-after-18-years-what-it-gets-right-and-wrong-291214,"Felix Dube, Lecturer in the Department of Public Law, University of Venda",2026-09-08T13:41:00Z,coal demand,South Africa’s new electricity pricing policy reflects some changes but fails to guarantee more free power for millions who need it.,The Conversation Africa,South Africa,News,2026-09-13T20:28:10.187740Z
a1d97ce1de6115cb0eb07f745edd93a4,Minister McCluskey speech on AI for clean energy vision,https://www.gov.uk/government/speeches/minister-mccluskey-speech-on-ai-for-clean-energy-vision,Department for Energy Security and Net Zero,2026-09-08T12:55:52Z,coal demand,Minister for Local Energy and Jobs Martin McCluskey delivered a speech at the Google for Startups Accelerator: Europe event in London on 8 September.,Www.gov.uk,UK,News,2026-09-13T20:28:10.187775Z
8f996c779fe30a2dd0292332ca9cfcb3,Mint Explainer: How a weak monsoon is fueling India’s power surge and coal deficits,https://www.livemint.com/industry/weak-monsoon-india-s-power-surge-coal-deficits-hydro-power-thermal-power-irrigation-groundwater-pumping-11788856069829.html,Rituraj Baruah,2026-09-08T12:43:03Z,coal demand,"Deficient rainfall has driven up the use of water pumps and air conditioners, leaving 58 thermal power plants with critically low coal stocks and electricity shortages above 20 million units.",Livemint,India,News,2026-09-13T20:28:10.187801Z
348321ab8f2488d5aa78e608447ecc07,China’s clean energy surge is starting to squeeze out coal,https://biztoc.com/x/252375e19829f173,electrek.co,2026-09-08T12:19:16Z,coal demand,"China’s clean energy machine is now moving so fast that it’s meeting soaring electricity demand and pushing coal power backward at the same time.
Coal generation has stopped growing in 17 of the 26 Chinese provinces and regions analyzed in a new report from e…",Biztoc.com,China,Market Report,2026-09-13T20:28:10.187819Z
f525d8a8f0e01585d78e1d4dc5d6c330,South Korea’s AI boom could need 20 new nuclear reactors’ worth of power,https://thenextweb.com/news/south-korea-ai-power-demand-nuclear-reactors,Alina Maria Stan,2026-09-08T09:39:18Z,coal demand,"South Korea expects artificial intelligence, and the chip fabs feeding it, to add between 25 and 30 gigawatts to national electricity demand, which by the country’s own reactor standards is roughly 20 nuclear plants. The government now has to decide whether t…",The Next Web,South Korea,News,2026-09-13T20:28:10.187859Z
03e2951b7dc706af7609c529b1577d80,Why isn't oil above $100 despite supply disruptions?,https://www.rte.ie/news/business/2026/0908/1590715-why-isnt-oil-above-100-despite-supply-disruptions/,RTÉ News,2026-09-08T08:49:00Z,coal demand,Global oil benchmark Brent crude has rallied this month but stayed below $100 a barrel despite recent escalation in the US-Iran conflict that has disrupted Gulf exports from the Strait of Hormuz and the Red Sea.,RTE,Global,News,2026-09-13T20:28:10.187896Z
726a892bb487e145106efae518a952bf,"Steel prices set to rise further on coking coal costs, demand revival",https://www.thehindubusinessline.com/economy/steel-prices-set-to-rise-further-on-coking-coal-costs-demand-revival/article71441753.ece,Reuters,2026-09-08T08:23:56Z,coal demand,"Indian ‌steel prices are expected to rise further in the coming ​weeks as a post-monsoon pickup in infrastructure and automotive ⁠demand tightens the market while higher coking coal costs lift production costs of mills, executives and analysts said.",BusinessLine,India,Market Report,2026-09-13T20:28:10.187917Z
820bc765cca24e0d77aa55bf0f55138e,"Indian steel prices set to rise further on coking coal costs, demand revival",https://economictimes.indiatimes.com/industry/indl-goods/svs/steel/indian-steel-prices-poised-for-surge-amid-coking-coal-costs-and-demand-revival/articleshow/133915899.cms,Reuters,2026-09-08T08:13:35Z,coal demand,"Indian steel prices are expected to increase in the coming weeks. Post-monsoon demand from infrastructure and automotive sectors will tighten the market. Higher coking coal costs are lifting production expenses for steel mills. Rising imports, particularly fr…",The Times of India,India,Market Report,2026-09-13T20:28:10.187939Z
a608d9c180d76aea071dbf2dca2d5c96,"Steel prices set to rise further on coking coal costs, demand revival",https://www.business-standard.com/industry/news/steel-prices-set-to-rise-further-on-coking-coal-costs-demand-revival-126090800586_1.html,Reuters,2026-09-08T08:04:15Z,coal demand,"Higher prices could help mills recover margins ‌squeezed by surging coking coal costs, but infrastructure, construction ​and auto companies face higher input ​costs just as demand picks up",Business Standard,Unknown,Market Report,2026-09-13T20:28:10.187977Z
2ca3a123e0357986e8091f671c076372,"Jio, NSE IPOs: Do marquee IPOs really deliver big listing-day gains?",https://economictimes.indiatimes.com/markets/ipos/fpos/jio-nse-ipos-do-marquee-ipos-really-deliver-big-listing-day-gains/articleshow/133907485.cms,Kumar Gaurav,2026-09-08T04:48:04Z,coal demand,"The anticipated IPOs from Jio and NSE are under the microscope as experts examine their potential for listing-day profits. Historical data from past mega IPOs reveal a mixed bag in terms of performance, with certain offerings incurring losses. The success of …",The Times of India,Unknown,News,2026-09-13T20:28:10.188044Z
f6296d45a1962ab00fc8c2fdfbf67641,"BRICS Summit 2026 Day 1 Highlights: India steers BRICS to consensus on trade, coercive measures amid West Asia rift",https://www.thehindubusinessline.com/news/brics-summit-2026-new-delhi-day-1-highlights/article71459080.ece,Team BL,2026-09-12T15:29:42Z,grain exports,"In a significant diplomatic breakthrough for India, the BRICS grouping on Saturday adopted a joint declaration with consensus, overcoming sharp divisions between Iran and the UAE over the West Asia conflict following a series of back-channel negotiations",BusinessLine,India,News,2026-09-13T20:28:10.556300Z
f4ae5bc9416dbc74f78099eccdb97fed,Russian Strikes on Ukraine Border Checkpoints Disrupt Rerouted Arms Supply Lines,https://www.naturalnews.com/2026-09-12-russian-strikes-ukraine-border-checkpoints-disrupt-arms-supply.html,Garrison Vance,2026-09-12T06:00:00Z,grain exports,"Drone Strikes Hit Ukraine-Moldova Border Crossing Russian drone strikes have targeted the Starokozachye border crossing between Ukraine and Moldova, in an operation that analysts say will impede the flow of military supplies and commercial exports. Ukrainian …",Naturalnews.com,Russia,News,2026-09-13T20:28:10.556337Z
9aeb11d83d74e2a4f0a514ed5e1e2ae6,"In an exclusive interview with DW, Zelenskyy says he would be open to meeting with Putin at the G20 summit in Miami",https://www.dw.com/en/dw-exclusive-zelenskyy-offers-to-meet-putin-at-g20-in-miami/a-79241703,"Misha Komadovsky, Roshni Majumdar, Timothy Jones",2026-09-12T05:46:00Z,grain exports,"In an interview with DW, Ukrainian President Volodymyr Zelenskyy said Ukraine was in a strong position to negotiate and offered to meet Vladimir Putin in Miami. Ukrainian President Volodymyr Zelenskyy has said he would travel to Miami if his Russian counterpa…",DW (English),Russia,Analysis/Opinion,2026-09-13T20:28:10.556363Z
5b8bf1d1004cfc0d75376510caac2283,Sweet and sour: India’s sugar sector braces for a testing 2026-27 season,https://www.thehindubusinessline.com/economy/agri-business/sweet-and-sour-indias-sugar-sector-braces-for-a-testing-2026-27-season/article71457001.ece,Dilip S Patil & Amarsinh   M Mokashi,2026-09-12T03:23:56Z,grain exports,"For now, the sector waits on the September monsoon, and on a single ethanol notification",BusinessLine,India,News,2026-09-13T20:28:10.556385Z
f6ef8ccb811e76286427c1eebcc40cdc,Global Food Prices Will Soar And Acute Hunger Will Spike Thanks To A Shocking Confluence Of Disastrous Events,https://activistpost.com/global-food-prices-will-soar-and-acute-hunger-will-spike-thanks-to-a-shocking-confluence-of-disastrous-events/,Editor,2026-09-11T22:00:00Z,grain exports,"Experts are warning that a historic global food crisis has begun. Food prices have already been rising for years, and now they are about to go significantly higher. The number of impoverished people in the world suffering from acute hunger was already at an a…",Activistpost.com,Global,Market Report,2026-09-13T20:28:10.556464Z
66b0f751132b813b90f03ebe9ec183c6,"As assured, Russia to further boost fertiliser supplies to India: Andrey Guryev at BRICS",https://economictimes.indiatimes.com/news/economy/foreign-trade/as-assured-russia-to-further-boost-fertiliser-supplies-to-india-andrey-guryev-at-brics/articleshow/134085450.cms,Dipanjan Roy Chaudhury,2026-09-11T18:48:16Z,grain exports,Russia has significantly increased fertilizer shipments to India this year.  President Putin assured Prime Minister Modi of continued vital agricultural supplies.  Russian producers supplied 6.5 million tonnes of fertilizers to India last year.  India now imp…,The Times of India,India,News,2026-09-13T20:28:10.556495Z
84f7eb79a3a1e0ff746a8b38225ea65b,"India urges BRICS to link payment systems, encourage local currency trade",https://economictimes.indiatimes.com/news/economy/foreign-trade/india-urges-brics-to-link-payment-systems-encourage-local-currency-trade/articleshow/134073061.cms,Kirtika Suneja,2026-09-11T14:30:30Z,grain exports,"Commerce and Industry Minister Piyush Goyal urged BRICS countries to link payment systems, expand local-currency trade, open markets and simplify regulations to strengthen intra-bloc commerce. At the BRICS Business Forum, he highlighted UPI’s scale and called…",The Times of India,India,Market Report,2026-09-13T20:28:10.556517Z
f24b196518fc80b49b8659d59042be8d,Wendell and Noble,https://gardenrant.com/2026/09/wendell-and-noble.html,Allen Bush,2026-09-11T13:02:33Z,grain exports,"Wendell Berry died at home in Port Royal, Kentucky, on August 31st. The poet, novelist, essayist, and Mad Farmer lived along the Kentucky River. He was 92. Wendell Berry, Henry County in the early 1970s. James Baker Hall photo. Courtesy of the James Baker Hal…",Gardenrant.com,Unknown,News,2026-09-13T20:28:10.556562Z
152f4c868112fb3bee8bed0a48b1f2d4,Cold chain summit calls for improving capability than adding capacity,https://www.thehindubusinessline.com/economy/agri-business/cold-chain-summit-calls-for-improving-capability-than-adding-capacity/article71455554.ece,Gayatri   Sundaravadanan,2026-09-11T12:01:19Z,grain exports,Explore the critical role of cold chain logistics in preserving value and enhancing India's agricultural supply chain ecosystem.,BusinessLine,India,News,2026-09-13T20:28:10.556582Z
bc253a40d299ab8e62bfae7ccf1f2e88,Diesel costs more than $6 a gallon for the first time. Here’s how that affects you | CNN Business,https://www.cnn.com/2026/09/11/business/6-dollar-diesel-effects,"Chris Isidore, Matt Egan",2026-09-11T08:08:09Z,grain exports,"Record high prices for the workhorse fuel that powers the world economy, topped $6 a gallon on Friday for the first time ever.",CNN,Unknown,Market Report,2026-09-13T20:28:10.556659Z
d80d0013f0c8ccf40a92ea296c5b1583,Lululemon and Canada Goose Have an American Gen Z Problem,https://observer.com/2026/09/lululemon-canada-goose-face-us-sales-challenge/,"Beth Duckett, Beth Duckett",2026-09-09T17:17:50Z,grain exports,"Lululemon and Canada Goose face falling U.S. sales, tougher rivals and younger shoppers increasingly resistant to status brands. The brands that dressed millennials in leggings and parkas now have to persuade Gen Z that familiarity can still feel aspirational.",Observer,USA,News,2026-09-13T20:28:10.556709Z
0ee360b89b80491711ad121459196c0e,Research neglect of root system architecture in root and tuber crops important for Sub-Saharan African Food Security,https://journals.plos.org/plosone/article?id=10.1371/journal.pone.0357467,"Michael O. Adu, David O. Yawson",2026-09-09T14:00:00Z,grain exports,"Background Root and tuber crops (RTCs) provide 354 kcal/capita/day across sub-Saharan Africa (17.7% of dietary energy from major crop categories), and several countries derive over 40% of crop calories from cassava, yam, sweet potato, taro, and cocoyam. Despi…",Plos.org,Unknown,News,2026-09-13T20:28:10.556765Z
f8a7d61040986ef4e13392a70d830f24,"Argentina's corn exports set for record, as war in Ukraine, European heat wave reshape trade",https://finance.yahoo.com/news/argentinas-corn-exports-set-record-101814752.html,By Maximilian Heath,2026-09-09T10:18:14Z,grain exports,"BUENOS AIRES, Sept 9 (Reuters) - Argentina's corn exports are expected to reach a record 10 million metric tons in August and September, driven by a bumper h...",Yahoo Entertainment,Ukraine,News,2026-09-13T20:28:10.556791Z
5cecf5c9e0e306981d6da6164aed3012,Cattle Ranchers Have a Beef With Trump,https://prospect.org/2026/09/09/trump-meat-cattle-ranchers-beef/,David Dayen and Zachary Groz,2026-09-09T09:30:00Z,grain exports,"The tariff-free importation of 300,000 metric tons of potentially substandard beef crashed cattle markets. Trump’s makeup plans to placate ranchers are lacking in substance.
The post Cattle Ranchers Have a Beef With Trump appeared first on The American Prospe…",The American Prospect,USA,Market Report,2026-09-13T20:28:10.556814Z
3b640a99c7f38c0ef578bfd225e9d073,"Ukraine, Russia trade drone strikes, killing 6",https://www.dw.com/en/ukraine-russia-trade-drone-strikes-killing-6/a-79196814,Karl Sexton,2026-09-09T08:14:00Z,grain exports,"At least four people were killed, and 29 others were injured, in a Ukrainian attack on a Russian Black Sea port. Meanwhile, Russian drones struck a crossing on the Ukraine-Moldova border, killing two.",DW (English),Russia,News,2026-09-13T20:28:10.556838Z
95d8cb9ca1c9406334e5dcc9e655f28b,Russian drone attack kills two at Ukraine-Moldova border crossing,https://www.aljazeera.com/news/2026/9/9/russian-drone-attack-kills-two-at-ukraine-moldova-border-crossing,,2026-09-09T08:05:58Z,grain exports,"Russian drones strike Ukraine-Moldova border in Odesa, killing two and injuring three civilians, officials confirm.",Al Jazeera English,Russia,News,2026-09-13T20:28:10.556858Z
47d67eb48c0715fa047d3cc30db72d3a,Russian strike on Ukraine-Moldova border kills two,https://www.rte.ie/news/ukraine/2026/0909/1590838-ukraine-russia/,RTÉ News,2026-09-09T06:30:19Z,grain exports,"Two civilians were killed in a Russian drone strike at a checkpoint on Ukraine's border with Moldova, the regional governor said.",RTE,Russia,News,2026-09-13T20:28:10.556877Z
d5272c66f58c9ccb0480f27c60804217,Show HN: Full feature ECS game engine for TypeScript,https://github.com/oasys-works/oecs,2khan,2026-09-09T01:00:15Z,grain exports,"I've been working on this project for 11 months. This started with me making a game on the browser and a study on the ECS engine.However, I found that I needed a lot more performance and so the hunt began for a solution.I present to you a version I'm finally …",Github.com,Unknown,News,2026-09-13T20:28:10.556926Z
5b84bbbbb1ee510c73e8594b5a7b8be3,Trump’s envoys brought Kiev ‘worse’ peace terms – Ukrainian MP,https://www.rt.com/russia/645270-ukraine-us-worse-peace-terms/,RT,2026-09-08T16:04:40Z,grain exports,"Ukrainian MP Anna Skorokhod says Trump’s envoys returned from Russia with tougher peace terms, as Kiev and Moscow offer conflicting accounts Read Full Article at RT.com",RT,Russia,News,2026-09-13T20:28:10.556952Z
d1f20ed46588ddb0a381e1fd6297d059,"US envoys presented ‘worthwhile ideas’ on ending war after Russia visit, says Zelenskiy",https://www.irishtimes.com/world/europe/2026/09/08/us-envoys-presented-worthwhile-ideas-on-ending-war-after-russia-visit-says-zelenskiy/,,2026-09-08T14:51:39Z,grain exports,"Kremlin spokesman indicates Russia close to winning Ukraine war, but western observers say this is untrue",The Irish Times,Russia,News,2026-09-13T20:28:10.556976Z
b8283f73c61133104297871db1ea3111,"At least 3 dead, 16 wounded in Russian attacks on Kyiv after meetings with Jared Kushner, Steve Witkoff",https://nypost.com/2026/09/08/world-news/at-least-3-dead-16-wounded-following-russian-aerial-attacks-in-kyiv/,Associated Press,2026-09-08T13:27:35Z,grain exports,Jared Kushner and Steve Witkoff's meetings appeared to produce no significant breakthrough as both countries resumed their deadly air war Tuesday.,New York Post,Russia,News,2026-09-13T20:28:10.557013Z
4ad25fb6ec75f126af25138fc208ad66,"Grain Traders Are Closely Eyeballing Black Sea Region Grain Shipping as Wheat, Corn Prices Fall",https://www.barchart.com/story/news/4488959/grain-traders-are-closely-eyeballing-black-sea-region-grain-shipping-as-wheat-corn-prices-fall,Jim Wyckoff,2026-09-08T13:00:02Z,grain exports,The winter wheat futures markets bulls did not want to go home for the three-day holiday weekend overly long wheat futures.,Barchart.com,Unknown,Market Report,2026-09-13T20:28:10.557045Z
290f712c1f8e1e6fd226a76ed02f542b,Volodymyr Zelenskyy says US envoys have 'very good' ideas to end Russia's war on Ukraine,https://economictimes.indiatimes.com/news/defence/volodymyr-zelenskyy-says-us-envoys-have-very-good-ideas-to-end-russias-war-on-ukraine/articleshow/133924354.cms,AP,2026-09-08T12:03:27Z,grain exports,"Ukrainian President Zelenskyy welcomed constructive peace suggestions from US envoys, expressing his eagerness to converse with President Trump about defense strategies. Conversely, Russia claims it is on the brink of a military victory in Ukraine. After a sh…",The Times of India,Russia,News,2026-09-13T20:28:10.557076Z
5b6932a6955eb90f4259cdaa04d40c2e,Ships and seafarers increasingly caught in the crossfire of unrelated wars,https://www.globalsecurity.org/military/library/news/2026/09/mil-260908-unnews03.htm,John Pike,2026-09-08T12:00:00Z,grain exports,"The global shipping industry is facing a ""genuinely unprecedented"" convergence of maritime crises, with vessels and seafarers increasingly used as ""leverage"" in conflicts that have nothing to do with them.",Globalsecurity.org,Global,News,2026-09-13T20:28:10.557117Z
1c9d69f78c38764d6c03f2c184cc6aa5,"Zelensky proposes UAE, Switzerland, and Turkey for trilateral talks",https://cryptobriefing.com/zelensky-proposes-trilateral-talks-venues/,Editorial Team,2026-09-08T11:56:23Z,grain exports,"Zelensky's proposal for neutral venues in trilateral talks underscores the urgent need for diplomatic solutions to stabilize regional and global impacts.
The post Zelensky proposes UAE, Switzerland, and Turkey for trilateral talks appeared first on Crypto Bri…",Crypto Briefing,Turkey,News,2026-09-13T20:28:10.557158Z
03c412c4d3a9bb2d1c522eddbc6e5fda,"Sensex today | Stock Market Highlights: Sensex down 555 pts, Nifty ends at 23,635 as crude oil nears $100",https://www.thehindubusinessline.com/markets/sensex-nifty50-today-stock-market-highlights-8th-september-2026/article71441098.ece,"Team BL, KS Badri Narayanan",2026-09-08T10:35:03Z,grain exports,"Sensex, Nifty, Share Prices Highlights: Indian shares extended losses on Tuesday ​as oil surged toward $100 a barrel on escalating Middle East ‌tensions, while elevated volatility deepened declines in the Nifty ​during the closing auction for the ⁠weekly expi…",BusinessLine,India,Market Report,2026-09-13T20:28:10.557181Z
d33da1482e51ec099aa15ea8d693630c,"""Moonshiners"" Celebrates 250 Years of American Rebellion, Risk and Reward in All-New Season Premiering Tuesday, September 29 at 8PM ET/PT on Discovery Channel",http://www.thefutoncritic.com/news/2026/09/08/moonshiners-celebrates-250-years-of-american-rebellion-risk-and-reward-in-all-new-season-premiering-tuesday-september-29-at-8pm-et-pt-on-discovery-channel-746012/20260908discovery01/,,2026-09-08T10:03:00Z,grain exports,"It's a 250-year celebration of life, liberty and the pursuit of tax-free liquor when America's favorite Appalachian distillers return in an all-new season.",Thefutoncritic.com,USA,Market Report,2026-09-13T20:28:10.557200Z
00c5c9ec8fd217f7111a89873eca9b3d,"Russia pounds Kiev, ending halt for US talks",https://www.hurriyetdailynews.com/russia-pounds-kiev-ending-halt-for-us-talks-226614,hurriyetdailynews.com,2026-09-08T09:42:03Z,grain exports,"Russian missiles and drones pounded Kiev on Sept. 8, killing two people and sending smoke billowing above the Ukrainian capital, ending Moscow’s temporary halt to strikes on the city.",Hurriyet Daily News,Russia,News,2026-09-13T20:28:10.557226Z
119431663464cb9782b825bff4d9ea81,"Putin assures Trump that Moscow doesn’t have aggressive plans toward Europe, Kremlin says",https://www.yahoo.com/news/world/articles/russian-drone-missile-strikes-ukrainian-061734331.html,SAMYA KULLAB,2026-09-08T06:17:34Z,grain exports,"Russian President Vladimir Putin assured U.S. President Donald Trump in a phone call Tuesday that Moscow doesn't harbor aggressive intentions toward Europe,...",Yahoo Entertainment,Russia,News,2026-09-13T20:28:10.557252Z
65cc606b241178b2f806b74ad9ba8b01,Two dead as Russia resumes strikes on Kyiv,https://www.rte.ie/news/ukraine/2026/0908/1590684-ukraine-russia/,RTÉ News,2026-09-08T06:10:47Z,grain exports,"Russia resumed strikes on the Ukrainian capital of Kyiv, shortly after the departure of US peace negotiators, attacking the city with ballistic missiles and killing two people.",RTE,Russia,News,2026-09-13T20:28:10.557275Z
3392b253f05c90943a24b18be5a0d711,"European efforts to “bury” Trump’s Ukraine peace proposal reveal deep transatlantic rift, Lavrov says",https://www.naturalnews.com/2026-09-08-european-efforts-bury-peace-proposal-reveal-transatlantic-rift.html,Willow Tohi,2026-09-08T06:00:00Z,grain exports,Russian Foreign Minister Sergey Lavrov accused European leaders of being “scared to death” by Trump’s 2025 Alaska peace proposal with Putin and working to sabotage it. Lavrov claimed French President Macron boasted at a NATO summit that the Anchorage initiati…,Naturalnews.com,Russia,News,2026-09-13T20:28:10.557308Z
678a77ffcd6bef5804656ee86be84e34,"Russia, Ukraine open to renewed three-way peace talks",https://www.hurriyetdailynews.com/russia-ukraine-open-to-renewed-three-way-peace-talks-226592,hurriyetdailynews.com,2026-09-08T05:34:57Z,grain exports,"Russia and Ukraine have signaled openness to resuming three-way talks with the United States after U.S. envoys held weekend meetings in Moscow and Kiev, though the diplomatic push produced no immediate breakthrough.",Hurriyet Daily News,USA,News,2026-09-13T20:28:10.557329Z
935ade43ed6b74b6ecf1166e633ddbb9,Wheat soars after US efforts to end Black Sea conflicts yield little progress,https://www.thehindubusinessline.com/markets/commodities/wheat-soars-after-us-efforts-to-end-black-sea-conflicts-yield-little-progress/article71441197.ece,Reuters,2026-09-08T03:43:46Z,grain exports,Traders say that the US envoys' visit to Russia did not seem to have resulted in a peace breakthrough that would enable Ukrainian and Russian ​grain exports to resume,BusinessLine,Russia,News,2026-09-13T20:28:10.557356Z
0c1229e2f8984310579a6e15e3f05a35,Wheat surges on concerns over Russian commitment to Ukraine war,https://cryptobriefing.com/wheat-surges-russia-ukraine-war-concerns/,Editorial Team,2026-09-08T02:45:08Z,grain exports,"Global food security is threatened as wheat supply disruptions from the Black Sea region persist, impacting dependent nations and markets.
The post Wheat surges on concerns over Russian commitment to Ukraine war appeared first on Crypto Briefing.",Crypto Briefing,Russia,Market Report,2026-09-13T20:28:10.557377Z
5b89a7ff48e03d5d71573ef760069d97,Will Trump succeed in restarting Russia-Ukraine peace talks?,https://www.aljazeera.com/opinions/2026/9/7/will-trump-succeed-in-restarting-russia-ukraine-peace-talks,Leonid Ragozin,2026-09-07T14:22:58Z,grain exports,"The Witkoff-Kushner visit to Moscow and Kyiv did not produce a breakthrough, but it can help begin a new process.",Al Jazeera English,Russia,News,2026-09-13T20:28:10.557401Z
3f755dfeb48cc3d5e1b67d6115bede19,"Global basmati market shifts towards premium quality, says SSIEL MD Aman Gupta",https://www.thehindubusinessline.com/economy/agri-business/global-basmati-market-shifts-towards-premium-quality-says-ssiel-md-aman-gupta/article71437577.ece,Subramani Ra Mancombu,2026-09-07T06:16:42Z,grain exports,"Global basmati demand is shifting towards premium quality, traceability and authenticity as SSIEL eyes new markets and expects 12.5% export growth.",BusinessLine,Global,Market Report,2026-09-13T20:28:10.557431Z
49d9389705618b694fb131bfca98c111,Global food prices surge to highest level since 2022 as multiple crises converge,https://www.naturalnews.com/2026-09-07-global-food-cost-surge-multiple-crises-converge.html,Cassie B.,2026-09-07T06:00:00Z,grain exports,"Global food prices hit their highest level since November 2022, with the FAO’s index rising 1.9% in August Sugar prices surged nearly 12% on weather damage to crops in Europe, Asia, and Brazil Wheat and maize costs climbed as Black Sea conflict and Middle Eas…",Naturalnews.com,Brazil,Market Report,2026-09-13T20:28:10.557452Z
83044977870e41a822b80d2bd8b8555d,Europe needs corn. Ukraine has it. But US farmers are poised to get the business.,https://www.politico.eu/article/europe-needs-corn-ukraine-has-it-american-farmers-may-get-the-business/,Bartosz Brzeziński,2026-09-07T04:00:00Z,grain exports,"Drought has left Europe hunting for millions more tons of corn just as Russia chokes off Ukraine’s cheapest route to market, creating an unlikely opening for the American farm belt.",POLITICO.eu,USA,Market Report,2026-09-13T20:28:10.557472Z
a606344cddc9ea0a6e9ab6bbf8112f7a,Grain sector ‘disappointed’ farmers are choosing cheap palm kernel feed over local grain,https://www.nzherald.co.nz/the-country/news/grain-sector-disappointed-farmers-are-choosing-cheap-palm-kernel-feed-over-local-grain/YTNO7CPCXNBSXD2I4JHNEAAZQQ/,Monique Steele,2026-09-06T23:44:51Z,grain exports,Grain farmers hope more dairy farmers will buy local animal feed wheat.,New Zealand Herald,Unknown,News,2026-09-13T20:28:10.557508Z
5204a064b07710ab03c54b1ef72d9618,Ukraine’s Situation Grows Dire As Russia Continues To Hammer Ports,https://dailycaller.com/2026/09/06/ukraine-ports-russia-war,Francis Kapper,2026-09-06T13:04:33Z,grain exports,"As the Russian military continues to pound Ukrainian port infrastructure, Ukraine is becoming increasingly isolated from the sea.",The Daily Caller,Russia,News,2026-09-13T20:28:10.557533Z
666bd843f609fa33127e21439f9b4c7c,Links 9/6/2026,https://www.nakedcapitalism.com/2026/09/links-9-6-2026.html,Haig Hovaness,2026-09-06T10:55:20Z,grain exports,"Our strategic daily links: pelican at school, trickle up economics, environmental catastrophe, Chinese farming, Mideast horrors, Ukraine burning, vanishing privacy, Trumpishness, Musk world, hapless Democrats, immigration troubles, Mr. market, AI, and wretche…",Nakedcapitalism.com,China,Market Report,2026-09-13T20:28:10.557548Z
62aedcf00281538b8712760e31d19647,Soybeans Face Friday Pressure as USDA Increases Production,https://www.barchart.com/story/news/4565939/soybeans-face-friday-pressure-as-usda-increases-production,Austin Schroeder,2026-09-11T22:25:47Z,soybean exports,"Soybeans fell into the Friday close, with contracts down 21 to 35 ¾ cents across the board, as money came off the table. November was down 13 ¼ cents for the...",Barchart.com,Unknown,News,2026-09-13T20:28:11.067906Z
da8549bf9737910c0b0d77551ccc767a,"Groundnut, sesame seeds top India’s oilseed export trade",https://www.thehindubusinessline.com/economy/agri-business/groundnut-sesame-seeds-top-indias-oilseed-export-trade/article71455801.ece,BL Mangaluru Bureau,2026-09-11T11:41:59Z,soybean exports,"Groundnut exports, particularly shelled kernels, continue to form the backbone of India’s oilseed export trade, while sesame makes a significant contribution to export earnings.",BusinessLine,India,News,2026-09-13T20:28:11.067953Z
836b9f3a846266368ab440953cce29c1,Oilmeal exports decline in Q1 as soybean meal shipments fall,https://www.thehindubusinessline.com/economy/agri-business/oilmeal-exports-decline-in-q1-as-soybean-meal-shipments-fall/article71450894.ece,BL Mangaluru Bureau,2026-09-10T09:35:01Z,soybean exports,Indian soybean meal continued to face severe pricing disadvantages globally compared to cheaper supplies from South American competitors,BusinessLine,India,News,2026-09-13T20:28:11.068048Z
11a5c727072f9a6f98991da8259115f3,Experts urge policy shift to tackle China trade imbalance,https://punchng.com/experts-urge-policy-shift-to-tackle-china-trade-imbalance/,Punch Newspapers,2026-09-09T23:36:11Z,soybean exports,"Experts urge Nigeria to implement new policies to tackle the huge trade imbalance with China, despite a recent rise in raw commodity exports.

Read More: https://punchng.com/experts-urge-policy-shift-to-tackle-china-trade-imbalance/",The Punch,China,News,2026-09-13T20:28:11.068065Z
4adc4fd2fa1b0f29d27f6b315d2c12e9,China’s Zero-Tariff Policy may deepen Nigeria’s trade imbalance — IBEKE,https://www.vanguardngr.com/2026/09/chinas-zero-tariff-policy-may-deepen-nigerias-trade-imbalance-ibeke/,Urowayino Jeremiah,2026-09-09T03:44:00Z,soybean exports,"By Godwin Oritse International trade consultant and maritime expert, Okey IBEKE, has welcomed the reported increase in Nigeria’s exports to China under Beijing’s new zero-tariff policy but cautioned the Federal Government against judging the initiative by raw…",Vanguard,China,Market Report,2026-09-13T20:28:11.068144Z
7111daf609bce4f05c7088f4115b664f,"India’s soyabean output seen lower at 9.6 mt on weak rains, reduced area, says USDA",https://www.thehindubusinessline.com/economy/agri-business/indias-soyabean-output-seen-lower-at-96-mt-on-weak-rains-reduced-area-says-usda/article71438700.ece,Vishwanath Kulkarni,2026-09-07T13:33:30Z,soybean exports,USDA projects India's soyabean output to drop to 9.6 million tonnes due to weak rains and reduced planting area.,BusinessLine,India,News,2026-09-13T20:28:11.068226Z
8c40a967044625455f109745de31f275,The Passing of Ray Gaesser,https://agwired.com/2026/09/06/the-passing-of-ray-gaesser/,Chuck Zimmerman,2026-09-06T20:15:08Z,soybean exports,"We are sad to learn that Ray Gaesser passed following a farm accident. He was always so friendly and fun to talk with him. He was a former Iowa Soybean Association and American Soybean Association president. Here is an interview from back in March, 2018. ASA …",AgWired,USA,Analysis/Opinion,2026-09-13T20:28:11.068248Z
e99d00cf1af630be204d0b4ea177d5d0,Vylor plans to develop its Hyderabad centre as gene-editing hub for Asia,https://www.thehindubusinessline.com/economy/agri-business/vylor-plans-to-develop-its-hyderabad-centre-as-gene-editing-hub-for-asia/article71456397.ece,Prabhudatta  Mishra,2026-09-12T03:12:15Z,wheat exports,"The new firm will maintain the $1 billion annual R&D budget, while Corteva will make independent decisions on spending in R&D on crop protection",BusinessLine,Unknown,News,2026-09-13T20:28:11.407175Z
6eafb685eafbcbf4a33a386197d7af27,"U.S. Bans Canadian Dairy, Alcohol and Motorcycle Imports as Trade Dispute Intensifies",https://www.naturalnews.com/2026-09-10-us-bans-canadian-dairy-alcohol-motorcycle-imports.html,Douglas Harrington,2026-09-10T06:00:00Z,wheat exports,"The White House has announced an import ban on specific Canadian dairy products, most alcoholic beverages and motorcycles effective Sept. 29, according to officials. The measure represents the latest action in an escalating trade dispute, coming just days aft…",Naturalnews.com,Unknown,News,2026-09-13T20:28:11.407310Z
b501c89f056ff464834e92bdeb4d3854,Black Sea Disruption Could Push Food Prices Higher | Presented by CME Group,https://biztoc.com/x/ca55a8770ed61c03,youtube.com,2026-09-09T21:13:43Z,wheat exports,"Wheat prices are near three-year highs as Russian exports run at less than half last year’s pace and Ukrainian shipping lanes remain under threat. With global food prices at their highest since late 2022, could further Black Sea disruption drive up the cost o…",Biztoc.com,Russia,Market Report,2026-09-13T20:28:11.407337Z
6156fb53ebe129419ef87544145f3728,Black Sea Disruption Could Push Food Prices Higher | Presented by CME Group,https://biztoc.com/x/c3582ccc16f26036,youtube.com,2026-09-08T19:07:12Z,wheat exports,"Wheat prices are near three-year highs as Russian exports run at less than half last year’s pace and Ukrainian shipping lanes remain under threat. With global food prices at their highest since late 2022, could further Black Sea disruption drive up the cost o…",Biztoc.com,Russia,Market Report,2026-09-13T20:28:11.407420Z
0f0aebe01f9baad0f690dade0c56c439,Fuel imports gulp nearly N1tn amid Dangote-importers feud,https://punchng.com/fuel-imports-gulp-nearly-n1tn-amid-dangote-importers-feud/,Punch Newspapers,2026-09-08T01:12:41Z,wheat exports,"Nigeria spent N952.15bn on fuel imports in Q2 2026, despite rising domestic refining capacity and a feud between Dangote Refinery and importers. Learn more

Read More: https://punchng.com/fuel-imports-gulp-nearly-n1tn-amid-dangote-importers-feud/",The Punch,Unknown,News,2026-09-13T20:28:11.407609Z
3a6ca49962171e9919e428f358aef55e,Bessent: U.S. Waging ‘Greatest Economic Isolation Operation in History’ Against Iran — ‘Strangling’ Economy to Force Change,https://www.breitbart.com/politics/2026/09/06/bessent-u-s-waging-greatest-economic-isolation-operation-iran/,Joshua Klein,2026-09-07T00:23:57Z,wheat exports,"The Trump administration is waging an unprecedented campaign to isolate Iran economically, combining a naval blockade with sweeping sanctions as top officials say the pressure will continue until Tehran changes course — or its government does.
The post Bessen…",Breitbart News,Unknown,News,2026-09-13T20:28:11.407693Z
090dd90f61b4c941749a559ed6f760f7,Iran's Hormuz leverage wanes as US economic squeeze bites,https://economictimes.indiatimes.com/news/international/world-news/irans-hormuz-leverage-wanes-as-us-economic-squeeze-bites/articleshow/133838029.cms,Reuters,2026-09-06T13:02:15Z,wheat exports,Washington's economic offensive targets Iran after recent conflict and threats.  New sanctions and naval blockades are severely impacting Iran's oil exports and currency access.  Iranian insiders acknowledge the increasing difficulty of withstanding these unp…,The Times of India,Unknown,News,2026-09-13T20:28:11.407785Z
7bdbca06061a0c24737a34d74883d51f,Analysis-Iran's Hormuz leverage wanes as US economic squeeze bites,https://www.yahoo.com/news/articles/analysis-irans-hormuz-leverage-wanes-124818005.html,By Samia Nakhoul,2026-09-06T12:48:18Z,wheat exports,"By Samia Nakhoul ISTANBUL, Sept 6 (Reuters) - Six months after a conflict that rattled markets and pushed the Gulf to the brink of a wider war, the tide may...",Yahoo Entertainment,Turkey,Analysis/Opinion,2026-09-13T20:28:11.407807Z
06a5f722c2f60b0e03b256b35d47a839,"Sugar is outperforming the stock market this year. Here's what's driving it, and where it can go from here",https://www.cnbc.com/2026/09/06/sugar-is-outperforming-the-stock-market-this-year-whats-driving-it.html,Deena Zaidi,2026-09-06T12:48:18Z,wheat exports,"The sweetener's prices surged this week, reflecting a sharp deterioration in the global supply outlook.",CNBC,Global,Analysis/Opinion,2026-09-13T20:28:11.407836Z
644fbd0341a0a346591a8c1466cbe4be,Why Canada? America's northern neighbor seems an unlikely target for a trade war,https://abcnews.com/Business/wireStory/canada-americas-northern-neighbor-target-trade-war-136386830,PAUL WISEMAN AP economics writer,2026-09-12T15:50:03Z,fertilizer exports,Canada might seem an unlikely target for a U.S. trade war,Abcnews.com,USA,News,2026-09-13T20:28:11.733708Z
b28a821b007acae0e0efa5008bc42196,"Canada trade war jeopardizing key Senate battleground states for GOP, experts claim",https://nypost.com/2026/09/12/us-news/canada-trade-war-jeopardizing-senate-battleground-states-for-gop-experts-claim/,Geoff Earle,2026-09-12T14:26:02Z,fertilizer exports,Republicans are staring down a trade war of their own making -- and it could cost them the Senate.,New York Post,Unknown,News,2026-09-13T20:28:11.733756Z
098be244eeebbbcd5b172be294fe6652,Why Canada? America's northern neighbor seems an unlikely target for a trade war,https://economictimes.indiatimes.com/news/international/global-trends/why-canada-americas-northern-neighbor-seems-an-unlikely-target-for-a-trade-war/articleshow/134130854.cms,AP,2026-09-12T12:20:59Z,fertilizer exports,"United States President Donald Trump has imposed tariffs on Canadian goods. Canada retaliated with its own tariffs, escalating the trade dispute. The United States claims Canada unfairly protects its dairy and auto industries. Canada's economy relies heavily …",The Times of India,USA,News,2026-09-13T20:28:11.733981Z
42c34c3204640ce911a11f52df08f923,Why Canada? America's northern neighbor seems an unlikely target for a trade war,https://finance.yahoo.com/economy/policy/articles/why-canada-americas-northern-neighbor-120159686.html,PAUL WISEMAN,2026-09-12T12:01:59Z,fertilizer exports,"Canada might seem an unlikely target for a U.S. trade war.  For American farmers, Canada is second only to Mexico as an export market.  A North American trad...",Yahoo Entertainment,USA,Market Report,2026-09-13T20:28:11.734013Z
14b2ce08b81b4f82ec2a153086704f23,West Asia war strains margins for apparel makers as raw material costs rise,https://www.business-standard.com/industry/news/middle-east-war-may-push-up-clothing-prices-as-apparel-costs-surge-126091200476_1.html,Bloomberg,2026-09-12T09:57:28Z,fertilizer exports,"The West Asia war is driving up polyester, cotton, energy and freight costs, squeezing apparel manufacturers and potentially pushing clothing prices higher",Business Standard,Unknown,Market Report,2026-09-13T20:28:11.734050Z
d97967e98f68070302f5de6760003a63,War In the Middle East is Making Clothes More Expensive,https://finance.yahoo.com/markets/commodities/articles/war-middle-east-making-clothes-090002116.html,Mumbi Gitau and Arun Devnath,2026-09-12T09:00:02Z,fertilizer exports,"Energy, shipping, and material costs are going up thanks to the conflict in Iran — and El Niño is making things worse",Yahoo Entertainment,Unknown,News,2026-09-13T20:28:11.734090Z
0d8b3809adee822d710593edf6d53796,Don’t Blame Ukraine for High Gas Prices,http://foreignpolicy.com/2026/09/11/gas-prices-trump-iran-war-wright-ukraine-russia/,Keith Johnson,2026-09-11T16:24:29Z,fertilizer exports,"Kyiv’s energy war on Russia may hurt on the margins, but the real culprit is Trump’s war on Iran.",Foreign Policy,Russia,Market Report,2026-09-13T20:28:11.734191Z
ae3e6d1362cc984580853b72a9e36330,Russia-Africa Policy Debates,https://www.globalresearch.ca/russia-africa-policy-debates/5940049,Kester Kenn Klomegah,2026-09-11T13:23:56Z,fertilizer exports,"With heightening of the current geopolitics, many African governments have increasingly welcomed economic, diplomatic, and security ties with Russia. 
And noticeably, Russia’s engagements in Africa rely on irregular means to expand its influence—reliance on m…",Globalresearch.ca,Russia,News,2026-09-13T20:28:11.734244Z
2820175f8b31b957cb000f5188a94e8f,Diesel hits all-time high of $6 per gallon and just about everything will cost more,https://www.nbcnews.com/business/energy/diesel-record-price-trump-inflation-rcna596843,"Steve Kopack, Kayla Steinberg",2026-09-11T07:35:36Z,fertilizer exports,"“We are endangering one of the strongest economic pillars that we have in this country,” said fourth-generation Iowa farmer Mark Mueller.",NBC News,Unknown,News,2026-09-13T20:28:11.734323Z
a480be5e8e433e5ab38fa911b49490e5,The Paradox of Prabowonomics,http://foreignpolicy.com/2026/09/10/prabowo-subianto-indonesia-economy-politics-middle-income/,Michael Neilson,2026-09-10T13:49:49Z,fertilizer exports,"Indonesia is experiencing 5 percent growth, but not everyone is feeling it.",Foreign Policy,Indonesia,News,2026-09-13T20:28:11.734476Z
1021b6b449056ba7db49101894aa0a2f,BRICS 2026: Putin and Modi have high expectations going into key summit,https://www.rt.com/india/645378-putin-visits-india-modi/,RT,2026-09-10T12:17:08Z,fertilizer exports,Russia President Vladimir Putin and Indian PM Narendra Modi are expected to discuss the key pillars of the bilateral relationship during their meeting in New Delhi on the sidelines of the BRICS summit,RT,India,News,2026-09-13T20:28:11.734522Z
8e315a910b6cf13e6e4dca55c867739c,IMMA roundtable to discuss issues impacting specialty fertilizer and bio-stimulant sector,https://www.thehindubusinessline.com/economy/agri-business/imma-roundtable-to-discuss-issues-impacting-specialty-fertilizer-and-bio-stimulant-sector/article71450338.ece,BL Mangaluru Bureau,2026-09-10T07:04:19Z,fertilizer exports,"The association is convening a government-industry roundtable dialogue in New Delhi on September 17, bringing together senior government officials, policymakers, regulators and industry representatives",BusinessLine,Unknown,News,2026-09-13T20:28:11.734566Z
d6753218cf7f14d1d5926f57c281af06,Seaweed could be the next great industrial resource,https://www.digitaljournal.com/article/seaweed-could-be-the-next-great-industrial-resource/,Sabrina Tullo,2026-09-09T17:23:26Z,fertilizer exports,"The global seaweed industry is entering a consequential phase. Production has more than tripled since 2002, rising from 11.8 million tonnes to 36.04 million tonnes in 2022, while exports have quadrupled to $3.9 billion, according to the World Bank. Yet produc…",Digital Journal,Global,News,2026-09-13T20:28:11.734619Z
4e416df92ee423c788f694bfaa326d98,Trump telegraphs his weakness on Canada — and Carney doesn’t bite,https://fortune.com/2026/09/08/canada-tariffs-trump-oil-potash-leverage/,"Rob Gillies, The Associated Press",2026-09-08T11:38:49Z,fertilizer exports,"U.S. refineries rely on 4 million barrels of oil a day from Canada, and American farmers depend heavily on Canadian potash fertilizer.",Fortune,USA,News,2026-09-13T20:28:11.734687Z
10daa528f879d76018ee8422dfbe93b9,What to know about Canada's escalating trade war with the U.S.,https://www.npr.org/2026/09/08/nx-s1-5960990/canada-escalating-trade-war-us,The Associated Press,2026-09-08T06:04:43Z,fertilizer exports,Canada struck back at U.S. President Donald Trump on Tuesday with tariffs on about $20 billion worth of U.S. goods. The outcome could resonate far beyond Canada.,NPR,Unknown,News,2026-09-13T20:28:11.734724Z
fc377be4ccc096d65617d75431b0b03e,What to know about Canada’s escalating trade war with the US as Carney retaliates with tariffs,https://abcnews.com/International/wireStory/canadas-escalating-trade-war-us-carney-retaliates-tariffs-136264220,ROB GILLIES Associated Press,2026-09-08T05:20:48Z,fertilizer exports,"Canada’s retaliatory tariffs on about $20 billion worth of U.S. goods take effect Tuesday, turning its escalating trade war with President Donald Trump into a test watched far beyond the border: Can a country much smaller than the United States stand u...",Abcnews.com,USA,News,2026-09-13T20:28:11.734757Z
6efcc806cd09024a90c5be51b542fa8c,What to know about Canada’s escalating trade war with the US as Carney retaliates with tariffs,https://abcnews.com/Business/wireStory/canadas-escalating-trade-war-us-carney-retaliates-tariffs-136264229,ROB GILLIES Associated Press,2026-09-08T05:20:43Z,fertilizer exports,"Canada’s retaliatory tariffs on about $20 billion worth of U.S. goods take effect Tuesday, turning its escalating trade war with President Donald Trump into a test watched far beyond the border: Can a country much smaller than the United States stand u...",Abcnews.com,USA,News,2026-09-13T20:28:11.734778Z
9519c6af53df58e2a16d3fc968bdaf4d,What to know about Canada-US trade war,https://apnews.com/article/canada-trump-carney-trade-war-tariffs-4620ffb5ecc029322217207fa6758431,Rob Gillies,2026-09-08T04:15:39Z,fertilizer exports,"Canada’s retaliatory tariffs on about $20 billion worth of U.S. goods take effect Tuesday, turning its escalating trade war with President Donald Trump into a test watched far beyond the border: Can a country much smaller than the United States stand up to Tr…",Associated Press,USA,News,2026-09-13T20:28:11.734802Z
810ed681ae266038e85566e6fa02f024,What To Know About Canada’s Escalating Trade War With The US As Carney Retaliates With Tariffs,https://www.huffpost.com/entry/canada-us-tariffs-what-to-know_n_6a9f8a9fe4b03901c9590e13,HuffPost,2026-09-08T04:13:24Z,fertilizer exports,Canada struck back at Trump on Tuesday with tariffs on about $20 billion worth of U.S. goods.,HuffPost,Unknown,News,2026-09-13T20:28:11.734839Z
a585d892ed94fa23cbde6a4ea5f9812a,Iran says improved ballistic missile shows it will take preemptive action against threats,https://www.yahoo.com/news/world/articles/iran-says-improved-ballistic-missile-212447311.html,AMIR-HUSSEIN RADJY and CARA ANNA,2026-09-07T21:24:47Z,fertilizer exports,"Iran state media on Monday said a ballistic missile with improved capabilities was demonstrating a new doctrine: Tehran “will take action against any threat,...",Yahoo Entertainment,Unknown,News,2026-09-13T20:28:11.734883Z
a08cd10f3f48f5cd4a98f9dcbab6f7db,U.S. Diesel Pump Prices Reach Record High as Refined-Products Supply Tightens,https://www.naturalnews.com/2026-09-07-us-retail-diesel-reaches-record-high.html,Sterling Ashworth,2026-09-07T06:00:00Z,fertilizer exports,"Retail diesel prices in the United States reached a record $5.85 per gallon on Friday, Sept. 4 – surpassing the previous all-time high from June 2022, according to new data from the American Automobile Association (AAA) [2]. The national average price rose fr…",Naturalnews.com,USA,Market Report,2026-09-13T20:28:11.734908Z
6575e4bf14b7b8391f9d29059a84f84e,Energy Markets Signal Winter Crisis and Rising Interest Rates,https://finance.yahoo.com/energy/articles/energy-markets-signal-winter-crisis-110002366.html,"Alex Longley, Priscila Azevedo Rocha and Jana Randow",2026-09-12T11:00:02Z,bauxite,"The surge in oil, gas and diesel prices is forcing central banks and governments to reassess the impact of the wars in Iran and Ukraine.",Yahoo Entertainment,Ukraine,Market Report,2026-09-13T20:28:12.111027Z
0d530288bcc002c4590533fe04d127f1,Indonesia finalizing permits for Rusal bauxite project in Kalimantan,https://en.antaranews.com/news/431091/indonesia-finalizing-permits-for-rusal-bauxite-project-in-kalimantan,"Aria Ananda, Yashinta Difa",2026-09-12T07:36:20Z,bauxite,Energy and Mineral Resources (ESDM) Minister Bahlil Lahadalia confirmed that the permitting process for a major bauxite-to-alumina downstreaming project by ...,Antaranews.com,Indonesia,News,2026-09-13T20:28:12.111072Z
551bb39237a0f1f612bd9031e70371c0,"Alcoa Sees Aluminum Deficit, Strong Demand and Tariff Upside at Jefferies Conference",https://www.marketbeat.com/instant-alerts/event-alcoa-sees-aluminum-deficit-strong-demand-and-tariff-upside-at-jefferies-conference-2026-09-12/?utm_source=yahoofinance&amp;utm_medium=yahoofinance,MarketBeat,2026-09-12T05:02:00Z,bauxite,"Alcoa (NYSE:AA) CFO Molly Beerman said the aluminum producer is carrying momentum from the second quarter into the third quarter, supported by strong product...",MarketBeat,Unknown,News,2026-09-13T20:28:12.111114Z
f2a25faf1091ce44fb68224a512b7813,Rio Tinto's exit from remote NT town looms large over by-election,https://www.abc.net.au/news/2026-09-12/rio-tinto-exit-looms-large-over-nt-mulka-by-election/107130274,Jack Hislop,2026-09-11T23:08:05Z,bauxite,"Mining giant Rio Tinto is set to withdraw from Nhulunbuy in 2029, leaving the town without its biggest employer. What's next for the region could be the key issue at today's Mulka by-election.",ABC News (AU),Unknown,News,2026-09-13T20:28:12.111153Z
2a681303f4d1b4d38f164da107d148da,"Aurukun Deal Gives Rio Tinto (RIO) More Bauxite Upside, But Risks Remain",https://biztoc.com/x/26370533e918e3d7,finance.yahoo.com,2026-09-11T15:26:14Z,bauxite,"Rio Tinto Group (NYSE:RIO) has agreed to acquire the Aurukun Bauxite Project in Western Cape York, Queensland, from a joint venture between Glencore and Mitsubishi Development. Financial terms were not disclosed, and the transaction remains subject to approva…",Biztoc.com,Unknown,News,2026-09-13T20:28:12.111399Z
8e873dbcf554b462dd5a8e4edef3a50b,Qualcomm’s AI Ambitions Get a Boost From Amazon Partnership,https://finance.yahoo.com/technology/ai/articles/qualcomm-ai-ambitions-boost-amazon-151217166.html,Vardah Gill,2026-09-11T15:12:17Z,bauxite,"QUALCOMM Incorporated (NASDAQ:QCOM) has struck a long-term partnership with Amazon.com, Inc. (NASDAQ:AMZN) under which Amazon could purchase as much as $60 b...",Yahoo Entertainment,Unknown,News,2026-09-13T20:28:12.111444Z
a32ccc5f5baef1726e8b2a5b2220ffaa,Drug Trial Setbacks Raise Questions Over Novartis (NVS)’s Growth Pipeline,https://finance.yahoo.com/healthcare/articles/drug-trial-setbacks-raise-questions-151052444.html,Vardah Gill,2026-09-11T15:10:52Z,bauxite,"Novartis AG (NYSE:NVS) has suffered a major setback after its experimental drug del-desiran failed a late-stage trial for myotonic dystrophy type 1, a rare m...",Yahoo Entertainment,Unknown,News,2026-09-13T20:28:12.111488Z
1e75bf315aa7412c26f132d3ff4058e1,"Aurukun Deal Gives Rio Tinto (RIO) More Bauxite Upside, But Risks Remain",https://finance.yahoo.com/markets/commodities/articles/aurukun-deal-gives-rio-tinto-150922927.html,Vardah Gill,2026-09-11T15:09:22Z,bauxite,"Rio Tinto Group (NYSE:RIO) has agreed to acquire the Aurukun Bauxite Project in Western Cape York, Queensland, from a joint venture between Glencore and Mits...",Yahoo Entertainment,Unknown,News,2026-09-13T20:28:12.111525Z
e4f21adc97e2792409fec1bb655075d5,U.S. Administration Eyes Venezuela’s Critical Minerals,https://finance.yahoo.com/energy/articles/u-administration-eyes-venezuela-critical-200000849.html,Tsvetana Paraskova,2026-09-09T20:00:00Z,bauxite,The Trump administration is eyeing Venezuela’s gold and critical minerals after securing majority control over 65 billion barrels of the country’s oil reserv...,Yahoo Entertainment,Unknown,News,2026-09-13T20:28:12.111664Z
294ffa6e906e9d8d2908f442e9113f0c,U.S. Administration Eyes Venezuela’s Critical Minerals,https://oilprice.com/Energy/Energy-General/US-Administration-Eyes-Venezuelas-Critical-Minerals.html,Tsvetana Paraskova,2026-09-09T20:00:00Z,bauxite,"After signing what President Donald Trump touted as “the biggest oil deal in world history” to take majority control of 65 billion barrels of proven crude oil reserves in Venezuela, the U.S. Administration is setting its sights on the South American country’s…",OilPrice.com,USA,News,2026-09-13T20:28:12.111697Z
8e7e6c10b0511b3a2e70d44eddc647ad,Rio Tinto to take over Queensland’s Aurukun Bauxite Project,https://biztoc.com/x/4eb0eef83d7224f8,finance.yahoo.com,2026-09-08T14:21:26Z,bauxite,"Rio Tinto has announced plans to take over the Aurukun Bauxite Project in Western Cape York, Queensland, Australia, from a joint venture (JV) of Glencore and Mitsubishi Development.
A company spokesperson told Reuters that the financial terms had not been dis…",Biztoc.com,Australia,News,2026-09-13T20:28:12.111722Z
329bb3bfd841314eaf8285db473c24bb,Rio Tinto to take over Queensland’s Aurukun Bauxite Project,https://consent.yahoo.com/v2/collectConsent?sessionId=1_cc-session_99cf9fba-ac38-4e37-b03f-a23f6e303cc7,,2026-09-08T14:02:47Z,bauxite,,Yahoo Entertainment,Unknown,News,2026-09-13T20:28:12.111747Z
a74674282e2bd5a90ac164f316a01073,Canadian Energy Metals Achieves Proof-of-Concept for Smelter Grade Alumina from a Non-Bauxite Resource & Commences its Prefeasibility Study,https://www.prnewswire.com/news-releases/canadian-energy-metals-achieves-proof-of-concept-for-smelter-grade-alumina-from-a-non-bauxite-resource--commences-its-prefeasibility-study-302871533.html,,2026-09-08T09:00:00Z,bauxite,"CALGARY, AB, Sept. 8, 2026 /PRNewswire/ -- Canadian Energy Metals Corp. (the ""Company"" or ""CEM"") announces further positive results from its ongoing efforts to recover strategic and critical metals from the black shales discovered at its Thor Project, located…",PRNewswire,Unknown,News,2026-09-13T20:28:12.111857Z
e1fb2cea7c748afb302ce83f059a5444,Canadian Energy Metals Achieves Proof-of-Concept for Smelter Grade Alumina from a Non-Bauxite Resource & Commences its Prefeasibility Study,https://www.prnewswire.co.uk/news-releases/canadian-energy-metals-achieves-proof-of-concept-for-smelter-grade-alumina-from-a-non-bauxite-resource--commences-its-prefeasibility-study-302871543.html,,2026-09-08T09:00:00Z,bauxite,"CALGARY, AB, Sept. 8, 2026 /PRNewswire/ -- Canadian Energy Metals Corp. (the ""Company"" or ""CEM"") announces further positive results from its ongoing efforts to recover strategic and critical metals from the black shales discovered at its Thor Project, located…",PR Newswire UK,Unknown,News,2026-09-13T20:28:12.111891Z
2d46e75128ede5b0fb138998480409a5,Canadian Energy Metals Achieves Proof-of-Concept for Smelter Grade Alumina from a Non-Bauxite Resource & Commences its Prefeasibility Study,https://www.prnewswire.com/news-releases/canadian-energy-metals-achieves-proof-of-concept-for-smelter-grade-alumina-from-a-non-bauxite-resource--commences-its-prefeasibility-study-302871543.html,,2026-09-08T09:00:00Z,bauxite,"CALGARY, AB, Sept. 8, 2026 /PRNewswire/ -- Canadian Energy Metals Corp. (the ""Company"" or ""CEM"") announces further positive results from its ongoing efforts to recover strategic and critical metals from the black shales discovered at its Thor Project, located…",PRNewswire,Unknown,News,2026-09-13T20:28:12.111925Z
7b33c55a4110917974f1a22c7b5ff063,Beyond the Blitz,https://www.lrb.co.uk/blog/2026/september/beyond-the-blitz,Colin Douglas,2026-09-07T15:09:04Z,bauxite,The story of the Blitz cannot be fully understood as a national story. It was part of a global war. While the Luftwaffe attacked industrial and...,London Review of Books,Global,News,2026-09-13T20:28:12.111958Z
267e9e8dc61e9681c36e117b620ad008,Aluminum Refractory Materials Market worth $2.73 billion by 2031 - Exclusive Report by MarketsandMarkets™,https://www.prnewswire.com/news-releases/aluminum-refractory-materials-market-worth-2-73-billion-by-2031---exclusive-report-by-marketsandmarkets-302871131.html,,2026-09-07T10:15:00Z,bauxite,"DELRAY BEACH, Fla., Sept. 7, 2026 /PRNewswire/ -- According to MarketsandMarkets™, the Aluminum Refractory Materials Market is expected to reach USD 2.73 billion by 2031 from USD 2.17 billion in 2026, at a CAGR of 4.77% during the forecast period. Browse 274 …",PRNewswire,Unknown,Analysis/Opinion,2026-09-13T20:28:12.112018Z
e52b4d0c19891040e6744065520b6912,Copper Hits Record Highs While Smelters Lose Money on Every Ton,https://oilprice.com/Metals/Commodities/Copper-Hits-Record-Highs-While-Smelters-Lose-Money-on-Every-Ton.html,Michael Kern,2026-09-09T15:00:00Z,nickel ore,"Copper is trading at record prices, and the people who turn raw ore into usable metal can't make money doing it. That's the copper market right now, and it says more about who actually controls the world's most important industrial metal than any single price…",OilPrice.com,Unknown,Market Report,2026-09-13T20:28:12.429275Z
641039f89ebf9de83a71ddec22ba1060,Drill Program Underway at Mink Ventures Corporation’s Rankin Ni Cu Co Project,https://financialpost.com/globe-newswire/drill-program-underway-at-mink-ventures-corporations-rankin-ni-cu-co-project,GlobeNewswire,2026-09-09T12:50:22Z,nickel ore,"TORONTO, Sept. 09, 2026 (GLOBE NEWSWIRE) — Mink Ventures Corporation (TSXV:MINK) (“Mink” or the “Company“) today announced it has executed a drill contract to test priority targets at its newly option Rankin Ni, Cu, Co Project, located approximately 35km west…",Financial Post,Unknown,News,2026-09-13T20:28:12.429332Z
1a79a82651c07e8844d422d4ff61ca80,"LOHUM targets 30,000 tonnes lithium carbonate output from Zimbabwe assets",https://www.business-standard.com/companies/news/lohum-zimbabwe-lithium-mining-lithium-carbonate-production-india-126090900385_1.html,Saket Kumar,2026-09-09T06:19:21Z,nickel ore,The critical minerals company has begun mining across 10 spodumene-bearing blocks and plans to refine the material in India as part of an integrated battery-materials supply chain,Business Standard,India,News,2026-09-13T20:28:12.429356Z
62f0e212e7a163dec01bac52a56b3357,"Power Metallic Defines High-Grade Maiden Resource at Lion Averaging ~3.9% CuEq, with >85% Indicated and Significant Expansion Potential",https://www.prnewswire.com/news-releases/power-metallic-defines-high-grade-maiden-resource-at-lion-averaging-3-9-cueq-with-85-indicated-and-significant-expansion-potential-302871947.html,,2026-09-08T07:00:00Z,nickel ore,Lion at a Glance ~406Mlb contained CuEq | ~3.9% CuEq | >85% Indicated | Starts at surface |~59% of tonnes within open-pit resource | >98% Cu recovery | 25%+ Cu concentrate | MRE cut-off April 19| 5 rigs active| Post cut-off deep drilling not included | Assays…,PRNewswire,Unknown,News,2026-09-13T20:28:12.429466Z
b173298114e338f9cb5bb5bd27399548,The Green Energy Paradox: Saving Nature by Destroying It,https://www.globalresearch.ca/green-energy-paradox-saving-nature-destroying-it/5939361,Mark Keenan,2026-09-07T23:20:06Z,nickel ore,"The environmental movement used to be about protecting nature: clean rivers, clean air, fewer toxic chemicals and less destruction of the countryside. Now, apparently, we are going to save nature by digging up enormous quantities of it.
The “green transition”…",Globalresearch.ca,Unknown,News,2026-09-13T20:28:12.429517Z
c08012328046bbfb0b640a695deb6297,Oregon stock report: Jeremiah McClellan surges in win vs. Boise State,https://duckswire.usatoday.com/story/sports/college/ducks/football/2026/09/07/oregon-football-stock-report-week-1-stock-up-stock-down/91648865007/,"Zachary Neel, Ducks Wire",2026-09-07T18:27:26Z,nickel ore,Who helped or hurt their stock for Oregon in Week 1? Breaking down the biggest risers and fallers after the Ducks’ game against Boise State.,USA Today,Unknown,Market Report,2026-09-13T20:28:12.429556Z
1414de4d26220971d00f38addb5bb883,Most Critical Minerals Aren’t Going to the Energy Transition,https://oilprice.com/Energy/Energy-General/Most-Critical-Minerals-Arent-Going-to-the-Energy-Transition.html,Charles Kennedy,2026-09-06T22:00:00Z,nickel ore,"An Oakland Institute analysis challenges claims that a large increase in mining is an unavoidable cost of replacing fossil fuels. Using International Energy Agency (IEA) data, Oakland calculated that wind, solar, renewable-power networks, grid batteries and e…",OilPrice.com,Global,Analysis/Opinion,2026-09-13T20:28:12.429602Z
037a0da7af92022c6d186ca71ce96841,Develop Global Shares Slide 10% Ahead Of Pioneer Dome Stage Two Decision This September Quarter In WA,https://www.ibtimes.com.au/develop-global-shares-fall-pioneer-dome-decision-1875355,Mike Clair,2026-09-11T02:06:46Z,copper concentrate,"Develop Global shares fell 10.06% to $4.83 amid broader ASX weakness, despite strong year-to-date gains and upcoming decisions on its Pioneer Dome lithium project.",Ibtimes.com.au,Global,News,2026-09-13T20:28:12.793708Z
7b767b219f6f6572b84125c38503f478,Beauty Expert Reveals Which Summer Hair Damage You Can—and Can’t—Reverse,https://beautytidbits.com/2026/09/summer-hair-damage/,Harshleen,2026-09-10T19:09:42Z,copper concentrate,"If you’ve come back from your summer holiday wondering why your hair suddenly feels like straw, tangles more easily or simply refuses to behave like it did before you went away, it may not be your imagination. September is the peak time for noticing the cumul…",Beautytidbits.com,Unknown,News,2026-09-13T20:28:12.793813Z
6ef8a542cb3c52a167c014353e53377f,A new Arizona plant is going after the rare earth supply crunch,http://electrek.co/2026/09/10/a-new-arizona-plant-is-going-after-the-rare-earth-supply-crunch/,Michelle Lewis,2026-09-10T18:50:00Z,copper concentrate,"A new rare earth recycling plant in Arizona could create another domestic source of materials needed for EV motors, wind turbines, and a long list of other products.



 more…",Electrek,Unknown,News,2026-09-13T20:28:12.793868Z
70703b06b58256945f5f8315890c8d4b,PT Amman Mineral Internasional plans Hong Kong listing to raise $1B,https://cryptobriefing.com/amman-mineral-hong-kong-listing-billion/,Editorial Team,2026-09-10T14:39:28Z,copper concentrate,"AMMN's Hong Kong listing could enhance global investor access, diversify capital sources, and strengthen Indonesia's mining sector's global presence.
The post PT Amman Mineral Internasional plans Hong Kong listing to raise $1B appeared first on Crypto Briefin…",Crypto Briefing,Indonesia,News,2026-09-13T20:28:12.793912Z
821b483de294d0c9e93d0f27828ab0d3,Conserved assembly architecture of the essential herpesvirus packaging accessory factor,https://journals.plos.org/plospathogens/article?id=10.1371/journal.ppat.1014540,"Elizabeth J. Bailey, Swapnil C. Devarkar, Renata Szczepaniak, Laura M. Meißner, Xinyu Chen, Chunxiang Wu, Sandra K. Weller, Yong Xiong, Allison L. Didychuk",2026-09-10T14:00:00Z,copper concentrate,"Author summary Herpesviruses are a diverse family of pathogens that drive human disease. At the end of their life cycle, all herpesviruses must actively package their genomes into newly formed capsids. Although some aspects of packaging are conserved with tai…",Plos.org,Unknown,News,2026-09-13T20:28:12.793968Z
5cff0738e8eebe5b274b3f2efaadcaee,"Copper price's record rally highlights global mining-smelting mismatch, IPCPA says",https://economictimes.indiatimes.com/markets/commodities/news/copper-prices-record-rally-highlights-global-mining-smelting-mismatch-ipcpa-says/articleshow/134003955.cms,PTI,2026-09-10T10:22:24Z,copper concentrate,"Copper prices are soaring to unprecedented levels, driven by a significant global supply imbalance. While mining operations struggle to meet demand, smelting capabilities are rapidly increasing. This disparity creates substantial structural challenges in the …",The Times of India,Global,Market Report,2026-09-13T20:28:12.794070Z
db95000a3b9d795bbb04d8f548e299c8,"Nisg̱a'a, Tahltan Nations mark official opening of Stewart, B.C., port as expansion plans take shape",https://www.cbc.ca/news/canada/british-columbia/nisga-a-talhtan-port-opening-9.7338188,Catherine Garrett,2026-09-10T02:45:12Z,copper concentrate,"The Portland Canal Marine Terminal in Stewart, B.C., has marked its official opening under majority Indigenous ownership. The terminal handles copper and gold concentrate and is planning modernization and expansion.",CBC News,Unknown,News,2026-09-13T20:28:12.794176Z
c0ca2ad3aacd1bc01c471b2abb0730bd,Nisg̱a’a and Tahltan Nations and Arrow Transportation Officially Open British Columbia’s First Majority Indigenous-Owned Port,https://financialpost.com/globe-newswire/nisg̱aa-and-tahltan-nations-and-arrow-transportation-officially-open-british-columbias-first-majority-indigenous-owned-port,GlobeNewswire,2026-09-09T21:09:35Z,copper concentrate,"One year after acquiring the Portland Canal Marine Terminal, the partners are celebrating its official opening and operational improvements in preparation for expansion investment, cementing an integrated mine-to-market transportation network that strengthens…",Financial Post,UK,Market Report,2026-09-13T20:28:12.794232Z
55288d543e138cb72309cd1e6ccdc67f,"HIV-1 lentivirus with VSV-G envelope: Complex N glycosylation governs shifts in aggregation and infectivity state at close to physiological pH, serum, and Ca2+ levels",https://journals.plos.org/plosone/article?id=10.1371/journal.pone.0357567,"Tzu-Lan Chang, Ayobami I. Ogundiran, Andrey Ivanov, Gabrielle Torain, Sergei Nekhai, Preethi L. Chandran",2026-09-09T14:00:00Z,copper concentrate,"The goal of the study is to determine if the N-glycosylation on a virus affects its diffusion or solution state in different environmental conditions, and if the nature of the solution states has any consequence for the virus infectivity. HIV-1 lentivirus is …",Plos.org,Unknown,News,2026-09-13T20:28:12.794333Z
4415e5562c28136697a4210b15cf1cd5,Smelters face severe stress amid soaring copper prices: Industry body,https://www.business-standard.com/industry/news/smelters-face-severe-stress-amid-soaring-copper-prices-industry-body-126090901426_1.html,Saket Kumar,2026-09-09T13:44:08Z,copper concentrate,IPCPA said treatment and refining charges have plunged to unprecedented negative levels as constrained mine output and expanding smelting capacity tighten concentrate supply.,Business Standard,Unknown,Market Report,2026-09-13T20:28:12.794369Z
3ac3e4d3279aa875d1044ccb3036a987,The Cheapest Way to Own a Copper Mine Is to Let Someone Else Build It,https://www.prnewswire.com/news-releases/the-cheapest-way-to-own-a-copper-mine-is-to-let-someone-else-build-it-302872897.html,,2026-09-09T13:06:00Z,copper concentrate,"VANCOUVER, BC, Sept. 9, 2026 /PRNewswire/ -- Canada News Group News Commentary - Copper is the metal the energy transition cannot proceed without, and the market reflects it. Fortune Business Insights values the global copper market at approximately US$279.29…",PRNewswire,Global,Analysis/Opinion,2026-09-13T20:28:12.794424Z
3fba00829a84b8d7ad7bb5f3fecf79eb,First copper-gold concentrate produced at Eldorado’s Skouries site,https://biztoc.com/x/bae93fadaa7df273,finance.yahoo.com,2026-09-09T11:28:53Z,copper concentrate,"Eldorado Gold has produced its first copper-gold concentrate at the Skouries Project in northern Greece, moving the site from the construction phase towards operational status.
The project is aiming to transition to commercial production in the fourth quarter…",Biztoc.com,Greece,News,2026-09-13T20:28:12.794473Z
f50627cff300ec5cb44cc89a7becc239,First copper-gold concentrate produced at Eldorado’s Skouries site,https://www.mining-technology.com/news/first-copper-gold-concentrate-eldorados-skouries-site/,Shree Mishra,2026-09-09T11:18:19Z,copper concentrate,The project is aiming to transition to commercial production in Q4 2026.,Mining Technology,Unknown,News,2026-09-13T20:28:12.794505Z
e09e865a53115631db492522f29214c1,Eldorado Gold announces first copper-gold concentrate at Skouries,https://www.naftemporiki.gr/english/2159329/eldorado-gold-announces-first-copper-gold-concentrate-at-skouries/,Μιχάλης Ματσίγκος,2026-09-09T10:58:02Z,copper concentrate,"Eldorado Gold Corporation announced that first copper-gold concentrate has been produced at the Skouries Project in northern Greece, marking a significant milestone in the transition of the project from construction…
Eldorado Gold announces first copper-gold …",Naftemporiki.gr,Greece,News,2026-09-13T20:28:12.794551Z
3d1910ab33a4b28065581a4c18ddeb1f,"Nifty reclaims 23,550 level; European markets edge lower",https://www.business-standard.com/markets/capital-market-news/nifty-reclaims-23-550-level-european-markets-edge-lower-126090900650_1.html,Capital Market,2026-09-09T08:21:23Z,copper concentrate,"The benchmark indices pared some losses in afternoon trade. Elevated crude oil prices continued to weigh on the macroeconomic outlook, while a weakening rupee further dampened investor sentiment amid renewed inflation concerns. The Nifty traded tad above the …",Business Standard,Unknown,Analysis/Opinion,2026-09-13T20:28:12.794593Z
57b12429e5396103d0cac93b9390c1e5,"Sensex, Nifty under pressure; realty shares tumble for 4th day",https://www.business-standard.com/markets/capital-market-news/sensex-nifty-under-pressure-realty-shares-tumble-for-4th-day-126090900568_1.html,Capital Market,2026-09-09T07:25:53Z,copper concentrate,Realty shares declined for fourth consecutive trading sessions.,Business Standard,Unknown,Market Report,2026-09-13T20:28:12.794619Z
c66855b41de67f4d8a8abff54e04ed1b,Kiri Industries acquires 40% stake in Philippine-based Makilala Mining Company,https://www.business-standard.com/markets/capital-market-news/kiri-industries-acquires-40-stake-in-philippine-based-makilala-mining-company-126090900394_1.html,Capital Market,2026-09-09T06:20:27Z,copper concentrate,"Kiri Industries said that Equinaire Holdings has successfully acquired 20 million shares, representing a 40% stake, in Makilala Mining Company, Inc. (MMCI) for a total cash consideration for the transaction is $5.01 million.",Business Standard,Unknown,News,2026-09-13T20:28:12.794663Z
58f4c4be28e5ebd42ad0b5449bf32d15,"Equinaire Holdings successfully bids for 40% stake in MMCI, Philippines",https://www.business-standard.com/markets/capital-market-news/equinaire-holdings-successfully-bids-for-40-stake-in-mmci-philippines-126090900242_1.html,Capital Market,2026-09-09T04:34:02Z,copper concentrate,"Equinaire Holdings (EHL), a wholly owned subsidiary  Kiri Industries, is declared the successful bidder in the public auction conducted on 8 September 2026 for the sale of 20,000,000 shares in Makilala Mining Company, Inc. (MMCI), representing 40% of MMCI's o…",Business Standard,Unknown,News,2026-09-13T20:28:12.794715Z
ccaa23802127ebabd5c075a6377236e4,A New Engine of Development,http://foreignpolicy.com/2026/09/09/economic-development-global-south-over-growth-globalization-jobs-population-demographics-labor-force/,Michael Beckley,2026-09-09T04:01:35Z,copper concentrate,"The era of easy growth is over, but rich and poor countries can still join forces.",Foreign Policy,Unknown,News,2026-09-13T20:28:12.794742Z
7e9e58d1cfafd38af8ca9ac82ec0a34c,Is algae water dirty?,https://www.lifesciencesworld.com/is-algae-water-dirty/,Ava Reynolds,2026-09-09T00:09:08Z,copper concentrate,"Is Algae Water Dirty? Separating Fact from Fiction The answer to Is algae water dirty? is nuanced. While the presence of algae doesn’t automatically mean water is unsafe, excessive algae growth can degrade water quality, potentially making it unsuitable for c…",Lifesciencesworld.com,Unknown,News,2026-09-13T20:28:12.794790Z
0dcfda024e62a3ce0e9dfa64effb9c15,Eldorado Gold Announces First Copper-Gold Concentrate at Skouries,https://financialpost.com/globe-newswire/eldorado-gold-announces-first-copper-gold-concentrate-at-skouries,GlobeNewswire,2026-09-08T21:01:10Z,copper concentrate,"Commercial Production Expected in Q4 2026 VANCOUVER, British Columbia, Sept. 08, 2026 (GLOBE NEWSWIRE) — Eldorado Gold Corporation (TSX: ELD, NYSE: EGO) (“Eldorado” or the “Company”) is pleased to announce that first copper-gold concentrate has been produced …",Financial Post,UK,News,2026-09-13T20:28:12.794840Z
76230b78a110c240862eaa225cb2fb03,"Copper Surges Above $14,500 as Supply Squeeze Deepens",https://oilprice.com/Metals/Commodities/Copper-Surges-Above-14500-as-Supply-Squeeze-Deepens.html,OilPrice.com,2026-09-08T21:00:00Z,copper concentrate,"Copper futures in London reached a record high on Tuesday as expectations of US tariffs drew record volumes from the seaborne market into US warehouses, tightening availability elsewhere despite subdued demand. As we highlighted on Monday, deteriorating condi…",OilPrice.com,UK,Market Report,2026-09-13T20:28:12.794906Z
2b8bf27cedd8bfb6c31ff8598f960eed,Copper's Longest Rally Since 1994 Collides With a Shrinking Supply Chain,https://oilprice.com/Metals/Commodities/Coppers-Longest-Rally-Since-1994-Collides-With-a-Shrinking-Supply-Chain.html,Michael Kern,2026-09-07T17:00:00Z,copper concentrate,"Copper is riding its longest weekly winning streak since 1994, and the physical market underneath the rally keeps getting thinner. Benchmark prices on the London Metal Exchange notched a 10th straight weekly gain through last Friday, trading near $14,300 a to…",OilPrice.com,UK,Market Report,2026-09-13T20:28:12.795015Z
84cceb16d2813edecaec15d7b05b3ad0,Freeport-McMoRan Has Ripped 44% in 2026. What Would It Take to Get FCX Stock Up to $100?,https://247wallst.com/investing/2026/09/07/freeport-mcmoran-has-ripped-44-in-2026-what-would-it-take-to-get-fcx-stock-up-to-100/,David Moadel,2026-09-07T13:50:47Z,copper concentrate,"Copper's explosive rally has sent FCX shares surging nearly halfway toward a triple-digit price tag, but the path to $100 runs through a precise set of condi...",24/7 Wall St.,Unknown,News,2026-09-13T20:28:12.795052Z
7544363f53985c043d039de1500caf8d,ACG to Acquire Keşkek Licence to Extend Gold Production,https://www.prnewswire.com/news-releases/acg-to-acquire-kekek-licence-to-extend-gold-production-302870901.html,,2026-09-07T06:10:00Z,copper concentrate,"LONDON, Sept. 7, 2026 /PRNewswire/ -- ACG Metals Limited (""ACG"" or the ""Company"") is pleased to announce it has entered into a binding agreement with Meta Nikel Kobalt Madencilik Sanayi ve Ticaret A.Ş. (""META"") to acquire 100% of mining licence 60926 and all …",PRNewswire,UK,News,2026-09-13T20:28:12.795103Z
6f652003c87dfb07cb57f4c5c98808f1,"Show HN: I use AirPods as wireless IMUs to track discs, bowling balls and runs",https://kinapod.com/technology,paultracer,2026-09-12T18:40:44Z,shipping rates,"The sensors have been in AirPods since 2019. Kinapod turns the motion data from earbuds people already own into real-time sports metrics, with no custom hardware.",Kinapod.com,Unknown,News,2026-09-13T20:28:13.258728Z
822ac3aa60c68d1d82a74216d852d954,Nvidia takes new role as AI’s $5 trillion bill comes due,https://www.thestreet.com/investing/nvidia-takes-new-role-as-ais-5-trillion-bill-comes-due,Faizan Farooque,2026-09-12T16:47:00Z,shipping rates,Nvidia’s $500 billion AI push changes the game again.,TheStreet,Unknown,News,2026-09-13T20:28:13.258781Z
3efc103eb942961ce42dba96ff5eb45b,Kinefinity VISTA Shipping & Firmware Updates at IBC 2026,https://www.newsshooter.com/2026/09/12/kinefinity-vista-shipping-firmware-updates-at-ibc-2026/,Matthew Allard ACS,2026-09-12T16:46:55Z,shipping rates,"The Kinefinity VISTA has been shipping since mid-July, but only to early adopters. In a lot of places, including B&H, it is now available, but only in limited quantities. Kinefinity told me that they hope to have all current orders shipped by the end of Octob…",Newsshooter,Unknown,News,2026-09-13T20:28:13.259043Z
70e145c606c50a647eee8b14a8d3ee10,"Samsara (IOT) Crosses $2B, But Growth Comes With A Hardware Tax",https://finance.yahoo.com/markets/stocks/articles/samsara-iot-crosses-2b-growth-160016151.html,Maham Fatima,2026-09-12T16:00:16Z,shipping rates,"On September 3, Samsara (NASDAQ:IOT) told investors it had crossed $2.1 billion in annual recurring revenue, growing 30% year over year, while quarterly reve...",Yahoo Entertainment,Unknown,News,2026-09-13T20:28:13.259083Z
fc71a61b1af1adf2d9b1e1a98f8cd59a,Electric cars and solar are the hedge against this out-of-control energy crisis,http://electrek.co/2026/09/12/evs-solar-v2h-hedge-energy-crisis/,Fred Lambert,2026-09-12T14:17:32Z,shipping rates,"A drone strike shut down Saudi Arabia’s East-West oil pipeline this week, knocking roughly 5 million barrels a day offline. That’s about 5% of global supply, and it pushed Brent crude above $104. US diesel is at record highs.



That’s the fossil fuel crisis …",Electrek,Global,News,2026-09-13T20:28:13.259175Z
cd76ebf251db8963002c1f084f244d0b,Destination XL’s (DXLG) Profit Surge Can’t Outrun Its Traffic Problem,https://finance.yahoo.com/markets/stocks/articles/destination-xl-dxlg-profit-surge-124327339.html,Maham Fatima,2026-09-12T12:43:27Z,shipping rates,"On September 9, Destination XL Group (NASDAQ:DXLG) reported second-quarter results that tell two different stories depending on which line you read. Net sale...",Yahoo Entertainment,Unknown,Market Report,2026-09-13T20:28:13.259250Z
517d07a9053783f9f68350cc204288d7,Tim Cook warns of US crisis: ‘I’ve never seen anything like it’ and Musk agrees. Shockproof your hard cash today,https://finance.yahoo.com/economy/articles/tim-cook-warns-us-crisis-111500350.html,Jing Pan,2026-09-12T11:15:00Z,shipping rates,They call it a ‘hundred-year flood.’ Is your nest egg already underwater?,Yahoo Entertainment,Unknown,News,2026-09-13T20:28:13.259291Z
f5a3ae58d2ad5cb34b718c8019bbcefe,J.Jill’s (JILL) Turnaround Numbers Come With A Big Asterisk,https://finance.yahoo.com/markets/stocks/articles/j-jill-jill-turnaround-numbers-105519182.html,Maham Fatima,2026-09-12T10:55:19Z,shipping rates,"On September 9, J.Jill (NYSE:JILL) told investors its slow-building turnaround just took a real step forward, with results that beat the company’s own guidan...",Yahoo Entertainment,Unknown,News,2026-09-13T20:28:13.259335Z
f02839f97ae09e76ed2936d8b783d7fc,"Investors Showing 'Complacency' Even as Geopolitical, Economic Risks On the Rise, Says UBS CEO:",https://finance.yahoo.com/markets/articles/investors-showing-complacency-even-geopolitical-104504886.html,Ravikash Bakolia,2026-09-12T10:45:04Z,shipping rates,"UBS CEO Sergio Ermotti said Wednesday that investors may be underestimating the risks facing markets, pointing to a growing mix of geopolitical tensions and...",Yahoo Entertainment,Unknown,Market Report,2026-09-13T20:28:13.259371Z
18612cec6218cd3bb0f8a1eebe3a035d,"Wall Street week ahead: Federal Reserve decision on interest rates, retail sales update",https://abcnews.com/Business/wireStory/wall-street-week-ahead-federal-reserve-decision-interest-136385447,The Associated Press,2026-09-12T10:28:17Z,shipping rates,The Federal Reserve and its interest rate policy will be the main focus for Wall Street this week,Abcnews.com,Unknown,Market Report,2026-09-13T20:28:13.259401Z
468feb2ef335ee639d90a188095cb84a,Color Me Confused: How On Earth Are Chinese Nationals Working on Customs and Border Patrol Computers?,https://freerepublic.com/focus/f-news/4395227/posts,Hotair,2026-09-12T06:07:51Z,shipping rates,"I have any number of issues with the number of Chinese nationals in this country getting caught for doing any manner of 'janky s**t,' as the man who should be LA's mayor calls truly questionable behavior. Our universities are packed to the gills with foreign-…",Freerepublic.com,China,News,2026-09-13T20:28:13.259424Z
bb19df25babc4fcbf1b494e53578ce41,Cliff Taylor: Energy price hikes are killing hopes of a feelgood budget,https://www.irishtimes.com/opinion/2026/09/12/cliff-taylor-energy-price-hikes-are-killing-hopes-of-a-feelgood-budget/,Cliff Taylor,2026-09-12T06:00:00Z,shipping rates,"All the talk of giveaways and helping families has raised expectations, which now look set to be dashed by the bubbling energy crisis",The Irish Times,Unknown,News,2026-09-13T20:28:13.259458Z
3db7e089d527dcd7e7a5138ebc75824f,Everything Trump Wants to Do Causes Inflation,https://www.theatlantic.com/newsletters/2026/09/trump-5k-inflation-republican-midterm-convention/688603/,David A. Graham,2026-09-11T22:16:00Z,shipping rates,"Does he not understand, or does he just not care?",The Atlantic,Unknown,News,2026-09-13T20:28:13.259486Z
67ed0b4160d4eb5d2491d587d97a5c26,Canada Tariffs Likely to Dim Holiday Prospects for Cross-Border E-Commerce,http://wwd.com/sourcing-journal/trade/canada-tariffs-holiday-cross-border-e-commerce-usmca-apparel-1239223634/,Kate Nishimura,2026-09-11T21:24:54Z,shipping rates,"American e-commerce companies stand to face a multitude of headwinds heading into the busiest selling season of the year, especially if they do considerable business in North America.",WWD,USA,News,2026-09-13T20:28:13.259554Z
1a445f47e0992d7d73686d39923e2b27,Danaos Stock Just Hit a New All-Time High,https://www.barchart.com/story/news/4565053/danaos-stock-just-hit-a-new-all-time-high,Jim Van Meerten,2026-09-11T20:55:02Z,shipping rates,Danaos Corporation (DAC) is a leading global containership owner. DAC exhibits robust technical momentum with shares trading at a new all-time high. The stoc...,Barchart.com,Global,Market Report,2026-09-13T20:28:13.259585Z
a0d453930cdb7272791ccd61fcc0498f,ghost-tools added to PyPI,https://pypi.org/project/ghost-tools/,,2026-09-11T20:45:06Z,shipping rates,"Codebase integrity toolkit: finds structural ghosts, proves vacuous tests by mutation, outlines missing code, and turns human-triaged findings into accurate docs",Pypi.org,Unknown,News,2026-09-13T20:28:13.259619Z
96bc9fe8e23ffd412edd667760633a21,US stocks today: US stocks end higher as strong inflation data cements rate-hike bets,https://economictimes.indiatimes.com/markets/us-stocks/wall-street-guide/us-stocks-today-us-stocks-end-higher-as-strong-inflation-data-cements-rate-hike-bets/articleshow/134088893.cms,Reuters,2026-09-11T20:14:25Z,shipping rates,"US stocks ended higher on Friday as accelerating consumer prices strengthened expectations of a Federal Reserve rate hike next week. The Dow, S&P 500 and Nasdaq all gained, while Dell surged to a record high. Oil prices fell but remained sharply higher for th…",The Times of India,Unknown,Market Report,2026-09-13T20:28:13.259670Z
400145fec51fd4229fd8d5e00eabd6a4,Oil Posts Biggest Weekly Gain Since July,https://www.rigzone.com/news/wire/oil_posts_biggest_weekly_gain_since_july-11-sep-2026-184602-article/,"B. Wang, M. Gindis, A. Longley",2026-09-11T20:04:51Z,shipping rates,Oil posted a strong weekly gain as Middle East conflict and mounting supply risks kept markets on edge.,Rigzone,Unknown,Market Report,2026-09-13T20:28:13.259697Z
f69a949fca88dffc8d4ef85bb31054d4,"Houthi Territory Gains Threaten To Choke Off Saudi Oil, As Trump Refuses Call For Strikes",https://dailycaller.com/2026/09/11/houthis-saudi-arabia-oil-yemen-trump-strikes,Simon August,2026-09-11T19:56:58Z,shipping rates,"The Daily Caller is a 24-hour news publication providing its audience with original reporting, thought-provoking commentary and breaking news.",The Daily Caller,Unknown,Analysis/Opinion,2026-09-13T20:28:13.259727Z
302dcba7f2189d62aeff21c5558c3c82,China’s car exports beat last year’s record with four months to go,https://thenextweb.com/news/china-car-exports-eu-phev-gap,Darius Popa,2026-09-11T18:33:59Z,shipping rates,"China exported more than 6.2 million passenger cars in the first eight months of this year, beating its full-year total for 2025 with four months to spare, while domestic sales fell 25.6% in August. Europe absorbed much of the growth through plug-in hybrids, …",The Next Web,China,News,2026-09-13T20:28:13.259750Z
b326789bf3674751bb12f0b563e9f3ae,"Oil Tanker Rates Hit Record Highs Following Iran, US Shipping Attacks",https://gcaptain.com/oil-tanker-rates-hit-record-highs-following-iran-us-shipping-attacks/,Reuters,2026-09-11T18:21:06Z,shipping rates,The cost of shipping oil in the largest tankers hit record highs this week following the biggest wave of attacks on shipping since the U.S.-Iran war began in late February.,gcaptain.com,Unknown,Market Report,2026-09-13T20:28:13.259787Z
11f1fd449b313b8f4e3b035b315168c7,Cheaper Alternatives to IVIM Health: GLP-1 Providers Compared,https://plexusdx.com/blogs/learn/cheaper-alternatives-ivim-health-glp1-providers-compared-plexusdx,Jay Hastings,2026-09-11T18:00:15Z,shipping rates,"IVIM Health advertises prepaid GLP-1 bundles, but when you add the separate $75/month membership fee, competing providers often deliver lower effective costs with simpler billing and month-to-month flexibility.
     GLP-1 weight loss starts at $129/mo Provide…",Plexusdx.com,Unknown,News,2026-09-13T20:28:13.259837Z
e28f3097a0c9165f9b8d14bce6ab3ce7,UK Interest Rates Could Rise Four Times Over the Next Year,https://oilprice.com/Energy/Energy-General/UK-Interest-Rates-Could-Rise-Four-Times-Over-the-Next-Year.html,OilPrice.com,2026-09-11T18:00:00Z,shipping rates,"The Bank of England is expected to hike interest rates as many as four times within the next year, City figures have said, after the economy delivered surprise growth in July.  The central bank is expected to be buoyed by this morning’s GDP figures, which saw…",OilPrice.com,Unknown,Market Report,2026-09-13T20:28:13.259882Z
0d453a7860c4ac03c5b499e2541ee75a,"Supertanker Rates Hit $800,000 a Day as Gulf Tensions Escalate",https://biztoc.com/x/a1ab1336b0cefee9,finance.yahoo.com,2026-09-11T17:11:37Z,shipping rates,"Supertanker rates on the Baltic Exchange's benchmark Middle East-to-China shipping route have surged to a staggering $800,000 a day. With US forces having destroyed five Iranian-linked tankers and Tehran threatening further escalation in recent days, prospect…",Biztoc.com,China,Market Report,2026-09-13T20:28:13.259900Z
e1e574a030d2c4702c6499dd99f68211,Oil Prices Soar to New Heights as Houthis Seize Yemen’s Red Sea Coastline,https://truthout.org/articles/oil-prices-soar-to-new-heights-as-houthis-seize-yemens-red-sea-coastline/,Sharon Zhang,2026-09-11T17:10:17Z,shipping rates,"A top economist estimated that Trump’s Iran war has already cost the average American household an extra $1,650.",Truthout,USA,Market Report,2026-09-13T20:28:13.259921Z
1478c05781ee58686d317e015fbed40b,lightbulb-sdk added to PyPI,https://pypi.org/project/lightbulb-sdk/,robbie.pasquale@lightbulbpartners.com,2026-09-11T16:13:49Z,shipping rates,"Python SDK and MCP server for typed Lightbulb business processes, connectors, and custom agentic workflows",Pypi.org,Unknown,News,2026-09-13T20:28:13.259950Z
fd2f418208b104c70d9b5977c3e450b2,"Supertanker Rates Hit $800,000 a Day as Gulf Tensions Escalate",https://finance.yahoo.com/energy/articles/supertanker-rates-hit-800-000-160000148.html,ZeroHedge,2026-09-11T16:00:00Z,shipping rates,"Supertanker rates hit $800,000 a day as Gulf tensions rise, with VLCC costs expected to stay elevated into early next year.",Yahoo Entertainment,Unknown,Market Report,2026-09-13T20:28:13.259978Z
e5972e6784b175ad10e56cc9008c454f,"Supertanker Rates Hit $800,000 a Day as Gulf Tensions Escalate",https://oilprice.com/Energy/Energy-General/Supertanker-Rates-Hit-800000-a-Day-as-Gulf-Tensions-Escalate.html,OilPrice.com,2026-09-11T16:00:00Z,shipping rates,"Supertanker rates on the Baltic Exchange's benchmark Middle East-to-China shipping route have surged to a staggering $800,000 a day. With US forces having destroyed five Iranian-linked tankers and Tehran threatening further escalation in recent days, prospect…",OilPrice.com,China,Market Report,2026-09-13T20:28:13.260001Z
921163cf978280254752edc0a00d255d,"Oil tanker rates hit record highs following Iran, US shipping attacks",https://economictimes.indiatimes.com/news/international/world-news/oil-tanker-rates-hit-record-highs-following-iran-us-shipping-attacks/articleshow/134076908.cms,Reuters,2026-09-11T15:49:55Z,shipping rates,Oil shipping rates from the Gulf of Oman to China have reached record highs this week.  This surge follows recent attacks on shipping and military escalations in the region.  The increased risk in the Middle East Gulf is pushing freight rates to new levels.  …,The Times of India,China,Market Report,2026-09-13T20:28:13.260017Z
8d60181b1d9c311327bc0660ed0a6a1d,Oil tanker rates hit record highs as US-Iran shipping attacks escalate in Persian Gulf,https://cryptobriefing.com/oil-tanker-rates-record-highs-iran-us-attacks/,Editorial Team,2026-09-11T15:35:24Z,shipping rates,"Escalating tensions in the Persian Gulf disrupt global energy supply chains, driving up costs and exacerbating geopolitical instability.
The post Oil tanker rates hit record highs as US-Iran shipping attacks escalate in Persian Gulf appeared first on Crypto B…",Crypto Briefing,Global,Market Report,2026-09-13T20:28:13.260065Z
c50128816109e704f9ae3aafceffd852,Diesel Prices Just Shattered $6 a Gallon — Here’s Why Your Grocery Bill Could Be Next,https://247wallst.com/investing/2026/09/11/diesel-prices-just-shattered-6-a-gallon-heres-why-your-grocery-bill-could-be-next/,Rich Duprey,2026-09-11T15:24:19Z,shipping rates,"Diesel just crossed a threshold that economists say could quietly reshape what Americans pay for nearly everything, and the timing could not be worse for the...",24/7 Wall St.,USA,Market Report,2026-09-13T20:28:13.260089Z
f1b8adf450404c6c75f53be618b4bcd8,"Global bond selloff pushes US 10-yr yield nears 5% on oil, rate fears",https://www.business-standard.com/world-news/global-bond-selloff-pushes-us-10-yr-yield-nears-5-on-oil-rate-fears-126091101303_1.html,Reuters,2026-09-11T14:46:08Z,shipping rates,Global Bond Selloff Nears Historic Thresholds as Surging Oil and Rate Hike Expectations Push Yields to Multi-Year Highs,Business Standard,Global,News,2026-09-13T20:28:13.260124Z
2c5f977acad5d527a9cd951a4e85063a,ECB Puts Europe Back on the Rate-Hike Treadmill,https://app.moby.co/home/news/news-ecb-puts-europe-back-on-the-rate-hike-treadmill?utm_source=yahoo_finance&amp;utm_medium=rss,Mark Nichols,2026-09-11T14:45:31Z,shipping rates,"The central bank lifted rates another 25 basis points as the Middle East energy shock keeps inflation elevated, forcing European markets to rethink how high...",Moby.co,Unknown,Market Report,2026-09-13T20:28:13.260157Z
dfe9fb5d4fc974cc3d6798a489f876d8,US average diesel price crosses $6 per gallon for first time: GasBuddy,https://www.business-standard.com/world-news/us-average-diesel-price-crosses-6-per-gallon-for-first-time-gasbuddy-126091101240_1.html,Reuters,2026-09-11T14:31:18Z,shipping rates,U.S. diesel prices have surged nearly 60% since the U.S. and Israel attacked Iran in late February,Business Standard,Unknown,Market Report,2026-09-13T20:28:13.260188Z
ad6d9940141c0ad930f61eaa5142639f,"UK condemns “settler terrorists”, Sudan’s chemical weapons exposed, and Yemen’s war escalates: The Cheat Sheet",https://www.thenewhumanitarian.org/news/2026/09/11/uk-condemns-settler-terrorists-sudan-chemical-weapons-yemen-war-cheat-sheet,,2026-09-11T14:23:02Z,shipping rates,A weekly read to keep you in the loop on humanitarian issues.,The New Humanitarian,Unknown,Market Report,2026-09-13T20:28:13.260224Z
e565d636b0de40e7cab522d1e7c891bc,US inflation picked up as gas prices marched higher due to conflict in the Middle East,https://economictimes.indiatimes.com/news/international/world-news/us-inflation-picked-up-as-gas-prices-marched-higher-due-to-conflict-in-the-middle-east/articleshow/134069815.cms,AP,2026-09-11T13:19:36Z,shipping rates,"US inflation held at 3.4% in August from a year earlier, while monthly consumer prices accelerated 0.4% as renewed Middle East fighting pushed up gasoline costs. Core inflation eased to 2.4% annually but rose 0.3% monthly, adding uncertainty over whether the …",The Times of India,Unknown,Market Report,2026-09-13T20:28:13.260271Z
3513d1acd409ed8ef490bbe41c23615f,Jeff Currie Sees $5 Gasoline Before Midterms,https://oilprice.com/Energy/Energy-General/Jeff-Currie-Sees-5-Gasoline-Before-Midterms.html,Michael Kern,2026-09-11T13:16:00Z,shipping rates,"Diesel just broke $6 a gallon nationwide for the first time in U.S. history, and Jeff Currie says $5 gasoline is likely to land before midterms.  The founder and CEO of Real Macro, who spent more than a decade running Goldman Sachs’ commodities research desk,…",OilPrice.com,Unknown,News,2026-09-13T20:28:13.260317Z
47955023a6f54ef1b2fbc0ca099f0ac2,IEA Slashes Oil Demand View,https://www.rigzone.com/news/wire/iea_slashes_oil_demand_view-11-sep-2026-184595-article/,Grant Smith,2026-09-11T13:00:00Z,shipping rates,The International Energy Agency cut forecasts for oil demand this year and warned consumption may decline further in the coming months.,Rigzone,Global,Analysis/Opinion,2026-09-13T20:28:13.260344Z
54e7f0b6da876203641ccf6b3c8c5edc,Inflation picked up last month as gas prices jumped amid Iran war,https://wirehub.medianewsgroup.com/2026/09/11/inflation-report-lands-in-a-time-of-spiking-oil-prices-rising-interest-rates-and-fed-on-fence/,Associated Press,2026-09-11T12:50:11Z,shipping rates,Persistent inflation has presented a major challenge for the inflation-fighters at the Federal Reserve.,Medianewsgroup.com,Unknown,Market Report,2026-09-13T20:28:13.260373Z
2d092eb336b06301e8d83faa8a69b03b,"U.S. average diesel price passes $6 a gallon for the first time, GasBuddy says",https://freerepublic.com/focus/f-news/4395111/posts,The Spokesman-Review (Reuters),2026-09-11T12:45:09Z,shipping rates,"The U.S. national average price of diesel on Thursday surpassed $6 a gallon for the first time , according to price tracker GasBuddy, as the U.S.-Israeli war on Iran and Ukrainian attacks on Russia’s refineries have squeezed supply. Diesel fuels trucks, train…",Freerepublic.com,Russia,News,2026-09-13T20:28:13.260404Z
a8ed9416b8d28bb4ed7e2704f4a7422f,IEA warns oil demand may have to fall further as Iran war drags,https://financialpost.com/commodities/energy/iea-oil-demand-fall-further-iran-war-drags,Bloomberg News,2026-09-11T12:19:06Z,shipping rates,The IEA cut its forecast for oil demand and said consumption may have to decline further as the Iran war drags on. Read more.,Financial Post,Unknown,Analysis/Opinion,2026-09-13T20:28:13.260434Z
619276ab1d6ec1ede4faa6b7f4ffc63f,India 10-year yield tops 7% as oil rout extends losses into fourth week,https://economictimes.indiatimes.com/markets/bonds/india-10-year-yield-tops-7-as-oil-rout-extends-losses-into-fourth-week/articleshow/134066329.cms,Reuters,2026-09-11T12:13:48Z,shipping rates,"Indian government bonds dipped this week due to a spike in oil prices, alongside a decline in global debt markets significantly affecting Treasury yields. The uncertainty surrounding the Reserve Bank of India's liquidity stance added further strain, resulting…",The Times of India,India,Market Report,2026-09-13T20:28:13.260456Z
7bc760f312b6b16aa31918a6669caf51,"Nifty ends below 23,400 as crude surge, rising yields pressure equities",https://www.business-standard.com/markets/capital-market-news/nifty-ends-below-23-400-as-crude-surge-rising-yields-pressure-equities-126091100942_1.html,Capital Market,2026-09-11T11:46:09Z,shipping rates,"The key equity indices ended lower on Friday after a gap-down opening, as escalating tensions in the Middle East and a sharp rise in crude oil prices weighed on investor sentiment. The sell-off eased from the day's lows, but the Nifty remained below the 23,40…",Business Standard,Unknown,Market Report,2026-09-13T20:28:13.260501Z
73201bc4628f8237918c3088fd293e7c,"Hands On: Sharge's Disk Pro 2 Ultra is a compact, magnetic DIY SSD dock with active cooling, 80W passthrough charging, and HDMI 2.1 that supports up to 8TB drives",https://www.tomshardware.com/pc-components/external-ssds/hands-on-sharges-disk-pro-2-ultra,Matt Safford,2026-09-11T11:05:00Z,shipping rates,"One of our favorite external SSDs gets an upgrade as a compact DIY hub with an M.2 slot, active cooling, USB ports, up to HDMI 2.1, and a removable cable.",Tom's Hardware UK,Unknown,News,2026-09-13T20:28:13.260590Z
f09caa69c9ff49c45a99e77c11812cfb,"Sensex settles 121 pts lower; Nifty ends tad below 23,400 level",https://www.business-standard.com/markets/capital-market-news/sensex-settles-121-pts-lower-nifty-ends-tad-below-23-400-level-126091100824_1.html,Capital Market,2026-09-11T10:46:02Z,shipping rates,"As per provisional closing data, the S&P BSE Sensex tanked 120.83 points or 0.16% to 74,781.76. The Nifty 50 index lost 79.70 points or 0.34% to 23,398.10.",Business Standard,Unknown,Market Report,2026-09-13T20:28:13.260619Z
8346a5e3b72bf6d3e4a167cac53b9347,Morning Bid: Take a hike,https://finance.yahoo.com/news/morning-bid-hike-104500949.html,By Anna  Szymanski,2026-09-11T10:45:00Z,shipping rates,"By Anna Szymanski Sept 11 (Reuters) - As summer fades, so have hopes for a quick resolution to the U.-Iran conflict, as tit-for-tat strikes, new threats in t...",Yahoo Entertainment,Unknown,News,2026-09-13T20:28:13.260652Z
6a0ffeff72f7140b9ec3743129fd82f6,Everyone agrees AI could kill us all. Congress is thinking about maybe doing something about it.,https://fortune.com/2026/09/11/could-ai-kill-us-all-congress-regulation/,Jim Edwards,2026-09-11T10:38:15Z,shipping rates,Everything you need to know before you reach the office this morning.,Fortune,Unknown,News,2026-09-13T20:28:13.260683Z
8fa1eb5d263e20dfd7ae5009cc76d2bb,Global bond sell-off deepens as $100 oil stokes stagflation fears,https://www.cnbc.com/2026/09/11/bond-yields-treasurys-inflation-oil.html,Jenni Reid,2026-09-11T10:35:08Z,shipping rates,"The yield on German 10-year bonds, seen as the euro area benchmark, crossed 3.5% on Friday for the first time since April 2011.",CNBC,Germany,News,2026-09-13T20:28:13.260714Z
49e6536a01c9cb7d22978371e85d7709,What if the Assumptions Embedded in the Oil Curve Are Wrong?,https://www.rigzone.com/news/what_if_the_assumptions_embedded_in_the_oil_curve_are_wrong-11-sep-2026-184593-article/,Andreas Exarheas,2026-09-11T10:19:14Z,shipping rates,"What if the assumptions embedded in the oil curve are wrong - J.P. Morgan analysts, including Natasha Kaneva, J.P. Morgan's Head of Global Commodities Strategy, ask.",Rigzone,Global,News,2026-09-13T20:28:13.260751Z
5b2b4907ea6699ba8ff6ab1b208b9e43,Industrial Outdoor Storage Draws Institutional Capital,https://www.credaily.com/briefs/industrial-outdoor-storage-draws-institutional-capital/,Nina Dale,2026-09-11T09:14:53Z,shipping rates,Industrial outdoor storage is drawing institutional capital as data center construction adds demand to a market with 3.6% vacancy.,Credaily.com,Unknown,Market Report,2026-09-13T20:28:13.260781Z
d662869ad7817c6206b1664d655bc7a5,"US Stock Futures Rise Ahead of CPI as Oracle and Adobe Report Results: Dow Jones, S&P, Nasdaq, Wall Street",https://investorshub.advfn.com/market-news/article/36077/us-stock-futures-rise-ahead-of-cpi-as-oracle-and-adobe-report-results,Fiona Craig,2026-09-11T09:04:19Z,shipping rates,US stock futures moved higher on Friday as investors awaited August consumer inflation data ahead of the Federal Reserve’s interest-rate decision next week....,Advfn.com,Unknown,Market Report,2026-09-13T20:28:13.260823Z
f0652ca91ea75ee2759c4cc99db294fb,Benchmarks come off the day's high; European markets trade flat,https://www.business-standard.com/markets/capital-market-news/benchmarks-come-off-the-day-s-high-european-markets-trade-flat-126091100579_1.html,Capital Market,2026-09-11T08:20:07Z,shipping rates,"The benchmark indices came off the day's high in afternoon trade as a weakening rupee, higher crude oil prices and elevated global bond yields weighed on sentiment. The Nifty slipped below the 23,350 level. Realty, financials and oil & gas stocks declined whi…",Business Standard,Global,Market Report,2026-09-13T20:28:13.260866Z
62b8066c6e03670690e5305bed2be6dc,Global Market: Barclays expects ECB to raise rates again in December as inflation risks persist,https://economictimes.indiatimes.com/markets/us-stocks/news/global-market-barclays-expects-ecb-to-raise-rates-again-in-december-as-inflation-risks-persist/articleshow/134054652.cms,Anupam Nagar,2026-09-11T08:15:58Z,shipping rates,"Barclays expects the European Central Bank to raise interest rates by another 25 basis points in December as persistent inflation and higher energy prices keep pressure on policymakers. The forecast follows the ECB’s latest rate hike, while markets are pricin…",The Times of India,Global,Analysis/Opinion,2026-09-13T20:28:13.260913Z
98049c7f365a73ae4015b9b5cb9d166f,TORM plc capital increase in connection with exercise of Restricted Share Units as part of TORM's incentive program,https://www.prnewswire.com/news-releases/torm-plc-capital-increase-in-connection-with-exercise-of-restricted-share-units-as-part-of-torms-incentive-program-302876223.html,,2026-09-11T07:52:00Z,shipping rates,"HELLERUP, Denmark, Sept. 11, 2026 /PRNewswire/ -- TORM plc (NASDAQ: TRMD) (NASDAQ: TRMD A) has increased its share capital by 31,483 Class A shares, corresponding to a nominal increase of USD 314.83, as a result of the exercise of a corresponding number of Re…",PRNewswire,Unknown,News,2026-09-13T20:28:13.260971Z
8e70579d3ccb6f5d3322d3a9bd99547c,Nikkei Drops 2.8% as Oil Shock and Rate Fears Hit Tokyo,https://newsonjapan.com/article/150724.php,News On Japan,2026-09-11T07:36:45Z,shipping rates,"Tokyo stocks fell sharply on September 11, with the Nikkei 225 closing at 63,442, down 2.8%, as oil prices above $108, renewed Middle East tensions, U.S. rate-hike fears and expectations for another Bank of Japan increase triggered a broad selloff led by arti…",Newsonjapan.com,Japan,Market Report,2026-09-13T20:28:13.261009Z
d4e8805a03a6d5efe6d9eacdab0eeae0,"Mideast Chaos Sends Supertanker Rates Soaring To $800,000 A Day",https://biztoc.com/x/f3e54438d90c0ef3,zerohedge.com,2026-09-11T06:51:42Z,shipping rates,"Mideast Chaos Sends Supertanker Rates Soaring To $800,000 A Day 
 
Supertanker rates on the Baltic Exchange's benchmark Middle East-to-China shipping route have surged to a staggering $800,000 a day. With US forces having destroyed five Iranian-linked tankers…",Biztoc.com,China,Market Report,2026-09-13T20:28:13.261025Z
9655a3c3c69aacad9e8790cca88e786a,"Nifty below 23,350; metal shares under pressure",https://www.business-standard.com/markets/capital-market-news/nifty-below-23-350-metal-shares-under-pressure-126091100434_1.html,Capital Market,2026-09-11T06:20:11Z,shipping rates,"At 11:30 IST, the barometer index, the S&P BSE Sensex, tanked 385.82 points or 0.52% to 74,518.60. The Nifty 50 index lost 135.50 points or 0.58% to 23,342.30.",Business Standard,Unknown,Market Report,2026-09-13T20:28:13.261054Z
543828f07a9bbd1c410827b169501919,Oil Tanker Rates Hit Record Highs as Middle East Shipping Risks Soar,https://freerepublic.com/focus/f-news/4395085/posts,OilPrice.com,2026-09-11T06:16:07Z,shipping rates,"Oil tanker rates have jumped to record highs as escalating risks to shipping in and out of the Middle East are prompting traders and tanker operators to undertake inefficient and more expensive trade routes. While the crude oil supply is actually there, shipp…",Freerepublic.com,Unknown,Market Report,2026-09-13T20:28:13.261099Z
4a0eef2ab788931b687a91d47021c78d,US-China bond yield gap widens to record,https://www.hurriyetdailynews.com/us-china-bond-yield-gap-widens-to-record-226737,hurriyetdailynews.com,2026-09-11T06:04:52Z,shipping rates,"The gap between U.S. and Chinese 10-year government bond yields has widened to a record 317 basis points, reflecting sharply different economic and monetary policy conditions in the world’s two largest economies.",Hurriyet Daily News,China,News,2026-09-13T20:28:13.261119Z
eeb020427e98ead683cde067a71d15d8,Brent Crude Surpasses $103 Per Barrel for First Time Since May 22,https://www.naturalnews.com/2026-09-11-brent-crude-surpasses-103-per-barrel.html,Chase Codewell,2026-09-11T06:00:00Z,shipping rates,"Introduction Global oil prices accelerated their rise to 2–3% on September 10, 2026, with Brent crude futures surpassing $103 per barrel for the first time since May 22. As of 12:01 GMT, November Brent crude futures were up 2.19% from the previous close, reac…",Naturalnews.com,Global,Market Report,2026-09-13T20:28:13.261162Z
5f64565b0abd097eb8da2d459fbd3a1e,Analyst warns of 'late-stage bubble' as rates and oil prices surge,https://www.abc.net.au/news/2026-09-11/rising-oil-prices-bond-yields-falling-shares/107142006,Gareth Hutchens and Michael Janda,2026-09-11T05:58:19Z,shipping rates,Global interest rate hikes are predicted as oil prices spark inflation fears.,ABC News (AU),Global,Market Report,2026-09-13T20:28:13.261188Z
c17a196c1939dc6e20841af5cf670cfb,Best mold-free organic coffee,https://www.jpost.com/business-and-innovation/all-news/article-908114,BY IN COOPERATION WITH FABULA COFFEE,2026-09-11T05:51:12Z,shipping rates,,The Jerusalem Post,Unknown,News,2026-09-13T20:28:13.261208Z
a8118714f3f73cdd868300ee833c1a59,Global bond yields surge as oil spike fuels inflation fears,https://economictimes.indiatimes.com/markets/us-stocks/wall-street-guide/global-bond-yields-surge-as-oil-spike-fuels-inflation-fears/articleshow/134047045.cms,Anupam Nagar,2026-09-11T05:21:21Z,shipping rates,"Global bond yields reached multi-year highs as oil prices surged, increasing inflation worries.  Share markets tumbled worldwide on Friday due to these escalating economic pressures.  Investors increased bets on further interest rate hikes by central banks gl…",The Times of India,Global,Market Report,2026-09-13T20:28:13.261253Z
70bcc53f6ae724853c96fd640b4f9527,Brent crude remains above $108 a barrel on West Asia supply disruption concerns,https://www.thehindubusinessline.com/markets/commodities/brent-crude-remains-above-108-a-barrel-on-west-asia-supply-disruption-concerns/article71454694.ece,BL Mangaluru Bureau,2026-09-11T04:21:10Z,shipping rates,Brent crude stays above $108 amid West Asia supply disruption fears and rising production concerns from Saudi Arabia and Iraq.,BusinessLine,Unknown,News,2026-09-13T20:28:13.261397Z
1e590ba7360592d73cfd7ebf60cd394b,"Nifty trade below 23,300 in early trade; breadth weak",https://www.business-standard.com/markets/capital-market-news/nifty-trade-below-23-300-in-early-trade-breadth-weak-126091100194_1.html,Capital Market,2026-09-11T04:20:25Z,shipping rates,"At 09:30 IST, the barometer index, the S&P BSE Sensex, tanked 632.55 points or 0.85% to 74,274.27. The Nifty 50 index lost 217.90 points or 0.90% to 23,259.90.",Business Standard,Unknown,Market Report,2026-09-13T20:28:13.261428Z
8b7d0f32ed72102aa20bf3cae7645025,"US 10-year yield flirts with 5% as higher oil, rate hike worries swirl",https://economictimes.indiatimes.com/markets/bonds/us-10-year-yield-flirts-with-5-as-higher-oil-rate-hike-worries-swirl/articleshow/134043739.cms,Reuters,2026-09-11T03:40:12Z,shipping rates,"U.S. Treasury yields saw an upswing on Friday, nearing the 5% milestone, driven by escalating oil prices. This development has prompted traders to heighten their expectations regarding an interest rate increase from the Federal Reserve next week. The surge in…",The Times of India,Unknown,Market Report,2026-09-13T20:28:13.261474Z
aeb7b09644e6a0444c1471be7cc213d6,Indian stocks set for mild gains as GIFT Nifty rises 20 points,https://www.business-standard.com/markets/capital-market-news/indian-stocks-set-for-mild-gains-as-gift-nifty-rises-20-points-126091100135_1.html,Capital Market,2026-09-11T03:34:09Z,shipping rates,GIFT Nifty:,Business Standard,India,News,2026-09-13T20:28:13.261489Z
b87200fd37983fa6c083e88f55c70c64,Oil Tanker Rates Hit Record Highs as Middle East Shipping Risks Soar,https://biztoc.com/x/96af6a46100263d3,zerohedge.com,2026-09-11T01:51:37Z,shipping rates,"Oil Tanker Rates Hit Record Highs as Middle East Shipping Risks Soar
 
By Tsvetana Paraskova of OilPrice.com
Oil tanker rates have jumped to record highs as escalating risks to shipping in and out of the Middle East are prompting traders and tanker operators …",Biztoc.com,Unknown,Market Report,2026-09-13T20:28:13.261534Z
055f302723797c8f697f0456a614b2ad,Trump keeps telling voters he doesn’t care much about affordability,https://www.vox.com/politics/502567/trump-iran-gas-prices-republican-midterm-convention,Eric Levitz,2026-09-10T22:42:38Z,shipping rates,"If the midterms were a referendum on whether trans athletes should be barred from women’s sports, or the White House ballroom should be gorgeously renovated, or God should be identified as “nonbinary,” then Republicans would have a clear and confident closing…",Vox,Unknown,News,2026-09-13T20:28:13.261586Z
91ffa5e6c6c3bd1c8e3930649513065d,"Surging oil prices, higher bond yields weigh on stocks",https://www.channelnewsasia.com/world/surging-oil-prices-higher-bond-yields-weigh-stocks-6377296,,2026-09-10T22:31:37Z,shipping rates,NEW YORK: Oil prices surged Thursday (Sep 10) as advances by Yemeni rebels threatened the flow of crude supplies while yields on long-term US Treasury bonds reached new multi-year highs following data showing an uptick in US wholesale inflation.The benchmark …,CNA,Unknown,Market Report,2026-09-13T20:28:13.261629Z
304e32aecdc117578eb2741adc484520,"American Express Marriott Bonvoy Business 100,000 Points + Free Night Certificate (Up To 50,000 Points)",https://www.doctorofcredit.com/american-express-marriott-bonvoy-business-100000-points-free-night-certificate-up-to-50000-points/,William Charles,2026-09-10T21:06:41Z,shipping rates,"American Express is offering a sign up bonus of 100,000 points and free night certificate (good on properties costing up to 50,000 points) on the Marriott Bonvoy Business Card after spending $8,000 within 6 months.",Doctorofcredit.com,USA,News,2026-09-13T20:28:13.261654Z
a10f4f9eca67a14278f60183d7f23914,Trading Day: Inflation palpitations,https://www.channelnewsasia.com/business/trading-day-inflation-palpitations-6377261,,2026-09-10T21:04:58Z,shipping rates,"ORLANDO, Florida, Sept 10 : Global bond yields leaped to multi-year highs and U.S. and European stocks slumped on Thursday, as oil surged above $100 a barrel on the prospect of prolonged conflict in the Middle East. U.S. President Donald Trump added to invest…",CNA,Global,Market Report,2026-09-13T20:28:13.261700Z
8159f7613ae52ba2366df326b74a1eca,Reformation Announces Second Quarter Fiscal 2026 Results,https://www.prnewswire.com/news-releases/reformation-announces-second-quarter-fiscal-2026-results-302875705.html,,2026-09-10T20:05:00Z,shipping rates,"Net Revenue increased 24.1% Net Income grew 79.4% Adjusted EBITDA Margin expanded 320 basis points to 16.4% LOS ANGELES, Sept. 10, 2026 /PRNewswire/ -- Reformation Inc. (NYSE: REF) (the ""Company""), the sustainable women's fashion brand, today announced its fi…",PRNewswire,Unknown,News,2026-09-13T20:28:13.261749Z
31f9ffeedc62eefaaa78f6cb7d3a64d4,The Bab el-Mandeb Problem,http://foreignpolicy.com/2026/09/10/houthis-yemen-mokha-port-red-sea-bab-el-mandeb-iran-saudi-arabia-strait-hormuz/,Alexandra Sharp,2026-09-10T20:04:01Z,shipping rates,Houthi control of a Red Sea port brings Tehran closer to claiming another critical waterway.,Foreign Policy,Unknown,News,2026-09-13T20:28:13.261780Z
8d9b5a2a516f6f811e9bcff19b57950d,ZIM Integrated Shipping (ZIM): Can New Safeguards Preserve its $4.2B Sale?,https://finance.yahoo.com/markets/stocks/articles/zim-integrated-shipping-zim-safeguards-200217757.html,Jeff Lewis,2026-09-10T20:02:17Z,shipping rates,"ZIM Integrated Shipping Services Ltd. (NYSE:ZIM) has signed an agreement to be acquired by Hapag-Lloyd AG for $35 per share in cash, valuing the equity at ab...",Yahoo Entertainment,Unknown,News,2026-09-13T20:28:13.261817Z
ec676bace740f5a99949020d950e75dc,The Lovesac Company Q2 2027 Earnings Call Summary,https://app.moby.co/home/research/tools/earningsCalendar/earnings-the-lovesac-company-q2-2027-earnings-call-summary?utm_source=yahoo_finance&amp;utm_medium=rss,Moby Intelligence,2026-09-10T17:04:39Z,shipping rates,Moby summary of The Lovesac Company's Q2 2027 earnings call,Moby.co,Unknown,News,2026-09-13T20:28:13.261845Z
45690fa81c405f65e47403a370ae79f4,Price Tag For Oil Tanker Shipments Soars To Record High As War Grips Middle East,https://dailycaller.com/2026/09/10/oil-supertanker-iran-war-cost-david-blackmon-stuart-turley,Paris Apodaca,2026-09-10T17:01:25Z,shipping rates,The cost of moving oil around the world is exploding as the Iran war forces tankers onto longer routes.,The Daily Caller,Unknown,News,2026-09-13T20:28:13.261878Z
8250fc8ef1bfae6bb10c751ef6f0cecf,Northlanders question ‘excuseflation’ as cost-of-living pressures grow,https://www.nzherald.co.nz/northern-advocate/news/northlanders-question-excuseflation-as-cost-of-living-pressures-grow/EYLAGO562ZDKZLHHWO66AI7MGU/,Jenny Ling,2026-09-10T17:00:00Z,shipping rates,A Northland whānau says food and petrol prices are 'shocking'.,New Zealand Herald,Unknown,Market Report,2026-09-13T20:28:13.261910Z
4d300a9a7cb812b95107b80b6b601a96,Surging Tanker Rates Signal Deepening Global Energy Crisis,https://gcaptain.com/surging-tanker-rates-signal-deepening-global-energy-crisis/,Bloomberg,2026-09-10T16:34:46Z,shipping rates,"Global tanker freight rates are surging to record levels with little respite in sight, a sign of the growing strain in oil markets as traders, shipowners, producers and buyers grapple with a drawn-out conflict in the Persian Gulf and increasingly complex work…",gcaptain.com,Global,Market Report,2026-09-13T20:28:13.261955Z
065e7f047f53e54f772b1276dcc24215,Crude Oil at $100 Gets All the Attention. Watch These 5 Charts to Track the Energy Market Mechanics Behind the Headlines.,https://www.barchart.com/story/news/4542181/crude-oil-at-100-gets-all-the-attention-watch-these-5-charts-to-track-the-energy-market-mechanics-behind-the-headlines,Barchart Insights,2026-09-10T16:22:23Z,shipping rates,Our Senior Market Strategist talks about tight oil supplies and the rising cost of replenishment.,Barchart.com,Unknown,Market Report,2026-09-13T20:28:13.261987Z
79c22d038229b862e33dee1b75a5e3a4,"Oil jumps to $105, pushing up chances of a US interest rate increase",https://www.aljazeera.com/economy/2026/9/10/oil-jumps-to-105-pushing-up-chances-of-a-us-interest-rate-increase,,2026-09-10T16:05:06Z,shipping rates,Prices spiked as attacks on oil tankers escalated in the Middle East.,Al Jazeera English,Unknown,Market Report,2026-09-13T20:28:13.262029Z
a9489a664b7b576754c91e42676ee60b,Tsakos Energy Navigation Q2 Earnings Call Highlights,https://www.marketbeat.com/instant-alerts/transcript-tsakos-energy-navigation-q2-earnings-call-highlights-2026-09-10/?utm_source=yahoofinance&amp;utm_medium=yahoofinance,MarketBeat,2026-09-10T16:02:50Z,shipping rates,"Tsakos Energy Navigation (NYSE:TEN) reported record second-quarter and first-half results for 2026, citing stronger tanker markets, higher profit-sharing inc...",MarketBeat,Unknown,Market Report,2026-09-13T20:28:13.262062Z
b9f4043b07b0b074bbb56c6f18ed1d87,ECB raises interest rates as Iran war fans inflation fears,https://economictimes.indiatimes.com/markets/us-stocks/news/ecb-raises-interest-rates-as-iran-war-fans-inflation-fears/articleshow/134017879.cms,Reuters,2026-09-10T15:40:03Z,shipping rates,"The European Central Bank has taken another bold action by raising interest rates for the second occasion within the year. This effort is designed to tackle stubborn inflation, significantly driven by high energy costs and geopolitical factors. The bank expec…",The Times of India,Unknown,Market Report,2026-09-13T20:28:13.262109Z
d2340990d9a3ee9242cbddd49653876a,ECB hikes rates from 2.25% to 2.5% as Iran war drives fuel inflation fears,https://www.business-standard.com/world-news/ecb-hikes-rates-from-2-25-to-2-5-as-iran-war-drives-fuel-inflation-fears-126091001294_1.html,Reuters,2026-09-10T15:34:15Z,shipping rates,"The ECB responded by raising its policy rate to 2.50% from 2.25%, saying inflation was expected to stay above its 2% goal for some time.",Business Standard,Unknown,Market Report,2026-09-13T20:28:13.262143Z
fde44317ae2e3ea7cbd6afeba87aa205,Iraq holds tender for oil supertankers amid military threats in Strait of Hormuz,https://cryptobriefing.com/iraq-tender-oil-supertankers-hormuz-threats/,Editorial Team,2026-09-10T15:05:48Z,shipping rates,"Iraq's reliance on the Strait of Hormuz highlights the geopolitical risks impacting global oil markets and the need for strategic diversification.
The post Iraq holds tender for oil supertankers amid military threats in Strait of Hormuz appeared first on Cryp…",Crypto Briefing,Global,Market Report,2026-09-13T20:28:13.262188Z
5209131ca42e3fcbb4ce86a9e6179ea6,Free Auto Parts Inventory Software That Fits How Parts Move,https://techpinions.com/free-autoparts-inventory-software/,David Graff,2026-09-10T15:00:00Z,shipping rates,"A few years ago I helped a family-owned parts shop clean up a stockroom that ate cash like a broken carb: bins mislabeled, alternators lost, items reordered that were already sitting on a shelf twenty feet away. What that shop needed was software that fit the…",Techpinions.com,Unknown,News,2026-09-13T20:28:13.262269Z
1fec8d3f2fe575de7e08177fe14480cd,6 best B2C marketing automation software for 2026,https://www.getresponse.com/blog/b2c-marketing-automation-software,Nael Chhaytli,2026-09-10T14:53:18Z,shipping rates,"B2C marketing automation software is a platform that allows businesses to automate marketing activities, including lead generation, nurturing, and customer retention campaigns.  The best B2C marketing automation tools support automation across websites, SMS, …",Getresponse.com,Unknown,Market Report,2026-09-13T20:28:13.262314Z
714749a56d9e82f2ba4e093305bb570e,US wholesale prices rise in latest sign of stubborn inflation as oil prices continue to climb,https://economictimes.indiatimes.com/news/international/world-news/us-wholesale-prices-rise-in-latest-sign-of-stubborn-inflation-as-oil-prices-continue-to-climb/articleshow/134013970.cms,AP,2026-09-10T14:08:52Z,shipping rates,"Wholesale inflation increased in August after cooling earlier this summer. Higher oil and gas prices, driven by Middle East conflict, are keeping costs elevated. This rise in producer prices could influence the Federal Reserve's upcoming interest rate decisio…",The Times of India,Unknown,Market Report,2026-09-13T20:28:13.262410Z
642002f2125007ec6630b924baa53668,Global oil hits $105 per barrel and bond yields surge | CNN Business,https://www.cnn.com/2026/09/10/investing/oil-iran-war-diesel,"John Towfighi, Matt Egan",2026-09-10T14:08:24Z,shipping rates,"Oil prices surged Thursday, with Brent crude hitting $107 per barrel for the first time since May, as traders brace for a more prolonged supply shock caused by the Iran war.",CNN,Global,Market Report,2026-09-13T20:28:13.262443Z
d6d59bf9c7a3e9ee31109bf3af1891f0,Environmental and demographic determinants of Aedes albopictus seasonal activity in southern France: A modeling study,https://journals.plos.org/ploscompbiol/article?id=10.1371/journal.pcbi.1014799,"Paul Taconet, Andrea Radici, Guillaume Lacour, Antoine Mignotte, Pachka Hammami, Didier Fontenille",2026-09-10T14:00:00Z,shipping rates,"Author summary Weather conditions are known to strongly influence Asian tiger mosquito populations dynamics, but their effects remain poorly quantified in southern France, particularly at spatial and temporal scales relevant for vector control. In this study,…",Plos.org,Unknown,News,2026-09-13T20:28:13.262500Z
42d81f792502c517db32e2b657835728,European Central Bank raises interest rate as expected,https://www.hurriyetdailynews.com/european-central-bank-raises-interest-rate-as-expected-226733,hurriyetdailynews.com,2026-09-10T13:19:04Z,shipping rates,The European Central Bank raised interest rates on Sept. 10 to cool inflation that is being fed by high oil prices from the Iran war.,Hurriyet Daily News,Unknown,Market Report,2026-09-13T20:28:13.262533Z
9a6bc54537d03312cd47a7ed9e88f7f2,"In 2023, France expanded funding for a programme to distil nearly 80 million gallons of surplus wine into industrial alcohol; the measure aimed to ease pressure on the market",https://timesofindia.indiatimes.com/world/rest-of-world/in-2023-france-spent-200-million-to-destroy-nearly-80-million-gallons-of-surplus-wine-turning-it-into-industrial-alcohol-before-the-glut-pushed-prices-even-lower/articleshow/134000681.cms,TOI World Desk,2026-09-10T13:16:46Z,shipping rates,"In response to an overwhelming surplus of wine, France's government took proactive measures by compensating producers to clear excess stock from the marketplace. This surplus was then transformed through distillation into industrial alcohol. Contributing fact…",The Times of India,Unknown,Market Report,2026-09-13T20:28:13.262588Z
e47d15323c466f44c19ab1b84b696fdc,Housing market: Mortgage rates rise for third straight week to highest level since June 2025 while home sales fall for third month in a row,https://fortune.com/2026/09/12/housing-market-mortgage-rates-highest-june-2025-existing-home-sales/,"Michelle Chapman, The Associated Press",2026-09-12T16:25:05Z,freight rates,"The benchmark 30-year fixed rate mortgage rose to 6.76% from 6.71% last week. One year ago, the average rate was 6.35%.",Fortune,Unknown,Market Report,2026-09-13T20:28:13.649852Z
9144a1a866f969f6d95567f70d50e29a,Jim Cramer Waits for Oil to Fall Before Adding to FedEx Freight (FDXF),https://finance.yahoo.com/markets/stocks/articles/jim-cramer-waits-oil-fall-091011793.html,Syeda Seirut Javed,2026-09-12T09:10:11Z,freight rates,"During the September 9 episode of Mad Money, a caller asked for guidance on managing a sizable underwater position in FedEx Freight Holding Company, Inc. (NY...",Yahoo Entertainment,Unknown,News,2026-09-13T20:28:13.649945Z
921b0903a7850f99a556a2a95934780d,"America In Focus: inflation accelerated in August, home sales weaken and diesel prices soar",https://finance.yahoo.com/economy/articles/america-focus-inflation-accelerated-august-173441095.html,MICHELLE CHAPMAN,2026-09-11T17:34:41Z,freight rates,"The economy, inflation and how those forces could impact the lives of Americans were front and center over the past week.  Trips to the grocery store and gas...",Yahoo Entertainment,USA,Market Report,2026-09-13T20:28:13.650055Z
7510c9d086d7a2aec3bd1a7f056875ba,Uber Freight warns tight capacity could fuel Q4 freight rate surge,https://biztoc.com/x/659f4734f2ecdca6,finance.yahoo.com,2026-09-11T15:10:34Z,freight rates,"The U.S. freight market is entering the fourth quarter with truck capacity struggling to recover, truckload rates sharply above year-ago levels and shippers facing the possibility of another surge in spot prices if demand accelerates, according to Uber Freigh…",Biztoc.com,Unknown,Market Report,2026-09-13T20:28:13.650237Z
2e14fc4e35c94c3221cf9391e2712d77,Uber Freight warns tight capacity could fuel Q4 freight rate surge,https://finance.yahoo.com/economy/policy/articles/uber-freight-warns-tight-capacity-140000787.html,Noi Mahoney,2026-09-11T14:00:00Z,freight rates,"Uber Freight says truckload conditions are stabilizing, but constrained capacity and week-to-week freight sourcing could leave shippers exposed to another sh...",Yahoo Entertainment,Unknown,News,2026-09-13T20:28:13.650273Z
d867d0ee62c21ed7119f601bbb1c82b6,Diesel Prices Hit Unwelcome Milestone,https://www.newser.com/story/396270/diesel-prices-hit-unwelcome-milestone.html,Rob Quinn with Newser.AI,2026-09-11T11:59:25Z,freight rates,"Diesel just notched a painful first: an average price above $6 a gallon nationwide. US truckers and farmers are now paying about 63% more than a year ago, according to AAA data, with diesel at $6.06 per gallon on average and close to $8 in California, the cou…",Newser,Unknown,Market Report,2026-09-13T20:28:13.650317Z
065a156e81a805e836606fef5d4c8d3c,Anderson Trucking Service raises driver pay 16.7%,https://www.truckingdive.com/news/anderson-trucking-service-raises-driver-pay-167/829996/,Larry Avila,2026-09-11T10:28:00Z,freight rates,"The Minnesota-based carrier says ""one of the largest driver pay increases in company history"" applies to current employees and new hires.",Truckingdive.com,Unknown,News,2026-09-13T20:28:13.650350Z
ce29342cda62e503a073e32b49dd904b,Canterbury growth puts infrastructure under pressure as leaders seek more funding,https://www.nzherald.co.nz/business/business-reports/project-canterbury/canterbury-growth-puts-infrastructure-under-pressure-as-leaders-seek-more-funding/premium/RGWOQQTQORENHBYZDIBSO42SIA/,Bill Bennett,2026-09-11T05:00:00Z,freight rates,Councils say growth needs better funding from central government.,New Zealand Herald,Unknown,News,2026-09-13T20:28:13.650380Z
cc427373629efabfcf1d7956f0ac5059,From gas pumps to bond markets: stocks are getting squeezed,https://www.thestreet.com/economy/from-gas-pumps-to-bond-markets-stocks-are-getting-squeezed,Charley Blaine,2026-09-11T04:49:20Z,freight rates,Here’s what is affecting your money.,TheStreet,Unknown,Market Report,2026-09-13T20:28:13.650407Z
ae952e761bde9be49fab0f045b6acff7,Descartes Announces Fiscal 2027 Second Quarter Financial Results,https://financialpost.com/globe-newswire/descartes-announces-fiscal-2027-second-quarter-financial-results,GlobeNewswire,2026-09-10T22:06:52Z,freight rates,"Record Revenues and Income from Operations WATERLOO, Ontario and ATLANTA, Sept. 10, 2026 (GLOBE NEWSWIRE) — The Descartes Systems Group Inc. (TSX:DSG) (Nasdaq:DSGX) announced its financial results for its fiscal 2027 second quarter (Q2FY27). All financial res…",Financial Post,Unknown,News,2026-09-13T20:28:13.650548Z
1fb511f30fb04455e7e0a9b40c18c8b8,THOR INDUSTRIES ANNOUNCES ADDITIONAL LEADERSHIP CHANGES PERTAINING TO THE STRATEGIC EVOLUTION OF ITS NORTH AMERICAN RV OPERATING MODEL,https://www.prnewswire.com/news-releases/thor-industries-announces-additional-leadership-changes-pertaining-to-the-strategic-evolution-of-its-north-american-rv-operating-model-302875771.html,,2026-09-10T21:00:00Z,freight rates,"ELKHART, Ind., Sept. 10, 2026 /PRNewswire/ -- THOR Industries, Inc. (NYSE: THO), the world's largest manufacturer of recreational vehicles, today announced further leadership changes as a part of the previously announced evolution of its North American RV ope…",PRNewswire,USA,News,2026-09-13T20:28:13.650579Z
1be05c7d1199c719d83106e0e6332e70,carrier-verify added to PyPI,https://pypi.org/project/carrier-verify/,,2026-09-10T19:43:28Z,freight rates,Verify motor carrier identity against public FMCSA data and flag freight-fraud red flags at pickup.,Pypi.org,Unknown,News,2026-09-13T20:28:13.650644Z
9be8ca65c831830486bdc9c79ae926b8,"India's commercial vehicle sales surge, manufacturers double growth projections to 10-15% this fiscal",https://economictimes.indiatimes.com/industry/auto/lcv-hcv/indias-commercial-vehicle-sales-surge-manufacturers-double-growth-projections-to-10-15-this-fiscal/articleshow/134020856.cms,Sharmistha Mukherjee,2026-09-10T16:58:57Z,freight rates,"Commercial vehicle sales growth projections have been sharply revised upwards by manufacturers. Demand in the first five months far outstripped early estimates, surprising industry executives. Several executives now expect sales to grow ten to fifteen percent…",The Times of India,India,News,2026-09-13T20:28:13.650734Z
3101a1a4417f40a214c402a598ea5cc9,"Kleinschmidt announces new partnership with Tabi Connect, bringing instant, intelligent quoting capabilities to freight brokers.",https://www.prnewswire.com/news-releases/kleinschmidt-announces-new-partnership-with-tabi-connect-bringing-instant-intelligent-quoting-capabilities-to-freight-brokers-302874935.html,,2026-09-10T15:00:00Z,freight rates,"Now, brokers can automatically apply their own pricing rules to incoming freight opportunities and return quotes in seconds. DEERFIELD, Ill., Sept. 10, 2026 /PRNewswire/ -- Kleinschmidt, a provider of B2B integration and supply chain connectivity solutions, t…",PRNewswire,Unknown,News,2026-09-13T20:28:13.650980Z
943528e7d8043312b36e80a11046edfb,Surging Tanker Rates Signal a Deepening Global Energy Crisis,https://gcaptain.com/surging-tanker-rates-signal-a-deepening-global-energy-crisis/,Bloomberg,2026-09-10T12:08:55Z,freight rates,"Global tanker freight rates are surging to record levels with little respite in sight, a sign of the growing strain in oil markets as traders, shipowners, producers and buyers grapple with a drawn-out conflict in the Persian Gulf and increasingly complex work…",gcaptain.com,Global,Market Report,2026-09-13T20:28:13.651081Z
8a5b2f4d57d4d2d7bda7016e9cac7703,Irish inflation jumps to 3.7% on back of energy price surge,https://www.irishtimes.com/business/2026/09/10/irish-inflation-jumps-to-37-on-back-of-energy-price-surge/,Eoin Burke-Kennedy,2026-09-10T10:53:12Z,freight rates,Latest Consumer Price Index data shows ongoing impact of Iran war,The Irish Times,Unknown,Market Report,2026-09-13T20:28:13.651107Z
0ca57a76da0015a8d7fa8eecc4fa02ef,Iran War: Pakistan and Turkiye Saber Rattle at Iran Over Ansar Allah Attacks on Saudis; Oil at $101 a Barrel Even as Flows Out of Persian Gulf Increase Despite Iran’s More Aggressive Footing,https://www.nakedcapitalism.com/2026/09/iran-war-pakistan-and-turkiye-saber-rattle-at-iran-over-ansar-allah-attacks-on-saudis-oil-at-101-a-barrel-even-as-flows-out-of-persian-gulf-increase-despite-irans-more-aggressive-footing.html,Yves Smith,2026-09-10T09:15:49Z,freight rates,Today's Iran war news: Oil prices grind upward as Pakistan and Turkiye bare their teeth over Ansar Allah's attacks on the Saudis.,Nakedcapitalism.com,Unknown,Market Report,2026-09-13T20:28:13.651158Z
e383b426a285f77c9811b77e3023c056,CARE Ratings upgrades ratings of Apar Industries to 'AA' with 'stable' outlook,https://www.business-standard.com/markets/capital-market-news/care-ratings-upgrades-ratings-of-apar-industries-to-aa-with-stable-outlook-126091000365_1.html,Capital Market,2026-09-10T06:46:11Z,freight rates,Apar Industries said that CARE Ratings has upgraded the company's long-term rating to 'CARE AA' from 'CARE AA-' with 'stable' outlook.,Business Standard,Unknown,Analysis/Opinion,2026-09-13T20:28:13.651230Z
c5638e505745d52bda35358222a3d0f8,"Hormuz Disruptions Hitting Small Businesses Hardest, UN Trade Agency Warns",https://www.insurancejournal.com/news/international/2026/09/10/884588.htm,admin,2026-09-10T06:42:10Z,freight rates,"Disruptions in the Strait of Hormuz could push small and medium-sized businesses out of global supply chains, increasing economic concentration and weakening the resilience of international trade, the United Nations Conference on Trade and Development said on…",Insurance Journal,Global,News,2026-09-13T20:28:13.651285Z
a18431bc1a735214cad5d9f74a659ac5,"NZ sharemarket down 0.7%, Ryman Healthcare hit a 16-year low – Market close",https://www.nzherald.co.nz/business/markets/shares/nz-sharemarket-down-07-ryman-healthcare-hit-a-16-year-low-market-close/premium/6XIHQZBFZ5ALNBHG3RNOJM2RPY/,Graham Skellern,2026-09-10T06:28:41Z,freight rates,"The S&P/NZX50 Index closed at 13,711.01, down 108.42 points, or 0.78%.",New Zealand Herald,Unknown,Market Report,2026-09-13T20:28:13.651319Z
5a4077a34b79a51a7eb5e8a302d67b6e,Va. diesel prices hit record high,https://richmond.com/news/state-regional/government-politics/article_6f2ba64f-e5d6-4f2e-8504-e5fa6590d823.html,MICHAEL MARTZ Richmond Times-Dispatch,2026-09-09T21:15:00Z,freight rates,"Diesel fuel prices hit a record high in Virginia and across the United States on Wednesday, as the standoff between the U.S. and the Persian Gulf drove crude oil futures above $100 a barrel.",Richmond.com,USA,Market Report,2026-09-13T20:28:13.651388Z
6703db8b198f0df0ffd899d11b104e97,Pilots Saw This Disaster Coming. No One Listened.,https://freerepublic.com/focus/f-chat/4394867/posts,Daily Wire,2026-09-09T19:30:44Z,freight rates,"We have uncovered new information and accusations about the cargo airline operating the Amazon Prime Air plane that crashed in Miami on Sunday, killing five people in a van inside the airport perimeter and in a Toyota Corolla outside the perimeter. This cargo…",Freerepublic.com,Unknown,News,2026-09-13T20:28:13.651438Z
fe6e1a45e115860b4c33845ea3818ed0,Pilots Saw This Disaster Coming. No One Listened.,https://freerepublic.com/focus/f-news/4394867/posts,Daily Wire,2026-09-09T19:30:44Z,freight rates,"We have uncovered new information and accusations about the cargo airline operating the Amazon Prime Air plane that crashed in Miami on Sunday, killing five people in a van inside the airport perimeter and in a Toyota Corolla outside the perimeter. This cargo…",Freerepublic.com,Unknown,News,2026-09-13T20:28:13.651470Z
2ff60eea5d7a3e1c4e1bc0d93d5f1edb,Beyond visibility: Building a supply chain that can act when conditions change,http://www.freightwaves.com/news/beyond-visibility-building-a-supply-chain-that-can-act-when-conditions-change,Sponsor,2026-09-09T16:55:17Z,freight rates,"Most supply chain teams have more visibility than they did a few years ago. They can see disruptions sooner, track freight in real time, and understand",FreightWaves,Unknown,News,2026-09-13T20:28:13.651509Z
2018c4435ec994cdc172ab7098cc503f,ArcBest sees August tonnage growth accelerate; raises Q3 asset-light guide,https://finance.yahoo.com/markets/stocks/articles/arcbest-sees-august-tonnage-growth-131129684.html,Todd Maiden,2026-09-09T13:11:29Z,freight rates,ArcBest saw a modest acceleration in year-over-year tonnage growth during August as shipment weights surged. The post ArcBest sees August tonnage growth acce...,Yahoo Entertainment,Unknown,News,2026-09-13T20:28:13.651547Z
12f79a80bd9838432343f0c1c8b49c35,"Alibaba.com President: AI agents can talk, but can they actually do the work?",https://tech.yahoo.com/ai/deals/articles/alibaba-president-ai-agents-talk-113000966.html,Kuo Zhang,2026-09-09T11:30:00Z,freight rates,The strongest frontier model we tested successfully completed 61.7% of the tasks — high enough to be useful and low enough to be a warning.,Yahoo Entertainment,Unknown,News,2026-09-13T20:28:13.651586Z
c2321cb3433b5035fada167c0837f88a,"Alibaba President: AI agents can talk, but can they actually do the work?",https://fortune.com/2026/09/09/alibaba-president-kuo-zhang-ai-agents-can-talk-but-not-work/,Kuo Zhang,2026-09-09T11:30:00Z,freight rates,The strongest frontier model we tested successfully completed 61.7% of the tasks — high enough to be useful and low enough to be a warning.,Fortune,Unknown,News,2026-09-13T20:28:13.651622Z
c4ef096e1cccaa14a7f4473ccead5080,Castrol has room to grow in all businesses,https://economictimes.indiatimes.com/industry/energy/oil-gas/castrols-growth-potential-expanding-beyond-lubricants-amid-indias-infrastructure-boom/articleshow/133950970.cms,Kalpana Pathak,2026-09-09T03:34:11Z,freight rates,Castrol India is expanding beyond lubricants into interior and exterior car care products.  The company sees significant growth in its industrial and institutional businesses.  Electric and internal combustion engine vehicles will coexist for some time.  Cast…,The Times of India,India,News,2026-09-13T20:28:13.651694Z
462fab693e00393a8b169b037120f4c9,THOR INDUSTRIES ANNOUNCES DATE FOR ITS FISCAL 2026 FOURTH QUARTER EARNINGS RELEASE,https://www.prnewswire.com/news-releases/thor-industries-announces-date-for-its-fiscal-2026-fourth-quarter-earnings-release-302872583.html,,2026-09-08T20:30:00Z,freight rates,"ELKHART, Ind., Sept. 8, 2026 /PRNewswire/ -- THOR Industries, Inc. (NYSE: THO) today announced that the date for its fiscal 2026 fourth quarter earnings release will be on Tuesday, September 22, 2026, before the market opens. Upon the release of THOR's fiscal…",PRNewswire,Unknown,Market Report,2026-09-13T20:28:13.651738Z
1fbb3f67fab92bba72fff7c3480bc0b6,Autonomous Trucking in 28 States: What Changes Next?,https://finance.yahoo.com/small-business/articles/autonomous-trucking-28-states-changes-193434771.html,FreightWaves Staff,2026-09-08T19:34:34Z,freight rates,Autonomous trucks are already operating in 28 states—and that changes how freight leaders should think about the market right now. uShip CEO Sean Wu breaks d...,Yahoo Entertainment,Unknown,Market Report,2026-09-13T20:28:13.651776Z
7886a3d415d0c0760742fb130702807f,Oil Tanker Company Says It’s Owed $55 Million in Rate Dispute,https://gcaptain.com/oil-tanker-company-says-its-owed-55-million-in-rate-dispute/,Bloomberg,2026-09-08T16:07:06Z,freight rates,Oil tanker company Hunter Group ASA says it’s owed $55 million by a counterparty that’s disputing its contractual obligations after a surge in the world’s benchmark freight rate.,gcaptain.com,Unknown,News,2026-09-13T20:28:13.651818Z
89c12d7016af47ad16f39185ebd688e5,"Diesel prices just smashed a 2022 record, but it's not only trucks that are taking a hit. What it means for your wallet",https://finance.yahoo.com/energy/articles/diesel-prices-just-smashed-2022-151500785.html,Christy Bieber,2026-09-08T15:15:00Z,freight rates,Diesel is only the start.,Yahoo Entertainment,Unknown,Market Report,2026-09-13T20:28:13.651845Z
314d1caf970153d7b8bec4cfcdb98705,Firm truck rentals and ageing fleet replacement demand fire up India’s heavy truck market,https://www.thehindubusinessline.com/economy/logistics/firm-truck-rentals-and-ageing-fleet-replacement-demand-fire-up-indias-heavy-truck-market/article71440253.ece,Amit Vijay  Mohile,2026-09-08T14:48:11Z,freight rates,"India’s heavy-truck market is getting a twin boost from festive freight and fleet replacement, with rentals up as much as 15% year-on-year on major routes and operators increasingly replacing ageing vehicles with newer, higher-capacity trucks. The shift could…",BusinessLine,India,Market Report,2026-09-13T20:28:13.651869Z
f8e0d776b214ceb3d1ee34012eb8a24f,E-commerce facilitator ShipStation eyes major global expansion,https://finance.yahoo.com/small-business/articles/e-commerce-facilitator-shipstation-eyes-140815756.html,Eric Kulisch,2026-09-08T14:08:15Z,freight rates,"ShipStation, which provides logistics decision-making tools for e-commerce sellers and some industrial companies, is looking to grow its international market...",Yahoo Entertainment,Global,Market Report,2026-09-13T20:28:13.651902Z
1d9c5a4d7601e2f856eff19bf4f31aac,What SpaceX CEO Elon Musk needs to do to launch the stock into the stratosphere,https://finance.yahoo.com/markets/stocks/article/what-spacex-ceo-elon-musk-needs-to-do-to-launch-the-stock-into-the-stratosphere-135636297.html,Brian Sozzi,2026-09-08T13:56:36Z,freight rates,SpaceX must pull off rocket reusability if the company is to reach a stratospheric market valuation in the not-too-distant future.,Yahoo Entertainment,Unknown,Market Report,2026-09-13T20:28:13.651933Z
a9555f29536c8af4071c7668f4cd2450,OPEC+ has lost control of the oil market,https://www.thestreet.com/markets/opec-has-lost-control-of-the-oil-market,Tobi Opeyemi Amure,2026-09-08T13:33:00Z,freight rates,The group still sets quotas every month. Something else is setting your fuel bill.,TheStreet,Unknown,Market Report,2026-09-13T20:28:13.651957Z
c115e7249bc20610bd80def83dafa531,Could The Trump Admin’s New Highway Power Plan Lower Your Electric Bill?,https://freerepublic.com/focus/f-news/4394680/posts,The Daily Caller,2026-09-08T13:08:06Z,freight rates,The Department of Transportation wants to lease highway and railroad land to private companies for power lines — a plan it says could potentially save Americans on their electricity bills. Transportation Secretary Sean Duffy announced America’s Great Corridor…,Freerepublic.com,USA,News,2026-09-13T20:28:13.651986Z
43413dcc2f07090cbca39e0a31324367,"Hormuz disruptions hitting small businesses hardest, UN trade agency warns",https://finance.yahoo.com/small-business/articles/hormuz-disruptions-hitting-small-businesses-130106569.html,Reuters,2026-09-08T13:01:06Z,freight rates,"GENEVA, Sept 8 (Reuters) - Disruptions in the Strait of Hormuz could push small and medium-sized businesses out of global supply chains, increasing economic...",Yahoo Entertainment,Global,News,2026-09-13T20:28:13.652034Z
4f6745bed6e9c63d341a06bc8ab568dd,Uber’s Wayve Deal Shows How It Wants to Win Without Building Cars,https://www.marketbeat.com/articles/ubers-wayve-deal-shows-how-it-wants-to-win-without-building-cars/?utm_source=yahoofinance&amp;utm_medium=yahoofinance,"Jeffrey Neal Johnson, MarketBeat",2026-09-08T12:35:00Z,freight rates,"Uber launched autonomous rides in London with Wayve and Ford, part of an asset-light strategy backed by strong free cash flow, rising EBITDA margins, and a m...",MarketBeat,UK,News,2026-09-13T20:28:13.652108Z
beb1c176328bf03b5dee6a5f6a58d2bf,Momentum Reversal Is Ringing Alarm Bells for Industrial Stocks,https://finance.yahoo.com/markets/stocks/articles/momentum-reversal-ringing-alarm-bells-120027247.html,Matthew Griffin,2026-09-08T12:00:27Z,freight rates,A sudden reversal in momentum for previously high-flying shares of industrial companies over the past three weeks has some investors bracing for more pain ah...,Yahoo Entertainment,Unknown,News,2026-09-13T20:28:13.652145Z
0e91301bb172a60c54fabfa0f6a3a26d,"Liberty Gold Announces Black Pine Feasibility Study with US$2.4 Billion NPV(5%) and 60% IRR at $3,250/oz Au (after-tax)",https://financialpost.com/globe-newswire/liberty-gold-announces-black-pine-feasibility-study-with-us2-4-billion-npv5-and-60-irr-at-3250-oz-au-after-tax,GlobeNewswire,2026-09-08T10:03:36Z,freight rates,"16-year mine life with life-of-mine average payable gold production of 176,700 oz per year and AISC1 of $1,566/oz Au Average payable gold production of 202,000 oz per year in Years 1-5 US$411 million initial capital requirement for a large-scale, open-pit, ru…",Financial Post,Unknown,News,2026-09-13T20:28:13.652196Z
680c06dc03aa587db5cc6c1b00ca9e2b,Want to know the Fed’s next move? Watch these 3 economic reports this week.,https://www.businessinsider.com/fed-rate-hike-three-economic-reports-this-week-to-watch-2026-9#article,jciolli@businessinsider.com (Joe Ciolli),2026-09-08T09:50:01Z,freight rates,A hot jobs report revived Fed rate-hike bets. This week's inflation and consumer data could determine whether they stick.,Business Insider,Unknown,Market Report,2026-09-13T20:28:13.652232Z
d897e35fb9666a2404946ba1888968ee,Shipping: “The rules of the game are collapsing” – Unprecedented warning from Greece and 17 other maritime powers,https://www.naftemporiki.gr/english/2158698/shipping-the-rules-of-the-game-are-collapsing-unprecedented-warning-from-greece-and-17-other-maritime-powers/,Ελίζα Καραγιώργη,2026-09-08T07:41:44Z,freight rates,"For decades, global trade rested on an almost self-evident assumption: commercial vessels could move freely across the seas, even when relations between states came under strain.
That assumption is now…
Shipping: “The rules of the game are collapsing” – Unpre…",Naftemporiki.gr,Greece,News,2026-09-13T20:28:13.652282Z
c3eca0579e0864885166c6e8b38adb67,BlueLinx (BXC) Quietly Turns A Lumber Slump Into Profit,https://finance.yahoo.com/markets/stocks/articles/bluelinx-bxc-quietly-turns-lumber-031521922.html,Maham Fatima,2026-09-08T03:15:21Z,freight rates,"On August 4, BlueLinx Holdings (NYSE:BXC) reported second quarter 2026 results for the fiscal three months ended July 4, and the building products distributo...",Yahoo Entertainment,Unknown,Market Report,2026-09-13T20:28:13.652315Z
ceceeed72a49a8db0167a3fe743b52ac,High Crude and LNG Prices Weigh on India’s Oil and Gas Sector,https://oilprice.com/Latest-Energy-News/World-News/High-Crude-and-LNG-Prices-Weigh-on-Indias-Oil-and-Gas-Sector.html,Charles Kennedy,2026-09-07T13:30:00Z,freight rates,"The renewed rally in crude oil and LNG prices and the higher freight costs are pressuring the marketing margins of India’s oil and gas sector, which has to contend with the fallout of the Iran war on global oil and LNG trade flows. Increased refining margins …",OilPrice.com,India,Market Report,2026-09-13T20:28:13.652338Z
2ebc1e8fa9c8835be83c8a7e01dae6c5,India’s Crude Oil Benchmark Tops $100 as Middle East War Escalates,https://finance.yahoo.com/energy/articles/india-crude-oil-benchmark-tops-110000096.html,Tsvetana Paraskova,2026-09-07T11:00:00Z,freight rates,India’s crude oil benchmark has climbed above $100 per barrel as renewed Middle East fighting drives up oil and shipping costs.,Yahoo Entertainment,India,News,2026-09-13T20:28:13.652434Z
3a30e9e49d3fe9d834b67459a5fbf5d4,India’s Crude Oil Benchmark Tops $100 as Middle East War Escalates,https://oilprice.com/Latest-Energy-News/World-News/Indias-Crude-Oil-Benchmark-Tops-100-as-Middle-East-War-Escalates.html,Tsvetana Paraskova,2026-09-07T11:00:00Z,freight rates,"India’s average crude import price soared to above $100 per barrel at the end of last week and is set to further rise this week as international crude prices rallied amid intensified hostilities in the Middle East. The so-called Crude Oil FOB Price, or the In…",OilPrice.com,India,Market Report,2026-09-13T20:28:13.652458Z
55a6f61ffa3463f8b62134879417097f,"India’s oil and gas sector to remain under pressure as crude, LNG costs rise",https://www.thehindubusinessline.com/markets/commodities/indias-oil-and-gas-sector-to-remain-under-pressure-as-crude-lng-costs-rise/article71437678.ece,ANI,2026-09-07T06:59:25Z,freight rates,"India’s oil and gas sector faces pressure from high crude and LNG costs and weak marketing margins, despite strong refining cracks offering some support.",BusinessLine,India,Market Report,2026-09-13T20:28:13.652477Z
f986e764cceea5806ef15173594a0bc4,"Expeditors (EXPD) Posts A 51% Earnings Jump, But Some Of It Won’t Last",https://finance.yahoo.com/markets/stocks/articles/expeditors-expd-posts-51-earnings-045836200.html,Maham Fatima,2026-09-07T04:58:36Z,freight rates,"On August 4, Expeditors International of Washington (NYSE:EXPD) reported second-quarter 2026 results that blew past the prior year’s numbers across nearly ev...",Yahoo Entertainment,Global,Market Report,2026-09-13T20:28:13.652549Z
4ab83a23508f0daf3df15e7043b37621,Feasibility Study Examines Onshore Spinning Mills to Revive Australian Textile Manufacturing,https://www.ibtimes.com.au/reviving-australias-textile-industry-feasibility-study-1875124,Hannah Kim,2026-09-07T03:29:18Z,freight rates,"A landmark feasibility study by CSIRO and partners explores the revival of Australia's textile industry, focusing on domestic cotton and wool processing to enhance economic value and meet consumer demand.",Ibtimes.com.au,Australia,News,2026-09-13T20:28:13.652569Z
c0459bcb1038ef1532876adf95cd43de,"India emerges as key diesel supplier to Europe as Russian, US flows falter",https://www.thehindubusinessline.com/economy/india-emerges-as-key-diesel-supplier-to-europe-as-russian-us-flows-falter/article71434555.ece,PTI,2026-09-06T08:30:32Z,freight rates,"About 2,00,000 barrels per day of diesel (gasoil) transited the Bab-el-Mandeb in August on vessels bound for Europe, close to year-earlier levels after flows through the key shipping route nearly stalled in March and April",BusinessLine,India,News,2026-09-13T20:28:13.652591Z
6ab5acfc289ded3cc66d1df426762752,"India emerges as key diesel supplier to Europe as Russian, US flows falter",https://www.business-standard.com/economy/news/india-emerges-as-key-diesel-supplier-to-europe-as-russian-us-flows-falter-126090600122_1.html,Press Trust of India,2026-09-06T05:09:18Z,freight rates,"India has emerged as a crucial source of diesel for Europe, supplying about 60 per cent of the fuel transiting the Bab-el-Mandeb to the region in August, as Russian exports remain severely constrained and US shipments begin to weaken, according to data from V…",Business Standard,India,News,2026-09-13T20:28:13.652620Z
906f37043ef0ffde819f4651d61f950e,Economic Digest: A Snapshot of Nepal’s Business News,https://english.khabarhub.com/2026/06/566652/,Khabarhub,2026-09-06T02:15:58Z,freight rates,"KATHMANDU: Economic Digest presents a brief yet comprehensive roundup of major business developments in Nepal, delivered in clear and accessible summaries. The developments highlight Nepal’s growing efforts to manage the immediate economic and social conseque…",Khabarhub.com,Unknown,News,2026-09-13T20:28:13.652672Z
c8516994a6157cfd45840ef4b402b1c4,Weekend A La Carte (September 12),https://www.challies.com/a-la-carte/weekend-a-la-carte-september-12-2026/,Tim Challies,2026-09-12T04:01:00Z,charter rates,"It's 10 p.m., and your kids want to know where you are / The dark side of mindfulness / Planet of bots / How to love your local public school / The beautiful complexity of the human eye / Hard cases: no time to talk / Reader recommendations.See Also
<ul><li>…",Challies.com,Unknown,News,2026-09-13T20:28:13.976933Z
419fe5babc478b1f8737cde61ae6e1e6,Can you tell if a shark is near?,https://www.lifesciencesworld.com/can-you-tell-if-a-shark-is-near/,Ava Reynolds,2026-09-12T01:36:01Z,charter rates,"Can You Tell If a Shark Is Near? Recognizing Potential Threats in the Water Unfortunately, there is no foolproof way to definitively know if a shark is nearby, but understanding environmental cues and changes in animal behavior can significantly increase your…",Lifesciencesworld.com,Unknown,News,2026-09-13T20:28:13.976986Z
6733a29ee23024a4f4850bae1865f62a,Stocks Fall as Crude Prices Soar and Bond Yields Climb,https://www.barchart.com/story/news/4522502/stocks-fall-as-crude-prices-soar-and-bond-yields-climb,Rich Asplund,2026-09-09T20:39:43Z,charter rates,"The S&P 500 Index ($SPX ) (SPY ) closed down -0.48% on Wednesday, the Dow Jones Industrial Average ($DOWI ) (DIA ) closed down -0.77%, and the Nasdaq 100 Ind...",Barchart.com,Unknown,Market Report,2026-09-13T20:28:13.977236Z
75787d119311449e2e504bd6978449c5,Comcast Slides After CFO Says Broadband User Losses to Persist,https://www.livemint.com/companies/comcast-slides-after-cfo-says-broadband-user-losses-to-persist-11788978748252.html,list.metadata.agency,2026-09-09T18:32:27Z,charter rates,"Comcast Corp. shares slid Wednesday after Chief Financial Officer Jason Armstrong said he sees no improvement in broadband subscriber losses in the current quarter, a sign competitors are offering lower prices that lure customers away.",Livemint,Unknown,Market Report,2026-09-13T20:28:13.977275Z
34bb5d7e45bf2a8d2e80815b8987b72d,PYUSDx stablecoin platform crosses $100 million in scale,https://dailyhodl.com/2026/09/09/pyusdx-stablecoin-platform-crosses-100-million-in-scale/,Chainwire,2026-09-09T14:30:07Z,charter rates,"New York, NY, USA, 9th September 2026, Chainwire
The post PYUSDx stablecoin platform crosses $100 million in scale appeared first on The Daily Hodl.",The Daily Hodl,Unknown,Market Report,2026-09-13T20:28:13.977307Z
c7ffe16d81e369af58bcf735ea6792fb,How Donald Trump Broke the Banks,https://newrepublic.com/article/214847/donald-trump-broke-banking-regulation,Dylan Gyauch-Lewis,2026-09-09T10:00:00Z,charter rates,Here’s some bad news for anyone who wants a sane and functional banking system. The second Trump administration is hard at work destroying every vestige of financial regulation in the United States. A meticulously built oversight infrastructure is facing an a…,The New Republic,USA,News,2026-09-13T20:28:13.977336Z
b8bec2bd813d7b97dc493d7bd7cf1d6b,Gary Rubinstein: Eva Moskowitz Sues NYSED for Inadvertently Exposing that They Have Been Gaming the U.S. News Rankings for Years,https://dianeravitch.net/2026/09/08/gary-rubinstein-eva-moskowitz-sues-nysed-for/,dianeravitch,2026-09-08T14:00:00Z,charter rates,"Eva Moskowitz, founder of Success Academy charter chain, has been everywhere recently, promoting her brand. She has written op-Ed’s for major newspapers, she was interviewed by Margaret Hoover on PBS’ “Firing Line,” she is expanding from New York City to Flor…",Dianeravitch.net,Unknown,Analysis/Opinion,2026-09-13T20:28:13.977433Z
c6dff0ff6a72536e3c0fa0cd033a190d,Building a Learning Society,https://ssir.org/articles/entry/building-a-learning-society,"Mitchell L. Stevens, Jo&atilde;o M. Souto-Maior",2026-09-08T12:00:00Z,charter rates,"School-based models for developing talent won't provide the skillful, resilient people every society will need going forward. We need to build civic architecture for recognizing learning whenever and wherever it occurs: at home, at play, in community, and esp…",Ssir.org,Unknown,News,2026-09-13T20:28:13.977481Z
8b43ebb9cb3ae7843b6eb80795e5a8cc,Mamdani’s top task to fix NYC schools: make kids show up,https://nypost.com/2026/09/08/opinion/mamdanis-top-task-to-fix-nyc-schools-make-kids-show-up/,"Danyela Souza Egorov, John Ketcham",2026-09-08T10:00:00Z,charter rates,"Asking NYC taxpayers to spend record sums on public education, only to have a third of students miss large chunks of the school year, is the ultimate indictment.",New York Post,Unknown,News,2026-09-13T20:28:13.977523Z
9000d28e095df67b022eb7f0f520359a,Sailing Adventure,https://wordpress.org/themes/sailing-adventure/,Stacy Dolan,2026-09-07T16:52:12Z,charter rates,"Sailing Adventure is a calm, coastal block theme built for charter companies, sailing schools, boat rental fleets, harbour tour operators and anyone whose business starts at a dock. A full bleed hero over open water carries the navigation on a translucent pil…",Wordpress.org,Unknown,News,2026-09-13T20:28:13.977574Z
f1a479501400fcc997382991429ef5dc,"Iran touts military response as US maintains blockade, hits tankers",https://www.aljazeera.com/news/2026/9/6/iran-touts-military-response-as-us-maintains-blockade-hits-tankers,Maziar Motamedi,2026-09-06T16:17:06Z,charter rates,Tehran says time for proportionate retaliation is over after a US strike on Iranian tankers inside the blockade line.,Al Jazeera English,Unknown,News,2026-09-13T20:28:13.977631Z
6c42c8b874afd2ec11b59139fcc5aadc,Aegean Shipping expands tonnage to 2.5m dwt with new VLCC orders,https://www.naftemporiki.gr/english/2160324/aegean-shipping-expands-tonnage-to-2-5m-dwt-with-new-vlcc-orders/,newsroom,2026-09-11T10:50:53Z,shipbroking,"Aegean Shipping Management is expanding and renewing its fleet amid record tanker sales and capital reinvested in newbuildings, in strategic segments such as supertankers.
These moves are keeping the company’s…
Aegean Shipping expands tonnage to 2.5m dwt with…",Naftemporiki.gr,Unknown,News,2026-09-13T20:28:14.298311Z
a77c2e7a15d2daf9628dabcc9f7bb122,"What we learned from the TIF: the giant giveaway package, the PM’s inevitable comparison with the other two, and the “we’re all one big family” culture of ministers, Maximos and backroom dealings",https://en.protothema.gr/2026/09/07/what-we-learned-from-the-tif-the-giant-giveaway-package-the-pms-inevitable-comparison-with-the-other-two-and-the-were-all-one-big-family-culture-of-ministers-maximos-and-backroom-dealings/,Αλεξία Αμβράζη,2026-09-07T05:41:34Z,shipbroking,"Behind the giveaways lies a bruising rift between Mitsotakis and Antonis Samaras, mounting renewed unease inside New Democracy's own ranks in northern Greece, and Yiorgos Mylonakis's return to duty after months of serious ill health
The post What we learned f…",Protothema.gr,Greece,News,2026-09-13T20:28:14.298390Z
58e7d8d38c3f32f22dc3f7ebd6873365,"Last year, BYD bought the world’s largest car carrier – they just ordered 10 more",http://electrek.co/2026/09/12/last-year-byd-bought-the-worlds-largest-car-carrier-they-just-ordered-10-more/,Jo Borrás,2026-09-12T17:07:36Z,maritime transport,"Last year, the BYD “Shenzhen” set sail on its first voyage with 9,200 parking spots – or enough space to fill 20 football fields, making BYD’s transport ship easily the world’s largest. Now, as the Chinese car brand sets its sights on Europe and North America…",Electrek,China,News,2026-09-13T20:28:14.837894Z
0df7f4567065f29b731b41d7aecd1a50,"French military jets launch 40-day global flight to project power, strengthen alliances",https://economictimes.indiatimes.com/news/defence/french-military-jets-launch-40-day-global-flight-to-project-power-strengthen-alliances/articleshow/134122686.cms,AP,2026-09-12T09:57:55Z,maritime transport,Four French fighter jets are undertaking a significant global flight exercise. This extensive journey spans forty thousand kilometers across three continents. The exercise aims to strengthen international partnerships and demonstrate military capabilities. It…,The Times of India,Global,News,2026-09-13T20:28:14.838073Z
70799585d560c8d36b959837b6d0dcff,Bodies from charred Philippine ferry arrive at port after fire that killed at least 35,https://abcnews.com/International/wireStory/bodies-charred-philippine-ferry-arrive-port-after-fire-136384992,"AARON FAVILA Associated Press, JOEAL CALUPITAN Associated Press, TERESA CEROJANO Associated Press",2026-09-12T07:42:58Z,maritime transport,Thirty charred bodies found inside a burned passenger ferry in the western Philippines have arrived at a port for identification after a ship fire that killed at least 35 people,Abcnews.com,Unknown,News,2026-09-13T20:28:14.838113Z
c7054d7ebaa7173d7a98c907d2f12c42,Ministry warns of abandoned ships drifting in Black Sea,https://www.hurriyetdailynews.com/ministry-warns-of-abandoned-ships-drifting-in-black-sea-226788,hurriyetdailynews.com,2026-09-12T07:18:19Z,maritime transport,The Transport and Infrastructure Ministry has warned ship captains to watch for abandoned vessels in the Black Sea after commercial ships attacked during the Russia-Ukraine war drifted toward Türkiye’s coast.,Hurriyet Daily News,Russia,News,2026-09-13T20:28:14.838145Z
dd5ebdd5dc38f758507e0788d5d68e87,"Russia faces over 30,000 sanctions: Putin condemns 'ugly' trade tactics",https://www.business-standard.com/world-news/russia-faces-over-30-000-sanctions-putin-condemns-ugly-trade-tactics-126091200060_1.html,ANI,2026-09-12T02:46:14Z,maritime transport,"Speaking at the Brics Business Forum in New Delhi, the Russian president criticised economic coercion, trade restrictions and the threat of secondary sanctions",Business Standard,Russia,News,2026-09-13T20:28:14.838204Z
b318f9c8bf4306d03aaa4da28c3a181c,"Putin takes potshots at ""so-called G-7"", says over 40% of world's GDP has been produced by the BRICS countries",https://economictimes.indiatimes.com/news/india/putin-takes-potshots-at-so-called-g-7-says-over-40-of-worlds-gdp-has-been-produced-by-the-brics-countries/articleshow/134102290.cms,ANI,2026-09-12T01:53:16Z,maritime transport,"Russian President Vladimir Putin emphasized the pivotal role of BRICS nations in fostering global economic growth and demographic expansion. He criticized the relevance of the G-7, branding it as the 'so-called G-7,' and condemned the extensive sanctions impo…",The Times of India,Russia,News,2026-09-13T20:28:14.838236Z
2852fd683c8f1ed115bfbc9cf4e781a6,"Passenger train derails in France, leaving 44 injured, 1 critical",https://www.aljazeera.com/news/2026/9/12/passenger-train-derails-in-france-leaving-44-injured-1-critical,Al Jazeera Staff,2026-09-12T00:36:44Z,maritime transport,"French train derailment sparks emergency response, with 130 firefighters and five medical teams dispatched to the scene.",Al Jazeera English,Unknown,News,2026-09-13T20:28:14.838270Z
cb505f734f4956ff332085eeca2f9af1,Lost Camera Shows Rough Seas Before Shiretoko Boat Disaster,https://newsonjapan.com/article/150733.php,News On Japan,2026-09-11T22:45:32Z,maritime transport,"Newly recovered video from a passenger's digital camera has revealed conditions aboard the Kazu I sightseeing boat before it sank off Hokkaido's Shiretoko Peninsula in April 2022, a disaster that left 20 passengers and crew members dead and six passengers sti…",Newsonjapan.com,Unknown,News,2026-09-13T20:28:14.838323Z
45f5b21c10070e314afdc16aed63cf7e,"Train carrying 180 passengers derails in France: At least 44 people are injured, one critically, after carriages overturn",https://www.dailymail.com/news/article-16124931/Train-passengers-derails-France-injured-critically-carriages-overturn.html,Isabella Machin,2026-09-11T22:35:34Z,maritime transport,The train overturned on tracks between the cities of Rouen and Caen on Friday at around 7.30pm local time.,Dailymail.com,Unknown,News,2026-09-13T20:28:14.838361Z
4b93bbded90a49a923175ac4497c800d,France: Sabotage suspected in train derailment,https://www.dw.com/en/france-sabotage-suspected-in-train-derailment/a-79241365,Karl Sexton,2026-09-11T21:01:00Z,maritime transport,"Dozens were injured when a train derailed between Rouen and Caen in Normandy, northwest France, on Friday evening. Police believe the accident may have been deliberately caused, local media say.",DW (English),Unknown,News,2026-09-13T20:28:14.838401Z
af7ca9b28c4b290ec04b64cb744afc09,"Amid war and sanctions, many Iranians are losing their jobs and struggling to get by",https://www.npr.org/2026/09/11/g-s1-142935/iran-us-war-jobs-economy,Hadeel Al-Shalchi,2026-09-11T19:39:35Z,maritime transport,Many Iranians lost their jobs because of the war and the US blockade. Now some are even losing their back-up jobs as sanctions tighten,NPR,Unknown,News,2026-09-13T20:28:14.838489Z
c5da2559cb2ec95aec772c8f5d2cbe43,"India a vital strategic partner, says Egypt president; calls for stronger trade via Suez Canal",https://economictimes.indiatimes.com/opinion/et-commentary/india-a-vital-strategic-partner-says-egypt-president-calls-for-stronger-trade-via-suez-canal/articleshow/134085548.cms,Abdel Fattah El-Sisi,2026-09-11T18:52:34Z,maritime transport,Egypt's President congratulates India on its BRICS presidency and highlights mutual cooperation.  The nation's strategic location offers significant trade and logistics advantages for Indian companies.  Egypt seeks to boost local manufacturing and technology …,The Times of India,India,News,2026-09-13T20:28:14.838518Z
a563f1fb923aa10b5cac67349a95cfae,"Putin says Brics not against anyone, vows to scale up ties with India",https://www.business-standard.com/world-news/putin-says-brics-not-against-anyone-vows-to-scale-up-ties-with-india-126091101336_1.html,Press Trust of India,2026-09-11T17:10:49Z,maritime transport,Russian President Vladimir Putin on Friday stressed the BRICS grouping was not against anyone and Moscow was open to working with the whole world as he agreed to further strengthen bilateral ties with India and slammed the economic restrictions imposed by the…,Business Standard,India,News,2026-09-13T20:28:14.838545Z
0f3b080fe5d64771561cff7db31cd974,World Shipping Council Calls for IMO Action on Lithium Battery Cargo Safety Gap,https://gcaptain.com/world-shipping-council-calls-for-imo-action-on-lithium-battery-cargo-safety-gap/,Mike Schuler,2026-09-11T16:29:19Z,maritime transport,The World Shipping Council is urging governments to close what it says is a dangerous loophole in international shipping rules that can allow containers packed with thousands of lithium batteries...,gcaptain.com,Global,News,2026-09-13T20:28:14.838585Z
5e4622e6879cb4381ec6a35daa6fe4e6,EU Imports More Yamal LNG as Russian Arctic Trade Tilts Toward Europe,https://gcaptain.com/eu-imports-more-yamal-lng-as-russian-arctic-trade-tilts-toward-europe/,Mike Schuler,2026-09-11T15:58:12Z,maritime transport,"European Union spending on Russian Arctic LNG has already surpassed last year’s total, even as the bloc prepares for a broader phaseout of Russian energy imports. EU countries paid an...",gcaptain.com,Russia,News,2026-09-13T20:28:14.838613Z
3d03f982b0558340173e0ca246e9649e,IMO Urged to Give Shipping Clear Investment Signal on Net Zero Pathway,https://gcaptain.com/imo-urged-to-give-shipping-clear-investment-signal-on-net-zero-pathway/,Mike Schuler,2026-09-11T15:45:44Z,maritime transport,The Getting to Zero Coalition is calling on International Maritime Organization member states to preserve a strong and predictable Net-Zero Framework as negotiations over shipping’s global emissions rules head into...,gcaptain.com,Global,News,2026-09-13T20:28:14.838661Z
d26a4387526e349d2710315ea243bae0,Philippines ferry fire death toll rises to 35 after bodies recovered,https://www.aljazeera.com/news/2026/9/11/philippines-ferry-fire-death-toll-rises-to-35-after-bodies-recovered,Al Jazeera Staff,2026-09-11T15:41:54Z,maritime transport,Coast Guard says 30 more bodies recovered after five people were initially confirmed dead in Wednesday's disaster.,Al Jazeera English,Unknown,News,2026-09-13T20:28:14.838692Z
193d8f6ea76cedeac316ce253bf77902,"Heather Cox Richardson: Houthis Seize Key Port, Prices Will Rise",https://dianeravitch.net/2026/09/11/heather-cox-richardson-houthis-seize-key-port-prices-will-rise/,dianeravitch,2026-09-11T15:00:00Z,maritime transport,Heather Cox Richardson writes about an important and devastating turn in Trump’s disastrous war on Iran. The Houthis have captured a key port that enables them to target the transit of oil from the Red Sea. This could drive the cost of oil even higher than it…,Dianeravitch.net,Unknown,Market Report,2026-09-13T20:28:14.838784Z
014aee6968f465f7314061d0bbb5e805,"BRICS' trade puzzle: Modi, Putin and Pezeshkian pitch three different fixes",https://economictimes.indiatimes.com/news/india/brics-trade-puzzle-modi-putin-and-pezeshkian-pitch-three-different-fixes/articleshow/134072709.cms,ET Online,2026-09-11T14:24:38Z,maritime transport,The BRICS Business Forum saw leaders discuss expanding intra-bloc trade and economic resilience.  Prime Minister Modi focused on removing trade barriers and India's stability.  President Putin addressed countering Western economic pressure and sanctions.  Pre…,The Times of India,India,News,2026-09-13T20:28:14.838813Z
5dec6df0d6156930b4d11eaaa97a1459,"Putin pitches NDB investment platform to deepen BRICS trade, technology ties",https://economictimes.indiatimes.com/news/international/world-news/putin-pitches-ndb-investment-platform-to-deepen-brics-trade-technology-ties/articleshow/134072592.cms,PTI,2026-09-11T14:16:59Z,maritime transport,"Russian President Vladimir Putin proposed an NDB-based investment platform to fund trade, infrastructure, logistics and technology projects across BRICS, while stressing the grouping was not directed against other countries. He highlighted transport corridors…",The Times of India,Russia,News,2026-09-13T20:28:14.838845Z
f4095ca63be1b52a1cb565ecfc4a46ae,French military jets launch a 40-day global flight to project power and strengthen alliances,https://abcnews.com/International/wireStory/french-military-jets-launch-40-day-global-flight-136360944,NICOLAS GARRIGA Associated Press,2026-09-11T13:48:27Z,maritime transport,Four French fighter jets have embarked on a 40-day flight to showcase the country's military might and international cooperation,Abcnews.com,Global,News,2026-09-13T20:28:14.838880Z
c8325aaad55d0ceba261bc2f99e2fd64,What Houthi Gains In Yemen Mean For The Iran War,https://www.rferl.org/a/iran-war-houthis-advance-us-bab-mandab/33852386.html,Kian Sharifi,2026-09-11T13:16:24Z,maritime transport,"Iran may be losing its grip on Hormuz, but its Houthi allies are threatening to give Tehran another lever over global energy and shipping through Bab al-Mandab.",Radio Free Europe/ Radio Liberty,Global,News,2026-09-13T20:28:14.838920Z
4501edc4cb1ef53c6ed65cf0203da7dc,Hormuz is blocked. Now Bab el-Mandeb is under threat: Why fuel crisis could get worse,https://www.indiatoday.in/business/story/bab-el-mandeb-hormuz-crude-choke-point-disruption-houthi-advance-global-fuel-crisis-2992420-2026-09-11,Sonu Vivek,2026-09-11T13:07:07Z,maritime transport,"Shipping through the Strait of Hormuz has been severely disrupted, and now Yemen's Iran-backed Houthi movement has seized the Red Sea port of Mocha and is pushing further south towards the Bab el-Mandeb Strait, another critical gateway for global oil and trad…",India Today,Global,News,2026-09-13T20:28:14.838970Z
3a7f5fe03106c14d8c125ef6ae8a972a,GOP congressman picks up 20 union nods as labor holds key in election battle for NY swing seat,https://nypost.com/2026/09/11/us-news/gop-congressman-picks-up-20-union-nods-as-labor-holds-key-in-election-battle-for-ny-swing-seat/,Carl Campanile,2026-09-11T13:00:00Z,maritime transport,"Many unions lean toward Democrats, but union leaders backing Republican Rep. Mike Lawler said he's been pro-labor.",New York Post,Unknown,News,2026-09-13T20:28:14.839014Z
df2df5bdfe70c28e9d6bef27c6434730,Ukraine Sees Russian-Iranian Sanctions Networks Converging As US Targets Tankers,https://www.rferl.org/a/ukraine-sees-russian-iranian-sanctions-networks-converging-as-us-targets-tankers/33852405.html,Alex Raufoglu,2026-09-11T12:57:34Z,maritime transport,The recent US destruction of five Iranian oil tankers in the Strait of Hormuz has exposed more than the widening confrontation between Washington and Tehran.,Radio Free Europe/ Radio Liberty,Russia,News,2026-09-13T20:28:14.839038Z
b0c900ccf3c8135e674a902c62ef3898,"In 1959, the first nuclear-powered merchant ship set sail before the world was ready",https://www.popsci.com/technology/nuclear-powered-ship-history/,Bill Gourgey,2026-09-11T12:54:00Z,maritime transport,"The NS 'Savannah' even offered a view into the reactor powering the state-of-the-art ship.
The post In 1959, the first nuclear-powered merchant ship set sail before the world was ready appeared first on Popular Science.",Popular Science,Unknown,Analysis/Opinion,2026-09-13T20:28:14.839071Z
6b46da0dfb08f85a6b9eaed9c0a0f870,"BRICS Summit 2026: Putin slams West's 'ugly' economic warfare, claims BRICS bloc has left G7 behind",https://economictimes.indiatimes.com/news/india/brics-summit-2026-putin-slams-wests-ugly-economic-warfare-says-brics-accounts-for-over-40-of-world-gdp/articleshow/134067667.cms,ET Online,2026-09-11T12:42:48Z,maritime transport,Russian President Vladimir Putin stated BRICS nations now lead global economic growth.  Western competitors are attempting to regain their former leadership position.  BRICS economies have accounted for over forty percent of world GDP recently. He added that …,The Times of India,Russia,News,2026-09-13T20:28:14.839106Z
d44bc5ac3ef7dbc5c5c037f5a97661b0,Hormuz crisis has forced Japan into rethinking – and domesticating – its energy security needs,https://theconversation.com/hormuz-crisis-has-forced-japan-into-rethinking-and-domesticating-its-energy-security-needs-290770,"John Calabrese, Assistant Professor of International Relations, American University",2026-09-11T12:35:42Z,maritime transport,Japan is one of the countries most affected by restrictions placed on one of the world’s most important choke points.,The Conversation Africa,Japan,News,2026-09-13T20:28:14.839136Z
ae917cea7253a82f505dbb6c58c94f6d,"EU-India FTA: European Commission sends landmark trade deal to council for signature, paving way for ratification",https://economictimes.indiatimes.com/news/economy/foreign-trade/eu-india-fta-european-commission-sends-landmark-trade-deal-to-council-for-signature-paving-way-for-ratification/articleshow/134062813.cms,ET Online,2026-09-11T11:19:06Z,maritime transport,The European Commission seeks approval to sign a major Free Trade Agreement with India. This pact will significantly expand market access and reduce tariffs on many goods. European exporters anticipate saving billions annually as duties are eliminated or lowe…,The Times of India,India,Market Report,2026-09-13T20:28:14.839160Z
722838d5bb41c52813dadcc24312dc45,Philippines ferry fire: Search continues for dozens missing,https://www.dw.com/en/philippines-ferry-fire-search-continues-for-dozens-missing/a-79223425,Emilio Reynoso,2026-09-11T08:18:00Z,maritime transport,Firefighters searching for survivors combed through the smoking remains of a ferry off the coast of Coron island in the Philippines. Five people died and over 40 have been rescued,DW (English),Unknown,News,2026-09-13T20:28:14.839197Z
71999d7cb0d16a711f0c436039b34120,Philippine firefighters enter charred ferry as rescuers search for 84 missing,https://abcnews.com/International/wireStory/philippine-firefighters-enter-charred-ferry-rescuers-search-84-136355920,The Associated Press,2026-09-11T06:49:44Z,maritime transport,Firefighters have entered a charred ferry in Philippine waters after a fire onboard left 84 people missing and at least five dead,Abcnews.com,Unknown,News,2026-09-13T20:28:14.839286Z
bdf0a91b74eb16cb737d448b52bfc849,Costly war far from over even as US loosens Iran's grip on Strait of Hormuz,https://economictimes.indiatimes.com/news/defence/costly-war-far-from-over-even-as-us-loosens-irans-grip-on-strait-of-hormuz/articleshow/134045453.cms,AP,2026-09-11T04:37:20Z,maritime transport,"US has restricted Iran's oil exports and loosened its Strait of Hormuz control. This ongoing conflict, however, is nowhere near resolution and its costs are only rising. Iran's leaders have shown no signs of backing down and may even escalate military actions…",The Times of India,Unknown,News,2026-09-13T20:28:14.839340Z
fcae2a9fa98c25d0f1e00395a00b6b6e,THE WAR INDIA EXPECTS BETWEEN US & CHINA MAY NEVER COME — SO WHY IS SRI LANKA BEING ASKED TO PREPARE FOR IT?,https://www.sinhalanet.net/the-war-india-expects-between-us-china-may-never-come-so-why-is-sri-lanka-being-asked-to-prepare-for-it,admin,2026-09-11T04:02:45Z,maritime transport,India increasingly presents the Indian Ocean through the prism of great-power competition. China is described as a strategic challenge; the United States is increasingly seen as India’s strategic partner; and Sri Lanka is consequently being viewed as a critic…,Sinhalanet.net,China,Analysis/Opinion,2026-09-13T20:28:14.839356Z
3312fe4f79fc91d2e5b162f45c3d5c86,Sunlight Group: New automated production line for Lehmann Marine battery systems fully operational,https://www.naftemporiki.gr/english/2160183/sunlight-group-new-automated-production-line-for-lehmann-marine-battery-systems-fully-operational/,Αλεξία Σωτηρίου,2026-09-11T04:02:00Z,maritime transport,"Sunlight Group is positioning its Xanthi plant at the centre of the production of advanced battery systems for the international shipping industry, bringing into full operation a new, specialised and…
Sunlight Group: New automated production line for Lehmann …",Naftemporiki.gr,Global,News,2026-09-13T20:28:14.839412Z
e11bac39a8879df85b02bd0b3402f4ae,Smoke from charred ferry in Philippines hampers rescuers looking for 84 missing,https://economictimes.indiatimes.com/news/international/world-news/smoke-from-charred-ferry-in-philippines-hampers-rescuers-looking-for-84-missing/articleshow/134043645.cms,AP,2026-09-11T03:36:07Z,maritime transport,"Efforts to board the MV June Aster, a ferry that caught fire near Coron on Wednesday evening, were hampered by thick smoke and extreme heat. Rescuers successfully saved forty-three people from the ocean after the fire escalated quickly. Authorities are curren…",The Times of India,Unknown,News,2026-09-13T20:28:14.839464Z
c423777e575f0a71798cb6e751176d38,India-Azerbaijan ties could accelerate key INSTC missing link: Expert,https://economictimes.indiatimes.com/news/economy/foreign-trade/india-azerbaijan-ties-could-accelerate-key-instc-missing-link/articleshow/134025779.cms,Dipanjan Roy Chaudhury,2026-09-10T18:55:54Z,maritime transport,Prime Minister Modi's meeting with Azerbaijan's President Aliyev raises INSTC corridor hopes.  This multimodal corridor connects Mumbai with St Petersburg via Iran and Azerbaijan.  India and Russia have traded using this key connectivity initiative over four …,The Times of India,India,News,2026-09-13T20:28:14.839493Z
0de9bd2fcd81bb1cbd68867f89666047,Russia quietly launches Arctic oil giant: What is Vostok Oil?,https://www.rt.com/russia/645355-vostok-oil-russia-project/,RT,2026-09-10T18:23:25Z,maritime transport,"Russia has begun shipping crude from its massive Vostok Oil project, an Arctic cluster that could reshape the country’s energy exports Read Full Article at RT.com",RT,Russia,News,2026-09-13T20:28:14.839518Z
48bcd852b1c83b4c4b457c1aa2b5dc4b,"India-Russia ties poised for new phase of trade, technology and industrial cooperation: Piyush Goyal",https://economictimes.indiatimes.com/news/india/india-russia-ties-poised-for-new-phase-of-trade-technology-and-industrial-cooperation-piyush-goyal/articleshow/134023686.cms,ANI,2026-09-10T17:56:57Z,maritime transport,"Union Commerce and Industry Minister Piyush Goyal on Thursday said India Russia economic ties must move ""from protocols to production, from trade to industry"", with both countries working towards ambitious targets of USD 100 billion in bilateral trade and USD…",The Times of India,India,News,2026-09-13T20:28:14.839549Z
f53ee7e91e09b3b9e43e628ff944e93b,‘The global economy as we know it would come to a sudden halt’: Shipping authorities from 18 countries warn of a ‘two-tier’ system imperiling trade,https://fortune.com/2026/09/10/two-tier-maritime-trade-system-shadow-fleets-iran-war-strait-of-hormuz-economic-threat/,Sasha Rogelberg,2026-09-10T17:47:04Z,maritime transport,"The Consultative Shipping Group said the emergence of shadow fleets have created a split in maritime systems: “one governed by rules, the other by opacity.”",Fortune,Global,News,2026-09-13T20:28:14.839641Z
bf752edec08eaa04ef3c4ab58690b6a8,India and Russia targeting $50 bn in investments – Indian trade minister,https://www.rt.com/india/645402-india-russia-investment-target/,RT,2026-09-10T14:49:44Z,maritime transport,"Indian Trade Minister Piyush Goyal says 40 projects across areas such as advanced manufacturing, railways, and emerging technology are now live as India and Russia pursue a $50 billion investment target",RT,India,News,2026-09-13T20:28:14.839665Z
65382947823fc6731e021e274c36cc20,Germany sets its sights on Russia's shadow fleet,https://www.dw.com/en/germany-sets-its-sights-on-russias-shadow-fleet/a-79211123,Christoph Hasselbach,2026-09-10T14:31:00Z,maritime transport,"The German government wants to follow other EU countries and take more decisive action against Russia's shadow fleet, accusing it of helping Moscow evade sanctions and carry out acts of sabotage.",DW (English),Russia,News,2026-09-13T20:28:14.839688Z
887afce92625fedd731a26ce49dad80f,The Next Big Drone Opportunity: A Potential $200 Billion-Plus Global Services Market Takes Shape,https://www.prnewswire.com/news-releases/the-next-big-drone-opportunity-a-potential-200-billionplus-global-services-market-takes-shape-302875269.html,,2026-09-10T13:30:00Z,maritime transport,"NEW YORK, Sept. 10, 2026 /PRNewswire/ -- Market News Updates News Commentary - If looking at where the real money in drones could be made, the story is becoming less about selling the aircraft and much more about getting paid for what those aircraft actually …",PRNewswire,Global,Analysis/Opinion,2026-09-13T20:28:14.839733Z
db417d0d436c9c6e0588ab52e476f0ed,"Security Council, Surmounting Procedural Vote, Debates Work of 1737 Iran Sanctions Committee, with Divisions Lingering over 'Snapback', Nuclear Escalation Risks",https://www.globalsecurity.org/wmd/library/news/iran/2026/09/iran-260910-unsc01.htm,John Pike,2026-09-10T12:00:00Z,maritime transport,"With Security Council members locked into disagreement on whether sanctions concerning Iran's nuclear programme have snapped back or not, some speakers stressed the need to appoint experts to support that sanctions committee even as others insisted that the C…",Globalsecurity.org,Unknown,News,2026-09-13T20:28:14.839793Z
f3aa89f1f89435a3212299e7e877e3a5,"Foreign Ministry: Two Azerbaijanis killed, two injured in drone attack on vessel in Black Sea",https://www.globalsecurity.org/wmd/library/news/ukraine/2026/09/ukraine-260910-azertac01.htm,John Pike,2026-09-10T12:00:00Z,maritime transport,"On September 9, a foreign cargo vessel named ""TEDY"", whose crew included Azerbaijani citizens, came under drone attacks in the Black Sea.",Globalsecurity.org,Unknown,News,2026-09-13T20:28:14.839829Z
d540d26391853bb894d242863c007a2a,Japan defense force ship arrives in Indonesia for 1st firefighting overseas,https://www.globalsecurity.org/wmd/library/news/japan/2026/japan-260910-azertac01.htm,John Pike,2026-09-10T12:00:00Z,maritime transport,"A Japanese Self-Defense Forces transport ship carrying three CH-47 helicopters arrived at a port in wildfire-hit Indonesia on Thursday to take part in the SDF's first firefighting mission overseas, Kyodo reported citing the Japanese Defense Ministry.",Globalsecurity.org,Japan,Market Report,2026-09-13T20:28:14.839857Z
3f16daf8515108ddb4d7a7f0b3f63f8d,"More PESCO projects enter delivery phase, report shows",https://www.globalsecurity.org/military/library/news/2026/09/mil-260910-eda01.htm,John Pike,2026-09-10T12:00:00Z,maritime transport,"A growing number of projects are reaching the delivery phase, the new 2026 Permanent Structured Cooperation (PESCO) Projects Progress report shows. Across the 74 projects, the EU's framework for defence cooperation is generating operational capability, promot…",Globalsecurity.org,Unknown,Market Report,2026-09-13T20:28:14.839903Z
70c7dbb2908a247168066d1b49ed1555,"Coast Guard brings first HC-130J to Air Station Sacramento, boosting long-range surveillance and increase capabilities",https://www.globalsecurity.org/military/library/news/2026/09/mil-260910-uscg01.htm,John Pike,2026-09-10T12:00:00Z,maritime transport,The Coast Guard commemorated the delivery of the first HC-130J Super Hercules aircraft to Air Station Sacramento during a ceremony Thursday.,Globalsecurity.org,Unknown,News,2026-09-13T20:28:14.839942Z
47c6c55d785e6c6b6637efe6f3f23a84,Strait of Hormuz crisis: how danger and uncertainty can affect the mental health of seafarers,https://theconversation.com/strait-of-hormuz-crisis-how-danger-and-uncertainty-can-affect-the-mental-health-of-seafarers-291189,"Patricia Kennedy, Lecturer in Social Policy, University College Cork, Anita Rayegani, PhD Candidate in Public International Law, University of Hamburg, Eka Siradze, Associate Professor of International Law, Faculty of Law, Tbilisi State University",2026-09-10T11:28:14Z,maritime transport,"Research links unsafe conditions, long hours and poor sleep with worse mental health at sea. Conflict can intensify each of these pressures.",The Conversation Africa,Unknown,News,2026-09-13T20:28:14.839979Z
b3693c0f074acb3c233104ecefb4c0bc,The Houthis are testing the limits of Saudi restraint,https://www.aljazeera.com/opinions/2026/9/10/the-houthis-are-testing-the-limits-of-saudi-restraint,Khaled M Batarfi,2026-09-10T11:17:23Z,maritime transport,Riyadh needs to restore deterrence without being pulled back into a prolonged Yemen war.,Al Jazeera English,Unknown,News,2026-09-13T20:28:14.840019Z
bc6dab388c1c92721c45794b29dad2ea,NATO aircraft deployed in Poland as Russian jet-powered drones strike Ukraine,https://abcnews.com/International/nato-aircraft-deployed-poland-russian-jet-powered-drones/story?id=136327662,DAVID BRENNAN,2026-09-10T08:27:36Z,maritime transport,Russia and Ukraine exchanged hundreds of strike drones overnight.,Abcnews.com,Russia,News,2026-09-13T20:28:14.840038Z
29a73168bebb9e582394d2497b75748d,Russian air strikes kill four in Ukraine’s port city Mykolaiv,https://cryptobriefing.com/russian-air-strikes-kill-four-in-ukraines-port-city-mykolaiv/,Estefano Gomez,2026-09-10T04:49:55Z,maritime transport,"The intensified Russian strikes on Mykolaiv highlight the ongoing strategic conflict, potentially diminishing Ukraine's chances of reclaiming Crimea.
The post Russian air strikes kill four in Ukraine’s port city Mykolaiv appeared first on Crypto Briefing.",Crypto Briefing,Russia,News,2026-09-13T20:28:14.840125Z
e2df39eebb976633c1407be780211324,The Srivijaya Empire,https://everything-everywhere.com/the-srivijaya-empire/,Gary Arndt,2026-09-10T04:35:53Z,maritime transport,"Podcast Transcript For centuries, one of Asia’s most powerful empires controlled the vital sea lanes connecting China, India, and the Middle East.  It grew fabulously wealthy from trade, became a major center of Buddhism, and dominated much of maritime Southe…",Everything-everywhere.com,China,News,2026-09-13T20:28:14.840145Z
39ea95ba940dd1db220cc411f9dde49e,Iran conflict will end 'immediately' after US midterm elections: Trump,https://www.business-standard.com/world-news/iran-conflict-will-end-immediately-after-us-midterm-elections-trump-126091000055_1.html,ANI,2026-09-10T02:47:03Z,maritime transport,Trump accused Tehran of trying to influence American voters in hopes of bringing a weaker administration to power and pursuing its nuclear ambitions,Business Standard,USA,News,2026-09-13T20:28:14.840167Z
0114e9776ff914892cdd1fd3498bf4bf,Trump claims Iran war will end 'immediately' after US midterm elections,https://economictimes.indiatimes.com/news/international/world-news/trump-predicts-iran-war-will-end-immediately-after-midterm-elections-amid-claims-of-nuclear-weapon-pursuit/articleshow/133991190.cms,ANI,2026-09-10T02:38:37Z,maritime transport,President Trump stated the Iran war will end immediately after the upcoming US midterm elections.  He accused Tehran of seeking nuclear weapons and influencing American voters for leniency.  Recent US strikes targeted nine Iranian ships and tankers in the Gul…,The Times of India,USA,News,2026-09-13T20:28:14.840199Z
0a830dbe7db18ed9eb55b1e3b2ea6263,Philippines deploys vessels as rescuers seek access to burned ferry,https://www.channelnewsasia.com/asia/philippine-ferry-burned-palawan-rescuers-6374296,,2026-09-10T00:13:00Z,maritime transport,"So far, 43 people, including two Chilean nationals, have been rescued from the ferry.",CNA,Unknown,News,2026-09-13T20:28:14.840230Z
728d175648b00824c662fa2486c2be36,US-Iran Strikes Push Oil Above $100 as Hormuz Traffic Remains Sluggish,http://wwd.com/sourcing-journal/logistics/strait-of-hormuz-us-iran-war-strikes-oil-prices-100-ocean-freight-traffic-1239204188/,Glenn Taylor,2026-09-09T20:32:36Z,maritime transport,"Shipping traffic through the Strait of Hormuz fell to six vessels Tuesday as the countries traded attacks in the area, raising more concerns over global energy and supply chains.",WWD,Global,News,2026-09-13T20:28:14.840287Z
321d1bf77d0d77ff1d5788174fea123c,Russia and Vietnam Push Back Against Asset Freezes and Foreign Interference in Joint Statement,https://sputnikglobe.com/20260909/russia-and-vietnam-push-back-against-asset-freezes-and-foreign-interference-in-joint-statement-1124707945.html,Sputnik International,2026-09-09T18:42:28Z,maritime transport,"MOSCOW (Sputnik) - The Russia-Vietnam partnership actually contributes to global and regional stability, Russian President Vladimir Putin said on Wednesday.",Sputnikglobe.com,Russia,News,2026-09-13T20:28:14.840312Z
da10327e97751711765056b76d3ed349,U.S. Moves to Isolate Iran’s Aviation Sector From the Global Economy,https://oilprice.com/Energy/Energy-General/US-Moves-to-Isolate-Irans-Aviation-Sector-From-the-Global-Economy.html,RFE/RL staff,2026-09-09T18:00:00Z,maritime transport,"The United States has imposed sanctions on all of Iran's remaining active airlines, sharply escalating pressure on Tehran's aviation sector as part of a broader campaign aimed at cutting the Islamic Republic off from international trade and finance. The US Tr…",OilPrice.com,USA,News,2026-09-13T20:28:14.840342Z
c1da87cac692df2ed5b70466fc09e0af,"Russia, Vietnam Sign 17 Documents During Vietnamese President's State Visit",https://sputnikglobe.com/20260909/russia-vietnam-sign-17-documents-during-vietnamese-presidents-state-visit-1124707412.html,Sputnik International,2026-09-09T17:22:31Z,maritime transport,"MOSCOW, (Sputnik) - Russia and Vietnam signed 17 documents during Vietnamese President To Lam’s state visit to Russia, a Sputnik correspondent reported on Wednesday.",Sputnikglobe.com,Russia,Market Report,2026-09-13T20:28:14.840368Z
63ba08e11e1cda08dcceccada7c8a5ec,EnTrust Global's Blue Ocean Strategy Launches Fourth Fund For U.S. Insurance Investors With $1.3 Billion In Committed Capital,https://www.prnewswire.com/news-releases/entrust-globals-blue-ocean-strategy-launches-fourth-fund-for-us-insurance-investors-with-1-3-billion-in-committed-capital-302874000.html,,2026-09-09T15:25:00Z,maritime transport,"The Fund is expected to provide capital efficiency for insurance investors, and brings total capital raised for the Blue Ocean strategy to $7.6 billion. NEW YORK, Sept. 9, 2026 /PRNewswire/ -- Blue Ocean, a maritime finance investment platform managed by EnTr…",PRNewswire,Global,News,2026-09-13T20:28:14.840424Z
c2842bc2bc17e11ed205d1bfb9e7128e,Russia's Strikes on Ukraine's Border Checkpoints Choke Off Diverted Maritime Logistics Pipeline,https://sputnikglobe.com/20260909/russias-strikes-on-ukraines-border-checkpoints-choke-off-diverted-maritime-logistics-pipeline-1124704396.html,Sputnik International,2026-09-09T13:29:19Z,maritime transport,"The string of drone strikes on the Starokozachye border crossing between Ukraine and Moldova will “seriously hinder – or at least temporarily delay” the shipment of arms into Ukraine, and exports going out, Institute of CIS Countries senior fellow Alexander D…",Sputnikglobe.com,Russia,News,2026-09-13T20:28:14.840457Z
5505d66a10f050f014d4f8d394d441d2,"Iran attacks ten ships, oil prices surge above 100 dollars",https://cryptobriefing.com/iran-attacks-ten-ships-oil-prices-surge-above-100-dollars/,Estefano Gomez,2026-09-09T12:36:28Z,maritime transport,"Escalating tensions in the Persian Gulf could lead to prolonged oil supply disruptions, potentially driving prices to new all-time highs.
The post Iran attacks ten ships, oil prices surge above 100 dollars appeared first on Crypto Briefing.",Crypto Briefing,Unknown,Market Report,2026-09-13T20:28:14.840497Z
ab8e93b6c6836784f4343debcf5a183e,Indonesian Navy to deploy Garibaldi carrier for forest fire mitigation,https://en.antaranews.com/news/430660/indonesian-navy-to-deploy-garibaldi-carrier-for-forest-fire-mitigation,"Walda Marison, Yashinta Difa",2026-09-09T11:02:02Z,maritime transport,"The Indonesian Navy (TNI AL) is preparing to deploy its newly acquired aircraft carrier, the Giuseppe Garibaldi, into a floating helicopter base to strengthen ...",Antaranews.com,Indonesia,News,2026-09-13T20:28:14.840526Z
dcedc9521cd044e741957a416151a877,"Global Times: Silk Road Maritime Forum kicks off in Xiamen with focus on shared growth, open cooperation",https://www.prnewswire.com/news-releases/global-times-silk-road-maritime-forum-kicks-off-in-xiamen-with-focus-on-shared-growth-open-cooperation-302873208.html,,2026-09-09T04:47:00Z,maritime transport,"BEIJING, Sept. 9, 2026 /PRNewswire/ -- The 8th Silk Road Maritime International Cooperation Forum opened in the coastal city of Xiamen, East China's Fujian Province on Tuesday. Domestic and foreign officials and industry insiders agreed that in the face of mu…",PRNewswire,China,News,2026-09-13T20:28:14.840549Z
0dfffd4d4276ee10ec68df7128c33ab4,Hellenic Growth Agora: Ports of the future and ESG as business value,https://www.naftemporiki.gr/english/2159132/hellenic-growth-agora-ports-of-the-future-and-esg-as-business-value/,Αλεξία Σωτηρίου,2026-09-09T04:32:53Z,maritime transport,"Sustainable development and the transition from strategy to action were at the centre of two panel discussions held at the Hellenic Growth Agora, organised by the Growth Fund, as part…
Hellenic Growth Agora: Ports of the future and ESG as business value - Η Ν…",Naftemporiki.gr,Unknown,News,2026-09-13T20:28:14.840602Z
580ce011a49321a1c32bf7fe5d2eb7e5,Opal readers turned off on Sydney Ferries amid industrial action,https://www.abc.net.au/news/2026-09-09/sydney-ferry-opal-readers-turned-off-industrial-action/107131766,Declan Bowring,2026-09-09T02:00:39Z,maritime transport,"Transport for NSW says the workers cannot turn off the readers under the notified industrial action, despite the maritime union's announcement.",ABC News (AU),Unknown,News,2026-09-13T20:28:14.840656Z
9a268e5c27ea0e6f6996ddb4dccc60b4,Dangote Refinery CEO to Reuters: Fuel Shortages Will Outlast the U.S.-Iran War,https://atlanticdigest.com/business/dangote-refinery-ceo-to-reuters-fuel-shortages-will-outlast-the-u-s-iran-war/,The Atlantic,2026-09-09T01:39:10Z,maritime transport,Dangote Refinery CEO to Reuters: Fuel Shortages Will Outlast the U.S.-Iran Waratlanticdigest.com,Atlanticdigest.com,Unknown,News,2026-09-13T20:28:14.840689Z
51a5a90ba8c04f4d1595b2137511ab97,James Fisher and Sons H1 Earnings Call Highlights,https://www.marketbeat.com/instant-alerts/transcript-james-fisher-and-sons-h1-earnings-call-highlights-2026-09-08/?utm_source=yahoofinance&amp;utm_medium=yahoofinance,MarketBeat,2026-09-08T18:02:47Z,maritime transport,"James Fisher and Sons (LON:FSJ) reported higher first-half revenue and underlying operating profit for 2026, as strong performances in its defense and mariti...",MarketBeat,Unknown,Market Report,2026-09-13T20:28:14.840724Z
da4f1c604ed3b725767059ef38ea8605,US Sanctions All Remaining Iranian Airlines In Sweeping Aviation Crackdown,https://www.rferl.org/a/us-sanctions-iran-airlines-aviation/33850336.html,Alex Raufoglu,2026-09-08T17:38:20Z,maritime transport,"The United States has imposed sanctions on all of Iran's remaining active airlines, sharply escalating pressure on Tehran's aviation sector as part of a broader campaign aimed at cutting the Islamic republic off from international trade and finance.",Radio Free Europe/ Radio Liberty,USA,News,2026-09-13T20:28:14.840749Z
b491c9891e396a1f4477fda83c0e7ee3,China’s Unity Through Erasure Should Worry Central Asia,https://thediplomat.com/2026/09/chinas-unity-through-erasure-should-worry-central-asia/,Tilla Hoja,2026-09-08T12:17:00Z,maritime transport,"The SCO may serve legitimate Central Asian interests, but it should not become the vehicle through which Beijing’s definitions of security, political loyalty, and ethnic identity become normalized across the Turkic world.",The Diplomat,China,News,2026-09-13T20:28:14.840770Z
1eb7c3ea6b68691947b361f75ece7f07,US Sanctions All Remaining Iranian Airlines In Sweeping Aviation Crackdown,https://www.globalsecurity.org/wmd/library/news/iran/2026/09/iran-260908-rferl01.htm,John Pike,2026-09-08T12:00:00Z,maritime transport,"The United States has imposed sanctions on all of Iran's remaining active airlines, sharply escalating pressure on Tehran's aviation sector as part of a broader campaign aimed at cutting the Islamic republic off from international trade and finance.",Globalsecurity.org,USA,News,2026-09-13T20:28:14.840786Z
6a84a62bd162a6aca947fe68d682ee85,"Progress Report 2026: More PESCO projects in delivery, industrial dimension in focus",https://www.globalsecurity.org/military/library/news/2026/09/mil-260908-pesco01.htm,John Pike,2026-09-08T12:00:00Z,maritime transport,"The 2026 Permanent Structured Cooperation (PESCO) Projects Progress Report shows how the EU's framework for defence cooperation is generating operational capability, also through industrial cooperation and joint procurement. Across the 74 projects, a growing …",Globalsecurity.org,Unknown,Market Report,2026-09-13T20:28:14.840839Z
3a7d8f29b85fcbd68c724f2d62570ad1,NPS Students Apply Graduate Research to Real-World Fleet Challenges During RIMPAC 2026,https://www.globalsecurity.org/military/library/news/2026/09/mil-260908-usn01.htm,John Pike,2026-09-08T12:00:00Z,maritime transport,A team of nine NPS students across several departments and programs traveled to RIMPAC 2026 for an invaluable opportunity to take their graduate education and research from the classroom into the operational environment.,Globalsecurity.org,Unknown,News,2026-09-13T20:28:14.840885Z
c3993a806a89ed2bcabc1fda9605c917,"Vulnerability Summary for the Week of August 31, 2026",https://www.cisa.gov/news-events/bulletins/sb26-250,CISA,2026-09-08T11:39:53Z,maritime transport,"High Vulnerabilities

<table>

<tr>
<th>PrimaryVendor -- Product</th>
<th>Description</th>
<th>Published</th>
<th>CVSS Score</th>
<th>Source Info</th>
</tr>



<tr>
<td>1Hive--gardens-v2</td>
<td>Gardens v2 is a modular governance framework that enables com…",Cisa.gov,Unknown,News,2026-09-13T20:28:14.840932Z
25b98fb335c950b7437e32cfb5e09741,India faces higher oil import costs as crude prices surge on West Asia supply risks,https://economictimes.indiatimes.com/industry/energy/oil-gas/india-faces-higher-oil-import-costs-as-crude-prices-surge-on-west-asia-supply-risks/articleshow/133921488.cms,PTI,2026-09-08T10:59:44Z,maritime transport,"International crude prices surged, impacting India's oil import bill and inflation. Escalating West Asia tensions raised concerns about global supply disruptions. India, a major oil importer, faces pressure on its trade balance and currency. Fuel retailers ma…",The Times of India,India,Market Report,2026-09-13T20:28:14.840956Z
b8196e44e5efa6f9f5b7fb7923334927,"Rajnath Singh arrives in Sri Lanka after 38 years, to deepen maritime, defence ties",https://economictimes.indiatimes.com/news/india/rajnath-singh-arrives-in-sri-lanka-after-38-years-to-deepen-maritime-defence-ties/articleshow/133917351.cms,ANI,2026-09-08T08:59:38Z,maritime transport,Indian Defence Minister Rajnath Singh arrived in Colombo for a three-day visit.  He will discuss maritime and security cooperation with Sri Lankan officials.  This visit aims to further strengthen bilateral defence partnerships between the nations.  Singh wil…,The Times of India,India,News,2026-09-13T20:28:14.840986Z
2e468537adfc3123d3596b08555849e8,What you need to know about driverless vehicles,https://www.thenakedscientists.com/podcasts/naked-scientists-podcast/what-you-need-know-about-driverless-vehicles,The Naked Scientists,2026-09-08T05:52:14Z,maritime transport,"We've partnered with the Royal Institute of Navigation to explore driverless vehicles, also known as autonomous vehicles, or AVs. The Naked Scientists ride on a self-driving bus in Cambridge to see what makes them tick. We hear from 'driver' Nick Bailey, as w…",The Naked Scientists,Unknown,News,2026-09-13T20:28:14.841065Z
15f861c1cf64d4eefe6b4fcfc8ad7404,US and Israel launch military strikes against Iran’s nuclear facilities as Strait of Hormuz crisis reshapes global energy,https://cryptobriefing.com/us-israel-iran-war-hormuz-crisis/,Editorial Team,2026-09-08T04:09:41Z,maritime transport,"The conflict has intensified geopolitical tensions, disrupted global oil supply, and heightened risks of further instability in energy markets.
The post US and Israel launch military strikes against Iran’s nuclear facilities as Strait of Hormuz crisis reshape…",Crypto Briefing,Global,Market Report,2026-09-13T20:28:14.841119Z
2efd2ceb5a39301c6745e8f2c269470e,What Is The Significance Of The Mecca Pact?,https://www.americanthinker.com/articles/2026/09/what-is-the-significance-of-the-mecca-pact/,,2026-09-08T04:00:00Z,maritime transport,"Photo Credit:ChatGPT
 
 ChatGPT for American ThinkerBy Janet LevyAmerica must rethink its policies and priorities in the volatile Middle East.",Americanthinker.com,USA,News,2026-09-13T20:28:14.841139Z
901adcaa4ec19a38cbef073581d777d8,Nigeria’s trade surplus doubles to N12.6tn as exports surge,https://punchng.com/nigerias-trade-surplus-doubles-to-n12-6tn-as-exports-surge/,Punch Newspapers,2026-09-08T00:42:25Z,maritime transport,"Nigeria’s trade surplus more than doubled to N12.6tn in Q2 2026, driven by surging exports and declining imports. Learn more about crude oil and non-oil tr

Read More: https://punchng.com/nigerias-trade-surplus-doubles-to-n12-6tn-as-exports-surge/",The Punch,Unknown,News,2026-09-13T20:28:14.841189Z
259c69a7d6c57bfcf62f5d4aaa06776f,"An electric plane that transforms into a boat just flew its first human-crewed flight — Viceroy Seaglider has a 15,000lbs MTOW and will fly up to 180 miles",https://www.techradar.com/pro/electric-plane-that-transforms-into-a-boat-just-flew-its-first-human-crewed-flight-viceroy-seaglider-has-a-15-000lbs-mtow-and-will-fly-up-to-180-miles,Efosa Udinmwen,2026-09-07T19:20:00Z,maritime transport,"REGENT’s Viceroy has completed its first crewed flight, advancing an electric seaglider programme aimed at coastal travel and defence operations.",TechRadar,Unknown,News,2026-09-13T20:28:14.841240Z
9d613034dbe0cf93c965ce77082956e1,Sudan Could Become the Red Sea’s Next Energy Security Flashpoint,https://oilprice.com/Geopolitics/Africa/Sudan-Could-Become-the-Red-Seas-Next-Energy-Security-Flashpoint.html,Cyril Widdershoven,2026-09-07T19:00:00Z,maritime transport,"The investigations published by The New York Times and The Washington Post should not be dismissed as another collection of allegations emerging from Sudan’s opaque civil war. Taken together, they present the most substantial publicly available evidence yet t…",OilPrice.com,Unknown,News,2026-09-13T20:28:14.841297Z
0daa86ddd49598363045f3461a7e69d9,Sudan Could Become the Red Sea’s Next Energy Security Flashpoint,https://finance.yahoo.com/energy/articles/sudan-could-become-red-sea-190000402.html,Cyril Widdershoven,2026-09-07T19:00:00Z,maritime transport,"The biggest threat to oil markets is simultaneous disruption across Port Sudan, Yanbu, Bab el-Mandeb and Hormuz",Yahoo Entertainment,Unknown,Market Report,2026-09-13T20:28:14.841328Z
e2210dc05f4a5c7d85b3a9da79ea8bd2,Trump’s blockade pushes Iran toward military escalation,https://www.cnn.com/2026/09/07/middleeast/trump-blockade-iran-military-escalation-intl-latam,"Analysis by Mostafa Salem and Aida Karimi, CNN",2026-09-07T17:19:23Z,maritime transport,"As Washington abandons talks with Iran for an aggressive economic pressure campaign, a cornered Tehran is now threatening military escalation and a wider war...",CNN,Unknown,News,2026-09-13T20:28:14.841370Z
8bb1e8a20d66efb69774787666f36b24,2027: Shettima urges transporters to keep Tinubu mobilisation peaceful,https://www.vanguardngr.com/2026/09/2027-shettima-urges-transporters-to-keep-tinubu-mobilisation-peaceful/,Nwafor,2026-09-07T17:08:41Z,maritime transport,"—As support group sets 20m-vote target for Tinubu–Shettima, inaugurates nationwide structure By Johnbosco Agbakwuru ABUJA — THE Vice President, Senator Kashim Shettima, on Monday, urged transport operators rallying support for President Tinubu’s 2027 re-elect…",Vanguard,Unknown,Market Report,2026-09-13T20:28:14.841414Z
128a92d61cb613637c02af415fcce821,Five-year fuel contract with Mauritius: IndianOil turns 25-year presence into strategic foothold,https://economictimes.indiatimes.com/industry/energy/oil-gas/five-year-fuel-contract-with-mauritius-indianoil-turns-25-year-presence-into-strategic-foothold/articleshow/133880391.cms,ET Spotlight,2026-09-07T13:42:28Z,maritime transport,"India has signed a five-year fuel supply agreement with Mauritius under which IndianOil will meet the island’s entire import requirement of fuels, marking the first such long-term deal with a country outside South Asia and signalling India’s emergence as a tr…",The Times of India,India,News,2026-09-13T20:28:14.841476Z
d9f1927a418429289df4166302b82827,Foreign Ministry Spokeswoman Maria Zakharova's answer to a media question about the deployment of a US medium- and short-range missile launcher in Norway,https://www.globalsecurity.org/wmd/library/news/russia/2026/09/russia-260907-russia-mfa03.htm,John Pike,2026-09-07T12:00:00Z,maritime transport,"""We regard the appearance in Europe of US systems capable of firing intermediate- and shorter-range missiles (ISRM) as yet another step in an unending succession of highly destabilising actions undertaken by NATO countries.""",Globalsecurity.org,Norway,News,2026-09-13T20:28:14.841521Z
3b871b67996627ada9bb16a47db81151,Nurminen Logistics increases capacity on its Sweden-Italy rail route: two weekly departures and expanded transport options,https://www.prnewswire.com/news-releases/nurminen-logistics-increases-capacity-on-its-swedenitaly-rail-route-two-weekly-departures-and-expanded-transport-options-302871329.html,,2026-09-07T11:48:00Z,maritime transport,"Nurminen Logistics Plc Press release 7 September 2026 HELSINKI, Sept. 7, 2026 /PRNewswire/ -- Nurminen Logistics will add a second weekly departure to its Sweden–Italy block train service from the first week of October 2026. The company will also deploy a mor…",PRNewswire,Unknown,Market Report,2026-09-13T20:28:14.841572Z
8fdadae7bceb6d3f53597922c55d7818,Insidious pests spread to 22 states as Americans are told to 'kill on sight',https://www.dailymail.com/sciencetech/article-16121409/spotted-lanternfly-infestation-states.html,Chris Melore,2026-09-12T18:00:46Z,cargo shipping,"An insidious plague of insects has spread to half of the US, and now threatens to destroy the nation's wine crops.",Dailymail.com,USA,News,2026-09-13T20:28:15.336364Z
bbbfc135fe96c07816be588a6826c7ea,"Record drought drains the Danube, exposing Nazi warships and forcing first-ever nuclear shutdowns",https://activistpost.com/record-drought-drains-the-danube-exposing-nazi-warships-and-forcing-first-ever-nuclear-shutdowns/,Editor,2026-09-12T16:00:00Z,cargo shipping,"A punishing combination of prolonged drought and record-breaking heat has driven the Danube River to historic lows, exposing sunken Nazi warships from World War II, a 1937 Hungarian cargo wreck, and even suspected mammoth remains—while crippling river transpo…",Activistpost.com,Unknown,News,2026-09-13T20:28:15.336634Z
585f17c213b3696120cf96e116b7a964,Glomax 16-oz. Ceramic Coating Car Wax Spray for $10 + free shipping w/ Prime,https://www.dealnews.com/Glomax-16-oz-Ceramic-Coating-Car-Wax-Spray-for-10-free-shipping-w-Prime/22172513.html,,2026-09-12T10:15:19Z,cargo shipping,"At Amazon, you can get this Glomax 16-oz. Ceramic Coating Car Wax Spray for just $9.99 right now. It's half price and Amazon's best-ever deal on this spray. This 16-oz. bottle works as a waterless wash, wax, and ceramic coating in a single application. Buy No…",Dealnews.com,Unknown,News,2026-09-13T20:28:15.336715Z
c2e8760042dd3e91396373290ed4898a,Russia strikes two cargo ships in Ukrainian port of Chornomorsk,https://cryptobriefing.com/russia-strikes-two-cargo-ships-in-ukrainian-port-of-chornomorsk/,Estefano Gomez,2026-09-12T06:44:32Z,cargo shipping,"The attack on Chornomorsk port could hinder Ukraine's economic resilience and complicate its strategic military objectives in the region.
The post Russia strikes two cargo ships in Ukrainian port of Chornomorsk appeared first on Crypto Briefing.",Crypto Briefing,Russia,News,2026-09-13T20:28:15.336784Z
93af2c5f9c635dbb6ed25519ca779fb7,"Accuracy Shipping receives LoI for proposed Container Freight Station at Kandla, Gujarat",https://www.business-standard.com/markets/capital-market-news/accuracy-shipping-receives-loi-for-proposed-container-freight-station-at-kandla-gujarat-126091200224_1.html,Capital Market,2026-09-12T05:21:11Z,cargo shipping,"Accuracy Shipping today announced that A.R.S. Terminals (India), a subsidiary in which Accuracy Shipping holds a 99.80% stake, has received a Letter of Intent (LoI) dated 10 September 2026, from the Central Board of Indirect Taxes and Customs (CBIC) for setti…",Business Standard,India,News,2026-09-13T20:28:15.336814Z
43df075d3e575445d7a05470251d9128,Fantasticlean 9-Piece Car Detailing Brush Set for $18 + free shipping w/ Prime,https://www.dealnews.com/Fantasticlean-9-Piece-Car-Detailing-Brush-Set-for-18-free-shipping-w-Prime/22170136.html,,2026-09-11T23:34:59Z,cargo shipping,"This Fantasticlean 9-piece detailing set is $2 off the regular price at Amazon, matching its all-time low. The kit includes a microfiber leather applicator pad and double-head brushes made with boar hair, microfiber, and synthetic fibers for cleaning both veh…",Dealnews.com,Unknown,News,2026-09-13T20:28:15.336895Z
31baf32f3b872fdb25f5aaa1377afeb9,Chinese National Accused of Illegally Modifying DHS Computers at Border Station...,https://www.themainewire.com/2026/09/chinese-national-accused-of-illegally-modifying-homeland-security-computers-at-maine-canada-border-station/,Steve Robinson,2026-09-11T21:52:37Z,cargo shipping,A Chinese national who managed to get a job working as a U.S. Customs and Border Protection supervisor in Calais has been arrested and charged in what FBI agents claim was a plot to install modified hardware in Department of Homeland Security computers. Terry…,Themainewire.com,China,News,2026-09-13T20:28:15.336919Z
b696f441e76a8dc68c4c33a87cdf4f4c,36-Piece Car Detailing Kit for $25 + free shipping w/ Prime,https://www.dealnews.com/36-Piece-Car-Detailing-Kit-for-25-free-shipping-w-Prime/22170018.html,,2026-09-11T21:26:00Z,cargo shipping,"At Amazon, this 36-Piece Car Detailing Kit in Blue is $24.79. That's $3 off and the lowest it's been. Shipping is free for Prime members.  Buy Now at Amazon
 Features
 <ul> <li>36-piece set includes brushes, pads, towels, and a storage box</li> <li>Includes…",Dealnews.com,Unknown,News,2026-09-13T20:28:15.336967Z
8bdc1a6d78541299df9b6097b3833725,BofA says record-high diesel is a ‘real-economy pressure point’ that's flashing a warning,https://www.businessinsider.com/diesel-record-price-economic-impact-shipping-freight-gas-bofa-2026-9#article,sobrient@insider.com (Samuel O'Brient),2026-09-11T17:09:43Z,cargo shipping,The cost of diesel hit $6 a gallon for the first time ever this week. It could be another blow to consumers already feeling the sting of high inflation.,Business Insider,Unknown,News,2026-09-13T20:28:15.337055Z
7c2a5f97ec84b52ae39b771a57e1eb8a,Car Seat Headrest Hook Organizer 4-Pack for $3 + free shipping w/ Prime,https://www.dealnews.com/Car-Seat-Headrest-Hook-Organizer-4-Pack-for-3-free-shipping-w-Prime/22169698.html,,2026-09-11T15:01:58Z,cargo shipping,"This 4-pack of car headrest hooks is $3.49, down from $4.99.  It's at its all-time price low on Amazon. Each hook supports up to 44 lb., making it useful for hanging bags, groceries, or coats without tools or a complicated setup. Buy Now at Amazon
 Features…",Dealnews.com,Unknown,News,2026-09-13T20:28:15.337147Z
d6af93ea8827a40c931cbc7a40257269,50-Amp RV Surge Protector w/ Smart LED Display for $25 + free shipping w/ Prime,https://www.dealnews.com/50-Amp-RV-Surge-Protector-w-Smart-LED-Display-for-25-free-shipping-w-Prime/22169697.html,,2026-09-11T14:59:01Z,cargo shipping,"This RV surge protector is $25. That's $25 off its regular price of $50, and matches its all-time low on Amazon. It includes a smart LED display that shows real-time voltage and wiring status, along with automatic shut-off and reset protection for unsafe powe…",Dealnews.com,Unknown,News,2026-09-13T20:28:15.337200Z
1286de9888998cb82a8305c55cf0a388,Amazon Outlet Automotive Deals: Up to 50% off + free shipping w/ Prime,https://www.dealnews.com/Amazon-Outlet-Automotive-Deals-Up-to-50-off-free-shipping-w-Prime/22169693.html,,2026-09-11T14:43:52Z,cargo shipping,"Amazon's automotive deals span more than 7,000 items, with prices starting at $3.49 for a LivTee car headrest hook. Shoppers can find automotive tools, interior accessories, car-care gear, and replacement parts, including an automotive EVAP smoke machine for …",Dealnews.com,Unknown,Market Report,2026-09-13T20:28:15.337253Z
3d9554148e6369a2001c6b7742e75ecf,Terrorists who launch attacks on US ships in Red Sea used ANTHROPIC to try to build ballistic missiles,https://www.dailymail.com/news/article-16123343/terrorists-red-sea-anthropic-ai-ballistic-missiles.html,Natasha Anderson,2026-09-11T13:06:10Z,cargo shipping,"In its new AI misuse report, Anthropic revealed that a 'cell of threat actors' in northern Yemen had tried to leverage the Claude chatbot to run 'three weapons development programs.'",Dailymail.com,Unknown,Market Report,2026-09-13T20:28:15.337371Z
34893ce7c012f5c74c7745fdcb7d6417,"Vostok Oil: One Tanker, Four Trillion Rubles",https://oilprice.com/Energy/Energy-General/Vostok-Oil-One-Tanker-Four-Trillion-Rubles.html,Editorial Dept,2026-09-11T12:30:00Z,cargo shipping,"Every headline number behind Vostok Oil — from the tanker fleet and shipping target to the resource base and flagship well — has failed to survive contact with what Rosneft has actually drilled, built, or shipped. Four trillion rubles into the project, Rosnef…",OilPrice.com,Unknown,News,2026-09-13T20:28:15.337485Z
91d5d4f0b9c5658066f0358d7226542a,Pakistan PM Accelerates Trade & Cargo Clearance | BolNews,https://www.bolnews.com/business/pakistan-pm-approves-measures-to-speed-up-trade-cargo-clearance,Javed Miraz,2026-09-11T10:07:08Z,cargo shipping,Pakistan PM approves key measures to accelerate trade. Targets include 30% pre-arrival clearance & 65% green channel processing for faster commerce.,BOL News,Unknown,Market Report,2026-09-13T20:28:15.337517Z
29a50eb9303ecbb667b77c987faa0604,Lowe's Hand Tool Deals: Up to 30% off + free shipping w/ $25,https://www.dealnews.com/Lowes-Hand-Tool-Deals-Up-to-30-off-free-shipping-w-25/22169582.html,,2026-09-11T08:50:52Z,cargo shipping,"As one of its daily deals, Lowe's takes up to 30% off a selection of hand tools. Choose in-store pickup to dodge the $5.99 shipping fee, or get free shipping with orders of $25 or more by signing up to MyLowe's Rewards. (It's free to join.) Pictured is the Ki…",Dealnews.com,Unknown,Market Report,2026-09-13T20:28:15.337562Z
6876241182d612fb9e9a2aff5efe9df4,Russia strikes data center in Kiev – MOD,https://www.rt.com/russia/645430-russian-strikes-kiev-datacenter/,RT,2026-09-11T08:34:45Z,cargo shipping,"Russian forces have struck multiple Ukrainian military targets with long-range weapons, including a data center in Kiev and port facilities in Odessa, the Defense Ministry has said",RT,Russia,News,2026-09-13T20:28:15.337588Z
565172ae4ceaf2e52d4de42f149b229d,"ClosetMaid ShelfTrack Wood 4-Foot x 14.7"" Double Hang White Wire Closet Kit for $119 + free shipping",https://www.dealnews.com/Closet-Maid-Shelf-Track-Wood-4-Foot-x-14-7-Double-Hang-White-Wire-Closet-Kit-for-119-free-shipping/22169579.html,,2026-09-11T08:21:54Z,cargo shipping,"As one of its daily deals, Lowe's offers the ClosetMaid ShelfTrack Wood 4-Foot x 14.7"" Double Hang White Wire Closet Kit for $119. That's a savings of $51. Shipping is free. Buy Now at Lowe's",Dealnews.com,Unknown,Market Report,2026-09-13T20:28:15.337625Z
d84af0b7934db16d4fa0135ef8ba04b3,"Trump brags about torchingÂ Iran’s oil fleet,Â but we’ll allÂ pay the price",https://www.naturalnews.com/2026-09-11-trump-brags-about-torching-irans-oil-fleet.html,Lance D Johnson,2026-09-11T06:00:00Z,cargo shipping,"The United States has spent the past week turning Iranian oil tankers into floating wreckage across the Gulf of Oman and the Strait of Hormuz, and President Donald Trump wants Americans to know it. “We’ve taken out about nine of their tankers,” Trump told rep…",Naturalnews.com,USA,News,2026-09-13T20:28:15.337693Z
4c974c68f9c8b12ec1bb1199b5520dd2,"GOOLOO Car Battery Jump Starter, 4500A Peak Portable Jump Box $53.99 Free Shipping W/Walmart+",https://slickdeals.net/f/19999752-gooloo-car-battery-jump-starter-4500a-peak-portable-jump-box-53-99-free-shipping-w-walmart,WoodSlayR,2026-09-11T03:10:01Z,cargo shipping,"use Discount code: P3G8CNJ2 at checkout for 45% off

Key item features
Powerful Performance: With 4500 Amps peak cranking power, the GE4500 jump starter can start almost all 12V vehicles, including up",Slickdeals.net,Unknown,News,2026-09-13T20:28:15.337777Z
054a9de2c6e623681c0565d048dba1ef,"Eastsport 16"" Pro Cargo Mesh Backpack for $7 + free shipping w/ $35",https://www.dealnews.com/Eastsport-16-Pro-Cargo-Mesh-Backpack-for-7-free-shipping-w-35/22166076.html,,2026-09-10T22:41:15Z,cargo shipping,"Walmart offers the Eastsport 16"" Pro Cargo Mesh Backpack in Army Camo or Thistle for $6.79.  That's an $11 low.  Choose pickup or spend $35 to avoid the $6.99 shipping charge. Buy Now at Walmart",Dealnews.com,Unknown,News,2026-09-13T20:28:15.337816Z
9fab0cd4a331c497430fd9fcbddbcc8e,12V Cordless Mini Polisher w/ Polishing & Wool Pads for $90 + free shipping,https://www.dealnews.com/12-V-Cordless-Mini-Polisher-w-Polishing-Wool-Pads-for-90-free-shipping/22166075.html,,2026-09-10T22:38:09Z,cargo shipping,"This cordless mini polisher is $89.99 at Amazon. That's $30 below the original price. Shipping is free.  Buy Now at Amazon
 Features
 <ul> <li>12-volt battery-powered cordless design</li> <li>Includes 25mm, 50mm, and 80mm backing plates</li> <li>Speed adjus…",Dealnews.com,Unknown,News,2026-09-13T20:28:15.337871Z
7ad4c3fb4e2081a22021f23296dda2b9,Dickies Men's Duratech Ranger Duck Cargo Work Pants (SlateV1) 44W x 32L $24.99 + Free Shipping w/ Prime or on $35+,https://slickdeals.net/f/19998810-dickies-men-s-duratech-ranger-duck-cargo-work-pants-slatev1-44w-x-32l-24-99-free-shipping-w-prime-or-on-35,TattyBear,2026-09-10T21:34:14Z,cargo shipping,"Grivet Outdoors via Amazon [amazon.com] has Dickies Duratech Ranger Duck Cargo Work Pants (Slate) 44W x 32L on sale for $24.99. Shipping is free w/ Prime or on orders $35+.

Current availability is on",Slickdeals.net,Unknown,News,2026-09-13T20:28:15.337914Z
ac77535c0dbdb6ad71653074b5f60a70,One dead after explosion at Staten Island barge triggers massive fire,https://nypost.com/2026/09/10/us-news/one-dead-after-explosion-at-staten-island-petroleum-barge-triggers-massive-container-fire/,"Joe Marino, Amanda Woods",2026-09-10T21:03:53Z,cargo shipping,"One person was killed Thursday afternoon when an explosion on board a Staten Island petroleum barge caused a massive shipping container fire, according to authorities and sources. The blast erupted around 2:35 p.m. on board the barge called “Casablanca”  on R…",New York Post,Unknown,News,2026-09-13T20:28:15.337967Z
b36a2d398c552f8b61665d91cc50bf65,WAMEIJU 12V/24V Adjustable Pure Copper Battery Disconnect Switch for $3.99 w/ Prime + free shipping w/ Prime,https://www.dealnews.com/12-V-24-V-Adjustable-Pure-Copper-Battery-Disconnect-Switch-for-3-99-w-Prime-free-shipping-w-Prime/22166029.html,https://www.dealnews.com/authors/Jason-S/256.html,2026-09-10T19:34:05Z,cargo shipping,"This battery disconnect switch is $4 off the regular price at Amazon, bringing it down to $4. It's built from pure copper and works with both 12V and 24V systems, making it usable across cars, boats, RVs, trucks, and campers. Buy Now at Amazon
 Features
 <u…",Dealnews.com,Unknown,News,2026-09-13T20:28:15.338028Z
3b12140fd9a2dc4224a3637919a8f889,Wholesale Inflation Is Rising Again,https://www.newser.com/story/396241/wholesale-inflation-is-rising-again.html,Rob Quinn,2026-09-10T19:20:00Z,cargo shipping,Wholesale inflation picked up last month after cooling earlier this summer as higher oil and gas prices stemming from the Iran war keep costs elevated. The Labor Department's Producer Price Index—which captures inflation before it reaches consumers—rose 5.4% …,Newser,Unknown,Market Report,2026-09-13T20:28:15.338072Z
371c840d6d69bb8973c5f7ddfb0e7b31,Handheld Glass Emulsion Windshield Cleaner 2-Pack for $20 + free shipping w/ Prime,https://www.dealnews.com/Handheld-Glass-Emulsion-Windshield-Cleaner-2-Pack-for-20-free-shipping-w-Prime/22166011.html,https://www.dealnews.com/authors/David-W/244.html,2026-09-10T18:39:46Z,cargo shipping,"At Amazon, get this Glass Emulsion Cleaner Handheld Windshield Brush 2-Pack for $20. It's the best price Amazon has charged for this 2-pack. Each bottle comes with a handheld brush attached, making it easy to scrub away oily haze and road grime from windshiel…",Dealnews.com,Unknown,News,2026-09-13T20:28:15.338136Z
f3e54b6aba823924ee57aec76f1fcb62,Why Nigeria Port charges must drop — Usman,https://www.vanguardngr.com/2026/09/why-nigeria-port-charges-must-drop-usman/,Nwafor,2026-09-10T18:34:30Z,cargo shipping,"By Providence Ayanfeoluwa LAGOS: Former Managing Director of the Nigerian Ports Authority, NPA, Hadiza Bala Usman, has called for a comprehensive review of Nigeria’s port tariff structure, warning that high and unpredictable charges are undermining the compet…",Vanguard,Unknown,Analysis/Opinion,2026-09-13T20:28:15.338179Z
57ebe8c14b54af4272dd538a84e264de,NRF Walks Back Peak Season Slowdown Call as September Set to Top 2026 Imports,http://wwd.com/sourcing-journal/logistics/september-peak-shipping-season-import-volumes-nrf-global-port-tracker-1239207519/,Glenn Taylor,2026-09-10T17:57:59Z,cargo shipping,"The Global Port Tracker now projects a 9.6 percent year-over-year jump in inbound cargo for September, reversing a forecast made just two months ago that called for a 5.7 percent decline.",WWD,Global,Analysis/Opinion,2026-09-13T20:28:15.338238Z
933df7640c57385889de43c799315155,"Fire aboard cargo ship undergoing repairs at busy Chinese port leaves 25 people dead, five more injured",https://www.foxnews.com/world/fire-aboard-cargo-ship-undergoing-repairs-busy-chinese-port-leaves-25-people-dead-five-more-injured,,2026-09-10T16:45:54Z,cargo shipping,"A cargo ship called the Ocean Melody caught fire during repairs at Qingdao port, killing 25 of the 42 people on board the Liberian-flagged vessel.",Fox News,China,News,2026-09-13T20:28:15.338266Z
f392aac0a1c0d541b3779ca021965b05,100-Piece Nylon Universal Cable Tie Buckle Set w/ Storage Box for $4 + free shipping w/ Prime,https://www.dealnews.com/100-Piece-Nylon-Universal-Cable-Tie-Buckle-Set-w-Storage-Box-for-4-free-shipping-w-Prime/22165968.html,https://www.dealnews.com/authors/David-W/244.html,2026-09-10T15:05:39Z,cargo shipping,"This 100-piece set of nylon cable tie buckles is $3.89. It  comes in well below its 90-day average of $7.18. The pieces are organized in a clear storage box and snap into place without tools, making them useful for automotive panels, trim, and general DIY rep…",Dealnews.com,Unknown,News,2026-09-13T20:28:15.338318Z
3fe55c7e7f7e960545a105d591b1cd46,2-Pack Big Eye Cartoon Car Headrest Covers for $2 + free shipping w/ $25,https://www.dealnews.com/2-Pack-Big-Eye-Cartoon-Car-Headrest-Covers-for-2-free-shipping-w-25/22165957.html,https://www.dealnews.com/authors/David-W/244.html,2026-09-10T14:45:35Z,cargo shipping,"At Amazon Haul, get this Big Eye Cartoon Car Headrest Cover 2-Pack for $1.79. It's the best price we could find by $5. Shipping is free on Amazon Haul orders of $25 or more. Buy Now at Amazon
 Features
 <ul> <li>Set of two headrest covers</li> <li>Stretchab…",Dealnews.com,Unknown,News,2026-09-13T20:28:15.338401Z
e97727cd6e80c73193572accc1a86476,Add-a-Circuit Fuse Tap 12-Pack for $11 + free shipping w/ Prime,https://www.dealnews.com/products/Nilight/Add-a-Circuit-Fuse-Tap-12-Pack/487636.html,https://www.dealnews.com/authors/David-W/244.html,2026-09-10T14:38:23Z,cargo shipping,"This Nilight 12-pack of fuse taps is $11.37, down from its $13.99 list price. And it's at the lowest price ever on Amazon. The set includes four different tap sizes so it fits a range of fuse box types across cars, trucks, boats, and RVs, and it's backed by a…",Dealnews.com,Unknown,News,2026-09-13T20:28:15.338448Z
8085ffa51c814f2d40ff98aacbec3d57,"Global Times: Arctic shipping route moves toward regular operation, but commercialization needs broader cooperation: Sea Legend executive",https://www.prnewswire.com/news-releases/global-times-arctic-shipping-route-moves-toward-regular-operation-but-commercialization-needs-broader-cooperation-sea-legend-executive-302875460.html,,2026-09-10T14:35:00Z,cargo shipping,"BEIJING, Sept. 10, 2026 /PRNewswire/ -- The Arctic shipping route is moving toward normalized operations, with a Chinese shipping executive saying that his company aims to extend the navigation window to six to eight months in the next three to five years. Bu…",PRNewswire,China,News,2026-09-13T20:28:15.338473Z
5293bbc6441174244ac49b455bc74c8f,Cargo ship fire at major Chinese port leaves at least 25 dead,https://nypost.com/2026/09/10/world-news/cargo-ship-fire-at-major-chinese-port-leaves-at-least-25-dead/,Associated Press,2026-09-10T14:25:52Z,cargo shipping,"A cargo ship docked for repairs in a Chinese port caught fire, killing 25 people, Chinese state media reported Thursday.",New York Post,China,Market Report,2026-09-13T20:28:15.338508Z
cd8b9666f93081e72d697ed82143d2b3,"Nilight 1/2"" x 24"" Synthetic Soft Shackles w/ Extra Sleeves 2-Pack for $21 + free shipping w/ Prime",https://www.dealnews.com/Nilight-1-2-x-24-Synthetic-Soft-Shackles-w-Extra-Sleeves-2-Pack-for-21-free-shipping-w-Prime/22165948.html,https://www.dealnews.com/authors/David-W/244.html,2026-09-10T14:23:43Z,cargo shipping,"This 2-pack of Nilight soft shackles is $20.66, down from $29.99, and matches the lowest price this item has seen on Amazon. Each shackle is rated for a 56,000-lb. breaking strength and comes with protective sleeves and a storage bag included. Buy Now at Amaz…",Dealnews.com,Unknown,News,2026-09-13T20:28:15.338557Z
f708911dc3f2d131b145c98f45c0854e,"2026’s El Niño is shaping up to be a doozy – it’s already affecting global shipping, fish behavior and heat",https://theconversation.com/2026s-el-nino-is-shaping-up-to-be-a-doozy-its-already-affecting-global-shipping-fish-behavior-and-heat-291490,"Steven Paton, Research Biologist, Smithsonian Tropical Research Institute, Smithsonian Institution",2026-09-10T12:49:08Z,cargo shipping,"El Niño can affect agriculture, marine life and economies in profound ways, including slowing commerce at the Panama Canal. This El Niño is likely to be the strongest in over a century.",The Conversation Africa,Panama,News,2026-09-13T20:28:15.338647Z
0e18866132b2cc73ad71a997cbdfffbc,At least 25 dead after cargo ship catches fire in China,https://www.aljazeera.com/news/2026/9/10/at-least-25-dead-after-cargo-ship-catches-fire-in-china,,2026-09-10T12:45:11Z,cargo shipping,"Fire breaks out on ship being repaired in the port of Qingdao, eastern China.",Al Jazeera English,China,News,2026-09-13T20:28:15.338660Z
90160291a2a50d14b3c7c5a48b993518,Ziollo RV Roof Sealant 1-Quart Liquid Rubber Coating for $24 + free shipping w/ Prime,https://www.dealnews.com/Ziollo-RV-Roof-Sealant-1-Quart-Liquid-Rubber-Coating-for-24-free-shipping-w-Prime/22165904.html,https://www.dealnews.com/authors/Andrew-C/214.html,2026-09-10T12:13:22Z,cargo shipping,"This Ziollo RV roof sealant is $24.47 at Amazon. That's a savings of $11. The 100% silicone formula covers EPDM rubber, TPO, metal, and fiberglass roofs in a single coat without needing a primer, except on TPO surfaces. Buy Now at Amazon",Dealnews.com,Unknown,News,2026-09-13T20:28:15.338715Z
04adc9ec0eef8b2fc785e2ad22adabe9,'Heavy casualties' after cargo ship fire in east China,https://www.abc.net.au/news/2026-09-10/heavy-casualties-after-cargo-ship-fire-in-east-china/107140438,,2026-09-10T11:55:34Z,cargo shipping,"Chinese President Xi Jinping has called for intensified search and rescue efforts, and a probe into the cause of a fire that broke out aboard the foreign cargo ship.",ABC News (AU),China,News,2026-09-13T20:28:15.338731Z
b37152b9913ff0110b59707f7c0fc825,"At least 20 dead and 5 missing after cargo ship catches fire in China's port, state media says",https://economictimes.indiatimes.com/news/international/world-news/at-least-20-dead-and-5-missing-after-cargo-ship-catches-fire-in-chinas-port-state-media-says/articleshow/134006191.cms,AP,2026-09-10T11:18:12Z,cargo shipping,"A cargo ship caught fire while docked for repairs in Qingdao port. At least twenty people were killed and five others remain missing after the incident. Twelve individuals were safely evacuated from the vessel, while five injured were hospitalised. The fire s…",The Times of India,China,News,2026-09-13T20:28:15.338808Z
976efaa3ca844e041e32f04e936b698e,WATCH Russian drone destroy Ukrainian Mig (MOD VIDEO),https://www.rt.com/russia/645390-russia-mod-mig-strike/,RT,2026-09-10T10:28:04Z,cargo shipping,Russia says a long-range drone destroyed a Ukrainian MiG-29 fighter shortly after it landed at Vasilkov airfield near Kiev Read Full Article at RT.com,RT,Russia,News,2026-09-13T20:28:15.338852Z
dce2a6a92e5f4cc8d27313fc7a688940,'People were trampling me': Philippine ferry fire survivor recalls narrow escape,https://www.bbc.com/news/articles/c5y48mxm2zjo?xtor=AL-72-%5Bpartner%5D-%5Byahoo.north.america%5D-%5Bheadline%5D-%5Bnews%5D-%5Bbizdev%5D-%5Bisapi%5D,Virma Simonette Rivera; Koh Ewe,2026-09-10T09:50:23Z,cargo shipping,A survivor has told the BBC of the chaos onboard as the ferry caught fire near the popular tourist spot of Coron.,BBC News,Unknown,News,2026-09-13T20:28:15.338884Z
0cd012d4c90c8af55790f96485faf0cf,'People were trampling me': Philippine ferry fire survivor recalls narrow escape,https://www.bbc.co.uk/news/articles/c5y48mxm2zjo,https://www.facebook.com/bbcnews,2026-09-10T09:35:46Z,cargo shipping,A survivor has told the BBC of the chaos onboard as the ferry caught fire near the popular tourist spot of Coron.,BBC News,Unknown,News,2026-09-13T20:28:15.338907Z
f603d864b7fedc4ff6380be6423b5e64,Presentation: Accelerating Performance by Incrementally Integrating Rust Into Existing Codebase,https://www.infoq.com/presentations/rust-refactoring/,Lily Mara,2026-09-10T09:34:00Z,cargo shipping,"Lily Mara explains how to avoid high-risk software rewrites through incremental FFI refactoring. She shares how engineering teams can replace Python bottlenecks with Rust via PyO3, demonstrating how to achieve dramatic function-level speedups, seamless integr…",InfoQ.com,Unknown,News,2026-09-13T20:28:15.338962Z
5442e78d8c63c9f64047ad4eed236ba2,Show HN: Stroq – a firewall that knows why your AI agent ran that command,https://github.com/AGGIB/Stroq,Agybay,2026-09-10T09:05:14Z,cargo shipping,"Local action firewall for AI coding agents: scans what the agent reads, taints the session, blocks dangerous follow-up actions - AGGIB/Stroq",Github.com,Unknown,News,2026-09-13T20:28:15.339013Z
36ed67c9124f8e0005cb720983c07b55,Cuba: The “Pandora’s Box” of US Humanitarian Assistance,https://www.thenation.com/?post_type=article&p=609118,David Montgomery,2026-09-10T09:00:00Z,cargo shipping,"David Montgomery



As the US strangles Cuba economically, Marco Rubio is running a $100 million “hearts and minds” program on the island.




The post Cuba: The “Pandora’s Box” of US Humanitarian Assistance appeared first on The Nation.",Thenation.com,Unknown,News,2026-09-13T20:28:15.339064Z
158639c35bd180f69597c97df9c947dd,Fire On Passenger Ferry In Philippines Leaves Dozens Missing And At Least 5 Dead,https://www.huffpost.com/entry/philippines-ferry-fire_n_6aa26dd8e4b06fbaa80f3a30,HuffPost,2026-09-10T08:51:55Z,cargo shipping,"So far, 43 people have been rescued, coast guard spokeswoman Commodore Noemie Cayabyab said.",HuffPost,Unknown,News,2026-09-13T20:28:15.339097Z
eb6a268952fdbd44ed440d863ce9f645,Fire on passenger ferry in Philippines leaves dozens missing and at least 5 dead,https://nypost.com/2026/09/10/world-news/philippines-ferry-fire-kills-5-leaves-dozens-missing/,Associated Press,2026-09-10T08:33:39Z,cargo shipping,"A fire burned overnight on a passenger ferry off the western Philippines, leaving dozens of people missing Thursday and killing at least five.",New York Post,Unknown,News,2026-09-13T20:28:15.339135Z
1d49bf4766343e9a8dc66d6df3cd0243,Rethinking Humanitarianism | Will aid-for-hire become the new normal?,https://www.thenewhumanitarian.org/podcasts/2026/09/10/rethinking-humanitarianism-will-aid-hire-become-new-normal,sofia,2026-09-10T07:50:45Z,cargo shipping,"A look at the rise of privatised, militarised, and politicised aid actors – and why their growing “subsumption” of humanitarian roles matters.",The New Humanitarian,Unknown,News,2026-09-13T20:28:15.339176Z
dee9566c2a613b7d0fdd4a40904c409c,The Assessment Gap in U.S. Counter-Terrorism Strikes,https://warontherocks.com/the-assessment-gap-in-u-s-counter-terrorism-strikes/,Jim Loucks,2026-09-10T07:30:59Z,cargo shipping,"For eight years I helped decide whether American counter-terrorism money was working.As a programs advisor in the State Department’s Bureau of Counterterrorism from 2018 to 2025, I oversaw about 20 projects in East Africa worth roughly $80 million a year. Non…",War on the Rocks,USA,Market Report,2026-09-13T20:28:15.339203Z
ddcfa1f78a5168c5ab145aaf510b48be,At least five dead and 86 missing after fire breaks out on ferry in Philippines,https://www.thejournal.ie/five-dead-86-missing-fire-ferry-philippines-7157831-Sep2026/,Jane Moore,2026-09-10T06:40:11Z,cargo shipping,The coast guard said 43 people were rescued from the vessel.,TheJournal.ie,Unknown,News,2026-09-13T20:28:15.339234Z
ef4f5ff152a2ae794171e3067dded3b7,Fire on passenger ferry in Philippines leaves dozens missing and at least 5 dead,https://abcnews.com/International/wireStory/fire-passenger-ferry-philippines-leaves-dozens-missing-5-136323032,TERESA CEROJANO Associated Press,2026-09-10T05:45:52Z,cargo shipping,Dozens of people are missing after a fire burned on a passenger ferry off the western Philippines,Abcnews.com,Unknown,News,2026-09-13T20:28:15.339265Z
9ab7cd8836f58be131a98f5191e8ef22,Chinese cargo ship nearly halves time to UK via 'Polar Silk Road',https://www.abc.net.au/news/2026-09-10/chinese-cargo-ship-completes-arctic-voyage-to-uk/107134378,Xiaoning Mo,2026-09-10T04:18:56Z,cargo shipping,"A Chinese container ship completes the first regular Arctic voyage to the UK, cutting weeks off the traditional Asia-Europe route.",ABC News (AU),China,News,2026-09-13T20:28:15.339301Z
ef0d2bff287f9a9367837ef2724dc481,Advance Auto Parts Griot's Garage Car Wash & Wax Deals for Save $7 when you buy 2 + free shipping w/ $35,https://www.dealnews.com/Advance-Auto-Parts-Griots-Garage-Car-Wash-Wax-Deals-for-Save-7-when-you-buy-2-free-shipping-w-35/22163081.html,https://www.dealnews.com/authors/Andy-F/184.html,2026-09-10T00:25:05Z,cargo shipping,"Advance Auto Parts is offering a bundle deal on Griot's Garage car care products, saving shoppers $7 when they buy any two select items. The lineup covers car washes, waxes, tire and wheel cleaners, and detailers, with individual prices ranging from $8.99 to …",Dealnews.com,Unknown,Market Report,2026-09-13T20:28:15.339348Z
52c0e96c439d537ae312172fdf11e902,"SMINDER 36"" x 24"" 1200 GSM Microfiber Car Drying Towels 2-Pack for $26 + free shipping w/ Prime",https://www.dealnews.com/SMINDER-36-x-24-1200-GSM-Microfiber-Car-Drying-Towels-2-Pack-for-26-free-shipping-w-Prime/22163078.html,https://www.dealnews.com/authors/Andy-F/184.html,2026-09-10T00:05:24Z,cargo shipping,"This 2-pack of SMINDER microfiber car drying towels is $26 at Amazon. It's a $4 savings. Shipping is free for Prime members.  Buy Now at Amazon
 Features
 <ul> <li>1200 GSM microfiber construction with a twisted-loop weave</li> <li>Each towel measures 36"" x…",Dealnews.com,Unknown,News,2026-09-13T20:28:15.339402Z
c3dc248a7cb24187a89927f0ffdce78e,Port of Tauranga meth seizure: Customs finds 43.9kg in shipping container,https://www.nzherald.co.nz/bay-of-plenty-times/news/port-of-tauranga-meth-seizure-customs-finds-439kg-in-shipping-container/FEMYMPXJIBBIFLMFPD3B7H5QBE/,Bay of Plenty Times,2026-09-09T23:56:24Z,cargo shipping,The shipment travelled from Central America and arrived on September 5.,New Zealand Herald,USA,News,2026-09-13T20:28:15.339421Z
409d3bd39cfbdc92a3843cbf54c44a27,"Cove Capital Investments Fully Subscribes Its Cove Essential Net Lease Industrial 108 Delaware Statutory Trust Offering After Successfully Raising $9,964,510 from Accredited 1031 Exchange and Direct Cash Investors",https://www.prnewswire.com/news-releases/cove-capital-investments-fully-subscribes-its-cove-essential-net-lease-industrial-108-delaware-statutory-trust-offering-after-successfully-raising-9-964-510-from-accredited-1031-exchange-and-direct-cash-investors-302874217.html,,2026-09-09T19:36:00Z,cargo shipping,"30,554 square foot debt-free industrial distribution facility in Anchorage, Alaska features a global logistics tenant and optional 721 exchange rollup as potential exit strategy. LOS ANGELES, Sept. 9, 2026 /PRNewswire/ -- Cove Capital Investments, LLC, a lead…",PRNewswire,Global,News,2026-09-13T20:28:15.339486Z
7592dad7bc323129f8e98ff45f30cf06,United Airlines Ships War Materiel to Israel Aboard Passenger Flights,https://theintercept.com/2026/09/09/united-airlines-flights-israel-weapons-hardware-transport/,Noah Hurowitz,2026-09-09T17:46:59Z,cargo shipping,"The unfriendly skies: On United, your checked bags might be riding alongside some tank parts bound for Israel.
The post United Airlines Ships War Materiel to Israel Aboard Passenger Flights appeared first on The Intercept.",The Intercept,Unknown,News,2026-09-13T20:28:15.339529Z
04b13d9da66dfa178a9a061a9af6456d,China’s First Arctic Container Service Reaches Europe,https://gcaptain.com/chinas-first-arctic-container-service-reaches-europe/,Reuters,2026-09-09T17:44:23Z,cargo shipping,"LONDON, Sept 9 (Reuters) – A container ship arrived in Britain on Wednesday after a landmark voyage from China via the Arctic, as part of plans for more vessels to use the route as a shorter...",gcaptain.com,China,News,2026-09-13T20:28:15.339550Z
49772150830371c0a6d063baf0d839ea,Uganda Launches New Crude Grade as First Oil Exports Near,https://oilprice.com/Energy/Crude-Oil/Uganda-Launches-New-Crude-Grade-as-First-Oil-Exports-Near.html,Natalia Katona,2026-09-09T17:00:00Z,cargo shipping,"Uganda is approaching its entry into the oil export market, but getting its new Pearl Sweet grade to buyers will be harder than its low sulphur content might suggest. The country’s two projects are expected to produce 230,000 b/d at plateau, opening a yet unt…",OilPrice.com,Unknown,Market Report,2026-09-13T20:28:15.339593Z
97a4e0087a1a07001369a6b9b7e35a17,U.S. Container Imports Defy Expectations as Peak Season Stretches Into September,https://gcaptain.com/u-s-container-imports-defy-expectations-as-peak-season-stretches-into-september/,Mike Schuler,2026-09-09T16:09:49Z,cargo shipping,"The peak shipping season at major U.S. container ports is proving longer than expected, with September now forecast to become the busiest month of the year for imports, according to...",gcaptain.com,Unknown,Analysis/Opinion,2026-09-13T20:28:15.339630Z
410c98dce57aa9d7858d2e48b9cc2db4,CSafe Appoints Will Romanowicz as Chief Legal Officer,https://www.prnewswire.com/news-releases/csafe-appoints-will-romanowicz-as-chief-legal-officer-302871056.html,,2026-09-09T15:00:00Z,cargo shipping,"Romanowicz brings more than a decade of legal, governance, and commercial leadership across regulated industries MONROE, Ohio, Sept. 9, 2026 /PRNewswire/ -- CSafe (the ""Company""), a leading active and passive temperature-controlled shipping solutions provider…",PRNewswire,Unknown,News,2026-09-13T20:28:15.339680Z
ae0625d191d64bf9e23d5c6913bf4f3f,Lufthansa to buy cargo terminal operator in Germany,https://finance.yahoo.com/small-business/articles/lufthansa-buy-cargo-terminal-operator-143624152.html,Eric Kulisch,2026-09-09T14:36:24Z,cargo shipping,Lufthansa Cargo has signed a contract to buy ground handling company LUG to improve cargo processing at airports in Germany. The post Lufthansa to buy cargo...,Yahoo Entertainment,Germany,News,2026-09-13T20:28:15.339714Z
205ee29a6b4591c5f3572544b1853fd8,MD Building 17-Foot Rubber Auto & Marine Weatherseal for $9 + free shipping w/ Prime,https://www.dealnews.com/MD-Building-17-Foot-Rubber-Auto-Marine-Weatherseal-for-9-free-shipping-w-Prime/22162586.html,https://www.dealnews.com/authors/Andrew-C/214.html,2026-09-09T12:16:44Z,cargo shipping,"This MD Building weatherseal is $8.99, down from its $12.50 list price. Most sellers charge $15. The 17-foot strip is made of EPDM rubber with a self-adhesive backing, designed to seal out drafts, moisture, dust, and insects around doors, windows, or vehicles…",Dealnews.com,Unknown,News,2026-09-13T20:28:15.339765Z
fa50929ca663133cc0e0710f30a09ff5,Brent oil crosses $100 for first time in two months as Middle East conflict flares,https://finance.yahoo.com/markets/commodities/article/brent-oil-crosses-100-for-first-time-in-two-months-as-middle-east-conflict-flares-121035800.html,Jake Conley,2026-09-09T12:10:35Z,cargo shipping,Brent oil prices crossed past $100 per barrel on Wednesday as fighting in the Middle East flared up.,Yahoo Entertainment,Unknown,Market Report,2026-09-13T20:28:15.339794Z
b0ba8ad42b80bd33f2a8c5f5c5fabe3c,4-Piece Heavy Duty Rubber Floor Mat Set for $30 + free shipping,https://www.dealnews.com/4-Piece-Heavy-Duty-Rubber-Floor-Mat-Set-for-30-free-shipping/22162443.html,https://www.dealnews.com/authors/Michael-Andrew-C/158.html,2026-09-09T09:20:55Z,cargo shipping,"At Amazon, get this 4-Piece Heavy Duty Rubber Floor Mat Set for $30. It's the best price Amazon has charged for this set. The deep dish design and trim-to-fit sizing are meant to work across cars, trucks, SUVs, and vans. Buy Now at Amazon
 Features
 <ul> <l…",Dealnews.com,Unknown,News,2026-09-13T20:28:15.339889Z
61fb00c66bb977b5f92d42c278462e27,India's new supply-chain wonder is set to shift the gears of growth,https://economictimes.indiatimes.com/news/economy/infrastructure/dedicated-freight-corridor-dfc-india-western-eastern-logistics-cost-manufacturing-exports-indian-railways/articleshow/133960637.cms,ET Online,2026-09-09T08:51:40Z,cargo shipping,"The operationalization of India’s freight corridors marks a transformative step for the nation’s logistics landscape, strategically positioned along major economic routes. These advanced routes not only expedite transport times but also elevate reliability fo…",The Times of India,India,News,2026-09-13T20:28:15.339918Z
e26b47243b81c56498a77140b4cd76da,"In March 2025 a French Navy drone was mapping the seabed south of Saint-Tropez when its sonar picked up something large that nobody had recorded. A camera sent down after it found a merchant ship from the 1500s lying 2,567 meters down, the deepest known wreck in French waters.",https://spacedaily.com/m-in-early-march-2025-a-french-navy-drone-was-mapping-the-seabed-south-of-saint-tropez-when-its-sonar-picked-up-something-large-that-nobody-had-recorded-a-camera-sent-down-after-it-f/,Space Daily Editorial Team,2026-09-09T06:30:00Z,cargo shipping,"The accidental discovery of a 500-year-old merchant ship in the deepest waters off France raises questions about how many other wrecks lie hidden in the abyss, waiting to rewrite maritime history.
The post In March 2025 a French Navy drone was mapping the sea…",Space Daily,Unknown,News,2026-09-13T20:28:15.340048Z
8dbed0d94789d9103a14850616b7a6e0,"Four killed, including child, in Ukrainian drone attack on Russian Black Sea port",https://www.naturalnews.com/2026-09-09-four-killed-child-ukrainian-drone-attack.html,Cassie B.,2026-09-09T06:00:00Z,cargo shipping,"Four killed, including a child, in a Ukrainian drone attack on the Russian Black Sea port city of Novorossiysk Governor Kondratyev says 29 others were wounded and only civilian sites were hit in the attacks Russia’s Defense Ministry reports intercepting 596 U…",Naturalnews.com,Russia,Market Report,2026-09-13T20:28:15.340078Z
2de1c1edbb71ec7871a26324966d2f04,Whakatāne’s Cascade Charters Bandit victim shares account of near-capsize during bar crossing,https://www.nzherald.co.nz/nz/whakatanes-cascade-charters-bandit-victim-shares-account-of-near-capsize-during-bar-crossing/PN7OYTQHVRBAVIXWVQNB42GXBY/,Hannah Bartlett,2026-09-11T23:00:00Z,vessel charter,"Several people were thrown overboard, including a 79-year-old man who 'disappeared'.",New Zealand Herald,Unknown,News,2026-09-13T20:28:15.632276Z
e2effcdbdf982da7becaabf75e33cc25,"""Strait of Hormuz is effectively blocked"": Foreign expert Robinder Sachdev on US-Iran ""tit-for-tat"" phase",https://economictimes.indiatimes.com/news/international/world-news/strait-of-hormuz-is-effectively-blocked-foreign-expert-robinder-sachdev-on-us-iran-tit-for-tat-phase/articleshow/133839328.cms,ANI,2026-09-06T13:45:12Z,vessel charter,The Strait of Hormuz faces sporadic tit-for-tat strikes between the United States and Iran.  American forces struck Iranian targets after Iran targeted US warships and bases.  Only a fraction of daily shipping traffic now passes through the vital waterway.  T…,The Times of India,USA,Market Report,2026-09-13T20:28:15.632566Z
f5b4742ac26462657c864777472f24f3,"Iran slams US strikes on IRGC Oil Tankers in West Asia, calls it 'war crime'",https://economictimes.indiatimes.com/news/international/world-news/iran-slams-us-strikes-on-irgc-oil-tankers-in-west-asia-calls-it-war-crime/articleshow/133824673.cms,ANI,2026-09-06T03:50:31Z,vessel charter,"Iran strongly condemned US strikes on Iranian commercial vessels in the Persian Gulf and Sea of Oman, calling them a violation of the UN Charter and a “war crime”. Tehran warned Washington and its allies of consequences, after CENTCOM said it struck three Ira…",The Times of India,Unknown,News,2026-09-13T20:28:15.632621Z
026a410dcf42b6fa7e578a81b2189cdf,"Houthis seize Perim Island, control Bab el-Mandeb Strait after 18-hour assault",https://cryptobriefing.com/houthis-seize-perim-island-control-bab-el-mandeb-strait-after-18-hour-assault/,Estefano Gomez,2026-09-12T18:35:56Z,shipping market,"The Houthi control of a key maritime chokepoint could destabilize global trade and energy markets, prompting international military and diplomatic actions.
The post Houthis seize Perim Island, control Bab el-Mandeb Strait after 18-hour assault appeared first …",Crypto Briefing,Global,Market Report,2026-09-13T20:28:16.065568Z
45e07a78228d890380fbb155fee0a90e,Japanese brand intros portable monitor with unique aspect ratio and affordable price tag,https://www.notebookcheck.net/Japanese-brand-intros-portable-monitor-with-unique-aspect-ratio-and-affordable-price-tag.1397884.0.html,Sambit Saha,2026-09-12T18:11:00Z,shipping market,Japanese company Japannext has introduced a new uniquely shaped portable monitor in Japan. The product features an IPS Panel with a refresh rate of 60 Hz and a resolution of 400 x 1280 pixels.,Notebookcheck.net,Japan,News,2026-09-13T20:28:16.065612Z
84e611eb79c51997dae70c1bfe2ef0bc,"Rising energy costs may drive up US apparel prices amid Iran tensions, El Niño",https://cryptobriefing.com/rising-energy-costs-may-drive-up-us-apparel-prices-amid-iran-tensions-el-nio/,Estefano Gomez,2026-09-12T18:02:19Z,shipping market,"Rising costs could strain consumer budgets, influence inflation trends, and affect global market stability amid geopolitical and climate challenges.
The post Rising energy costs may drive up US apparel prices amid Iran tensions, El Niño appeared first on Cryp…",Crypto Briefing,Global,Market Report,2026-09-13T20:28:16.065665Z
7edb5c6c4e9ce0a0ba3cbd43d4c67efe,Cooler Master's power-monitoring GPU adapter arrives in the US,https://www.notebookcheck.net/Cooler-Master-s-power-monitoring-GPU-adapter-arrives-in-the-US.1397882.0.html,Jacob Fisher,2026-09-12T17:18:00Z,shipping market,"Cooler Master’s GPU Shield Adapter adds real-time current monitoring, visual seating indicators, alarms, and power reduction safeguards to graphics cards using 12V-2x6 connectors. Its universal PSU compatibility and practical design strengthen its appeal.",Notebookcheck.net,Unknown,News,2026-09-13T20:28:16.065720Z
ccad83269a4fc25141208028cf60a71d,"As Iran proxies activate in Yemen and Iraq, Trump’s Mideast morass deepens",https://cryptobriefing.com/as-iran-proxies-activate-in-yemen-and-iraq-trumps-mideast-morass-deepens/,Estefano Gomez,2026-09-12T15:46:33Z,shipping market,"Iranian proxies block key energy routes, raising oil supply concerns. Crude oil reaching a new all-time high by December 31 at 15% YES.
The post As Iran proxies activate in Yemen and Iraq, Trump’s Mideast morass deepens appeared first on Crypto Briefing.",Crypto Briefing,Unknown,News,2026-09-13T20:28:16.065814Z
4e987a9b1f694a9f756062afaaee13bb,Trump: I'm Good With Chinese Carmakers Building in US,https://www.newser.com/story/396328/trump-im-good-with-chinese-carmakers-building-in-us.html,Jenn Gidman with Newser.AI,2026-09-12T14:30:00Z,shipping market,"President Trump says he's fine with Chinese carmakers building vehicles in the United States, as long as they do it on American soil and hire American workers. In a Fox News interview , Trump said, ""If China wanted to come in and open a plant to build their c…",Newser,China,Analysis/Opinion,2026-09-13T20:28:16.065828Z
45b309d9cfce892b409c428ca54ae99f,Mark Penn: How to save a billion and a half hours,https://fortune.com/2026/09/12/mark-penn-how-to-save-a-billion-and-a-half-hours/,Mark Penn,2026-09-12T14:23:45Z,shipping market,"AI promises convenience, but the internet is still clogged with cookie banners, CAPTCHAs, passcodes and unreadable fine print. It’s time to replace it.",Fortune,Unknown,News,2026-09-13T20:28:16.065873Z
670bcbfbf53210ed40602c62d9295e1c,"US Customs supervisor busted for stealing Core i7 CPUs, RAM, and hard drives from Homeland Security PCs — stolen tech swapped with inferior hardware and cashed out on Newegg",https://www.tomshardware.com/pc-components/us-customs-supervisor-busted-for-stealing-core-i7-cpus-ram-and-hard-drives-from-homeland-security-pcs-stolen-tech-swapped-with-inferior-hardware-and-cashed-out-on-newegg,Zhiye Liu,2026-09-12T14:09:29Z,shipping market,U.S. Customs and Border Protection supervisor switched hardware from Department of Homeland Security computers with slower components and traded in stolen hardware to Newegg's Trade-In program for store credit.,Tom's Hardware UK,Unknown,News,2026-09-13T20:28:16.066033Z
19c6c2693ddb30d759ca3488e4f13705,"Descartes (DSGX) Posts Record Q2 Results, Analysts See 30% Upside",https://finance.yahoo.com/markets/stocks/articles/descartes-dsgx-posts-record-q2-135154400.html,Ali Ahmed,2026-09-12T13:51:54Z,shipping market,"On September 10, The Descartes Systems Group Inc. (NASDAQ:DSGX) reported strong financial results for the second quarter of fiscal 2027, achieving record rev...",Yahoo Entertainment,Unknown,Market Report,2026-09-13T20:28:16.066067Z
a8da72c7b787893d2c9b255eb62dcdfe,"Houthi gains in Yemen threaten US interests, complicate Iran talks",https://cryptobriefing.com/houthi-gains-in-yemen-threaten-us-interests-complicate-iran-talks/,Estefano Gomez,2026-09-12T13:47:49Z,shipping market,"Houthi advances in Yemen could destabilize regional security, impacting global shipping and complicating U.S.-Iran diplomatic efforts.
The post Houthi gains in Yemen threaten US interests, complicate Iran talks appeared first on Crypto Briefing.",Crypto Briefing,Global,News,2026-09-13T20:28:16.066117Z
de342af71213af36781b205e4a855282,"In 2000, an Indonesian village built reef frames from discarded bicycles and scrap metal; coral grown with the Biorock method developed three to five times faster",https://timesofindia.indiatimes.com/world/rest-of-world/in-2000-an-indonesian-village-began-wiring-discarded-bicycles-into-electric-reef-frames-coral-grown-with-the-biorock-method-developed-up-to-five-times-faster/articleshow/134067069.cms,TOI World Desk,2026-09-12T13:34:51Z,shipping market,"By the late 1990s, Pemuteran's coral reefs and marine life were ravaged by dynamite fishing. In response, a local dive shop owner introduced the Biorock restoration technique, which employs a gentle electrical current to foster coral growth on submerged metal…",The Times of India,Indonesia,News,2026-09-13T20:28:16.066194Z
b21ccf17f48d839d00a1998160deeed6,"In 2016, WFP helped Sahrawi refugees grow barley without soil in the Sahara; hydroponic trays produced fresh animal feed in seven days while using 90% less water",https://timesofindia.indiatimes.com/world/rest-of-world/in-2016-wfp-helped-sahrawi-refugees-sprout-barley-without-soil-in-the-sahara-the-hydroponic-trays-produced-fresh-animal-feed-in-seven-days-while-using-up-to-90-less-water/articleshow/134065349.cms,TOI World Desk,2026-09-12T13:34:14Z,shipping market,"In Algerian camps, Sahrawi refugees are utilizing hydroponics to cultivate barley fodder, a soil-free technique that consumes ninety percent less water compared to conventional farming. Within just a week, animals can enjoy fresh green feed, leading to better…",The Times of India,Unknown,News,2026-09-13T20:28:16.066253Z
db89560731466eb60e1c89360945e4a0,"In 2018, Cartier’s parent company disclosed destroying nearly €500 million of luxury watches; it bought them back to prevent heavy discounts from weakening its brands",https://timesofindia.indiatimes.com/world/us/in-2018-cartiers-parent-company-disclosed-destroying-nearly-500-million-of-luxury-watches-it-bought-them-back-to-prevent-heavy-discounts-from-weakening-its-brands/articleshow/134010760.cms,TOI World Desk,2026-09-12T13:33:01Z,shipping market,"In a strategic move, luxury watchmakers such as Cartier have repurchased millions of unsold timepieces to uphold their brand exclusivity. This initiative was designed to curb the influx of discounted products into the grey market, thereby safeguarding brand i…",The Times of India,Unknown,Market Report,2026-09-13T20:28:16.066308Z
cb6c7b9bf858d9264ff7841c8386b0dc,"In 2017, a Washington couple began building homeless shelters that assembled in under an hour; after reportedly sheltering more than 30,000 people, their company is shutting down",https://timesofindia.indiatimes.com/world/us/in-2017-a-washington-couple-began-building-homeless-shelters-that-assembled-in-under-an-hour-after-serving-30000-people-their-company-is-shutting-down/articleshow/134009729.cms,TOI World Desk,2026-09-12T13:32:22Z,shipping market,"After nine impactful years, Pallet, known for its rapid construction of emergency shelters, has shut its doors. With over six thousand beds provided to thirty thousand individuals, Pallet's mission was to deliver quick and durable housing solutions. However, …",The Times of India,Unknown,Market Report,2026-09-13T20:28:16.066364Z
7cf2fe138cfcc0f6e9fea6288c37658e,ChatGPT Images 2.5 vs Nano Banana 2: Which One is Better?,https://decrypt.co/377998/chatgpt-images-2-5-vs-nano-banana-2-review,Jose Antonio Lanz,2026-09-12T13:01:03Z,shipping market,OpenAI's new image model promises sharper detail and more precise editing. We ran it against Google's Nano Banana 2 across six categories to see how it compares.,Decrypt,Unknown,News,2026-09-13T20:28:16.066403Z
9f02f27124f3607a3423aed1af011f73,Saudi Arabia shuts East-West pipeline after drone strikes traced to Iraq,https://cryptobriefing.com/saudi-east-west-pipeline-closure-iraq-drone-attacks/,Editorial Team,2026-09-12T12:24:38Z,shipping market,"The pipeline closure exacerbates global energy market instability, highlighting vulnerabilities in Saudi oil export routes amid regional tensions.
The post Saudi Arabia shuts East-West pipeline after drone strikes traced to Iraq appeared first on Crypto Brief…",Crypto Briefing,Global,Market Report,2026-09-13T20:28:16.066448Z
9a24715068642b27ab664013b81c70be,"Ukraine strikes Russia’s shadow fleet amid ongoing attacks, 11 killed",https://cryptobriefing.com/ukraine-strikes-russia-shadow-fleet-odesa/,Editorial Team,2026-09-12T11:54:41Z,shipping market,"Ukraine's offensive on Russia's shadow fleet heightens global energy and grain market instability, amplifying geopolitical tensions.
The post Ukraine strikes Russia’s shadow fleet amid ongoing attacks, 11 killed appeared first on Crypto Briefing.",Crypto Briefing,Russia,Market Report,2026-09-13T20:28:16.066475Z
f82830985d22ace3842ceb69edd9dcaa,Perma-Pipe’s (PPIH) Middle East Bet Just Got A Lot More Real,https://finance.yahoo.com/markets/stocks/articles/perma-pipe-ppih-middle-east-113634120.html,Maham Fatima,2026-09-12T11:36:34Z,shipping market,"On September 9, Perma-Pipe International Holdings (NASDAQ:PPIH) reported second-quarter results that showed a company stretching well past its traditional tu...",Yahoo Entertainment,Global,Market Report,2026-09-13T20:28:16.066537Z
3a511a7a55122a9c0fc1bc52bcfd72ef,The best cooling mattresses for hot sleepers in 2026,https://www.businessinsider.com/guides/home/best-cooling-mattresses#article,insider@insider.com (Julia Forbes),2026-09-12T11:00:02Z,shipping market,"Stay cool and sweat-free all night with the best cooling mattresses, evaluated for temperature regulation, comfort, support, and heat dispersal.",Business Insider,Unknown,News,2026-09-13T20:28:16.066622Z
c094b0208abe2ea7b5f1ece75d3cd466,'Cash is trash': Kiyosaki says Americans stockpiling cash are 'big losers' making a huge mistake. 5 real assets he likes,https://finance.yahoo.com/markets/commodities/articles/cash-trash-kiyosaki-says-americans-101500988.html,Thomas Kent,2026-09-12T10:15:00Z,shipping market,"If Kiyosaki is right, now could be the time to buy in.",Yahoo Entertainment,USA,News,2026-09-13T20:28:16.066716Z
868de7d2f3a522078f4b169fabcc37e8,Saudi Arabia shuts key pipeline that moves 5% of world's oil supply after drone attack from Iraq,https://www.dailymail.com/news/article-16125413/Saudi-Arabia-shuts-key-pipeline-oil-supply-drone-attack-Iraq.html,Sabrina Penty,2026-09-12T07:49:17Z,shipping market,Saudi Arabia has shut down a major pipeline a day after it was attacked by Iraqi drones on Thursday.,Dailymail.com,Unknown,News,2026-09-13T20:28:16.066750Z
5f0971b6dc459e12f98c2e2bad434d29,Iran asserts full control over Strait of Hormuz amidst US tensions,https://cryptobriefing.com/iran-asserts-full-control-over-strait-of-hormuz-amidst-us-tensions/,Estefano Gomez,2026-09-12T06:15:47Z,shipping market,"Iran's control over the Strait of Hormuz may escalate geopolitical tensions, affecting global oil markets and complicating diplomatic efforts.
The post Iran asserts full control over Strait of Hormuz amidst US tensions appeared first on Crypto Briefing.",Crypto Briefing,Global,Market Report,2026-09-13T20:28:16.066816Z
a85acedfc9fa78781907399fba746cef,"19 Years Ago, We Predicted the iPhone Would Lead to 'Some Insanely Great Products.' It Sure Did",https://me.pcmag.com/en/mobile-phones/38036/19-years-ago-we-predicted-the-iphone-would-lead-to-some-insanely-great-products-it-sure-did,Eric Zeman,2026-09-12T05:03:52Z,shipping market,"PCMag's review of the first iPhone was amazingly prescient. As Apple releases its new iPhone line, we consider just how much the company's handheld device has influenced the mobile technology landscape.
Editors' Note: Welcome to our ongoing An Apple a Day ser…",PCMag.com,Unknown,Analysis/Opinion,2026-09-13T20:28:16.066915Z
f432f02a9c41d489b116416761c4ad79,BRICS has the oil jackpot. Now comes the hard part,https://economictimes.indiatimes.com/industry/energy/oil-gas/brics-has-the-oil-jackpot-now-comes-the-hard-part-modi-xi-jinping-putin/articleshow/134105647.cms,ET Online,2026-09-12T03:31:22Z,shipping market,"BRICS is gaining weight in global energy markets as its 11 members include major oil producers such as Russia, Saudi Arabia, Iran and the UAE, along with major consumers India and China. The grouping accounts for roughly 41-47% of global crude oil production,…",The Times of India,China,Market Report,2026-09-13T20:28:16.066930Z
c4faec9c35a677c59d2b5c189e3ce125,Kraft Heinz Sees Early Turnaround Gains as $700M Brand Bet Builds Momentum,https://www.marketbeat.com/instant-alerts/event-kraft-heinz-sees-early-turnaround-gains-as-700m-brand-bet-builds-momentum-2026-09-11/?utm_source=yahoofinance&amp;utm_medium=yahoofinance,MarketBeat,2026-09-12T03:01:58Z,shipping market,Kraft Heinz (NASDAQ:KHC) Chief Executive Officer Steve Cahillane said the company is seeing early evidence that its increased brand investment is improving c...,MarketBeat,Unknown,News,2026-09-13T20:28:16.066968Z
b27cce31959ed8764c3c3f38c79308a9,Where is the best place to sell furs?,https://www.lifesciencesworld.com/where-is-the-best-place-to-sell-furs/,Ava Reynolds,2026-09-12T02:34:08Z,shipping market,"Where is the Best Place to Sell Furs? The best place to sell furs depends heavily on the type, condition, and rarity of the fur, as well as your desired speed of sale and acceptable profit margin; however, for most individuals looking to liquidate furs quickl…",Lifesciencesworld.com,Unknown,News,2026-09-13T20:28:16.067024Z
8e2aab376b4d12816f6ca4696968c003,This Color E-Ink Art Frame Lets You Talk to Your Wall and Watch It Paint New Art,https://www.yankodesign.com/2026/09/11/this-color-e-ink-art-frame-lets-you-talk-to-your-wall-and-watch-it-paint-new-art/,Sarang Sheth,2026-09-12T01:45:17Z,shipping market,This Color E-Ink Art Frame Lets You Talk to Your Wall and Watch It Paint New ArtThere’s something wonderfully strange about walking up to a framed picture on your wall and telling it what to paint next. Say “paint my dog...,Yanko Design,Unknown,News,2026-09-13T20:28:16.067099Z
e09be884acafa025ace7d781e7e0594a,America Can’t Import Its Way out of the Critical Minerals Crisis,https://wattsupwiththat.com/2026/09/11/america-cant-import-its-way-out-of-the-critical-minerals-crisis/,Guest Blogger,2026-09-12T01:00:00Z,shipping market,"With challenges come opportunities. By better leveraging its partners and allies in the critical minerals race, Washington can breathe new life into its defense industrial base. The United States is, unfortunately, in another interwar period; it is time to ac…",Wattsupwiththat.com,USA,News,2026-09-13T20:28:16.067129Z
a8ee85444618b4d043c245c5daef342c,HeyGears G1X targets a persistent 3D-printing bottleneck: Post-processing,https://www.digitaljournal.com/article/heygears-g1x-targets-a-persistent-3d-printing-bottleneck-post-processing/,Jon Stojan,2026-09-12T00:05:36Z,shipping market,"Support removal, washing, curing, sanding, and painting all happen after a 3D printer stops moving. For companies using additive manufacturing for production rather than occasional prototypes, those steps add labor between a finished print and a part that can…",Digital Journal,Unknown,News,2026-09-13T20:28:16.067183Z
90386d0551c0287dcff61e9de24bf82d,Oil: Weekly surge of over 8% and above $100 – The Middle East keeps markets on alert,https://en.protothema.gr/2026/09/12/oil-weekly-surge-of-over-8-and-above-100-the-middle-east-keeps-markets-on-alert/,admin,2026-09-11T23:25:01Z,shipping market,"Crude oil prices fell after the rally of recent days, but still posted strong weekly gains as the crisis in the Middle East heightened fears over supply disruptions
The post Oil: Weekly surge of over 8% and above $100 – The Middle East keeps markets on alert …",Protothema.gr,Unknown,Market Report,2026-09-13T20:28:16.067231Z
bad5c8ce6a1b74472bfa69104f6e18c4,Oklahoma vs. Michigan Livestream: Here’s Where to Watch the College Football Game Live Online Free,https://www.billboard.com/culture/product-recommendations/oklahoma-vs-michigan-sept-2026-college-football-watch-livestream-online-free-1236337268/,Rudie Obias,2026-09-11T22:35:52Z,shipping market,"Saturday afternoon college football with the Sooners taking on the Wolverines — watch live on Saturday, Sept. 12",Billboard,Unknown,News,2026-09-13T20:28:16.067272Z
cebebe8cb281cfc14967dd1eeb4c659c,Apple’s new AI features for Watch Series 12 raise eavesdropping concerns,https://cryptobriefing.com/apple-watch-audio-intelligence-eavesdropping-concerns/,Editorial Team,2026-09-11T21:53:48Z,shipping market,"Apple's AI features may redefine privacy norms, prompting legal scrutiny and influencing future tech regulations and consumer trust globally.
The post Apple’s new AI features for Watch Series 12 raise eavesdropping concerns appeared first on Crypto Briefing.",Crypto Briefing,Global,News,2026-09-13T20:28:16.067363Z
957db48f58164987c6ca8edce963c77b,Strikes set Saudi oil pipeline on fire as Iran-backed Houthis tighten grip on key shipping corridor,https://nypost.com/2026/09/11/world-news/strikes-set-saudi-oil-pipeline-on-fire-as-iran-backed-houthis-tighten-grip-on-key-shipping-corridor/,Zoe Hussain,2026-09-11T21:36:06Z,shipping market,"A senior Saudi official told The Wall Street Journal that Thursday's attacks originated from Iraq, where Iranian-backed militias have been relentlessly targeting the kingdom's infrastructure in a calculated effort alongside the Houthis to widen the war in the…",New York Post,Unknown,News,2026-09-13T20:28:16.067436Z
2c11aa8d1fa4ccdfc6e277094523e4f9,"Autofocus Turns 50 in 2027, and the Camera That Started It Was a Konica",https://fstoppers.com/originals/autofocus-turns-50-2027-and-camera-started-it-was-konica-903887,Alex Cooke,2026-09-11T21:03:01Z,shipping market,"Japan observes a Camera Day on November 30, and the date comes from 1977, when Konishiroku Photo Industry put the Konica C35 AF on sale. It was the first mass-produced camera that focused itself, and the part doing the focusing was built by a Minneapolis comp…",Fstoppers,Japan,News,2026-09-13T20:28:16.067496Z
a576a1c2fe34683e66f3d1639d720ff1,How Far Could Cisco Stock Swing On You As AI Networking Orders Grow?,https://www.trefis.com/articles/615034/how-far-could-cisco-stock-swing-on-you-as-ai-networking-orders-grow/2026-09-11,Trefis Team,2026-09-11T20:49:23Z,shipping market,"Cisco Systems (CSCO) stock trades at $107.44, and its options price a range over the next twelve months from near $74 to near $156. The market gives the shar...",Trefis,Unknown,Market Report,2026-09-13T20:28:16.067558Z
5fa4a1975321e574f93909a2fbf61afb,"Ainfox 7.5ft Outdoor Market Patio Umbrella with Push Button Tilt and Crank Waterproof UV Protection (Beige, No Base) $19.65 + Free Shipping w/Walmart+",https://slickdeals.net/f/20002962-ainfox-7-5ft-outdoor-market-patio-umbrella-with-push-button-tilt-and-crank-waterproof-uv-protection-beige-no-base-19-65-free-shipping-w-walmart,Izzy138,2026-09-11T20:10:51Z,shipping market,"Ainfox LLC via Walmart.com [walmart.com] has* Ainfox 7.5ft Outdoor Market Patio Umbrella with Push Button Tilt and Crank, Waterproof UV Protection (Beige, No Base) *on sale for $19.65. *Shipping is...",Slickdeals.net,Unknown,Market Report,2026-09-13T20:28:16.067598Z
175240b1a4e00cc60f6d1bb5efe715bf,"Arista Networks Stock Rallied, But Is It Now A Bet On Its Suppliers?",https://www.trefis.com/articles/615052/arista-networks-stock-rallied-but-is-it-now-a-bet-on-its-suppliers/2026-09-11,Trefis Team,2026-09-11T19:49:03Z,shipping market,"Arista Networks (ANET) stock has gained about 51% since mid-December, against about 12% for the S&P 500. Peers Dell Technologies (DELL) rose 293% and Hewlett...",Trefis,Unknown,News,2026-09-13T20:28:16.067660Z
bb86184a4cc7d16c72e5b5cd0cf1ba9f,Gulf states weigh rare meeting with Iran next week on Hormuz,https://economictimes.indiatimes.com/news/international/world-news/gulf-states-weigh-rare-meeting-with-iran-next-week-on-hormuz/articleshow/134087249.cms,Bloomberg,2026-09-11T19:25:16Z,shipping market,Gulf states are considering a meeting with Iranian officials next week.  Oman aims to convene foreign ministers to discuss the Strait of Hormuz.  Escalating hostilities in Yemen may complicate these sensitive diplomatic plans.  Iran stated plans are underway …,The Times of India,Unknown,News,2026-09-13T20:28:16.067711Z
88500757f90fe9fee61898c5d79ebbca,[SnS] $4.23 | 10-Oz 365 by Whole Foods Market Seasoned Seaweed Cashew at Amazon,https://slickdeals.net/f/20002743-sns-4-23-10-oz-365-by-whole-foods-market-seasoned-seaweed-cashew-at-amazon,phoinix,2026-09-11T19:09:04Z,shipping market,"Amazon [amazon.com] has *10-Oz 365 by Whole Foods Market Seasoned Seaweed Cashew* for $4.45 - 5% when you check out via Subscribe & Save = *$4.23*. 
*Shipping is free* with Prime or on $35+ orders. 
...",Slickdeals.net,Unknown,Market Report,2026-09-13T20:28:16.067745Z
4d05facee6d2fa99838bf4956a017f5a,Houthi advance in Yemen is about more than just the Red Sea,https://www.aljazeera.com/news/2026/9/11/houthi-advance-in-yemen-is-about-more-than-just-the-red-sea,Abubakr Al-Shamahi,2026-09-11T19:01:07Z,shipping market,"Houthis were already able to disrupt shipping - their advance consolidates that power, and exposes government weakness.",Al Jazeera English,Unknown,News,2026-09-13T20:28:16.067781Z
f6405c2eef7eb43f6ad189c248020153,Heavys H1E review: Born for One Thing,https://www.techradar.com/audio/earbuds-airpods/heavys-h1e-review-born-for-one-thing,"alekshamcloughlin@outlook.com (Aleksha McLoughlin) , Aleksha McLoughlin",2026-09-11T19:00:00Z,shipping market,"The Heavys H1E True Wireless Earbuds (largely) translate the metal-first sound of the company's H1H headphones, but glitchy software and off-kilter balancing make them hard to recommend wholesale",TechRadar,Unknown,Analysis/Opinion,2026-09-13T20:28:16.067811Z
c1d210b771647ba7f8a6e2bacc6ea31c,"This Space Stock Soars On Strong Earnings. Oil, Shipping Stocks Also Top Buy Points",https://www.investors.com/stock-lists/new-highs/new-highs-feim-eqnr-matx-stock/,,2026-09-11T18:55:25Z,shipping market,"Despite gains of 1% or higher in the market, few stocks climbed above buy points. Still, shipping, energy and space players hit new highs.",Investor's Business Daily,Unknown,Market Report,2026-09-13T20:28:16.067841Z
e053018f80d4b7ea25250a3b1995e869,Looking for gluten-free meal delivery? Start here,https://www.nbcnews.com/select/shopping/best-gluten-free-meal-kit-delivery-services-rcna597246,Mili Godio,2026-09-11T18:33:15Z,shipping market,"Find some of the best meal delivery services with gluten-free options. Get gluten-free meal kits from Sunbasket, Splendid Spoon, Hungryroot, Purple Carrot and more.",NBC News,Unknown,News,2026-09-13T20:28:16.067897Z
eb7ca10a2b448f1c649f9e45929e3ede,IEA slashes oil demand forecast as prices surge,https://economictimes.indiatimes.com/industry/energy/oil-gas/iea-slashes-oil-demand-forecast-as-prices-surge/articleshow/134084476.cms,AFP,2026-09-11T18:21:21Z,shipping market,"The International Energy Agency on Friday further reduced its forecast for global oil demand this year, citing the recent escalation in the Mideast war and resurgent energy prices. Ukrainian strikes on Russian refineries and other energy targets are also taki…",The Times of India,Russia,Analysis/Opinion,2026-09-13T20:28:16.067923Z
2d55fc89295890756529392ed8eecc1f,US Senate’s Russia sanctions bill heads to House vote next week,https://cryptobriefing.com/russia-sanctions-bill-house-vote/,Editorial Team,2026-09-11T18:14:16Z,shipping market,"The bill's passage could strain US relations with major economies, impact global energy markets, and alter geopolitical alliances.
The post US Senate’s Russia sanctions bill heads to House vote next week appeared first on Crypto Briefing.",Crypto Briefing,Russia,Market Report,2026-09-13T20:28:16.067950Z
0c2cb2383aab0cf81e6c7e071e7caeaf,"Final Fantasy 7 Revelation director says Square Enix would have to compromise ""the quality of the final chapter"" to ship the game fully on disc",https://www.eurogamer.net/final-fantasy-7-revelation-compromise-quality-physical-disc,Kaan Serin,2026-09-11T18:08:06Z,shipping market,"Physical versions of Final Fantasy 7 Revelation require a download anyway because Square Enix would've had to compromise the game in some fashion to contain the entire mammoth adventure in a disc. At least, that's the reasoning series director Naoki Hamaguchi…",Eurogamer.net,Unknown,News,2026-09-13T20:28:16.068018Z
0823cb4a56f3fd05a2a747b2c6dbbd16,"19 Years Ago, We Predicted the iPhone Would Lead to 'Some Insanely Great Products.' It Sure Did",https://uk.pcmag.com/mobile-phones/167283/19-years-ago-we-predicted-the-iphone-would-lead-to-some-insanely-great-products-it-sure-did,Eric Zeman,2026-09-11T17:35:40Z,shipping market,"PCMag's review of the first iPhone was amazingly prescient. As Apple releases its new iPhone line, we consider just how much the company's handheld device has influenced the mobile technology landscape.
Editors' Note: Welcome to our ongoing An Apple a Day ser…",PCMag.com,Unknown,Analysis/Opinion,2026-09-13T20:28:16.068108Z
4cdeeacf6509c85d62492a548c008812,8-Oz 365 by Whole Foods Market Pitted Prunes $2.71 w/ S&S + Free Shipping w/ Prime or on $35+,https://slickdeals.net/f/20002386-8-oz-365-by-whole-foods-market-pitted-prunes-2-71-w-s-s-free-shipping-w-prime-or-on-35,TattyBear,2026-09-11T17:33:34Z,shipping market,Amazon [amazon.com] has 8-Oz 365 by Whole Foods Market Pitted Prunes on sale for $2.85 - 5% off when you checkout via Subscribe & Save = $2.71. Shipping is free w/ Prime or on orders $35+Note: You,Slickdeals.net,Unknown,Market Report,2026-09-13T20:28:16.068141Z
a9f5accfa1c7bdf2abe9d56eef2c9293,"Nearly 16,000 Chinese-Made EVs Have Entered Canada Under New Trade Deal",https://www.iphoneincanada.ca/2026/09/11/nearly-16000-chinese-made-evs-have-entered-canada-under-new-trade-deal/,Austin Blake,2026-09-11T17:01:40Z,shipping market,"Canada has imported 15,603 Chinese-made electric vehicles under a trade deal signed in January, less than one-third of the number allowed this year, according to The Globe and Mail. The agreement between Prime Minister Mark Carney and Chinese President Xi Jin…",iPhone in Canada,China,News,2026-09-13T20:28:16.068206Z
2bfa27d2ab9a6cd7420201816667f810,"Iranian arms and advice helped Yemen’s Houthis seize key Red Sea city, sources say",https://cryptobriefing.com/iranian-arms-and-advice-helped-yemens-houthis-seize-key-red-sea-city-sources-say/,Estefano Gomez,2026-09-11T16:55:41Z,shipping market,"Iran's bolstered influence in Yemen may stabilize its regime, affecting regional power dynamics and reducing perceived regime change risks.
The post Iranian arms and advice helped Yemen’s Houthis seize key Red Sea city, sources say appeared first on Crypto Br…",Crypto Briefing,Unknown,News,2026-09-13T20:28:16.068259Z
10e4fabc307561efe365c57fc1907af3,"Desktop GPU shipments hit four-year high despite rising prices, per new research",https://www.tweaktown.com/news/113493/desktop-gpu-shipments-hit-four-year-high-despite-rising-prices-per-new-research/index.html,Hassam Nasir,2026-09-11T16:45:09Z,shipping market,"JPR's Q2 2026 report shows that desktop GPU shipments are at a four-year high, even as memory prices keep pushing costs up for buyers.Continue reading at TweakTown",TweakTown,Unknown,Market Report,2026-09-13T20:28:16.068292Z
95d5593cb160376bdf412cb88db3981c,"Today’s Top Deals: Pokémon Destined Rivals ETB, 1TB Zelda MicroSD Card, and Kirby for Switch 2",https://www.ign.com/articles/best-deals-for-september-11-2026,Danielle Abraham,2026-09-11T16:20:00Z,shipping market,"Enjoy big savings heading into the weekend on a gaming monitor, headset, and more",IGN,Unknown,News,2026-09-13T20:28:16.068328Z
8f5b00dc47aea3050633b6ccc51e3a41,Cheetah Mobile Q2 Earnings Call Highlights,https://www.marketbeat.com/instant-alerts/transcript-cheetah-mobile-q2-earnings-call-highlights-2026-09-11/?utm_source=yahoofinance&amp;utm_medium=yahoofinance,MarketBeat,2026-09-11T16:03:08Z,shipping market,"Cheetah Mobile (NYSE:CMCM) said its second-quarter 2026 results reflected a continued shift toward cloud and AI infrastructure services and robotics, even as...",MarketBeat,Unknown,News,2026-09-13T20:28:16.068388Z
835571b611feea5c043a52be62918f25,"NYC's 'Baklava Guy' started selling Turkish pastries as 'a joke,' now it brings in $20K/month: 'It's my whole life'",https://www.cnbc.com/2026/09/11/nycs-baklava-guy-brings-in-20k/month-selling-turkish-pastries.html,"Tom Huddleston Jr., Mickey Todiwala",2026-09-11T15:10:02Z,shipping market,The 30-year-old entrepreneur behind Good Baklava went viral for handing out free pastries after New York Knicks games and selling to strangers in local parks.,CNBC,Turkey,News,2026-09-13T20:28:16.068566Z
118021dbfb76bc86f221c79efb331d17,Hunter Biden’s $LAPTOP coin causes ‘bloodbath’ for investors. How to protect yourself,https://finance.yahoo.com/markets/crypto/articles/hunter-biden-laptop-coin-causes-151000521.html,Christy Bieber,2026-09-11T15:10:00Z,shipping market,"Over 15,000 investors suffered major losses, some within minutes.",Yahoo Entertainment,Unknown,News,2026-09-13T20:28:16.068600Z
e1fadf56178bacdfa88b4187499b6291,New problem shaping up for the oil market as Hormuz remains shut,https://economictimes.indiatimes.com/industry/energy/oil-gas/new-problem-shaping-up-for-the-oil-market-as-hormuz-remains-shut/articleshow/134072838.cms,ET Online,2026-09-11T14:40:41Z,shipping market,"Houthi forces have seized Perim Island, threatening the vital Bab el-Mandeb Strait shipping lane. This development occurs as the Strait of Hormuz faces severe disruptions, impacting global oil flows. Saudi Arabia increasingly relies on the Red Sea route, whic…",The Times of India,Global,Market Report,2026-09-13T20:28:16.068680Z
d6bd1e78f3dffaa25ca91dc1a5244076,BYD sends blunt message to Tesla with 35.4% of exports,https://www.thestreet.com/automotive/byd-beats-tesla-china-with-35-percent-of-exports,Tobi Opeyemi Amure,2026-09-11T14:17:00Z,shipping market,One number from the recent export ranking tells you where the EV war actually moved.,TheStreet,Unknown,News,2026-09-13T20:28:16.068772Z
381a67ad09a722d85a9a77962936e09e,One Thing Miro + Airtable Show: Getting Cash Flow Positive Isn’t Magical,https://www.saastr.com/one-thing-miro-airtable-show-getting-cash-flow-positive-isnt-magical/,Jason Lemkin,2026-09-11T14:10:28Z,shipping market,"Bending Spoons just announced a definitive agreement to acquire Miro at a $1.355 billion enterprise value. Five weeks ago it announced Airtable at $1.285 billion, and that one just closed. Two of the better-known B2B brands of the last decade, sold to the sam…",Saastr.com,Unknown,News,2026-09-13T20:28:16.068824Z
8e7626653f75d0e18ea5f00693fad96b,"Skyworks Solutions Sees Qorvo Deal Closing This Year, Targets $500M in Synergies",https://www.marketbeat.com/instant-alerts/event-skyworks-solutions-sees-qorvo-deal-closing-this-year-targets-500m-in-synergies-2026-09-11/?utm_source=yahoofinance&amp;utm_medium=yahoofinance,MarketBeat,2026-09-11T14:03:19Z,shipping market,Skyworks Solutions (NASDAQ:SWKS) Chief Executive Officer Phil Brace said the company remains confident its proposed merger with Qorvo will close within the c...,MarketBeat,Unknown,News,2026-09-13T20:28:16.068861Z
ac7c35b46e2f92d4c8cd32065973ba54,Shanghai crude hits $121 on massive buying spree in China,https://cryptobriefing.com/shanghai-crude-121-china-buying-spree/,Editorial Team,2026-09-11T14:00:08Z,shipping market,"China's aggressive crude buying reshapes global oil dynamics, highlighting Asia's growing influence and potential geopolitical ripple effects.
The post Shanghai crude hits $121 on massive buying spree in China appeared first on Crypto Briefing.",Crypto Briefing,China,News,2026-09-13T20:28:16.068881Z
d7f2f41e6034801246fd5709da74ab21,Diesel Prices Soar To $6 Per Gallon As Iran War Continues,https://dailycaller.com/2026/09/11/diesel-prices-6-per-gallon-new-record,Paris Apodaca,2026-09-11T13:44:14Z,shipping market,"Diesel prices blew past $6 per gallon nationally Friday, setting another record.",The Daily Caller,Unknown,Market Report,2026-09-13T20:28:16.068908Z
9f31697810693e87039a7c778f1d74d8,Chevron CEO warns of higher oil price risks amid Iran conflict,https://cryptobriefing.com/chevron-ceo-oil-price-risk-iran-conflict/,Editorial Team,2026-09-11T13:31:54Z,shipping market,"The Iran conflict's impact on oil supply could lead to prolonged economic strain, affecting consumer spending and global market stability.
The post Chevron CEO warns of higher oil price risks amid Iran conflict appeared first on Crypto Briefing.",Crypto Briefing,Global,Market Report,2026-09-13T20:28:16.068943Z
4d66ceddd8d4ae4d7938aea3919f3556,"Current price of oil as of September 11, 2026",https://fortune.com/article/price-of-oil-09-11-2026/,Joseph Hostetler,2026-09-11T13:30:00Z,shipping market,"When oil prices change, it affects your energy costs—and even the price of everyday items. Here’s why.",Fortune,Unknown,Market Report,2026-09-13T20:28:16.068975Z
4b99a76b677ab764ce154bc649ce1ec5,David’s Shield Reviews & Complaints,https://themattwalshblog.com/davids-shield-reviews-complaints/,Matt Walsh,2026-09-11T13:13:00Z,shipping market,"David’s Shield, also marketed as BlastProof: David’s Shield, is a faith-based emergency-preparedness guide created primarily for Christian families. It combines practical readiness information with biblical encouragement, low-tech off-grid strategies, food an…",Themattwalshblog.com,Unknown,Analysis/Opinion,2026-09-13T20:28:16.069089Z
d169163355354866bde115b77ce8eb44,IEA cuts Russian oil output forecasts as Ukrainian drone strikes cripple energy infrastructure,https://cryptobriefing.com/iea-cuts-russian-oil-output-forecasts/,Editorial Team,2026-09-11T12:50:07Z,shipping market,"The reduced Russian oil output forecasts could exacerbate global energy market volatility, impacting prices and geopolitical dynamics.
The post IEA cuts Russian oil output forecasts as Ukrainian drone strikes cripple energy infrastructure appeared first on Cr…",Crypto Briefing,Russia,Analysis/Opinion,2026-09-13T20:28:16.069165Z
9721de802a82b07eae28bbbc3472b36a,"At $100 Oil, the Deal Flow Moved to Pipelines and Producing Wells",https://www.prnewswire.com/news-releases/at-100-oil-the-deal-flow-moved-to-pipelines-and-producing-wells-302876225.html,,2026-09-11T12:45:00Z,shipping market,"NEW YORK, Sept. 11, 2026 /PRNewswire/ -- Oil Market Daily News Commentary - The U.S. Energy Information Administration expects Brent crude to average $87 a barrel across 2026 and does not expect Middle East oil production to return to near pre-conflict levels…",PRNewswire,Unknown,Analysis/Opinion,2026-09-13T20:28:16.069235Z
737aade38e9a064ca8153b080a18f68b,Houthis Advance on Bab al-Mandeb as Saudi Oil Route Comes Under Threat,https://oilprice.com/Energy/Energy-General/Houthis-Advance-on-Bab-al-Mandeb-as-Saudi-Oil-Route-Comes-Under-Threat.html,Editorial Dept,2026-09-11T12:30:00Z,shipping market,"Politics, Geopolitics & Conflict Yemen's Houthis captured the Red Sea port of Mocha on Thursday, taking the approach to the Bab al-Mandeb Strait, which connects the Red Sea (and the Suez Canal, beyond it) to the Gulf of Aden and the Indian Ocean. Bab al-Mande…",OilPrice.com,India,News,2026-09-13T20:28:16.069262Z
95d7af8e8038146364a0f01264cd62dc,WTI Breaks $100 as Middle East Supply Crisis Deepens,https://oilprice.com/Energy/Energy-General/WTI-Breaks-100-as-Middle-East-Supply-Crisis-Deepens.html,Editorial Dept,2026-09-11T12:30:00Z,shipping market,"October WTI crude oil futures are trading at $101.26 early Friday, up $10.04 or 11.01% for the week so far. The contract traded as low as $90.87 before reaching $104.46, its strongest level since May. Last week, the market was testing whether escorted cargoes…",OilPrice.com,Unknown,Market Report,2026-09-13T20:28:16.069304Z
05f9d19fa8b77ae02bf5440d53d9a728,"Energy Aspects: Oil Market Has Reached an ""Inflection Point""",https://oilprice.com/Latest-Energy-News/World-News/Energy-Aspects-Oil-Market-Has-Reached-an-Inflection-Point.html,Tsvetana Paraskova,2026-09-11T12:30:00Z,shipping market,"Crude oil prices are poised for further increases and the trending trajectory is higher, as global inventory drawdowns have accelerated and China is back to buying significantly higher crude oil volumes than in the spring, Energy Aspects founder and market in…",OilPrice.com,China,Market Report,2026-09-13T20:28:16.069319Z
1491af7e2cd43aee3bf15afe085ccc8d,Attack that closed key Saudi pipeline blamed on Iran-backed militias in Iraq,https://apnews.com/article/iraq-iran-yemen-saudi-arabia-c1359273dd970b969e823356e5ead377,Associated Press,2026-09-12T18:42:25Z,Suez Canal,"Iraq closed two key border crossings with Iran amid the probe, as Saudi Arabia had doubled Red Sea oil exports.",Associated Press,Unknown,News,2026-09-13T20:28:16.534521Z
3d7dc880539fd75a2f0ceb8dffc9d2b2,Saudi Arabia Shuts Down Key Pipeline as Iranian Proxies Wage Multi-Front Assault,https://legalinsurrection.com/2026/09/saudi-arabia-shuts-down-key-pipeline-as-iranian-proxies-wage-multi-front-assault/,Vijeta Uniyal,2026-09-12T18:00:42Z,Suez Canal,"""Yemen’s rampant Houthi forces have captured the strategic island of Perim in the Bab al-Mandab strait, expanding their control of the narrow waterway, one of the ​world’s vital shipping routes.""
The post Saudi Arabia Shuts Down Key Pipeline as Iranian Proxie…",Legalinsurrection.com,Unknown,News,2026-09-13T20:28:16.534613Z
39927f29c4b6e2e40296ecb4c947b959,Saudi Arabia’s nightmare scenario comes true as Houthis threaten crucial Red Sea shipping route and drone attacks force closure of major pipeline,https://fortune.com/2026/09/12/saudi-arabia-nightmare-scenario-houthis-red-sea-shipping-route-drone-attacks-closure-east-west-pipeline/,"Elena Becatoros, Joseph Krauss, The Associated Press",2026-09-12T15:22:02Z,Suez Canal,"For decades, Saudi Arabia and other Gulf states have relied on U.S. security guarantees. Those have eroded under Trump.",Fortune,Unknown,News,2026-09-13T20:28:16.534665Z
76a8ec39d8257dde7db4acef67699f99,Saudi Arabia shuts key oil pipeline after Iraqi drone attack,https://punchng.com/saudi-arabia-shuts-key-oil-pipeline-after-iraqi-drone-attack/,Punch Newspapers,2026-09-12T11:09:12Z,Suez Canal,"Saudi Arabia has shut a key oil pipeline after it was attacked by drones launched from Iraq, putting pressure on regional energy infrastructure.

Read More: https://punchng.com/saudi-arabia-shuts-key-oil-pipeline-after-iraqi-drone-attack/",The Punch,Unknown,News,2026-09-13T20:28:16.534745Z
bdd82c420e428a7b377a0362bdc05881,Saudi Arabia shuts critical oil pipeline after drone attack: What it means,https://www.aljazeera.com/news/2026/9/12/saudi-arabia-shuts-critical-oil-pipeline-after-drone-attack-what-happened,Stephen Quillen,2026-09-12T10:36:18Z,Suez Canal,"Baghdad launches investigation, closes border after confirming strike came from Iraqi territory.",Al Jazeera English,Unknown,News,2026-09-13T20:28:16.534780Z
d37e8a7af873394071adc6cd49d97451,Yemen’s Houthis take over strait vital to global shipping,https://www.vanguardngr.com/2026/09/yemens-houthis-take-over-strait-vital-to-global-shipping/,Oboh,2026-09-12T09:20:33Z,Suez Canal,"After week-long offensive, Houthis seized the Yemeni side of the Bab al-Mandab Strait, the southern gateway to the Red Sea and the Suez Canal
The post Yemen’s Houthis take over strait vital to global shipping appeared first on Vanguard News.",Vanguard,Egypt,News,2026-09-13T20:28:16.534828Z
a670d9d3ff0021eafff397dd519657cd,Houthi gains threaten key Red Sea shipping route,https://www.hurriyetdailynews.com/houthi-gains-threaten-key-red-sea-shipping-route-226792,hurriyetdailynews.com,2026-09-12T07:45:02Z,Suez Canal,"Yemen’s Iran-backed Houthis have seized key positions near the entrance to the Red Sea, raising concerns over shipping as Saudi Arabia shut a major oil pipeline following a drone attack.",Hurriyet Daily News,Unknown,News,2026-09-13T20:28:16.534910Z
0d675c8634e60f10afbc4a176357096a,"Saudi Arabia has few options as it faces mounting threats from Iran, its allies",https://www.thehindubusinessline.com/news/world/saudi-arabia-has-few-options-as-it-faces-mounting-threats-from-iran-its-allies/article71459258.ece,AP- PTI,2026-09-12T06:11:38Z,Suez Canal,US President Donald Trump seems reluctant to widen an already unpopular and stalemated West Asia war ahead of congressional elections,BusinessLine,Unknown,News,2026-09-13T20:28:16.534948Z
2f8aa4722a966395580dd6e882a0b53e,Saudi Arabia has few options as it faces mounting threats from Iran and its allies,https://abcnews.com/International/wireStory/saudi-arabia-options-faces-mounting-threats-iran-allies-136384544,"ELENA BECATOROS Associated Press, JOSEPH KRAUSS Associated Press",2026-09-12T05:59:20Z,Suez Canal,Houthi rebels in Yemen are advancing toward a crucial trade chokepoint,Abcnews.com,Unknown,News,2026-09-13T20:28:16.534978Z
f69ac2d4a5cf616fe990164821979291,"Saudi Arabia has few options amid mounting threats from Iran, its allies",https://www.business-standard.com/world-news/saudi-arabia-has-few-options-amid-mounting-threats-from-iran-its-allies-126091200240_1.html,AP,2026-09-12T05:56:22Z,Suez Canal,"A lightning advance by Houthi rebels threatens a crucial Red Sea shipping route. Drone attacks blamed on Iraqi militias have forced the closure of a major pipeline, and Iran is still disrupting the Strait of Hormuz.
It's a nightmare scenario for Saudi Arabia,…",Business Standard,Unknown,News,2026-09-13T20:28:16.535045Z
d28539c222f9133700e7d8417e0852f3,"Saudi Arabia faces fresh Red Sea threat as Houthi gains, pipeline shutdown rattle kingdom",https://economictimes.indiatimes.com/news/defence/saudi-arabia-faces-fresh-red-sea-threat-as-houthi-gains-pipeline-shutdown-rattle-kingdom/articleshow/134111230.cms,AP,2026-09-12T05:47:18Z,Suez Canal,"Houthi rebels are advancing, threatening a vital Red Sea shipping route. Drone attacks have forced a major pipeline closure, impacting global markets. Saudi Arabia faces setbacks in its economic transformation efforts due to regional conflicts. The kingdom's …",The Times of India,Global,Market Report,2026-09-13T20:28:16.535096Z
f89d7093977d4612c42afe10d78cb74d,Saudi Arabia has few options as it faces mounting threats from Iran and its allies,https://www.yahoo.com/news/world/articles/saudi-arabia-few-options-faces-051346491.html,ELENA BECATOROS and JOSEPH KRAUSS,2026-09-12T05:13:46Z,Suez Canal,A lightning advance by Houthi rebels threatens a crucial Red Sea shipping route.  Drone attacks blamed on Iraqi militias have forced the closure of a major p...,Yahoo Entertainment,Unknown,News,2026-09-13T20:28:16.535133Z
84da30bf459652be2b7b5d4fabc9167b,‘A f***-up of epic proportions’: Blame game begins after Houthis’ lightning advance down Red Sea coast,https://www.cnn.com/2026/09/12/middleeast/yemen-houthi-saudi-us-blame-intl,Nic Robertson,2026-09-12T04:00:30Z,Suez Canal,"Desperate pleas for air cover from Yemeni generals started coming mid-morning on Thursday. As the Houthis advanced, backup support from Saudi Arabia was nowhere in sight.",CNN,Unknown,News,2026-09-13T20:28:16.535181Z
a482f35a6708844a26c385e5f69bc796,Saudis shut down oil pipeline as Houthis tighten grip on Red Sea shipping,https://freerepublic.com/focus/f-news/4395209/posts,The Straits Times,2026-09-12T02:49:07Z,Suez Canal,"ADEN/DUBAI, Sept 12 - Saudi Arabia has shut down its East-West pipeline after the vital oil conduit came under aerial attack in the widening Middle East war. The world’s largest crude oil exporter temporarily closed the pipeline after a drone attack that both…",Freerepublic.com,Unknown,News,2026-09-13T20:28:16.535235Z
eb106f7e93d394fa4e66db9c9f88e3d4,Yemen's Houthis take over strait vital to global shipping,https://www.channelnewsasia.com/world/yemen-houthis-red-sea-shipping-iran-war-6379706,,2026-09-11T22:33:53Z,Suez Canal,The Houthis' seizure of Yemen's entire Red Sea coast and three strategic islands will likely deepen the Middle East war's impact on international commerce.,CNA,Global,News,2026-09-13T20:28:16.535272Z
19b7b12fdd50d3c30326b973e8079df5,Oil prices set to rocket after Saudi Arabia pipeline comes under attack from drones launched from Iraqi territory as the Houthis take over strait vital to global shipping,https://www.dailymail.com/news/article-16124587/Oil-Saudi-Arabia-pipeline-attack-drones-Iraqi-Houthis.html,Isabella Machin,2026-09-11T21:02:59Z,Suez Canal,The strikes on the East-West oil pipeline in the Riyadh and Medina areas (pictured) deal a further blow to global trade.,Dailymail.com,Global,Market Report,2026-09-13T20:28:16.535366Z
47aecadd98a35375173eb69e74144659,Oil crisis deepens after Houthis take over vital shipping route,https://www.thejournal.ie/houthis-red-sea-shipping-7160187-Sep2026/,AFP,2026-09-11T20:28:56Z,Suez Canal,The developments are likely to deepen the Middle East war’s impact on international commerce.,TheJournal.ie,Global,News,2026-09-13T20:28:16.535402Z
61921470f2794595e09b6f5c4592e58d,Lightning Houthi advance in Yemen may bring dangerous new dimension to Iran war,https://www.bbc.co.uk/news/articles/c3v4zgzr1kxo,https://www.facebook.com/bbcnews,2026-09-11T19:44:58Z,Suez Canal,The capture by the rebels of a stretch Yemen's strategic coastline is the group's most impressive military coup for several years.,BBC News,Unknown,News,2026-09-13T20:28:16.535467Z
0dec96bee268e6e0f973aca0a778c1eb,"Houthis seize Yemen's entire Red Sea coast, tightening grip on key shipping route",https://www.israelnationalnews.com/news/433083,Israel National News,2026-09-11T18:51:00Z,Suez Canal,"Iran-backed Houthis seize Yemen's Red Sea coast, Bab al-Mandab and three strategic islands, threatening a vital trade route linking Europe and Asia.",Israelnationalnews.com,Unknown,News,2026-09-13T20:28:16.535535Z
b9d89d836f3ef8142bf3e0f16a559973,Who are the Houthis? How they could send oil prices surging even further,https://www.cbc.ca/news/world/houthi-explainer-9.7340370,John Mazerolle,2026-09-11T18:09:40Z,Suez Canal,"Almost three years after the Houthis first garnered international attention by attacking ships off Yemen, the rebels have only increased their violent influence in the Middle East. Here's a primer on the group that could push the price of global oil even high…",CBC News,Global,Market Report,2026-09-13T20:28:16.535609Z
9fa3915d8f4a54813229f7d7ad057300,The Houthi advance in Yemen raises concerns about a key shipping choke point,https://abcnews.com/Business/wireStory/houthi-advance-yemen-raises-concerns-key-shipping-choke-136371532,DAVID MCHUGH AP business writer,2026-09-11T17:52:40Z,Suez Canal,Iran-backed Houthi rebels have captured the Red Sea port of Mokha and the strategic island of Mayun in Yemen,Abcnews.com,Unknown,News,2026-09-13T20:28:16.535641Z
4db8a59f3eedd8ae7130015d0f8a967c,"Chat, Is This Good",https://www.eschatonblog.com/2026/09/chat-is-this-good.html,noreply@blogger.com (Atrios),2026-09-11T17:30:00Z,Suez Canal,"Something the belligerent warmongers who populate DC really don't understand is that peace is a delicate equilibrium, too easily shattered Known as the Gate of Tears, this narrow passage is a critical artery for crude oil and fuel travelling from the Gulf to …",Eschatonblog.com,Unknown,News,2026-09-13T20:28:16.535689Z
10aaf1b13089105e059c456b85cf52b0,CNN’s Singh Warns Escalating New Front In Middle East Could ‘Upend the Global Economy’: Trump is ‘Taking This Very Seriously’,https://www.mediaite.com/media/news/cnns-singh-warns-escalating-new-front-in-middle-east-could-upend-the-global-economy-trump-is-taking-this-very-seriously/,Alex Griffing,2026-09-11T17:20:28Z,Suez Canal,"""The United States now has some hundred — what they're calling — military advisors in Saudi Arabia, in theory helping the Saudis,"" noted John Berman
The post CNN’s Singh Warns Escalating New Front In Middle East Could ‘Upend the Global Economy’: Trump is ‘Tak…",Mediaite,USA,News,2026-09-13T20:28:16.535723Z
fa96a468e35e4dac9c6aacdd3081cfde,Saudi Arabia tells Trump now is the time for military action as Iran-backed Houthis advance,https://www.foxnews.com/world/saudi-arabia-tells-trump-time-military-action-iran-backed-houthis-advance,,2026-09-11T17:08:49Z,Suez Canal,Houthi forces seized Perim island and key positions along Yemen's Bab el-Mandeb Strait as Saudi Arabia urged Trump to take direct military action.,Fox News,Unknown,News,2026-09-13T20:28:16.535763Z
b1ea8375f0b6f6b013590ba9fb982d3e,"Iran-backed Houthis seize Yemen’s entire Red Sea coast, three strategic islands",https://economictimes.indiatimes.com/news/defence/iran-backed-houthis-seize-yemens-entire-red-sea-coast-three-strategic-islands/articleshow/134074950.cms,AFP,2026-09-11T15:05:57Z,Suez Canal,"The Iran-backed Houthis seized control of Yemen's entire Red Sea coast and captured three strategic islands on Friday, in a lightning offensive that cemented their hold on a vital shipping corridor linking Europe and Asia. Before the Red Sea offensive, the Ho…",The Times of India,Unknown,News,2026-09-13T20:28:16.535866Z
66854da4c0f027bb88c03893890d36c5,Houthis have seized a crucial Red Sea port. Why is it so significant?,https://www.irishtimes.com/world/middle-east/2026/09/11/houthis-have-seized-a-crucial-red-sea-port-why-is-it-so-significant/,Michael Jansen,2026-09-11T14:57:04Z,Suez Canal,Move is part of a drive to extend control over strategic global shipping routes,The Irish Times,Global,News,2026-09-13T20:28:16.535896Z
ce4793f65464ef6d703bedc60fe50e2a,Can the Houthis close the Red Sea after seizing the Yemen coast?,https://www.aljazeera.com/news/2026/9/11/can-the-houthis-close-the-red-sea-after-seizing-the-yemen-coast,Shola Lawal,2026-09-11T14:47:12Z,Suez Canal,"Some observers see a force that has improved impressively in the past years, but others doubt the Houthis can sustain wins.",Al Jazeera English,Unknown,News,2026-09-13T20:28:16.535928Z
d53aeeae20504b4da3683d8b58c2e605,Trump will eventually be impeached—with help from the GOP,http://www.dailykos.com/stories/2026/9/11/800096849/elections/trump-will-eventually-be-impeached-with-help-from-the-gop/,kos,2026-09-11T14:38:00Z,Suez Canal,"Trump is herding his party toward an electoral catastrophe, yet increasingly lacks the political leverage to keep Republicans from eventually turning on him.",Dailykos.com,Unknown,News,2026-09-13T20:28:16.536026Z
b78c60333b9960e17d87194135321f53,"Iran-backed Houthis seize Red Sea port, putting another key trade route at risk",https://www.politico.eu/article/houthi-yemen-red-sea-seize-port-us-iran-war-second-shipping-route-risk/,"Milena Wälde, Martina Sapio",2026-09-11T13:45:03Z,Suez Canal,"With the Strait of Hormuz already snarled up, simultaneous disruption looms at the southern gateway to the Red Sea.",POLITICO.eu,Unknown,News,2026-09-13T20:28:16.536060Z
e66efa7bf0f205000415034a23838582,"Houthis Capture Yemen’s Mocha Port, Raising Red Sea Shipping Fears",https://biztoc.com/x/c2cfbd38368765fb,tippinsights.com,2026-09-11T10:37:35Z,Suez Canal,"Iran-backed Houthi rebels have captured the strategic Yemeni port town of Mocha, raising concerns over their growing influence near the Bab al-Mandeb Strait, according to CNN.

The Red Sea chokepoint is a major trade route connecting Asia and Europe through…",Biztoc.com,Unknown,News,2026-09-13T20:28:16.536195Z
91448134c6e15fb66f0e3808a82bae68,"Houthis reach strategic island in key shipping route, threatening global trade chokepoint",https://cryptobriefing.com/houthis-perim-island-shipping-route/,Editorial Team,2026-09-11T10:06:49Z,Suez Canal,"The Houthi control of Perim Island heightens geopolitical tensions, risking global trade disruptions and escalating regional conflicts.
The post Houthis reach strategic island in key shipping route, threatening global trade chokepoint appeared first on Crypto…",Crypto Briefing,Global,News,2026-09-13T20:28:16.536249Z
1fee5d9809526efd00557e3a2782fccf,"Iran War: Ansar Allah Takes Mocha and the Bab el-Mandeb Islands, Putting Both Chokepoints in Play; Trump Says the War Ends After the Midterms While Vance and Rubio Tell Him January 2029",https://www.nakedcapitalism.com/2026/09/iran-war-ansar-allah-mocha-trump-vance-diesel-rubio.html,Nat Wilson Turner,2026-09-11T10:00:05Z,Suez Canal,"Ansar Allah rolled into Mocha and the Bab el-Mandeb islands, sending US stock prices down and bond yields up. Trump said war would end after the mid-terms. Vance and Rubio seem to disagree.",Nakedcapitalism.com,Unknown,Market Report,2026-09-13T20:28:16.536294Z
d2b6540842501755c7ad86f4c88e0734,"Iran, Saudi Arabia discuss regional 'insecurity' as Yemen fighting flares",https://www.channelnewsasia.com/world/iran-saudi-arabia-discuss-regional-insecurity-yemen-fighting-flares-6378386,,2026-09-11T08:48:41Z,Suez Canal,"TEHRAN: The top diplomats of Iran and Saudi Arabia spoke by phone to discuss ""growing insecurity"" in the region, Tehran said, without mentioning recent fighting in Yemen, where the two countries support",CNA,Unknown,News,2026-09-13T20:28:16.536335Z
849c7f986dc4f6534ebe9849cdd14f66,Why Houthi military gains in Yemen may further increase gas prices,https://www.npr.org/2026/09/11/nx-s1-5966379/houthi-gains-gas-prices,Aya Batrawy,2026-09-11T07:32:27Z,Suez Canal,A Houthi advance along Yemen's Red Sea coast could help push gas prices up even more as the Iran-backed group also launches attacks on Saudi Arabia's oil facilities,NPR,Unknown,Market Report,2026-09-13T20:28:16.536370Z
8b052e04038cd9f6642fc00e1df2d216,Pain at the pump: Global oil prices increase as US-Iran tensions escalate,https://www.nzherald.co.nz/business/pain-at-the-pump-global-oil-prices-increase-as-us-iran-tensions-escalate/OC4M6YY44BFKLDCRMBZTR5H4OM/,Herald Reporters,2026-09-11T04:36:24Z,Suez Canal,Brent crude oil prices have surged more than 12% over the past five days.,New Zealand Herald,Global,Market Report,2026-09-13T20:28:16.536450Z
44c846c2deedbf68516ee0552b9c67f4,‘War With Iran Would Be Trump’s Waterloo’,https://www.lewrockwell.com/2026/09/no_author/war-with-iran-would-be-trumps-waterloo/,No Author,2026-09-11T04:01:00Z,Suez Canal,A friend just sent me the following video recording of a 2008 interview with Donald Trump in which he declared that President Bush should have been impeached for leading the United States to war in Iraq under the false pretext that Saddam Hussein possessed We…,Lewrockwell.com,USA,Analysis/Opinion,2026-09-13T20:28:16.536471Z
e4899069870daecb21c2a5b69688875c,A Major Ground Offensive In The Middle East Just Caused A Dramatic Surge In The Price Of Oil,http://theeconomiccollapseblog.com/a-major-ground-offensive-in-the-middle-east-just-caused-a-dramatic-surge-in-the-price-of-oil/,Michael,2026-09-10T20:03:25Z,Suez Canal,"We just witnessed one of the biggest military developments in the Middle East in months. It is being reported that a major ground offensive by the Houthis has enabled them to take control of the port city of Mocha right on the coast of the Red Sea, Zuqar Isla…",Theeconomiccollapseblog.com,Unknown,Market Report,2026-09-13T20:28:16.536563Z
f53b1d13b82f85ecb71e59d4f287705d,Iran-backed terror group’s latest territorial grab threatens second global shipping chokepoint,https://www.foxnews.com/world/iran-backed-terror-groups-latest-territorial-grab-threatens-second-global-shipping-chokepoint,,2026-09-10T19:03:56Z,Suez Canal,"Iran-backed Houthi forces seized Yemen's Mocha port and advanced toward Bab el-Mandeb, threatening Red Sea shipping as Brent crude surged past $106.",Fox News,Global,News,2026-09-13T20:28:16.536605Z
972e829a099cf1a969b1c23edbd36fef,Houthis Make Major Advance Toward Critical Global Shipping Chokepoint,https://dailycaller.com/2026/09/10/houthis-major-advance-war-saudi-arabia-shipping-chokepoint,Francis Kapper,2026-09-10T16:44:08Z,Suez Canal,Iran-backed Houthi forces seized a critical Yemeni port and are closing in on one of the world’s most important shipping chokepoints.,The Daily Caller,Global,News,2026-09-13T20:28:16.536645Z
7337434dda0d72d8de8a00f22f2a609b,Iran-backed Houthis capture key island in Bab al-Mandeb Strait | CNN,https://www.cnn.com/2026/09/10/middleeast/houthis-capture-mocha-red-sea-strait-intl,Mostafa Salem,2026-09-10T16:42:15Z,Suez Canal,"Iran-backed rebels in Yemen captured the strategic Perim Island in the Bab al-Mandeb Strait on Friday, two Yemeni government sources told CNN, potentially expanding Tehran’s influence over another key global shipping route.",CNN,Global,News,2026-09-13T20:28:16.536693Z
7e9b4daf1fb45bf09c1936858d63156d,"Houthis take Yemeni port city, threaten Saudi oil exports",https://www.rte.ie/news/2026/0910/1591087-iran-houthis-mideast/,RTÉ News,2026-09-10T16:29:49Z,Suez Canal,"Iran-aligned Houthis have seized control of Yemen's port city of Mocha and advanced down the Red Sea coast to strategic islands, military sources said, hours after President Donald Trump said he expected the Iran war to end after midterm elections.",RTE,Unknown,News,2026-09-13T20:28:16.536784Z
b5d6bf8cd8ea8f69a5946e9735d967de,"Houthis Seize Mocha, Tightening Grip on Bab el-Mandeb and Red Sea Shipping",https://gcaptain.com/houthis-seize-mocha-tightening-grip-on-bab-el-mandeb-and-red-sea-shipping/,Reuters,2026-09-10T16:05:55Z,Suez Canal,"Iran-aligned Houthis seized control of Yemen's port city of Mocha on Thursday, military sources said, posing a further threat to global energy supplies hours after President Donald Trump said he expected the war to end after mid-term elections.",gcaptain.com,Global,News,2026-09-13T20:28:16.536829Z
cdf7ec725c27100d8630a5e7963d4a13,"Houthis seize key Yemeni Red Sea port, threatening global energy flows",https://www.business-standard.com/world-news/houthis-seize-key-yemeni-red-sea-port-threatening-global-energy-flows-126091001517_1.html,Reuters,2026-09-10T15:39:19Z,Suez Canal,"4 Yemeni govt military sources said the Houthis had gained further leverage over the Bab el-Mandeb Strait, the southern outlet of the Red Sea and one of the world's most important shipping routes",Business Standard,Global,News,2026-09-13T20:28:16.536867Z
abe4dc9bd462dc0a5a3317320bd5fbec,Houthis capture Yemeni town of Mocha: Why it matters,https://www.aljazeera.com/news/2026/9/10/houthis-capture-yemeni-town-of-mocha-why-it-matters,Mohammad Mansour,2026-09-10T14:53:11Z,Suez Canal,"The Houthi seizure of Mocha threatens global trade routes, severs vital supply lines, and displaces thousands in Yemen.",Al Jazeera English,Global,News,2026-09-13T20:28:16.536898Z
ecfe9f63101b40022bd7976be3121d7c,"Houthis seize key Yemeni Red Sea port, sources say, threatening global energy flows",https://economictimes.indiatimes.com/news/defence/houthis-seize-key-yemeni-red-sea-port-sources-say-threatening-global-energy-flows/articleshow/134012590.cms,Reuters,2026-09-10T13:38:28Z,Suez Canal,"Houthi militants seized Yemen's Mocha port, threatening vital global energy supplies.  This escalation occurs as Iran and the United States engage in tit-for-tat attacks.  President Trump expects the war to end after the upcoming mid-term elections.  Saudi Ar…",The Times of India,USA,News,2026-09-13T20:28:16.536928Z
b7dfb1b5836abf14f1eb8197734b34ab,Why is the Bab el-Mandeb Strait so important?,https://economictimes.indiatimes.com/news/international/world-news/why-is-the-bab-el-mandeb-strait-so-important/articleshow/134009253.cms,Reuters,2026-09-10T12:19:37Z,Suez Canal,"Iran-backed Houthis aim to control Yemen's Red Sea coast and Bab el-Mandeb strait. This strategic waterway connects Asia to Europe via the Suez Canal. Major shipping firms have rerouted vessels, increasing freight costs and journey times. Houthi control could…",The Times of India,Egypt,News,2026-09-13T20:28:16.536968Z
6033be5015abec235f5f09b01c7c2fa2,"Houthis seize strategic Red Sea city, threaten key shipping route",https://www.israelnationalnews.com/news/433008,Orly Harari,2026-09-10T12:15:28Z,Suez Canal,"Capture of Al-Mokha puts Houthi forces closer to the Bab el-Mandeb Strait, raising fears of a new chokehold on global trade and energy routes.",Israelnationalnews.com,Global,News,2026-09-13T20:28:16.537011Z
3129f31ca340a8abcbe252adf7d976b0,Yemen's Houthis close in on stranglehold over strategic Bab el-Mandeb Strait,https://economictimes.indiatimes.com/news/defence/yemens-houthis-close-in-on-stranglehold-over-strategic-bab-el-mandeb-strait/articleshow/134009046.cms,Reuters,2026-09-10T12:08:55Z,Suez Canal,"The Houthis in Yemen are making significant strides towards seizing control of the Bab el-Mandeb Strait. Recent clashes between Saudi-backed troops and the Houthis have become increasingly violent, posing a serious risk to global energy supply chains and cruc…",The Times of India,Global,News,2026-09-13T20:28:16.537064Z
ab593208f347b0c141accb7e6a2e74cc,Houthis reach Yemen’s strategic Mocha port near Bab al-Mandab Strait,https://www.hurriyetdailynews.com/houthis-reach-yemens-strategic-mocha-port-near-bab-al-mandab-strait-226727,hurriyetdailynews.com,2026-09-10T12:01:40Z,Suez Canal,"Houthi forces have reached the strategic Mocha port near the Bab al-Mandab Strait in the Red Sea after taking control of the Hays and Al-Khawkhah districts in southern Al-Hudaydah province, Yemeni media reported on Sept. 10.",Hurriyet Daily News,Unknown,Market Report,2026-09-13T20:28:16.537151Z
d388155df417bd2325e5aeae34d566f6,"Houthis Seize Strategic Yemeni Port Of Mocha, Military Sources Say",https://www.globalsecurity.org/military/library/news/2026/09/mil-260910-rferl03.htm,John Pike,2026-09-10T12:00:00Z,Suez Canal,"Iran-backed Houthi rebels in Yemen have seized the historic Red Sea port city of Mocha, four Yemeni government military sources told Reuters on September 10, extending their control along a strategically important stretch of coast near the Bab el-Mandeb Strai…",Globalsecurity.org,Unknown,News,2026-09-13T20:28:16.537202Z
0e24524de2d2a918d4a0a17e843b017f,Inside the Mexican Suitcase: The Spanish Civil War Negatives Lost for 68 Years,https://fstoppers.com/originals/inside-mexican-suitcase-spanish-civil-war-negatives-lost-68-years-903865,Alex Cooke,2026-09-09T21:03:02Z,Suez Canal,"In December 2007, three small cardboard boxes reached the International Center of Photography in New York holding 126 rolls of 35mm film and roughly 4,500 negatives that had been missing since 1939. Inside was a visual record centered on the Spanish Civil War…",Fstoppers,Global,News,2026-09-13T20:28:16.537348Z
e87d4b54b8c9559dd17dd944e8cde12e,Yemen envoy warns of wider war as Houthis threaten Bab al-Mandeb Strait,https://www.aljazeera.com/news/2026/9/9/yemen-envoy-warns-of-wider-war-as-houthis-threaten-bab-al-mandeb-strait,Osama Bin Javaid,2026-09-09T20:05:48Z,Suez Canal,"In an interview with Al Jazeera, Yemen's ambassador warns Houthi attacks threaten global shipping.",Al Jazeera English,Global,Analysis/Opinion,2026-09-13T20:28:16.537374Z
603ef1d6698de1cb7d205354cdde214e,What Russia’s military elite is preparing for behind closed doors,https://www.rt.com/russia/645360-inside-russias-military-thinking-2026/,RT,2026-09-09T19:35:58Z,Suez Canal,"Russian analysts assess NATO’s buildup, Arctic tensions, air defense and the weapons boom in a report written for Moscow’s military elite Read Full Article at RT.com",RT,Russia,Market Report,2026-09-13T20:28:16.537400Z
fd1b9d740ff25b2eb23919851630d7df,"With Hezbollah battered, Iran’s emerging proxy network of Houthis and Iraqi militias target Saudi Arabia and other U.S. allies",https://fortune.com/2026/09/09/iran-hezbollah-houthis-saudi-arabia/,"The Associated Press, Samy Magdy, Sarah El Deeb, Qassim Abdul-Zahra",2026-09-09T14:27:29Z,Suez Canal,"Cooperation between the two groups grew during the war in Gaza and now they are “squeezing Saudi like with pliers,” a senior analyst said.",Fortune,Unknown,News,2026-09-13T20:28:16.537467Z
ae234acda216aa933e9b38d942266024,Indonesia-bound carrier Garibaldi to make stop in Sri Lanka: Navy,https://en.antaranews.com/news/430621/indonesia-bound-carrier-garibaldi-to-make-stop-in-sri-lanka-navy,"W. Marison, Tegar Nurfitra",2026-09-09T08:09:07Z,Suez Canal,"The aircraft carrier Giuseppe Garibaldi will dock in Sri Lanka on its voyage from Italy to Jakarta for a new commission under the Indonesian military, ...",Antaranews.com,Indonesia,News,2026-09-13T20:28:16.537494Z
ea399278e4944ce9e76fb9a4fcb99de7,"Iran is forging a new ring of proxies to threaten US allies in the Gulf, officials say",https://abcnews.com/Business/wireStory/iran-forging-new-ring-proxies-threaten-us-allies-136292836,"SAMY MAGDY Associated Press, SARAH EL DEEB Associated Press, QASSIM ABDUL-ZAHRA Associated Press",2026-09-09T06:19:38Z,Suez Canal,Regional officials tell The Associated Press that Yemen's Houthi rebels helped Iraqi militias launch drone attacks on Saudi oil facilities in July,Abcnews.com,Unknown,News,2026-09-13T20:28:16.537531Z
6cf60438db9617fa53990cd7e5b6645a,Houthi Strikes on Saudi Refinery Threaten Remaining Red Sea Energy Lifeline,https://www.naturalnews.com/2026-09-09-houthi-strikes-aramco-threaten-red-sea-energy-lifeline.html,Belle Carter,2026-09-09T06:00:00Z,Suez Canal,"Houthi Strikes Hit Key Saudi Energy Facility The Saudi Aramco refinery at Jazan on the Red Sea was engulfed in flames on Sept. 8 following a coordinated missile and drone attack by Yemen’s Houthi forces, according to reports from the War Zone and video circul…",Naturalnews.com,Unknown,Market Report,2026-09-13T20:28:16.537579Z
f4b0af9b09e99b8d393455ef9e1f46a7,"Iran-backed fighters in Yemen and Iraq are joining forces to threaten Gulf, officials say",https://economictimes.indiatimes.com/news/defence/iran-backed-fighters-in-yemen-and-iraq-are-joining-forces-to-threaten-gulf-officials-say/articleshow/133954099.cms,AP,2026-09-09T05:21:34Z,Suez Canal,"Iran-backed groups in Iraq and Yemen are coordinating attacks on Saudi Arabia, with an aim to increase the costs of the ongoing war in Gaza.  The Houthis have also declared a blockade against Saudi shipping in the Red Sea.  This escalation threatens to reigni…",The Times of India,Unknown,News,2026-09-13T20:28:16.537634Z
e95c8d306c77d2451e6e25a4b994cde3,"Iran-backed fighters in Yemen and Iraq are joining forces to threaten the Gulf, officials say",https://www.yahoo.com/news/world/articles/iran-backed-fighters-yemen-iraq-035951490.html,"SAMY MAGDY, SARAH EL DEEB and QASSIM ABDUL-ZAHRA",2026-09-09T03:59:51Z,Suez Canal,"In July, Saudi Arabia and the United States bombed Iran-backed militias in Iraq after blaming them for drone attacks on Saudi oil facilities that had been cl...",Yahoo Entertainment,USA,News,2026-09-13T20:28:16.537682Z
4de7b5dd68b372f6c6ed2c8392079b17,China Tests New Silk Road—in the Arctic,https://www.newser.com/story/396081/china-tests-new-silk-road-in-the-arctic.html,Arden Dier with Newser.AI,2026-09-08T16:54:00Z,Suez Canal,"China's long-talked-about Arctic ambitions just got a real-world test run. A Chinese cargo ship, the Dubai Tower, is wrapping up a roughly three-week trip from Qingdao to northern England via Russia's Northern Sea Route—an icy shortcut that trims about two we…",Newser,China,News,2026-09-13T20:28:16.537703Z
055c07fe61a06a72a578b2d8b8f1837b,Suez Canal Revival Gathers Pace as Hormuz Crisis Reroutes Ships,https://gcaptain.com/suez-canal-revival-gathers-pace-as-hormuz-crisis-reroutes-ships/,Bloomberg,2026-09-08T16:10:46Z,Suez Canal,"Suez Canal revenue rose 42% in July from the year earlier, as the Iran war’s effective closure of the Strait of Hormuz and Houthi threats in the southern Red Sea led more ships to use the Egyptian waterway.",gcaptain.com,Egypt,News,2026-09-13T20:28:16.537742Z
f33110c88cc17c9d39b57e7e72001f54,Oil’s $100 nightmare is back as worst-case scenario is taking shape,https://economictimes.indiatimes.com/industry/energy/oil-gas/oils-100-nightmare-is-back-as-worst-case-scenario-is-taking-shape/articleshow/133930259.cms,ET Online,2026-09-08T14:58:02Z,Suez Canal,"Houthi attacks on Saudi energy facilities have disrupted oil operations.  These strikes also pressure the Bab al-Mandeb chokepoint, impacting oil flows.  The Strait of Hormuz remains impaired, creating a dual threat to global supply.  This situation makes sig…",The Times of India,Global,News,2026-09-13T20:28:16.537793Z
b99566ad45bb3313056e0384d6a64f8b,Oil Tankers Flood Back Into Suez Canal As Red Sea Risk Grows,https://oilprice.com/Latest-Energy-News/World-News/Oil-Tankers-Flood-Back-Into-Suez-Canal-As-Red-Sea-Risk-Grows.html,Charles Kennedy,2026-09-08T13:00:00Z,Suez Canal,Suez Canal's revenue jumped by 42% in July from the same month last year as the number of oil tankers passing through the Egyptian gateway to the Mediterranean surged amid threats to shipping in the southern Red Sea and the Bab el-Mandeb Strait. The revenues …,OilPrice.com,Egypt,News,2026-09-13T20:28:16.537834Z
de0d35dd0db91f393cce296fe1ab4302,The Strategic Calculus of Xi Jinping’s Egypt Visit,https://thediplomat.com/2026/09/the-strategic-calculus-of-xi-jinpings-egypt-visit/,Ayesha Sikandar,2026-09-08T12:53:00Z,Suez Canal,"Xi’s visit from September 1-2 was significant for both sides, though for different reasons.",The Diplomat,Egypt,News,2026-09-13T20:28:16.537862Z
fa115d494680265da7cad58e306b84ff,Indonesia's carrier Giuseppe Garibaldi to arrive home on Sept. 17,https://en.antaranews.com/news/430465/indonesias-carrier-giuseppe-garibaldi-to-arrive-home-on-sept-17,"W. Marison, Tegar Nurfitra",2026-09-08T11:32:43Z,Suez Canal,"Indonesia&#39;s first aircraft carrier, ITS Giuseppe Garibaldi, has reached the Arabian Sea and is expected to enter Indonesian waters on September 17, the ...",Antaranews.com,Indonesia,News,2026-09-13T20:28:16.537890Z
883c20b5bbf10bbbc126448b2e1695bb,"The imprint left by the Fair, the New Democracy “ingrate”, the Greek mega fund manager and Alexis’s Nephilim, developers’ anxiety, and news from the shipowners ///",https://en.protothema.gr/2026/09/08/the-imprint-left-by-the-fair-the-new-democracy-ingrate-the-greek-mega-fund-manager-and-alexiss-nephilim-developers-anxiety-and-news-from-the-shipowners/,Αλεξία Αμβράζη,2026-09-08T04:42:23Z,Suez Canal,"New Democracy's post-fair standing comes into focus as ministers defend fresh tax measures, Mitsotakis heads to Egypt for talks with Sisi, EVEA's president needles the government, and Star Bulk plots a historic Athens dual listing
The post The imprint left by…",Protothema.gr,Egypt,News,2026-09-13T20:28:16.537940Z
463471a0144840fd0cadcdbc4da1482b,China v. US: The Great Mideast AI Race Heats Up,https://www.juancole.com/2026/09/china-great-mideast.html,Neil Thompson,2026-09-08T04:15:45Z,Suez Canal,"China and the US are each trying to lock regional countries into their rival AI stacks, accelerating the development of Mideast AI economies",Juancole.com,China,News,2026-09-13T20:28:16.537957Z
8dc8675bd228b8ddf233c934abd819ed,Confessional Differences: Towards a “New Helsinki Process” in Europe? Is a “New Westphalia Process” Possible in West Asia? Towards a New Multipolar Order?,https://www.globalresearch.ca/new-helsinki-process-europe-new-westphalian-process-west-asia/5939509,Ret Admiral Cem Gürdeniz,2026-09-08T03:51:55Z,Suez Canal,"Lasting security arrangements arise not from shared values, but from the recognition by the parties that they cannot eliminate one another.
*
Enduring security arrangements in the international system have often emerged not from the strengthening of the ideal…",Globalresearch.ca,Global,News,2026-09-13T20:28:16.538027Z
0bbf68a2d3eb05ae898fb304171a5ffa,Worried About Chokepoints? Make Them Irrelevant,https://www.hoover.org/research/worried-about-chokepoints-make-them-irrelevant,"September 8, 2026",2026-09-08T00:00:00Z,Suez Canal,"It should not surprise that Iran sought to close the Strait of Hormuz when hostilities began in February 2026, or that it would use the Strait as leverage in negotiations. Controlling vital sea-lanes, particularly strategic chokepoints, is not a new dimension…",Hoover.org,Unknown,News,2026-09-13T20:28:16.538078Z
6313bb9f7fbe764440bc14f89ef7b21e,"“A Ship’s a Fool to Fight a Fort”: Chokepoints, Coastal Firepower, and the New Contest for the Maritime Commons",https://www.hoover.org/research/ships-fool-fight-fort-chokepoints-coastal-firepower-and-new-contest-maritime-commons,"September 8, 2026",2026-09-08T00:00:00Z,Suez Canal,"The proliferation of land-based missiles, cheap drones, and integrated anti-access/area-denial networks has overturned centuries of assumptions about naval dominance, allowing regional powers—and their proxies—to hold critical maritime trade at risk. Traditio…",Hoover.org,Unknown,News,2026-09-13T20:28:16.538135Z
8555a4f2e6ac96689b0b3bddaaae0d88,Malaysia’s fuel supply currently stable but oil prices may stay elevated for two to three years – Nurhisham,https://paultan.org/2026/09/07/malaysias-fuel-supply-currently-stable-but-oil-prices-may-stay-elevated-for-two-to-three-years-nurhisham/,Gerard Lye,2026-09-07T03:48:15Z,Suez Canal,"According to Nurhisham Hussein, economic adviser to the prime minister, Malaysia’s fuel supply remains stable for now despite tighter global supplies. He added that the government is confident of securing sufficient supplies through to the end of the year, re…",Paul Tan's Automotive News,Global,Market Report,2026-09-13T20:28:16.538275Z
1336821a2627be411dba1c69eefbddf2,Russia Is Redrawing Its Energy Map Through the Arctic,https://oilprice.com/Energy/Energy-General/Russia-Is-Redrawing-Its-Energy-Map-Through-the-Arctic.html,Natalia Katona,2026-09-06T23:00:00Z,Suez Canal,"Russia’s Northern Sea Route (NSR) is about to become a game-changer for Eurasian energy trade, and Europe’s January 2027 ban on Russian LNG is pushing Moscow to bring it to life sooner than planned. LNG will remain its foundation, while crude traffic and Rosn…",OilPrice.com,Russia,News,2026-09-13T20:28:16.538307Z
86dfbd0dd8b1125b82fbcb691a1fdbf4,How significant are the Yemeni government’s military gains against Houthis?,https://www.aljazeera.com/news/2026/9/6/how-significant-are-the-yemeni-governments-military-gains-against-the-houthis,Al Jazeera Staff,2026-09-06T13:41:25Z,Suez Canal,"Government forces make gains as fighting escalates, raising fears of a return to full-scale war.",Al Jazeera English,Unknown,News,2026-09-13T20:28:16.538344Z
70fe424de095232dafb31935a6e87be1,"Hormuz crisis: Africa must control trade routes, says Prateek Suri",https://punchng.com/hormuz-crisis-africa-must-control-trade-routes-says-prateek-suri/,Punch Newspapers,2026-09-06T00:00:50Z,Suez Canal,"Billionaire Prateek Suri urges African nations to control strategic trade routes and infrastructure, learning from the Hormuz crisis to boost economic grow

Read More: https://punchng.com/hormuz-crisis-africa-must-control-trade-routes-says-prateek-suri/",The Punch,Unknown,News,2026-09-13T20:28:16.538386Z
543bf49a981f80fde61aa776e8f8c741,An International Fall,https://mvdirona.com/2026/09/an-international-fall/,MVDirona,2026-09-12T20:22:07Z,Panama Canal,"This past fall we visited eight counties on three continents, starting and ending with ocean cruises. We began the season in Norway, first in Oslo and then in Longyearbyen, before a trans-Arctic cruise across the top of the planet, where we became one of the …",Mvdirona.com,Norway,News,2026-09-13T20:28:16.854740Z
6d910c1fd5dcb5bcdcd056e3f53d728f,Flights from many European cities to Panama  from €538,https://www.fly4free.com/flight-deals/europe/flights-from-europe-to-panama-e538/,Giovanni,2026-09-12T10:09:21Z,Panama Canal,Dreaming of tropical beaches and lush rainforests? Now’s your chance for an escape to Central America! Fly Air Europa to Panama starting at just €538 for a round trip.,Fly4free.com,USA,News,2026-09-13T20:28:16.854839Z
e66dba5b4abad078a350c09c9622912a,What the Panama Canal Can Teach Us About Investing With Elon Musk,https://biztoc.com/x/dce65a30426d1b53,investorplace.com,2026-09-11T21:55:14Z,Panama Canal,"Listen to the audio version of this article (generated by AI).
Editor’s Note: Elon Musk certainly doesn’t have much trouble raising money. But as my InvestorPlace colleague Luke Lango explains below, even billions of dollars can only get you so far.
More than…",Biztoc.com,Panama,News,2026-09-13T20:28:16.854884Z
231619add673cbc5486ad428b2a2f07d,Strong Imports Push Port of Long Beach to Busiest August on Record,https://gcaptain.com/strong-imports-push-port-of-long-beach-to-busiest-august-on-record/,Mike Schuler,2026-09-11T17:00:05Z,Panama Canal,"The Port of Long Beach handled its busiest August on record as U.S. container imports remained stronger than expected through the late summer peak season. The port moved 919,992 twenty-foot...",gcaptain.com,Unknown,News,2026-09-13T20:28:16.854925Z
80c6ec7b68e95ac25798e6cdae376eb9,The inside story on the historic U.S.-Venezuela oil deal and how it will work,https://www.cnbc.com/2026/09/11/the-inside-story-on-the-historic-us-venezuela-oil-deal-and-how-it-will-work.html,Brian Sullivan,2026-09-11T16:23:06Z,Panama Canal,CNBC was one of just a handful of news organizations allowed to travel to Caracas with the U.S. secretary of energy.,CNBC,Unknown,News,2026-09-13T20:28:16.854960Z
b64be15793f8ca1d79382897f17bd7f5,Turning climate warnings into early action,https://en.antaranews.com/news/430981/turning-climate-warnings-into-early-action,Martha Herlinawati Simanjuntak,2026-09-11T10:46:40Z,Panama Canal,Climate warnings are becoming more precise. The harder task is turning those warnings into decisions and action while there is still time to prevent or reduce ...,Antaranews.com,Unknown,News,2026-09-13T20:28:16.855008Z
30c7e00fd64cfee476c5845b4046f406,"Powerful El Niño Nears Record Strength, US Forecasters Say",https://www.insurancejournal.com/news/national/2026/09/11/884704.htm,Admin,2026-09-11T05:23:06Z,Panama Canal,"The powerful El Niño that’s already disrupting global weather patterns has a 75% chance of becoming “a historic event,” surpassing all records dating back to 1950, the US Climate Prediction Center said. El Niño will likely keep getting stronger through …",Insurance Journal,Global,Analysis/Opinion,2026-09-13T20:28:16.855053Z
b6b19ad8e65c7f786fe8c48b41a59de5, Cheap Iberia flights from several European cities to Panama from €500,https://www.fly4free.com/flight-deals/europe/flights-from-europe-to-panama-e500/,Maria Shvab,2026-09-10T11:30:42Z,Panama Canal,"A very nice Central America deal if you want a trip with beaches, jungle, wildlife and a proper city stop in one route: Iberia is showing flights from several European cities to Panama from €500 return.",Fly4free.com,USA,News,2026-09-13T20:28:16.855194Z
216c32733f2f7c9c6b81a62ca38baedd,"Red, White, and Sacre Bleu: Americans are buying up homes in Paris",https://www.businessinsider.com/americans-buying-real-estate-paris-france-overpaying-home-prices-2026-9#article,Astrid Landon,2026-09-10T08:12:01Z,Panama Canal,"More Americans are moving to Paris and buying homes, often paying a premium and reshaping parts of the city's luxury real estate market.",Business Insider,USA,Market Report,2026-09-13T20:28:16.855212Z
313c4ceac0490a8b15839c867149121d,Shipping Nations Sound Alarm Over Threats to Freedom of Navigation,https://gcaptain.com/shipping-nations-sound-alarm-over-threats-to-freedom-of-navigation/,Mike Schuler,2026-09-09T17:12:29Z,Panama Canal,"A group representing 18 major shipping nations is warning that growing geopolitical tensions, unilateral trade measures and the expansion of the shadow fleet are threatening the rules-based maritime system that...",gcaptain.com,Unknown,News,2026-09-13T20:28:16.855300Z
e72e3a0e787a0fdb6ade30a829da769d,Links 9/9/2026,https://www.nakedcapitalism.com/2026/09/links-9-9-2026.html,Yves Smith,2026-09-09T10:59:58Z,Panama Canal,"Our tremulous daily links: Red alarm re Anthropic AI takeover risk, UK + others sanction Israel settlerments, Trump attacks Ford over China, moar Canada v. US, climate change increases earthquakes, US food safety falls, predictive policing, Kunshner dissed, A…",Nakedcapitalism.com,China,Market Report,2026-09-13T20:28:16.855351Z
cc719c4f219579c77a46898aa74a826f,"Trump posts map showing Canada, Greenland as part of U.S.",https://www.naturalnews.com/2026-09-09-trump-map-canada-greenland-part-of-us.html,Douglas Harrington,2026-09-09T06:00:00Z,Panama Canal,"President Donald Trump on Monday posted an image on his Truth Social platform depicting a map of North America in which Canada and Greenland are shaded as part of the United States. The map, which also includes the label “Gulf of America,” appears to show a u…",Naturalnews.com,USA,News,2026-09-13T20:28:16.855380Z
740da9f720a5b7006704aecf2e51659f,"Trump promotes imperialistic map, sparking international pushback",https://biztoc.com/x/a0f52316e1a447e5,ms.now,2026-09-08T19:07:27Z,Panama Canal,"One of the more dramatic differences between Donald Trump’s first and second terms is his territorial ambitions. After having said effectively nothing about this on the campaign trail in 2024, the president spent much of 2025 emphasizing his desire to annex C…",Biztoc.com,Global,News,2026-09-13T20:28:16.855433Z
b6542b77bc1b359327811bb9e5678aab,"Princess Cruises Invites Elite Members to Enter ""Share Your Princess Story"" Contest for the Opportunity to Experience the 2027 Rose Parade®",https://www.prnewswire.com/news-releases/princess-cruises-invites-elite-members-to-enter-share-your-princess-story-contest-for-the-opportunity-to-experience-the-2027-rose-parade-302872555.html,,2026-09-08T16:16:00Z,Panama Canal,"Captain's Circle Elite Members Can Enter Through September 22 FORT LAUDERDALE, Fla., Sept. 8, 2026 /PRNewswire/ -- Princess Cruises is inviting Princess Captain's Circle Elite members to enter the ""Share Your Princess Story"" contest for a chance to ride aboar…",PRNewswire,Unknown,News,2026-09-13T20:28:16.855494Z
407eb7e62c4885ee0f65778c92747193,New Panama Canal Chief Must Navigate Drought and Geopolitics,https://biztoc.com/x/bd2db034461f7556,wsj.com,2026-09-08T11:03:50Z,Panama Canal,"Plus, heavy-duty truck challenger to Tesla is running low on funds—and workers.",Biztoc.com,Panama,News,2026-09-13T20:28:16.855523Z
1abe419aced8a411f3727dfd513f652b,Global shipping authorities warn of maritime trade breakdown amid geopolitical turmoil,https://www.cnbc.com/2026/09/08/global-shipping-iran-war-hormuz-rules.html,Chloe Taylor,2026-09-08T07:28:41Z,Panama Canal,Eighteen maritime bodies warned Tuesday that geopolitical tensions and a growing shadow fleet threaten to undermine international shipping and weaken trade.,CNBC,Global,News,2026-09-13T20:28:16.855561Z
0b31cb8378d6f7526f735c690bc53ddc,China Officially Stands for World Peace,https://www.globalresearch.ca/china-officially-stands-world-peace/5939528,Ron Ridenour,2026-09-08T07:10:18Z,Panama Canal,"My morality and thought processes, and much of my writings have I learned from Che Guevara’s teachings about building a socialist society in which people begin to shed themselves from being alienated commodities. 
My evaluation of China is based on …
The post…",Globalresearch.ca,China,News,2026-09-13T20:28:16.855586Z
9e4cba5ee75518e7fb834e3915a18044,How to watch Champions League 2026/27: Free Streams & TV Channels for Matchday 1,https://www.techradar.com/how-to-watch/football/-champions-league-2026-27-free,Aatif Sulleyman,2026-09-08T07:00:00Z,Panama Canal,"All the ways to watch Champions League 2026/27 live streams from anywhere, as Real Madrid vs Inter and Liverpool vs Atletico Madrid headline matchday 1.",TechRadar,Unknown,News,2026-09-13T20:28:16.855621Z
76df922ea8b7292e20557d77d928a09a,Panama Canal may cut ship traffic further as El Niño strengthens,https://www.aljazeera.com/news/2026/9/8/panama-canal-may-cut-ship-traffic-further-as-el-nio-strengthens,Al Jazeera Staff,2026-09-08T01:16:10Z,Panama Canal,Canal authorities may further reduce ship traffic if a strengthening El Niño worsens the country's drought.,Al Jazeera English,Panama,News,2026-09-13T20:28:16.855651Z
6d62bdf4b294eb36abf2585f958e1cfa,Panama Canal may further reduce crossings due to El Niño,https://www.rte.ie/news/2026/0907/1590676-panama-canal/,RTÉ News,2026-09-07T22:35:19Z,Panama Canal,"The number of ships sailing through the Panama Canal could be cut further due to drought caused by the El Niño weather pattern, the new administrator of the waterway has said.",RTE,Panama,News,2026-09-13T20:28:16.855856Z
2ab2993d70658c5b962e1c69fa54e01c,'Absolutely Bonkers' and Unacceptable': Trump Posts Map Showing US Takeovers of Other Nations,https://www.commondreams.org/news/trump-takeovers,Jessica Corbett,2026-09-07T21:21:15Z,Panama Canal,"US President Donald Trump has spent his second term threatening takeovers of various other countries, from Canada and Cuba to Greenland, and on Monday he shared on social media a map that fueled fresh fears of his imperialist ""Donroe Doctrine."" The map on Tru…",Common Dreams,Unknown,News,2026-09-13T20:28:16.855910Z
270de01114b6f77c2f573e798282e581,Panama Canal gets its first woman boss as Trump watches and $1.5 billion water crisis waits,https://economictimes.indiatimes.com/news/international/global-trends/panama-canal-gets-its-first-woman-boss-as-trump-watches-and-a-1-5-billion-water-crisis-waits/articleshow/133884091.cms,ET Online,2026-09-07T13:50:46Z,Panama Canal,Naval engineer Ilya Espino de Marotta now leads the Panama Canal administration. Her immediate priority involves advancing a significant reservoir project to ensure future water supply. This undertaking aims to secure drinking water for millions and support t…,The Times of India,Panama,News,2026-09-13T20:28:16.855956Z
1e47c081e93a2f394465c561531ef846,First female administrator in the Panama Canal's history takes the helm,https://biztoc.com/x/703879a4a373b559,abcnews.com,2026-09-07T13:30:02Z,Panama Canal,"Naval engineer Ilya Espino de Marotta takes the helm on Monday as the first woman to lead the Panama Canal administration, stepping into the role at a challenging time for the vital maritime route",Biztoc.com,Panama,News,2026-09-13T20:28:16.855989Z
e6edbf5a03aa0d5f3394bf992dfd1031,First female administrator in the Panama Canal's history takes the helm,https://abcnews.com/Business/wireStory/female-administrator-panama-canals-history-takes-helm-136253719,ALMA SOLÍS Associated Press,2026-09-07T13:18:40Z,Panama Canal,"Naval engineer Ilya Espino de Marotta takes the helm on Monday as the first woman to lead the Panama Canal administration, stepping into the role at a challenging time for the vital maritime route",Abcnews.com,Panama,News,2026-09-13T20:28:16.856021Z
0af888a7488e68225c47d1a98ba1ba8e,First female administrator in the Panama Canals history takes the helm,https://www.livemint.com/companies/first-female-administrator-in-the-panama-canals-history-takes-the-helm-11788786380138.html,list.metadata.agency,2026-09-07T13:06:19Z,Panama Canal,First female administrator in the Panama Canal's history takes the helm,Livemint,Panama,News,2026-09-13T20:28:16.856112Z
361c4dad3eeb81790e92c745c44a3bb0,"Panama Canal warns of cutting 5 ship transits a day, adding to global shipping woes",https://timesofindia.indiatimes.com/world/rest-of-world/panama-canal-warns-of-cutting-5-ship-transits-a-day-adding-to-global-shipping-woes/articleshow/133879746.cms,Trisha Mahajan,2026-09-07T12:09:30Z,Panama Canal,"The Panama Canal is projected to limit ship transits to just 27 daily due to urgent water shortages. This prediction reflects the severe conditions seen in 1997, the driest year recorded. As climate change intensifies the occurrence of arid years, canal opera…",The Times of India,Panama,Analysis/Opinion,2026-09-13T20:28:16.856149Z
1866895f66124d129f8b6765ade5fd50,"‘Plaza Catedral’ Director Abner Benaim, Chile’s Daniela Vega and Alfredo Castro Board Fiction Series ‘School of the Americas’ (EXCLUSIVE)",https://variety.com/2026/film/global/abner-benaim-daniela-vega-alfredo-castro-school-americas-1236853506/,Anna Marie de la Fuente,2026-09-07T11:57:59Z,Panama Canal,"Panama’s Abner Benaim has boarded as a co-director of the fiction series “School of the Americas” (“Escuela de las Américas”), which will star two of Chile’s most internationally renowned thespians: Daniela Vega, who headed the Oscar-winning “A Fantastic Woma…",Variety,USA,News,2026-09-13T20:28:16.856189Z
72751f21e42f2fd76aab11271608c64d,Panama Canal may cut transit amid water shortage,https://biztoc.com/x/96d0f5c333e7afc0,breakingthenews.net,2026-09-07T11:30:18Z,Panama Canal,Administrator of the Panama Canal Authority Ilya Espino de Marotta warned in an interview published on Monday that the passage may have to impose further shipping transit cuts due to water shortages.S...,Biztoc.com,Panama,Analysis/Opinion,2026-09-13T20:28:16.856215Z
026a7c5265463a46ab1777a05d1ab80e,How Decades of Privatization Unleashed Trump’s Warmongering,https://newrepublic.com/article/214999/military-privatization-trump-warmongering,Andrew Lanham,2026-09-07T10:00:00Z,Panama Canal,"It used to be that the president of the United States tried to persuade the public to go to war. Franklin Roosevelt’s speech asking Congress to enter World War II produced one of the most famous phrases in American history: “December 7, 1941—a date which will…",The New Republic,USA,News,2026-09-13T20:28:16.856243Z
2cfa486cb5028cb035af5d1466af3d9d,"How to Watch Valencia vs. Barcelona Live Today: Time, TV Channels, Streaming",https://heavy.com/sports/soccer/fc-barcelona/valencia-barcelona-laliga-live-today-tv-channels-streaming/,Manuel Meza,2026-09-06T09:30:21Z,Panama Canal,"Valencia hosts Barcelona this Sunday, Sept. 6, at the Mestalla Stadium as part of Matchday 4 of the 2026-27 LaLiga. Carlos Corberan’s team is currently in 18th place in the league standings with only 1 point after getting one draw and two defeats in their fir…",Heavy.com,Brazil,News,2026-09-13T20:28:16.856270Z
2dcafcb16fec936a631a5c67815c784a,"How to Watch Everton vs. Manchester United Live Today: Time, TV Channels, Streaming",https://heavy.com/sports/soccer/premier-league/manchester-united-fc/everton-manchester-united-live-today-time-tv-channels-streaming/,Manuel Meza,2026-09-06T09:00:17Z,Panama Canal,"Everton hosts Manchester United this Sunday, Sept. 6, at Hill Dickinson Stadium as part of Matchday 3 of the 2026-27 Premier League. David Moyes’ side is currently in 10th place with 4 points after two matches, with a win and a draw in the first two matchdays…",Heavy.com,Unknown,News,2026-09-13T20:28:16.856320Z
c188c9de2fb62db8800a74b0ceb8f4f9,BRICS 2026: Why India’s diplomacy-first approach matters in a polarized world,https://www.rt.com/india/645348-india-global-conflicts-brics/,RT,2026-09-12T05:43:41Z,Black Sea shipping,"Ahead of the BRICS summit in New Delhi, here’s a look at India’s positions on Ukraine, the Middle East, and other global issues Read Full Article at RT.com",RT,India,News,2026-09-13T20:28:17.269463Z
36647fc1e93a951e0fb1c19cedfcf647,"Saudi suspends key oil pipeline, only route bypassing Hormuz after attacks",https://www.business-standard.com/world-news/saudi-suspends-key-oil-pipeline-only-route-bypassing-hormuz-after-attacks-126091200082_1.html,Reuters,2026-09-12T02:39:01Z,Black Sea shipping,"The 1,200-km pipeline, which carries up to 5 million barrels per day, helps Riyadh bypass the Strait of Hormuz, where tanker traffic has slowed sharply amid the US-Iran war",Business Standard,Unknown,News,2026-09-13T20:28:17.269503Z
361b769a8dbc99dbd27d54fea441576e,Saudi Arabia says East-West pipeline hit by drones launched from Iraq,https://www.aljazeera.com/news/2026/9/11/saudi-arabia-says-east-west-pipeline-hit-by-drones-launched-from-iraq,Al Jazeera Staff,2026-09-11T21:30:47Z,Black Sea shipping,"Iraq condemns the attack, says Prime ⁠Minister Ali al-Zaidi orders an ⁠investigation ​into ⁠those responsible.",Al Jazeera English,Unknown,News,2026-09-13T20:28:17.269636Z
9c2970b4006a7fd2c9ca9276e91203e2,Drone Strikes Hit Saudi Arabia’s Vital East-West Oil Pipeline,https://freerepublic.com/focus/f-news/4395148/posts,OilPrice.com,2026-09-11T17:20:39Z,Black Sea shipping,"Saudi Arabia’s critical East-West oil pipeline system was struck on Thursday, with multiple pumping stations hit in an attack that could threaten one of the kingdom’s most important crude export routes, according to CNN, citing two U.S. officials familiar wit…",Freerepublic.com,Unknown,News,2026-09-13T20:28:17.269799Z
bdb46ea3a9ff496086fe5b69860d589a,Drone Strikes Hit Saudi Arabia’s Vital East-West Oil Pipeline,https://oilprice.com/Latest-Energy-News/World-News/Drone-Strikes-Hit-Saudi-Arabias-Vital-East-West-Oil-Pipeline.html,Tom Kool,2026-09-11T17:04:36Z,Black Sea shipping,"Saudi Arabia’s critical East-West oil pipeline system was struck on Thursday, with multiple pumping stations hit in an attack that could threaten one of the kingdom’s most important crude export routes, according to CNN, citing two U.S. officials familiar wit…",OilPrice.com,Unknown,News,2026-09-13T20:28:17.269858Z
a569e219ce34ed1d9073c25efe6eba3b,Saudi Arabian oil pipeline system hit by projectiles triggering fires | CNN Politics,https://www.cnn.com/2026/09/11/politics/saudi-arabian-oil-pipeline-hit-by-projectiles-triggering-fires,"Kylie Atwood, Katie Bo Lillis, Thomas Bordeaux, Zachary Cohen",2026-09-11T16:45:58Z,Black Sea shipping,"A key oil pipeline system in Saudi Arabia was struck by projectiles on Thursday, according to two US officials familiar with the matter.",CNN,Unknown,News,2026-09-13T20:28:17.269894Z
ef8f5e801df560d0bcd04de2bcb82f28,"Modi, Putin agree to strengthen India-Russia partnership on eve of BRICS summit",https://uk.news.yahoo.com/modi-putin-hold-talks-delhi-105749601.html,Reuters,2026-09-11T13:42:24Z,Black Sea shipping,"NEW DELHI, Sept 11 () - India said on Friday that Prime Minister Narendra Modi and Russian President Vladimir Putin had agreed to further strengthen the spec...",Yahoo Entertainment,India,News,2026-09-13T20:28:17.270018Z
5cea0b0fad62f2e0ce736e2480d4a7e0,"Modi, Putin agree to strengthen India-Russia partnership on eve of BRICS summit",https://www.channelnewsasia.com/asia/modi-putin-india-russia-brics-6378696,,2026-09-11T11:39:00Z,Black Sea shipping,NEW DELHI: India said on Friday (Sep 11) that Prime Minister Narendra Modi and Russian President Vladimir Putin had agreed to further strengthen the special relationship between their countries in talks tha,CNA,India,News,2026-09-13T20:28:17.270069Z
fa331abd91ceb8fab142cd3a6701a025,Houthis complete takeover of Bab al-Mandab area,https://www.hurriyetdailynews.com/houthis-complete-takeover-of-bab-al-mandab-area-226767,hurriyetdailynews.com,2026-09-11T10:46:47Z,Black Sea shipping,"Yemen’s Houthis took over on Sept. 11 a Red Sea island in the middle of the Bab al-Mandeb shipping lane, completing their push to control the area, a local government official and eyewitnesses told AFP.",Hurriyet Daily News,Unknown,News,2026-09-13T20:28:17.270168Z
0ee34263e4a19128a924ea4cf3dd8ed7,40mm Tissot Seastar 1000 Watch (Black or Blue Dial) $344.50 + $9.80 S&H,https://slickdeals.net/f/19998840-40mm-tissot-seastar-1000-watch-black-or-blue-dial-344-50-9-80-s-h,TenseManatee7799,2026-09-11T03:47:43Z,Black Sea shipping,"Watch Gang [watchgang.com] has the *Tissot Seastar 1000 40mm Watch (Black Dial) *w/ promo code EQQTPV12NNYD for *$344.50* 
Shipping is $9.82 or free w/ orders over $400. 
 
Also Available: 
* *Tissot...",Slickdeals.net,Unknown,News,2026-09-13T20:28:17.270239Z
1f6e97b8cb75d2a53f7210f572317ff8,BRICS 2026: India's chairship and Global South's push for 'endless war to end of war',https://economictimes.indiatimes.com/news/india/brics-summit-2026-indias-chairship-and-global-souths-push-for-endless-war-to-end-of-war/articleshow/134041816.cms,ANI,2026-09-11T03:06:40Z,Black Sea shipping,New Delhi hosts the 18th BRICS Summit amid global conflicts and economic challenges.  Developing nations seek this platform to voice concerns and find alternative solutions.  The bloc faces internal divisions due to differing geopolitical alignments and natio…,The Times of India,India,News,2026-09-13T20:28:17.270269Z
95b60207f3e36fd901c7cd5554aa0025,Pakistan killed Palestinians for Jordan. Will it kill Houthis for Saudi?,https://economictimes.indiatimes.com/news/defence/pakistan-killed-palestinians-for-jordan-will-it-kill-houthis-for-saudi/articleshow/134015198.cms,ET Online,2026-09-10T14:37:54Z,Black Sea shipping,"Houthi attacks near Saudi Arabia have intensified, prompting a cautious response from Pakistan.  Pakistan's defence pact with Saudi Arabia and Turkey is now being tested by these events.  The nation is carefully balancing its relationship with Saudi Arabia an…",The Times of India,Turkey,News,2026-09-13T20:28:17.270345Z
72ce8d4e1fafbf09dc2e6c37c301c381,Rastelli's Connoisseur Gift Crate for $100 + free shipping,https://www.dealnews.com/Rastellis-Connoisseur-Gift-Crate-for-100-free-shipping/22163056.html,https://www.dealnews.com/authors/Andy-F/184.html,2026-09-09T22:29:06Z,Black Sea shipping,"This Rastelli's Connoisseur Gift Crate is $60 off the regular price of $160 through a manufacturer's savings running through September 30, 2026. The crate includes a mix of meats, cheeses, chocolates, and snacks such as Genoa salame, Grana Padano cheese, and …",Dealnews.com,Unknown,News,2026-09-13T20:28:17.270541Z
7c91d601dafc582917fb347827266783,US hits Iranian tankers as Tehran attacks American bases,https://www.rte.ie/news/middle-east/2026/0909/1590828-middle-east-iran/,RTÉ News,2026-09-09T02:36:04Z,Black Sea shipping,"The Middle East war intensified with Iranian-backed Houthis in Yemen launching strikes on several Saudi cities, further embroiling a US ally in the conflict, while US forces hit ⁠multiple Iranian oil tankers and Iran targeted a US base in Jordan.",RTE,USA,News,2026-09-13T20:28:17.270699Z
5e32e905cc3c8e308e978152078b690a,The Mecca Agreement: A New Strategic Triangle in the Middle East,https://www.hoover.org/research/mecca-agreement-new-strategic-triangle-middle-east,"September 9, 2026",2026-09-09T00:00:00Z,Black Sea shipping,"The trilateral defense agreement between Saudi Arabia, Turkey, and Pakistan, signed in Mecca on August 7th is more than another security cooperation agreement in the Middle East. It could signal a new phase in regional states’ efforts to build security networ…",Hoover.org,Turkey,News,2026-09-13T20:28:17.270738Z
3b3502c7c09ebbe12a86a1c9a8f50db6,Middle East tensions push crude towards $100,https://punchng.com/middle-east-tensions-push-crude-towards-100/,Punch Newspapers,2026-09-08T23:50:10Z,Black Sea shipping,"The global crude oil price is rising towards $100 per barrel as renewed fighting in the Middle East heightens fears of supply disruptions. Read more.

Read More: https://punchng.com/middle-east-tensions-push-crude-towards-100/",The Punch,Global,News,2026-09-13T20:28:17.270778Z
0e1b82e9f069d9fc666364a2fae59135,War expands as Iran-backed Houthis attack Saudi cities and US strikes Iranian tankers,https://www.channelnewsasia.com/world/iran-us-war-expands-houthis-saudi-arabia-6371136,,2026-09-08T22:32:25Z,Black Sea shipping,"DUBAI: Yemen's Tehran-backed Houthis attacked four cities in the south of US ally Saudi Arabia on Tuesday (Sep 8), wounding more than 70 people and setting oil installations ablaze in what appeared to b",CNA,Unknown,News,2026-09-13T20:28:17.270824Z
13fe7fa14ca4dced136662176100fa28,The Man Who Bought The Scream: Collector Leon Black’s Reckoning Is Far from Over,https://www.artnews.com/art-news/news/leon-black-money-to-burn-excerpt-william-d-cohan-1234797473/,Maximilíano Durón,2026-09-08T15:00:50Z,Black Sea shipping,"Read an excerpt from William D. Cohan’s MONEY TO BURN: The Unvarnished Truth About Leon Black, Apollo, and the Rise of a New Wall Street.",ARTnews,Unknown,News,2026-09-13T20:28:17.270891Z
fa2b78b76f0a80a547ee92ef2a7a3c5d,How Canada's best-known 9/11 widow became a fierce advocate for terrorist victims,https://nationalpost.com/feature/9-11-widow-advocate-terrorist-victims,Adrian Humphreys,2026-09-08T11:00:14Z,Black Sea shipping,"Maureen Basnicki, who's husband was murdered at the World Trade Center 25 years ago, has forged new law and even changed Canada’s calendar",National Post,Unknown,News,2026-09-13T20:28:17.271037Z
ec20d8459dc68556374c17239c377151,Rethinking Humanitarianism | The rise of privatised aid: A conversation with Fogbow,https://www.thenewhumanitarian.org/podcasts/2026/09/08/rethinking-humanitarianism-rise-privatised-aid-conversation-fogbow,,2026-09-08T10:02:36Z,Black Sea shipping,Should private companies staffed by ex-military personnel who are willing to work with controversial political actors uphold humanitarian principles?,The New Humanitarian,Unknown,News,2026-09-13T20:28:17.271097Z
70e8e36e8237c981408772eaf39bd3c9,Houthi attacks on Saudi Arabia ignite fires at oil facilities and wound 73 people: officials,https://nypost.com/2026/09/08/world-news/houthi-attacks-on-saudi-arabia-ignite-fires-at-oil-facilities-and-wound-73-people-officials-say/,Associated Press,2026-09-08T09:56:31Z,Black Sea shipping,"More than 70 people were wounded after Houthi rebels launched a wave of attacks on Saudi Arabia, igniting fires at several key oil facilities.",New York Post,Unknown,News,2026-09-13T20:28:17.271134Z
078ae1bd4fa54621f45485e1707c4e76,Interfax reports Russia struck vessel carrying military cargo at Ukraine’s port of Chornomorsk,https://cryptobriefing.com/interfax-reports-russia-struck-vessel-carrying-military-cargo-at-ukraines-port/,Estefano Gomez,2026-09-07T04:51:55Z,Black Sea shipping,"Escalating Russian maritime strikes may disrupt Ukraine's military logistics, complicating efforts to regain territory and affecting market outlooks.
The post Interfax reports Russia struck vessel carrying military cargo at Ukraine’s port of Chornomorsk appea…",Crypto Briefing,Russia,Analysis/Opinion,2026-09-13T20:28:17.271209Z
5ea26e85c8110eb647e096f2b4e764d2,"Zodiac Super Sea Wolf Compression Diver (Blue/Silver, Black Dial) Stainless Steel Watch $669 + $9.82 Shipping (1 replies)",https://slickdeals.net/f/19976064-zodiac-super-sea-wolf-compression-diver-blue-silver-black-dial-stainless-steel-watch-669-9-82-shipping,f12_26 | Staff,2026-09-07T02:25:44Z,Black Sea shipping,"Watch Gang [watchgang.com] has the Zodiac Super Sea Wolf Compression Diver (Blue/Silver, Black Dial) Stainless Steel Watch on sale for $669 w/ code E6FJTE6NPQA6. Shipping is $9.82

SpecificationMoveme",Slickdeals.net,Unknown,News,2026-09-13T20:28:17.271273Z
c61a8d97cefe29bde20833e40e479d8f,"India emerges as key diesel supplier to Europe as Russian, US flows falter",https://economictimes.indiatimes.com/news/economy/foreign-trade/india-emerges-as-key-diesel-supplier-to-europe-as-russian-us-flows-falter/articleshow/133826348.cms,PTI,2026-09-06T04:59:25Z,Black Sea shipping,India now supplies sixty percent of diesel transiting Bab-el-Mandeb to Europe. Russian diesel exports remain severely constrained due to ongoing disruptions. US shipments to Europe have also begun to weaken significantly. Indian refineries are filling a cruci…,The Times of India,India,News,2026-09-13T20:28:17.271378Z
f3036ffd56a44010a9a4b11099eef91a,"India emerges as key diesel supplier to Europe as Russian, US flows falter",https://economictimes.indiatimes.com/news/economy/foreign-trade/india-emerges-as-key-diesel-supplier-to-europe-as-russian-us-flows-falter/articleshow/133826466.cms,PTI,2026-09-06T04:59:25Z,Black Sea shipping,India now supplies sixty percent of diesel transiting Bab-el-Mandeb to Europe. Russian diesel exports remain severely constrained due to ongoing disruptions. US shipments to Europe have also begun to weaken significantly. Indian refineries are filling a cruci…,The Times of India,India,News,2026-09-13T20:28:17.271397Z
1c3cffaba79e376b0a7f7587e13384a3,Saudis shut down oil pipeline as Houthis tighten grip on Red Sea shipping,https://www.channelnewsasia.com/world/saudis-shut-down-oil-pipeline-houthis-tighten-grip-red-sea-shipping-6380641,,2026-09-12T18:47:00Z,Red Sea shipping,"The world’s largest crude oil exporter said it temporarily closed the pipeline as a precaution after a drone attack originating from Iraq, where Iran-backed militants operate.",CNA,Unknown,News,2026-09-13T20:28:17.688429Z
b65cbda0e38b44aad3abb4afe162544a,Baghdad confirms attack on Saudi pipeline came from Iraq,https://www.dw.com/en/baghdad-confirms-attack-on-saudi-pipeline-came-from-iraq/a-79247086,Saim Dušan Inayatullah,2026-09-12T17:36:00Z,Red Sea shipping,"Saudi Arabia has said it will not relatiate and wants Iraq to ""take the necessary measures."" Baghdad is under pressure from the United States to rein in Iran-backed militias. Iraq's government confirmed on Saturday that Friday night attacks on a key Saudi oil…",DW (English),USA,News,2026-09-13T20:28:17.688571Z
aff8220c553deb40d11422403bfe8ef4,Saudi Arabia has few options as it faces mounting threats from Iran and its allies,https://biztoc.com/x/bb2cc534c51911c6,pbs.org,2026-09-12T16:59:16Z,Red Sea shipping,"A lightning advance by Houthi rebels threatens a crucial Red Sea shipping route. Drone attacks blamed on Iraqi militias have forced the closure of a major pipeline, and Iran is still disrupting the Strait of Hormuz.",Biztoc.com,Unknown,News,2026-09-13T20:28:17.688616Z
d5244dc41f73f270800695b0ae6574a5,From Iraq to Yemen: How Iran-linked groups are putting Saudi energy routes under pressure,https://timesofindia.indiatimes.com/world/middle-east/from-iraq-to-yemen-how-iran-linked-groups-are-putting-saudi-energy-routes-under-pressure/articleshow/134144723.cms,Yashasvi Vasistha,2026-09-12T16:58:24Z,Red Sea shipping,Saudi Arabia temporarily shut its East-West oil pipeline after a drone attack. This vital energy conduit transports millions of barrels of crude oil daily. The attack has increased pressure on Iraq and raised global supply concerns. Houthi rebels in Yemen hav…,The Times of India,Global,Market Report,2026-09-13T20:28:17.688669Z
7ed5128132bb30d0ad5f2ce4de6b5335,"After attack on Saudi pipeline, Trump says Houthis don’t want the U.S. involved — ‘everything’s going to work out fine and dandy’",https://fortune.com/2026/09/12/after-saudi-pipeline-trump-houthis-iran-red-sea-shipping/,The Associated Press,2026-09-12T16:12:12Z,Red Sea shipping,"“The Houthis called us, and they don’t want to fight with us,” Trump said.",Fortune,Unknown,News,2026-09-13T20:28:17.688710Z
a583d4404b5657c647a27a18865a2918,Houthi advance in Yemen puts U.S. in a new bind,https://economictimes.indiatimes.com/news/defence/houthi-advance-in-yemen-puts-u-s-in-a-new-bind/articleshow/134142061.cms,Reuters,2026-09-12T16:00:13Z,Red Sea shipping,"A Houthi advance along Yemen’s coast and seizure of Perim island have increased the group’s ability to threaten the Bab el-Mandeb Strait, raising the prospect of disruption to another major oil and trade route. The development poses a fresh challenge for Pres…",The Times of India,Unknown,News,2026-09-13T20:28:17.688763Z
985238ca3eeebf7fbd7b7313efbda335,Saudi Arabia’s nightmare scenario comes true as Houthis threaten crucial Red Sea shipping route and drone attacks force closure of major pipeline,https://biztoc.com/x/2a031f35328a7b34,fortune.com,2026-09-12T15:29:00Z,Red Sea shipping,"A lightning advance by Houthi rebels threatens a crucial Red Sea shipping route. Drone attacks blamed on Iraqi militias have forced the closure of a major pipeline, and Iran is still disrupting the Strait of Hormuz.
It’s a nightmare scenario for Saudi Arabia,…",Biztoc.com,Unknown,News,2026-09-13T20:28:17.688825Z
5ad0dab3996f0c9477897e5b8b8e8f1d,"d OECD commercial oil inventories have “barely drawn since the war began,” reflecting a smaller-than-expected supply deficit and the concentration of inventory declines in strategic reserves, oil stored on water and China.",https://investorshub.advfn.com/market-news/article/36135/d-oecd-commercial-oil-inventories-have-barely-drawn-since-the-war-began-reflecting-a-smaller-than-expected-supply-deficit-and-the-concentration-of-inventory-declines-in-strategic-reserves-oil-st,Fiona Craig,2026-09-12T13:26:00Z,Red Sea shipping,"Goldman also assumes that Middle East oil supplies will continue to adapt, with production gradually recovering during the second half of 2027 as pipelines b...",Advfn.com,China,News,2026-09-13T20:28:17.688977Z
e9b6590754a8f23f27054c2f4438e840,‘Divine triumph’: Iran celebrates Houthis’ capture of Yemen’s Red Sea coast,https://www.aljazeera.com/news/2026/9/12/divine-triumph-iran-celebrates-houthis-capture-of-yemens-red-sea-coast,Maziar Motamedi,2026-09-12T13:06:05Z,Red Sea shipping,Iranian officials have praised the Houthis' victories but have not spoken about any imminent closure of Bab al-Mandeb.,Al Jazeera English,Unknown,Market Report,2026-09-13T20:28:17.689024Z
a608544a7950a8c861af348345d2e712,"Trump sees Iran war ending soon after mid-term elections, predicts oil prices will then fall sharply",https://www.cnbc.com/2026/09/12/trump-sees-iran-war-ending-very-soon-oil-prices-then-falling.html,Azhar Sukri,2026-09-12T13:02:15Z,Red Sea shipping,"Oil prices retreated on Friday on hopes of a resumptions in negotiations, but notched sharp weekly gains after soaring above $100 a barrel.",CNBC,Unknown,Market Report,2026-09-13T20:28:17.689059Z
e0853453b60e6fd58c8b098c08c809be,Iraq scrambles to address fallout from alleged militia attack on Saudi oil pipeline,https://www.cbc.ca/news/world/iraq-saudi-pipeline-9.7341679,"Julia Frankel, Qassim Abdul-Zahra",2026-09-12T12:40:20Z,Red Sea shipping,Iraq’s government was racing Saturday to contain the fallout after local Iran-backed militias were accused of attacking and shuttering a key Saudi pipeline.,CBC News,Unknown,News,2026-09-13T20:28:17.689104Z
f6cafa7abb036761536031d41bb74843,"Trump optimistic about wrapping up Iran war, claims things will turn out ‘fine and dandy’ during meeting with Ireland PM",https://nypost.com/2026/09/12/us-news/trump-optimistic-about-wrapping-up-iran-war-claims-things-will-turn-out-fine-and-dandy-during-meeting-with-ireland-pm/,Geoff Earle,2026-09-12T12:19:58Z,Red Sea shipping,"President Trump was upbeat about the prospects of wrapping up the six-month-old war with Iran, saying the country had been pushed back and things will turn out “fine and dandy.”",New York Post,Unknown,News,2026-09-13T20:28:17.689201Z
4c4a9c7fcfa5e8b3298615eaa0986abb,"Yemen government forces say Houthi ‘members, vehicles’ targeted in Mocha",https://www.aljazeera.com/news/2026/9/12/yemen-government-forces-say-houthi-members-vehicles-targeted-in-mocha,,2026-09-12T11:57:49Z,Red Sea shipping,Yemeni government forces says they launched air strikes on Houthi fighters along the Red Sea coast.,Al Jazeera English,Unknown,News,2026-09-13T20:28:17.689238Z
a857a08887b877009abdface1941dce6,Trump says Yemen’s Houthis have asked US not to intervene,https://www.vanguardngr.com/2026/09/trump-says-yemens-houthis-have-asked-us-not-to-intervene/,Henry Oduah,2026-09-12T10:52:29Z,Red Sea shipping,"The Houthis have taken control of Yemen's entire Red Sea coast after capturing three strategic islands in a lightning offensive.
The post Trump says Yemen’s Houthis have asked US not to intervene appeared first on Vanguard News.",Vanguard,Unknown,News,2026-09-13T20:28:17.689329Z
a5979f4ef523903d568af0232a432d2f,Saudi shutdown of key pipeline limits oil flow as Yemen hits back against Houthis,https://www.nbcnews.com/world/middle-east/saudi-arabia-shutdown-key-pipeline-limits-oil-flow-yemen-houthis-rcna597362,Freddie Clayton,2026-09-12T10:36:54Z,Red Sea shipping,"Saudi Arabia has closed a critical oil pipeline after it was struck by drones launched from Iraq, the latest squeeze on Middle Eastern supplies after attacks by Iran-backed Houthi rebels this week threatened to deepen the world’s energy crisis.",NBC News,Unknown,News,2026-09-13T20:28:17.689381Z
76dcb97d2405e8b1189af2bfdba6e21e,Trump links Iran to drone attack on Saudi pipeline as oil prices spike toward $110,https://cryptobriefing.com/trump-links-iran-saudi-pipeline-attack/,Editorial Team,2026-09-12T10:34:49Z,Red Sea shipping,"Rising oil prices due to geopolitical tensions could exacerbate global economic instability, impacting inflation and consumer costs worldwide.
The post Trump links Iran to drone attack on Saudi pipeline as oil prices spike toward $110 appeared first on Crypto…",Crypto Briefing,Global,Market Report,2026-09-13T20:28:17.689429Z
0a8e52d0abaad25f900f77f15255c4de,Yemen's Houthis capture a Red Sea island in threat to shipping - NPR,https://slashdot.org/firehose.pl?op=view&amp;id=185616770,feedfeeder,2026-09-12T10:32:50Z,Red Sea shipping,Yemen's Houthis capture a Red Sea island in threat to shippingNPR ‘A f***-up of epic proportions’: Blame game begins after Iran-backed Houthis’ lightning advance down Red Sea coastcnn.com Fighting re-erupts in Yemen and civilians are paying the priceAl Jazeer…,Slashdot.org,Unknown,News,2026-09-13T20:28:17.689482Z
610e82ba7514bfcf0dbe2decb7c7ab9e,Iraq races to contain fallout after local Iran-backed militias accused of attacking Saudi pipeline,https://abcnews.com/International/wireStory/iraq-races-fallout-after-local-iran-backed-militias-136385727,"JULIA FRANKEL Associated Press, QASSIM ABDUL-ZAHRA Associated Press",2026-09-12T10:28:12Z,Red Sea shipping,"Iraq’s government is racing to contain the fallout after confirming that attacks on a Saudi pipeline, blamed on Iran-backed militias, came from its territory",Abcnews.com,Unknown,News,2026-09-13T20:28:17.689529Z
b8ef4e4c4e0b119fd29e1c72fcf19b17,‘A f***-up of epic proportions’: Blame game begins after Iran-backed Houthis’ lightning advance down Red Sea coast - CNN,https://slashdot.org/firehose.pl?op=view&amp;id=185616284,feedfeeder,2026-09-12T09:53:21Z,Red Sea shipping,‘A f***-up of epic proportions’: Blame game begins after Iran-backed Houthis’ lightning advance down Red Sea coastCNN ‘We Left in the Clothes We Were Wearing’: Yemenis Flee New FightingThe New York Times Yemen's Houthis capture a Red Sea island in a threat to…,Slashdot.org,Unknown,News,2026-09-13T20:28:17.689585Z
aa8a1006eed226d4eef80020dd673658,"Saudi Arabia shuts down pipeline as Houthis seize island, opening new Iran war front",https://www.haaretz.com/middle-east-news/2026-09-12/ty-article/saudi-arabia-shuts-pipeline-as-houthis-seize-island-opening-new-iran-war-front/000001a0-94a0-d219-a3ed-bdfa90750000,Reuters,2026-09-12T09:45:37Z,Red Sea shipping,"Riyadh says it will hold off on retaliation to give Iraq time to act. Meanwhile, the Houthis' capture of a strategic Red Sea island threatens a vital shipping route and could help Iran drive up oil prices as it seeks leverage over Washington",Haaretz,Unknown,Market Report,2026-09-13T20:28:17.689627Z
c3e90fe74d872032aa31b006fc9f8dd2,Iraq races to contain fallout after local Iran-backed militias accused of attacking Saudi pipeline,https://www.yahoo.com/news/world/articles/iraq-races-contain-fallout-local-091910563.html,JULIA FRANKEL and QASSIM ABDUL-ZAHRA,2026-09-12T09:19:10Z,Red Sea shipping,Iraq’s government was racing Saturday to contain the fallout after local Iran-backed militias were accused of attacking and shuttering a key Saudi pipeline....,Yahoo Entertainment,Unknown,News,2026-09-13T20:28:17.689712Z
cec159044dc054504eeee621c1fda863,Saudis shut down oil pipeline as Houthis tighten grip on Red Sea shipping,https://biztoc.com/x/dcc9da89820e38df,yahoo.com,2026-09-12T07:56:59Z,Red Sea shipping,"By Mohammed Ghobari, Eman Abouhassira and Yasmine Ghania
ADEN/DUBAI, Sept 12 (Reuters) - Saudi Arabia has shut down its East-West pipeline after the vital oil conduit came under aerial attack in the widening Middle East war, threatening to send energy prices …",Biztoc.com,Unknown,Market Report,2026-09-13T20:28:17.689760Z
a11ec3a5a6a00130955b19adc8a02cd0,The 9 at 9: Saturday,https://www.thejournal.ie/the-9-at-9-saturday-167-7160396-Sep2026/,Sophie Finn,2026-09-12T07:49:13Z,Red Sea shipping,"Donald Trump lands in Ireland, weather warning in place and Houthis claim control of vital shipping route…",TheJournal.ie,Unknown,News,2026-09-13T20:28:17.689828Z
7f4949fae2783ed39c3b5581b1f909c3,Iraq confirms attacks on Saudi pipeline originated from Iraqi territory and other Mideast news,https://abcnews.com/International/wireStory/iraq-confirms-attacks-saudi-pipeline-originated-iraqi-territory-136385214,The Associated Press,2026-09-12T07:42:57Z,Red Sea shipping,"Iraq's government says attacks on a key Saudi oil pipeline were launched from Iraqi territory, pledging to investigate further",Abcnews.com,Unknown,News,2026-09-13T20:28:17.689913Z
4388ff97a1be7a200901b5ef16ad862e,War weapons manufactured in Yemen with the help of Claude AI,https://english.gossiplankanews.com/2026/09/war-weapons-manufactured-in-yemen-with.html,noreply@blogger.com (Unknown),2026-09-12T06:05:18Z,Red Sea shipping,"The company reveals that an armed group based in Yemen has attempted to develop missile and rocket technology using 'Claude' chatbot system of Anthropic, a leading artificial intelligence (AI) company in America. According to Anthropic's latest report on prev…",Gossiplankanews.com,USA,Market Report,2026-09-13T20:28:17.689979Z
5e33f82f20ce2539417ca0bb063e9b87,"Iran strikes U.S. spy drone in Strait of Hormuz, escalating maritime crisis",https://www.naturalnews.com/2026-09-12-iran-strikes-us-spy-drone-strait-of-hormuz.html,Willow Tohi,2026-09-12T06:00:00Z,Red Sea shipping,"Iran’s Islamic Revolutionary Guard Corps destroyed a U.S. Saildrone Explorer unmanned surveillance vessel near the Strait of Hormuz on Sept. 10, 2026. The IRGC released video showing the burning drone, identified by hull number 5838. Incident follows Iran’s c…",Naturalnews.com,Unknown,News,2026-09-13T20:28:17.690039Z
8f2ea295b398a37ccc2be360d3c34032,Yemen's Houthis capture a Red Sea island in threat to shipping,https://www.npr.org/2026/09/12/g-s1-143044/yemens-houthis-capture-red-sea-island,The Associated Press,2026-09-12T05:57:08Z,Red Sea shipping,Iranian-backed Houthi rebels in Yemen have captured a strategic island in the Bab el-Mandeb Strait. The move threatens Saudi oil exports through a key commercial lane. And Saudi Arabia said it shut down a major oil pipeline as a precaution after it came under…,NPR,Unknown,News,2026-09-13T20:28:17.690162Z
795be7a69bbae5f4ae2f050d09c23955,Saudi Arabia has few options as it faces mounting threats from Iran and its allies,https://biztoc.com/x/349345d8f45dd979,yahoo.com,2026-09-12T05:41:34Z,Red Sea shipping,"A lightning advance by Houthi rebels threatens a crucial Red Sea shipping route. Drone attacks blamed on Iraqi militias have forced the closure of a major pipeline, and Iran is still disrupting the Strait of Hormuz.
It's a nightmare scenario for Saudi Arabia,…",Biztoc.com,Unknown,News,2026-09-13T20:28:17.690310Z
419405dd94a5afe81b0ab7f456939278,Saudi Arabia shuts key oil pipeline after Houthi’s drone attack - Reuters,https://biztoc.com/x/e6e1420369b1964d,yahoo.com,2026-09-12T05:26:50Z,Red Sea shipping,"Investing.com -- Saudi Arabia has temporarily shut its East-West oil pipeline after a drone attack on the key crude conduit, as Iran-aligned Houthi forces tightened their grip on Red Sea shipping routes, Reuters reported exclusively on Friday.
The 1,200-kilom…",Biztoc.com,Unknown,Market Report,2026-09-13T20:28:17.690359Z
791551294d790fefb1e9e3015728947a,What Drone Delivery Reveals about Impatience and Modern Idols,https://www.christianity.com/wiki/current-events/drone-delivery-patience-modern-idols.html,,2026-09-12T04:00:00Z,Red Sea shipping,"Drone delivery may make life faster, but it also invites Christians to ask what instant convenience is teaching us about patience and trust.",Christianity.com,Unknown,News,2026-09-13T20:28:17.690475Z
4c135da7e4d43bf380708268e17bc1e6,"Iran, Houthis block 2 key global shipping routes, straining the global economy - USA Today",https://slashdot.org/firehose.pl?op=view&amp;id=185613768,feedfeeder,2026-09-12T03:53:41Z,Red Sea shipping,"Iran, Houthis block 2 key global shipping routes, straining the global economyUSA Today Hormuz disruptions hitting small businesses hardest, UN trade agency warnsReuters The world is still trapped between the Red Sea and the Strait of Hormuz — Phar Kim BengNe…",Slashdot.org,Global,News,2026-09-13T20:28:17.690528Z
d6cf7dc55c2828fc91afad2ce82e854c,Saudis shut down oil pipeline as Houthis tighten grip on Red Sea shipping,https://www.thehindubusinessline.com/news/world/saudis-shut-down-oil-pipeline-as-houthis-tighten-grip-on-red-sea-shipping/article71459070.ece,Reuters,2026-09-12T03:45:19Z,Red Sea shipping,"Saudi Arabia temporarily ​closed the East-West pipeline after a drone attack that both Baghdad and Riyadh said had originated in Iraq, where Iranian-backed militias operate",BusinessLine,Unknown,News,2026-09-13T20:28:17.690572Z
c1030cae2afa087259a3b1d92c6436dd,"Yemen's Houthis capture a Red Sea island in a threat to shipping, and other Mideast developments - AP News",https://slashdot.org/firehose.pl?op=view&amp;id=185613372,feedfeeder,2026-09-12T02:54:27Z,Red Sea shipping,"Yemen's Houthis capture a Red Sea island in a threat to shipping, and other Mideast developmentsAP News Saudi Arabia shuts down a pipeline as Houthis seize an island, opening a new front in the Iran warAP News Saudi Arabia shuts key oil pipeline as Houthis se…",Slashdot.org,Unknown,News,2026-09-13T20:28:17.690627Z
1ae5d8bfdaacb80a0cd00289528c74c2,"Users in Houthi-Held Yemen Tried to Develop Advanced Weapons With AI, Anthropic Says",https://www.securityweek.com/users-in-houthi-held-yemen-tried-to-develop-advanced-weapons-with-ai-anthropic-says/,Associated Press,2026-09-12T01:50:53Z,Red Sea shipping,"Anthropic said the users did not succeed in “fielding an operational device” but did carry out a failed test of a guided rocket.
The post Users in Houthi-Held Yemen Tried to Develop Advanced Weapons With AI, Anthropic Says appeared first on SecurityWeek.",Securityweek.com,Unknown,News,2026-09-13T20:28:17.690765Z
a4ba12e002a5a0079d82b680f46edda0,"Saudis shut down oil, Houthis tighten grip on Red Sea",https://www.rte.ie/news/middle-east/2026/0912/1591257-yemen-saudi-world/,RTÉ News,2026-09-12T01:35:16Z,Red Sea shipping,Saudi Arabia has shut down its east-west pipeline after the vital oil conduit came under aerial attack in the widening Middle East war.,RTE,Unknown,News,2026-09-13T20:28:17.690799Z
d8bf75329e05e8d663a9944fa4f10da2,Gulf oil threatened anew as Houthis reach key island and pipeline is shut down,https://economictimes.indiatimes.com/industry/energy/oil-gas/gulf-oil-threatened-anew-as-houthis-reach-key-island-and-pipeline-is-shut-down/articleshow/134100369.cms,Reuters,2026-09-12T00:55:46Z,Red Sea shipping,"The Houthis have seized control of Perim island, significantly affecting a crucial shipping corridor. Additionally, a drone strike originating from Iraq temporarily disrupted Saudi Arabia's oil pipeline, intensifying the strain on Gulf oil exports during a pe…",The Times of India,Unknown,News,2026-09-13T20:28:17.690853Z
01fb9530503453ad8c595084ac28b2b6,Houthis claim major advance in Yemen and tighten grip on Red Sea shipping lane - BBC,https://slashdot.org/firehose.pl?op=view&amp;id=185612726,feedfeeder,2026-09-12T00:52:40Z,Red Sea shipping,"Houthis claim major advance in Yemen and tighten grip on Red Sea shipping laneBBC Saudi Arabia shuts down a pipeline as Houthis seize an island, opening a new front in the Iran warAP News Iran war live: Houthis control Red Sea coast, Saudi pipeline shut downA…",Slashdot.org,Unknown,News,2026-09-13T20:28:17.690950Z
46543827771b1badc2203d8fd3263736,Yemen's Houthis say they now control land that overlooks a key shipping route,https://www.npr.org/2026/09/11/nx-s1-5966509/yemens-houthis-say-they-now-control-land-that-overlooks-a-key-shipping-route,Aya Batrawy,2026-09-12T00:44:22Z,Red Sea shipping,Yemen's Houthis have overrun Saudi-backed forces to consolidate control along a Red Sea shipping strait.,NPR,Unknown,News,2026-09-13T20:28:17.690985Z
f8b67ba1a5c744e82d28f40cc6c5bd73,"Houthis seize strategic Red Sea island, raising fresh threat to Saudi oil exports",https://economictimes.indiatimes.com/industry/transportation/shipping-/-transport/houthis-seize-strategic-red-sea-island-raising-fresh-threat-to-saudi-oil-exports/articleshow/134087216.cms,ET Bureau & Agencies,2026-09-12T00:00:00Z,Red Sea shipping,"Iran-backed Houthi rebels have captured Yemen’s Perim island in the Bab el-Mandeb Strait, according to officials from both sides, potentially tightening their grip on a crucial Red Sea shipping route. The development comes as Saudi Arabia relies more heavily …",The Times of India,Unknown,News,2026-09-13T20:28:17.691047Z
f8946e116390496b23a9d254451d25a2,Drone attacks shut key Saudi oil pipeline (SATELLITE PHOTOS),https://www.rt.com/news/645534-saudi-oil-pipeline-drones/,RT,2026-09-11T23:57:36Z,Red Sea shipping,"Saudi Arabia has been forced to shut down its strategic East-West oil pipeline after drone attacks damaged pumping facilities along the route, dealing another blow to the kingdom’s ability to export crude amid the US-Iran war.",RT,Unknown,News,2026-09-13T20:28:17.691094Z
b76fead124f61169f6e1202be598ea7b,Saudi Arabia closes oil pipeline after drone attack launched from Iraq,https://www.abc.net.au/news/2026-09-12/drone-attack-on-saudi-oil-pipeline-from-iraq/107146218,,2026-09-11T23:53:16Z,Red Sea shipping,"Drones launched from Iraq have hit a major Saudi oil pipeline and led to its closure, as Yemen's Iranian-backed Houthi rebels capture a strategic island at the southern entrance to the Red Sea.",ABC News (AU),Unknown,News,2026-09-13T20:28:17.691135Z
9fed6e925bd197e34399ccd0df701180,"September 11, 2026 - PBS News Hour full episode",https://www.pbs.org/newshour/show/september-11-2026-pbs-news-hour-full-episode,"PBS News, PBS NewsHour",2026-09-11T23:34:15Z,Red Sea shipping,"Friday on the News Hour, Americans remember the lives lost in the 9/11 attacks 25 years ago. We look at how that day led to the longest war in U.S. history and how it transformed the nation. Iran-backed Houthi rebels capture an island at the entrance to the R…",PBS,USA,News,2026-09-13T20:28:17.691163Z
e8e4e084e8e496ff9831f135eb224a30,Trump Has No Plans to Strike Houthis for Now,https://politicalwire.com/2026/09/11/trump-has-no-plans-to-strike-houthis-for-now/,Taegan Goddard,2026-09-11T23:33:52Z,Red Sea shipping,"“The Trump administration is offering significant intelligence and targeting assistance to Saudi Arabia but does not currently plan on launching direct military attacks against the Houthis,” ABC News reports. “Both officials cautioned that the administration’…",Politicalwire.com,Unknown,Market Report,2026-09-13T20:28:17.691211Z
3c90d15f6ebc3b97b0dcb3666ea2b160,"Trump administration has no plans to strike Houthis for now, 2 US officials say",https://abcnews.com/Politics/trump-administration-plans-strike-houthis-now-2-us/story?id=136375380,"Shannon K. Kingston, Cindy Smith, Steven Beynon, Isabella Murray",2026-09-11T22:44:42Z,Red Sea shipping,"The U.S. is offering intel and targeting assistance to Saudi Arabia, they say.",Abcnews.com,Unknown,News,2026-09-13T20:28:17.691289Z
6ebac517223532c5b8b51568256f48fd,Iran-backed Houthis take control of Red Sea coastline in Yemen,https://www.yahoo.com/news/videos/iran-backed-houthis-control-red-214438069.html,NBC,2026-09-11T21:44:38Z,Red Sea shipping,"The Iran-backed Houthi rebels in Yemen have taken control of a strategic Red Sea coastline, further complicating shipping routes in the region. At the same t...",Yahoo Entertainment,Unknown,News,2026-09-13T20:28:17.691387Z
b4b56e7ef9c6f2e40438d18a515d4fe7,Iraqi Militias Join The Iran War As The Fire Rises,https://dailycaller.com/2026/09/11/iraq-militias-iran-war-saudi-arabia-pipeline-oil,Francis Kapper,2026-09-11T20:58:51Z,Red Sea shipping,"Just when you thought things couldn’t get worse, another player has entered the arena in the Iran War.",The Daily Caller,Unknown,News,2026-09-13T20:28:17.691553Z
6e1fc2b19b8bc3f41a14f8eae363d502,Yemen's Houthis take over strait vital to global shipping,https://biztoc.com/x/8c26aef62af01b46,yahoo.com,2026-09-11T19:42:37Z,Red Sea shipping,"The Iran-backed Houthis seized control of Yemen's entire Red Sea coast and captured three strategic islands on Friday, in a lightning offensive that cemented their hold on a vital shipping corridor linking Europe and Asia.
The developments are likely to deepe…",Biztoc.com,Global,News,2026-09-13T20:28:17.691696Z
46b0c44d61b681195cc8c9c34ebf38b6,Saudi Arabia shut down East-West crude oil pipeline after multiple attacks - CNBC,https://slashdot.org/firehose.pl?op=view&amp;id=185609332,feedfeeder,2026-09-11T19:13:29Z,Red Sea shipping,"Saudi Arabia shut down East-West crude oil pipeline after multiple attacksCNBC Iran-backed Houthis take control of Red Sea coastline, tightening grip on crucial shipping laneNBC News Saudi Arabian oil pipeline system hit by projectiles triggering firesCNN Ira…",Slashdot.org,Unknown,News,2026-09-13T20:28:17.691801Z
b7f054e8511e6187e86ff9e99e3592fa,"Users in Houthi-Held Yemen Tried to Develop Advanced Weapons With AI, Anthropic Says",https://military.com/users-in-houthi-held-yemen-tried-to-develop-advanced-weapons-with-ai-anthropic-says,MLT Staff,2026-09-11T19:11:23Z,Red Sea shipping,"AI is already transforming warfare from Ukraine to Gaza, and its use on a remote battlefield is likely to increase concerns about its rapid spread.",Military.com,Ukraine,News,2026-09-13T20:28:17.691826Z
4a43ff6e84b47b88c6b6a0e65f9824d0,Oil prices dive on signs of Hormuz diplomacy while Saudi Arabia is left hanging in fight against an Iranian ally threatening crude’s other chokepoint,https://finance.yahoo.com/energy/articles/oil-prices-dive-signs-hormuz-190707648.html,Jason Ma,2026-09-11T19:07:07Z,Red Sea shipping,"Foreign ministers from the Gulf Cooperation Council—which is comprised of Saudi Arabia, the UAE, Qatar, Kuwait, Bahrain, and Oman—will meet their Iranian cou...",Yahoo Entertainment,Unknown,Market Report,2026-09-13T20:28:17.691874Z
ec73f2d5f20486bb6151b7ce99e63e24,Oil prices dive on signs of Hormuz diplomacy while Saudi Arabia is left hanging in fight against an Iranian ally threatening crude’s other chokepoint,https://fortune.com/2026/09/11/oil-prices-hormuz-diplomacy-saudi-arabia-houthis-pakistan-us-bab-al-mandab/,Jason Ma,2026-09-11T19:07:07Z,Red Sea shipping,"Foreign ministers from the Gulf Cooperation Council—which is comprised of Saudi Arabia, the UAE, Qatar, Kuwait, Bahrain, and Oman—will meet their Iranian counterpart on Monday.",Fortune,Unknown,Market Report,2026-09-13T20:28:17.691909Z
af859f28e743cddca9036391464474ae,Germany's election and the UK's sanctions signals political warfare,https://www.abc.net.au/news/2026-09-12/political-warfare-andy-burnham-germany-election-sanctions/107143228,Laura Tingle,2026-09-11T19:00:00Z,Red Sea shipping,Two significant shifts this week showed political warfare is on full display in Europe.,ABC News (AU),Germany,News,2026-09-13T20:28:17.691971Z
1b11e43942d37c573e0081dc674d14d4,"Houthis seize Yemen's entire Red Sea coast, tightening grip on key shipping route",https://www.israelnationalnews.com/flashes/693436,Israel National News,2026-09-11T18:51:35Z,Red Sea shipping,"Iran-backed Houthis seize Yemen's Red Sea coast, Bab al-Mandab and three strategic islands, threatening a vital trade route linking Europe and Asia. (Arutz Sheva-Israel National News' North American desk is keeping you updated until the start of Rosh Hashanah…",Israelnationalnews.com,USA,News,2026-09-13T20:28:17.692019Z
bb15f01b9fbb53417e813c465001257e,"The Bab al-Mandeb Strait, a lifeline for the global economy, is in jeopardy",https://biztoc.com/x/8f7115ee6d3d9379,finance.yahoo.com,2026-09-11T18:42:28Z,Red Sea shipping,"A narrow waterway located at the mouth of the Red Sea between Yemen and Djibouti has provided an escape hatch for a sizeable chunk of the Middle East's oil. That lifeline is now looking increasingly shaky.
For weeks, Yemen's Iran-backed Houthi rebels have thr…",Biztoc.com,Global,News,2026-09-13T20:28:17.692108Z
c8939b6edcc13a69bf68cd3ecbdbce4c,"Users in Houthi-held Yemen tried to develop advanced weapons with AI, Anthropic says",https://www.yahoo.com/news/world/articles/users-houthi-held-yemen-tried-184149841.html,SARAH EL DEEB,2026-09-11T18:41:49Z,Red Sea shipping,"Anthropic says Claude users in northern Yemen, territory controlled by Iran-backed Houthi rebels, tried to use the AI model to develop advanced missiles.  An...",Yahoo Entertainment,Unknown,News,2026-09-13T20:28:17.692144Z
f8155269c3ac42bc842f7eabc73f82a4,Anthropic says Yemen fighters used AI to seek guided weapons,https://economictimes.indiatimes.com/news/defence/anthropic-says-yemen-fighters-used-ai-to-seek-guided-weapons/articleshow/134084818.cms,AFP,2026-09-11T18:25:51Z,Red Sea shipping,An AI firm revealed a Yemen group used its chatbot for weapons development.  They attempted to build guided rockets and ballistic missiles with advanced capabilities.  The group tested a guided rocket which appears to have failed during its flight.  Anthropic…,The Times of India,Unknown,News,2026-09-13T20:28:17.692192Z
1cc62159aabb4212a51a327df1eae10e,The Houthi advance in Yemen raises concerns about a key shipping choke point,https://biztoc.com/x/0836aa6c8ec81f7c,abcnews.com,2026-09-11T17:54:33Z,Red Sea shipping,"The Houthi advance in Yemen raises concerns about a key shipping choke point
Iran-backed Houthi rebels have captured the Red Sea port of Mokha and the strategic island of Mayun in Yemen
FRANKFURT, Germany -- The capture of the Red Sea port of Mokha and a stra…",Biztoc.com,Germany,News,2026-09-13T20:28:17.692288Z
1a254532fb672b86c1d177d372a4ec8c,Yemen’s Houthis Reach Strategic Island at Mouth of Vital Shipping Lane,https://gcaptain.com/yemens-houthis-reach-strategic-island-at-mouth-of-vital-shipping-lane/,Reuters,2026-09-11T17:16:25Z,Red Sea shipping,"Yemen's Iran-aligned Houthis reached the strategic island of Perim in the Bab el-Mandeb Strait on Friday, four Yemeni government sources told Reuters, moving to tighten their grip on a vital global shipping route in the widening Middle East war.",gcaptain.com,Global,News,2026-09-13T20:28:17.692455Z
d2bd3d52d6f41dbb869becd592887888,The Houthi advance in Yemen raises concerns about a key shipping choke point,https://biztoc.com/x/94e9e3dc50f51aec,yahoo.com,2026-09-11T17:11:42Z,Red Sea shipping,"The capture of the Red Sea port of Mokha and a strategic island by Iran-backed Houthi rebels in Yemen brings their forces to the heart of a key choke point for the global economy: the Bab el-Mandeb Strait leading out of the Red Sea.
The Houthis took Mokha on …",Biztoc.com,Global,News,2026-09-13T20:28:17.692505Z
9ebd8fe64b47b4f998d325e5f4ebcd57,Trump Trashes NATO Over Refusal To Join Iran War: 'Why The Hell Are We Helping Them?',https://biztoc.com/x/7e47b1f57f76414c,yahoo.com,2026-09-12T20:00:22Z,Strait of Hormuz,"President Donald Trump criticized NATO on Saturday over its continued refusal to participate in the ongoing U.S. war on Iran and ""help"" the U.S. with Iran's dynamic control of the Strait of Hormuz.
NATO has been a frequent target for Trump, who reiterated his…",Biztoc.com,Unknown,News,2026-09-13T20:28:18.085860Z
141af6b6c12046af4d13a6023024b13b,"Facing global crises, Europe rearranges the diplomatic deckchairs",https://www.nrc.nl/nieuws/2026/09/12/facing-global-crises-europe-rearranges-the-diplomatic-deckchairs-a4936393,,2026-09-12T20:00:00Z,Strait of Hormuz,"Foreign affairs, domestic rows.",Www.nrc.nl,Global,News,2026-09-13T20:28:18.085905Z
f29ce55d56af5219afbc9e233ae37147,UAE crude exports return to pre-war levels as Iranian shipments vanish,https://cryptobriefing.com/uae-crude-exports-pre-war-levels-iran-vanish/,Editorial Team,2026-09-12T19:54:17Z,Strait of Hormuz,"The UAE's strategic infrastructure investments have bolstered its oil export resilience, highlighting the geopolitical vulnerabilities of reliance on chokepoints.
The post UAE crude exports return to pre-war levels as Iranian shipments vanish appeared first o…",Crypto Briefing,Unknown,News,2026-09-13T20:28:18.085965Z
bcfc2e49cd28cbecd4b34689a63e8650,Trump Trashes NATO Over Refusal To Join Iran War: 'Why The Hell Are We Helping Them?',https://www.huffpost.com/entry/trump-trashes-nato-iran-war-refusal-why-the-hell-are-we-helping-them_n_6aa587cde4b0298845cc95f1,HuffPost,2026-09-12T19:43:10Z,Strait of Hormuz,"He also told Europeans regarding immigration, “What you’re doing to yourselves, you’re just killing yourselves.”",HuffPost,Unknown,News,2026-09-13T20:28:18.086018Z
0f89f00ae3e09e7389b6ad03bed1d62d,Bahrain says it will not participate in Iran’s proposed Hormuz meeting,https://www.aljazeera.com/news/2026/9/12/bahrain-says-it-will-not-participate-in-irans-proposed-hormuz-meeting,Al Jazeera Staff,2026-09-12T19:34:04Z,Strait of Hormuz,Iran tells Al Jazeera that Monday's meeting is a sign of 'good intentions' towards neighbouring countries.,Al Jazeera English,Unknown,News,2026-09-13T20:28:18.086058Z
cb7ec39aff6939073badadfe29477be5,Will Houthi advances in Yemen give Iran leverage in its war with the US?,https://www.aljazeera.com/video/inside-story/2026/9/12/will-houthi-advances-in-yemen-give-iran-leverage-in-its-war-with-the-us,,2026-09-12T19:17:37Z,Strait of Hormuz,"The Iranian ally seizes Yemen's Red Sea coast, cementing their hold on the Bab al-Mandeb strait.",Al Jazeera English,Unknown,News,2026-09-13T20:28:18.086092Z
aada63432e21ecd4ad0f60c454073a3a,Here's What Happened Today: Saturday,https://www.thejournal.ie/evening-fix-saturday-12-september-2026-7161102-Sep2026/,Ottoline Spearman,2026-09-12T19:16:28Z,Strait of Hormuz,The most important Irish and international stories you need to know today.,TheJournal.ie,Global,News,2026-09-13T20:28:18.086122Z
4f1384e44a8a615549de8dc7ac1d3be4,"Iraq probes drone strikes on Saudi Arabia, shuts three crossings to Iran",https://www.aljazeera.com/news/2026/9/12/iraq-probes-drone-strikes-on-saudi-arabia-shuts-three-crossings-to-iran,Al Jazeera Staff,2026-09-12T18:53:31Z,Strait of Hormuz,"PM Ali al-Zaidi dismisses commander, orders investigation into operations command in Maysan province, bordering Iran.",Al Jazeera English,Unknown,News,2026-09-13T20:28:18.086158Z
438fe1d803057ddfc5eb882b06bf4f8a,AI Is Running Laps Around Our Political System,https://www.theatlantic.com/politics/2026/09/ai-dario-amodei-essay/688596/,Toluse Olorunnipa,2026-09-12T18:32:33Z,Strait of Hormuz,The technology is moving faster than elected officials can handle—and Anthropic’s CEO says the industry should slow down.,The Atlantic,Unknown,News,2026-09-13T20:28:18.086321Z
b430a43a35d1633b3ff60c79e75010e0,Iran Standoff Forces US to Redirect 100 Ships Through Oil Chokepoint,https://biztoc.com/x/3aa6335b7604c807,newsweek.com,2026-09-12T18:13:52Z,Strait of Hormuz,"The U.S. military said it has redirected 100 commercial vessels over the past 60 days while enforcing a maritime blockade against Iran, underscoring the high-stakes security dynamic in the critical Strait of Hormuz.
In a statement released Saturday, U.S. Cent…",Biztoc.com,Unknown,News,2026-09-13T20:28:18.086373Z
b57a14bbb80473d2bfb10e15ebecb5f1,Iranian President Pezeshkian meets Abu Dhabi Crown Prince in Delhi,https://www.business-standard.com/world-news/iranian-president-pezeshkian-meets-abu-dhabi-crown-prince-in-delhi-126091200974_1.html,Press Trust of India,2026-09-12T17:59:11Z,Strait of Hormuz,"Iranian President Masoud Pezeshkian held talks with Abu Dhabi Crown Prince Sheikh Khaled bin Mohamed bin Zayed Al Nahyan in New Delhi on the sidelines of the BRICS summit on Saturday.
The meeting assumed significance as relations between the two sides came un…",Business Standard,Unknown,News,2026-09-13T20:28:18.086480Z
5aea52d162894632e5317eb0b2068413,US-China tensions reach boiling point as Beijing is accused of helping Tehran during Iran war attack that killed American troops,https://www.dailymail.com/news/article-16125717/us-china-iran-attack-american-troops.html,Sophie Gable,2026-09-12T17:36:03Z,Strait of Hormuz,The July 17 strike killed three soldiers and injured four others at the Muwaffaq Salti Air Base in Jordan.,Dailymail.com,China,News,2026-09-13T20:28:18.086497Z
27596fd5324b919da596934c99c97492,"BRICS adopts New Delhi Declaration by consensus, navigates Iran-UAE divide",https://economictimes.indiatimes.com/news/india/brics-adopts-new-delhi-declaration-by-consensus-navigates-iran-uae-divide/articleshow/134145187.cms,Dipanjan Roy Chaudhury,2026-09-12T17:06:13Z,Strait of Hormuz,BRICS members adopted the New Delhi Declaration by consensus after intense negotiations.  The group called for a nuclear-weapon-free zone in the Middle East.  They also urged maximum restraint amid escalating regional tensions and conflicts.  BRICS condemned …,The Times of India,Unknown,News,2026-09-13T20:28:18.086550Z
f02883803e51c2538bae735812e795c6,Iran-Oman deal said not to mean Hormuz reopening,https://biztoc.com/x/fb701bea729b6b29,breakingthenews.net,2026-09-12T16:59:04Z,Strait of Hormuz,"The agreement between Tehran and Muscat regarding the situation in the Strait of Hormuz will not entail the reopening of the waterway, Iranian Tasnim News Agency reported on Saturday, citing informed ...",Biztoc.com,Unknown,Market Report,2026-09-13T20:28:18.086638Z
3f39de9cd6e8bee4c23d7946f6ab869e,‘Fine And Dandy’: Trump Claims Iran War Will End ‘Right After The Midterms’,https://www.huffpost.com/entry/trump-claim-iran-war-end-after-midterms-fine-and-dandy_n_6aa55fe8e4b0b2af35a6defd,HuffPost,2026-09-12T16:40:49Z,Strait of Hormuz,He is facing disastrous approval ratings amid a nationwide affordability crisis and his unpopular war on Iran.,HuffPost,Unknown,News,2026-09-13T20:28:18.086677Z
f898ad968596cfe15e79ca1ebf96daab,CENTCOM redirects 100 vessels in Hormuz,https://biztoc.com/x/de877da7be74b62b,breakingthenews.net,2026-09-12T15:44:16Z,Strait of Hormuz,"United States Central Command (CENTCOM) redirected one hundred commercial vessels in the Strait of Hormuz, as of Saturday.""CENTCOM forces have redirected 100 commercial vessels over the past 60 days s...",Biztoc.com,USA,News,2026-09-13T20:28:18.086842Z
399b2adff3b288bb06225beec7f06095,Trump says Saudi leader Mohammed bin Salman is a 'good friend of mine' and reveals they had 'fine and dandy' phone call... just hours after 9/11 widow blasted Arab kingdom for 'supporting' terrorists,https://www.dailymail.com/news/article-16125879/Trump-says-Saudi-leader-Mohammed-bin-Salman-good-friend-reveals-fine-dandy-phone-call-just-hours-9-11-widow-blasted-Arab-kingdom-supporting-terrorists.html,Jon Michael Raasch,2026-09-12T15:35:36Z,Strait of Hormuz,President Donald Trump celebrated Saudi Arabia's Crown Prince Mohammad bin Salman as a 'good friend' a day after 9/11 victims demanded accountability for the kingdom's ties to the terror attack.,Dailymail.com,Unknown,News,2026-09-13T20:28:18.086891Z
df896f9a09f60cc170b815bd39e6142e,Maritime diesel prices climb as high as $2.74 per litre,https://www.cbc.ca/news/canada/new-brunswick/diesel-prices-increase-maritimes-9.7341761,,2026-09-12T15:32:44Z,Strait of Hormuz,"Diesel prices jumped across the Maritimes Saturday, topping out at $2.74 a litre in Prince Edward Island.",CBC News,Unknown,Market Report,2026-09-13T20:28:18.086919Z
9f87b87cdfde18c89bbfad921c620fe7,BRICS nations call for ‘maximum restraint’ in Mid-East war,https://www.vanguardngr.com/2026/09/brics-nations-call-for-maximum-restraint-in-mid-east-war/,Henry Oduah,2026-09-12T14:39:23Z,Strait of Hormuz,"Members of the 11-nation BRICS group including China, Russia, Iran and India called for calm in the Middle East at a summit in New Delhi on Saturday, overcoming earlier divisions to issue a joint statement.
The post BRICS nations call for ‘maximum restraint’ …",Vanguard,China,News,2026-09-13T20:28:18.087053Z
3ee1b6b897f04740c9aae064ae357f17,Bahrain will not take part in Hormuz talks with Iran,https://biztoc.com/x/da8a525152055476,breakingthenews.net,2026-09-12T14:14:04Z,Strait of Hormuz,Bahraini Foreign Ministry confirmed on Saturday that it will not take part in trilateral negotiations regarding the Strait of Hormuz until the diplomatic ties with Iran are restored.The talks were sup...,Biztoc.com,Unknown,News,2026-09-13T20:28:18.087144Z
dfd58b0a29825c3fb71154b8f11ea43c,Trump Assures Everyone Thing Will Turn Out ‘Fine and Dandy’ with Iran War After Saudi Arabia Call,https://www.mediaite.com/media/tv/trump-assures-everyone-thing-will-turn-out-fine-and-dandy-with-iran-war-after-saudi-arabia-call/,Zachary Leeman,2026-09-12T13:53:25Z,Strait of Hormuz,"President Trump assured everyone things will turn out ""fine and dandy"" when it comes to the Iran war following an attack on a critical Middle Eastern pipeline.
The post Trump Assures Everyone Thing Will Turn Out ‘Fine and Dandy’ with Iran War After Saudi Arab…",Mediaite,Unknown,News,2026-09-13T20:28:18.087201Z
5cb418e3873c17ca7f8be2f3c8cbb9b3,Trump Assures Everyone Things Will Turn Out ‘Fine and Dandy’ with Iran War After Saudi Arabia Call,https://www.mediaite.com/media/tv/trump-assures-everyone-things-will-turn-out-fine-and-dandy-with-iran-war-after-saudi-arabia-call/,Zachary Leeman,2026-09-12T13:53:25Z,Strait of Hormuz,"President Trump assured everyone things will turn out ""fine and dandy"" when it comes to the Iran war following an attack on a critical Middle Eastern pipeline.
The post Trump Assures Everyone Things Will Turn Out ‘Fine and Dandy’ with Iran War After Saudi Ara…",Mediaite,Unknown,News,2026-09-13T20:28:18.087250Z
d36a29c24a5745307721d3e2ff65cb92,"Iran Says It’s No Longer Bound by the Nuclear Treaty. What That Does to Oil, Gold, and Bitcoin",https://247wallst.com/investing/2026/09/12/iran-says-its-no-longer-bound-by-the-nuclear-treaty-what-that-does-to-oil-gold-and-bitcoin/,Sam Daodu,2026-09-12T13:20:26Z,Strait of Hormuz,"An Iranian lawmaker declared the Nuclear Non-Proliferation Treaty no longer binding, oil surged, gold fell, and Bitcoin slipped below $78,000. Tracing whethe...",24/7 Wall St.,Unknown,News,2026-09-13T20:28:18.087396Z
4f57bc5feb2a7bd3f215cba956f6706f,Diesel prices are hitting record highs at a bad time for many US farmers,https://abcnews.com/Business/wireStory/diesel-prices-hitting-record-highs-bad-time-us-136370728,"NICK INGRAM Associated Press, SUDHIN THANAWALA Associated Press",2026-09-12T13:08:53Z,Strait of Hormuz,"The price of diesel is hitting record highs just as many U.S. farmers are harvesting two of the nation’s largest commodities, soybeans and corn",Abcnews.com,Unknown,Market Report,2026-09-13T20:28:18.087433Z
d93cf62ef35f51ae32679915a1238b1a,Iranians looking to use captured US Navy drone sub as blueprint for their own lethal underwater weapons,https://nypost.com/2026/09/12/us-news/iranians-looking-to-use-captured-us-navy-drone-sub-as-blueprint-for-their-own-lethal-underwater-weapons/,Geoff Earle,2026-09-12T13:00:48Z,Strait of Hormuz,Iran is about to get a crash course in the latest in American drone sub technology – and now has a chance to try to build their own version of a captured $2.5m US Navy drone sub that its military forces paraded on state TV.,New York Post,USA,News,2026-09-13T20:28:18.087535Z
8b5007d4e188dfef10b585b65a631c8d,Trump Urges UK to Get Rid of Immigrants and Trashes NATO for Refusing to Get Involved in Iran: ‘So You’ll Be Hearing About That Later’,https://www.mediaite.com/media/news/trump-urges-uk-to-get-rid-of-immigrants-and-trashes-nato-for-refusing-to-get-involved-in-iran-so-youll-be-hearing-about-that-later/,Kathianne Boniello,2026-09-12T12:59:59Z,Strait of Hormuz,"""I didn't do a Trump kind of a sell. I just say, would you like to help us with the Hormuz strait?"" Trump said of his request to NATO on the Strait of Hormuz.
The post Trump Urges UK to Get Rid of Immigrants and Trashes NATO for Refusing to Get Involved in Ir…",Mediaite,Unknown,News,2026-09-13T20:28:18.087593Z
81625977ce803be22c9d2d83e618e41a,Iran War Day 197: Saudi Crown Prince Urged Trump to Join Yemen War,https://www.theamericanconservative.com/iran-war-day-197-saudi-crown-prince-urged-trump-to-join-yemen-war/,Andrew Day,2026-09-12T12:24:00Z,Strait of Hormuz,"State of the Union: President Trump declined, later telling reporters everything will be “fine and dandy.”
The post Iran War Day 197: Saudi Crown Prince Urged Trump to Join Yemen War appeared first on The American Conservative.",The American Conservative,USA,Market Report,2026-09-13T20:28:18.087711Z
2151022150285886a42bc559a16636f6,"At BRICS, PM Modi calls for replacing 'pyramid of privilege' with 'platform of partnership'",https://economictimes.indiatimes.com/news/india/pm-modi-advocates-platform-of-partnership-at-brics-summit-to-reform-global-governance/articleshow/134130275.cms,PTI,2026-09-12T12:04:56Z,Strait of Hormuz,Prime Minister Narendra Modi urged the Global South to become rule shapers in global governance. He advocated for transforming the existing pyramid of privilege into a platform of partnership. Modi proposed a 10-point roadmap for global governance reform unde…,The Times of India,Global,News,2026-09-13T20:28:18.087814Z
0f9ebc1ff9f11ae2dd820e8982b138b3,Iran Is Just the Latest in a Long Line of US Mideast Failures,https://www.commondreams.org/opinion/iran-us-mideast-failures,Ramzy Baroud,2026-09-12T12:01:01Z,Strait of Hormuz,"The US government continues to double down, even as its stubbornness costs it dearly—not only in material
 terms, but also in geopolitical influence. Washington is rapidly losing power and status in the Middle East, a decline that could produce a wider domin…",Common Dreams,Unknown,News,2026-09-13T20:28:18.087865Z
f2836881ed5d9fe3c0568f36c25b50ce,Trump Blames Iran for Saudi Oil Pipeline Attack Then Brags About Strait of Hormuz: ‘So Incredible’,https://www.mediaite.com/media/news/trump-blames-iran-for-saudi-oil-pipeline-attack-then-brags-about-strait-of-hormuz-so-incredible/,Kathianne Boniello,2026-09-12T11:31:27Z,Strait of Hormuz,"President Donald Trump spoke to reporters in Ireland, where he pinned the blame for an attack on a crucial Saudi oil pipeline squarely on Iran.
The post Trump Blames Iran for Saudi Oil Pipeline Attack Then Brags About Strait of Hormuz: ‘So Incredible’ first a…",Mediaite,Unknown,Market Report,2026-09-13T20:28:18.087918Z
2449c36ff502decebd4ab78f6d756ce1,"Iran could potentially reverse-engineer captured US underwater drone — several Iranian embassies mock US over capture, Navy claims lost Anduril vehicle was defective and unclassified",https://www.tomshardware.com/tech-industry/drones/iran-could-potentially-reverse-engineer-captured-u-s-underwater-drone-several-iranian-embassies-mock-us-over-capture-as-u-s-military-downplays-the-situation,Etiido Uko,2026-09-12T11:30:00Z,Strait of Hormuz,"Iran may reverse-engineer a captured U.S. Navy Anduril Dive-LD underwater drone, as Tehran mocks the loss and Washington downplays its military value.",Tom's Hardware UK,Unknown,News,2026-09-13T20:28:18.087976Z
a81897f8090010d63d5a400a1142bc75,Trump says Iran probably responsible for attack on Saudi pipeline,https://www.business-standard.com/world-news/trump-says-iran-probably-responsible-for-attack-on-saudi-pipeline-126091200556_1.html,Reuters,2026-09-12T11:23:14Z,Strait of Hormuz,"The US ​president also said that he had spoken with Saudi Crown Prince Mohammed bin Salman, whom he ‌described as a ""good friend""",Business Standard,Unknown,News,2026-09-13T20:28:18.088022Z
fb8f8212084456fff3ffe4836cb200bd,Trump says Iran probably responsible for attack on Saudi Arabia pipeline,https://economictimes.indiatimes.com/news/international/world-news/trump-says-iran-probably-responsible-for-attack-on-saudi-arabia-pipeline/articleshow/134124228.cms,Reuters,2026-09-12T11:11:05Z,Strait of Hormuz,US President Trump indicated Iran likely attacked Saudi Arabia's vital oil pipeline. He spoke with Saudi Crown Prince Mohammed bin Salman after the incident. The Houthis communicated their preference for no direct United States involvement. They are allowing …,The Times of India,USA,News,2026-09-13T20:28:18.088050Z
1413b599e4aeb22db4287a21623ef312,"Trump predicts war with Iran will end 'very soon,' likely after midterms",https://www.foxnews.com/live-news/us-iran-war-strikes-houthis-saudi-arabia-oil-prices-09-12-26,Greg Norman-diamond,2026-09-12T10:50:34Z,Strait of Hormuz,"President Donald Trump said he thinks the war with Iran will end “very soon,” likely after the midterms, accusing Tehran of trying to hold out “as long as they can to complicate the election.”",Fox News,Unknown,News,2026-09-13T20:28:18.088206Z
01dd95827922f966b7cdaa9984f4205a,Middle East has no need for US ‘policeman’ – Iran,https://www.vanguardngr.com/2026/09/middle-east-has-no-need-for-us-policeman-iran/,Ayobami,2026-09-12T10:23:34Z,Strait of Hormuz,"Iran's President Masoud Pezeshkian said on Saturday that the Middle East does not need the United States to be a ""regional policeman"", with the two countries at war and vying for control of the Strait of Hormuz.
The post Middle East has no need for US ‘police…",Vanguard,USA,News,2026-09-13T20:28:18.088446Z
7bc81eac69a46918d8e6813903561701,"Trump predicts Iran conflict to end soon, oil prices to drop",https://cryptobriefing.com/trump-predicts-iran-conflict-to-end-soon-oil-prices-to-drop/,Estefano Gomez,2026-09-12T10:03:32Z,Strait of Hormuz,"Trump's prediction may influence market optimism, potentially affecting diplomatic strategies and oil market stability amid ongoing tensions.
The post Trump predicts Iran conflict to end soon, oil prices to drop appeared first on Crypto Briefing.",Crypto Briefing,Unknown,Analysis/Opinion,2026-09-13T20:28:18.088482Z
2a3ccdbd13b02d70547ea5cd0c2b7351,Michael Longley's 'Ceasefire' poem among gifts given to Trump during Áras meeting,https://www.thejournal.ie/catherine-connolly-trump-poem-7160475-Sep2026/,Mairead Maguire,2026-09-12T09:45:55Z,Strait of Hormuz,He also got a St Brigid’s Cross and a ninth-century text about migration.,TheJournal.ie,Unknown,News,2026-09-13T20:28:18.088522Z
84a878a867fb6bbcdbb52deb516ca1f8,Democrats Are Laughing at Trump’s Midterm Plan. They Shouldn’t.,https://slate.com/news-and-politics/2026/09/surge-trump-midterms-senate-data-centers.html,Jim Newell,2026-09-12T09:45:00Z,Strait of Hormuz,This all seems a bit familiar.,Slate Magazine,Unknown,News,2026-09-13T20:28:18.088552Z
4bd87165c482576a647d262ce83d4b7a,Pezeshkian: Iran and Oman to sign Hormuz treaty,https://biztoc.com/x/1ef8cc0d2ced7ec1,breakingthenews.net,2026-09-12T09:42:46Z,Strait of Hormuz,"Representatives of Iran and Oman are set to meet in Muscat on Monday to sign an agreement establishing a joint Iran-Oman shipping route through the Strait of Hormuz, Iranian President Masoud Pezeshkia...",Biztoc.com,Unknown,News,2026-09-13T20:28:18.088595Z
742e084c4dbb847066dd230f53ac37b1,Saudi says Iraqi drones forced oil pipeline closure,https://www.thejournal.ie/saudi-oil-pipeline-drone-attack-7160453-Sep2026/,AFP,2026-09-12T08:46:10Z,Strait of Hormuz,"The Saudi foreign ministry condemned “the targeting of the East–West pipeline in the Riyadh and Medina regions by several drones coming from Iraq, which caused human injuries and damage”.",TheJournal.ie,Unknown,News,2026-09-13T20:28:18.088724Z
a146e08f89a1ad56a55bc87e0dcda41a,"Tehran won’t surrender to the U.S., Iranian President Pezeshkian says, as India's Modi urges dialogue and peace",https://www.cnbc.com/2026/09/12/iran-us-israel-war-india-brics.html,Priyanka Salve,2026-09-12T08:44:39Z,Strait of Hormuz,"On his first visit to India, Iranian President Masoud Pezeshkian said he will not surrender to the U.S. and Israel, as New Delhi renewed its appeal for peace.",CNBC,India,News,2026-09-13T20:28:18.088747Z
3d1cb9ababad53d39e3861e04fe91751,"Dangote refinery raises petrol gantry price to N1,350",https://punchng.com/dangote-refinery-raises-petrol-gantry-price-to-n1350/,Punch Newspapers,2026-09-12T06:08:03Z,Strait of Hormuz,"Dangote Petroleum Refinery has increased the gantry price of petrol to N1,350 per litre, marking the fourth upward review since August 21.

Read More: https://punchng.com/dangote-refinery-raises-petrol-gantry-price-to-n1350/",The Punch,Unknown,Analysis/Opinion,2026-09-13T20:28:18.088971Z
ede2cce456b127c683c694e401c1d200,"The world after 9/11: more wars, old threats and a rising right",https://www.livemint.com/opinion/911-anniversary-global-terrorism-middle-east-conflict-houthi-attacks-afd-germany-11789188130292.html,Elizabeth Roche,2026-09-12T06:06:28Z,Strait of Hormuz,"As the world commemorates 25 years since 9/11, tensions in West Asia and political shifts in Germany indicate a complicated landscape that could influence international cooperation and regional security moving forward",Livemint,Germany,Market Report,2026-09-13T20:28:18.089020Z
8f3cd09cb3aad5c21e9c29ff8925ddec,"Russia, Trump and a battle over welfare loom over Sweden’s election",https://www.cnbc.com/2026/09/12/sweden-election-russia-trump-welfare-defense.html,Elsa Ohlen,2026-09-12T05:00:01Z,Strait of Hormuz,"Russia's war, permanently higher defense spending and uncertainty over U.S. commitments are narrowing the choices facing whoever wins Sunday's election.",CNBC,Russia,News,2026-09-13T20:28:18.089403Z
ce5845ba5fdaa96b0cc6a38aaae54a12,US said to restrict transit times for Hormuz,https://biztoc.com/x/62884b1e54a28f03,breakingthenews.net,2026-09-12T04:55:46Z,Strait of Hormuz,"The United States suggested oil tankers traveling through the Strait of Hormuz navigate only during specific daily time windows to ensure military protection against escalating Iranian attacks, the Fi...",Biztoc.com,USA,Market Report,2026-09-13T20:28:18.089422Z
ed413fad9eb90793bea3c04b63a94322,Saudi Arabia shuts key oil pipeline after drone attack launched from Iraq,https://www.bbc.co.uk/news/articles/c62m933465eo,https://www.facebook.com/bbcnews,2026-09-12T04:43:10Z,Strait of Hormuz,The East-West pipeline has helped the country - the world's largest crude oil exporter - bypass closures in the Strait of Hormuz.,BBC News,Unknown,News,2026-09-13T20:28:18.089455Z
f0604084627bc6c9562c2a587c84b6d2,Saudi Arabia shuts key oil pipeline after drone attack launched from Iraq,https://www.bbc.com/news/articles/c62m933465eo,Tiffanie Turnbull,2026-09-12T04:20:43Z,Strait of Hormuz,The East-West pipeline has helped the country - the world's largest crude oil exporter - bypass closures in the Strait of Hormuz.,BBC News,Unknown,News,2026-09-13T20:28:18.089478Z
85fa1561969e2603303e9e70c24ebad5,Iran takes defiant stance as US war deepens its isolation,https://www.bloomberg.com/news/articles/2026-09-11/iran-turns-to-brics-summit-as-us-war-deepens-its-isolation,Bloomberg,2026-09-12T04:20:20Z,Strait of Hormuz,"Iran, facing heavy US sanctions and ongoing attacks, is keen to position BRICS as a counterweight to the US-led economic and political order",Bloomberg,Unknown,News,2026-09-13T20:28:18.089513Z
84aaf468b91de7b03f715fcf9e73bba2,"Fearing an attack, Saudi Arabia closes a main oil pipeline",https://english.gossiplankanews.com/2026/09/fearing-attack-saudi-arabia-closes-main.html,noreply@blogger.com (Unknown),2026-09-12T03:55:19Z,Strait of Hormuz,"Saudi Arabian authorities have taken steps to temporarily shut down one of their main oil export pipelines due to drone attacks from Iraq. In the face of the severe military situation in the Middle East, Saudi Arabia had significantly increased the use of the…",Gossiplankanews.com,Unknown,News,2026-09-13T20:28:18.089609Z
dbb5e4c6aa60a6bae2f0ea3e3b39456e,Indian rupee weakens to 95.55 amid rising crude oil prices and Strait of Hormuz tensions,https://economictimes.indiatimes.com/markets/forex/indian-rupee-weakens-to-95-55-amid-rising-crude-oil-prices-and-strait-of-hormuz-tensions/articleshow/134103790.cms,ET Bureau,2026-09-12T02:45:59Z,Strait of Hormuz,"The Indian rupee fell by eleven paise on Friday, closing at 95.55 against the dollar as benchmark crude oil prices rose to $105 per barrel, fueling global uncertainties. The rupee faced mounting pressure from external factors during the week, with a notable d…",The Times of India,India,Market Report,2026-09-13T20:28:18.089795Z
1689457350620a03c7cd302714a64072,"India steers BRICS to consensus on trade, coercive measures amid West Asia rift",https://www.thehindubusinessline.com/news/india-steers-brics-to-consensus-on-trade-coercive-measures-amid-west-asia-rift/article71460134.ece,Amiti Sen,2026-09-12T13:09:03Z,shipping sanctions,Negotiators in the BRICS Summit work through the night to bridge deep rifts between Iran and the UAE over the West Asia conflict to arrive at language acceptable to all,BusinessLine,India,News,2026-09-13T20:28:18.576647Z
334460d92e8f471fd8e8217bd48329b1,Saturday: Hili dialogue,https://whyevolutionistrue.com/2026/09/12/saturday-hili-dialogue-599/,whyevolutionistrue,2026-09-12T11:45:17Z,shipping sanctions,"Welcome to CaturSaturday, September 12, 2026 and shabbos for Jewish cats as well as the second day of Rosh Hashanah, the Jewish New Year, with the holiday ending tomorrow at sundown. The shofar, or ram’s horn, is blown at various points during the holiday; he…",Whyevolutionistrue.com,Unknown,News,2026-09-13T20:28:18.577010Z
cf549413bf9a489749374f1c8a5297f6,20 years of BRICS: From Wall Street acronym to global power center,https://www.rt.com/news/645503-20-years-of-brics/,RT,2026-09-12T05:28:33Z,shipping sanctions,"Russia saw the rise of a multipolar world. Two decades later, BRICS is creating the banks, trade links, and payment systems to support it Read Full Article at RT.com",RT,Russia,News,2026-09-13T20:28:18.577089Z
2e369d28c02acd9cd8815953ac8affd0,"Iran bags US hardware, German voters revolt, and Zelensky survives a 160km ‘near-miss’: RT stories that shaped the week",https://www.rt.com/news/645510-rt-top-stories-iran-germany-ukraine/,RT,2026-09-11T21:11:57Z,shipping sanctions,"US-Iran strikes send oil above $100 as AfD surges in Germany, Ukraine faces new graft scandals and Russia-India ties deepen Read Full Article at RT.com",RT,India,News,2026-09-13T20:28:18.577116Z
6086cf0b15fb880814d9f28b29a9f70d,Iran says will discuss Strait of Hormuz with Gulf states on Monday,https://www.aljazeera.com/news/2026/9/11/iran-says-will-discuss-strait-of-hormuz-with-gulf-states-on-monday,Al Jazeera Staff,2026-09-11T18:33:36Z,shipping sanctions,Iran's Foreign Ministry says the meeting in Oman is to 'promote better understanding among the countries of the region'.,Al Jazeera English,Unknown,News,2026-09-13T20:28:18.577214Z
c507a4f2e52b8bba99b7e04468550ade,"Iran, Russia condemn Western economic sanctions and urge BRICS bloc to deepen economic ties",https://www.cnbc.com/2026/09/11/iran-russia-brics-sanctions-energy.html,Priyanka Salve,2026-09-11T15:10:45Z,shipping sanctions,Iranian President Masoud Pezeshkian and Russian President Vladimir Putin criticized Western sanctions and asked the BRICS bloc to deepen trade ties.,CNBC,Russia,News,2026-09-13T20:28:18.577323Z
72f14f020e48cb0a7532fab71d205546,EU can forget about competitiveness at current energy prices – Tusk,https://www.rt.com/news/645448-tusk-eu-energy-prices/,RT,2026-09-11T11:56:30Z,shipping sanctions,Poland’s Tusk and fellow Visegrad leaders warn EU policies are squeezing industry as high energy costs undermine the bloc’s competitiveness Read Full Article at RT.com,RT,Unknown,Market Report,2026-09-13T20:28:18.577498Z
cd2e3ea481d2ed119f4e1f4f446cd458,Major banks raise oil forecasts amid Gulf shipping disruptions,https://cryptobriefing.com/major-banks-raise-oil-forecasts-amid-gulf-shipping-disruptions/,Estefano Gomez,2026-09-11T09:24:05Z,shipping sanctions,"Rising oil forecasts amid Gulf disruptions could lead to increased market volatility and influence global economic stability and energy policies.
The post Major banks raise oil forecasts amid Gulf shipping disruptions appeared first on Crypto Briefing.",Crypto Briefing,Global,Analysis/Opinion,2026-09-13T20:28:18.577590Z
6ba2c3d49f64f33baadd25c8e1862139,Oil prices surge as Houthis seize Red Sea port amid growing fears Iran-backed rebels will paralyse supply route vital for the West,https://www.dailymail.com/news/article-16122827/Oil-prices-surge-Houthis-seize-Red-Sea-port.html,Sabrina Penty,2026-09-11T06:57:41Z,shipping sanctions,Oil prices surged as Iran-backed Houthis seized control of Yemen's port city of Mokha on Thursday - an area vital to controlling shipping through the Red Sea.,Dailymail.com,Unknown,Market Report,2026-09-13T20:28:18.577685Z
edc16943603cf71fd079fa1bb43d2a04,"Iran-backed Houthi rebels take strategic port city in Yemen, raising threat to Red Sea shipping",https://abcnews.com/International/wireStory/iran-backed-houthi-rebels-strategic-port-city-yemen-136336641,"AHMED AL-HAJ Associated Press, FATMA KHALED Associated Press",2026-09-11T06:42:44Z,shipping sanctions,The Iran-backed Houthi rebel group has taken control of Yemen's strategic Red Sea port city of Mokha,Abcnews.com,Unknown,News,2026-09-13T20:28:18.577719Z
8eeccd4c3a6197cb0e82bc27d5471816,Trump's Iran campaign echoes the post-9/11 'forever wars',https://www.rte.ie/news/analysis-and-comment/2026/0911/1591110-trump-911-analysis/,RTÉ News,2026-09-11T06:00:01Z,shipping sanctions,"Donald Trump returned to the White House promising to be a 'president of peace,' pledging to avoid the prolonged conflicts that defined America's post-9/11 foreign policy. Yet with his war with Iran, the US finds itself facing many of the same challenges that…",RTE,USA,News,2026-09-13T20:28:18.577748Z
5ee2be93f3174d09d5e44f551dffe2f3,Iran-backed Houthi rebels seize strategic Red Sea port in Yemen,https://www.npr.org/2026/09/11/g-s1-142822/houthis-red-sea-port,The Associated Press,2026-09-11T05:40:21Z,shipping sanctions,"The rebel group took over Yemen's port of Mokha, an area vital to controlling shipping through the Red Sea, Houthi and Yemeni officials said. Mokha is about 50 miles from the Bab el-Mandeb Strait.",NPR,Unknown,News,2026-09-13T20:28:18.577788Z
669626abfbd733b54b66cac8db877543,Bessent says 'a large bank' will be sanctioned on Monday as part of Iran strategy,https://www.cnbc.com/2026/09/11/bessent-large-bank-sanctioned.html,Justina Lee,2026-09-11T00:54:51Z,shipping sanctions,U.S. Treasury Secretary Scott Bessent said that a large bank would be sanctioned next week.,CNBC,Unknown,News,2026-09-13T20:28:18.577919Z
7438382fbd7793ab0c71e2cb4a499a39,UN envoy warns Security Council Yemen’s war has entered ‘dangerous phase’,https://www.aljazeera.com/news/2026/9/10/un-envoy-warns-security-council-yemens-war-has-entered-dangerous-phase,Al Jazeera Staff,2026-09-10T23:46:07Z,shipping sanctions,Envoy for Yemen Hans Grundberg demands urgent steps to protect civilians and trade routes amid Houthi escalation.,Al Jazeera English,Unknown,News,2026-09-13T20:28:18.577958Z
8a10eec8ecd221193507bb24ee9705d3,Trump Renews Post-9/11 National Emergency for 25th Year in a Row,https://truthout.org/articles/trump-renews-post-9-11-national-emergency-for-25th-year-in-a-row/,Sharon Zhang,2026-09-10T20:36:15Z,shipping sanctions,"The US’s post-9/11 wars have cost the country at least $8 trillion in military costs, research recently found.",Truthout,Unknown,News,2026-09-13T20:28:18.578005Z
b912feba08d0521011e290952d570430,Pakistan Warns Iran to Keep the Houthis Away from Saudi Arabia,https://www.breitbart.com/national-security/2026/09/10/pakistan-warns-iran-to-keep-the-houthis-away-from-saudi-arabia/,John Hayward,2026-09-10T19:38:24Z,shipping sanctions,"Pakistan delivered a warning to Iran on Wednesday that if Tehran’s terrorist proxies in Yemen, the Houthis, continue attacking cities and oil facilities in Saudi Arabia, Pakistan may be obliged to intervene under its defense pact with the Saudis.
The post Pak…",Breitbart News,Unknown,News,2026-09-13T20:28:18.578061Z
61ee3727cffed10abc27dff4356c75ff,Iran suspends 10% freight charge on foreign vessels carrying energy products,https://cryptobriefing.com/iran-suspends-freight-charge-foreign-vessels-energy/,Editorial Team,2026-09-10T18:06:37Z,shipping sanctions,"Iran's freight charge suspension aims to boost foreign carrier participation, but sanctions and geopolitical tensions remain significant hurdles.
The post Iran suspends 10% freight charge on foreign vessels carrying energy products appeared first on Crypto Br…",Crypto Briefing,Unknown,News,2026-09-13T20:28:18.578141Z
5d49fb66cdad13beb53d92a6fd38a5fa,"Iran, USA Brace for Long War",https://www.rigzone.com/news/wire/iran_usa_brace_for_long_war-10-sep-2026-184585-article/,"Patrick Sykes, Jonathan Tirone",2026-09-10T14:15:08Z,shipping sanctions,Iran and the U.S. are digging in for a protracted war.,Rigzone,Unknown,News,2026-09-13T20:28:18.578238Z
b179143acce4471ece5a1d8736314f64,"Current price of oil as of September 10, 2026",https://fortune.com/article/price-of-oil-09-10-2026/,Joseph Hostetler,2026-09-10T12:30:00Z,shipping sanctions,"When oil prices change, it affects your energy costs—and even the price of everyday items. Here’s why.",Fortune,Unknown,Market Report,2026-09-13T20:28:18.578268Z
cb93e28cc653aa0453a5bf2b80026a0f,Trump Is Preparing for a Long War,https://www.theatlantic.com/national-security/2026/09/trump-iran-war-navy/688563/,"Nancy A. Youssef, Jonathan Lemire",2026-09-10T12:12:02Z,shipping sanctions,"The military is doing long-term planning for its force in the Persian Gulf, risking further strain on the Navy.",The Atlantic,Unknown,News,2026-09-13T20:28:18.578298Z
a87a539702fe7519297f88c8549a1e9e,Why Were Iranian Tankers Struck By US Registered In Random African Countries?,https://thefederalist.com/2026/09/10/why-were-iranian-tankers-struck-by-us-registered-in-random-african-countries/,Breccan F. Thies,2026-09-10T11:30:54Z,shipping sanctions,"U.S. Central Command (CENTCOM) announced Tuesday it destroyed five Iranian crude oil vessels in retaliation for targeting a U.S. Navy warship, but notably, four of the ships appear to have been sailing under the flags of random African and small island nation…",The Federalist,Unknown,News,2026-09-13T20:28:18.578352Z
39ff3b728f79028de551c63911becbfb,Iran suspends 10% freight charge on foreign energy vessels amid tensions,https://cryptobriefing.com/iran-suspends-10-freight-charge-on-foreign-energy-vessels-amid-tensions/,Estefano Gomez,2026-09-10T10:59:38Z,shipping sanctions,"Iran's freight charge suspension may ease shipping tensions temporarily, but geopolitical dynamics could still affect future maritime policies.
The post Iran suspends 10% freight charge on foreign energy vessels amid tensions appeared first on Crypto Briefing.",Crypto Briefing,Unknown,News,2026-09-13T20:28:18.578399Z
425762d6541ca1f0785444c1f794ecd8,"If you delay further, it's over, go home now - Iran warns the American military",https://english.gossiplankanews.com/2026/09/if-you-delay-further-its-over-go-home.html,noreply@blogger.com (Unknown),2026-09-10T09:10:37Z,shipping sanctions,"Iran's Parliament Speaker and chief negotiator, Mohammad Bagher Ghalibaf, warned on September 6, 2026, that if America launches another attack against Iranian interests, it will face a faster, stronger, and more painful response. He urged American troops to r…",Gossiplankanews.com,USA,News,2026-09-13T20:28:18.578480Z
16e7dd7b66d1ad55312f3d9c0e88d24f,Iran dodges sanctions using barter system to buy billions of dollars of Chinese goods,https://cryptobriefing.com/iran-dodges-sanctions-using-barter-system-to-buy-billions-of-dollars-of-chinese/,Estefano Gomez,2026-09-10T06:26:40Z,shipping sanctions,"Iran's barter trade with China may bolster its economic resilience, reducing immediate conflict risks but affecting global market dynamics.
The post Iran dodges sanctions using barter system to buy billions of dollars of Chinese goods appeared first on Crypto…",Crypto Briefing,China,Market Report,2026-09-13T20:28:18.578588Z
d768b68ce27f8097f11c7c744565c7cb,"BRICS Summit in New Delhi: The grande finale is India's moment to navigate a bigger, and more divided bloc",https://economictimes.indiatimes.com/news/economy/policy/brics-summit-in-new-delhi-the-grande-finale-is-indias-moment-to-navigate-a-bigger-and-more-divided-bloc/articleshow/133956218.cms,ET Online,2026-09-10T06:03:33Z,shipping sanctions,"India hosts the BRICS summit, aiming to unify the expanded group.  The enlarged bloc now includes major energy producers and consumers, fostering economic cooperation.  New Delhi seeks to increase intra-BRICS trade and reduce dollar dependence through local c…",The Times of India,India,News,2026-09-13T20:28:18.578618Z
2cce6da62132357abb1dfa8afdfac4fb,Trump Predicts Iran War Will End “Immediately” After November Midterms,https://www.naturalnews.com/2026-09-10-trump-predicts-end-iran-war-after-midterms.html,Garrison Vance,2026-09-10T06:00:00Z,shipping sanctions,"President Donald Trump said Wednesday, Sept. 9, he believes the war with Iran will end “immediately” after the U.S. midterm elections in November. Trump told journalists that Tehran “can’t hold out any longer” and accused the Iranian government of being “desp…",Naturalnews.com,Unknown,News,2026-09-13T20:28:18.578674Z
3b47199e952e25a33d7ad188e436f626,"Israel holds the high ground, Iranian Axis severely weakened",https://www.israelnationalnews.com/news/432988,Amine Ayoub,2026-09-10T04:33:37Z,shipping sanctions,"From the Syrian summit overlooking Damascus, the Israeli prime minister asserts unprecedented control of the northern border and states that the regime in Tehran is “very close"" to defeat, recasting the security balance in the Middle East. Is he correct? Opin…",Israelnationalnews.com,Unknown,News,2026-09-13T20:28:18.578777Z
80acbe07ed181995f4cb0b04907b2274,"Victoria leads nation for theft-related insurance claims, data shows",https://www.abc.net.au/news/2026-09-10/victoria-costly-car-theft-insurance-claims-revealed/107136880,,2026-09-10T04:24:45Z,shipping sanctions,"The Insurance Council of Australia calls for urgent action to address crime in Victoria, with theft-related claims costing insurers more than $300 million in the last financial year.",ABC News (AU),Australia,News,2026-09-13T20:28:18.578795Z
990fef9e7673e7f58eb6070222bcb5b2,"A China-Taiwan War Could Bring The Global Economy To Its Knees, Top Diplomat Warns",https://dailycaller.com/2026/09/09/china-taiwan-war-global-economy-top-diplomat-raymond-greene-warning,Francis Kapper,2026-09-09T19:20:33Z,shipping sanctions,"A war over Taiwan could unleash an economic shock greater than World War II, according to a top U.S. diplomat.",The Daily Caller,China,News,2026-09-13T20:28:18.578864Z
430e9fdf4bf449755c24477a04d2a65d,Iran-Backed Houthis Threaten Red Sea Shipping and Bab el-Mandeb Strait,https://www.breitbart.com/national-security/2026/09/09/iran-backed-houthis-threaten-red-sea-shipping-bab-el-mandeb-strait/,John Hayward,2026-09-09T19:04:08Z,shipping sanctions,"Intense fighting between the Iran-backed Houthi insurgents and the internationally recognized government of Yemen continued on Wednesday.
The post Iran-Backed Houthis Threaten Red Sea Shipping and Bab el-Mandeb Strait appeared first on Breitbart.",Breitbart News,Global,News,2026-09-13T20:28:18.578911Z
291cee8cfe2d3f2adfe0ced423972d4f,IAEA reports Iran to UN Security Council for nuclear breaches in first referral in two decades,https://cryptobriefing.com/iaea-reports-iran-un-security-council-nuclear-breaches/,Editorial Team,2026-09-09T16:34:45Z,shipping sanctions,"The IAEA's referral of Iran to the UN Security Council could trigger geopolitical tensions, impacting global energy markets and diplomatic relations.
The post IAEA reports Iran to UN Security Council for nuclear breaches in first referral in two decades appea…",Crypto Briefing,Global,Market Report,2026-09-13T20:28:18.579017Z
146af2ef655025ff46db782f2452f00d,US Destroys Five Iranian Tankers After Missile Attacks; Iran Hits Jordan Base as Oil Tops $100,https://www.ibtimes.com.au/us-destroys-iranian-oil-tankers-naval-conflict-1875255,Anthony Will,2026-09-09T15:34:54Z,shipping sanctions,"The U.S. destroyed five Iranian oil tankers following missile attacks on a Navy warship, escalating tensions in a six-month conflict affecting global oil prices and regional stability.",Ibtimes.com.au,Global,Market Report,2026-09-13T20:28:18.579054Z
39ece2b0f39410388f84289b02200c8e,"US, Iran Trade Strikes On Shipping As Oil Prices Surge Above $100 A Barrel",https://www.rferl.org/a/iran-us-oil-shipping-hormuz/33851101.html,RFE/RL,2026-09-09T15:29:20Z,shipping sanctions,"Iran said it attacked vessels near the Strait of Hormuz on September 9 after the United States destroyed several Iranian oil tankers overnight, in a sharp escalation in the six-month war.",Radio Free Europe/ Radio Liberty,USA,Market Report,2026-09-13T20:28:18.579073Z
1873b7f8c8bf3067e42381d2ff9521e8,Trump’s pressure campaign has Iran reeling. America can’t hesitate now,https://www.foxnews.com/opinion/trumps-pressure-campaign-iran-reeling-america-cant-hesitate-now,,2026-09-09T14:00:20Z,shipping sanctions,"Operation Epic Fury has degraded entire categories of Iran's military, but the United States faces concerns over Russian and Chinese IRGC support.",Fox News,China,News,2026-09-13T20:28:18.579090Z
a48c03adc891df048a8e1dd42951f8ee,Shipping Nations Warn Global Trade Is Fracturing — And Everyone Pays,https://gcaptain.com/shipping-nations-warn-global-trade-is-fracturing-and-everyone-pays/,Bloomberg,2026-09-09T12:10:43Z,shipping sanctions,"The armed conflicts, trade wars, and extreme weather events hammering maritime supply chains are not one-offs, but rather signs of a “structural shift” for global trade, 18 of the most important shipping nations warned on Tuesday.",gcaptain.com,Global,News,2026-09-13T20:28:18.579138Z
761596d6ef3142e6b5d0aec1ed85c7c2,"US, Iran Trade Strikes On Shipping As Oil Prices Surge Above $100 A Barrel",https://www.globalsecurity.org/military/library/news/2026/09/mil-260909-rferl02.htm,John Pike,2026-09-09T12:00:00Z,shipping sanctions,"Iran said it attacked vessels near the Strait of Hormuz on September 9 after the United States destroyed several Iranian oil tankers overnight, in a sharp escalation in the six-month war.",Globalsecurity.org,USA,Market Report,2026-09-13T20:28:18.579152Z
ce50172bf577b1b75087785ffe011ab4,Iran Introduces No-Shipping Zone East of Strait of Hormuz - Report,https://www.globalsecurity.org/wmd/library/news/iran/2026/09/iran-260909-sputnik01.htm,John Pike,2026-09-09T12:00:00Z,shipping sanctions,"Iran is imposing a no-shipping zone east of the Strait of Hormuz, and vessels must coordinate with Tehran to pass through it, Islamic Revolutionary Guard Corps (IRGC) spokesman Hossein Mohebbi said on Wednesday.",Globalsecurity.org,Unknown,Market Report,2026-09-13T20:28:18.579190Z
ae1504f26f9e4cde77f572c183795508,The Morning Risk Report: Iranian Airline Favored by the Regime Is Defying Sanctions,https://biztoc.com/x/719e56eedf031001,wsj.com,2026-09-09T11:26:30Z,shipping sanctions,Plus: Shipping powers say free seas are threatened and Europe issues new trade bans on Israel,Biztoc.com,Unknown,Market Report,2026-09-13T20:28:18.579221Z
e1b30c650efe3926bf6240d86a9e99a8,Iran Introduces No-Shipping Zone East of Strait of Hormuz - Report,https://sputnikglobe.com/20260909/iran-introduces-no-shipping-zone-east-of-strait-of-hormuz---report-1124703570.html,Sputnik International,2026-09-09T11:08:02Z,shipping sanctions,"TEHRAN (Sputnik) - Iran is imposing a no-shipping zone east of the Strait of Hormuz, and vessels must coordinate with Tehran to pass through it, Islamic Revolutionary Guard Corps (IRGC) spokesman Hossein Mohebbi said on Wednesday.",Sputnikglobe.com,Unknown,Market Report,2026-09-13T20:28:18.579257Z
698bcd95819a8ba66d0383f0e2449060,"Current price of oil as of September 9, 2026",https://fortune.com/article/price-of-oil-09-09-2026/,Joseph Hostetler,2026-09-09T11:00:00Z,shipping sanctions,"When oil prices change, it affects your energy costs—and even the price of everyday items. Here’s why.",Fortune,Unknown,Market Report,2026-09-13T20:28:18.579288Z
c0ba4f73f5326345db9b1be3bb6144fb,"Iran’s Revolutionary Guard establishes exclusion zone in Strait of Hormuz, threatening severe repercussions",https://cryptobriefing.com/irgc-strait-of-hormuz-exclusion-zone/,Editorial Team,2026-09-09T10:57:44Z,shipping sanctions,"Iran's actions in the Strait of Hormuz could escalate geopolitical tensions, disrupt global oil supply chains, and impact maritime trade routes.
The post Iran’s Revolutionary Guard establishes exclusion zone in Strait of Hormuz, threatening severe repercussio…",Crypto Briefing,Global,News,2026-09-13T20:28:18.579346Z
3b4afb1cdb00707e10b64155636e1f8a,Shipping Nations Warn Global Trade Is Fracturing — And Everyone Pays,https://www.insurancejournal.com/news/international/2026/09/09/884437.htm,Admin,2026-09-09T10:36:48Z,shipping sanctions,"The armed conflicts, trade wars, and extreme weather events hammering maritime supply chains are not one-offs, but rather signs of a “structural shift” for global trade, 18 of the most important shipping nations warned on Tuesday. “Shipping routes are increas…",Insurance Journal,Global,News,2026-09-13T20:28:18.579465Z
c6ffacf22bb8996bc9a9d8ba759329ae,Saudi’s Humain is planning an IPO and a $2.5 billion fund to fuel its expansion plans,https://fortune.com/2026/09/09/saudi-humain-planning-ipo-2-5-billion-fund-expansion-plans-moove-adgm/,Melissa Hancock,2026-09-09T09:27:49Z,shipping sanctions,In this week’s Fortune Gulf Brief.,Fortune,Unknown,News,2026-09-13T20:28:18.579498Z
8bd12faf0a02ea2ea7e80d446272a6a0,"Medicine shortages grow in Iran as US tightens sanctions, blockade",https://www.aljazeera.com/news/2026/9/9/medicine-shortages-grow-in-iran-as-us-tightens-sanctions-blockade,Maziar Motamedi,2026-09-09T07:14:12Z,shipping sanctions,"Many Iranians cannot access or afford life-saving drugs, but authorities say pharmaceutical sector will not collapse.",Al Jazeera English,Unknown,News,2026-09-13T20:28:18.579533Z
e924c813cf5f32465323409b69ea9a98,Qatari Official Says U.S. Military Presence Alone Is Insufficient for Gulf Security,https://www.naturalnews.com/2026-09-09-official-us-military-presence-insufficient-gulf-security.html,Garrison Vance,2026-09-09T06:00:00Z,shipping sanctions,"Qatar’s foreign ministry spokesperson, Majed al-Ansari, said on Monday that a strategic alliance with the United States is no longer sufficient to guarantee Gulf security, according to reports from the Hili Forum in Abu Dhabi. Al-Ansari stated that the war wi…",Naturalnews.com,USA,Market Report,2026-09-13T20:28:18.579561Z
98508d70efcc06cd5a398fdfc7cb5ffc,How to Survive in a World Without Rules,http://foreignpolicy.com/2026/09/09/hal-brands-rules-based-order-great-power-politics-geopolitics/,Hal Brands,2026-09-09T04:02:35Z,shipping sanctions,Self-help is becoming more vital in a vicious world.,Foreign Policy,Unknown,News,2026-09-13T20:28:18.579586Z
42882b9848639b27ef9ba7d20a673ac7,"We killed the man, not the machine",https://www.americanthinker.com/blog/2026/09/we-killed-the-man-not-the-machine/,,2026-09-09T04:00:00Z,shipping sanctions,By Meda Parameswara ReddyWhy tactical decapitation failed in Tehran—and the moral imperative for real transition.,Americanthinker.com,Unknown,News,2026-09-13T20:28:18.579622Z
0f628ae44e0f3b4abc5d52c9e1949ca0,Iran retaliates against Jordan and Saudi Arabia after U.S. destroys oil tankers,https://www.haaretz.com/israel-news/israel-security/2026-09-09/ty-article-live/iran-retaliates-against-jordan-and-saudi-arabia-after-u-s-destroys-oil-tankers/000001a0-83d7-d290-a9e3-dff7871b0000,Haaretz,2026-09-09T02:25:24Z,shipping sanctions,"Iran's Guards say they attacked two U.S. vessels, eight tankers, 10 ships in Gulf and Strait of Hormuz. Shipping traffic via Strait of Hormuz stays below 10-day average, data shows. Miliband defends West Bank sanctions after rejecting pleas from Jewish leader…",Haaretz,Unknown,News,2026-09-13T20:28:18.579706Z
543cb1388c30849cb9e4c5c64a3d9116,Iran and Ukraine are the last conflicts of the Cold War — and their end could spur an open future for the world,https://nypost.com/2026/09/08/opinion/iran-and-ukraine-are-the-last-conflicts-of-the-cold-war-and-their-end-could-spur-an-open-future-for-the-world/,Martin Gurri,2026-09-09T01:32:16Z,shipping sanctions,A war is a clash of wills — a bloody collision between irreconcilable national interests.,New York Post,Ukraine,News,2026-09-13T20:28:18.579734Z
66990da8ad42d60d7c96d7afc10c7773,US destroys 5 Iranian oil tankers near Kharg Island to turn the screws on Tehran,https://freerepublic.com/focus/f-news/4394754/posts,NY Post,2026-09-09T00:12:00Z,shipping sanctions,American forces destroyed five Iranian oil tankers near Kharg Island and Jask on Tuesday as the US added military might to its economic squeeze of the Islamic Republic. US Central Command said in a statement that it carried out the strikes that downed five Ir…,Freerepublic.com,USA,News,2026-09-13T20:28:18.579766Z
e313e0014a004769ef73c195d896718c,Iran’s Oil Exports Collapse as Hormuz Standoff Drags On,https://oilprice.com/Energy/Crude-Oil/Irans-Oil-Exports-Collapse-as-Hormuz-Standoff-Drags-On.html,Tsvetana Paraskova,2026-09-09T00:00:00Z,shipping sanctions,"More than six months after the U.S.-Iran war began, shipping traffic at the Strait of Hormuz remains disrupted, and oil prices are once again closing in on the $100 per barrel mark. The U.S. and Iran remain deadlocked at the start of the seventh month of the …",OilPrice.com,Unknown,Market Report,2026-09-13T20:28:18.579813Z
76e148f479f39fe1d78597d95f83ccd7,China and Qatar are strengthening bilateral ties: What that really means,https://www.aljazeera.com/features/2026/9/8/china-and-qatar-are-strengthening-bilateral-ties-what-that-really-means,Katrina Yu,2026-09-08T18:44:39Z,shipping sanctions,Beijing says it will increase coordination with Doha to help de-escalate regional tensions amid the ongoing war on Iran.,Al Jazeera English,China,News,2026-09-13T20:28:18.579873Z
12d4e1e48fe911541673acf7c39ca4ba,"Written Ministerial Statement: Iran Sanctions, 8 September 2026",https://www.gov.uk/government/speeches/written-ministerial-statement-iran-sanctions-8-september-2026,"Foreign, Commonwealth & Development Office",2026-09-08T18:23:16Z,shipping sanctions,"The Minister for the Middle East, Stephen Doughty MP, has provided a written update to parliament on Iran Sanctions measures.",Www.gov.uk,Unknown,News,2026-09-13T20:28:18.579907Z
3502efdf39d3e97d5e4a390682b88aca,"OPEC crude oil production falls 900,000 barrels per day in August as Saudi Arabia curbs output",https://cryptobriefing.com/opec-crude-oil-production-falls-august/,Editorial Team,2026-09-08T17:58:27Z,shipping sanctions,"Geopolitical tensions and export route disruptions heighten global oil market volatility, challenging OPEC+'s credibility and stability.
The post OPEC crude oil production falls 900,000 barrels per day in August as Saudi Arabia curbs output appeared first on …",Crypto Briefing,Global,Market Report,2026-09-13T20:28:18.579953Z
cdae6c01c46bbaef25d24ab9ae6fa2b3,Office of Foreign Assets Control adds multiple Iranian airlines to sanctions list,https://cryptobriefing.com/ofac-sanctions-iranian-airlines/,Editorial Team,2026-09-08T14:48:01Z,shipping sanctions,"The sanctions intensify economic isolation for Iran, impacting global aviation supply chains and increasing compliance burdens on digital platforms.
The post Office of Foreign Assets Control adds multiple Iranian airlines to sanctions list appeared first on C…",Crypto Briefing,Global,News,2026-09-13T20:28:18.580026Z
46855d312ab246e341000044e888a4c9,US intensifies sanctions in ‘greatest economic isolation’ against Iran,https://cryptobriefing.com/us-intensifies-sanctions-in-greatest-economic-isolation-against-iran/,Estefano Gomez,2026-09-08T13:44:07Z,shipping sanctions,"The intensified sanctions may hinder diplomatic resolutions, reducing prospects for U.S.-Iran deals and impacting global market stability.
The post US intensifies sanctions in ‘greatest economic isolation’ against Iran appeared first on Crypto Briefing.",Crypto Briefing,Global,Market Report,2026-09-13T20:28:18.580075Z
a5d080c7a16d1bd8627bc65026e125f2,"Current price of oil as of September 8, 2026",https://finance.yahoo.com/energy/articles/current-price-oil-september-8-130000481.html,Joseph Hostetler,2026-09-08T13:00:00Z,shipping sanctions,"When oil prices change, it affects your energy costs—and even the price of everyday items. Here’s why.",Yahoo Entertainment,Unknown,Market Report,2026-09-13T20:28:18.580105Z
f5096dd55e08d096c1ce701997edf8ec,Britain Tightens Sanctions On Iran,https://www.globalsecurity.org/wmd/library/news/iran/2026/09/iran-260908-rferl04.htm,John Pike,2026-09-08T12:00:00Z,shipping sanctions,"Britain on September 8 published legislation introducing tougher sanctions on Iran, expanding trade restrictions and powers to target ships as part of a wider effort to curb Tehran's nuclear program and other activities the United Kingdom considers hostile.",Globalsecurity.org,UK,News,2026-09-13T20:28:18.580147Z
6ab14b05567291e2e379de9c7fc21ae2,"Written Ministerial Statement: Iran Sanctions, 8 September 2026",https://www.globalsecurity.org/wmd/library/news/iran/2026/09/iran-260908-ukfcdo01.htm,John Pike,2026-09-08T12:00:00Z,shipping sanctions,"The Minister for the Middle East, Stephen Doughty MP, has provided a written update to parliament on Iran Sanctions measures.",Globalsecurity.org,Unknown,News,2026-09-13T20:28:18.580177Z
ced4fea83cf33c96416d0b8bfe98259e,Tuesday: Hili dialogue,https://whyevolutionistrue.com/2026/09/08/tuesday-hili-dialogue-596/,whyevolutionistrue,2026-09-08T11:45:52Z,shipping sanctions,"Welcome to Tuesday, not the Cruelest Day this week because in America this “work week” has only four days.  It is September 8, 2026 and it’s National Ants on a Log Day. What is that? This “healthy snack” comes from my childhood, and consists of peanut butter …",Whyevolutionistrue.com,USA,News,2026-09-13T20:28:18.580205Z
bd3626d31e7f50c91c169677262eae75,100 DeepMind agents were told not to cheat. 14% did anyway,https://thenextweb.com/news/deepmind-agents-cheating-whistleblowing-research-swarm,Ana Maria Constantin,2026-09-08T11:07:13Z,shipping sanctions,"Google DeepMind put 100 AI agents in a room and asked them to prove hard mathematics. One found a way to cheat. Twenty-seven minutes later the entire problem set was gone. The paper, published on arXiv last week by six DeepMind researchers, is a case study ra…",The Next Web,Unknown,News,2026-09-13T20:28:18.580254Z
2fd4665c3f00508fb9e6ae928a19ee95,Explained in 60 seconds: What is Iran’s new ‘exclusion zone’ near Strait of Hormuz?,https://www.thehindubusinessline.com/multimedia/video/explained-in-60-seconds-what-is-irans-new-exclusion-zone-near-strait-of-hormuz/article71441772.ece,PTI,2026-09-08T08:11:32Z,shipping sanctions,"Iran plans a new exclusion zone near the Strait of Hormuz, potentially disrupting shipping routes and impacting global energy markets.",BusinessLine,Global,Market Report,2026-09-13T20:28:18.580372Z
213aaffbb33528d12ffca65f2f2137ee,Goldman Sachs’ big warning! Oil prices could soar to $120 if attacks on shipping continue in Hormuz Strait,https://economictimes.indiatimes.com/markets/commodities/news/goldman-sachs-big-warning-oil-prices-could-soar-to-120-if-attacks-on-shipping-continue-in-hormuz-strait/articleshow/133915395.cms,Veer Sharma,2026-09-08T07:55:27Z,shipping sanctions,"Goldman Sachs warned Brent crude could rise to $120 a barrel if Middle East shipping disruptions intensify, while JPMorgan sees further upside with prolonged disruption. Rising geopolitical risks, Strait of Hormuz tensions and supply concerns are keeping oil …",The Times of India,Unknown,Market Report,2026-09-13T20:28:18.580423Z
fed50ce02434c86d7ae9b5b2390ae2f5,Krawl v2.4.0,https://kitploit.com/en/posts/github-blessedrebus-krawl-v240,Kitploit,2026-09-12T07:30:01Z,export bans,"Krawl is a customizable, lightweight, cloud-native web deception server and anti-crawler that creates fake web applications with low-hanging vulnerabilities using realistic, randomly generated decoy data and AI-generated HTML templates.",Kitploit.com,Unknown,News,2026-09-13T20:28:18.929568Z
fac879677672e3a0d6f67ae89ae9e1b9,IEA Says Ukraine Strikes Degrade Russian Oil Refining Sector,https://www.rigzone.com/news/wire/iea_says_ukraine_strikes_degrade_russian_oil_refining_sector-11-sep-2026-184597-article/,Bloomberg News,2026-09-11T20:00:00Z,export bans,"Drones are now hitting secondary-processing units at Russia's refineries, which may require six to eight months to replace, according to IEA estimates.",Rigzone,Russia,News,2026-09-13T20:28:18.929606Z
66b9fb4a8d9964b1d30c2db63b8e94da,The UK and 12 Others Counttries Sanction Israel: Has a New Era Begun for Palestine?,https://www.globalresearch.ca/uk-12-others-sanction-israel/5940068,Steven Sahiounie,2026-09-11T12:58:53Z,export bans,"Britain’s historic role in Palestine created the Palestinian-Israel conflict and shaped the modern Middle East. For more than seven decades, Palestinians have endured displacement, loss of land, military occupation, repeated wars and serious violations of int…",Globalresearch.ca,UK,News,2026-09-13T20:28:18.929862Z
08ba45d405a65eb05d81b1651ab87da3,N.B. manufacturer doubles down on Canada after trade war dries up U.S. business,https://www.cbc.ca/news/canada/new-brunswick/malley-industries-ambulance-trade-war-tariffs-9.7338699,Raechel Huizinga,2026-09-11T09:00:00Z,export bans,"Since last April, Malley Industries said its U.S. business has shrunk by about 80 per cent.",CBC News,Unknown,News,2026-09-13T20:28:18.929961Z
ff3ee9efb74c69ba7c66f765a86d46da,DeepSeek Just Crushed the Revenue Model Hopes of U.S. Frontier AI Companies,https://www.naturalnews.com/2026-09-11-deepseek-crushed-revenue-model-hopes-ai-companies.html,Mike Adams,2026-09-11T06:00:00Z,export bans,"The Great Unraveling of the American AI Mirage As I sit here in my mini data center, watching the telemetry from our local inference nodes, I’m witnessing a seismic shift that the financial press is only beginning to grasp. The recent releases from DeepSeek a…",Naturalnews.com,USA,News,2026-09-13T20:28:18.930007Z
db5d15b7a6eee6102c8090293bc7ca4c,A century of British hostility,https://www.israelnationalnews.com/news/433049,"Michael L. Wise, PhD",2026-09-11T03:16:19Z,export bans,"Britain did not recognize Israel until 1950, two years after its founding, and was among the last Western democracies to do so. Part of a pattern. Opinion.",Israelnationalnews.com,UK,Analysis/Opinion,2026-09-13T20:28:18.930034Z
69431cca5741ca88a1dd7a13192970fe,"China's AI accelerator supplier Biren posts 2,000% year-over-year revenue growth — US export controls benefit homegrown chips as Nvidia and AMD exit market",https://www.tomshardware.com/tech-industry/artificial-intelligence/chinas-ai-accelerator-supplier-biren-posts-2-000-percent-year-over-year-revenue-growth-export-controls-benefit-homegrown-chips-as-nvidia-and-amd-exit-market,"ashilov@gmail.com (Anton Shilov) , Anton Shilov",2026-09-10T12:40:00Z,export bans,Biren Technology shows unprecedented shipments growth in 1H 2026 as competition from AMD and Nvidia vanishes (at least officially).,Tom's Hardware UK,China,Market Report,2026-09-13T20:28:18.930052Z
b76caa32f8c370784e9eab005f15dc47,Trump’s dairy salvo targets Canadian cheese and whey,https://www.thestar.com/business/trump-s-new-50-cheese-tariffs-and-whey-import-ban-poised-to-sting-canadian-dairy-exporters/article_cb6fe871-4021-47af-8cba-8a939c203a80.html,Estella Ren,2026-09-10T09:34:32Z,export bans,"Analysts say the restrictions are a direct shot at Canada's supply management system, but stop short of threatening the broader dairy sector.",Toronto Star,Unknown,News,2026-09-13T20:28:18.930093Z
3984ea8ba26669f6b85f0c525e1415cb,"What will Trump's retaliatory tariffs do to Canada’s economy big picture? Not that much, economists predict",https://www.cbc.ca/news/business/us-retaliatory-tariffs-bans-economic-impact-9.7337788,Abby Hughes,2026-09-09T22:49:44Z,export bans,"With some tariffs added and others removed, economists predict that big picture the changes will break even. But certain industries will still be hit hard, they say, and the tit-for-tat will weigh on business owners' confidence.",CBC News,Unknown,News,2026-09-13T20:28:18.930201Z
280a7ffef24de7533451fe0147028bc3,"China Imposes Drone Export Controls, Sanctions U.S. Entities in Trade Countermeasures",https://activistpost.com/china-imposes-drone-export-controls-sanctions-u-s-entities-in-trade-countermeasures/,Editor,2026-09-09T21:27:40Z,export bans,"China’s Ministry of Commerce (MOFCOM) announced on Wednesday, Aug. 5, that exports of drones, drone components and related dual-use technologies to the United States will face “stricter case-by-case review,” according to a ministry statement [1]. The controls…",Activistpost.com,China,Analysis/Opinion,2026-09-13T20:28:18.930215Z
2b88c0d1724f850d5ed5bf0276104c7c,"A Pointless Trade War Is One Thing, but I’ll Be Damned If They Take Our Canadian Booze",https://www.jezebel.com/canada-trade-war-canadian-alcohol-ban-whiskey-beer-import-restrictions-reciprocal-tariffs-donald-trump,Jim Vorel,2026-09-09T15:17:33Z,export bans,"Skyrocketing costs on toilet paper, lumber and auto parts is bad enough thanks to Trump's Canada trade war. But not booze too!",Jezebel,Unknown,News,2026-09-13T20:28:18.930259Z
50739962eee137855b6e67c163bee2a5,Should the State Pay Stay-at-Home Moms?,https://reason.com/2026/09/09/subsidizing-stay-at-home-moms/,Liz Wolfe,2026-09-09T13:40:52Z,export bans,"A proposed change to federal child care subsidies could expand eligibility without adding funding, while creating steep income cliffs for families.",Reason,Unknown,News,2026-09-13T20:28:18.930293Z
e6918bee29ffdb5c7be3dd14eb1b23c9,Global diesel market supply crunch could push up prices,https://biztoc.com/x/c78baada266305d7,semafor.com,2026-09-09T10:41:36Z,export bans,"The global diesel refining crunch could lead to high prices and tight supplies for months, roiling industry, analysts warned.
Conflict in the Middle East and Ukrainian strikes on Russian refineries — which have prompted Moscow to impose diesel export bans — h…",Biztoc.com,Russia,Market Report,2026-09-13T20:28:18.930341Z
a961b2ebf8eb50035816f28a19c3075e,Which countries banned goods from settlements but trade with Israel?,https://www.aljazeera.com/news/2026/9/9/which-countries-banned-goods-from-settlements-but-trade-with-israel,Hanna Duggal,2026-09-09T09:52:50Z,export bans,"More European countries calling to ban products from illegal settlements, despite sizable overall trade with Israel.",Al Jazeera English,Unknown,News,2026-09-13T20:28:18.930375Z
5c96615e07e8280da8a16088523841ac,"After warnings, Canada kept importing Russian oil into 2026",https://www.nationalobserver.com/2026/09/09/news/canada-fuel-supply-russian-oil-imports,Charlotte James,2026-09-09T08:55:08Z,export bans,A $36.1 million cargo from India’s Jamnagar refinery arrived in Nova Scotia in April. Researchers estimate more than $3 million of that could have been derived from Russian crude.,National Observer,India,News,2026-09-13T20:28:18.930401Z
f05647c71ac1eec06e7e722a540b66c5,Sensex today | Stock Market Live: Stock to buy today: Granules India,https://www.thehindubusinessline.com/markets/sensex-nifty50-today-stock-market-live-updates-9th-september-2026/article71445394.ece,"Team BL, KS Badri Narayanan",2026-09-09T01:19:20Z,export bans,"Sensex, Nifty, Share Prices LIVE: The short-term outlook is bullish for Granules India. The stock has surged over 5 per cent so far this week. This confirms a pennant pattern on the chart. This is a bullish continuation pattern. It indicates that a fresh leg …",BusinessLine,India,Analysis/Opinion,2026-09-13T20:28:18.930419Z
9d58ef8136f7377a889e0d5727ce7398,UK bans goods from Israeli West Bank settlements: What that really means,https://www.aljazeera.com/news/2026/9/8/uk-bans-goods-from-israeli-west-bank-settlements-what-that-really-means,Shola Lawal,2026-09-08T14:52:00Z,export bans,Foreign Minister Ed Miliband said the ban represents a 'comprehensive reset' of UK's policy on Israel.,Al Jazeera English,Unknown,News,2026-09-13T20:28:18.930453Z
7f8efaa02aa394c7963e767c6b229261,CXMT and YMTC Stockpile ASML Tools for Three-Year Expansion Plans,https://www.techpowerup.com/352461/cxmt-and-ymtc-stockpile-asml-tools-for-three-year-expansion-plans,AleksandarK,2026-09-08T08:49:55Z,export bans,"Chinese memory and storage makers have reportedly stockpiled enough lithography tools from ASML to ensure their expansion plans for the next three years, even if they are cut off from the supply chain. According to a report from the Financial Times, memory ma…",Techpowerup.com,China,Market Report,2026-09-13T20:28:18.930471Z
2277aafb65ee3090a92caa5d4883a5ab,North Korea and Russia open first road bridge linking both countries,https://www.bbc.com/news/articles/cj9xvg1kz0mo?xtor=AL-72-%5Bpartner%5D-%5Byahoo.north.america%5D-%5Bheadline%5D-%5Bnews%5D-%5Bbizdev%5D-%5Bisapi%5D,Jake Kwon - Seoul Correspondent,2026-09-08T08:11:37Z,export bans,Relations between the neighbours have strengthened since the start of the Ukraine war.,BBC News,Russia,News,2026-09-13T20:28:18.930490Z
01e35297eee9aa25a28547c36dfe0171,tors 0.3.1,https://pypi.org/project/tors/,,2026-09-08T01:16:44Z,export bans,"Fast, GIL-free text and document operations for Python — normalization, Unicode segmentation, diffing, fuzzy matching, chunking, encoding/near-dup detection, Merkle integrity, and URL/redaction utilities, backed by Rust.",Pypi.org,Unknown,News,2026-09-13T20:28:18.930533Z
bc1b8ade0ad6cd3ebe0fc6e5f670189e,yj_nearbyglasses v1.0.10,https://kitploit.com/en/posts/github-yjeanrenaud-yj_nearbyglasses-v1010,Kitploit,2026-09-07T22:56:06Z,export bans,attempting to detect smart glasses nearby and warn you,Kitploit.com,Unknown,News,2026-09-13T20:28:18.930559Z
08657112fd3ca29f244f8ad969aa452a,"Big gas turns on its own, fingering Santos as domestic crisis culprit",https://www.abc.net.au/news/2026-09-08/santos-accused-as-at-fault-for-domestic-gas-crisis/107101388,Daniel Mercer,2026-09-07T19:49:44Z,export bans,Cracks are appearing in the facade of the gas industry's solidarity and all fingers are pointing towards one player.,ABC News (AU),Unknown,News,2026-09-13T20:28:18.930592Z
68754cfed0bcf4068d57e2a01f827bd1,Ukraine Restarts Attacks on Refineries Deep Inside Russia,https://www.rigzone.com/news/wire/ukraine_restarts_attacks_on_refineries_deep_inside_russia-07-sep-2026-184552-article/,Bloomberg News,2026-09-07T14:00:00Z,export bans,Ukraine says it hit oil processing plants in Russia's Perm region and Tatarstan overnight.,Rigzone,Russia,News,2026-09-13T20:28:18.930614Z
6429046234c715c35ee83ade29eac669,Russia Remains India’s Top Oil Supplier in August as Imports Decline,https://www.naturalnews.com/2026-09-07-russia-remains-india-top-oil-supplier-august.html,Garrison Vance,2026-09-07T06:00:00Z,export bans,"Russia Remains India’s Top Oil Supplier in August Russia remained India’s largest supplier of crude oil in August, providing approximately 2.1 million barrels per day (bpd), which accounted for 45% of the country’s total imports, according to data from mariti…",Naturalnews.com,India,News,2026-09-13T20:28:18.930669Z
8e1e369022f618e3d9efee782b12a908,How climate change and food insecurity could fuel future conflicts,https://www.dw.com/en/how-climate-change-and-food-insecurity-could-fuel-future-conflicts/a-78871431,Peter Hille,2026-09-06T07:47:00Z,export bans,"Climate change, conflict, and trade tensions are putting pressure on the global food system. New research suggests the biggest risk is not food shortages, but whether societies can peacefully adapt to change. The world's food system is under growing stress, a…",DW (English),Global,News,2026-09-13T20:28:18.930719Z
0f42c842234fb9f79b48a015fe3c3967,US companies get creative as tariff refunds start flowing in,https://economictimes.indiatimes.com/news/international/business/us-companies-get-creative-as-tariff-refunds-start-flowing-in/articleshow/134150332.cms,,2026-09-12T18:21:17Z,import tariffs,"In the wake of the Supreme Court's ruling against import tariffs, US businesses are reaping the rewards with refunds. They're channeling these funds into rising operational costs and bolstering employee retirement plans. Some are even extending their financia…",The Times of India,Unknown,News,2026-09-13T20:28:19.367716Z
1993c28e5c508a8f46afafd928f2149d,Jaguar Land Rover is to unveil plans for all-American version of its Defender in assault on $80billion US pick-up truck market,https://www.dailymail.com/news/article-16126011/Jaguar-Land-Rover-unveil-plans-American-version-Defender-assault-80billion-US-pick-truck-market.html,Jamie Boys,2026-09-12T17:45:41Z,import tariffs,The UK's biggest carmaker is expected to unveil an Americanised pick-up version of its quintessentially British vehicle for the US market.,Dailymail.com,USA,Market Report,2026-09-13T20:28:19.367752Z
73eef08aac774fc6f63024f2d7e8cd5f,"US companies are getting billions back from invalidated Trump tariffs, and they’re being creative about it",https://cryptobriefing.com/us-companies-utilize-supreme-court-tariff-refunds/,Editorial Team,2026-09-12T12:40:26Z,import tariffs,"The Supreme Court's 6-3 IEEPA tariff ruling has triggered up to $175B in corporate refunds. Amazon, Williams-Sonoma, and shipping giants are
The post US companies are getting billions back from invalidated Trump tariffs, and they’re being creative about it ap…",Crypto Briefing,Unknown,News,2026-09-13T20:28:19.367833Z
039edf7da8f35d6e980ec3fac36cf07e,"India-EU FTA opens premium car mkt, gives Indian firms larger export quota",https://www.business-standard.com/economy/news/india-eu-fta-car-tariffs-auto-import-export-quota-maruti-tata-mahindra-126091200456_1.html,Sohini Das,2026-09-12T09:35:23Z,import tariffs,"European carmakers get a first-year quota of 100,000 ICE and hybrid cars, while Indian-origin vehicles priced up to 50,000 euros get access to a 250,000-unit EU quota",Business Standard,India,News,2026-09-13T20:28:19.367901Z
aca273514e15d6b1063ce356f66beb69,"Trade 'war' or not, are Canada and the United States now dug in?",https://www.cbc.ca/news/politics/carney-trump-trade-war-analysis-9.7341023,Aaron Wherry,2026-09-12T08:00:00Z,import tariffs,"Jamieson Greer, the U.S. Trade Representative, might not like to think of it as a trade 'war.' But whatever you call it — a difference of opinion? an incongruity? the unpleasantness? — it's been going for more than 19 months. And it seems now that it could be…",CBC News,USA,Analysis/Opinion,2026-09-13T20:28:19.367922Z
69bbb5018209f039c50ddb3f3ba1d3e2,Greenland islanders embrace the geopolitical spotlight,https://www.rte.ie/news/analysis-and-comment/2026/0912/1591231-greenland-eu-us/,Tony Connelly,2026-09-12T05:00:01Z,import tariffs,"In the summer of 2025, officials at Kangerlussuaq Airport on the west coast of Greenland were told that the Danish military had set up an evacuation plan in case of invasion, writes our Europe Editor Tony Connelly.",RTE,Unknown,News,2026-09-13T20:28:19.368023Z
3d650632f98f638a53308ba64d66eaca,"US consumer prices accelerate in August, push Fed closer to rate hike",https://economictimes.indiatimes.com/markets/us-stocks/wall-street-guide/us-consumer-prices-accelerate-in-august-push-fed-closer-to-rate-hike/articleshow/134107090.cms,Reuters,2026-09-12T04:04:32Z,import tariffs,"In August, consumer prices surged, strengthening the anticipation of Federal Reserve rate hikes. The core inflation saw its most substantial rise in four months, pointing to ongoing price pressures across the economy. Rising energy costs have affected multipl…",The Times of India,Unknown,Market Report,2026-09-13T20:28:19.368071Z
881d282f91b0bf3b267e7f23692644cb,The Real-Life Epic of Donald Trump,https://www.americanthinker.com/articles/2026/09/the-real-life-epic-of-donald-trump/,,2026-09-12T04:00:00Z,import tariffs,"Photo Credit:Image: Gage Skidmore via Flickr, CC BY-SA 2.0.


 
 Gage SkidmoreBy Terry ScambrayVictor Davis Hanson has a new book out profiling the president, now undeniably a towering figure of history.",Americanthinker.com,Unknown,News,2026-09-13T20:28:19.368113Z
7886aa2fe0f73609cb8cd8840c3caaa4,"Smuggling, cheap imports threaten textile jobs – Workers",https://punchng.com/smuggling-cheap-imports-threaten-textile-jobs-workers/,Punch Newspapers,2026-09-12T01:05:18Z,import tariffs,"The Textile, Garment and Tailoring Senior Staff Association of Nigeria has raised the alarm over the uncontrolled influx of ‘cheap foreign textile products’ into the country, warning that the development is weakening local manufacturing capacity and threateni…",The Punch,Unknown,News,2026-09-13T20:28:19.368183Z
ea9f5177e310aea4e64c0de0afddcb7c,"House tees up vote on Russia sanctions bill, but prospects for passage are uncertain",https://abcnews.com/US/wireStory/house-tees-vote-russia-sanctions-bill-prospects-passage-136376812,KEVIN FREKING Associated Press,2026-09-11T20:57:05Z,import tariffs,"The House is expected to take up a punishing Russian sanctions package next week, though prospects of passage are uncertain despite the overwhelming support the bill received in the Senate",Abcnews.com,Russia,News,2026-09-13T20:28:19.368259Z
4c744020c16e465033d1c1f580826a90,Gilead Wins Appeals Court Ruling Blocking Imported HIV Drug Sales,https://finance.yahoo.com/healthcare/articles/gilead-wins-appeals-court-ruling-205231743.html,Sheryar Siddiq,2026-09-11T20:52:31Z,import tariffs,"On August 13, a federal appeals court ruled in favor of Gilead Sciences, Inc. (NASDAQ:GILD), upholding a preliminary injunction that bars the defendants from...",Yahoo Entertainment,Unknown,News,2026-09-13T20:28:19.368295Z
5aa4500089251b54b514584966b5195b,Qualitatively 'happy hours': India’s liquor problem is not what you think,https://economictimes.indiatimes.com/opinion/et-commentary/qualitatively-happy-hours-indias-liquor-problem-is-not-what-you-think/articleshow/134083004.cms,Palash Krishna Mehrotra,2026-09-11T18:01:58Z,import tariffs,"India's food regulator has targeted popular alcohol brands for using neutral spirit and misleading ageing claims.  Many Indian liquors are artificially flavored neutral spirits, not aged spirits as advertised.  High import duties restrict access to better qua…",The Times of India,India,News,2026-09-13T20:28:19.368355Z
617815766f4795afe2009426162f56c1,LeBlanc says no meetings scheduled with U.S. while Mexico works towards a deal,https://nationalpost.com/news/canada/leblanc-says-no-meetings-scheduled-with-u-s-while-mexico-works-towards-a-deal,Jordan Gowling,2026-09-11T17:44:30Z,import tariffs,Canada-U.S. Trade Minister Dominic LeBlanc said there are no meetings scheduled in Washington.,National Post,Unknown,News,2026-09-13T20:28:19.368386Z
2a3317654a22133ac896dce884b1f6c1,"India-EU FTA: EU gets tariff quota for 1 lakh cars initially, rising to 1.6 lakh",https://economictimes.indiatimes.com/news/economy/foreign-trade/india-eu-fta-eu-gets-tariff-quota-for-1-lakh-cars-initially-rising-to-1-6-lakh/articleshow/134080810.cms,PTI,2026-09-11T17:12:05Z,import tariffs,"The India-EU free trade agreement will allow European automakers to export 1 lakh passenger vehicles annually at concessional duties initially, rising to 1.6 lakh from the 10th year. The pact also offers tariff concessions on electric vehicles, wines, pork, a…",The Times of India,India,News,2026-09-13T20:28:19.368416Z
3287078af559ab49d4eba17901b06441,"Cheap imports, smuggling threaten Nigerian jobs, textile workers warn",https://punchng.com/cheap-imports-smuggling-threaten-nigerian-jobs-textile-workers-warn/,Punch Newspapers,2026-09-11T17:06:46Z,import tariffs,"Nigeria’s textile workers’ association has warned that the influx of cheap foreign imports and smuggling is weakening local manufacturing and threatening j

Read More: https://punchng.com/cheap-imports-smuggling-threaten-nigerian-jobs-textile-workers-warn/",The Punch,Unknown,News,2026-09-13T20:28:19.368471Z
232fee40c98f9ad5537029454907e5ed,"Carney calls U.S. trade bans ‘modest,’ signals Canada won’t retaliate",https://financialpost.com/news/economy/carney-calls-trade-bans-modest-canada-wont-retaliate,Bloomberg News,2026-09-11T15:27:52Z,import tariffs,Mark Carney said this week’s round of U.S. trade bans against Canada will hurt some businesses but will have a “modest” impact. Read here,Financial Post,Unknown,News,2026-09-13T20:28:19.368576Z
4850a1a07aa154b44283e69968f6aadd,Here’s the inflation breakdown for August 2026 — in one chart,https://www.cnbc.com/2026/09/11/cpi-inflation-breakdown-august-2026.html,Greg Iacurci,2026-09-11T14:41:29Z,import tariffs,"Inflation remained stubbornly high in August, largely on the back of higher energy prices amid the Iran war, economists said.",CNBC,Unknown,Market Report,2026-09-13T20:28:19.368610Z
de12a9264c0bfdfda0009a8847f920b7,"It’s a ‘Dark’ Time for North American Trade, But US Companies Can Learn From Recent History",http://wwd.com/sourcing-journal/trade/tariffs-trade-canada-benesch-law-usmca-china-1239209868/,Kate Nishimura,2026-09-11T13:13:44Z,import tariffs,One need only look to the past year and a half for a roadmap of potential future upheaval and the mitigation tactics importers and exporters stand to employ moving forward.,WWD,USA,News,2026-09-13T20:28:19.368636Z
69f0bbd5f5a1da2e1d14d49106c69a12,"Transcript: As Trump Unravels, Even Fox Cringes at His $5,000 Giveaway",https://newrepublic.com/article/215313/transcript-trump-unravels-even-fox-cringes-5000-giveaway,The Daily Blast With Greg Sargent,2026-09-11T10:54:56Z,import tariffs,"The following is a lightly edited transcript of the September 11 episode of the Daily Blast podcast. Listen to it here.Greg Sargent: This is The Daily Blast from The New Republic, produced and presented by the DSR Network. I’m your host, Greg Sargent.Donald T…",The New Republic,Unknown,Market Report,2026-09-13T20:28:19.368682Z
f4000d9add467e0a756dd3d7aa61a36c,thermoshift-synth added to PyPI,https://pypi.org/project/thermoshift-synth/,,2026-09-11T10:32:47Z,import tariffs,Synthetic Cooling Trajectories and Counterfactual Outcomes for Machine Learning,Pypi.org,Unknown,News,2026-09-13T20:28:19.368743Z
c1b6440bec624cf228aec0c8009e3d13,Canada is still studying Trump's latest trade attack: Carney,https://www.nationalobserver.com/2026/09/11/news/canada-still-studying-trumps-latest-trade-attack-carney,Catherine Morrison,2026-09-11T10:14:56Z,import tariffs,Prime Minister Mark Carney says the federal government is still studying the United States' latest tariffs and import bans as it considers whether to adjust its own retaliatory tariffs.,National Observer,USA,News,2026-09-13T20:28:19.368764Z
7f19df341781bb60c71a2c71a5fe6f2d,"Commodity Talk | Gold isn't the only story: Why copper, energy and other commodities are gaining portfolio relevance, says Dr. Joseph Thomas",https://economictimes.indiatimes.com/markets/expert-view/commodity-talk-gold-isnt-the-only-story-why-copper-energy-and-other-commodities-are-gaining-portfolio-relevance-says-dr-joseph-thomas/articleshow/134041412.cms,Kshitij Anand,2026-09-11T02:42:39Z,import tariffs,"Gold remains the traditional hedge against inflation and uncertainty, but the opportunity set is becoming much broader. Copper, for instance, is gaining structural relevance as demand from electric vehicles, construction, AI and data centres collides with lim…",The Times of India,Unknown,News,2026-09-13T20:28:19.368911Z
69391532aa120f4e966ced3b21a3ab94,"Italian auto suppliers lobby urges EU for 80% tariff on Chinese cars, parts – “respect has now turned into fear”",https://paultan.org/2026/09/11/italian-auto-suppliers-lobby-urges-eu-for-80-tariff-on-chinese-cars-parts-respect-has-now-turned-into-fear/,Jonathan James Tan,2026-09-11T02:40:15Z,import tariffs,"The head of Italian auto suppliers lobby Anfia has urged the European Union (EU) to impose 80% tariffs on Chinese-made vehicles and parts above a certain threshold to safeguard Europe’s ​car industry, Reuters reports. “We […]
The post Italian auto suppliers l…",Paul Tan's Automotive News,China,Market Report,2026-09-13T20:28:19.368933Z
41998dc6402d39313021b50a305f6e5c,"Small potatoes? $5,000? Have you had enough?",https://www.ncspin.com/small-potatoes-5000-have-you-had-enough,by Cash Michaels,2026-09-11T00:06:00Z,import tariffs,"$5,000? Americans have already spent that much each, thanks to his stupid tariffs and will spend more on higher gas prices long before the Iran war is over with.",Ncspin.com,USA,Market Report,2026-09-13T20:28:19.368950Z
159c1ee6b033a4425700fe9e5fd83bde,N.B. suppliers to face new restrictions on using American goods or services,https://www.cbc.ca/news/canada/new-brunswick/suppliers-new-american-restrictions-9.7339061,Savannah Awde,2026-09-10T20:24:03Z,import tariffs,"The province will prohibit most of its contractors from supplying goods and services from the U.S., starting on Oct. 1.",CBC News,USA,News,2026-09-13T20:28:19.369033Z
832bfd121c5a78add98df0d92b0f80f8,A 50% Tariff on Pencil Parts? Welcome to the U.S.-Canada Trade War.,https://reason.com/2026/09/10/a-50-tariff-on-pencil-parts-welcome-to-the-u-s-canada-trade-war/,Sara Albrecht,2026-09-10T20:08:55Z,import tariffs,Canada's retaliatory tariffs include the little metal band that holds an eraser onto a pencil.,Reason,Unknown,News,2026-09-13T20:28:19.369064Z
e10daaab4c3c6a248da35b515f17b166,What the AfD really wants from China,https://www.rt.com/news/645410-afd-china-germany-links/,RT,2026-09-10T19:17:54Z,import tariffs,The AfD is not asking Germany to choose between Washington and Beijing. It is asking Germany to choose itself Read Full Article at RT.com,RT,China,News,2026-09-13T20:28:19.369078Z
b9bc392441a07f561297fd5cc5b06ea2,China says it hopes to agree with US on tariff reductions 'at an early date',https://economictimes.indiatimes.com/news/international/world-news/china-says-it-hopes-to-agree-with-us-on-tariff-reductions-at-an-early-date/articleshow/134026270.cms,AP,2026-09-10T18:52:33Z,import tariffs,China and the United States anticipate reaching an agreement on reducing import taxes soon. Negotiators are working to implement reciprocal tariff reductions on USD 30 billion of goods. Leaders Donald Trump and Xi Jinping are expected to meet in Washington on…,The Times of India,China,News,2026-09-13T20:28:19.369098Z
6823aa9736b8d9f743ef7e1a85b19a47,Poilievre tells U.S. audience Canadians are feeling 'wounded' from U.S. trade actions,https://nationalpost.com/news/canadians-wounded-u-s-trade-actions,Jordan Gowling,2026-09-10T16:27:26Z,import tariffs,"Pierre Poilievre was in New York City on Thursday, urging Americans to return to two-way tariff-free trade between Canada and the U.S.",National Post,USA,News,2026-09-13T20:28:19.369209Z
211327c21b5898d5f1e9cd66094f4174,The Crucial Senate Race Dems Are Forgetting About,https://newrepublic.com/post/215268/new-hampshire-pappas-sununu-close-race,"Emma Janssen, The New Republic Staff",2026-09-10T15:59:41Z,import tariffs,"You’re reading The TNR Blue Book. Get daily scoops, strategy, and developments inside the liberal ideas factory delivered right to your inbox. Sign up for free.Inside WashingtonThe crucial Senate race Dems are forgetting aboutNew Hampshire isn’t on most Democ…",The New Republic,Unknown,Market Report,2026-09-13T20:28:19.369257Z
73b25b9bbf00ef0cc343d9666dccd82c,"Ontario expands eligibility for tariff support funding to protect businesses, workers: Ford",https://www.cbc.ca/news/canada/toronto/ontario-eligibility-funding-tariffs-businesses-trump-9.7338680,Arrthy Thayaparan,2026-09-10T15:05:15Z,import tariffs,"Ontario is expanding eligibility for financing programs to protect jobs and businesses in sectors impacted by the U.S.-Canada trade war, Premier Doug Ford announced Thursday.",CBC News,Unknown,News,2026-09-13T20:28:19.369297Z
c0a108eaec7221a80addfad50a8c6394,Trump’s targeted Canada tariffs offer scope and time for a deal,https://financialpost.com/news/economy/trumps-targeted-canada-tariffs-offer-time-for-deal,Bloomberg News,2026-09-10T15:00:51Z,import tariffs,"Donald Trump’s latest trade move leaves the door open to compromise with Canada, even as it threatens to  further sour relations. Read on",Financial Post,Unknown,News,2026-09-13T20:28:19.369338Z
39e6f5e3ae51e284e2b4bcf62ae4499d,"Volvo kills off another EV for the US, but it has a replacement coming in 2027",http://electrek.co/2026/09/10/volvo-kills-off-another-ev-us-replacement-coming/,Peter Johnson,2026-09-10T14:56:37Z,import tariffs,"Volvo is pulling the EX40 from its US lineup, leaving the $60,000 EX60 as the brand’s most affordable EV, at least for now.



 more…",Electrek,Unknown,News,2026-09-13T20:28:19.369376Z
8b214eb5ee2ad7cd025a494030967cba,America’s tariff war on Canada rages as it seeks ‘early date’ to bring early end to $30 billion impasse with China,https://fortune.com/2026/09/10/china-us-tariffs-negotiation/,The Associated Press,2026-09-10T12:53:36Z,import tariffs,Trump and Chinese president Xi Jinping are expected to meet in Washington on Sept. 24 for  their third face-to-face talks in the past year.,Fortune,China,News,2026-09-13T20:28:19.369395Z
1210aafceaab4142f2c6f1b332287a8f,Are China’s rare earths really a potent weapon?,https://www.thehindubusinessline.com/opinion/are-chinas-rare-earths-really-a-potent-weapon/article71451735.ece,Daniel  Gros,2026-09-10T12:42:32Z,import tariffs,The available evidence indicates that Chinese rare-earth export restrictions would cost the West far less than often feared,BusinessLine,China,News,2026-09-13T20:28:19.369412Z
fd04309302db466a668195fe8bef500c,"China, US Discussing Framework Deal on Mutual Tariff Cuts - Commerce Ministry",https://sputnikglobe.com/20260910/china-us-discussing-framework-deal-on-mutual-tariff-cuts---commerce-ministry-1124711340.html,Sputnik International,2026-09-10T12:23:08Z,import tariffs,"BEIJING (Sputnik) - China and the United States are discussing a framework agreement that would reduce tariffs on $30 billion worth of goods on each side, Huang Ling, a spokesperson for the Chinese Ministry of Commerce, said on Thursday.",Sputnikglobe.com,China,News,2026-09-13T20:28:19.369428Z
acd45eeeedf2a92ccef73c9b68fd5774,"EU countries to seek import curbs on chemicals, plastics, sources say",https://economictimes.indiatimes.com/news/international/world-news/eu-countries-to-seek-import-curbs-on-chemicals-plastics-sources-say/articleshow/134008355.cms,Reuters,2026-09-10T12:04:50Z,import tariffs,"European governments plan to use trade safeguards against surging imports.  France, Italy, and Germany will request broad import quotas soon.  These measures target chemicals and plastics, especially from China.  The European Union is toughening its trade sta…",The Times of India,China,News,2026-09-13T20:28:19.369471Z
2e2d07a94f6cddc3e127cfb3f065c0e2,Designer Brands Inc. Reports Second Quarter of 2026 Financial Results,https://www.prnewswire.com/news-releases/designer-brands-inc-reports-second-quarter-of-2026-financial-results-302874349.html,,2026-09-10T10:45:00Z,import tariffs,Raising full year guidance following strong operating performance and positive start to third quarter Generated double-digit Brand Portfolio sales growth Drove a meaningful improvement in profitability year-over-year Reduced total debt by $93.0 million compar…,PRNewswire,Unknown,Market Report,2026-09-13T20:28:19.369520Z
647e1ae975ab39fe712e2c761dc66a15,China says it hopes to agree with US on tariff reductions 'at an early date',https://abcnews.com/International/wireStory/china-hopes-agree-us-tariff-reductions-early-date-136328623,The Associated Press,2026-09-10T10:12:21Z,import tariffs,A Chinese government spokesperson says China and the U.S. hope to reach an agreement on lowering import taxes soon,Abcnews.com,China,News,2026-09-13T20:28:19.369585Z
372c14131f76d17a8e10a1dc144f4d65,Can the US battery market untangle from China?,https://www.technologyreview.com/2026/09/10/1143791/us-china-batteries/,Casey Crownhart,2026-09-10T10:00:00Z,import tariffs,"The US is hitting records for the rapid growth of its energy storage market. That’ll go a long way to shoring up the grid, increasing reliability and also cutting emissions, since batteries can help store energy from intermittent renewables like wind and sola…",MIT Technology Review,China,Market Report,2026-09-13T20:28:19.369602Z
195c759d8406188d73be930a6e5f05b4,AP Business SummaryBrief at 2:14 a.m. EDT,https://www.mankatofreepress.com/news/business/ap-business-summarybrief-at-2-14-a-m-edt/article_197e9dc4-80e1-516d-8539-8632e335efd9.html,Ap,2026-09-10T09:54:18Z,import tariffs,"One Tech Tip: New iPhones arrive, but you can keep your old phone longer by caring for it",Mankato Free Press,Unknown,News,2026-09-13T20:28:19.369630Z
2c1036001c1bf389d907549ec30f4b2a,A Manufactured Trade War with Canada,https://www.americanthinker.com/articles/2026/09/a-manufactured-trade-war-with-canada/,,2026-09-10T04:00:00Z,import tariffs,"Photo Credit:
 
 Perchance AIBy John F. Di LeoPerhaps more ""allied"" countries than we thought are currently led by people who are -- for all intents and purposes -- agents of the People's Republic of China.",Americanthinker.com,China,News,2026-09-13T20:28:19.369740Z
851fd38c7105712085d2183b97c963f2,"Apple's new iPhone Duo costs more in Canada, but not because of tariffs",https://www.cbc.ca/news/business/apple-iphone-duo-canadian-price-9.7337823,,2026-09-09T23:51:16Z,import tariffs,"Apple's new foldable iPhone Duo is retailing for prices starting from $2,999 in Canada, before tax. In the U.S., prices start at $1,999 US, which works out as $2,760 — meaning Canadians will have to pay almost 10 per cent more for the cheapest version.",CBC News,Unknown,Market Report,2026-09-13T20:28:19.369787Z
955ad9ec012e4b5781ea588921f09054,N.B. producers will feel the squeeze of U.S. ban on certain Canadian goods,https://www.cbc.ca/news/canada/new-brunswick/us-beer-import-ban-moosehead-nb-producers-9.7337846,Oliver Pearson,2026-09-09T22:09:51Z,import tariffs,U.S. President Donald Trump's new trade sanctions will hit home for some New Brunswick businesses. Moosehead Breweries and Mother Mushroom Brewery on Campobello Island both rely on U.S. beer drinkers.,CBC News,Unknown,News,2026-09-13T20:28:19.369827Z
8c69dfe72fe713408b83d13b3fe477d7,"Alcohol, whey and motorcycles in crosshairs of US import ban on Canada products",https://abcnews.com/Business/wireStory/alcohol-whey-motorcycles-crosshairs-us-import-ban-canada-136316011,MAE ANDERSON AP business writer,2026-09-09T21:48:49Z,import tariffs,"The trade war between the U.S. and Canada escalated once again as the U.S. announced upcoming import bans on most alcoholic beverages from Canada, along with other products including whey, molasses and motorcycles",Abcnews.com,Unknown,News,2026-09-13T20:28:19.369869Z
f1d717920705eb71bbe6605a69d32d22,"Alcohol, whey and motorcycles are in the crosshairs of the US import ban on Canada products",https://biztoc.com/x/6dc7a1008b9204c3,yahoo.com,2026-09-09T21:46:35Z,import tariffs,"The trade war between the U.S. and Canada escalated again this week as the U.S. announced import bans on most alcoholic beverages from Canada, along with other products including whey, molasses and motorcycles.
The U.S. had already imposed 50% tariffs on abou…",Biztoc.com,Unknown,News,2026-09-13T20:28:19.369922Z
99ea274dd19597bbc9ee20eb409d6cd1,Donald Trump’s new import ban to have small direct impact,https://www.thestar.com/business/donald-trump-s-new-import-ban-will-have-small-but-direct-impact-on-the-canadian-economy-experts/article_bc5c5b17-eaf6-4614-b938-7de9f0b64e8a.html,Ana Pereira,2026-09-09T20:40:42Z,import tariffs,"Trump's new import ban starting Sept. 29 covers only 0.25 per cent of Canada's exports to the U.S., but raises trade uncertainty.",Toronto Star,Unknown,News,2026-09-13T20:28:19.369973Z
04f13e988e0b566daf91c140346434d9,Canadian companies’ shares fall after Trump threatens to ban their products from US federal contracts,https://cryptobriefing.com/canadian-shares-fall-trump-federal-contracts-threat/,Editorial Team,2026-09-09T20:08:55Z,import tariffs,"The potential exclusion of Canadian firms from US federal contracts could strain trade relations and disrupt sectors reliant on cross-border business.
The post Canadian companies’ shares fall after Trump threatens to ban their products from US federal contrac…",Crypto Briefing,Unknown,News,2026-09-13T20:28:19.370055Z
87492f65ed08091af3a523264035d55b,"Trump's latest trade actions are 'not an escalation,' economist says",https://nationalpost.com/news/canada/trumps-latest-trade-actions-are-not-an-escalation-economist-says,Jordan Gowling,2026-09-09T20:08:12Z,import tariffs,The economic impact of presidential proclamations targeting trade with Canada will not have significant impact on the Canadian economy.,National Post,Unknown,News,2026-09-13T20:28:19.370104Z
bed7a438ea84113b751e262cd1c3c759,"Trump's latest trade actions are 'not an escalation,' economist says",https://nationalpost.com/news/trumps-latest-trade-actions-are-not-an-escalation-economist-says,Jordan Gowling,2026-09-09T20:08:12Z,import tariffs,The economic impact of presidential proclamations targeting trade with Canada will not have significant impact on the Canadian economy.,National Post,Unknown,News,2026-09-13T20:28:19.370149Z
8f80b424b4e03bf8e68c93294865e814,This Could Be the Biggest Issue of 2027. Dems Are Split on It.,https://newrepublic.com/post/215224/ai-democrats-regulate-lori-trahan,"Emma Janssen, The New Republic Staff",2026-09-09T19:21:17Z,import tariffs,"You’re reading The TNR Blue Book. Get daily scoops, strategy, and developments inside the liberal ideas factory delivered right to your inbox. Sign up for free.Inside WashingtonThis could be the biggest issue of 2027. Dems are split on it.Representative Lori …",The New Republic,Unknown,Market Report,2026-09-13T20:28:19.370199Z
c746066949256d15b8fcacdf077e6ce5,"Maine Senator lobbies, saves Canadian rock salt and cement from import tariff list",https://nationalpost.com/news/canada/maine-senator-lobbies-saves-canadian-rock-salt-and-cement-from-import-tariff-list,Stewart Lewis,2026-09-09T18:31:44Z,import tariffs,Maine's senator told the administration that road salt and cement are crucial to the state and would be severely affected by the tariffs.,National Post,Unknown,News,2026-09-13T20:28:19.370239Z
566ec983ce1ee81aa7ea76084e3e0fd2,"US, EU strongly criticise India's tariffs, non-tariff trade barriers",https://www.business-standard.com/economy/news/us-eu-strongly-criticise-india-s-tariffs-non-tariff-trade-barriers-126090901476_1.html,Asit Ranjan Mishra,2026-09-09T18:15:15Z,import tariffs,"Raise concerns over high tariffs, QCOs, digital trade curbs",Business Standard,India,News,2026-09-13T20:28:19.370255Z
582a6d0218b9fa99cac32924cd585fd3,Trump Expands Illegal Section 338 Tariffs Against Canadian Imports - and Bans Some Entirely,https://reason.com/volokh/2026/09/09/trump-expands-illegal-section-338-tariffs-against-canadian-imports-and-bans-some-entirely/,Ilya Somin,2026-09-09T18:05:38Z,import tariffs,The move further escalates this harmful and illegal trade war with a vital ally.,Reason,Unknown,News,2026-09-13T20:28:19.370288Z
3b8521d193c25d77df3a8a31f7163c1b,"Trump Bans Canadian Beer, Wine, Motorcycles, and More",https://reason.com/2026/09/09/trump-bans-canadian-beer-wine-motorcycles-and-more/,Eric Boehm,2026-09-09T17:46:09Z,import tariffs,"The ban was accompanied by a new set of tariffs targeting Canadian motorboats, cheese, and other products in the latest expansion of an absurd trade war.",Reason,Unknown,News,2026-09-13T20:28:19.370325Z
a5c663fa75006eedf49a64fedc6a1745,Trump’s escalation of fight with Canada puts GOP Senate candidates in a vise - The Hill,https://slashdot.org/firehose.pl?op=view&amp;id=185563094,feedfeeder,2026-09-09T17:33:50Z,import tariffs,Trump’s escalation of fight with Canada puts GOP Senate candidates in a viseThe Hill U.S. reveals import ban on slew of Canadian goods as trade war escalatesCNBC Trump’s Latest Trade Threat Weighs on Canadian Firms With US ContractsBloomberg.com Trump widens …,Slashdot.org,Unknown,News,2026-09-13T20:28:19.370379Z
6c4e366c01a0532105ca674e194ffc17,"RBC CEO hoping for a good long-term deal with the U.S., but Canadians showing resilience so far",https://financialpost.com/fp-finance/banking/rbc-ceo-david-mckay-long-term-deal-us,Naimul Karim,2026-09-09T17:18:05Z,import tariffs,"RBC CEO David McKay hopes Canada can eventually strike a long-term deal with the U.S., as Trump announced new tariffs and bans. Read more.",Financial Post,Unknown,News,2026-09-13T20:28:19.370417Z
5a962507a0872186ae96e4cd95621b64,"Designers push for NYC-made fashion, as nearly 97% of the industry operates overseas: ‘Not outsourcing our style to three other countries’",https://nypost.com/2026/09/09/lifestyle/designers-push-for-made-in-nyc-fashion/,Faran Krentcil,2026-09-09T17:06:56Z,import tariffs,“We live in New York. And we live for New York!”,New York Post,Unknown,Market Report,2026-09-13T20:28:19.370478Z
48fb700d84cae7e1926214e5452a9474,"'Unhinged' for Canada to call dispute with U.S. a trade war, says Trump's tariff chief",https://www.cbc.ca/news/politics/trump-tariffs-canada-unhinged-us-trade-jamieson-greer-9.7337101,Mike Crawley,2026-09-09T16:04:49Z,import tariffs,"U.S. President Donald Trump's top trade official says it's ""unhinged"" for Canadian leaders to characterize the administration's tariffs as a trade war against Canada.",CBC News,Unknown,News,2026-09-13T20:28:19.370552Z
49ff0e31e8134aba4f7b3191b318c1d1,"Canada hit U.S. goods with $20 billion in tariffs. Now America is banning Canadian alcohol, dairy and motorcycles",https://biztoc.com/x/9ad1aa0935914080,fortune.com,2026-09-09T15:12:44Z,import tariffs,"The United States is banning the import of some dairy products and motorcycles from Canada along with most alcoholic beverages, the White House said Tuesday, as part of a trade war that shows little sign of cooling off.
The ban will take effect Sept. 29 and c…",Biztoc.com,USA,News,2026-09-13T20:28:19.370624Z
ef87efa180e2162bc81fa68165f888a4,Treasuries fall as rising oil prices raise inflation fears and rate hike bets,https://cryptobriefing.com/treasuries-fall-oil-prices-inflation-fears/,Editorial Team,2026-09-09T14:59:16Z,import tariffs,"Rising oil prices and geopolitical tensions may lead to tighter monetary policy, impacting economic growth and increasing market volatility.
The post Treasuries fall as rising oil prices raise inflation fears and rate hike bets appeared first on Crypto Briefi…",Crypto Briefing,Unknown,Market Report,2026-09-13T20:28:19.370670Z
590e93b4cce72e286246404757167f93,"Canada hit U.S. goods with $20 billion in tariffs. Now America is banning Canadian alcohol, dairy and motorcycles",https://fortune.com/2026/09/09/us-canada-trade-war-alcohol-dairy-motorcycle-ban/,"Rob Gillies, Paul Wiseman, The Associated Press",2026-09-09T14:31:12Z,import tariffs,"More than 70% of Canadian exports still go to the U.S., but Prime Minister Mark Carney says the country’s reliance on America must end.",Fortune,USA,News,2026-09-13T20:28:19.370693Z
88be750948be8a0c64bdb6dd0b6ad565,"Inventory Issues Irritate Shoppers, Study Shows",http://wwd.com/sourcing-journal/industry-news/inventory-issues-irritate-consumers-study-shows-1239200657/,Arthur Zaczkiewicz,2026-09-09T14:00:00Z,import tariffs,"Out-of-stock items, labor shortages and omnichannel chaos drive shoppers to change habits, highlighting retail challenges.",WWD,Unknown,News,2026-09-13T20:28:19.370727Z
a9ebe4f42cf2f44b6bfb82b04136b700,"Fewer than 2% of Africans who need hearing aids have them, but new solutions offer hope",https://theconversation.com/fewer-than-2-of-africans-who-need-hearing-aids-have-them-but-new-solutions-offer-hope-289668,"De Wet Swanepoel, Professor in Audiology in the Department of Speech-Language Pathology and Audiology, University of Pretoria",2026-09-09T13:47:28Z,import tariffs,Every dollar invested in hearing care returns about $16. So why are 98% of Africans who need a hearing aid still going without one?,The Conversation Africa,Unknown,News,2026-09-13T20:28:19.370762Z
c8f98c2ca840b5434d7c462d16765e5a,"Jim Cramer Says Five Below (FIVE) is a “Buy, Buy, Buy”",https://finance.yahoo.com/markets/stocks/articles/jim-cramer-says-five-below-133617374.html,Syeda Seirut Javed,2026-09-09T13:36:17Z,import tariffs,"On September 3, Mad Money host Jim Cramer was bullish on Five Below, Inc. (NASDAQ:FIVE) after the retailer delivered a strong fiscal second quarter and raise...",Yahoo Entertainment,Unknown,News,2026-09-13T20:28:19.370835Z
03bdd7fde7a1e2c7466bd1343f383408,A country without evenings: Cuba's blackouts pass 24 hours as Washington targets the firm that keeps its power plants running,https://economictimes.indiatimes.com/news/international/global-trends/a-country-without-evenings-cubas-blackouts-pass-24-hours-as-washington-targets-the-firm-that-keeps-its-power-plants-running/articleshow/133970437.cms,ET Online,2026-09-09T13:06:54Z,import tariffs,"The United States has imposed new sanctions on Cuba, targeting key energy import companies. These measures aim to worsen the island's ongoing severe energy crisis. Daily blackouts now extend beyond twenty-four hours, impacting essential services like water. C…",The Times of India,USA,Market Report,2026-09-13T20:28:19.370863Z
d64c6ddb0698eb23548d93aaf29f6c51,"Brent hits $100, Apple's big launch, Trump's energy investments and more in Morning Squawk",https://www.cnbc.com/2026/09/09/5-things-to-know-before-the-stock-market-opens.html,Alex Harring,2026-09-09T12:43:48Z,import tariffs,Here are five key things investors need to know to start the trading day.,CNBC,Unknown,Market Report,2026-09-13T20:28:19.370892Z
f8bb1658f3b45657d5fe36e280e78339,What are the holes in the UK’s ban on imports from Israeli settlements?,https://www.aljazeera.com/news/2026/9/9/what-are-the-holes-in-the-uks-ban-on-imports-from-israeli-settlements,Caolán Magee,2026-09-09T11:27:57Z,import tariffs,"Over a year, the UK imported just £6m ($8.1m) in goods recorded as Palestinian, including Israeli settlement goods.",Al Jazeera English,Unknown,News,2026-09-13T20:28:19.370931Z
8482cde9d9b7bf6dc0d6f15646520f74,US government escalates trade tensions with outright bans on Canadian imports,https://cryptobriefing.com/us-bans-canadian-imports-trade-war/,Editorial Team,2026-09-09T10:42:44Z,import tariffs,"The escalating trade conflict could disrupt North American supply chains, prompting businesses to seek alternative markets and suppliers.
The post US government escalates trade tensions with outright bans on Canadian imports appeared first on Crypto Briefing.",Crypto Briefing,USA,Market Report,2026-09-13T20:28:19.370953Z
486da6db41c27f01e5c6c58c01dddd0e,"Trump escalates retaliation against Canada, banning imports of booze, other products",https://www.nationalobserver.com/2026/09/09/news/trump-escalates-retaliation-against-canada-banning-imports-booze-other-products,Kelly Geraldine Malone,2026-09-09T10:27:59Z,import tariffs,"US President Donald Trump signed new executive orders on Tuesday, ramping up retaliation after Canada imposed its latest set of duties on the United States.",National Observer,USA,News,2026-09-13T20:28:19.370975Z
77e67c8020bd937f9faa51d10851e543,US-Canada trade war threatens economic fallout in key midterm states,https://abcnews.com/Business/us-canada-trade-war-threatens-economic-fallout-key/story?id=136114469,Max Zahn,2026-09-09T09:24:11Z,import tariffs,"Tit-for-tat tariffs risk outsized harm in Michigan, Ohio and Maine, analysts said.",Abcnews.com,Unknown,News,2026-09-13T20:28:19.371065Z
4dae8663a747b6775ca252f0b3709129,"Trump escalates Canada trade war, imposing sweeping new import ban and tariffs",https://en.protothema.gr/2026/09/09/trump-escalates-canada-trade-war-imposing-sweeping-new-import-ban-and-tariffs/,admin,2026-09-09T09:10:05Z,import tariffs,"The ban on Canadian alcohol, dairy and motorcycles takes effect on 29 September, with new 50% tariffs following on 15 September, as Prime Minister Mark Carney further warns of a ""cost"" to reducing US dependence
The post Trump escalates Canada trade war, impos…",Protothema.gr,Unknown,News,2026-09-13T20:28:19.371118Z
fc5938120987d63a8b47a581d66994b6,"Welspun Living, Raymond top picks amid export tailwinds: Jefferies",https://www.business-standard.com/markets/news/welspun-living-raymond-top-picks-amid-export-tailwinds-jefferies-126090900695_1.html,Heena Ojha,2026-09-09T08:49:20Z,import tariffs,Jefferies has initiated coverage with a 'Buy' call for Welspun Living and Raymond Lifestyle.,Business Standard,Unknown,News,2026-09-13T20:28:19.371148Z
05b8f78d7345b39f1e7b31d329a2d3b1,Canada braces for prolonged trade war as counter-tariffs on US take effect,https://thechronicle.com.gh/canada-braces-for-prolonged-trade-war-as-counter-tariffs-on-us-take-effect/,admin,2026-09-09T08:30:50Z,import tariffs,"Canada’s retaliatory tariffs on a range of US goods came into effect on Tuesday, with no sign of a trade deal on the horizon. The counter-tariffs will apply to nearly C$28bn ($20bn; £15bn) worth of American products, from steel to furniture to cotton T-shirts…",Thechronicle.com.gh,USA,News,2026-09-13T20:28:19.371179Z
fd975d25054f44448bd918adaa09642f,U.S. reveals import ban on slew of Canadian goods as trade war escalates,https://www.cnbc.com/2026/09/09/us-canada-trade-war-import-ban.html,Jenni Reid,2026-09-09T08:22:16Z,import tariffs,Import bans are due to come into effect on Sept. 29 as the rift between the countries deepens.,CNBC,Unknown,News,2026-09-13T20:28:19.371210Z
90e76d0df4e1a76d3ae69d8bb5644210,"Novig promo code NYPOST: Deposit $10, get $25 in trade credits for Charlotte vs. Ole Miss",https://nypost.com/2026/09/12/betting/novig-promo-code-nypost-deposit-10-get-25-in-trade-credits-for-charlotte-vs-ole-miss/,Mike Turay,2026-09-12T19:45:00Z,trade restrictions,Novig promo code NYPOST unlocks $25 in trade credits for new users after a $10 deposit on college football games.,New York Post,Unknown,News,2026-09-13T20:28:19.775549Z
5aab5d43866a7dd91b0f7e5b28706533,"Syracuse vs. California predictions, picks: College football prediction markets at Polymarket, Kalshi",https://www.cbssports.com/prediction/news/syracuse-vs-california-predictions-picks-college-football-prediction-markets-at-polymarket-kalshi/,Dustin Baker,2026-09-12T17:27:30Z,trade restrictions,"Syracuse hosts California in ACC action Saturday, as Kalshi and Polymarket offer prediction markets for the Week 2 matchup",CBS Sports,Unknown,Analysis/Opinion,2026-09-13T20:28:19.775597Z
bb86fb8bd681ac4bee3d95699de70a5e,"BRICS formed to end US sanctions, break totalitarianism: Iranian President Pezeshkian",https://economictimes.indiatimes.com/news/international/world-news/brics-formed-to-end-us-sanctions-break-totalitarianism-iranian-president-pezeshkian/articleshow/134144603.cms,ANI,2026-09-12T17:04:19Z,trade restrictions,"In an exclusive interview with India Today on the sidelines of the 18th BRICS Summit in New Delhi, Pezeshkian emphasised that BRICS aims to break the ""totalitarianism"" of the United States, positioning the bloc as a direct challenge to Washington's ability to…",The Times of India,India,Analysis/Opinion,2026-09-13T20:28:19.775638Z
c20d33d92aced9f9f149f64002a6b7dd,Norman Powell gets honest about how the Heat got better with Giannis Antetokounmpo,https://www.sportingnews.com/us/nba/miami-heat/news/norman-powell-honest-about-how-heat-better-antetokounmpo/6d966d1efaae4526c06b7608,Cholo Martin Magsino,2026-09-12T16:37:38Z,trade restrictions,Norman Powell seems to be quite complementary to his former team.,Sporting News,Unknown,News,2026-09-13T20:28:19.775670Z
a21373174371a8d10a818459569e1127,"Canadian boycott of US products pushes grocers to adapt, explore new supply sources",https://finance.yahoo.com/economy/policy/articles/canadian-boycott-us-products-pushes-100240678.html,By Nivedita Balu,2026-09-12T16:02:48Z,trade restrictions,"By Nivedita Balu TORONTO, Sept 12 (Reuters) - A growing consumer push to buy Canadian and boycott U.S. products is reshaping supermarket shelves in Canada, f...",Yahoo Entertainment,Unknown,Market Report,2026-09-13T20:28:19.775710Z
c2142edc1e369e1430640e42bb89c0fc,India's Modi and China's Xi seek to reset ties on BRICS sidelines,https://abcnews.com/International/wireStory/indias-modi-chinas-xi-seek-reset-ties-brics-136389249,AIJAZ HUSSAIN Associated Press,2026-09-12T15:47:35Z,trade restrictions,It's the latest effort to repair ties strained by a border clash six years ago.,Abcnews.com,China,News,2026-09-13T20:28:19.775725Z
ca2782543ae00c35c433f9b7b816bfce,"Michigan vs. Oklahoma predictions, picks: College football prediction markets at Kalshi, Polymarket",https://www.cbssports.com/prediction/news/michigan-oklahoma-predictions-picks-college-football-prediction-markets-kalshi-polymarket/,Dustin Baker,2026-09-12T15:20:19Z,trade restrictions,"Oklahama and Michigan square off in a Big Ten vs. SEC showdown on Saturday, with Kalshi and Polymarket offering prediction markets for this must-see matchup",CBS Sports,Unknown,Analysis/Opinion,2026-09-13T20:28:19.775784Z
f011ffa8e767ad0f052069a1ac7b20d2,SEBI Demat 2.0: How tokenised corporate bonds will work for you,https://www.thehindubusinessline.com/portfolio/personal-finance/sebi-demat-2-tokenised-corporate-bonds-explained/article71455097.ece,,2026-09-12T15:12:05Z,trade restrictions,"SEBI’s Demat 2.0 pilot brings tokenised corporate bonds, CBDC settlement and smart contracts. Here’s what changes for investors and what stays the same.",BusinessLine,Unknown,News,2026-09-13T20:28:19.775826Z
33fddf43093248c3f32dd54a4ba381c5,"Modi-Xi talks: Border peace, trade imbalance key to India-China reset",https://www.thehindubusinessline.com/economy/modi-xi-talks-border-peace-trade-imbalance-key-to-india-china-reset/article71460735.ece,Amiti Sen,2026-09-12T15:09:53Z,trade restrictions,"Both leaders committed to a “fair, reasonable and mutually acceptable” resolution to boundary disputes while emphasising the importance of addressing trade concerns",BusinessLine,China,News,2026-09-13T20:28:19.775845Z
1a8f3eed3787e1ca09ed2a7a73331199,Abdul El-Sayed touts ‘whole a--’ medical credentials while defending sex changes for children,https://www.foxnews.com/politics/abdul-el-sayed-touts-medical-credentials-while-defending-sex-changes-children,,2026-09-12T14:43:17Z,trade restrictions,"Abdul El-Sayed, a Michigan Democratic U.S. Senate candidate, argues 'whole a--' doctors should decide trans treatment without government interference.",Fox News,Unknown,News,2026-09-13T20:28:19.775890Z
c771364ac410139c98834c6b1d092479,"Kalshi promo code NYPMAX: Trade $25, get $25 for BYU vs. Arizona",https://nypost.com/2026/09/12/betting/kalshi-promo-code-nypmax-trade-25-get-25-for-byu-vs-arizona/,Michael Leboff,2026-09-12T14:30:00Z,trade restrictions,Readers of The Post can enter the Kalshi promo code NYPMAX when creating an account to trade $25 and receive a $25 bonus.,New York Post,Unknown,News,2026-09-13T20:28:19.775923Z
85c68694d8fa74a9dc51383a9741d2c7,Xi Jinping meets Narendra Modi to stabilize ties during India visit,https://cryptobriefing.com/xi-jinping-modi-india-visit-stabilize-ties/,Editorial Team,2026-09-12T13:39:43Z,trade restrictions,"Xi and Modi's meeting signals a shift towards managed rivalry, aiming to balance competition with cooperation to prevent future conflicts.
The post Xi Jinping meets Narendra Modi to stabilize ties during India visit appeared first on Crypto Briefing.",Crypto Briefing,India,News,2026-09-13T20:28:19.775948Z
55b4d3ee9f4190fc9bd8919698e12be6,"Michigan vs. Oklahoma predictions, picks: College football prediction markets at Kalshi, Polymarket",https://www.cbssports.com/prediction/news/michigan-vs-oklahoma-predictions-picks-college-football-prediction-markets-at-kalshi-polymarket/,Dustin Baker,2026-09-12T13:09:29Z,trade restrictions,"Oklahama and Michigan square off in a Big Ten vs. SEC showdown on Saturday, with Kalshi and Polymarket offering prediction markets for this must-see matchup",CBS Sports,Unknown,Analysis/Opinion,2026-09-13T20:28:19.775978Z
ffd757d7482e6173de5ea8c7a8cf106d,"College football betting promos: Earn up to $4k in sportsbook, prediction market bonuses for Texas-Ohio State, Oklahoma-Michigan",https://nypost.com/2026/09/12/betting/college-football-betting-promos-earn-up-to-4k-in-sportsbook-prediction-market-bonuses-for-texas-ohio-state-oklahoma-michigan/,Mike Turay,2026-09-12T12:26:01Z,trade restrictions,We've gathered the best sportsbook promo codes and prediction market offers for College Football Week 2.,New York Post,Unknown,Analysis/Opinion,2026-09-13T20:28:19.776053Z
bd45bdb116aae04070929e85db5f9412,"Kalshi promo code NYPMAX: Trade $25, get $25 for the Subway Series",https://nypost.com/2026/09/12/betting/kalshi-promo-code-nypmax-trade-25-get-25-for-the-subway-series/,Michael Leboff,2026-09-12T11:30:00Z,trade restrictions,Readers of The Post can enter the Kalshi promo code NYPMAX when creating an account to trade $25 and receive a $25 bonus.,New York Post,Unknown,News,2026-09-13T20:28:19.776085Z
876fcca6967bc6271786d28760faa485,Wall Street is building tokenized deposits to lock in customer balances,https://cryptoslate.com/wall-street-is-building-tokenized-deposits-to-lock-in-customer-balances/,Andjela Radmilac,2026-09-12T10:30:03Z,trade restrictions,"Imagine your company has enough money to pay a supplier, but the money is in its Singapore account and the bill must be paid from New York. If the transfer between those accounts has to wait until Monday, having enough cash overall doesn't solve the immediate…",CryptoSlate,Singapore,News,2026-09-13T20:28:19.776205Z
a7628ebdd4f563b7ca541bc7c6b86b1a,ESMA Just Issued a Warning on Prediction Markets: Is Crypto’s Next Boom Becoming a Regulatory Risk?,https://bitcoinfoundation.org/news/prediction-markets/esma-just-issued-a-warning-on-prediction-markets-is-cryptos-next-boom-becoming-a-regulatory-risk/,Yuri Molchan,2026-09-12T10:15:17Z,trade restrictions,"Prediction markets are becoming one of the fastest growing areas in the digital economy. However, regulators are concerned that it may create new risks. The...
The post ESMA Just Issued a Warning on Prediction Markets: Is Crypto’s Next Boom Becoming a Regulat…",Bitcoinfoundation.org,Unknown,Analysis/Opinion,2026-09-13T20:28:19.776254Z
684bf0c3597c85fb6d8a89412a019df5,Xi Jinping India visit: What we know about China’s Boeing 747-8I used for transporting its top leader,https://economictimes.indiatimes.com/news/new-updates/xi-jinping-india-visit-what-we-know-about-chinas-boeing-747-8i-used-for-transporting-its-top-leader/articleshow/134122175.cms,Trending Desk,2026-09-12T10:15:08Z,trade restrictions,"China’s top leadership travels on a little-known network of military-managed aircraft that includes a specially converted Boeing 747-8I used for President Xi Jinping’s long-haul international journeys. The aircraft, registered B-2479 and carrying Air China br…",The Times of India,China,News,2026-09-13T20:28:19.776279Z
eb2453d3633f6abecfd68fd61a9fee27,Explained: What Sebi’s proposed CAS changes mean for expiry-day trading and settlement,https://economictimes.indiatimes.com/markets/stocks/news/explained-what-sebis-proposed-cas-changes-mean-for-expiry-day-trading-and-settlement/articleshow/134122773.cms,Kumar Gaurav,2026-09-12T09:58:13Z,trade restrictions,"The regulator has proposed two options for determining expiry-day settlement prices for index and stock derivatives, changes to the timing of the continuous trading session (CTS), CAS and derivatives trading, and additional measures aimed at improving the fun…",The Times of India,Unknown,Market Report,2026-09-13T20:28:19.776327Z
d9f38f986eb3cd64103d0559e801fc6e,Mets Get $50 Million Free Agent Verdict on Dodgers’ Tarik Skubal,https://heavy.com/sports/mlb/new-york-mets/free-agent-verdict-dodgers-tarik-skubal/,Eduardo Razo,2026-09-12T09:05:54Z,trade restrictions,"The New York Mets will need to head back to the drawing board this offseason after a disappointing 2026 MLB season, as several moves didn’t work out for the team’s president of baseball operations, David Stearns.Last offseason, the Mets traded for Freddy Pera…",Heavy.com,Unknown,News,2026-09-13T20:28:19.776379Z
709a02baee121cce3b031edb840ea451,9/11 at 25: How the ‘War on Terror’ helped mainstream Europe’s far right,https://www.aljazeera.com/opinions/2026/9/12/9-11-at-25-how-the-war-on-terror-helped-mainstream-europes-far,Farid Hafez,2026-09-12T08:49:01Z,trade restrictions,"The 'War on Terror' gave far-right Islamophobia legitimacy, reach and electoral force.",Al Jazeera English,Unknown,News,2026-09-13T20:28:19.776422Z
c9f30834f14c35804b4d783a911d3c75,"'Can't get married': Major Rishabh Sambyal, former ADC to President, reveals challenges and sacrifices of 3-year tenure",https://economictimes.indiatimes.com/news/new-updates/major-rishabh-sambyal-former-adc-to-president-reveals-challenges-and-sacrifices-of-3-year-tenure/articleshow/134117243.cms,Trending Desk,2026-09-12T08:15:29Z,trade restrictions,"Former aide-de-camp to President Droupadi Murmu, Major Rishabh Singh Sambyal, has opened up about the personal sacrifices involved in the demanding role, including restrictions on marriage and family life. Recalling his roughly three-year tenure, Sambyal said…",The Times of India,Unknown,News,2026-09-13T20:28:19.776490Z
e3e04105438820c59767878302a5dc5f,"BRICS ‘not against anyone,’ Putin says as summit opens: Live Updates",https://www.rt.com/news/645536-brics-summit-india-day-two/,RT,2026-09-12T08:11:11Z,trade restrictions,"Russian President Vladimir Putin says BRICS is focused on sustainable development and prosperity rather than confrontation, as leaders gather for the summit in New Delhi",RT,Russia,News,2026-09-13T20:28:19.776515Z
ba24cfc675409c148604abd45ac6c1f5,World’s biggest handshake at BRICS: Can it shake the world order?,https://economictimes.indiatimes.com/news/economy/foreign-trade/worlds-biggest-handshake-at-brics-can-it-shake-the-world-order-xi-jinping-putin-and-modi/articleshow/134116416.cms,ET Online,2026-09-12T07:47:34Z,trade restrictions,"Modi, Xi and Putin’s BRICS meeting carries symbolic weight, but its impact will depend on deliverables. An expanded, divided BRICS faces internal contradictions and lacks strong institutional mechanisms. India seeks strategic autonomy, while Russia and China …",The Times of India,China,News,2026-09-13T20:28:19.776538Z
2be66011cc5d1791e6eafa8e8665e808,Xi-Modi dialogue: High-stakes diplomacy in Delhi,https://www.thehindubusinessline.com/economy/xi-modi-dialogue-high-stakes-diplomacy-in-delhi/article71459437.ece,Amiti Sen,2026-09-12T07:45:39Z,trade restrictions,"As Chinese President Xi Jinping arrives for the BRICS Summit, New Delhi and Beijing eye a fragile thaw amidst unresolved border friction and trade imbalances",BusinessLine,China,News,2026-09-13T20:28:19.776556Z
d6a530265e3afd6316435ec378541205,The Frankfurt we’ve been missing,https://www.hurriyetdailynews.com/the-frankfurt-weve-been-missing-226772,hurriyetdailynews.com,2026-09-12T07:33:57Z,trade restrictions,"Many of us treat Frankfurt as a city to fly into, do business in and leave. But beyond the airport, banks and trade fairs lies a surprisingly rich cultural and culinary world",Hurriyet Daily News,Unknown,News,2026-09-13T20:28:19.776595Z
120e5caf97b6dc9a97eb55ecdeae8271,"Sebi proposes changes to derivatives settlement, closing auction timings",https://www.business-standard.com/markets/news/sebi-derivatives-settlement-closing-auction-cas-market-timings-126091200337_1.html,Khushboo Tiwari,2026-09-12T07:30:38Z,trade restrictions,"The regulator has floated two expiry-day settlement methodologies, two alternatives for market timings and changes to order cancellation and Iceberg orders during CAS",Business Standard,Unknown,Market Report,2026-09-13T20:28:19.776628Z
d2e09006cfb22841b94e967d85d6d869,BRICS leaders meet in India as wars and US tensions test the bloc,https://www.npr.org/2026/09/12/g-s1-143054/brics-leaders-meet-in-india,The Associated Press,2026-09-12T07:18:55Z,trade restrictions,"Indian Prime Minister Narendra Modi hosts Russian President Vladimir Putin, Chinese President Xi Jinping and other leaders of the BRICS nations for a summit on trade, investment, and global conflicts.",NPR,China,News,2026-09-13T20:28:19.776645Z
fa0909c9424afb892544776ed418e804,"BRICS treads carefully on de-dollarisation: Main focus on payments, not a common currency",https://economictimes.indiatimes.com/news/economy/foreign-trade/brics-treads-carefully-on-de-dollarisation-main-focus-on-payments-not-a-common-currency/articleshow/134113897.cms,PTI,2026-09-12T06:55:56Z,trade restrictions,"There is no mention of a common BRICS currency or a formal call for replacement of the US dollar. Instead, the document sticks to the more incremental, technocratic language the bloc has used since Rio and Kazan: interoperable payment systems, local-currency …",The Times of India,Unknown,News,2026-09-13T20:28:19.776699Z
b870c7344403fb9c562574bdca593d38,"Keralam power crisis: Government, Oppn trade charges over shortage",https://economictimes.indiatimes.com/news/politics-and-nation/keralam-power-crisis-government-oppn-trade-charges-over-shortage/articleshow/134113879.cms,PTI,2026-09-12T06:52:42Z,trade restrictions,Kerala's ruling UDF and opposition LDF governments are exchanging accusations regarding the current power shortage. Electricity Minister Sunny Joseph blamed the previous LDF administration for cancelling a long-term power purchase agreement. CPI(M) leader Pin…,The Times of India,Unknown,News,2026-09-13T20:28:19.776750Z
db93b38466cc4bfed2ff9b7a9b4b3e71,"BRICS treads carefully on de-dollarisation: finance track talks payments, not a common currency",https://www.thehindubusinessline.com/news/brics-treads-carefully-on-de-dollarisation-finance-track-talks-payments-not-a-common-currency/article71459299.ece,PTI,2026-09-12T06:38:54Z,trade restrictions,"Speaking at the Forum, Iran’s president Masoud Pezeshkian said BRICS should develop a more resilient network of trade, investment and financing and expand the use of national currencies",BusinessLine,Unknown,News,2026-09-13T20:28:19.776801Z
57e07ce8e283eb7bf98cc5607e354fd1,BRICS leaders meet in India as wars and US tensions test the bloc,https://abcnews.com/International/wireStory/brics-leaders-meet-india-wars-us-tensions-test-136384091,"SHEIKH SAALIQ Associated Press, AIJAZ HUSSAIN Associated Press",2026-09-12T05:59:26Z,trade restrictions,"Leaders of the BRICS nations are meeting in New Delhi on Saturday for a summit focused on trade, investment, and global conflicts",Abcnews.com,India,News,2026-09-13T20:28:19.776820Z
5b60fa898847a7300341abd8b6cca052,West Bank sanctions a big moment in UK's foreign policy,https://www.rte.ie/news/analysis-and-comment/2026/0912/1591247-britain-west-bank-sanctions/,Sean Whelan,2026-09-12T05:00:01Z,trade restrictions,"It was forthright, it was clear, it was unequivocal - ethnic cleansing of Palestinians is being carried out in the West Bank by Israel. The formal position of the UK government now is that the occupation of the West Bank is illegal, and must end, writes Sean …",RTE,Unknown,News,2026-09-13T20:28:19.776892Z
9ddc47bb9a31d03ebbd2aea5a186e364,"Chainsawing: Moral, Legal, Optimal, Proven, Timely",https://www.lewrockwell.com/2026/09/james-anthony/chainsawing-moral-legal-optimal-proven-timely/,James Anthony,2026-09-12T04:01:00Z,trade restrictions,"Dismantling socialism and preventing socialism both need to be understood and mastered, wrote Jesús Huerta de Soto: If it is concluded that socialism is ethically inadmissible, as well as a historic failure and an intellectual error, it will eventually be nec…",Lewrockwell.com,Unknown,News,2026-09-13T20:28:19.776941Z
f4db29e53b5dcc28a5866f9b69d775ec,Good or evil? How can we tell?,https://www.americanthinker.com/blog/2026/09/good-or-evil-how-can-we-tell/,,2026-09-12T04:00:00Z,trade restrictions,By Jay DavidsonDon’t take a politician’s promise at face value.,Americanthinker.com,Unknown,News,2026-09-13T20:28:19.776970Z
23c7480d70ae59cfb990a31fbd559a1e,Meddling Miliband is wrong about his West Bank sanctions... that's the view of Palestinians who fear having to face the fallout,https://www.dailymail.com/news/article-16125015/Miliband-West-Bank-sanctions-Palestinians.html,Natalie Lisbona,2026-09-12T00:17:24Z,trade restrictions,Workers and business owners based in the Israeli settlements in the West Bank have warned that Labour's plans to ban goods from the area risk doing more harm than good.,Dailymail.com,Unknown,Analysis/Opinion,2026-09-13T20:28:19.777057Z
992187571522c963c309acf6c8d718c8,"Best Prediction market promos, bonuses, and welcome offers | September 2026",https://nypost.com/betting/best-prediction-market-promos-bonuses-and-welcome-offers/,Sean Treppedi,2026-09-11T23:38:21Z,trade restrictions,"The best prediction market promos including bonuses, referrals and deposit matches from Kalshi, Polymarket, Novig, FanDuel Predicts and ProphetX.",New York Post,Unknown,Analysis/Opinion,2026-09-13T20:28:19.777088Z
7b5b276f861cf64446f520c846cd4bfe,"9/11 changed Afghanistan, but now it's back where it started",https://www.pbs.org/newshour/show/9-11-changed-afghanistan-but-now-its-back-where-it-started,"PBS News, PBS NewsHour",2026-09-11T22:30:57Z,trade restrictions,"Already scarred by decades of war, Afghanistan became the center of America's response to 9/11 after the Taliban harbored the men who planned the attacks. Over 20 years of what's known there as ""The American War,"" hundreds of thousands, mostly civilians, died…",PBS,USA,News,2026-09-13T20:28:19.777163Z
aa4dff261ad2d82317b4bebd1e6977e4,Former Canadian leader Jean Chrétien tells US: ‘Never mistake our generosity for weakness',https://abcnews.com/Business/wireStory/former-canadian-leader-jean-chrtien-tells-us-mistake-136376727,The Associated Press,2026-09-11T20:55:34Z,trade restrictions,"Former Canadian Prime Minister Jean Chrétien used the 25th anniversary of the Sept. 11 attacks in Gander, Newfoundland, to praise Canada-U.S. friendship",Abcnews.com,Unknown,News,2026-09-13T20:28:19.777276Z
a03e89ddd3668b4b218a8d3e37efdaac,Jason Calacanis Warns Chinese EVs Could End US Auto Industry: ‘Consumers Will Love to Buy These Cars’,https://finance.yahoo.com/economy/policy/articles/jason-calacanis-warns-chinese-evs-203055040.html,Shomik Sen Bhattacharjee,2026-09-11T20:30:55Z,trade restrictions,Angel investor and All-In Podcast host Jason Calacanis warned that allowing Chinese electric vehicles into the U.S. could devastate domestic automakers even...,Yahoo Entertainment,China,News,2026-09-13T20:28:19.777297Z
722c0e0a6483ff60e2fbd5e7268c10c5,Former Canadian leader Jean Chrétien tells US: ‘Never mistake our generosity for weakness',https://www.yahoo.com/news/politics/articles/former-canadian-leader-jean-chr-202036796.html,Associated Press,2026-09-11T20:20:36Z,trade restrictions,"Standing in the town that sheltered thousands of stranded Americans after the Sept. 11 attacks, former Canadian Prime Minister Jean Chrétien marked the 25th...",Yahoo Entertainment,USA,News,2026-09-13T20:28:19.777323Z
1576a8f6a2212071bbad453dad55f535,How a Street Brawl Led to a 5th Circuit Case That Casts Doubt on the Constitutionality of Many Federal Laws,https://reason.com/2026/09/11/how-a-street-brawl-led-to-a-5th-circuit-case-that-casts-doubt-on-the-constitutionality-of-many-federal-laws/,Jacob Sullum,2026-09-11T20:19:16Z,trade restrictions,"Challenging his conviction for illegal gun possession, Curtis Squire argues that the Commerce Clause cannot justify bans on intrastate, noncommercial conduct.",Reason,Unknown,News,2026-09-13T20:28:19.777362Z
f7cfb980389523885c9c97f9493313a5,How a Street Brawl Led to a 5th Circuit Case That Casts Doubt on the Constitutionality of Many Federal Laws,https://www.yahoo.com/news/politics/articles/street-brawl-led-5th-circuit-201009177.html,Jacob Sullum,2026-09-11T20:10:09Z,trade restrictions,"Challenging his conviction for illegal gun possession, Curtis Squire argues that the Commerce Clause cannot justify bans on intrastate, noncommercial conduct...",Yahoo Entertainment,Unknown,News,2026-09-13T20:28:19.777389Z
c30279bd53cb60edade3fb8bbf82643d,Declassified documents show UK aware of Israeli war crimes for 24 years,https://www.aljazeera.com/news/2026/9/11/declassified-documents-show-uk-aware-of-israeli-war-crimes-for-24-years,Al Jazeera Staff,2026-09-11T19:59:41Z,trade restrictions,"UK Foreign Office files, public since 2024, record warnings about Israeli violence and rights abuses since 2002.",Al Jazeera English,Unknown,News,2026-09-13T20:28:19.777422Z
98dc2139fa128180fa24edc196e811b0,Donald Trump expected to urge Ireland to buy liquefied natural gas from US during visit,https://www.irishtimes.com/politics/2026/09/11/donald-trump-expected-to-urge-ireland-to-buy-liquefied-natural-gas-from-us-during-visit/,"Pat Leahy, Harry McGee, Jack Horgan-Jones",2026-09-11T19:10:23Z,trade restrictions,"US president’s son, Eric Trump, does not believe meeting with Catherine Connolly at Áras will go ‘off the rails’",The Irish Times,Unknown,News,2026-09-13T20:28:19.777511Z
1b11cfedb989db30123f955684ad80bc,Delhi Metro services to start at 6 am on Sunday amid BRICS Summit traffic restrictions,https://economictimes.indiatimes.com/news/new-updates/delhi-metro-services-to-start-at-6-am-on-sunday-amid-brics-summit-traffic-restrictions/articleshow/134086036.cms,Trending Desk,2026-09-11T18:53:46Z,trade restrictions,"This Sunday, Delhi Metro services will kick off earlier at 6 AM across all lines to assist students in reaching their examination venues punctually. This initiative also facilitates a smoother travel experience for commuters during the ongoing BRICS Summit. G…",The Times of India,Unknown,News,2026-09-13T20:28:19.777597Z
ba69a7915e775cc188b2dfc1d2c52112,"Demand stays high till 2am, KSEB curbs to continue till month-end",https://timesofindia.indiatimes.com/city/thiruvananthapuram/demand-stays-high-till-2am-kseb-curbs-to-continue-till-month-end/articleshow/134084595.cms,B S Anilkumar,2026-09-11T18:19:32Z,trade restrictions,"Kerala power demand hit 5,024MW, staying high till 2am; KSEB to continue restrictions till Sept-end as extra 600MW supply is expected from October.",The Times of India,Unknown,News,2026-09-13T20:28:19.777631Z
bd520a5eb39bdfbad8f0134d285d39cc,"Kalshi promo code NYPMAX: Trade $25, get $25 for Mets vs. Yankees",https://nypost.com/2026/09/11/betting/kalshi-promo-code-nypmax-trade-25-get-25-for-mets-vs-yankees/,Michael Leboff,2026-09-11T18:00:00Z,trade restrictions,Readers of The Post can enter the Kalshi promo code NYPMAX when creating an account to trade $25 and receive a $25 bonus.,New York Post,Unknown,News,2026-09-13T20:28:19.777663Z
fba4e6542b18e70d93c6a5064bd184b3,"Other Barks & Bites for Friday, September 11: Federal Research Agencies Asked About Biotech Safeguards; CISA Reports Industrial-Scale AI Distillation by China; and CJEU Says Right to Expression Isn’t Due Cause to Use Mark",https://ipwatchdog.com/2026/09/11/bites-barks-cisa-reports-industrial-scale-ai-distillation-by-china-and-cjeu-says-right-to-expression-isn/,Steve Brachmann,2026-09-11T17:22:26Z,trade restrictions,This week in Other Barks & Bites: the Federal Circuit affirms the dismissal of a pro se inventor’s PTA lawsuit due to district court restrictions against electronic filings; the United States’ top federal cybersecurity agency warns that the Chinese government…,IPWatchdog.com,China,Market Report,2026-09-13T20:28:19.777689Z
30de3610de63a4f91f42c41dcdcfb324,Trump Uses 9/11 to Push War That Will Destabilize Middle East (Again),https://newrepublic.com/post/215335/trump-uses-911-push-war-destabilize-middle-east-iran,Hafiz Rashid,2026-09-11T16:44:34Z,trade restrictions,"President Trump used his speech at the Pentagon on the 25th anniversary of the September 11 attacks to promote his ill-advised war in the Middle East. “[W]e salute the service members working right now to ensure the world’s number one sponsor of terror, the I…",The New Republic,Unknown,News,2026-09-13T20:28:19.777766Z
f1500aed4372a093f0f86ce05d5df7d4,BRICS Summit 2026 Highlights: Unified payment system achievable with right trust framework: South African chapter of BRICS council,https://www.thehindubusinessline.com/economy/brics-summit-2026-highlights-new-delhi-september-11/article71454726.ece,BL Internet Desk,2026-09-11T16:22:03Z,trade restrictions,"BRICS Summit 2026: the summit will begin at 2:35 pm on Saturday with a closed-door session for BRICS member countries themed “Inclusive Global Governance and Strengthening Multilateralism.”

 On Sunday, leaders from BRICS member states, partner nations, and o…",BusinessLine,South Africa,News,2026-09-13T20:28:19.777811Z
79341383d675497ab6d5d2dd869c4b8f,BUTLER NATIONAL CORPORATION ANNOUNCES FIRST QUARTER 2027 FINANCIAL RESULTS,https://www.prnewswire.com/news-releases/butler-national-corporation-announces-first-quarter-2027-financial-results-302876491.html,,2026-09-11T14:23:00Z,trade restrictions,"– Revenue increased 53% to $30.8 million – Operating income increased 59% to $7.4 million – Net income increased 43% to $5.3 million – Earnings per share increased to $0.08 from $0.06 NEW CENTURY, Kan., Sept. 11, 2026 /PRNewswire/ -- Butler National Corporati…",PRNewswire,Unknown,News,2026-09-13T20:28:19.777926Z
5167d9d0b0ad85020d35044bb5a12c91,CPM calls for protest over power crisis,https://timesofindia.indiatimes.com/city/thiruvananthapuram/cpm-calls-for-protest-over-power-crisis/articleshow/134072939.cms,TNN,2026-09-11T14:19:38Z,trade restrictions,"CPM calls for Kerala protests over power restrictions, blaming UDF mismanagement, alleging push for privatisation, and disputing 765-MW power deal cancellation.",The Times of India,Unknown,News,2026-09-13T20:28:19.777961Z
52c1164b2d583b30f25670346399dd94,Energy options for irrigated agriculture and their impacts on returns: Evidence from Ethiopia,https://journals.plos.org/water/article?id=10.1371/journal.pwat.0000601,"Rahel Deribe Bekele, Dawit Mekonnen, Tiruwork Arega, Marc Jeuland",2026-09-11T14:00:00Z,trade restrictions,"Irrigated agriculture often relies on modern energy technologies, but farmers must choose between options with different costs, benefits, and long-term returns. This study employs a mixed-methods approach combining a comprehensive household- and plot-level su…",Plos.org,Unknown,News,2026-09-13T20:28:19.778087Z
68ca156254fed986486fea87a7e76a1a,"India's BRICS strategy tested with Xi, Putin set to visit",https://www.dw.com/en/indias-brics-strategy-tested-with-xi-putin-set-to-visit/a-79231879,Murali Krishnan,2026-09-11T13:31:00Z,trade restrictions,"New Delhi's ""America Plus"" approach sees India deepening its ties with China and Russia, while also trying to keep BRICS from turning into an anti-Western platform. India's Prime Minister Narendra Modi will host the 18th BRICS summit this weekend in New Delhi…",DW (English),China,News,2026-09-13T20:28:19.778109Z
71b624f6ed61601fa62831dd50ec6675,"The Price You Are Quoting Is a Local Price, and Most Crypto Research Forgets It",https://bitcoinfoundation.org/news/bitcoin/the-price-you-are-quoting-is-a-local-price-and-most-crypto-research-forgets-it/,BTC Foundation,2026-09-11T13:17:55Z,trade restrictions,"Ask what bitcoin costs and you get a number. Ask where that number came from and the answer is usually an aggregator, which took it...
The post The Price You Are Quoting Is a Local Price, and Most Crypto Research Forgets It appeared first on Bitcoin Foundatio…",Bitcoinfoundation.org,Unknown,News,2026-09-13T20:28:19.778161Z
f28d11d1bd4e182045f473ea99b6960a,"CPI report, Oracle earnings, Trump’s cash promises and more in Morning Squawk",https://www.cnbc.com/2026/09/11/5-things-to-know-before-the-stock-market-opens.html,Luke Fountain,2026-09-11T13:06:11Z,trade restrictions,Here are five key things investors need to know to start the trading day.,CNBC,Unknown,Market Report,2026-09-13T20:28:19.778193Z
4999997940964b02bff418e91f983b7f,"EU should sanction Israeli settlements like Russian-occupied Crimea, Kallas says",https://www.politico.eu/article/kaja-kallas-eu-sanctions-israeli-settlements-crimea/,Jules Darmanin,2026-09-11T12:45:05Z,trade restrictions,"The EU should take ""the same principled stance"" it took over Ukrainian territory occupied by Russia, the bloc's top diplomat said.",POLITICO.eu,Russia,News,2026-09-13T20:28:19.778239Z
d619e88a2b4acfdd9b176e2076029717,What the settlement left out: Meta can still collect data from kids,https://theconversation.com/what-the-settlement-left-out-meta-can-still-collect-data-from-kids-291130,"Randolph A Robinson II, Associate Professor of Law, University of Illinois Chicago",2026-09-11T12:35:55Z,trade restrictions,The settlement calls for changes to Meta’s platforms but does not change the company’s surveillance-based business model,The Conversation Africa,Unknown,News,2026-09-13T20:28:19.778311Z
a847e7dce203fa2a5e06ba975965f8dc,"HC deprecates Pune-only alcohol ban during Ganesh festival, says blanket curbs impermissible",https://economictimes.indiatimes.com/news/india/hc-deprecates-pune-only-alcohol-ban-during-ganesh-festival-says-blanket-curbs-impermissible/articleshow/134065448.cms,PTI,2026-09-11T12:03:29Z,trade restrictions,The Bombay High Court criticized Pune's alcohol ban during the Ganesh festival. Authorities were questioned why only Pune faced such restrictions while other regions did not. The court warned of judicial intervention if the arbitrary prohibition order was not…,The Times of India,Unknown,News,2026-09-13T20:28:19.778392Z
ed798a046cb5d06e5d26a22b54b33e64,"Perp DEXs now offer over 1,000 RWA markets as public equities dominate at 75%",https://cryptobriefing.com/perp-dexs-1000-rwa-markets-equities/,Editorial Team,2026-09-11T12:01:49Z,trade restrictions,"Perp DEXs' expansion into RWA markets challenges traditional finance, offering 24/7 trading and bypassing regulatory hurdles, yet faces legal scrutiny.
The post Perp DEXs now offer over 1,000 RWA markets as public equities dominate at 75% appeared first on Cr…",Crypto Briefing,Unknown,Market Report,2026-09-13T20:28:19.778437Z
eed458a8d230e1b82c32ba48f2843d93,Bill Biggart Was on Site to Document the Terror of 9/11. Only His Cameras Made It Home,http://www.rollingstone.com/culture/culture-features/bill-biggart-9-11-photographer-1235623825/,Kate Storey,2026-09-11T11:55:00Z,trade restrictions,"The photographer’s family talks about his life, death, and the work he left behind, 25 years later",Rolling Stone,Unknown,News,2026-09-13T20:28:19.778474Z
16995dbd0b84385b1f425f1d68831549,Vintage photos show what airport security was like before 9/11,https://www.businessinsider.com/vintage-photos-show-airport-security-before-9-11-tsa-2026-9#article,Talia Lakritz,2026-09-11T11:51:01Z,trade restrictions,"Flying used to be far more relaxed. In the aftermath of September 11, airport security transformed almost overnight.",Business Insider,Unknown,News,2026-09-13T20:28:19.778505Z
3aa5a8c95d63141c8482a6f6b94a9396,OLIN and HUNTSMAN Announce Expiration of Hart-Scott-Rodino Waiting Period for Proposed Merger,https://www.prnewswire.com/news-releases/olin-and-huntsman-announce-expiration-of-hart-scott-rodino-waiting-period-for-proposed-merger-302876052.html,,2026-09-11T11:30:00Z,trade restrictions,"CLAYTON, Mo. and THE WOODLANDS, Texas, Sept. 11, 2026 /PRNewswire/ -- Olin Corporation (NYSE: OLN) and Huntsman Corporation (NYSE: HUN) today announced that the waiting period under the U.S. Hart-Scott-Rodino Antitrust Improvements Act of 1976 (the ""HSR Act"")…",PRNewswire,Unknown,News,2026-09-13T20:28:19.778558Z
6f1a965ca6de159986f50e3d6151fd72,"25 years after 9/11, the U.S. starts rolling back travel restrictions, from liquids to gate access",https://www.cnbc.com/2026/09/11/9/11-anniversary-air-travel.html,Leslie Josephs,2026-09-11T11:00:01Z,trade restrictions,"Years after 9/11, the U.S. government is walking back some security screenings as threats and technology evolve.",CNBC,Unknown,News,2026-09-13T20:28:19.778596Z
54dcc15af151e5099cbaeaba8429b394,I Fixed a Tractor Using John Deere’s Self-Repair Service. Farmers Aren’t Sold on It,https://www.wired.com/story/i-fixed-a-tractor-john-deere-self-repair-service/,Boone Ashworth,2026-09-11T10:45:00Z,trade restrictions,The agricultural machine manufacturer has a subscription service that lets owners repair their own equipment. Why is barely anybody using it?,Wired,Unknown,News,2026-09-13T20:28:19.778637Z
531bbd60feabf6f08eabe62565b4e052,"India welcomes Russia, Iran leaders for BRICS summit overshadowed by war",https://www.vanguardngr.com/2026/09/india-welcomes-russia-iran-leaders-for-brics-summit-overshadowed-by-war/,Henry Oduah,2026-09-11T10:14:38Z,trade restrictions,"Leaders from Russia and Iran were in India for talks on Friday, ahead of a BRICS summit dominated by conflict and economic challenges, which Chinese President Xi Jinping will also attend.
The post India welcomes Russia, Iran leaders for BRICS summit overshado…",Vanguard,China,News,2026-09-13T20:28:19.778659Z
b6e620f435c5b7aa6fea31f2006781ea,"India news: Putin, Modi to hold talks ahead of BRICS Summit",https://www.dw.com/en/india-news-putin-modi-to-hold-talks-ahead-of-brics-summit/live-79224239,Midhat Fatimah,2026-09-11T08:17:00Z,trade restrictions,Modi will also meet Xi Jinping as India seeks to balance ties with China and Russia. The wars in Ukraine and Iran could test the group's unity at the summit. Follow DW for more. Putin and Modi are expected to discuss a wide range of issues including the Ukrai…,DW (English),China,News,2026-09-13T20:28:19.778679Z
fce3e880344b596887882b7402f380ec,Global Market: Tencent-backed Enflame soars 200% in blockbuster Shanghai IPO debut,https://economictimes.indiatimes.com/markets/us-stocks/wall-street-guide/global-market-tencent-backed-enflame-soars-200-in-blockbuster-shanghai-ipo-debut/articleshow/134054449.cms,Anupam Nagar,2026-09-11T08:13:22Z,trade restrictions,"Tencent-backed Shanghai Enflame Technology surged nearly 200% in its Shanghai debut after raising $912 million through its IPO. Strong investor demand reflects China’s push for domestic AI chips amid US restrictions. Despite rapid revenue growth, Enflame rema…",The Times of India,China,Market Report,2026-09-13T20:28:19.778694Z
50d6bf3744997c6b5ac69a492f50afbc,From hours at security to bulletproof cockpits: How 9/11 changed air travel,https://www.aljazeera.com/news/2026/9/11/from-hours-at-security-to-bulletproof-cockpits-how-9-11-changed-air,Edna Mohamed,2026-09-11T07:43:30Z,trade restrictions,One of the biggest changes to US aviation travel was the Aviation and Transportation Security Act (TSA).,Al Jazeera English,Unknown,News,2026-09-13T20:28:19.778780Z
e668d8696c79d22a05cd0495e8d90882,Are alligators nice pets?,https://www.lifesciencesworld.com/are-alligators-nice-pets/,Ava Reynolds,2026-09-11T06:11:36Z,trade restrictions,"Are Alligators Nice Pets? The Stark Reality of Reptilian Companionship No, alligators are definitively not nice pets. They are powerful, potentially dangerous wild animals whose needs cannot be adequately met in a domestic setting, and owning them poses signi…",Lifesciencesworld.com,Unknown,News,2026-09-13T20:28:19.778830Z
705129b38ff538c1913952787394f9ad,"Data Center Moratoriums Quadruple to 374 as Local Opposition Mounts Ahead of Midterms, Wells Fargo Report Shows",https://www.naturalnews.com/2026-09-11-data-center-moratoriums-quadruple-local-opposition-mounts.html,Edison Reed,2026-09-11T06:00:00Z,trade restrictions,"The number of active local moratoriums on data center construction in the United States has increased to 374, a fourfold jump from the 92 reported in June, according to Wells Fargo’s latest data center tracker. Analyst Shahriar Pourreza detailed the findings …",Naturalnews.com,USA,Market Report,2026-09-13T20:28:19.778858Z
9f820088c01ea2116bd0e1a6b4a55f33,Can you pick up peacock feathers?,https://www.lifesciencesworld.com/can-you-pick-up-peacock-feathers/,Ava Reynolds,2026-09-11T05:32:07Z,trade restrictions,"Can You Pick Up Peacock Feathers? The Legal and Ethical Considerations Yes, generally, you can pick up peacock feathers. However, the legality depends on several factors, including local laws and regulations. It’s always best to check your local guidelines re…",Lifesciencesworld.com,Unknown,News,2026-09-13T20:28:19.778904Z
156336f26d2ee4a7bdbe744ff8d4175b,Brics Summit 2026 agenda: India-China bilateral meeting among key events,https://www.business-standard.com/india-news/brics-summit-2026-agenda-india-china-bilateral-meeting-xi-jinping-putin-delhi-traffic-diversion-126091100211_1.html,Anjaly Raj,2026-09-11T04:32:00Z,trade restrictions,"Hosted by India under its 2026 Brics chairship, the two-day summit will mark the culmination of India's year-long leadership of the grouping",Business Standard,China,News,2026-09-13T20:28:19.778920Z
804e05ee226fb87bfd554ff1e524dd18,10 New Facts To Know About The 9/11 25th Anniversary Ceremony Friday In New York City As Nation Reflects,https://www.ibtimes.com.au/9-11-25th-anniversary-ceremonies-exhibits-1875363,Anthony Will,2026-09-11T04:30:34Z,trade restrictions,"The 25th anniversary of the 9/11 attacks will include ceremonies, a new permanent moment of silence, expanded museum exhibits and heightened security around Lower Manhattan.",Ibtimes.com.au,Unknown,News,2026-09-13T20:28:19.778960Z
42ac03adc97336fc0b547da822043b2d,Xi’s first India trip since 2019 offers olive branch to PM Modi,https://economictimes.indiatimes.com/news/india/xi-jinping-india-visit-2026-brics-summit-pm-narendra-modi-meeting-india-china-relations-border-dispute-trade/articleshow/134045045.cms,Bloomberg,2026-09-11T04:25:06Z,trade restrictions,"During the BRICS summit this weekend, Chinese President Xi Jinping will arrive in India, aiming to strengthen Sino-Indian ties. A meeting with Prime Minister Narendra Modi is anticipated, especially following the recent de-escalation of border tensions—an eff…",The Times of India,China,News,2026-09-13T20:28:19.779048Z
61715298c29325e5c1ff393bbffad403,"Putin lands in India for BRICs summit, shadowed by Iran and Ukraine wars",https://www.aljazeera.com/news/2026/9/11/putin-lands-in-india-for-brics-summit-shadowed-by-iran-and-ukraine-wars,Al Jazeera Staff,2026-09-11T02:40:19Z,trade restrictions,"Russian, Iranian leaders due to hold talks with India's Modi at summit dominated by wars in Middle East and Ukraine.",Al Jazeera English,India,News,2026-09-13T20:28:19.779081Z
