article_id,title,link,creator,pubdate,category,description,source,country,article_type,scrape_timestamp
4b1afb9f0092f0636483d86110ba33c2,Russian Strikes Paralyze Two Ships Carrying Ukrainian Military Cargo,https://sputnikglobe.com/20260726/russian-strikes-paralyze-two-ships-carrying-ukrainian-military-cargo-1124500958.html,Sputnik International,2026-07-26T17:01:53Z,dry bulk shipping,"Two bulk carriers carrying cargo for Ukraine's military have been struck along the Dnieper-Bug River Estuary, Russia's Defense Ministry announced Sunday.",Sputnikglobe.com,Russia,News,2026-07-28T08:36:14.483254Z
73dcecbf373ab1d4a89764204245468d,Russian Strikes Paralyze Two Ships Carrying Ukrainian Military Cargo,https://www.globalsecurity.org/wmd/library/news/ukraine/2026/07/ukraine-260726-sputnik01.htm,John Pike,2026-07-26T12:00:00Z,dry bulk shipping,"Two bulk carriers carrying cargo for Ukraine's military have been struck along the Dnieper-Bug River Estuary, Russia's Defense Ministry announced Sunday.",Globalsecurity.org,Russia,News,2026-07-28T08:36:14.483291Z
8bfaf31dc8c44b52546d12090002aa54,NESCO Gardenmaster Digital Pro 4 Tray Food Dehydrator For $48.40 Shipped From Amazon,https://www.dansdeals.com/shopping-deals/amazon/nesco-gardenmaster-digital-pro-4-tray-food-dehydrator-for-48-40-shipped-from-amazon/,JJ,2026-07-24T17:39:41Z,dry bulk shipping,"NESCO Gardenmaster Digital Pro 4 Tray Food Dehydrator For $48.40 Shipped From Amazon This was selling for $72.59 yesterday and is now the lowest price ever from Amazon. 1000-WATT DRYING POWER WITH CONVERGA-FLOW AIRFLOW SYSTEM: Delivers fast, even dehydration …",Dansdeals.com,Unknown,News,2026-07-28T08:36:14.483526Z
d69cbd436ef2de4fae1b1a969845d146,"Genco Shipping & Trading Limited Board of Directors Provides Update on Review of Diana Shipping’s Revised, Non-Binding Indicative Proposal",https://www.globenewswire.com/news-release/2026/07/23/3332582/37397/en/Genco-Shipping-Trading-Limited-Board-of-Directors-Provides-Update-on-Review-of-Diana-Shipping-s-Revised-Non-Binding-Indicative-Proposal.html,Genco Shipping & Trading Limited,2026-07-23T20:15:00Z,dry bulk shipping,"Genco’s Advisors Engaged with Diana’s Advisors as Part of the Board’s Ongoing Review  Genco’s Board is Committed to Maximizing Shareholder Value  NEW YORK,...",GlobeNewswire,Unknown,Analysis/Opinion,2026-07-28T08:36:14.483577Z
86eb9cbae12145fefb16995958699f69,Diana Shipping Inc. Announces Direct Continuation of Time Charter Contract for m/v Atalandi with Stone Shipping,https://www.globenewswire.com/news-release/2026/07/23/3332160/10065/en/Diana-Shipping-Inc-Announces-Direct-Continuation-of-Time-Charter-Contract-for-m-v-Atalandi-with-Stone-Shipping.html,Diana Shipping Inc. c/o Diana Shipping Services S.A.,2026-07-23T12:54:00Z,dry bulk shipping,"ATHENS, Greece, July 23, 2026 (GLOBE NEWSWIRE) -- Diana Shipping Inc. (NYSE: DSX), (the “Company”), a global shipping company specializing in the ownership and bareboat charter-in of dry bulk vessels, today announced that, through a separate wholly-owned subs…",GlobeNewswire,Greece,News,2026-07-28T08:36:14.483628Z
b63e3383c7b21fba552493dd8fd57f3d,JSW Infra’s ₹600-crore mechanisation project at VOC Port set for FY27 Q4 completion,https://www.thehindubusinessline.com/economy/logistics/jsw-infras-600-crore-mechanisation-project-at-voc-port-set-for-fy27-q4-completion/article71257214.ece,T E Raja Simhan,2026-07-23T12:48:11Z,dry bulk shipping,"The terminal is designed to handle a range of dry bulk cargo, including coal, coke, limestone, gypsum, rock phosphate and copper concentrate",BusinessLine,Unknown,News,2026-07-28T08:36:14.483673Z
c98fbd8ffab1477a36ef37dc8b4a8dde,Two Chinese Supertankers With Saudi Oil Head to Bab el-Mandeb for Red Sea Exit,https://gcaptain.com/two-chinese-supertankers-with-saudi-oil-head-to-bab-el-mandeb-for-red-sea-exit/,Reuters,2026-07-23T10:00:00Z,dry bulk shipping,"Two Chinese supertankers carrying a combined 4 million barrels of Saudi Arabian oil are exiting the Red Sea via the Bab el-Mandeb strait on Thursday, shipping data showed, even as a Saudi vessel came under attack in the region.",gcaptain.com,China,News,2026-07-28T08:36:14.483692Z
30c3503c0cbfcef08989e8537ece7963,Huggies Sunshine Diaper Waist Pack for $7 + free shipping w/ $35,https://www.dealnews.com/Huggies-Sunshine-Diaper-Waist-Pack-for-7-free-shipping-w-35/21920724.html,,2026-07-22T23:13:28Z,dry bulk shipping,"Walmart offers the Huggies Sunshine Diaper Waist Pack for $6.94.  That's a $23 low.  Choose pickup or spend $35 to avoid the $6.99 shipping charge. Buy Now at Walmart
 Features
 <ul> <li>Includes a changing pad</li> </ul>",Dealnews.com,Unknown,News,2026-07-28T08:36:14.483741Z
facf7f9cc0b1cecdb9ecdb3e0ab3e63a,"Safe Bulkers, Inc. Sets Date for the Second Quarter 2026 Results, Conference Call, and Webcast",https://www.globenewswire.com/news-release/2026/07/22/3331706/0/en/Safe-Bulkers-Inc-Sets-Date-for-the-Second-Quarter-2026-Results-Conference-Call-and-Webcast.html,"Safe Bulkers, Inc.",2026-07-22T20:05:00Z,dry bulk shipping,"Earnings Release: Tuesday, July 28, 2026, After Market Closes  Conference Call and Webcast: Wednesday, July 29, 2026, at 10:30 A.M. Eastern Time  MONACO,...",GlobeNewswire,Unknown,Market Report,2026-07-28T08:36:14.483776Z
bac83759165a8e736f8c0a606cea0757,"Iran Apparently Seizes Greek Billionaire’s Shipping Tanker In Strait Of Hormuz, Report Says",https://www.forbes.com/sites/maryroeloffs/2026/07/22/iran-apparently-seizes-greek-billionaires-shipping-tanker-in-strait-of-hormuz-report-says/,"Mary Whitfill Roeloffs, Forbes Staff, 
 Mary Whitfill Roeloffs, Forbes Staff
 https://www.forbes.com/sites/maryroeloffs/",2026-07-22T19:37:12Z,dry bulk shipping,Trump on Wednesday amped up threats to bomb key sites in Iran if any more ships were seized.,Forbes,Greece,Market Report,2026-07-28T08:36:14.483812Z
8048e54e281c9e25d8957c18551a21ea,"HTCO Revenue Surges 38.3% to $137.5 Million in First Half Fiscal 2026, Driven by Expanded Operations and Favorable Dry Bulk Market Conditions",https://www.prnewswire.com/news-releases/htco-revenue-surges-38-3-to-137-5-million-in-first-half-fiscal-2026--driven-by-expanded-operations-and-favorable-dry-bulk-market-conditions-302831508.html,,2026-07-22T12:00:00Z,dry bulk shipping,"NEW YORK, July 22, 2026 /PRNewswire/ -- High-Trend International Group (NASDAQ: HTCO) (""HTCO"" or the ""Company""), a global maritime logistics company, today announced its unaudited financial results for the six months ended April 30, 2026, highlighted by a 38.…",PRNewswire,Global,Market Report,2026-07-28T08:36:14.483862Z
ef1d976e7dc223eb62a879f27913f508,"Powdered Mimosa Hostilis 1kg: A Complete Guide to Quality, Storage, and Responsible Purchasing",https://curiousmindmagazine.com/powdered-mimosa-hostilis-1kg-a-complete-guide-to-quality-storage-and-responsible-purchasing/,Felicia Wilson,2026-07-22T11:42:43Z,dry bulk shipping,"When purchasing botanical materials in larger quantities, quality and consistency become more important than ever. Choosing Powdered mimosa hostilis 1kg is a practical option for researchers, artisans, and businesses that require a dependable supply. Buying i…",Curiousmindmagazine.com,Unknown,News,2026-07-28T08:36:14.483921Z
0c8090811f77a0fe7f5b748e72a862f1,Russia strikes Ukrainian military targets in Odessa Region – MOD,https://www.rt.com/russia/643318-russia-odessa-region-strikes/,RT,2026-07-22T08:56:00Z,dry bulk shipping,"The Russian Defense Ministry says overnight missile and drone strikes targeted vessels, fuel storage, port facilities and a Neptune-2 coastal missile battery near Odessa",RT,Russia,News,2026-07-28T08:36:14.483951Z
e439f01df1e6be8ff68f08da79aa85e6,Hormuz vessel crossings fall further as security concerns linger,https://economictimes.indiatimes.com/news/international/world-news/hormuz-vessel-crossings-fall-further-as-security-concerns-linger/articleshow/132551009.cms,Reuters,2026-07-22T04:28:16Z,dry bulk shipping,"The ongoing security issues have caused a notable drop in vessel traffic in the Strait of Hormuz, with just three commodity vessels transiting on Tuesday compared to more the previous day. In a related development, two oil tankers re-routed through the Red Se…",The Times of India,Unknown,News,2026-07-28T08:36:14.484002Z
b333021cd883a0698ebf60aa314ce861,"Where…is the share of voters who backed New Democracy in 2023 (and how does it return), ERT paid €623,000 just so we could…learn that the World Cup was on & CVC’s bargaining over Delta",https://en.protothema.gr/2026/07/21/whereis-the-share-of-voters-who-backed-new-democracy-in-2023-and-how-does-it-return-ert-paid-e623000-just-so-we-couldlearn-that-the-world-cup-was-on-cvcs-bargainin/,Newsroom,2026-07-21T08:19:46Z,dry bulk shipping,"The major challenge for Greek shipowners is no longer ships
The post Where…is the share of voters who backed New Democracy in 2023 (and how does it return), ERT paid €623,000 just so we could…learn that the World Cup was on & CVC’s bargaining over Delta appea…",Protothema.gr,Greece,News,2026-07-28T08:36:14.484057Z
663ed4f642533f5470e15b8ffad05a78,How renewed Hormuz tension affected listed Greek shipping companies,https://www.naftemporiki.gr/english/2140426/how-renewed-hormuz-tension-affected-listed-greek-shipping-companies/,Ελίζα Καραγιώργη,2026-07-21T06:59:43Z,dry bulk shipping,"The performance of U.S.-listed shipping companies with Greek interests during the Strait of Hormuz crisis suggests investors have moved from an initial shock reaction to a more selective reassessment of…
How renewed Hormuz tension affected listed Greek shippi…",Naftemporiki.gr,Greece,Market Report,2026-07-28T08:36:14.484100Z
7ddbfcb2f960735d80a807662fca64df,Hidden spin-valley locking stabilizes nanosecond spin polarization in 2D perovskites,https://www.nature.com/articles/s41565-026-02238-6,"Rayan Chakraborty, Yifan Dong, Jacob L. Shelton, Kelsey Garden, Leo Romanetz, Matthew P. Hautzinger, Matthew C. Beard, Volker Blum, David B. Mitzi",2026-07-27T00:00:00Z,bulk carrier,Inversion-symmetric 2D hybrid perovskite semiconductors exhibit optically excited spin lifetimes of 0.7–4.7 ns at room temperature due to intrinsic local symmetry breaking and spin-valley formation.,Nature.com,Unknown,News,2026-07-28T08:36:14.808659Z
bc1c85f429e7ef7ae24b5fd95d438140,Russian Strikes Pound Chernomorsk Port Terminal Containing Military Cargo for Ukrainian Military,https://sputnikglobe.com/20260726/russian-strikes-pound-chernomorsk-port-terminal-containing-military-cargo-for-ukrainian-military-1124500421.html,Sputnik International,2026-07-26T15:17:38Z,bulk carrier,"""As a result of strikes using sea-based precision weapons and attack drones, a container terminal containing military cargo was damaged in the Port of Chernomorsk,"" the Russian Defense Ministry said in a statement.",Sputnikglobe.com,Russia,News,2026-07-28T08:36:14.808705Z
5daf533485749bd15fb34d9b3628ae1c,Russian Strikes Pound Chernomorsk Port Terminal Containing Military Cargo for Ukrainian Military,https://www.globalsecurity.org/wmd/library/news/ukraine/2026/07/ukraine-260726-sputnik02.htm,John Pike,2026-07-26T12:00:00Z,bulk carrier,"""As a result of strikes using sea-based precision weapons and attack drones, a container terminal containing military cargo was damaged in the Port of Chernomorsk,"" the Russian Defense Ministry said in a statement.",Globalsecurity.org,Russia,News,2026-07-28T08:36:14.808727Z
7a785834c5fac1cf1c3d1c950d11d2d2,The Hegemon’s Escape: Why America is blowing up its own world order,https://i-epikaira.blogspot.com/2026/07/the-hegemons-escape-why-america-is.html,noreply@blogger.com (Unknown),2026-07-25T14:04:12Z,bulk carrier,"h1, h2, h3 {
 line-height: 33px;
 }
 
 

Edited by iEpikaira
 I. Introduction

The mainstream analytical establishment—think tanks, foreign policy journals, the broadsheet commentariat—continues to narrate the American confrontation with Iran through the tire…",Blogspot.com,USA,Analysis/Opinion,2026-07-28T08:36:14.808758Z
9761a42ad6c449d9343d063c5589bfb8,Russian Forces Smash Ukrainian Drone Production and Logistics Hubs,https://www.globalsecurity.org/wmd/library/news/ukraine/2026/07/ukraine-260725-sputnik06.htm,John Pike,2026-07-25T12:00:00Z,bulk carrier,"Russian troops struck logistics centers, production workshops and storage sites for long-range UAVs, fuel and energy, transport, and port infrastructure facilities used by the Ukrainian armed forces, Russia's Ministry of Defense said in a statement on Saturda…",Globalsecurity.org,Russia,News,2026-07-28T08:36:14.808792Z
c73fe377eb34cab72842dd99292d9460,Russian Strikes Bleed Ukraine's Logistics in the Black Sea,https://www.globalsecurity.org/wmd/library/news/ukraine/2026/07/ukraine-260725-sputnik03.htm,John Pike,2026-07-25T12:00:00Z,bulk carrier,"Russian forces have carried out another series of precision strikes on Ukrainian ports and vessels involved in military logistics, the Russian Defense Ministry reported.",Globalsecurity.org,Russia,Market Report,2026-07-28T08:36:14.808812Z
c1e5d26b149bdf8c4686366c0450bdb7,Russian Forces Smash Ukrainian Drone Production and Logistics Hubs,https://sputnikglobe.com/20260725/russian-forces-smash-ukrainian-drone-production-and-logistics-hubs-1124494692.html,Sputnik International,2026-07-25T10:09:36Z,bulk carrier,"Russian troops struck logistics centers, production workshops and storage sites for long-range UAVs, fuel and energy, transport, and port infrastructure facilities used by the Ukrainian armed forces, Russia’s Ministry of Defense said in a statement on Saturda…",Sputnikglobe.com,Russia,News,2026-07-28T08:36:14.808839Z
40715be9dabeb4b860b1b4a5f8e37d50,"Cranky Weekly Review presented by Oakland San Francisco Bay Airport: JetBlue Wins Slot Auction, Earnings Week",https://crankyflier.com/2026/07/24/cranky-weekly-review-presented-by-oakland-san-francisco-bay-airport-jetblue-wins-slot-auction-earnings-week/,Andrew,2026-07-24T18:00:00Z,bulk carrier,"JetBlue Wins LGA Slot Auction JetBlue Airways emerged as the winner for Spirit’s former slots at New York’s LaGuardia Airport. It paid $58.5 million for the right to operate up to 12 more daily roundtrips flights, outbidding Frontier by $1 million. The ink is…",Crankyflier.com,Unknown,Analysis/Opinion,2026-07-28T08:36:14.808885Z
ab1eacc623b2da9cb4e6e88fa1e47d23,"Algoma Central Corporation to Issue Second Quarter Financial Results on August 7, 2026",https://financialpost.com/pmn/business-wire-news-releases-pmn/algoma-central-corporation-to-issue-second-quarter-financial-results-on-august-7-2026,Business Wire,2026-07-24T11:10:22Z,bulk carrier,"ST. CATHARINES, Ontario — Algoma Central Corporation (TSX: ALC) today announced it will report its financial results for the three and six months ended June 30, 2026 before market open on August 7, 2026. The Company’s second quarter earnings release and full …",Financial Post,Unknown,Market Report,2026-07-28T08:36:14.808932Z
2938aba71f654e215758419bae29dd1f,Samsung Galaxy Z Fold8 lineup adds three choices,https://www.foxnews.com/science/samsung-galaxy-z-fold8-lineup-adds-three-choices,,2026-07-24T09:28:30Z,bulk carrier,"Samsung's three new foldable phones run Android 17 with One UI 9 and Galaxy AI, but each targets a very different user with unique screen sizes.",Fox News,Unknown,News,2026-07-28T08:36:14.808965Z
e993cea37d5a23887260c60af6e8458d,"POWDER KEG BLACK SEA: Russia Is Striking Hard at Ukrainian-Bound Cargo Ships, Halting Odessa Region Ports’ Operations",https://www.thegatewaypundit.com/2026/07/powder-keg-black-sea-russia-is-striking-hard/,Paul Serran,2026-07-23T23:40:16Z,bulk carrier,"Navigation has become too risky.
The post POWDER KEG BLACK SEA: Russia Is Striking Hard at Ukrainian-Bound Cargo Ships, Halting Odessa Region Ports’ Operations appeared first on The Gateway Pundit.",Thegatewaypundit.com,Russia,News,2026-07-28T08:36:14.809000Z
289426c01aea31a0b9cdbf85d21cb004,Apple Reportedly Adding Diabolical ‘Feature’ To iPhones For Users Who Fall Behind On New Lease-To-Own Payment Plan,https://brobible.com/culture/article/apple-lease-to-own-iphone-restricted-mode-late-payments/,Connor Toole,2026-07-23T18:50:59Z,bulk carrier,"Most people who own an iPhone pay it off over time as opposed to dropping a hefty sum to purchase it upfront. Apple recently announced a new way to finance its most popular product, and it will be giving anyone who opts to go that route some extra incentive t…",BroBible,Unknown,Market Report,2026-07-28T08:36:14.809058Z
f534a4363cad34ce7d87078b5568eb17,How China won the car wars,https://www.abc.net.au/news/2026-07-24/china-dominates-ev-market/106951586,Ian Verrender,2026-07-23T18:46:56Z,bulk carrier,"In June, a bulk carrier made an unprecedented delivery of EVs to Australia, sounding an ominous warning to the world's automakers.",ABC News (AU),China,News,2026-07-28T08:36:14.809072Z
dfc21cc8346f83dc2ba33ea11b349187,Magnetic brightening and nanoscale imaging of spin-polarized helical edge modes in ZrTe5,https://www.nature.com/articles/s41565-026-02193-2,"Samuel Haeuser, Richard H. J. Kim, Lin-Lin Wang, Thomas Koschny, Pedro M. Lozano, Genda Gu, Randall K. Chan, Joong-Mok Park, Martin Mootz, Liang Luo, Qiang Li, Jigang Wang",2026-07-23T00:00:00Z,bulk carrier,"Infrared nanoscopy resolves helical edge states in ZrTe5, revealing magnetic-field-induced high-frequency transport channels.",Nature.com,Unknown,News,2026-07-28T08:36:14.809124Z
563f61311c9632eaf9a4a5095d650108,Manipulating spin dynamics via exciton–exciton interactions for bright spin light-emitting diodes,https://www.nature.com/articles/s41566-026-01973-5,"Qi Liu, Yanlong Wang, Jing Li, Li Fang, Jin Xiao, Hongze Wang, Yanan Liu, Haofeng Zheng, Xuyu Ma, Jing Hu, Zheyu Fang, Dechun Zou, Shaocong Hou",2026-07-23T00:00:00Z,bulk carrier,"Modulating exciton–exciton interactions in hybrid chiral metal halide heterostructures suppresses spin relaxation, enabling spin light-emitting diodes that directly emit circularly polarized light with a dissymmetry factor of 0.2 and a half-lifetime of 5,000 …",Nature.com,Unknown,News,2026-07-28T08:36:14.809193Z
bf905eb685080cb1ef47da01caf16a5e,All Blacks tour: The bolter Dave Rennie could add for trip to South Africa,https://www.nzherald.co.nz/sport/rugby/all-blacks/all-blacks-tour-the-bolter-dave-rennie-could-add-for-trip-to-south-africa/CFLBCQMMEJFEVFGWHNCZQSKNCE/,Liam Napier,2026-07-22T22:01:00Z,bulk carrier,ANALYSIS: Who could make a shock appearance for New Zealand on the Greatest Rivalry tour?,New Zealand Herald,South Africa,Analysis/Opinion,2026-07-28T08:36:14.809215Z
41da77f88a6827c35ce599ad4db4455d,Ukraine’s new military chief pledges to escalate retaliation against Russia,https://www.aljazeera.com/news/2026/7/22/ukraines-new-military-chief-pledges-to-escalate-retaliation-against-russia,Al Jazeera Staff,2026-07-22T20:34:56Z,bulk carrier,"Russian Foreign Minister Sergei Lavrov is due to meet US counterpart Marco Rubio, but progress towards peace unlikely.",Al Jazeera English,Russia,News,2026-07-28T08:36:14.809242Z
d3601e0d93503d42e57d01a6449a6211,"Bombardier, Saudi Helicopter Company sign letter of intent for 60 private jets",https://financialpost.com/transportation/bombardier-saudi-arabia-sign-intent-60-private-jets,Bloomberg News,2026-07-22T13:22:41Z,bulk carrier,"Bombardier’s order backlog was US$20.3 billion, up 16 per cent from a year ago, while its shares have gained about 50% this year. Read on.",Financial Post,Unknown,News,2026-07-28T08:36:14.809285Z
3d54acecdca4a8395c67516253b648ad,Justin Boone's Updated Fantasy Football Backup RB Rankings going into 2026 NFL training camps,https://sports.yahoo.com/fantasy/article/justin-boones-updated-fantasy-football-backup-rb-rankings-going-into-2026-nfl-training-camps-150258651.html,Justin Boone,2026-07-21T15:02:58Z,bulk carrier,Fantasy football analyst Justin Boone gives you his backup RB rankings heading into 2026 training camps.,Yahoo Entertainment,Unknown,News,2026-07-28T08:36:14.809443Z
4bd8c638b8407924e60477a0c618210a,India court hands 44 Somalis life imprisonment for piracy,https://www.channelnewsasia.com/asia/india-somalia-life-imprisonment-piracy-6267861,,2026-07-21T09:54:00Z,bulk carrier,"MUMBAI: An Indian court has sentenced 44 Somali nationals to life imprisonment for crimes committed while hijacking vessels off the coast of the east African nation.In two separate incidents, pirates had hijacked a bulk carrier and a fishing ship, taking thei…",CNA,India,Market Report,2026-07-28T08:36:14.809465Z
0b3f0aea688ad10e0747814194e4b6fa,Learning from the ‘Voyage of the Damned’: The Making of a Russian Naval Disaster,https://warontherocks.com/learning-from-the-voyage-of-the-damned-the-making-of-a-russian-naval-disaster/,Steven Wills,2026-07-21T07:30:35Z,bulk carrier,"Editorial Note: The dates cited in Eugene Politovsky’s account are from the old Russian Orthodox calendar, which is 13 days behind that of the (Gregorian) calendar system used in this article.A recent War on the Rocks article on the failure of the Spanish Res…",War on the Rocks,Russia,Analysis/Opinion,2026-07-28T08:36:14.809491Z
bd76ebe8a6f30ad1c09c5cbc7f4ff854,Greek shipowners expand dry bulk fleet with focus on conventionally fuelled vessels,https://www.naftemporiki.gr/english/2141638/greek-shipowners-expand-dry-bulk-fleet-with-focus-on-conventionally-fuelled-vessels/,Μιχάλης Ματσίγκος,2026-07-23T12:00:28Z,capesize,"Greek shipowners are continuing a broad renewal of their dry bulk fleets, with newbuilding orders remaining largely focused on conventionally fuelled vessels, according to a report by shipbroker BRS.
The…
Greek shipowners expand dry bulk fleet with focus on c…",Naftemporiki.gr,Greece,Market Report,2026-07-28T08:36:15.557882Z
4266ace2320518186a985e7d2a4ca6d4,"Danaos Corporation Announces Date for the Release of Second Quarter 2026 Results, Conference Call and Webcast",https://www.prnewswire.com/news-releases/danaos-corporation-announces-date-for-the-release-of-second-quarter-2026-results-conference-call-and-webcast-302832481.html,,2026-07-22T20:30:00Z,capesize,"ATHENS, Greece, July 22, 2026 /PRNewswire/ -- Danaos Corporation (NYSE: DAC), one of the world's largest independent owners of containerships, announced today that it will release its results for the second quarter ended June 30, 2026, after the close of the …",PRNewswire,Greece,News,2026-07-28T08:36:15.557931Z
e1a842723e460c29d491344f93975507,"Global Ship Lease Announces Second Quarter 2026 Earnings Release, Conference Call and Webcast",https://www.globenewswire.com/news-release/2026/07/23/3332595/0/en/Global-Ship-Lease-Announces-Second-Quarter-2026-Earnings-Release-Conference-Call-and-Webcast.html,Global Ship Lease Inc.,2026-07-23T20:15:00Z,panamax,"ATHENS, Greece, July 23, 2026 (GLOBE NEWSWIRE) -- Global Ship Lease, Inc. (NYSE:GSL) (the “Company”), a containership owner and lessor, announced today that it will hold a conference call to discuss the Company’s results for the second quarter 2026 on Thursda…",GlobeNewswire,Greece,News,2026-07-28T08:36:15.964061Z
4ca2391057e1ac27e781925e67986a3f,"Panama Canal’s El Niño Concerns Prompt Carrier Surcharges, New Draft Restrictions",http://wwd.com/sourcing-journal/logistics/panama-canal-el-nino-carrier-msc-cma-cgm-hapag-surcharges-draft-restrictions-1239079523/,Glenn Taylor,2026-07-22T22:50:39Z,panamax,"Ocean carriers like MSC, CMA CGM and Hapag-Lloyd add Panama Canal surcharges as El Niño threatens lower water levels and tighter draft restrictions.",WWD,Panama,News,2026-07-28T08:36:15.964185Z
c8248b3d76abc17f3e4dbc71de138422,"Africa’s Richest Man Proposes To Build 700,000 Bpd Oil Refinery In Kenya",https://finance.yahoo.com/energy/articles/africa-richest-man-proposes-build-200000050.html,Alex Kimani,2026-07-22T20:00:00Z,panamax,"Dangote plans a $17 billion, 700,000 bpd refinery on Kenya’s Lamu Island, aiming to end East Africa’s reliance on imported fuels.",Yahoo Entertainment,Unknown,News,2026-07-28T08:36:15.964229Z
b83a11e51287bac3a4664b7ef2dd7ace,"Africa’s Richest Man Proposes To Build 700,000 Bpd Oil Refinery In Kenya",https://oilprice.com/Energy/Energy-General/Africas-Richest-Man-Proposes-To-Build-700000-Bpd-Oil-Refinery-In-Kenya.html,Alex Kimani,2026-07-22T20:00:00Z,panamax,"East Africa has spent decades exporting one commodity and importing another. The region holds roughly 4.7 billion barrels of crude oil reserves and more than 70 trillion cubic feet of natural gas across Uganda, South Sudan, Kenya and the DRC, according to the…",OilPrice.com,Unknown,News,2026-07-28T08:36:15.964282Z
e84fcf4fc1c574272864676661455c61,Global Trade Faces Fresh Test as Panama Canal Curbs Bookings,https://gcaptain.com/global-trade-faces-fresh-test-as-panama-canal-curbs-bookings/,Bloomberg,2026-07-21T15:52:56Z,panamax,"Global trade faces a fresh headache on top of the months-long snarls in the Middle East that have roiled flows, with the Panama Canal moving to curtail some vessel-booking slots because of water-supply challenges.",gcaptain.com,Panama,News,2026-07-28T08:36:15.964317Z
b297725f4e55dfa6dd61dc6195cb7d0c,Second Tanker Abandoned in 24 Hours After Latest Strait of Hormuz Attack,https://gcaptain.com/second-tanker-abandoned-in-24-hours-after-latest-strait-of-hormuz-attack/,Mike Schuler,2026-07-21T13:42:36Z,panamax,"A second commercial tanker has been abandoned by its crew in less than 24 hours after being struck by an unidentified projectile near the Strait of Hormuz, according to the...",gcaptain.com,Unknown,News,2026-07-28T08:36:15.964356Z
c24a10ddd8c21f42c9272666e3288634,"ASX 200 Slides on Trump Tariff Fears and Wall Street Selloff, Marking a Third Straight Weekly Decline",https://www.ibtimes.com.au/asx-200-declines-us-tariff-concerns-strong-jobs-data-1872973,Tony Jackson,2026-07-27T04:00:48Z,iron ore,"Australia's ASX 200 index fell due to U.S. tariff threats and strong jobs data, marking a third weekly decline. Technology and mining sectors were hit, while banks showed resilience.",Ibtimes.com.au,Australia,Market Report,2026-07-28T08:36:18.176325Z
29cd3043df9eeada2a8131ed403532e3,Nigeria seeks steel growth from untapped iron ore reserves,https://punchng.com/nigeria-seeks-steel-growth-from-untapped-iron-ore-reserves/,Punch Newspapers,2026-07-27T01:06:29Z,iron ore,"Nigeria aims to boost its steel industry by leveraging three billion tonnes of untapped iron ore reserves. Discover the challenges and opportunities for in

Read More: https://punchng.com/nigeria-seeks-steel-growth-from-untapped-iron-ore-reserves/",The Punch,Unknown,News,2026-07-28T08:36:18.176387Z
164ea99c800de2b523237e0f3d8fbb13,China’s Pork Market Recovery Struggles to Overcome Tepid Demand,https://financialpost.com/pmn/business-pmn/chinas-pork-market-recovery-struggles-to-overcome-tepid-demand,Bloomberg News,2026-07-27T00:31:46Z,iron ore,The Chinese government’s campaign to lift pork prices is finally gaining traction. But the rally is running into a familiar obstacle: consumers still aren’t buying enough.,Financial Post,China,Market Report,2026-07-28T08:36:18.176590Z
474c9a13c27ab1907aecb8a0d9ab7955,2 unglamorous ASX shares that could rerate sharply,https://www.fool.com.au/2026/07/27/2-unglamorous-asx-shares-that-could-rerate-sharply/,Leigh Gant,2026-07-26T23:32:07Z,iron ore,"Boring businesses can produce exciting returns when strong fundamentals reassert themselves.
The post 2 unglamorous ASX shares that could rerate sharply appeared first on The Motley Fool Australia.",Motley Fool Australia,Australia,News,2026-07-28T08:36:18.176611Z
964c634adc2d721b1ef99a5ef132cccb,Tata Steel’s EASyMelt technology aims to halve coke use in blast furnaces,https://www.thehindubusinessline.com/business-tech/tata-steels-easymelt-technology-aims-to-halve-coke-use-in-blast-furnaces/article71270482.ece,M  Ramesh,2026-07-26T20:22:03Z,iron ore,"Tata Steel's EASyMelt technology aims to halve coke usage in blast furnaces, enhancing steel production and reducing emissions.",BusinessLine,Unknown,News,2026-07-28T08:36:18.176654Z
27a40744e193a41361ff8534ef4a8e9e,Another day at the office: Fortescue CEO test drives 150 ton haul truck [video],http://electrek.co/2026/07/25/another-day-at-the-office-fortescue-ceo-test-drives-150-ton-haul-truck-video/,Jo Borrás,2026-07-26T00:43:27Z,iron ore,"Industrial mining giants Fortescue have been leading the charge towards electrifying every aspect of their operations – and last week, the company’s CEO took some time to actually get out and test drive some of the company’s newest battery-powered heavy machi…",Electrek,Unknown,News,2026-07-28T08:36:18.176713Z
8ea9a26552b993207f102a36d156bc6e,"Kodansha USA Licenses The Pool, Subaru and Subaru, Kraken Mare, 5 More Manga",https://www.animenewsnetwork.com/news/2026-07-25/kodansha-usa-licenses-the-pool-subaru-and-subaru-kraken-mare-5-more-manga/.239922,,2026-07-25T19:00:00Z,iron ore,"The Cat and Dog's Nine-Tailed Lives, Rega in the Sleeping Forest, Meaheim, more also licensed",Anime News Network,Unknown,News,2026-07-28T08:36:18.176746Z
fd45a711a0e30c076619d12efb96723f,The metal-rich nodules that mining firms hope to hoover off the deep-sea floor grow almost unimaginably slowly — on the order of a few millimetres every million years — so a potato-sized lump can take 10 to 20 million years to reach that size,https://spacedaily.com/m-the-metal-rich-nodules-that-mining-firms-hope-to-hoover-off-the-deep-sea-floor-grow-almost-unimaginably-slowly-on-the-order-of-a-few-millimetres-every-million-years-so-a-potato-siz/,Mal James,2026-07-24T21:00:54Z,iron ore,"The deep-sea mining industry wants to harvest rocks that took longer to form than humans have existed on Earth.
The post The metal-rich nodules that mining firms hope to hoover off the deep-sea floor grow almost unimaginably slowly — on the order of a few mil…",Space Daily,Unknown,News,2026-07-28T08:36:18.176815Z
604f83c2929ba81df6e6b842c85267e9,"Cabinet clears Rs 1,264 crore Ballari-Guntakal rail line expansion, says MoS V Somanna",https://economictimes.indiatimes.com/industry/transportation/railways/cabinet-clears-rs-1264-crore-ballari-guntakal-rail-line-expansion-says-mos-v-somanna/articleshow/132609905.cms,ET Bureau,2026-07-24T16:02:59Z,iron ore,"The Union Cabinet approved construction of new railway lines for Rs 1,264 crore. This project will add 46 km of railway lines across Karnataka and Andhra Pradesh. It will enhance passenger and freight movement, improving network capacity significantly. The pr…",The Times of India,Unknown,News,2026-07-28T08:36:18.176870Z
6d44105c0fce9b2c6f7fc1e40a6b7b06,Citi Drops Rand Bet After South Africa’s Surprise Rate Hold,https://financialpost.com/pmn/business-pmn/citi-drops-rand-bet-after-south-africas-surprise-rate-hold,Bloomberg News,2026-07-24T14:16:55Z,iron ore,Citigroup Inc. closed its bullish position on the South African rand against the euro hours after concluding the currency would remain “fragile” following the central bank’s surprise decision to keep interest rates unchanged.,Financial Post,South Africa,Market Report,2026-07-28T08:36:18.176907Z
6460bbd098dbc406701a6473e25031ce,"Cabinet approves Rs 1,264 crore Ballari-Guntakal railway project linking Andhra Pradesh and Karnataka",https://economictimes.indiatimes.com/industry/transportation/railways/cabinet-approves-rs-1264-crore-ballari-guntakal-railway-project-linking-andhra-pradesh-and-karnataka/articleshow/132603136.cms,ET Online,2026-07-24T10:49:08Z,iron ore,"The Union Cabinet has approved a Rs 1,264 crore railway infrastructure project to construct the third and fourth rail lines between Ballari in Karnataka and Guntakal in Andhra Pradesh. The 46-km multi-tracking project, to be completed by 2028-29, aims to boos…",The Times of India,Unknown,News,2026-07-28T08:36:18.176962Z
efed23e0039c3f128ac98a7cb8c20ad7,"New Great And Clever Street Art! (20 Photos, Vol. 13)",https://streetartutopia.com/2026/07/24/new-street-art-that-makes-you-stop-and-look-20-photos-vol-13/,Vidar,2026-07-24T08:23:02Z,iron ore,"Twenty works worth a closer look. A mechanical rhino meets a dog watching the hills, while trains, boats, flowers and intimate portraits take over walls across Europe and North America. These twenty works reward a second look. Tap Love beneath your favorites:…",Streetartutopia.com,USA,News,2026-07-28T08:36:18.176992Z
5c6cc6c19e7c23f44eae9f30581f75d9,Caliber Mining and Logistics shares list at 19% premium over IPO price on BSE,https://economictimes.indiatimes.com/markets/stocks/news/caliber-mining-and-logistics-shares-list-at-19-premium-over-ipo-price-on-bse/articleshow/132596430.cms,ETMarkets.com,2026-07-24T04:43:20Z,iron ore,"Caliber Mining & Logistics shares debuted nearly 19% above their IPO price on Friday, beating grey market expectations. The Rs 450 crore issue was subscribed 156.63 times, driven by strong demand across investor categories. The company plans to use the IPO pr…",The Times of India,Unknown,Market Report,2026-07-28T08:36:18.177041Z
5277a130acc4c6dcc8dcbfcce23cc1a9,"Stock Market Today, July 23: Cleveland-Cliffs Stock Soars on Robust Steel Demand and Pricing",https://biztoc.com/x/ce5e0dce67e85d64,finance.yahoo.com,2026-07-23T22:08:56Z,iron ore,"Cleveland-Cliffs (NYSE:CLF), an integrated flat-rolled steel and iron ore producer, closed at $10.96, up 15.98%. Quarterly results and upbeat guidance drove the gain; investors are watching second-half earnings and third-quarter adjusted EBITDA.
Trading volum…",Biztoc.com,Unknown,Market Report,2026-07-28T08:36:18.177088Z
1a1f01f5dfac2314ab2114c8ff190f9a,Sweden eases mining permits to cut China minerals reliance,https://www.dw.com/en/sweden-eases-mining-permits-to-cut-china-minerals-reliance/a-78087394,Mark Hallam,2026-07-23T18:08:00Z,iron ore,Sweden has declared the mining of critical minerals and rare earths a national security interest. This will ease and expedite the permit process. The government said the step was needed to counter dependence on China.,DW (English),China,News,2026-07-28T08:36:18.177150Z
9ba43921178c42e1796bb186399ed36f,Two Iron Age Axes Evaluated,https://archaeology.org/news/2026/07/23/two-iron-age-axes-evaluated/,Jessica Esther Saraceni,2026-07-23T17:30:00Z,iron ore,"KIEL, GERMANY—According to the Greek Reporter, Matthias Christian Hüls of Kiel University and his colleagues […]
The post Two Iron Age Axes Evaluated appeared first on Archaeology Magazine.",Archaeology,Greece,Market Report,2026-07-28T08:36:18.177199Z
8bb0ea383ae7a728e6123c555d8ed91e,Analysis of mechanical properties and micro-mechanisms of concrete based on the method of using steel slag as aggregate replacement: Macro-mechanical tests and microscopic tests of four typical control groups,https://journals.plos.org/plosone/article?id=10.1371/journal.pone.0352138,"Xiaobing Chen, Hengyi Yang, Jinhu Tong, Wei Hu, Fengyi Kang, Miao Zhang, Laiyuan Mao, Ronglong Zhao",2026-07-23T14:00:00Z,iron ore,There is still controversy over whether the mechanical properties of steel slag concrete are superior to those of ordinary crushed-stone concrete and which method of substituting steel slag for aggregates yields better mechanical performance. Four groups of s…,Plos.org,Unknown,Analysis/Opinion,2026-07-28T08:36:18.177248Z
d288938d4daad6d53d7f5bd674764622,"For energy-hungry India, Australia’s uranium deal comes at the right time",https://www.rt.com/india/643364-energy-india-australia-uranium/,RT,2026-07-23T11:22:46Z,iron ore,The long-delayed India-Australia uranium supply deal is set to support New Delhi’s nuclear ambitions as it searches for cleaner and more secure energy sources,RT,Australia,News,2026-07-28T08:36:18.177317Z
8d4147fe72fb4f8c18cfb2db0baa528f,6Wresearch: India Export Attractiveness Tracker 2026,https://www.thehindubusinessline.com/brandhub/pr-release/6wresearch-india-export-attractiveness-tracker-2026/article71257322.ece,cuelive,2026-07-23T10:00:23Z,iron ore,6Wresearch: India Export Attractiveness Tracker 2026,BusinessLine,India,News,2026-07-28T08:36:18.177333Z
d951fe6c7ee07f240d695e9f9f3cbcfb,China Solar Lobby Says Fewer Installs Mark Sustainable Shift,https://financialpost.com/pmn/business-pmn/china-solar-lobby-says-fewer-installs-mark-sustainable-shift,Bloomberg News,2026-07-23T03:24:20Z,iron ore,"China’s solar lobby said the industry is on a more sustainable track, after a policy shift drove a 66% decline in installations in the first half of 2026.",Financial Post,China,News,2026-07-28T08:36:18.177348Z
407c723dcfc165428116f24b441272f4,The First Japan-Brazil Foreign Ministers’ Strategic Dialogue,https://thediplomat.com/2026/07/the-first-japan-brazil-foreign-ministers-strategic-dialogue/,KISHIKAWA Takeshi,2026-07-23T00:13:00Z,iron ore,"An important first step, with much work still ahead.",The Diplomat,Brazil,News,2026-07-28T08:36:18.177365Z
346d0f0205b6430031799be9f95faa89,Federal agency links IOC train derailment in Quebec to temperature swings,https://www.cbc.ca/news/canada/newfoundland-labrador/ioc-train-derailment-9.7279804,,2026-07-22T19:30:49Z,iron ore,The Transportation Safety Board of Canada says it could not determine the exact cause of a freight train derailment in northern Quebec last December.,CBC News,Unknown,News,2026-07-28T08:36:18.177433Z
e9b8b593528e29cd11b45083d65382fc,Guinea is latest African country seeking to keep profits at home,https://www.irishtimes.com/world/2026/07/22/guinea-is-the-latest-african-country-seeking-to-keep-mineral-profits-at-home/,Denis Staunton,2026-07-22T07:13:54Z,iron ore,"President banned raw gold exports last month, and Guinea has built a gold refinery in the capital",The Irish Times,Unknown,News,2026-07-28T08:36:18.177511Z
cc8a59bd420267ba59b6b1611f795852,Goats of football: Indian village holds tournament with an Indigenous twist,https://www.aljazeera.com/news/2026/7/22/goats-of-football-indian-village-holds-tournament-with-an-indigenous-twist,Shweta Desai,2026-07-22T05:19:05Z,iron ore,"In a remote district surrounded by forests and hills, teams from tribal villages compete for football glory – and goats.",Al Jazeera English,India,News,2026-07-28T08:36:18.177533Z
c66fb001319ed7a02eaa52ed96f559c6,"Vedanta shares drop 26% in two months, erase all post-demerger gains. Time to buy or better to avoid?",https://economictimes.indiatimes.com/markets/stocks/news/vedanta-shares-drop-26-in-two-months-erase-all-post-demerger-gains-time-to-buy-or-better-to-avoid/articleshow/132550874.cms,Debaroti Adhikary,2026-07-22T04:12:12Z,iron ore,Vedanta shares have fallen over twenty-six percent in two months.  This decline erased all gains made after the recent corporate demerger.  Analysts are still advising caution for potential investors in Vedanta.  The company's financial risk profile has impro…,The Times of India,Unknown,News,2026-07-28T08:36:18.177590Z
315a905f976ecf9184957202811a589d,ASX 200 Rises 0.39% as Miners Rally on Wall Street Strength and Broad Commodity Gains,https://www.ibtimes.com.au/asx-200-rises-mining-stocks-market-recovery-1872732,Tony Jackson,2026-07-22T03:38:17Z,iron ore,"Australia's ASX 200 index rose 0.39% as mining stocks led gains, supported by a strong session on Wall Street. Energy shares also showed promise amid global oil price surges.",Ibtimes.com.au,Australia,Market Report,2026-07-28T08:36:18.177604Z
4778f8faa3213402b6b84d4c6c9ab3b1,Drilling of High Priority Targets at Wyloo Completed,https://www.globenewswire.com/news-release/2026/07/21/3330937/0/en/Drilling-of-High-Priority-Targets-at-Wyloo-Completed.html,Novo Resources Corp.,2026-07-21T20:00:00Z,iron ore,"HIGHLIGHTS   •Maiden RC drilling completed at the Wyloo Polymetallic Project at the Wyloo SE prospect comprising 16 holes for a total of 2,615 m has...",GlobeNewswire,Unknown,News,2026-07-28T08:36:18.177642Z
abadcf3452f1000c40361e275d795dbe,Falling objects at BlueScope trigger breaches months after death,https://www.abc.net.au/news/2026-07-22/bluescope-safety-breaches-at-blast-furnace-reline/106908658,Brooke Chandler and Charles Rushforth,2026-07-21T19:58:44Z,iron ore,"There have been six incidents involving falling tools and building materials at BlueScope, less than a year since contractor Jack McGrath was killed.",ABC News (AU),Unknown,News,2026-07-28T08:36:18.177676Z
5ce81025e187dcc1a22b919c38f8fb2c,Coming to grips with rare earths,https://www.thehindubusinessline.com/opinion/coming-to-grips-with-rare-earths/article71250406.ece,Nishant  Sahdev,2026-07-21T15:54:47Z,iron ore,China doesn’t dominate rare earths because it owns the mines. It dominates because it spent 30 years learning to refine them — a lead money alone can’t close,BusinessLine,China,News,2026-07-28T08:36:18.177693Z
11e9690208ec80a1ab47b96178b069ac,"Formal Statement by Jingye Steel Co., Ltd.",https://www.prnewswire.com/news-releases/formal-statement-by-jingye-steel-co-ltd-302830973.html,,2026-07-21T14:28:00Z,iron ore,"SHIJIAZHUANG, China, July 21, 2026 /PRNewswire/ -- In relation to the UK Government's compulsory nationalisation of British Steel Limited ('British Steel'), a subsidiary of Jingye Steel Co., Ltd. ('Jingye'), Jingye hereby issues the following formal statement…",PRNewswire,China,News,2026-07-28T08:36:18.177715Z
f45fc5183649639411b430dc318af160,Altius Minerals Corporation Closes C$181.5 Million “Bought Deal” Public Offering of Common Shares,https://financialpost.com/pmn/business-wire-news-releases-pmn/altius-minerals-corporation-closes-c181-5-million-bought-deal-public-offering-of-common-shares,Business Wire,2026-07-21T12:38:46Z,iron ore,"NOT FOR DISTRIBUTION TO U.S. NEWS WIRE SERVICES OR FOR DISSEMINATION IN THE UNITED STATES ST. JOHN’S, Newfoundland — Altius Minerals Corporation (TSX: ALS) (OTCQX: ATUSF) (“Altius” or the “Company”) is pleased to announce that it has completed its previously …",Financial Post,USA,News,2026-07-28T08:36:18.177746Z
d8c3395394bd5485617167a95dc7585e,Hydrochloric Acid Market Size to Surpass USD 5.21 Billion by 2035 on Rising Steel and Oil & Gas Demand | SNS Insider,https://www.globenewswire.com/news-release/2026/07/21/3330276/0/en/Hydrochloric-Acid-Market-Size-to-Surpass-USD-5-21-Billion-by-2035-on-Rising-Steel-and-Oil-Gas-Demand-SNS-Insider.html,SNS Insider pvt ltd,2026-07-21T10:30:00Z,iron ore,"U.S. Market to Reach USD 1.40 Billion and Europe USD 1.18 Billion by 2035, Supported by Industrial Production and Water Treatment Demand U.S. Market to Reach USD 1.40 Billion and Europe USD 1.18 Billion by 2035, Supported by Industrial Production and Water Tr…",GlobeNewswire,Unknown,Market Report,2026-07-28T08:36:18.177793Z
11c94f39bafb05c863c0569134836277,"Iron ore hits 18-month low at $87.20 amid China steel losses, Hormuz closure",https://cryptobriefing.com/iron-ore-hits-18-month-low-at-8720-amid-china-steel-losses-hormuz-closure/,Estefano Gomez,2026-07-21T03:42:57Z,iron ore,"Iron ore prices drop to $87.20 amid China steel losses and Hormuz closure. Crude oil reaching new highs by December 31 at 14.5% YES.
The post Iron ore hits 18-month low at $87.20 amid China steel losses, Hormuz closure appeared first on Crypto Briefing.",Crypto Briefing,China,Market Report,2026-07-28T08:36:18.177807Z
abe3107fb3d28a4c63c15c8b2c07dafe,Caliber Mining & Logistics IPO Day 3: GMP hints at 22% listing gain as issue draws robust investor interest,https://economictimes.indiatimes.com/markets/ipos/fpos/caliber-mining-logistics-ipo-day-3-gmp-hints-at-22-listing-gain-as-issue-draws-robust-investor-interest/articleshow/132527312.cms,Ritesh Presswala,2026-07-21T03:41:00Z,iron ore,"Caliber Mining & Logistics' Rs 450-crore IPO is in its final bidding day. Investor demand remains strong, with the issue subscribed over 23 times. The grey market indicates a potential listing gain of nearly 22%. Proceeds will fund debt repayment and capital …",The Times of India,Unknown,Market Report,2026-07-28T08:36:18.177856Z
8a521ae99951571d6db131612621558c,Nigeria and the missed opportunities in $4bn steel industry,https://punchng.com/nigeria-and-the-missed-opportunities-in-4bn-steel-industry-2/,Punch Newspapers,2026-07-21T01:10:07Z,iron ore,"Nigeria loses $4bn annually on steel imports. Discover a N44tn initiative to build modern steel mills and a nationwide rail network, transforming Nigeria’s

Read More: https://punchng.com/nigeria-and-the-missed-opportunities-in-4bn-steel-industry-2/",The Punch,Unknown,News,2026-07-28T08:36:18.177911Z
134c687d8a78a73e0b10f67aa071c291,Buck’s Range Pro Comes in Two Sizes and the $10 Gap Tells You Which to Buy,https://the-gadgeteer.com/2026/07/27/buck-791-vs-790-mini-range-pro-crossbar-lock/,Rei Padla,2026-07-27T08:00:09Z,steel production,"Buck has made knives since 1902 and built its name on the lockback, then put a crossbar lock on a folder for the first time in company history. The Range Series is where that shift landed, and the Pro versions are the ones most buyers should look at first. Th…",The Gadgeteer,Unknown,News,2026-07-28T08:36:18.769955Z
afbd75482a60f8115a2c8a7192edcf89,India allows use of ammonia in agriculture to cut import dependence in Urea,https://www.thehindubusinessline.com/economy/agri-business/india-allows-use-of-ammonia-in-agriculture-to-cut-import-dependence-in-urea/article71269086.ece,Prabhudatta  Mishra,2026-07-27T07:43:35Z,steel production,"Industry sources say if this becomes successful, India will be the fourth country in the world after the US, Canada and Australia to use ammonia directly in farming.",BusinessLine,Australia,News,2026-07-28T08:36:18.769991Z
ce0914d968baaa8cf3162778dde2ce11,Monport MEGAS Brings Advanced LightBurn Features to Desktop CO2 Laser Engraving,https://www.prnewswire.com/news-releases/monport-megas-brings-advanced-lightburn-features-to-desktop-co2-laser-engraving-302835013.html,,2026-07-27T06:23:00Z,steel production,"New 70W desktop CO2 laser engraver brings LightBurn's advanced feature set — autofocus, wireless connectivity and live camera placement — directly into the software, closing a gap most ""LightBurn compatible"" machines leave open. SEATTLE, July 27, 2026 /PRNews…",PRNewswire,Unknown,News,2026-07-28T08:36:18.770046Z
56391fc215b39773dfaccfa94cea5c68,M&G’s Kelly Bets on Former Highflyers Like Novo to Trounce Peers,https://financialpost.com/pmn/business-pmn/mgs-kelly-bets-on-former-highflyers-like-novo-to-trounce-peers,Bloomberg News,2026-07-27T06:19:33Z,steel production,"(Bloomberg) -- M&G Plc’s Shane Kelly is beating 91% of European-focused equity fund managers by snapping up former investor darlings he avoided for years because their valuations were too high, including Novo Nordisk A/S.",Financial Post,Unknown,News,2026-07-28T08:36:18.770095Z
9705594817ce1e60564bccb0bf5c25ca,Restoring Santiago’s Island Hills: Environmental Compensation as a Landscape Strategy,https://landezine.com/restoring-santiagos-island-hills-environmental-compensation-as-a-landscape-strategy/,Urska Skerl,2026-07-27T05:20:02Z,steel production,"We are publishing the article by Catalina Picón, landscape architect, and co-founder of Fundación Cerros Isla, on the Cerros Isla restoration in Santiago, Chile. The platform behind it is built on environmental compensation — a regulatory requirement imposed …",Landezine.com,Unknown,News,2026-07-28T08:36:18.770153Z
778071bb4289ada0d2680a67b9b76f41,Seeing James Cameron’s Historic Rolex Deepsea Challenge Up Close,https://www.fratellowatches.com/seeing-james-camerons-historic-rolex-deepsea-challenge-up-close/,Henry Black,2026-07-27T05:00:10Z,steel production,"I have seen a lot of significant Rolex pieces over the years, from steel Daytonas to military-issued Submariners and GMT-Masters that have literally flown around the globe (thank you, Cliff Tait). Now, I’ve also been lucky enough to see a Deepsea that went to…",Fratellowatches.com,Unknown,News,2026-07-28T08:36:18.770218Z
c4f85c22ce007b265f915447abdfa2a0,This Is The Brand New Lego® Icons Jaguar E-Type,https://silodrome.com/lego-icons-jaguar-e-type/,Ben Branch,2026-07-27T04:30:28Z,steel production,"This is the new Lego® Icons Jaguar E-Type, it’s an incredible 1:12 scale model that measures in at over a foot long (14.5 inches),...
The post This Is The Brand New Lego® Icons Jaguar E-Type appeared first on Silodrome.",Silodrome.com,Unknown,News,2026-07-28T08:36:18.770265Z
90650aa397b10a983815fc1cf5bc3711,Why are spiders special?,https://www.lifesciencesworld.com/why-are-spiders-special/,Ava Reynolds,2026-07-27T03:48:28Z,steel production,"Why Are Spiders Special? Exploring Arachnid Uniqueness Spiders are special because of their unique evolutionary adaptations and vital ecological roles: from their silk production and hunting techniques to their contribution to pest control, spiders stand out …",Lifesciencesworld.com,Unknown,News,2026-07-28T08:36:18.770316Z
012a3668e56e969a0d295a1d3f281520,"As the Right Panics Over ‘Marxists,’ Their Own Leaders Are Openly Seizing the Means of Production",https://www.activistpost.com/as-the-right-panics-over-marxists-their-own-leaders-are-openly-seizing-the-means-of-production/,Editor,2026-07-27T01:31:50Z,steel production,"Politicians are using the engineered threat of a Marxist takeover to keep Americans paralyzed with fear, effectively blinding the public to the bipartisan corporate-state cabal that is actively seizing equity in private industries, throttling the free market,…",Activistpost.com,USA,Market Report,2026-07-28T08:36:18.770345Z
7fb018654606001b0b6bb37819c29ad6,SeAH Aerospace & Defense Becomes Korea's First Aluminum Alloy Supplier for Airbus,https://www.prnewswire.com/news-releases/seah-aerospace--defense-becomes-koreas-first-aluminum-alloy-supplier-for-airbus-302833901.html,,2026-07-27T00:00:00Z,steel production,"Key Highlights: Recognized for its superior process control and quality standards, SeAH A&D signed a long-term agreement with Airbus ahead of final product certification. The company will begin the quality certification process in the second half of this year…",PRNewswire,Unknown,News,2026-07-28T08:36:18.770463Z
abd2df3d940b3eeb3ceff68a7b1fc42c,AEW Redemption Preview: Your Complete Viewing Guide to Tonight's PPV,https://bleedingcool.com/tv/aew-redemption-preview-your-complete-viewing-guide-to-tonights-ppv/,El Presidente,2026-07-26T22:07:09Z,steel production,"Greetings, comrades! It is I, your El Presidente, reporting to you live from my luxurious private box at the Bell Centre in Montreal, where my pet capybara Esteban and I have just finished a delightful poutine prepared by my personal chef (formerly the person…",Bleeding Cool News,Unknown,Analysis/Opinion,2026-07-28T08:36:18.770504Z
8dd714c2023ed1b4a98d6f94225e5a77,What lies ahead for Iran’s economy as scope of US war grows beyond Hormuz?,https://www.aljazeera.com/news/2026/7/26/what-lies-ahead-for-iran-as-scope-of-us-war-grows-beyond-hormuz,Maziar Motamedi,2026-07-26T19:31:58Z,steel production,Mediation efforts continue but uncertainty remains as risks of further disruptions in international waterways grow.,Al Jazeera English,Global,News,2026-07-28T08:36:18.770583Z
4a9c153f331476c1e100022f76e4afd8,"Steel utensils, cookers, non-stick cookware all costlier in June as metal prices climb; firm trend seen till Q3",https://economictimes.indiatimes.com/industry/indl-goods/svs/steel/steel-utensils-cookers-non-stick-cookware-all-costlier-in-june-as-metal-prices-climb-firm-trend-seen-till-q3/articleshow/132646378.cms,Anoushka Sawhney,2026-07-26T18:16:59Z,steel production,"The price of kitchen utensils saw a notable uptick in June, driven by escalating global metal costs. Specifically, inflation for stainless steel utensils escalated to 7.1 percent compared to last year. Pressure cooker prices climbed by 4.7 percent, while othe…",The Times of India,Global,Market Report,2026-07-28T08:36:18.770632Z
a643474cf8a19aa6f1b56d9f201720f0,Black bears invade Lake Tahoe homes as break-ins surge and locals fortify defenses,https://www.foxnews.com/travel/black-bears-invade-lake-tahoe-homes-break-ins-surge-locals-fortify-defenses,,2026-07-26T17:48:49Z,steel production,"Lake Tahoe homeowners are spending thousands on electric mats, reinforced doors and other bear deterrents as black bear break-ins surge this year.",Fox News,Unknown,News,2026-07-28T08:36:18.770671Z
9c350c970fd9e3a5d30326cdb84da4c0,Tri-Power-Equipped 1964 Pontiac GTO Hardtop Coupe 4-Speed,https://bringatrailer.com/listing/1964-pontiac-gto-116/,bringatrailer,2026-07-26T17:40:11Z,steel production,"This 1964 Pontiac GTO hardtop coupe was initially delivered to Utter Pontiac of Los Angeles, California, and was ordered new finished in Gulfstream Aqua over black vinyl bucket seats. The car underwent a refurbishment after it was purchased by the seller in 1…",Bringatrailer.com,Unknown,News,2026-07-28T08:36:18.770721Z
5ccb92b3debcf943f5769d06d27fcc50,How to Write English Prose,https://thelampmagazine.com/blog/how-to-write-english-prose,,2026-07-26T17:29:35Z,steel production,"To my mind, each is in its own way a perfect, exquisitely faceted gem of English prose from an especially glorious literary epoch. Browne’s prose is a…",Thelampmagazine.com,Unknown,News,2026-07-28T08:36:18.770758Z
8a54f53fb67b7f4e2c6b70cf28eeef42,His iconic film was an unexpected hit in America but why DID this local hero never become a Hollywood superstar?,https://www.dailymail.com/news/article-16003263/His-iconic-film-unexpected-hit-America-DID-local-hero-never-Hollywood-superstar.html,John Macleod,2026-07-26T14:28:31Z,steel production,"Arguably the best Scottish film ever - made with barely £200,000, a cast of unknowns and shot in Cumbernauld - Gregory's Girl is still held in vast affection.",Dailymail.com,USA,News,2026-07-28T08:36:18.770783Z
31ee60a1cd32ca25d54eb245348c5e91,1993 Ducati 888 SPO,https://bringatrailer.com/listing/1993-ducati-888-4/,bringatrailer,2026-07-26T12:35:05Z,steel production,"This 1993 Ducati 888 Sport Production Omologato (SPO) was acquired by its current owner in 2021, reportedly from its original owner, and it has been outfitted with Termignoni mufflers. Power is from an 888cc L-twin paired with a six-speed transmission, and th…",Bringatrailer.com,Unknown,Market Report,2026-07-28T08:36:18.770826Z
2b171384173c7a0c830e8d3d38db4619,Show HN: Lemmings in HTML in Canvas,https://github.com/VorticonCmdr/lemmings,VorticonCmdr,2026-07-26T12:23:47Z,steel production,For fun I decided I wanted to reimplement Lemmings using HTML-in-cavas and a DOM-based Entity-Component-System. I made heavy use of Claude Code (using only Sonnet 5 High) and I used everything already published on this topic. I used already existing HTML port…,Github.com,Unknown,News,2026-07-28T08:36:18.770876Z
ef900bcd645eded3166d9ebd9207923b,07/26/2026,http://www.bay12games.com/dwarves/index.html#2026-07-26,,2026-07-26T12:00:00Z,steel production,"(Toady One) The Bay 12 Forums are experiencing issues (cannot reply to posts, view member profiles, etc.) No estimated time on a fix yet, since we have no idea what's going on.",Bay12games.com,Unknown,Analysis/Opinion,2026-07-28T08:36:18.770903Z
e1ab76bd66d94b5eb97621b265685cf6,"Ford Ranger in Malaysia 2026 – full line-up recap: from XL to high performance Raptor, prices, engines, specs",https://paultan.org/2026/07/26/ford-ranger-in-malaysia-2026-full-line-up-recap-from-xl-to-high-performance-raptor-prices-engines-specs/,Paul Tan,2026-07-26T11:02:53Z,steel production,"The current-generation “Next-Gen” Ford Ranger has been on sale in Malaysia since 2022, and its line-up has quietly grown into one of the widest in the pick-up segment. It expanded again in July 2026 with […]
The post Ford Ranger in Malaysia 2026 – full line-u…",Paul Tan's Automotive News,Unknown,Market Report,2026-07-28T08:36:18.770955Z
700620d8651c5f84be7a796b03a5d424,PLN EPI builds green hydrogen ecosystem for industry and aviation,https://en.antaranews.com/news/424071/pln-epi-builds-green-hydrogen-ecosystem-for-industry-and-aviation,"Putu Indah Savitri, Yashinta Difa",2026-07-26T09:44:42Z,steel production,State electricity giant subsidiary PLN Energi Primer Indonesia (PLN EPI) has begun developing an integrated green hydrogen ecosystem to supply the low-carbon ...,Antaranews.com,Indonesia,News,2026-07-28T08:36:18.770984Z
6cbeec3201211c45e6155ebc7d53055b,"Oil prices, US Fed rate decision, West Asia crisis to drive mkts: Analysts",https://www.thehindubusinessline.com/markets/oil-prices-us-fed-rate-decision-west-asia-crisis-to-drive-mkts-analysts/article71268924.ece,PTI,2026-07-26T08:31:38Z,steel production,"Analysts predict oil prices, US Fed decisions, and the West Asia crisis will significantly influence market trends this week.",BusinessLine,Unknown,Market Report,2026-07-28T08:36:18.771014Z
45260b7a691fd052d86f93ddb86d3ea5,For Sale: A BGW “Tri-Rod” – The Forgotten American ATV-Chopper,https://silodrome.com/bgw-tri-rod-atv/,Ben Branch,2026-07-26T04:30:20Z,steel production,"This is a rare, original B.G.W. TR-3075 Tri-Rod. It’s a three-wheeler that was made in America during the trike boom years of the 1970s,...
The post For Sale: A BGW “Tri-Rod” – The Forgotten American ATV-Chopper appeared first on Silodrome.",Silodrome.com,USA,News,2026-07-28T08:36:18.771042Z
f40287046673c6f3ea84f6f0f87e2eba,India and Australia must move decisively to build resilient energy supply chains,https://economictimes.indiatimes.com/news/economy/foreign-trade/india-and-australia-must-move-decisively-to-build-resilient-energy-supply-chains/articleshow/132635627.cms,Dipanjan Roy Chaudhury,2026-07-26T02:06:01Z,steel production,"India and Australia must build resilient energy supply chains for regional stability. Critical minerals are foundational for this proposed energy security corridor. Australia offers vast mineral reserves, while India possesses a growing manufacturing sector. …",The Times of India,Australia,News,2026-07-28T08:36:18.771067Z
043244eeefd28c8d8b7ab761402969ea,"Articles On: Mexico, Economy, Europe, Trade, Electric Vehicles, Manufacturing, Yuan, and Global Markets",https://www.hoover.org/research/articles-mexico-economy-europe-trade-electric-vehicles-manufacturing-yuan-and-global,"July 26, 2026",2026-07-26T00:00:00Z,steel production,This section highlights articles and reports on the harmful impacts of the commercial and economic policies employed by the Chinese Communist Party.,Hoover.org,China,Market Report,2026-07-28T08:36:18.771078Z
df323a914969eff18e7da0764b4719da,Clean energy investment is facing headwinds. Could superannuation help?,https://www.abc.net.au/news/2026-07-26/superannuation-renewable-energy-investment-funding-gap/106842116,Romy Stephens,2026-07-25T18:41:47Z,steel production,"Australian super funds manage $4.5 trillion in retirement savings, but directing some of that war chest towards the clean energy transition could be more difficult than it seems.",ABC News (AU),Australia,News,2026-07-28T08:36:18.771095Z
587940dfab3439bf46e55a8b730dff1c,1993 Ducati 900SL Superlight,https://bringatrailer.com/listing/1993-ducati-900sl-superlight-3/,bringatrailer,2026-07-25T17:50:15Z,steel production,"This 1993 Ducati 900 Superlight is finished in yellow over a white trellis frame and is powered by a 904cc L-twin, which is said to have received a timing belt service in preparation for the sale and has been fitted with aftermarket carbon-fiber mufflers. Shi…",Bringatrailer.com,Unknown,Market Report,2026-07-28T08:36:18.771136Z
7d4afbfa9ce51c98617e0c6922a9c63b,1966 Chevrolet El Camino 396 at No Reserve,https://bringatrailer.com/listing/1966-chevrolet-el-camino-60/,bringatrailer,2026-07-25T17:40:08Z,steel production,"This 1966 Chevrolet El Camino was purchased by the seller in 2003 and was subsequently refurbished. Power is provided by a replacement 396ci V8 linked to a TH350 three-speed automatic transmission, and the truck is finished in maroon over black vinyl upholste…",Bringatrailer.com,Unknown,News,2026-07-28T08:36:18.771192Z
3f9f3e006ce7cf82b8fa9bcfc657e27d,6 Reasons Contractors Choose KWM Gutterman for High-Quality Gutter Systems,https://ahouseinthehills.com/6-reasons-contractors-choose-kwm-gutterman-for-high-quality-gutter-systems/,Isaiah Warren,2026-07-25T14:55:13Z,steel production,"High-quality gutter systems serve as the first line of defense for any home. They protect structures from water damage, foundation erosion, and expensive repairs. A well-installed system adds long-term value to a property. Therefore, the choice of contractor …",Ahouseinthehills.com,Unknown,News,2026-07-28T08:36:18.771243Z
199027a8f07666fc458bc169ee863243,"CyberConnect2 VP Discusses Self-Publishing, the .hack series, and the Status of Upcoming Games",https://www.animenewsnetwork.com/convention/2026/all-the-news-and-reviews-from-anime-expo/cyberconnect2-vp-discusses-self-publishing-the-.hack-series-and-the-status-of-upcoming-games/.239712,,2026-07-25T13:00:00Z,steel production,"CyberConnect2 has mainly been known for creating licensed anime games such as Demon Slayer: The Hinokami Chronicles, the Naruto Ultimate Ninja series,...",Anime News Network,Unknown,News,2026-07-28T08:36:18.771284Z
c3c58cb82dc14dd2382f02320df15f37,Beautifully Renovated Interior: A 1954 Flxible Visicoach Motorhome,https://silodrome.com/flxible-visicoach-motorhome/,Ben Branch,2026-07-25T12:30:35Z,steel production,"This is a 1954 Flxible Visicoach that was given a full motorhome conversion back in the 1980s. In 2021 a five year renovation was...
The post Beautifully Renovated Interior: A 1954 Flxible Visicoach Motorhome appeared first on Silodrome.",Silodrome.com,Unknown,News,2026-07-28T08:36:18.771325Z
7b47de8b30c5668bdfb62e4b986c952d,"Micron CEO Sanjay Mehrotra’s Bad Blood With Apple Traces Back Years, Report Reveals Amid Chip Standoff & Efforts To Procure From China’s CXMT",https://wccftech.com/micron-ceo-sanjay-mehrotras-bad-blood-with-apple-traces-back-years-report-reveals-amid-chip-standoff-efforts-to-procure-from-chinas-cxmt/,Ramish Zafar,2026-07-25T12:20:42Z,steel production,"Apple and Micron are going head to head over the former's plans to procure memory chips from China's YMTC, reports The Wall Street Journal. The Cupertino, California-based consumer electronics giant made headlines this year after it announced a price hike acr…",Wccftech,China,Market Report,2026-07-28T08:36:18.771347Z
d88cf9b2da04808123cef70ffbff5d1e,DPRK Premier Inspects Hwanghae Iron and Steel Complex,https://www.globalsecurity.org/wmd/library/news/dprk/2026/dprk-260725-kcna01.htm,John Pike,2026-07-25T12:00:00Z,steel production,"Pak Thae Song, member of the Presidium of the Political Bureau of the Central Committee of the Workers' Party of Korea and premier of the DPRK Cabinet, visited the Hwanghae Iron and Steel Complex to learn about production and management.",Globalsecurity.org,Unknown,News,2026-07-28T08:36:18.771389Z
557a96a45b062ac11719ed9f067eb5eb,‘first for mental workout and game’: how starck’s iconic lemon squeezer broke the mold,https://www.designboom.com/design/game-philippe-starck-iconic-lemon-squeezer-juicy-salif-alessi/,thomai tsimpou I designboom,2026-07-25T10:00:08Z,steel production,"more than 35 years after its debut, the aluminum citrus squeezer continues to spark debate, proving that the most influential designs are not always the most practical.
The post ‘first for mental workout and game’: how starck’s iconic lemon squeezer broke the…",Designboom,Unknown,News,2026-07-28T08:36:18.771442Z
7f610064eacf6e8449f1dc2f5627ea27,Hyundai Motor Group Executive Chair Euisun Chung Announces Physical AI Vision at San Francisco AI Summit,https://www.prnewswire.com/news-releases/hyundai-motor-group-executive-chair-euisun-chung-announces-physical-ai-vision-at-san-francisco-ai-summit-302834583.html,,2026-07-25T06:58:00Z,steel production,"Hyundai Motor Group shares roadmap for realizing its Physical AI vision and collaboration strategy with global tech leaders at the San Francisco AI Summit Executive Chair Euisun Chung presented, ""Hyundai Motor Group is evolving beyond the traditional boundari…",PRNewswire,Global,News,2026-07-28T08:36:18.771494Z
e98a1fd5b07379b26db808314223ba85,Sporty cars that looked fast - but actually really weren’t,https://www.autocar.co.uk/car-news/slideshow/sporty-cars-looked-fast-actually-really-weren%E2%80%99t-60,Matthew Macconnell,2026-07-25T06:55:50Z,steel production,"We take a look at the cars whose looks wrote cheques their engines couldn’t always cash 

Sharp styling, large spoilers and sculpted air dams will occasionally trick us into thinking a meatier engine lies underneath. 



Looks can be deceiving and don't alw…",Autocar,Unknown,News,2026-07-28T08:36:18.771548Z
1c0f85fa9cb2df65305852bfab4afa55,U.S. Energy Secretary warns Brussels its methane crackdown will plunge Europe into darkness,https://www.naturalnews.com/2026-07-25-energy-secretary-warns-brussels-methane-crackdown-dangerous.html,Lance D Johnson,2026-07-25T06:00:00Z,steel production,The European Union’s dream of de-carbonizing the Western Hemisphere is colliding with a harsh reality that its own energy suppliers are now spelling out in blunt terms. As the bloc pushes forward with methane regulations that threaten to strangle liquefied na…,Naturalnews.com,Unknown,News,2026-07-28T08:36:18.771603Z
882dfa19c5ecee7bee94c57452d59da7,"Trump administration imposes forced-labor tariffs on 60 nations, rebuilding trade strategy after court setback",https://www.naturalnews.com/2026-07-25-trump-administration-imposes-forced-labor-tariffs-60-nations.html,Willow Tohi,2026-07-25T06:00:00Z,steel production,"The Trump administration has imposed new tariffs of 10% to 12.5% on 60 major trading partners starting July 24, 2026. The duties target nations accused of failing to ban imports made with forced labor, citing unfair competition with U.S. companies. China, Jap…",Naturalnews.com,China,Market Report,2026-07-28T08:36:18.771621Z
b8793f465464461747202b34be0dc183,Hyundai Motor Group Executive Chair Euisun Chung Announces Physical AI Vision at San Francisco AI Summit,https://www.prnewswire.com/news-releases/hyundai-motor-group-executive-chair-euisun-chung-announces-physical-ai-vision-at-san-francisco-ai-summit-302834557.html,,2026-07-25T04:40:00Z,steel production,"Hyundai Motor Group shares roadmap for realizing its Physical AI vision and collaboration strategy with global tech leaders at the San Francisco AI Summit Executive Chair Euisun Chung presented, ""Hyundai Motor Group is evolving beyond the traditional boundari…",PRNewswire,Global,News,2026-07-28T08:36:18.771661Z
c5f43ce43f852cc4f86e61a37f30411a,Report: Apple and Micron clash before Trump over Chinese memory chips,https://9to5mac.com/2026/07/24/report-apple-and-micron-clash-before-trump-over-chinese-memory-chips/,Marcus Mendes,2026-07-25T02:03:00Z,steel production,The Wall Street Journal reports that Micron is pressing the Trump administration to block Apple’s push to use memory chips from Chinese suppliers. Here are the details.,9to5Mac,China,Market Report,2026-07-28T08:36:18.771692Z
6322def854af67bac63579e399604afd,The 39 cars that changed the world,https://www.autocar.co.uk/car-news/slideshow/39-cars-changed-world-59,Autocar,2026-07-25T01:26:38Z,steel production,"We look at all the cars that changed the game, one way or another

Nothing changed the world like the car. 



A car is not just a convenience, a means of carrying people and things long distances in short periods of time. For more people in more places aro…",Autocar,Unknown,News,2026-07-28T08:36:18.771738Z
ba7741e34cbbabe2b1c873aeb15ac916,Britain’s best dead car companies,https://www.autocar.co.uk/car-news/slideshow/britain%E2%80%99s-best-dead-car-companies-72,Autocar,2026-07-25T01:26:31Z,steel production,"A journey back in time to some of the UK's most excellent car companies, sadly now deceased 

Car-making is hard.



Profitable car-making is a whole lot harder, and for proof you only need take a look at the failed British car companies we’re looking at he…",Autocar,UK,News,2026-07-28T08:36:18.771784Z
f387f75b71122ad91abc15f9e1709ede,The intriguing gems of the Volvo Museum,https://www.autocar.co.uk/car-news/slideshow/intriguing-gems-volvo-museum-59,Autocar,2026-07-25T01:26:22Z,steel production,"Volvo's own museum was a treasure trove of legendary cars of the brand's past

The Volvo Museum was a treasure trove of the brand’s finest machinery.



Now permanently closed with many of the exhibits transferred to the new World of Volvo, the museum showe…",Autocar,Unknown,News,2026-07-28T08:36:18.771830Z
ab0277337aa7e54d671d5925c1578fc5,Sporty cars that looked fast - but actually really weren’t,https://www.autocar.co.uk/car-news/slideshow/sporty-cars-looked-fast-actually-really-weren%E2%80%99t-59,Matthew Macconnell,2026-07-25T01:26:13Z,steel production,"We take a look at the cars whose looks wrote cheques their engines couldn’t always cash 

Sharp styling, large spoilers and sculpted air dams will occasionally trick us into thinking a meatier engine lies underneath. 



Looks can be deceiving and don't alw…",Autocar,Unknown,News,2026-07-28T08:36:18.771876Z
f06dcf65de7a93bebf2fd60a6ce01251,Treasures of the official Volkswagen museum,https://www.autocar.co.uk/car-news/slideshow/treasures-official-volkswagen-museum-59,James Attwood,2026-07-25T01:26:10Z,steel production,"Join us for a look inside Autostadt, the Volkswagen museum located next to its giant Wolfsburg factory, and one of the world's best car museums

Located in the shadow of Volkswagen's Wolfsburg factory in Germany, Autostadt is essentially a theme park devoted …",Autocar,Germany,News,2026-07-28T08:36:18.771921Z
e98c872247f8729809f1b65ee5738baf,This $75 Leatherman Folds Three Ways and Hides a Full Bit Kit,https://the-gadgeteer.com/2026/07/24/leatherman-adapter-batch-009-ratchet-cache/,Rei Padla,2026-07-25T01:00:18Z,steel production,"Leatherman rolled out the ninth release in its Garage series, and this one skips brute force for precision. The Batch #009 Adapter is a $75 ratcheting tool cache built to carry the small stuff your main multitool doesn’t have room for, and true to the Garage …",The Gadgeteer,Unknown,News,2026-07-28T08:36:18.771969Z
5589923f77c00a923e902d007454c40f,1960 Jaguar XK150 3.8L Drophead Coupe,https://bringatrailer.com/listing/1960-jaguar-xk150-27/,bringatrailer,2026-07-24T23:55:16Z,steel production,This 1960 Jaguar XK150 Drophead Coupe underwent a color change to red with a black soft top over black leather as part of a refurbishment completed prior to the current owner's acquisition in 2020. Subsequent work has involved resealing the 3.8-liter inline-s…,Bringatrailer.com,Unknown,News,2026-07-28T08:36:18.772015Z
b0eeadf3fc651161e36e0e46e35a4445,Modified 1970 Mercury Cougar Eliminator,https://bringatrailer.com/listing/1970-mercury-cougar-eliminator-6/,bringatrailer,2026-07-24T23:21:55Z,steel production,"This 1970 Mercury Cougar is one of 2,267 Eliminator models produced for the model year and was manufactured in June 1970 for delivery to Foss Hughes Lincoln-Mercury of Doylestown, Pennsylvania. Acquired by the seller in 2002, it was refurbished from 2014 thro…",Bringatrailer.com,Unknown,News,2026-07-28T08:36:18.772060Z
40bb8d97f142db5cc6a0b3b92a989a08,41-Years-Family-Owned 1956 Ford Thunderbird 3-Speed,https://bringatrailer.com/listing/1956-ford-thunderbird-232/,bringatrailer,2026-07-24T23:02:16Z,steel production,"This 1956 Ford Thunderbird was purchased by the seller's father-in-law in 1985, and ownership was transferred to the seller in 2020. It is powered by a replacement 312ci V8 paired with a three-speed manual transmission, and it is finished in red over red and …",Bringatrailer.com,Unknown,News,2026-07-28T08:36:18.772108Z
13a170ba032ff4ca67b5a5d2d63fc301,2026 Chevrolet Corvette ZR1 Convertible 3LZ Stars & Steel Limited Edition,https://bringatrailer.com/listing/2026-chevrolet-corvette-zr1-25/,bringatrailer,2026-07-24T22:46:33Z,steel production,"This 2026 Chevrolet Corvette ZR1 3LZ convertible is #106 of 250 Stars and Steel limited edition cars produced to commemorate the 250th anniversary of the United States of America. Stars and Steel cars were outfitted with American flag-inspired graphics, editi…",Bringatrailer.com,USA,News,2026-07-28T08:36:18.772138Z
067a3abbda72f6a6c88bb01f9cef078e,UPDATE – SuperCritical Materials Licenses Patented Uranium and Critical Materials Extraction Technology,https://www.globenewswire.com/news-release/2026/07/24/3333138/0/en/UPDATE-SuperCritical-Materials-Licenses-Patented-Uranium-and-Critical-Materials-Extraction-Technology.html,Supercritical Technologies Corp.,2026-07-24T21:41:00Z,steel production,Licensed uranium extraction technology positions SuperCritical to help address America's emerging nuclear fuel supply bottleneck as advanced reactor deployments accelerate.,GlobeNewswire,USA,News,2026-07-28T08:36:18.772175Z
49bb8ab22c2113b49c26e1805f9c1a82,1958 Porsche 356A Speedster,https://bringatrailer.com/listing/1958-porsche-356a-speedster-29/,bringatrailer,2026-07-24T21:21:36Z,steel production,"This 1958 Porsche 356A Speedster was purchased in 1969 by the prior owner, the proprietor of a Porsche repair shop in Texas, and it was acquired by the seller in 2017. The car is powered by a replacement 1600S flat-four paired with a four-speed manual transax…",Bringatrailer.com,Unknown,News,2026-07-28T08:36:18.772220Z
293a80acae793243f9b6d0b773090f44,The Persistence of US Trade Remedies Against China,https://thediplomat.com/2026/07/the-persistence-of-us-trade-remedies-against-china/,"Haiying Song, Yingfan Chen, and Dingding Chen",2026-07-24T19:25:00Z,steel production,Leader-level diplomacy gives the impression that the U.S. “trade war” has ended. That’s far from the truth.,The Diplomat,China,News,2026-07-28T08:36:18.772237Z
439e90e28f936c6bb7500aacc8cbfb4c,U.S. Army Has Failed To Replenish Stockpiles Of 155mm Artillery Rounds,https://www.forbes.com/sites/petersuciu/2026/07/24/us-army-has-failed-to-replenish-stockpiles-of-155mm-artillery-rounds/,"Peter Suciu, Contributor, 
 Peter Suciu, Contributor
 https://www.forbes.com/sites/petersuciu/",2026-07-24T19:20:42Z,steel production,"The U.S. Army broke ground on yet another new facility to produce the in-demand 155mm ordnance, but another plant opened in 2024 has failed to deliver as promised",Forbes,Unknown,News,2026-07-28T08:36:18.772273Z
05841ef8241db891c7faf05aa64213e7,Ford F-100 Flareside 3-Speed,https://bringatrailer.com/listing/1966-ford-f-100-121/,bringatrailer,2026-07-24T18:57:52Z,steel production,"This 1966 Ford F-100 Flareside pickup was purchased by the seller in 2015 and subsequently refurbished. The truck was refinished in Wimbledon White, and the interior was refreshed with black upholstery. It is powered by a 352ci V8 paired with a three-speed ma…",Bringatrailer.com,Unknown,News,2026-07-28T08:36:18.772317Z
5111c1119d0119ed5f8eb3241b31128e,Flashback Friday: The Top 8 Customs of July 2025,https://www.bikeexif.com/flashback-friday-the-top-8-customs-of-july-2025,Tom Gosselin,2026-07-24T18:00:00Z,steel production,"Relive the best custom bikes of July 2025. From 46Works' BMW R80 to a triple-cylinder Yamaha rally bike, we revisit 8 master builds featured on Bike EXIF.",Bikeexif.com,Unknown,News,2026-07-28T08:36:18.772349Z
40cbb21213a3d1a2f4fd441893567678,Steelers named top landing spot for All-Pro wide receiver,https://www.behindthesteelcurtain.com/pittsburgh-steelers-analysis/172621/steelers-named-top-landing-spot-for-deebo-samuel-san-francisco-49ers-washington-commanders,Mike Nicastro,2026-07-24T18:00:00Z,steel production,Steelers tabbed as landing spot for the former All-Pro,Behind the Steel Curtain,Unknown,News,2026-07-28T08:36:18.772375Z
cd948a8f26087b3ec9bb3fd79182c86e,The Norse Foldable Axe Folds Shut Like a Pocket Knife and Slips Into a Pack Pocket,https://hiconsumption.com/gear/willumsen-norse-foldable-folding-camp-axe/,Ryan Calder,2026-07-24T17:32:22Z,steel production,The packable axe category just got its first true pocket knife treatment.,Hiconsumption.com,Unknown,News,2026-07-28T08:36:18.772404Z
723a3ef15c82bf57436f78f2ffd1f8c1,1966 Lotus 23C,https://bringatrailer.com/listing/1966-lotus-23c/,bringatrailer,2026-07-24T16:40:07Z,steel production,"This 1966 Lotus 23C is said to be the last of six 23C chassis built at the end of the 23 platform's production and is said to have been delivered new to Lotus Southwest in Texas before being purchased by its first owner in Denver, Colorado. After later spendi…",Bringatrailer.com,Unknown,News,2026-07-28T08:36:18.772450Z
dc5547574e14b6d3a9bc5dfba8c06aae,The 30 Greatest Superhero Movies of All Time,https://www.esquire.com/entertainment/movies/a73245363/best-superhero-movies-ranked/,Eric Francisco,2026-07-24T16:34:35Z,steel production,"From Superman and The Dark Knight to Spider-Man 2, explore our ranked list of the 30 best superhero movies ever made.",esquire.com,Unknown,News,2026-07-28T08:36:18.772484Z
5bb1808bad523dcd4a9bebc38a10e999,Trump must close the back door China uses to exploit North American trade,https://www.foxnews.com/opinion/trump-close-back-door-china-uses-exploit-north-american-trade,,2026-07-24T16:02:19Z,steel production,"Steel imports from China, South Korea and Vietnam surged through Mexico and Canada, exploiting USMCA loopholes the Trump administration seeks to close.",Fox News,China,News,2026-07-28T08:36:18.772499Z
2135b62abeb16829091fca40c53cbcd9,The Economics of Agentic AI: Engineering for Imperfection,https://www.oreilly.com/radar/the-economics-of-agentic-ai-engineering-for-imperfection/#BlogPosting,Artur Huk,2026-07-24T16:00:31Z,steel production,"The price of adoption euphoria You played entirely by the book. You procured the most capable enterprise models, mandated adoption across your teams, and put the right metrics in place. The promise was a predictable boost in efficiency. And at first, it deliv…",Oreilly.com,Unknown,News,2026-07-28T08:36:18.772547Z
744fbcc775c47e902faad4911d040f0b,"Jindal Steel brings back former MD Sharma after CEO churn, revamps top leadership",https://www.livemint.com/companies/news/jindal-steel-brings-back-former-md-sharma-after-ceo-churn-revamps-top-leadership-11784901207286.html,"Dipali Banka, Nehal Chaliawala",2026-07-24T15:53:04Z,steel production,"Besides Sharma's reappointment as MD, Jindal Steel announced appointments to the offices of chief financial officer, chief operating officer, and head of human resources, marking one of its biggest management overhauls in years",Livemint,Unknown,News,2026-07-28T08:36:18.772589Z
d28baf9a6a68d2742599fa902c3ee910,Strong metal prices help Hindustan Zinc kick off FY27 on a high note,https://www.livemint.com/companies/company-results/strong-metal-prices-help-hindustan-zinc-kick-off-fy27-on-a-high-note-11784899232233.html,Dipali Banka,2026-07-24T15:37:54Z,steel production,"Hindustan Zinc also reported its lowest quarterly zinc cost of production, excluding royalty, since shifting to underground mining, helping further lift profitability.",Livemint,Unknown,Market Report,2026-07-28T08:36:18.772623Z
6f56571b38702a862628972567f5dff7,1976 Ford F-250 Ranger SuperCab Trailer Special at No Reserve,https://bringatrailer.com/listing/1976-ford-f-250-102/,bringatrailer,2026-07-24T15:20:06Z,steel production,"This 1976 Ford F-250 Ranger is a SuperCab pickup that is equipped with the Trailer Special package, and it resided with a single family in Oregon and Washington before it was purchased in 2022 by the current owner. Power is provided by a 460ci V8 that receive…",Bringatrailer.com,Unknown,News,2026-07-28T08:36:18.772671Z
3b152dead53ab7e30b886b540cbe764d,GrafTech International Q2 Earnings Call Highlights,https://www.marketbeat.com/instant-alerts/graftech-international-q2-earnings-call-highlights-2026-07-24/?utm_source=yahoofinance&amp;utm_medium=yahoofinance,MarketBeat,2026-07-24T15:03:57Z,steel production,"GrafTech International (NYSE:EAF) reported higher graphite electrode sales volumes and improved manufacturing utilization in the second quarter of 2026, whil...",MarketBeat,Global,Market Report,2026-07-28T08:36:18.772704Z
3f558fe7973d9c42abf3b0ef8b0f17bc,"Hindustan Zinc net doubles to ₹5,469 cr on better realisation, lower cost",https://www.thehindubusinessline.com/news/hindustan-zinc-net-doubles-to-5469-cr-on-better-realisation-lower-cost/article71262090.ece,Our Bureau,2026-07-24T14:31:33Z,steel production,"Hindustan Zinc has reported that its net profit more than doubled in the June quarter to ₹5,469 crore from ₹2,234 crore logged in the same period last year on better realisation and lower cost even as the production was almost flat.",BusinessLine,Unknown,Market Report,2026-07-28T08:36:18.772750Z
1744d4d7e0e0ccd082c9d03ee98454e8,"Sovol Introduces M1D, Combining Multi-Color, Multi-Material Printing and Dual-Extruder Productivity in an Open-Source Platform",https://www.prnewswire.com/news-releases/sovol-introduces-m1d-combining-multi-color-multi-material-printing-and-dual-extruder-productivity-in-an-open-source-platform-302833992.html,,2026-07-24T14:15:00Z,steel production,"SHENZHEN, China, July 24, 2026 /PRNewswire/ -- Sovol, a pioneer in community-driven 3D printing technology, today announced the global launch of its brand-new flagship M1D 3D printer, featuring a build volume of 300x300x350mm and the innovative DualX System. …",PRNewswire,China,News,2026-07-28T08:36:18.772773Z
ab31608a64d888075c04ee453736e96e,Canadian National Railway Q2 Earnings Call Highlights,https://www.marketbeat.com/instant-alerts/canadian-national-railway-q2-earnings-call-highlights-2026-07-24/?utm_source=yahoofinance&amp;utm_medium=yahoofinance,MarketBeat,2026-07-24T14:03:53Z,steel production,"Canadian National Railway (NYSE:CNI) raised its 2026 outlook after reporting second-quarter earnings growth, higher volumes and what management described as...",MarketBeat,Unknown,Analysis/Opinion,2026-07-28T08:36:18.772803Z
25337eb34cbc1130e82978da93c4e84a,Global and local impacts of multi-dimensional urban form on PM2.5 concentrations: A case study of the downstream urban agglomeration in the Yangtze River Delta,https://journals.plos.org/plosone/article?id=10.1371/journal.pone.0354380,"Peng Tang, Xiaodong Yang, Xuxue Sun, Xiandi Zheng",2026-07-24T14:00:00Z,steel production,"The acceleration of urbanization and the expansion of population scale have led to increasingly prominent PM2.5 pollution. Taking the urban agglomeration in the lower reaches of the Yangtze River within the Yangtze River Delta as the study area, this research…",Plos.org,Global,News,2026-07-28T08:36:18.772868Z
b5b47bb24956ad58b15cfa85a2883ba6,Effects of light qualities on the growth and photosynthetic characteristics of Sorbus tianschanica Rupr. seedlings,https://journals.plos.org/plosone/article?id=10.1371/journal.pone.0354303,"Xiong Lv, Shanchao Zhao, Hong Chen, Xin Zhao",2026-07-24T14:00:00Z,steel production,"Light quality is an important environmental factor influencing plant growth and development, but its effects on functional traits and physiological processes in woody seedlings remain unclear. In this study, Sorbus tianschanica Rupr. seedlings were grown unde…",Plos.org,Unknown,News,2026-07-28T08:36:18.772924Z
c45f881e7b9ad733b664e3093a064c53,The lipid A acylation pattern of Coxiella burnetii prevents detection and clearance by the non-canonical inflammasome in primary murine macrophages,https://journals.plos.org/plospathogens/article?id=10.1371/journal.ppat.1014465,"Manuela Szperlinski, Faiza Asghar, František Csicsay, Elias Schermuly, Roland Lang, Ľudovit Škultéty, Christian Berens, Katja Mertens-Scholz, Anja Lührmann",2026-07-24T14:00:00Z,steel production,"Author summary Several pathogens have evolved mechanisms to persist in the human host, which allows reoccurring or late onset of infection. The human innate immune system has therefore established several pathways, including the inflammasome, to prevent bacte…",Plos.org,Unknown,News,2026-07-28T08:36:18.772982Z
48b31d63379e5e19b72a812ba1c3ade9,Differences of dynamic responses of single-pile and pile-group foundations in Meizoseismal areas,https://journals.plos.org/plosone/article?id=10.1371/journal.pone.0354278,"Yunxiu Dong, Zhongju Feng, Jingbin He, Zhen Wang, Bo Wang",2026-07-24T14:00:00Z,steel production,"In order to investigate the dynamic response variations between isolated pile and pile-group systems in high-seismicity regions, we performed extensive shaking table experiments. These tests examined the acceleration characteristics, displacement patterns, an…",Plos.org,Unknown,News,2026-07-28T08:36:18.773036Z
8fb5a81e3b2029ef2ed4ed68aaecd547,The intriguing gems of the Volvo Museum,https://www.autocar.co.uk/car-news/slideshow/intriguing-gems-volvo-museum-31,Autocar,2026-07-24T13:43:11Z,steel production,"Volvo's own museum was a treasure trove of legendary cars of the brand's past

The Volvo Museum was a treasure trove of the brand’s finest machinery.



Now permanently closed with many of the exhibits transferred to the new World of Volvo, the museum showe…",Autocar,Unknown,News,2026-07-28T08:36:18.773081Z
40a7ba07ded1f77e8595c4cd4358f42a,The intriguing gems of the Volvo Museum,https://www.autocar.co.uk/car-news/slideshow/intriguing-gems-volvo-museum-30,Autocar,2026-07-24T13:42:50Z,steel production,"Volvo's own museum was a treasure trove of legendary cars of the brand's past

The Volvo Museum was a treasure trove of the brand’s finest machinery.



Now permanently closed with many of the exhibits transferred to the new World of Volvo, the museum showe…",Autocar,Unknown,News,2026-07-28T08:36:18.773111Z
6a81f97717961c96085b8cb92e12a050,The intriguing gems of the Volvo Museum,https://www.autocar.co.uk/car-news/slideshow/intriguing-gems-volvo-museum-29,Autocar,2026-07-24T13:42:47Z,steel production,"Volvo's own museum was a treasure trove of legendary cars of the brand's past

The Volvo Museum was a treasure trove of the brand’s finest machinery.



Now permanently closed with many of the exhibits transferred to the new World of Volvo, the museum showe…",Autocar,Unknown,News,2026-07-28T08:36:18.773139Z
3e045c01bab68a5b9f617926d0ebaa3d,The intriguing gems of the Volvo Museum,https://www.autocar.co.uk/car-news/slideshow/intriguing-gems-volvo-museum-28,Autocar,2026-07-24T13:42:39Z,steel production,"Volvo's own museum was a treasure trove of legendary cars of the brand's past

The Volvo Museum was a treasure trove of the brand’s finest machinery.



Now permanently closed with many of the exhibits transferred to the new World of Volvo, the museum showe…",Autocar,Unknown,News,2026-07-28T08:36:18.773192Z
dba6dd6a43181680fd2603aa1213abe4,The intriguing gems of the Volvo Museum,https://www.autocar.co.uk/car-news/slideshow/intriguing-gems-volvo-museum-27,Autocar,2026-07-24T13:42:37Z,steel production,"Volvo's own museum was a treasure trove of legendary cars of the brand's past

The Volvo Museum was a treasure trove of the brand’s finest machinery.



Now permanently closed with many of the exhibits transferred to the new World of Volvo, the museum showe…",Autocar,Unknown,News,2026-07-28T08:36:18.773231Z
0797497e373d8c6f7beb87ffa9d38f7a,The intriguing gems of the Volvo Museum,https://www.autocar.co.uk/car-news/slideshow/intriguing-gems-volvo-museum-26,Autocar,2026-07-24T13:42:35Z,steel production,"Volvo's own museum was a treasure trove of legendary cars of the brand's past

The Volvo Museum was a treasure trove of the brand’s finest machinery.



Now permanently closed with many of the exhibits transferred to the new World of Volvo, the museum showe…",Autocar,Unknown,News,2026-07-28T08:36:18.773263Z
002f5950ff04b24f551747380d5484f5,The intriguing gems of the Volvo Museum,https://www.autocar.co.uk/car-news/slideshow/intriguing-gems-volvo-museum-25,Autocar,2026-07-24T13:42:33Z,steel production,"Volvo's own museum was a treasure trove of legendary cars of the brand's past

The Volvo Museum was a treasure trove of the brand’s finest machinery.



Now permanently closed with many of the exhibits transferred to the new World of Volvo, the museum showe…",Autocar,Unknown,News,2026-07-28T08:36:18.773294Z
155235e31132677d5170e0ce2d255842,The intriguing gems of the Volvo Museum,https://www.autocar.co.uk/car-news/slideshow/intriguing-gems-volvo-museum-24,Autocar,2026-07-24T13:42:25Z,steel production,"Volvo's own museum was a treasure trove of legendary cars of the brand's past

The Volvo Museum was a treasure trove of the brand’s finest machinery.



Now permanently closed with many of the exhibits transferred to the new World of Volvo, the museum showe…",Autocar,Unknown,News,2026-07-28T08:36:18.773322Z
1352dfe852dcca34ad38ffaedd3a060c,The intriguing gems of the Volvo Museum,https://www.autocar.co.uk/car-news/slideshow/intriguing-gems-volvo-museum-23,Autocar,2026-07-24T13:42:23Z,steel production,"Volvo's own museum was a treasure trove of legendary cars of the brand's past

The Volvo Museum was a treasure trove of the brand’s finest machinery.



Now permanently closed with many of the exhibits transferred to the new World of Volvo, the museum showe…",Autocar,Unknown,News,2026-07-28T08:36:18.773349Z
ca094a1011f2701ef600a14ba00c2640,The intriguing gems of the Volvo Museum,https://www.autocar.co.uk/car-news/slideshow/intriguing-gems-volvo-museum-22,Autocar,2026-07-24T13:42:17Z,steel production,"Volvo's own museum was a treasure trove of legendary cars of the brand's past

The Volvo Museum was a treasure trove of the brand’s finest machinery.



Now permanently closed with many of the exhibits transferred to the new World of Volvo, the museum showe…",Autocar,Unknown,News,2026-07-28T08:36:18.773376Z
6bd47d74a1bc97fd2fd66de1153eaa2d,The intriguing gems of the Volvo Museum,https://www.autocar.co.uk/car-news/slideshow/intriguing-gems-volvo-museum-21,Autocar,2026-07-24T13:41:48Z,steel production,"Volvo's own museum was a treasure trove of legendary cars of the brand's past

The Volvo Museum was a treasure trove of the brand’s finest machinery.



Now permanently closed with many of the exhibits transferred to the new World of Volvo, the museum showe…",Autocar,Unknown,News,2026-07-28T08:36:18.773403Z
2f627228c3d1da4563e84019fb60bd81,The intriguing gems of the Volvo Museum,https://www.autocar.co.uk/car-news/slideshow/intriguing-gems-volvo-museum-20,Autocar,2026-07-24T13:41:45Z,steel production,"Volvo's own museum was a treasure trove of legendary cars of the brand's past

The Volvo Museum was a treasure trove of the brand’s finest machinery.



Now permanently closed with many of the exhibits transferred to the new World of Volvo, the museum showe…",Autocar,Unknown,News,2026-07-28T08:36:18.773429Z
4e333e6ae77f409119ab681a2b6d610b,The intriguing gems of the Volvo Museum,https://www.autocar.co.uk/car-news/slideshow/intriguing-gems-volvo-museum-19,Autocar,2026-07-24T13:41:40Z,steel production,"Volvo's own museum was a treasure trove of legendary cars of the brand's past

The Volvo Museum was a treasure trove of the brand’s finest machinery.



Now permanently closed with many of the exhibits transferred to the new World of Volvo, the museum showe…",Autocar,Unknown,News,2026-07-28T08:36:18.773456Z
c7f974a40e601002a733853cdac03dea,The intriguing gems of the Volvo Museum,https://www.autocar.co.uk/car-news/slideshow/intriguing-gems-volvo-museum-18,Autocar,2026-07-24T13:41:14Z,steel production,"Volvo's own museum was a treasure trove of legendary cars of the brand's past

The Volvo Museum was a treasure trove of the brand’s finest machinery.



Now permanently closed with many of the exhibits transferred to the new World of Volvo, the museum showe…",Autocar,Unknown,News,2026-07-28T08:36:18.773483Z
76c6bb8e4e2b080f2649bb69b6318bc9,The intriguing gems of the Volvo Museum,https://www.autocar.co.uk/car-news/slideshow/intriguing-gems-volvo-museum-17,Autocar,2026-07-24T13:41:10Z,steel production,"Volvo's own museum was a treasure trove of legendary cars of the brand's past

The Volvo Museum was a treasure trove of the brand’s finest machinery.



Now permanently closed with many of the exhibits transferred to the new World of Volvo, the museum showe…",Autocar,Unknown,News,2026-07-28T08:36:18.773510Z
df5c9cf5f33d6c5617840cd70cb29524,The intriguing gems of the Volvo Museum,https://www.autocar.co.uk/car-news/slideshow/intriguing-gems-volvo-museum-16,Autocar,2026-07-24T13:41:07Z,steel production,"Volvo's own museum was a treasure trove of legendary cars of the brand's past

The Volvo Museum was a treasure trove of the brand’s finest machinery.



Now permanently closed with many of the exhibits transferred to the new World of Volvo, the museum showe…",Autocar,Unknown,News,2026-07-28T08:36:18.773536Z
a06cd572d9c190070d69f6e4ed53a5d9,The intriguing gems of the Volvo Museum,https://www.autocar.co.uk/car-news/slideshow/intriguing-gems-volvo-museum-15,Autocar,2026-07-24T13:41:05Z,steel production,"Volvo's own museum was a treasure trove of legendary cars of the brand's past

The Volvo Museum was a treasure trove of the brand’s finest machinery.



Now permanently closed with many of the exhibits transferred to the new World of Volvo, the museum showe…",Autocar,Unknown,News,2026-07-28T08:36:18.773566Z
03416308418395e951752293e58715a8,The intriguing gems of the Volvo Museum,https://www.autocar.co.uk/car-news/slideshow/intriguing-gems-volvo-museum-14,Autocar,2026-07-24T13:41:03Z,steel production,"Volvo's own museum was a treasure trove of legendary cars of the brand's past

The Volvo Museum was a treasure trove of the brand’s finest machinery.



Now permanently closed with many of the exhibits transferred to the new World of Volvo, the museum showe…",Autocar,Unknown,News,2026-07-28T08:36:18.773593Z
88d24c309f3ca4ba74ed78f44aa934e5,The intriguing gems of the Volvo Museum,https://www.autocar.co.uk/car-news/slideshow/intriguing-gems-volvo-museum-13,Autocar,2026-07-24T13:41:01Z,steel production,"Volvo's own museum was a treasure trove of legendary cars of the brand's past

The Volvo Museum was a treasure trove of the brand’s finest machinery.



Now permanently closed with many of the exhibits transferred to the new World of Volvo, the museum showe…",Autocar,Unknown,News,2026-07-28T08:36:18.773619Z
7b49cc5fa2f696640cce16904b718542,The intriguing gems of the Volvo Museum,https://www.autocar.co.uk/car-news/slideshow/intriguing-gems-volvo-museum-12,Autocar,2026-07-24T13:40:56Z,steel production,"Volvo's own museum was a treasure trove of legendary cars of the brand's past

The Volvo Museum was a treasure trove of the brand’s finest machinery.



Now permanently closed with many of the exhibits transferred to the new World of Volvo, the museum showe…",Autocar,Unknown,News,2026-07-28T08:36:18.773646Z
8ac99ddc8a69e6ac53296f670fa67905,The intriguing gems of the Volvo Museum,https://www.autocar.co.uk/car-news/slideshow/intriguing-gems-volvo-museum-11,Autocar,2026-07-24T13:40:55Z,steel production,"Volvo's own museum was a treasure trove of legendary cars of the brand's past

The Volvo Museum was a treasure trove of the brand’s finest machinery.



Now permanently closed with many of the exhibits transferred to the new World of Volvo, the museum showe…",Autocar,Unknown,News,2026-07-28T08:36:18.773673Z
8e5ca9691e25845597af1538d888a1ae,The intriguing gems of the Volvo Museum,https://www.autocar.co.uk/car-news/slideshow/intriguing-gems-volvo-museum-10,Autocar,2026-07-24T13:40:53Z,steel production,"Volvo's own museum was a treasure trove of legendary cars of the brand's past

The Volvo Museum was a treasure trove of the brand’s finest machinery.



Now permanently closed with many of the exhibits transferred to the new World of Volvo, the museum showe…",Autocar,Unknown,News,2026-07-28T08:36:18.773700Z
097b93f9246a46ff9902ec9e8db15293,The intriguing gems of the Volvo Museum,https://www.autocar.co.uk/car-news/slideshow/intriguing-gems-volvo-museum-9,Autocar,2026-07-24T13:40:51Z,steel production,"Volvo's own museum was a treasure trove of legendary cars of the brand's past

The Volvo Museum was a treasure trove of the brand’s finest machinery.



Now permanently closed with many of the exhibits transferred to the new World of Volvo, the museum showe…",Autocar,Unknown,News,2026-07-28T08:36:18.773726Z
9397dbfe310da4dab47f4dfbfe3bba2c,The grid inside the grid,https://africasacountry.com/2026/07/the-grid-inside-the-grid,Awonusi Ayomide Jesudamilare,2026-07-27T08:10:31Z,coal demand,Africa’s new AI factories promise digital sovereignty. Their electricity deals may instead create private power islands inside public systems.,Africasacountry.com,Unknown,News,2026-07-28T08:36:19.177851Z
1dca68ff7f90137d61f531471c013881,India’s electricity shortages more than doubled during January-May 2026: IEA,https://www.thehindubusinessline.com/markets/commodities/indias-electricity-shortages-more-than-doubled-during-january-may-2026-iea/article71271756.ece,Rishi Ranjan Kala,2026-07-27T07:21:28Z,coal demand,"India’s electricity demand is forecast to rise 7% this year, with weather risks and constrained renewable generation likely to keep the power system under pressure.",BusinessLine,India,Analysis/Opinion,2026-07-28T08:36:19.177888Z
5d929379f7372d6289e3507fa1f405d9,Show HN: How big of a deal of energy dependence on technology market?,https://raylinement.substack.com/p/how-big-of-a-deal-of-energy-dependence,rzwsan,2026-07-27T07:14:13Z,coal demand,The main specific problem happening within the technology market is a structural mismatch between accelerating demand from “power hungry” digital infrastructure and the public ability to fund and sustain that.,Substack.com,Unknown,Market Report,2026-07-28T08:36:19.177930Z
983b09ddaaa2e59595523683ce464b39,US data centers on track to use up 20% of the entire country's power by 2035,https://www.tweaktown.com/news/112814/us-data-centers-on-track-to-use-up-20-percent-of-the-entire-countrys-power-by-2035/index.html,Kosta Andreadis,2026-07-27T05:02:03Z,coal demand,"Modern data centers with racks of high-performance CPUs, GPUs, and memory built for AI consume a lot of power. And it's a lot more than previously thought.Continue reading at TweakTown",TweakTown,Unknown,News,2026-07-28T08:36:19.177971Z
dec70a87d68bed0a1e80d9f493e2e334,Coal India’s Profit May Dip as Iran War Lifts Mining Costs,https://financialpost.com/pmn/business-pmn/coal-indias-profit-may-dip-as-iran-war-lifts-mining-costs,Bloomberg News,2026-07-27T03:20:19Z,coal demand,"State-run miner Coal India Ltd.’s first-quarter profit likely declined marginally from a year earlier, led by costlier raw materials, such as explosives and diesel following the Middle East war.",Financial Post,India,News,2026-07-28T08:36:19.177999Z
a6f81765ca65543ed6fc7672ed98816f,America Is Leaving a Global Coal Opportunity on the Table,https://wattsupwiththat.com/2026/07/26/america-is-leaving-a-global-coal-opportunity-on-the-table/,Guest Blogger,2026-07-26T21:00:00Z,coal demand,"Modern export infrastructure, faster permitting, competitive tax and fee policies, and trade agreements that reflect the enormous opportunity before us could move the U.S. from an underperforming supplier to a global leader. We have unmatched coal reserves, a…",Wattsupwiththat.com,USA,News,2026-07-28T08:36:19.178064Z
c706cf7ff30c7d80fe415516722befe9,"Global Coal Use Hit A Record In 2025, Even As Coal Power Declined",https://www.forbes.com/sites/rrapier/2026/07/26/global-coal-use-hit-a-record-in-2025-even-as-coal-power-declined/,"Robert Rapier, Senior Contributor, 
 Robert Rapier, Senior Contributor
 https://www.forbes.com/sites/rrapier/",2026-07-26T15:03:36Z,coal demand,"Global coal use reached a record in 2025 even as coal-fired power declined, exposing a widening divide between Asia, Europe, and the United States over energy demand.",Forbes,USA,News,2026-07-28T08:36:19.178084Z
87dd5cf2dcb393ea1e9e869c51148ed3,Australia’s Clean Energy Boom Is Gathering Speed,https://oilprice.com/Energy/Energy-General/Australias-Clean-Energy-Boom-Is-Gathering-Speed.html,Felicity Bradstock,2026-07-26T15:00:00Z,coal demand,"Australia has big renewable energy ambitions and is well on its way to shifting dependence away from coal to cleaner alternatives. Having long depended on coal, the government now aims to establish a more diverse energy mix to ensure that Australia can be ene…",OilPrice.com,Australia,News,2026-07-28T08:36:19.178110Z
7d9324cf0680ec2d5fb61648789dec8d,Modi Taps Veteran Leader to Build Trust After India Youth Unrest,https://financialpost.com/pmn/business-pmn/modi-taps-veteran-leader-to-build-trust-after-india-youth-unrest,Bloomberg News,2026-07-26T11:14:56Z,coal demand,Prime Minister Narendra Modi has tasked a veteran party leader and minister with rebuilding confidence in India’s education system after weeks of student unrest.,Financial Post,India,News,2026-07-28T08:36:19.178134Z
3424469e1d8fad29d351d745e48d24be,The Solution to the Power Grid's Woes Might Just Be Sitting in Your Driveway,https://www.wired.com/story/ev-bidirectional-charging-solution-to-power-grid-woes/,Matt Simon,2026-07-26T10:45:00Z,coal demand,More electric vehicles are becoming capable of providing backup power at a time when the US is increasingly in need of more electrons.,Wired,Unknown,News,2026-07-28T08:36:19.178181Z
b3706ac108993acaecf4c1e5ec4bac05,Can India lead the world’s middle powers? Indian democracy would need to be strengthened first,https://www.livemint.com/opinion/online-views/india-world-middle-powers-indian-democracy-human-rights-three-body-problem-liu-cixin-11785005966016.html,Rajrishi Singhal,2026-07-26T09:30:36Z,coal demand,Stronger institutions and greater respect for human rights would make it easier for New Delhi to rally other nations together that share India’s global concerns. The country’s democracy quotient is a key determinant of the strength of its global voice.,Livemint,India,News,2026-07-28T08:36:19.178212Z
1ed4f758ac5478ed12b0367d1e0df17e,CSX Corporation (CSX) and Knight-Swift Transportation Holdings Inc. (KNX) Show the Freight Cycle Is Turning. Southwest Airlines Co. (LUV) Shows Fuel Costs Still Hurt Airlines.,https://finance.yahoo.com/markets/stocks/articles/csx-corporation-csx-knight-swift-092337474.html,Fatima Gulzar,2026-07-26T09:23:37Z,coal demand,"Three transportation companies reported earnings on the same day this week: railroad firm CSX Corporation (NASDAQ:CSX), trucking company Knight-Swift Transpo...",Yahoo Entertainment,Unknown,Market Report,2026-07-28T08:36:19.178259Z
6174719b35d7991dddaf1f8bfc6cc81d,"Reforms, infra investment critical to unlocking India's next phase of gas demand growth: Report",https://www.thehindubusinessline.com/economy/reforms-infra-investment-critical-to-unlocking-indias-next-phase-of-gas-demand-growth-report/article71268674.ece,PTI,2026-07-26T05:42:57Z,coal demand,"India's gas demand growth hinges on infrastructure investment and regulatory reforms, as highlighted by the International Gas Union report.",BusinessLine,India,Market Report,2026-07-28T08:36:19.178278Z
1cf453bad5023b4c6d2b4b7da14d5729,"India must fix gas market, pipelines to unlock LNG opportunity: IGU report",https://economictimes.indiatimes.com/industry/energy/oil-gas/india-must-fix-gas-market-pipelines-to-unlock-lng-opportunity-igu-report/articleshow/132636715.cms,ET Online,2026-07-26T05:27:34Z,coal demand,"India's natural gas growth requires infrastructure and industry investment.  Market reforms and pricing changes are essential for sustained demand.  Global LNG markets are expected to be well supplied, lowering prices.  India must enable buyers to respond to …",The Times of India,India,Market Report,2026-07-28T08:36:19.178300Z
4d08e3ba4b8c868b2037103e69f3e649,"Amid Hormuz Crisis, China plans 50% Increase in Green Energy by 2030",https://www.juancole.com/2026/07/hormuz-crisis-increase.html,Juan Cole,2026-07-26T04:15:21Z,coal demand,"The Chinese plan to build data centers underwater, beneath the offshore wind farms!",Juancole.com,China,News,2026-07-28T08:36:19.178313Z
3bf3a80e346ad4bb3a0165822265a10b,"Will Nifty, Sensex fall for 6th straight session on Monday? US Fed among 5 factors to watch this week",https://economictimes.indiatimes.com/markets/stocks/news/will-nifty-sensex-fall-for-6th-straight-session-on-monday-us-fed-among-5-factors-to-watch-this-week/articleshow/132636082.cms,Veer Sharma,2026-07-26T03:52:03Z,coal demand,"Indian equities extended losses for a fifth session amid rising oil prices, persistent FII outflows and geopolitical tensions. Investors now track the US Fed meeting, Q1 earnings, rupee movement and crude trends for direction. Technical indicators remain weak…",The Times of India,India,Market Report,2026-07-28T08:36:19.178336Z
16faecf1ca0e78bfce649c226e68327b,"Investors Are Debating Which Stocks They'd Never Buy, No Matter How Bullish Everyone Else Is. 'Money Is Money, But…'",https://finance.yahoo.com/markets/stocks/articles/investors-debating-stocks-theyd-never-190025632.html,Adrian Volenik,2026-07-25T19:00:25Z,coal demand,"Every investor has a stock they simply refuse to own, despite the excitement surrounding it. One Reddit user wanted to know exactly that and asked fellow inv...",Yahoo Entertainment,Unknown,News,2026-07-28T08:36:19.178383Z
5dc822efa5828c6c421462408f1a00c2,"Wind turbine is being used to produce zero-carbon ""green ammonia"" fertilizer",https://energiesmedia.com/wind-turbine-stopped-electricity-wind-water-air/,Anke Eksteen,2026-07-25T16:09:58Z,coal demand,"Farmers in Minnesota will finally save money on imported fertilizer thanks to a wind turbine that generates green ammonia using wind, air, and water.",Energiesmedia.com,Unknown,Market Report,2026-07-28T08:36:19.178416Z
252b9e351eec0c123de024a056acefa6,Startups are installing tiny data centers in people’s homes to reduce strain on the beleaguered electrical grid,https://fortune.com/article/what-are-the-startups-installing-tiny-data-centers-in-peoples-homes-to-reduce-strain-on-electrical-grid/,Sasha Rogelberg,2026-07-25T13:08:39Z,coal demand,"Span, in partnership with Nvidia and PulteGroup, uses homes’ underutilized electrical capacity in computer processing.",Fortune,Unknown,News,2026-07-28T08:36:19.178461Z
9a8f9ceb2a10e975482602df27b5cadf,One fallen power line exposed a growing AI data center problem. Here's how to fix it. | TechCrunch,https://techcrunch.com/2026/07/25/one-fallen-power-line-exposed-a-growing-ai-data-center-problem-heres-how-to-fix-it/,Tim De Chant,2026-07-25T13:06:23Z,coal demand,A close call in Northern Virginia revealed just how poorly data centers respond to grid disruptions. Here's how to fix the problem.,TechCrunch,Unknown,News,2026-07-28T08:36:19.178496Z
cbdf2387809dd6a6e76547f3cdd69054,Finland’s radical answer to renewable energy’s biggest headache: The world’s largest sand battery,https://www.cnbc.com/2026/07/25/finland-sand-battery-renewable-energy-storage.html,Sam Meredith,2026-07-25T05:29:38Z,coal demand,A small Finnish town has turned to the world's largest commercial sand battery to tackle a major hurdle in the energy transition: intermittency.,CNBC,Unknown,News,2026-07-28T08:36:19.178540Z
406dbff705adb09d334b6ea402e471f4,A 1.2 GW solar farm is rising at a Texas coal site – but coal is staying,http://electrek.co/2026/07/24/a-1-2-gw-solar-farm-is-rising-at-a-texas-coal-site-but-coal-is-staying/,Michelle Lewis,2026-07-24T22:25:17Z,coal demand,One of North America’s biggest coal-site solar projects is now under construction in Texas – but the coal plant next door isn’t going anywhere. Here’s why.,Electrek,USA,News,2026-07-28T08:36:19.178567Z
086910094d829d3767a4c10de1199ea9,Indiana and Virginia Encourage a Speedy Way to Meet Rising Energy Demand,https://www.prnewswire.com/news-releases/indiana-and-virginia-encourage-a-speedy-way-to-meet-rising-energy-demand-302834282.html,,2026-07-24T16:52:00Z,coal demand,"New laws leverage Surplus Interconnection Service to bring affordable power to the grid WASHINGTON, July 24, 2026 /PRNewswire/ -- Jenny Netherton works on The Pew Charitable Trusts' energy modernization project. Throughout the country, policymakers are lookin…",PRNewswire,India,News,2026-07-28T08:36:19.178623Z
76aad8de604f0523beeac05ac286d8ef,Solar generated more electricity than coal and wind in May – EIA data,http://electrek.co/2026/07/24/solar-generated-more-electricity-than-coal-and-wind-may-eia-data/,Michelle Lewis,2026-07-24T15:41:25Z,coal demand,"In May alone, solar-generated electricity exceeded that of both coal and wind, according to new data just released by the US Energy Information Administration (EIA), and reviewed by the SUN DAY Campaign.",Electrek,Unknown,Analysis/Opinion,2026-07-28T08:36:19.178662Z
942b8096b66de911802a9e261268420a,How the U.S. Became the World's LNG Superpower,https://oilprice.com/Energy/Energy-General/How-the-US-Became-the-Worlds-LNG-Superpower.html,Robert Rapier,2026-07-24T15:33:00Z,coal demand,"Global liquefied natural gas exports grew by about 1.2 trillion cubic feet in 2025. The United States supplied approximately 1.10 trillion cubic feet of that increase. Put another way, roughly 93% of the world’s additional LNG came from the United States. The…",OilPrice.com,USA,News,2026-07-28T08:36:19.178689Z
6edb0b19991dcde9a3b549d90ac85eba,India’s power demand surges 11% Y-o-Y during July 1-16,https://www.thehindubusinessline.com/news/indias-power-demand-surges-11-y-o-y-during-july-1-16/article71263097.ece,Rishi Ranjan Kala,2026-07-24T15:01:48Z,coal demand,"India's electricity demand surged 11% Y-o-Y in July, driven by delayed monsoons and high humidity increasing cooling needs.",BusinessLine,India,News,2026-07-28T08:36:19.178709Z
3674f91ee364d2bacf56ee4c8afdd93f,"ACC net down 60% in Q1 on higher cost, lower volumes",https://www.thehindubusinessline.com/news/acc-net-down-60-in-q1-on-higher-cost-lower-volumes/article71262471.ece,Our Bureau,2026-07-24T14:44:05Z,coal demand,"ACC, an Adani Group company, reported that its net profit in the June quarter plunged 60 per cent to ₹147 crore against ₹375 crore logged in the same period last year, largely due to higher costs. Revenue was down 8 per cent at ₹5,790 crore (₹6,277 crore)",BusinessLine,Unknown,Market Report,2026-07-28T08:36:19.178754Z
2887eea4868dbd41442817d4bd1cb8bd,Engineering leads industry-wise bank credit growth at 17% CAGR as capex gathers pace,https://www.thehindubusinessline.com/data-stories/data-focus/engineering-leads-industry-wise-bank-credit-growth-at-17-cagr-as-capex-gathers-pace/article71262319.ece,Yashaswani Chauhan,2026-07-24T14:31:34Z,coal demand,"Engineering has recorded the fastest growth in industry-wise deployment of bank credit over the past three years, reflecting India’s infrastructure push and rising capital expenditure, according to the latest RBI monthly bulletin",BusinessLine,India,Market Report,2026-07-28T08:36:19.178778Z
e8093a12ce0cae0d3695aa917035e6e1,"Japan’s core CPI growth outlook faces potential downgrade, signaling prolonged BOJ accommodation",https://cryptobriefing.com/japan-cpi-outlook-downgrade-boj-crypto/,Editorial Team,2026-07-24T12:14:07Z,coal demand,"Nikkei reports Japan's BOJ may cut its FY26 core CPI forecast from 2.8% as actual inflation runs at 1.4-1.6%, with implications for yen carry
The post Japan’s core CPI growth outlook faces potential downgrade, signaling prolonged BOJ accommodation appeared fi…",Crypto Briefing,Japan,Analysis/Opinion,2026-07-28T08:36:19.178839Z
9511e09d1ff4d068bc7bc34e8c83042f,CN Delivers on Commitments with Strong Second Quarter Results and Raises 2026 Guidance,https://www.globenewswire.com/news-release/2026/07/24/3332794/0/en/CN-Delivers-on-Commitments-with-Strong-Second-Quarter-Results-and-Raises-2026-Guidance.html,Canadian National Railway,2026-07-24T11:30:00Z,coal demand,"MONTREAL, July 24, 2026 (GLOBE NEWSWIRE) -- CN (TSX: CNR) (NYSE: CNI) today reported its financial and operating results for the second quarter ended June 30, 2026.",GlobeNewswire,Unknown,Market Report,2026-07-28T08:36:19.178874Z
0cb213fbbd6e1f854adb6bdde3eca299,The Best Way to Invest in America's Electrification Boom,https://oilprice.com/Energy/Energy-General/The-Best-Way-to-Invest-in-Americas-Electrification-Boom.html,Editorial Dept,2026-07-24T11:00:00Z,coal demand,"As an energy investor, I am sure you are aware of the expected impact of the AI boom. The servers that AI platforms require demand enormous amounts of power. That, along with expected demand increases from the continued growth of EVs, has made companies with …",OilPrice.com,USA,News,2026-07-28T08:36:19.178903Z
b7fa33e6c40301159c392d0a4fcbfade,Europe Faces Winter Gas Reckoning as Global Fight for LNG Brews,https://financialpost.com/pmn/business-pmn/europe-faces-winter-gas-reckoning-as-global-fight-for-lng-brews,Bloomberg News,2026-07-24T09:45:05Z,coal demand,A global fight for liquefied natural gas threatens to unravel Europe’s strategy of delaying winter purchases until the Strait of Hormuz reopens.,Financial Post,Global,News,2026-07-28T08:36:19.178941Z
89be1658ac7e92452927c141f8279734,Panamint Capital starts construction on $1.7bn solar PV project in Texas,https://www.energymonitor.ai/news/panamint-starts-construction-solar-project/,Anwesha Pattanaik,2026-07-24T09:01:48Z,coal demand,The project is being constructed on an existing coal mining site.,Energymonitor.ai,Unknown,News,2026-07-28T08:36:19.178970Z
057eb9dfb6d895caddc118ab56aa2728,"Panamint Capital starts construction on $1.7bn solar PV project in Texas, US",https://www.power-technology.com/news/panamint-starts-construction-solar-project/,Anwesha Pattanaik,2026-07-24T09:01:48Z,coal demand,The project is being constructed on an existing coal mining site.,Power Technology,Unknown,News,2026-07-28T08:36:19.178996Z
4abf90a1f52ce949325ba299299e43e8,The black rose mystery: Why coal-black roses bloom only in one small district of Turkey,https://economictimes.indiatimes.com/news/new-updates/the-black-rose-mystery-why-coal-black-roses-bloom-only-in-one-small-district-of-turkey/articleshow/132599849.cms,Trending Desk,2026-07-24T08:19:26Z,coal demand,"A unique black rose from Halfeti, Turkey, draws tourists and scientists.  This bloom appears coal-black as a bud and turns deep red as it opens.  Its distinctive color comes purely from the local soil and climate conditions.  Scientists are now working to con…",The Times of India,Turkey,News,2026-07-28T08:36:19.179037Z
249c0afc42c9e3eaecbe3ec978980e80,Trump Administration Issues Another Emergency Grid Order as Heat Wave Strains U.S. Power System,https://www.naturalnews.com/2026-07-24-trump-issues-emergency-order-heat-wave-strains-grid.html,Iva Greene,2026-07-24T06:00:00Z,coal demand,"The U.S. Department of Energy issued an emergency order on July 20, 2026, authorizing Southwest Power Pool Inc. to use certain energy resources beyond normal limits to reduce the risk of blackouts amid a severe heat wave, according to a July 21 department sta…",Naturalnews.com,Unknown,News,2026-07-28T08:36:19.179090Z
092910dc2176a5668a2d7aafe1737bc6,"AI Data Centers Exploit Permitting Loopholes, Investigations Find",https://www.naturalnews.com/2026-07-24-ai-data-centers-exploit-permitting-loopholes-investigations.html,Chase Codewell,2026-07-24T06:00:00Z,coal demand,"Artificial intelligence (AI) data centers are bypassing water pollution permits and air pollution permitting requirements, according to an investigation reported by Children’s Health Defense (CHD). The CHD report titled “Cheating the System” details how devel…",Naturalnews.com,Unknown,Market Report,2026-07-28T08:36:19.179142Z
ca49f40b3d7b4a21279023c00196829c,Who will win the war of neo-mercantilists?,https://www.irishtimes.com/business/economy/2026/07/24/who-will-win-the-war-of-neo-mercantilists/,Martin Wolf,2026-07-24T05:00:01Z,coal demand,China’s high degree of self-sufficiency also reduces its vulnerability to coercion by others,The Irish Times,China,News,2026-07-28T08:36:19.179171Z
c376564756717f5d9789a7685919fc65,"Nifty slips below key support as crude tops $100, tech selloff rattles global markets",https://www.thehindubusinessline.com/markets/stock-markets/nifty-slips-below-key-support-as-crude-tops-100-tech-selloff-rattles-global-markets/article71260841.ece,Anupama Ghosh,2026-07-24T04:05:29Z,coal demand,"Markets opened lower on Friday, with the Nifty 50 falling 134.45 points, or 0.56 per cent, to 23,735.15 in early trade, extending its losing streak to a fifth consecutive session.",BusinessLine,Global,Market Report,2026-07-28T08:36:19.179254Z
f467131266735ee6df78ea4eb6731650,Norfolk Southern Q2 Earnings Call Highlights,https://www.marketbeat.com/instant-alerts/norfolk-southern-q2-earnings-call-highlights-2026-07-23/?utm_source=yahoofinance&amp;utm_medium=yahoofinance,MarketBeat,2026-07-23T21:07:31Z,coal demand,"Norfolk Southern (NYSE:NSC) reported a stronger-than-expected second quarter, with executives pointing to a sharp rebound in freight volumes, higher energy-r...",MarketBeat,USA,Market Report,2026-07-28T08:36:19.179273Z
ada42f73c761185fec9566efd906da20,Norfolk Southern’s earnings rise with volume gains,https://finance.yahoo.com/markets/stocks/articles/norfolk-southern-earnings-rise-volume-190554444.html,Trains.com Staff,2026-07-23T19:05:54Z,coal demand,Norfolk Southern posted Q2 earnings that saw operating income rise 5% on revenue that was 11% higher. The post Norfolk Southern’s earnings rise with volume g...,Yahoo Entertainment,USA,News,2026-07-28T08:36:19.179299Z
f48e7f4f90b49d39dc345b71ffcb1d9b,Panamint Capital Breaks Ground on Historic 1.2 GW Solar Project at Texas Energy Site,https://www.prnewswire.com/news-releases/panamint-capital-breaks-ground-on-historic-1-2-gw-solar-project-at-texas-energy-site-302833535.html,,2026-07-23T17:16:00Z,coal demand,"BREMOND, Texas, July 23, 2026 /PRNewswire/ -- Panamint Capital has broken ground on Big Rooter Power, a 1.2 GWdc solar PV project located at the company's Twin Oaks power station in Robertson County, Texas. The $1.7 billion project located halfway between Dal…",PRNewswire,Unknown,News,2026-07-28T08:36:19.179350Z
70bfe7829c7d53960d78b0788e249a4d,Hybrid Hydropower Could Unlock Europe’s Next Renewable Energy Boom,https://oilprice.com/Alternative-Energy/Hydroelectric/Hybrid-Hydropower-Could-Unlock-Europes-Next-Renewable-Energy-Boom.html,Felicity Bradstock,2026-07-23T17:00:00Z,coal demand,"There is major potential to develop hybrid renewable energy projects on existing hydropower sites, according to a new report by the think tank Ember Energy. We often think of renewable energy projects as standalone operations rather than resources that can be…",OilPrice.com,Unknown,Market Report,2026-07-28T08:36:19.179401Z
7cdf2538392f0009b24debb58a330028,How much energy do data centers and artificial intelligence use?,https://ourworldindata.org/how-much-energy-do-data-centers-and-artificial-intelligence-use,Hannah Ritchie,2026-07-23T14:40:30Z,coal demand,"Data centers consume around 1.5% of global electricity, but demand is very geographically concentrated.",Ourworldindata.org,Global,News,2026-07-28T08:36:19.179431Z
bab006321d38aa32ff5d952e90bbcd29,Hindalco lines up potential Rs 1 lakh cr investment in India,https://economictimes.indiatimes.com/industry/indl-goods/svs/metals-mining/hindalco-lines-up-potential-rs-1-lakh-cr-investment-in-india/articleshow/132584532.cms,PTI,2026-07-23T14:22:50Z,coal demand,"Hindalco Industries plans a substantial Rs 50,000 crore investment over three years.  An additional Rs 50,000 crore in growth opportunities is currently being evaluated.  These investments will significantly enhance capacities across its upstream and downstre…",The Times of India,India,News,2026-07-28T08:36:19.179460Z
6865f772230cba843b5b44a4469938e1,The Kansas Community Fighting Data Centers Before They Arrive,https://www.nakedcapitalism.com/2026/07/the-kansas-community-fighting-data-centers-before-they-arrive.html,Yves Smith,2026-07-23T14:22:19Z,coal demand,Data center watchdog groups in Kansas farming areas seek to ward off applications and fight if it becomes necessary.,Nakedcapitalism.com,Unknown,News,2026-07-28T08:36:19.179493Z
2bad10bc9c22554790352dda950847d2,"War Raises Coal-Fired Power Usage, Defying Outlook for Plateau",https://financialpost.com/pmn/business-pmn/war-raises-coal-fired-power-usage-defying-outlook-for-plateau,Bloomberg News,2026-07-23T13:42:38Z,coal demand,"Global coal demand for power generation is set to climb this year as the Iran war drives up other fossil fuel costs, defying a previous expectation for a plateau, the International Energy Agency said.",Financial Post,Global,Analysis/Opinion,2026-07-28T08:36:19.179523Z
ad3ed3ebb4bf935a2ffc8a4bf1bfdfb8,Hindalco chairman Kumar Mangalam Birla unfazed by new rivals in aluminium,https://pre-prod-react.livemint.com/companies/hindalco-chairman-kumar-mangalam-birla-unfazed-by-new-rivals-in-aluminium-11784807198726.html,Dipali Banka,2026-07-23T13:22:01Z,coal demand,"Hindalco chairman Kumar Mangalam Birla dismissed competitive threats from Adani Group's new $11.5 billion aluminium venture, citing the company's low-cost production edge. The AGM comments came even as Hindalco reported a 15% revenue rise but a 16% profit dro…",Livemint,Unknown,Analysis/Opinion,2026-07-28T08:36:19.179563Z
e5705891f7cd1492490c1cea91c1741d,The secret to a better grid? Electric vehicles.,https://grist.org/transportation/the-secret-to-a-better-grid-electric-vehicles/,Matt Simon,2026-07-23T13:00:00Z,coal demand,"Despite fearmongering that EVs will crash the grid, an emerging technology will help them support it by providing backup power.",Grist,Unknown,News,2026-07-28T08:36:19.179594Z
e56ecf5b882f4f46e46d87b35330eeb8,"Sensex today | Stock Market Highlights: Markets slip for 4th straight day as crude rises; Sensex drops 363 pts, Nifty ends below 23,870",https://www.thehindubusinessline.com/markets/sensex-nifty50-today-stock-market-highlights-23rd-july-2026/article71253376.ece,"Team BL, KS Badri Narayanan",2026-07-23T11:07:42Z,coal demand,"Sensex Today, Nifty 50 | Stock Market Highlights: Find here all the highlights related to Sensex, Nifty, BSE, NSE, share prices and Indian stock markets for July 23, 2026.",BusinessLine,India,Market Report,2026-07-28T08:36:19.179658Z
7beca8e3a1deca4ae9fc8270003984ae,"Pyridine & Pyridine Derivatives Market Size to Reach USD 1,255.74 Million by 2035 on Rising Agrochemical and Pharma Demand | SNS Insider",https://www.globenewswire.com/news-release/2026/07/23/3331974/0/en/Pyridine-Pyridine-Derivatives-Market-Size-to-Reach-USD-1-255-74-Million-by-2035-on-Rising-Agrochemical-and-Pharma-Demand-SNS-Insider.html,SNS Insider pvt ltd,2026-07-23T10:47:00Z,coal demand,"U.S. Market to Reach USD 228.10 Million by 2035, While Europe Market to reach USD 1,255.74 Million, Advances with Sustainable Chemical Production and Pharmaceutical Innovation U.S. Market to Reach USD 228.10 Million by 2035, While Europe Market to reach USD 1…",GlobeNewswire,Unknown,Market Report,2026-07-28T08:36:19.179707Z
981ad7191a64136db08267f7c917953c,Biomethane Market to Reach USD 32.6 Billion by 2035 as Renewable Gas Adoption and Circular Energy Strategies Accelerate Global Growth,https://www.prnewswire.com/news-releases/biomethane-market-to-reach-usd-32-6-billion-by-2035-as-renewable-gas-adoption-and-circular-energy-strategies-accelerate-global-growth-302833223.html,,2026-07-23T10:18:00Z,coal demand,"NEWARK, Del., July 23, 2026 /PRNewswire/ -- According to the latest market analysis by Future Market Insights, the global Biomethane Market is entering a new phase of large-scale commercialization as governments, utilities, and industrial sectors accelerate i…",PRNewswire,Global,Analysis/Opinion,2026-07-28T08:36:19.179752Z
cf423777ba8202946c974f84906d3500,"Coal remains backbone of India's power supply despite renewable push, govt tells Parliament",https://economictimes.indiatimes.com/industry/energy/power/coal-remains-backbone-of-indias-power-supply-despite-renewable-push-govt-tells-parliament/articleshow/132576038.cms,ANI,2026-07-23T08:58:06Z,coal demand,Coal plants supplied nearly seventy percent of India's electricity during summer months. These plants generated seventy-five percent of total power during evening peak demand hours. Government encourages energy efficiency measures and consumption pattern chan…,The Times of India,India,News,2026-07-28T08:36:19.179781Z
c69390ec504b38dbec20d9b233f501d5,India's solar push idles factories unable to shake reliance on China,https://economictimes.indiatimes.com/industry/renewables/indias-solar-push-idles-factories-unable-to-shake-reliance-on-china/articleshow/132574928.cms,Reuters,2026-07-23T07:46:58Z,coal demand,"In a concerning turn for India's renewable energy sector, solar panel manufacturers are ceasing production because vital components are in short supply domestically. This hiccup leads to prolonged waits for crucial parts, ultimately threatening employment and…",The Times of India,China,News,2026-07-28T08:36:19.179803Z
163c1b6d139bb913815536188a58f031,Trump’s 18-Month Deadline to Halve Electricity Prices Arrives With Rates Up 18%,https://www.naturalnews.com/2026-07-23-trump-deadline-halve-electricity-cost-higher-rates.html,Sterling Ashworth,2026-07-23T06:00:00Z,coal demand,"President Donald Trump pledged on the campaign trail to cut electricity prices in half within 18 months of returning to office, promising to use executive authority to bring down costs. That self-imposed deadline is July 20, 2026. Speaking at a rally in Ashev…",Naturalnews.com,Unknown,Market Report,2026-07-28T08:36:19.179848Z
d5d7d4f463efad0f6cc6f142f60d6ecf,Coal-fired power generation sees resurgence as nations prioritize energy security over climate targets,https://www.naturalnews.com/2026-07-23-coal-fired-power-generation-sees-resurgence-energy-security.html,Edison Reed,2026-07-23T06:00:00Z,coal demand,"Coal-fired power generation is increasing globally as countries prioritize energy security over climate targets, according to recent data from the International Energy Agency (IEA) and national energy ministries. Global coal demand rose to an all-time high in…",Naturalnews.com,Global,News,2026-07-28T08:36:19.179904Z
8794b2a8330d438a364259f890320d53,Skeptical Science New Research for Week #30 2026,https://skepticalscience.com/new_research_2026_30.html,,2026-07-23T05:23:51Z,coal demand,"Open access notables

Record-low 2025 and 2026 ice extents restore Arctic winter sea-ice decline, Chan et al., Proceedings of the National Academy of Sciences

Recent analyses have suggested that the decadal rate of Arctic winter sea-ice extent decline weaken…",Skepticalscience.com,Unknown,News,2026-07-28T08:36:19.179954Z
049a5e4fa95b9d1ea9c86bc89ee612d3,India's solar push idles factories unable to shake reliance on China,https://www.thehindubusinessline.com/news/indias-solar-push-idles-factories-unable-to-shake-reliance-on-china/article71256502.ece,Reuters,2026-07-23T05:02:23Z,coal demand,India's solar manufacturing faces delays and job losses as reliance on Chinese imports hampers production of essential domestic components.,BusinessLine,China,News,2026-07-28T08:36:19.179969Z
9c96e1814eff3d741963a6e52e9dbed5,IEA: Global power demand is surging – and renewables are passing coal,http://electrek.co/2026/07/22/iea-global-power-demand-is-surging-and-renewables-are-passing-coal/,Michelle Lewis,2026-07-23T05:00:00Z,coal demand,"Global electricity use is growing again, but renewables are expected to overtake coal as the world’s largest source of electricity this year, according to the International Energy Agency (IEA).",Electrek,Global,News,2026-07-28T08:36:19.180016Z
46bbfe6d83b1b100f99a5204a311f810,Watchdog sends NSW emissions warning amid 'insatiable' data centre surge,https://www.abc.net.au/news/2026-07-23/net-zero-authority-nsw-annual-report-coal-data-impacts/106948568,Bridget Murphy,2026-07-23T04:49:24Z,coal demand,"The NSW Net Zero Commission recommends tighter planning controls for the approval of coal extensions and data centres, as it predicts the state will fall short of its legislated 2030 emissions reduction target.",ABC News (AU),Unknown,News,2026-07-28T08:36:19.180057Z
fc15785b9b54e7f2bead01f87ab1a605,AI is turning everything into a software project – whether worthwhile or not,https://www.irishtimes.com/business/innovation/2026/07/23/ai-is-turning-everything-into-a-software-project-whether-worthwhile-or-not/,Emmet Ryan,2026-07-23T04:49:00Z,coal demand,A 160-year-old economic theory is key to the AI revolution,The Irish Times,Unknown,News,2026-07-28T08:36:19.180090Z
547c6e8fbb909aaf4e5c2ca9f9248b78,"After Hiccup In 2026, LNG Market Will Rebound But Unsure Through 2050",https://www.forbes.com/sites/ianpalmer/2026/07/22/after-hiccup-in-2026-lng-market-will-rebound-but-unsure-through-2050/,"Ian Dexter Palmer, Ph.D., Contributor, 
 Ian Dexter Palmer, Ph.D., Contributor
 https://www.forbes.com/sites/ianpalmer/",2026-07-23T00:43:51Z,coal demand,"LNG exports from U.S. to 43 countries are projected to reach 120 million tpy in 2026. Annual export revenues exceed $60 billion, with over $8 billion to government.",Forbes,Unknown,Market Report,2026-07-28T08:36:19.180121Z
53df38911b2f71cbb3b53655e821154c,Report: Fossil fuels still generate 57% of global electricity,https://punchng.com/report-fossil-fuels-still-generate-57-of-global-electricity/,Punch Newspapers,2026-07-23T00:35:03Z,coal demand,"A new report reveals fossil fuels continue to generate 57% of global electricity, despite rapid renewable energy growth. Learn more about global energy tre

Read More: https://punchng.com/report-fossil-fuels-still-generate-57-of-global-electricity/",The Punch,Global,Market Report,2026-07-28T08:36:19.180169Z
0f4228a66f6e481731281f2de341e19e,"If Scrubs Hurt, Your ZFS Design Is Broken",https://klarasystems.com/articles/if-scrubs-hurt-your-zfs-design-is-broken/,Allan Jude,2026-07-22T23:34:00Z,coal demand,"ZFS scrubs performance issues often point to storage design problems—not the scrub itself. Learn how pool design, and special VDEVs improve performance.",Klarasystems.com,Unknown,News,2026-07-28T08:36:19.180206Z
8a8dd347ab00ed82f2f24a0bb430bfde,"Canada counts on LNG, nuclear and offshore wind to power industrial revival: Joly",https://www.nationalobserver.com/2026/07/22/news/canada-counts-lng-nuclear-offshore-wind-power-industrial-revival-joly,Darius Snieckus,2026-07-22T21:53:58Z,coal demand,"Industry Minister Mélanie Joly, speaking at the UK thinktank Chatham House, says energy policy is central to Canada’s industrial strategy as geopolitical turbulence continues to roil the global economy.",National Observer,Global,News,2026-07-28T08:36:19.180252Z
6e716ef798502ab2594f812e8ad3526e,"Canada counting on LNG, nuclear and offshore wind to power industrial revival: Joly",https://www.nationalobserver.com/2026/07/22/news/canada-counting-lng-nuclear-offshore-wind-power-industrial-revival-joly,Darius Snieckus,2026-07-22T21:53:58Z,coal demand,"Industry Minister Mélanie Joly, speaking at the UK thinktank Chatham House, says energy policy is central to Canada’s industrial strategy as geopolitical turbulence continues to roil the global economy.",National Observer,Global,News,2026-07-28T08:36:19.180291Z
f4119afeedfa90b7a3767612f01f9d44,FirstEnergy Corp. Declares Common Stock Dividend of 46.5 Cents Per Share,https://www.prnewswire.com/news-releases/firstenergy-corp-declares-common-stock-dividend-of-46-5-cents-per-share-302832459.html,,2026-07-22T20:20:00Z,coal demand,"AKRON, Ohio, July 22, 2026 /PRNewswire/ -- The Board of Directors of FirstEnergy Corp. (NYSE: FE) today declared a quarterly dividend of 46.5 cents per share of outstanding common stock payable September 1, 2026, to shareholders of record at the close of busi…",PRNewswire,Unknown,News,2026-07-28T08:36:19.180340Z
200af4daef791ab1bc73110e290b0d61,Mustang Containment Solutions Acquires Mustang Extreme's Western and Southwestern Environmental Lining and Water Management Assets,https://www.prnewswire.com/news-releases/mustang-containment-solutions-acquires-mustang-extremes-western-and-southwestern-environmental-lining-and-water-management-assets-302832569.html,,2026-07-22T20:07:00Z,coal demand,"Founder-led team reunites with the containment business it built — now a nationwide platform spanning an established environmental division and a water treatment arm serving multiple industries FORT WORTH, Texas, July 22, 2026 /PRNewswire/ -- Mustang Containm…",PRNewswire,Unknown,News,2026-07-28T08:36:19.180402Z
a3b929336ddefb487e99d2997d56b04a,How One Nation's winning over the bush,https://www.abc.net.au/news/2026-07-23/australia-wide-one-nation-regional-australia/106917258,"Alex Barwick, Jacob Gamble, and Bridget Murphy",2026-07-22T18:41:45Z,coal demand,One Nation has some of its strongest support in outback Australia and recent polling shows it could win over 30 regional seats. So what's winning over regional Australians when it comes to Pauline Hanson's party?,ABC News (AU),Australia,News,2026-07-28T08:36:19.180456Z
f007d6c8f12c9fc13d300f08a8e55de6,"AI’s off-balance-sheet time-bomb goes mainstream, leverage concerns rise",https://cryptobriefing.com/ais-off-balance-sheet-concerns/,Editorial Team,2026-07-22T18:37:11Z,coal demand,"Major tech companies' hidden AI debts could pose financial risks, affecting markets and Bitcoin mining operations, study reveals.
The post AI’s off-balance-sheet time-bomb goes mainstream, leverage concerns rise appeared first on Crypto Briefing.",Crypto Briefing,Unknown,Market Report,2026-07-28T08:36:19.180502Z
c95c6847bc9228c347b512ab3db8cd3d,Somerset County Upgrades Mean Fewer Outages and Faster Restoration for JCP&L Customers,https://www.prnewswire.com/news-releases/somerset-county-upgrades-mean-fewer-outages-and-faster-restoration-for-jcpl-customers-302832477.html,,2026-07-22T18:31:00Z,coal demand,"HOLMDEL, N.J., July 22, 2026 /PRNewswire/ -- Customers in parts of Somerset County are experiencing fewer power outages and quicker restoration times resulting from recent upgrades by Jersey Central Power & Light (JCP&L). More than $3 million in JCP&L investm…",PRNewswire,Unknown,News,2026-07-28T08:36:19.180554Z
10e2d1a0f31053cbc941661ce0c1deb1,"Iran conflict disrupts LNG supply, boosts coal and oil demand",https://cryptobriefing.com/iran-conflict-disrupts-lng-supply-boosts-coal-and-oil-demand/,Estefano Gomez,2026-07-22T16:01:36Z,coal demand,"Iran conflict disrupts LNG supply, increasing demand for oil. Crude oil reaching a new all-time high by December 31 at 15.5% YES.
The post Iran conflict disrupts LNG supply, boosts coal and oil demand appeared first on Crypto Briefing.",Crypto Briefing,Unknown,News,2026-07-28T08:36:19.180597Z
fc0acce2372706a8362bd749619d4c70,LNG Supply Crisis Pushes Buyers Toward Coal and Oil,https://oilprice.com/Energy/Natural-Gas/LNG-Supply-Crisis-Pushes-Buyers-Toward-Coal-and-Oil.html,Andrew Topf,2026-07-22T16:00:00Z,coal demand,"The resumption of the Iran conflict, including the effective closures of the Strait of Hormuz and now the Strait of Bab el-Mandeb has driven up natural gas prices, particularly in Europe and Asia. Asia accounts for nearly 90% of liquefied natural gas (LNG) sh…",OilPrice.com,Unknown,Market Report,2026-07-28T08:36:19.180641Z
fca1fe5f7f38ea0e7378782e6260cbf5,Billionaire Investor David Einhorn’s Top 5 Bets: Buy Alongside the Skeptic?,https://247wallst.com/investing/2026/07/22/billionaire-investor-david-einhorns-top-5-bets-buy-alongside-the-skeptic/,Joel South,2026-07-22T15:36:34Z,coal demand,David Einhorn built his reputation shorting frauds and buying what no one else would touch. His latest 13F reads as a five-stock roadmap through merger arbit...,24/7 Wall St.,Unknown,News,2026-07-28T08:36:19.180682Z
3bd3ce0d24fa3f4c8d394e9ed7fa774a,"Q1 Results Highlights: Eternal logs ₹92 cr profit in Q1, Nestlé, Adani Power, Adani Green & SRF PAT rise, HPCL, Dr Reddy's Lab profit tumbles",https://www.thehindubusinessline.com/markets/fy27-q1-results-today-highlights-adani-green-adani-power-ntpc-nestle-eternal-bpcl-hpcl-indusind-bank-dr-reddys-bajaj-auto-tvs-motor-adani-energy-atgl-mastek-sagility-july-22-2026/article71248906.ece,"KS Badri Narayanan, Madhu Balaji, Team BL",2026-07-22T15:19:39Z,coal demand,"Q1 Results Today Highlights, 22nd July 2026: Get real-time Q1 FY27 earnings updates, profit growth, revenue numbers and management outlook from Nestle India, Eternal, Adani Green Energy, Bharat Petroleum Corporation, JSW Energy, Oracle, Dr Reddys Laboratories…",BusinessLine,India,Analysis/Opinion,2026-07-28T08:36:19.180705Z
7d62d4cfc4c7d71f857c74a5696934ab,"China’s Electric Trucks, Diesel’s Peak, and What Western Planners Still Don’t See",https://cleantechnica.com/2026/07/22/chinas-electric-trucks-diesels-peak-and-what-western-planners-still-dont-see/,Letters to the Editor,2026-07-22T15:13:19Z,coal demand,"By Ray Wills and Peter Newman CleanTechnica allows comments, and there are always great comments by readers, as well as the obligatory smattering of naysaying trolls. We thought we might collate and comment on the good stuff that came in on our article “China…",CleanTechnica,China,Analysis/Opinion,2026-07-28T08:36:19.180717Z
6d5d45f2d584f068b2b1b79eccfaf16d,Steam Turbine Aftermarket Market Size to Reach USD 16.02 Billion by 2031 - Exclusive Insights by Arizton,https://www.prnewswire.co.uk/news-releases/steam-turbine-aftermarket-market-size-to-reach-usd-16-02-billion-by-2031--exclusive-insights-by-arizton-302832092.html,,2026-07-22T14:38:00Z,coal demand,"Steam Turbine Aftermarket Market Size, Industry Analysis Report, Regional Outlook, Growth Potential, Price Trends, Competitive Market Share & Forecast 2026–2031. CHICAGO, July 22, 2026 /PRNewswire/ -- According to new research by Arizton, the global steam tur…",PR Newswire UK,Global,Analysis/Opinion,2026-07-28T08:36:19.180759Z
79ef3a324f7024744f2353d2d8747341,Steam Turbine Aftermarket Market Size to Reach USD 16.02 Billion by 2031 - Exclusive Insights by Arizton,https://www.prnewswire.com/news-releases/steam-turbine-aftermarket-market-size-to-reach-usd-16-02-billion-by-2031--exclusive-insights-by-arizton-302832087.html,,2026-07-22T14:38:00Z,coal demand,"Steam Turbine Aftermarket Market Size, Industry Analysis Report, Regional Outlook, Growth Potential, Price Trends, Competitive Market Share & Forecast 2026–2031. CHICAGO, July 22, 2026 /PRNewswire/ -- According to new research by Arizton, the global steam tur…",PRNewswire,Global,Analysis/Opinion,2026-07-28T08:36:19.180789Z
c6a8d2f049ec826408983b2d0b4c5be1,"Data centers forecast to use 20% of US power by 2035 — analysts estimate usage will rocket to 194 gigawatts, 83% more than forecast seven months ago",https://www.tomshardware.com/tech-industry/data-centers/bnef-nearly-doubles-its-us-data-center-power-forecast-to-194gw,Luke James,2026-07-22T14:21:58Z,coal demand,"BNEF's December outlook put 2035 demand at 106 GW, and that figure was itself 36% above the projection the firm published in April 2025.",Tom's Hardware UK,Unknown,Analysis/Opinion,2026-07-28T08:36:19.180826Z
ea8979f1832bf7ad2b05fcd9585c57c1,The Beam Engine,https://glinscott.github.io/beam-engine/,Gary Linscott,2026-07-22T14:16:44Z,coal demand,"See how a beam engine works through interactive 3D figures exploring steam, pressure, Watt's condenser, valves, linkages, and the governor.",Github.io,Unknown,News,2026-07-28T08:36:19.180856Z
f9a28b8d8b7a702b8281b4169d337b5f,It’s Time To Adopt A New Mindset About The Planet,https://cleantechnica.com/2026/07/22/its-time-to-adopt-a-new-mindset-about-the-planet/,Carolyn Fortuna,2026-07-22T12:30:01Z,coal demand,"Mother Earth provides every material for our survival, so why do we accept corporate promises to adopt healthy environmental solutions? We know that those promises are little more than subterfuge — after all, astronauts have reported seeing pollution events s…",CleanTechnica,Unknown,Market Report,2026-07-28T08:36:19.180902Z
a37c1d2db2a731f85699ef17273c5ad2,"Sensex today | Stock Market Highlights: Sensex falls 715 points, Nifty slips below 24,000; media, realty drag, FMCG and auto resilient",https://www.thehindubusinessline.com/markets/sensex-nifty50-today-stock-market-highlights-22nd-july-2026/article71249266.ece,"Team BL, KS Badri Narayanan",2026-07-22T10:54:13Z,coal demand,"Sensex, Nifty updates on 22nd July 2026: Indian equity benchmarks posted their biggest single-day decline in two weeks on Wednesday as escalating tensions in the Middle East drove Brent crude above $95 a barrel, raising concerns over inflation and economic gr…",BusinessLine,India,Market Report,2026-07-28T08:36:19.180974Z
5506f16321da931d789d8595dd533753,Does AI Have to Be Bad News for the Planet? (with Meghan Busse),https://www.kqed.org/news/12092008/does-ai-have-to-be-bad-news-for-the-planet-with-meghan-busse-2,Stacia Sliger,2026-07-22T10:00:00Z,coal demand,"View Full Episode Transcript Are you hurting the planet every time you query a chatbot? Economist Meghan Busse suggests that may be the wrong question. In this episode, we zoom out from the usual concerns about frivolous queries (and, for that matter, resourc…",KQED,Unknown,Analysis/Opinion,2026-07-28T08:36:19.181014Z
a4c1a1e0b6cb3615265994c09d5f19c8,Energy Security and Climate Realism Usher in Coal’s Rise,https://wattsupwiththat.com/2026/07/22/energy-security-and-climate-realism-usher-in-coals-rise/,Guest Blogger,2026-07-22T09:00:00Z,coal demand,Stop pretending that every rise in renewables implies a fall in coal. Stop using extreme scenarios to frighten the public into accepting policy mandates that do not fit the needs of growing economies. And stop telling developing nations that they must sacrifi…,Wattsupwiththat.com,Unknown,News,2026-07-28T08:36:19.181066Z
4672c8ab7502cd7e9d6b7fc72f896c8b,Five Choices For American Strategy Toward Europe,https://www.thefreedomfrequency.org/p/five-choices-for-american-strategy,"July 22, 2026",2026-07-22T00:00:00Z,coal demand,"Geopolitical shifts demand a fresh look at the Cold War framework of alliances, influence, and defense.",Thefreedomfrequency.org,USA,News,2026-07-28T08:36:19.181084Z
51456ea3ea3dd12261d07e008b01b04e,Fossil Fuels Still Generate 57% of the World's Electricity,https://oilprice.com/Energy/Energy-General/Fossil-Fuels-Still-Generate-57-of-the-Worlds-Electricity.html,Irina Slav,2026-07-21T22:00:00Z,coal demand,"When the Energy Institute reported in its Statistical Review of World Energy that the global grid is still ruled by hydrocarbons, it may have come as a surprise to some observers. Now, another report has confirmed the status quo: alternative energy sources of…",OilPrice.com,Global,Analysis/Opinion,2026-07-28T08:36:19.181123Z
8cca0a5ad8e86e37009aca3e31d952c3,Queensland Defies Aussie Data Center Green Energy Mandate,https://wattsupwiththat.com/2026/07/21/queensland-defies-aussie-data-center-green-energy-mandate/,Eric Worrall,2026-07-21T21:00:00Z,coal demand,"""... Failing to win the support of Queensland could be a deal breaker, according to the Climate Council ...""
The post Queensland Defies Aussie Data Center Green Energy Mandate appeared first on Watts Up With That?.",Wattsupwiththat.com,Unknown,News,2026-07-28T08:36:19.181182Z
13491df18587220c83dbdff1f79f0e73,India's steel ambitions face a coal reality check,https://economictimes.indiatimes.com/opinion/et-editorial/indias-steel-ambitions-face-a-coal-reality-check/articleshow/132543958.cms,Simon Nicholas,2026-07-21T17:51:34Z,coal demand,India faces challenges securing metallurgical coal for its expanding steel sector. Australia's declining exports create a significant supply gap for India's needs. India is diversifying import sources and increasing domestic supply for steel production. The n…,The Times of India,Australia,News,2026-07-28T08:36:19.181206Z
ebdb0c833199d3617dba39a63f59f012,An embattled coal terminal could be a lifeline for US coal,https://www.aljazeera.com/economy/2026/7/21/an-embattled-coal-terminal-could-be-a-lifeline-for-us-coal,Saumya Roy,2026-07-21T17:06:36Z,coal demand,West Oakland residents push legislation to block a coal terminal that could lead to air pollution in their area.,Al Jazeera English,Unknown,News,2026-07-28T08:36:19.181237Z
64994c3c0609efda5e8379393c65ecae,"Caliber Mining IPO receives 146.64 times subscription, QIBs lead demand",https://www.thehindubusinessline.com/markets/caliber-mining-ipo-receives-14664-times-subscription-qibs-lead-demand/article71250551.ece,PTI,2026-07-21T15:51:24Z,coal demand,"Caliber Mining and Logistics' ₹450-crore IPO was subscribed 146.64 times, led by strong demand from QIBs and non-institutional investors.",BusinessLine,Unknown,News,2026-07-28T08:36:19.181275Z
c8698be035719e50f20924b8c45f348d,Towards a proactive energy policy,https://www.thehindubusinessline.com/opinion/towards-a-proactive-energy-policy/article71250479.ece,Richa Mishra,2026-07-21T15:33:04Z,coal demand,The need of the hour is to boost battery storage to leverage solar power and lessen the burden on the grid,BusinessLine,Unknown,News,2026-07-28T08:36:19.181303Z
ac1fae79bd805b3b1fb80366ddab8ed9,"Soon, there will be so much electricity you might be paid to use it",https://theconversation.com/soon-there-will-be-so-much-electricity-you-might-be-paid-to-use-it-281422,"Amin Al-Habaibeh, Professor of Intelligent Engineering Systems, Nottingham Trent University",2026-07-21T14:48:03Z,coal demand,Encouraging people to use electricity when it’s clean and cheap may be better than temporarily disconnecting solar and wind farms.,The Conversation Africa,Unknown,News,2026-07-28T08:36:19.181344Z
16512efa6df11dec2b4c907821d9a342,Michael Hudson: The U.S. Plan to Revive Geoeconomic Dominance,https://www.nakedcapitalism.com/2026/07/michael-hudson-the-u-s-plan-to-revive-geoeconomic-dominance.html,Yves Smith,2026-07-27T06:29:03Z,grain exports,How Trump has been trying to use military muscle to reassert US geopolitical and economic dominance.,Nakedcapitalism.com,Unknown,News,2026-07-28T08:36:19.639771Z
d7439f68c8c52aaef9d85e9885d9f867,"AlcoBev company ABDL targets mid-teen growth in FY27, aims to cross ₹600 crore EBITDA",https://www.thehindubusinessline.com/companies/alcobev-company-abdl-targets-mid-teen-growth-in-fy27-aims-to-cross-600-crore-ebitda/article71268901.ece,PTI,2026-07-26T08:23:53Z,grain exports,"The company reported a 5.8% y-o-y increase in operational income to ₹984 crore for the June quarter, driven by a premiumisation strategy and a volume of 9 million cases, up 6.2%",BusinessLine,Unknown,Market Report,2026-07-28T08:36:19.639841Z
61ab55062fc5dfea9f10194f64ca79c1,"AlcoBev company ABDL targets mid-teen growth in FY27, aims to cross Rs 600 crore EBITDA",https://economictimes.indiatimes.com/industry/cons-products/liquor/alcobev-company-abdl-targets-mid-teen-growth-in-fy27-aims-to-cross-rs-600-crore-ebitda/articleshow/132638336.cms,PTI,2026-07-26T08:13:28Z,grain exports,Allied Blenders and Distillers expects mid-teen revenue and volume growth by FY27.  The company is focusing on premiumisation and expanding its international presence.  ABDL aims to increase its prestige and above brand sales significantly.  Capacity expansio…,The Times of India,Global,News,2026-07-28T08:36:19.639904Z
dc250d2eef1acabdc831b7ae90f3449b,Zelenskyy claims Russia providing satellite intel on US bases and Gulf states to Iran,https://economictimes.indiatimes.com/news/defence/zelenskyy-claims-russia-providing-satellite-intel-on-us-bases-and-gulf-states-to-iran/articleshow/132635844.cms,ANI,2026-07-26T03:01:30Z,grain exports,Ukrainian President Zelenskyy stated Russia provides satellite intelligence to Iran for strikes.  He also revealed Russia prepares to house thirty thousand North Korean troops.  This partnership poses a significant global security threat beyond Europe.  Russi…,The Times of India,Russia,News,2026-07-28T08:36:19.639939Z
b4661a89972afdba33b95a21e48d7208,Russia launches kamikaze drone strikes on Ukrainian ships in Black Sea,https://cryptobriefing.com/russia-launches-kamikaze-drone-strikes-on-ukrainian-ships-in-black-sea/,Estefano Gomez,2026-07-25T17:37:58Z,grain exports,"Russia strikes Ukrainian ships with kamikaze drones. Ukraine recapturing Crimea by December 31, 2026 at 9.5% YES.
The post Russia launches kamikaze drone strikes on Ukrainian ships in Black Sea appeared first on Crypto Briefing.",Crypto Briefing,Russia,News,2026-07-28T08:36:19.639971Z
d32d787ef0a1b03bfa78e4ae6eed05ad,Fresh produce exports hit first-half record,https://www.hurriyetdailynews.com/fresh-produce-exports-hit-first-half-record-224774,hurriyetdailynews.com,2026-07-25T05:50:28Z,grain exports,"Türkiye’s fresh fruit and vegetable export revenue climbed 39 percent year-on-year to a record $2.35 billion in the first half of 2026, exceeding $2 billion for the first time in a January-June period.",Hurriyet Daily News,Unknown,News,2026-07-28T08:36:19.640018Z
6b5ba80f676482936549f2807e49989d,"Crop prices hit three-year high as heat, war stoke supply fears",https://economictimes.indiatimes.com/news/economy/agriculture/crop-prices-hit-three-year-high-as-heat-war-stoke-supply-fears/articleshow/132619093.cms,Bloomberg,2026-07-25T04:37:35Z,grain exports,Scorching temperatures across Europe also raise concerns over potential crop losses. This situation could lift costs for staples like bread and cooking oil.,The Times of India,Unknown,Market Report,2026-07-28T08:36:19.640052Z
f0038aa0528621cd560053151410c9c7,Economic Digest: A Snapshot of Nepal’s Business News,https://english.khabarhub.com/2026/25/560135/,Khabarhub,2026-07-25T02:15:27Z,grain exports,"KATHMANDU: Economic Digest presents a brief yet comprehensive roundup of major business developments in Nepal, delivered in clear and accessible summaries. Nepal’s economy displayed mixed signals, with positive movement in financial markets alongside persiste…",Khabarhub.com,Unknown,Market Report,2026-07-28T08:36:19.640099Z
ae1b40d951077eb2008aabb8303fd566,The Strait of Hormuz Closure Is Already Hitting Supermarket Prices,https://oilprice.com/Finance/the-Economy/The-Strait-of-Hormuz-Closure-Is-Already-Hitting-Supermarket-Prices.html,Haley Zaremba,2026-07-24T23:00:00Z,grain exports,"Crop prices just hit a three-year high, indicating major downstream pain soon to come at the supermarket. There are two major factors leading to high crop prices and a potential global food crisis: heat waves and intensifying conflict in the Black Sea threate…",OilPrice.com,Global,Market Report,2026-07-28T08:36:19.640146Z
4932cfedb874bb61413ecfedcd9db9e0,"Grains Markets Hit New Highs on Black Sea Attacks, Crude Oil Rally",https://gcaptain.com/grains-markets-hit-new-highs-on-black-sea-attacks-crude-oil-rally/,Reuters,2026-07-24T20:40:21Z,grain exports,"Escalating attacks on Black Sea shipping and ports have sent wheat prices soaring to their highest in two years, stoking fresh concerns over food inflation as one of the world's most important grain export routes comes under renewed threat.",gcaptain.com,Unknown,Market Report,2026-07-28T08:36:19.640202Z
b4893ae864790df2b08b4cb7900aae7c,Big win for Scotch whisky as US tariffs are lifted,https://www.gov.uk/government/news/big-win-for-scotch-whisky-as-us-tariffs-are-lifted,Scotland Office,2026-07-24T17:31:38Z,grain exports,Whisky products will have zero tariffs in the US from today,Www.gov.uk,Unknown,News,2026-07-28T08:36:19.640229Z
9d08faf1b7d4452b46d2fa22bc6fddb0,"From steppe to sea, a Ukrainian drone unit hunts Russian ships",https://uk.news.yahoo.com/steppe-sea-ukrainian-drone-unit-070217611.html,By Sergiy Karazy and Dan Peleschuk,2026-07-24T07:02:17Z,grain exports,"By Sergiy Karazy and Dan Peleschuk UNDISCLOSED LOCATION IN SOUTHERN UKRAINE, July 24 (Reuters) - In a field in southern Ukraine, soldiers scrawled sardonic m...",Yahoo Entertainment,Russia,News,2026-07-28T08:36:19.640281Z
c5b978aee8d6343c21f46487a3abacdb,Ukraine beheads its military as its performance begins to soar,https://www.aljazeera.com/news/2026/7/24/ukraine-beheads-its-military-as-its-performance-begins-to-soar,Al Jazeera,2026-07-24T05:20:44Z,grain exports,An unprecedented simultaneous replacement of the top defence and military brass comes amid a debate over strategy.,Al Jazeera English,Ukraine,News,2026-07-28T08:36:19.640302Z
3745f33abe8dfaa1bcb3ae96cb1aadda,Economic Digest: A Snapshot of Nepal’s Business News,https://english.khabarhub.com/2026/24/559948/,Khabarhub,2026-07-24T02:15:04Z,grain exports,"KATHMANDU: Economic Digest presents a brief yet comprehensive roundup of major business developments in Nepal, delivered in clear and accessible summaries. Nepal’s latest economic indicators present a mixed picture of improving domestic activity alongside per…",Khabarhub.com,Unknown,News,2026-07-28T08:36:19.640355Z
184abb667b5f6a834dbd20a6d373f171,"Shipowners Halt Calls at Ukraine’s Black Sea Ports, Wary of Russian Strikes",https://gcaptain.com/shipowners-halt-calls-at-ukraines-black-sea-ports-wary-of-russian-strikes/,Reuters,2026-07-23T16:26:00Z,grain exports,"Shipowners halted vessel arrivals at Ukraine's Black Sea ports due to intensified Russian strikes, Kyiv said, as President Volodymyr Zelenskiy warned Moscow might escalate attacks in order to block the country's main corridor for grain exports.",gcaptain.com,Russia,News,2026-07-28T08:36:19.640422Z
77f5001321cf12b510278ec361c8f39c,Ukraine halts Black Sea port operations after Russian strikes escalate conflict,https://cryptobriefing.com/ukraine-halts-black-sea-port-operations-after-russian-strikes-escalate-conflict/,Estefano Gomez,2026-07-23T12:43:49Z,grain exports,"Ukraine halts Black Sea port operations after Russian strikes escalate conflict. Ceasefire agreement by December 31, 2026 at 35.5% YES.
The post Ukraine halts Black Sea port operations after Russian strikes escalate conflict appeared first on Crypto Briefing.",Crypto Briefing,Russia,News,2026-07-28T08:36:19.640451Z
7c5fb450a6e7e88c27bd447001fc859b,"Shipowners halt vessel calls at Ukraine’s Black Sea ports, threatening global grain supply chains",https://cryptobriefing.com/ukraine-black-sea-ports-grain-shipping-halt/,Editorial Team,2026-07-23T10:40:35Z,grain exports,"Shipowners halt vessel calls at Ukraine's Black Sea ports as Russian strikes intensify, cutting grain export capacity by one-third during peak
The post Shipowners halt vessel calls at Ukraine’s Black Sea ports, threatening global grain supply chains appeared …",Crypto Briefing,Russia,News,2026-07-28T08:36:19.640487Z
6cc4c28bd7be7067a8bd02b4925a7f3b,Russia chokes Ukraine’s lifeline Black Sea export corridor,https://www.politico.eu/article/russia-chokes-ukraine-lifeline-black-sea-export-corridor/,Veronika Melkozerova,2026-07-23T10:17:49Z,grain exports,"Moscow ""is holding global food security hostage,"" Ukrainian Foreign Minister Andrii Sybiha said on Wednesday.",POLITICO.eu,Russia,News,2026-07-28T08:36:19.640511Z
14d09fb7a33327561803b391cef52e16,"Shipowners halt vessel calls for farm exports at Ukraine's Black Sea ports, minister says",https://biztoc.com/x/cf2c509201e2e609,yahoo.com,2026-07-23T08:34:04Z,grain exports,"Shipowners have temporarily suspended vessel arrivals at Ukraine's Black Sea ports for agricultural exports after a recent surge in Russian attacks on ports and merchant shipping, the country's agriculture minister said.
Ukraine has lost about a third of its …",Biztoc.com,Russia,News,2026-07-28T08:36:19.640546Z
b306f771c0921ebbaa36af3baaf90fd9,The Global Food Crisis,https://www.nakedcapitalism.com/2026/07/the-global-food-crisis.html,Yves Smith,2026-07-23T06:57:01Z,grain exports,A hard look at the possible severity of the coming global food crisis and how it demands new approaches to analysis and decisions.,Nakedcapitalism.com,Global,Analysis/Opinion,2026-07-28T08:36:19.640571Z
047e5c0cf85ed670654c3fa6a9c89e79,"Crop Prices Hit Three-Year High as Heat, War Stoke Supply Fears",https://financialpost.com/pmn/business-pmn/crop-prices-hit-three-year-high-as-heat-war-stoke-supply-fears,Bloomberg News,2026-07-23T05:42:31Z,grain exports,"Crop prices rose to a three-year high as heat waves and escalating attacks in the Black Sea threaten to disrupt global grain trade, reviving risks to food inflation that have also been stoked by the war in Iran.",Financial Post,Global,Market Report,2026-07-28T08:36:19.640607Z
2452f7571c8eae7c6804767b2ffc1771,Show HN: Cartopolis – OpenStreetMap rendered like it's 1999,https://seriot.ch/drawing/cartopolis/,beefburger,2026-07-22T18:03:41Z,grain exports,"Article URL: https://seriot.ch/drawing/cartopolis/
Comments URL: https://news.ycombinator.com/item?id=49010890
Points: 1
# Comments: 0",Seriot.ch,Unknown,Analysis/Opinion,2026-07-28T08:36:19.640636Z
27aafcd9d03ef691a4f88e4235de4ecd,Heat and War Deal Europe’s Grain Harvest Biggest Blow in Decades,https://financialpost.com/pmn/business-pmn/heat-and-war-deal-europes-grain-harvest-biggest-blow-in-decades,Bloomberg News,2026-07-22T16:50:47Z,grain exports,Europe is set to suffer one of its sharpest ever declines in grain production as extreme weather and geopolitical tensions converge to pile pressure on farmers.,Financial Post,Unknown,News,2026-07-28T08:36:19.640676Z
22b10b18dd723b65c4894335ecfde067,At The Money: Investing in Wheat,https://ritholtz.com/2026/07/at-the-money-investing-in-wheat/,Barry Ritholtz,2026-07-22T16:30:57Z,grain exports,"At The Money: Investing in Wheat (July 22, 2026) Do you want to own a core food staple as a geopolitical hedge, an inflation offset, or simply as a diversifier? There’s an ETF for that! Full transcript below. ~~~ About this week’s guest: Sal Gilbertie began t…",Ritholtz.com,Unknown,News,2026-07-28T08:36:19.640724Z
995c80bc073b533757d2fefa54a7b0c9,Why Is NATO Attacking ExxonMobil and Chevron Infrastructure in the Black Sea?,https://www.nakedcapitalism.com/2026/07/why-is-nato-attacking-exxonmobil-and-chevron-infrastructure-in-the-black-sea.html,Conor Gallagher,2026-07-22T10:00:13Z,grain exports,"Russia blockades Odessa, grain wars, friction increases between Ankara and Moscow, and NATO lake plans have failed miserably.",Nakedcapitalism.com,Russia,News,2026-07-28T08:36:19.640759Z
6f595e32ad41c1f45eb87c57577432f3,The night France saved the British grid • Dispatches Kilowatts,https://dispatches.kilowatts.io/p/a-midsummer-nights-near-miss,charlesarthur,2026-07-22T05:47:01Z,grain exports,"Ben: For forty-eight minutes on the evening of Monday 23 June — a 33°C midsummer Monday — the frequency of Great Britain's electricity grid sat below 49.8 Hz, the boundary of normal operation. At 17 seconds past eight o'clock it touched 49.657 Hz, its lowest …",Kilowatts.io,UK,News,2026-07-28T08:36:19.640806Z
b0e20cca74c6cb713d3c08f95a0a96f3,"Fujifilm X half Review: The 1990s Point-and-Shoot Experience, Reborn in Digital and Ridiculously Fun",https://fstoppers.com/originals/fujifilm-x-half-review-1990s-point-and-shoot-experience-reborn-digital-and-903673,Alex Cooke,2026-07-22T04:33:05Z,grain exports,"Fujifilm X half Review: The 1990s Point-and-Shoot Experience, Reborn in Digital and Ridiculously Fun
 



 Alex Cooke
July 22, 2026 - 12:33 am


 July 22nd, 2026

 
 The Fujifilm X half is a machine for time travel, and the destination is roughly 1997. It tak…",Fstoppers,Unknown,Analysis/Opinion,2026-07-28T08:36:19.640846Z
0905be37df04592dff8df1c86cfe1ad3,"AI bigger risk to IT workers than companies, says Marcellus’ Pramod Gubbi",https://economictimes.indiatimes.com/markets/expert-view/ai-bigger-risk-to-it-workers-than-companies-says-marcellus-pramod-gubbi/articleshow/132529321.cms,Nikhil Agarwal,2026-07-22T03:30:00Z,grain exports,Artificial intelligence may reduce Indian IT sector employment before impacting companies.  Valuations are less compelling now after recent market rebounds and ongoing geopolitical risks.  Opportunities for investment are currently few and far between for fun…,The Times of India,India,Market Report,2026-07-28T08:36:19.640870Z
845425e22a6fa2309ea2f7c05aca0b95,Ukraine’s drone strikes pile pressure on Russian economy,https://www.politico.eu/article/ukraine-drone-strikes-russian-economy-pressure/,Geoffrey Smith,2026-07-22T02:00:00Z,grain exports,"As its refineries and warehouses burn, Russia's financial markets are starting to freeze.",POLITICO.eu,Russia,Market Report,2026-07-28T08:36:19.640893Z
d4e0a0a106c5532ceaef5dca03e4288e,El Niño: Weather pattern could raise farm input costs but New Zealand agriculture sector seen as resilient,https://www.nzherald.co.nz/business/companies/agribusiness/el-nino-weather-pattern-could-raise-farm-input-costs-but-new-zealand-agriculture-sector-seen-as-resilient/premium/GCVXCAV7YZDB7H4EMZYV7VYVB4/,Jamie Gray,2026-07-21T22:48:45Z,grain exports,Transpower says key hydro catchments usually get wetter during El Niño years.,New Zealand Herald,Unknown,News,2026-07-28T08:36:19.640928Z
325dd4c9ee102c2eedc2abaa0b690b1d,‘Is it viable for us to continue?’ The fall of America’s farm superpower,https://financialpost.com/financial-times/fall-of-americas-farm-superpower,Financial Times,2026-07-21T16:56:46Z,grain exports,The U.S. is on the verge of losing its status as the world's leading agricultural exporter. Keep reading here.,Financial Post,USA,News,2026-07-28T08:36:19.640951Z
874e7358f0d4d03b901c6e62e3e6940c,Turkiye is Poised to Open Up a New Containment Front Against Russia in the Black Sea,https://korybko.substack.com/p/turkiye-is-poised-to-open-up-a-new,Andrew Korybko,2026-07-21T14:01:43Z,grain exports,"…
The post Turkiye is Poised to Open Up a New Containment Front Against Russia in the Black Sea appeared first on Global Research.",Substack.com,Russia,News,2026-07-28T08:36:19.640976Z
f334f68e9a9c32d0d6fac9d8952e68be,Russian army launches fresh strike on Ukraine’s Odesa port: IFX,https://cryptobriefing.com/russian-army-launches-fresh-strike-on-ukraines-odesa-port-ifx/,Estefano Gomez,2026-07-21T09:46:55Z,grain exports,"Russian army strikes Ukraine's Odesa port. Ukraine recapturing Crimea by December 31, 2026 at 8.5% YES.
The post Russian army launches fresh strike on Ukraine’s Odesa port: IFX appeared first on Crypto Briefing.",Crypto Briefing,Russia,News,2026-07-28T08:36:19.641006Z
f8fc4d3e843ae033c4e3c90282b1b74b,Turkiye Is Poised To Open Up A New Containment Front Against Russia in the Black Sea,https://www.nakedcapitalism.com/2026/07/turkiye-is-poised-to-open-up-a-new-containment-front-against-russia-in-the-black-sea.html,Yves Smith,2026-07-21T08:16:02Z,grain exports,Turkiye committing to ensuring Ukraine’s maritime security poses a serious threat to Russia.,Nakedcapitalism.com,Russia,News,2026-07-28T08:36:19.641028Z
d81794ff801a7affc3180caeb9d2bf93,Economic Digest: A Snapshot of Nepal’s Business News,https://english.khabarhub.com/2026/21/559521/,Khabarhub,2026-07-21T02:15:43Z,grain exports,"KATHMANDU: Economic Digest presents a brief yet comprehensive roundup of major business developments in Nepal, delivered in clear and accessible summaries. Nepal’s latest economic developments present a cautiously optimistic outlook, with stronger investor co…",Khabarhub.com,Unknown,Analysis/Opinion,2026-07-28T08:36:19.641069Z
79383f53240b918d3eedb75f83870a45,China’s Moment of Weakness: Economic Decay and America’s Strategic Opening,https://www.foreignaffairs.com/china/chinas-moment-weakness,"July 26, 2026",2026-07-26T00:00:00Z,soybean exports,"The PRC's economic tools for generating growth are fundamentally broken, leaving it dependent on exports and steadily declining as a share of global GDP—which means the U.S. no longer faces a long-term systemic economic rivalry and instead has an urgent, pote…",Foreign Affairs,China,News,2026-07-28T08:36:20.229614Z
3c0f928fffcb8fe414b46d474ea949f4,Today’s News in a Nutshell,https://english.khabarhub.com/2026/24/560001/,Khabarhub,2026-07-24T16:15:22Z,soybean exports,"KATHMANDU: Khabarhub brings you a glimpse of major developments of the day in Nepal, including politics, business/economy, sports, entertainment, and more. Nepal’s public debt nears Rs 3 trillion Nepal’s total public debt has climbed to nearly Rs 3 trillion, …",Khabarhub.com,Unknown,News,2026-07-28T08:36:20.229807Z
e5d48fb3edb1adb748b15aad3648ff64,"Nepal’s foreign trade rises by 15.88 percent, diesel tops imports and soybean oil leads exports",https://english.khabarhub.com/2026/24/560093/,Khabarhub,2026-07-24T12:15:23Z,soybean exports,"KATHMANDU: Nepal’s foreign trade increased by 15.88 percent in the last fiscal year 2025/26 compared to the previous fiscal year, according to data from the Department of Customs. During the review period, Nepal imported goods worth Rs 2.09 trillion, marking …",Khabarhub.com,Unknown,Analysis/Opinion,2026-07-28T08:36:20.229852Z
cf68068458a7b5132d4ff9073781cdaa,Nepal exports pet food worth Rs 4.18 bn to US,https://peoplesreview.com.np/2026/07/24/nepal-exports-pet-food-worth-rs-4-18-bn-to-us/,team1,2026-07-24T09:45:00Z,soybean exports,"Kathmandu: Nepal’s exports grew 13.81 per cent in the fiscal year 2025-26, reaching Rs 315.29 billion from Rs 277.03 billion a year earlier. Despite the improvement, the country still imports goods worth Rs 6.65 for every Re 1 of exports, according to the Dep…",Peoplesreview.com.np,Unknown,News,2026-07-28T08:36:20.229904Z
6ab8a78445160bd742e14ac1c08a0f7c,"Foreign trade hits record high, deficit nears Rs 1.8 trillion",https://peoplesreview.com.np/2026/07/24/foreign-trade-hits-record-high-deficit-nears-rs-1-8-trillion/,team1,2026-07-24T06:20:00Z,soybean exports,"Kathmandu, July 24: Nepal’s foreign trade crossed the Rs 2.4 trillion mark for the first time in history during the last fiscal year, reflecting a sharp rise in both imports and exports. Yet the record masks a deeper concern: the country’s dependence on impor…",Peoplesreview.com.np,Unknown,News,2026-07-28T08:36:20.229955Z
c08293c1aab6264743a645e51388a40f,Today’s News in a Nutshell,https://english.khabarhub.com/2026/23/559928/,Khabarhub,2026-07-23T16:15:49Z,soybean exports,"KATHMANDU: Khabarhub brings you a glimpse of major developments of the day in Nepal, including politics, business/economy, sports, entertainment, and more. PM Balen holds series of meetings with private sector, raising hopes for economic momentum Prime Minist…",Khabarhub.com,Unknown,News,2026-07-28T08:36:20.230005Z
f4ce41560ab04d50c9798d914c904165,Nepal’s imports reach Rs 2.09 trillion in FY 2025/26; exports surpass Rs 315 billion,https://english.khabarhub.com/2026/23/559921/,Khabarhub,2026-07-23T13:45:28Z,soybean exports,"KATHMANDU: Nepal imported goods worth Rs 2.096 trillion during the fiscal year 2025/26 (2082/83 BS), an increase of 16.2 percent compared to the previous fiscal year, according to the Department of Customs. The department’s latest trade statistics show that t…",Khabarhub.com,Unknown,News,2026-07-28T08:36:20.230058Z
8a58d843e32d5e8e553054362cfeaac9,Economic Digest: A Snapshot of Nepal’s Business News,https://english.khabarhub.com/2026/23/559796/,Khabarhub,2026-07-23T02:15:04Z,soybean exports,"KATHMANDU: Economic Digest presents a brief yet comprehensive roundup of major business developments in Nepal, delivered in clear and accessible summaries. Nepal’s latest economic developments present a mixed picture of steady policy execution and infrastruct…",Khabarhub.com,Unknown,News,2026-07-28T08:36:20.230146Z
43e402f9c118a423977ecbe891c95ce8,Soybeans Hit Fresh 2 Year Highs on Wednesday,https://www.barchart.com/story/news/3414556/soybeans-hit-fresh-2-year-highs-on-wednesday,Austin Schroeder,2026-07-22T21:48:28Z,soybean exports,"Soybeans posted front month buying on Wednesday, as contracts were 11 ¾ to 16 ¼ cents higher across the nearbys and up 7 ¾ to 9 ¾ cents in the deferreds. The...",Barchart.com,Unknown,News,2026-07-28T08:36:20.230196Z
0c127a0bf881ceb61867ea40fac56d54,Soybeans Posting Midweek Gains,https://www.barchart.com/story/news/3408815/soybeans-posting-midweek-gains,Austin Schroeder,2026-07-22T17:02:44Z,soybean exports,"Soybeans are posting strength on Tuesday, with contracts 12 to 13 cents higher in the front months. The cmdtyView national average Cash Bean price is up 13 ¼...",Barchart.com,Unknown,Analysis/Opinion,2026-07-28T08:36:20.230225Z
52ace5cf5daedf09abc93eea77a99034,Why Are Groceries So Expensive?,https://www.theatlantic.com/podcasts/2026/07/david-frum-show-vincent-smith-grocery-prices/688022/,David Frum,2026-07-22T17:00:00Z,soybean exports,Vincent Smith on rising grocery prices and whether there will be relief anytime soon. Plus: Trump’s broken economic policies and Edith Hamilton’s Mythology.,The Atlantic,Unknown,Market Report,2026-07-28T08:36:20.230260Z
dd908638533d36eb52269896c34bd519,Brazil ready to supply soybeans for Indonesia's free meal program,https://en.antaranews.com/news/423617/brazil-ready-to-supply-soybeans-for-indonesias-free-meal-program,Uyu Septiyati Liman,2026-07-22T08:50:52Z,soybean exports,"Brazil is ready to supply soybeans to support Indonesia&#39;s flagship Free Nutritious Meal (MBG) program, Agricultural Attach&eacute; at the Brazilian ...",Antaranews.com,Brazil,News,2026-07-28T08:36:20.230278Z
82247dcf7182c8d381f421c8d69885e8,Tanjungpinang's tempeh chips expand into Singapore's market,https://en.antaranews.com/news/423529/tanjungpinangs-tempehchips-expand-into-singapores-market,"Ogen, Raka Adji",2026-07-21T12:57:07Z,soybean exports,"Tempeh chips made by Sarimas, a small business in Tanjungpinang City, Indonesia&rsquo;s Riau Islands Province, have entered Singapore&rsquo;s market, ...",Antaranews.com,Singapore,Market Report,2026-07-28T08:36:20.230299Z
19f90a738c804a1547a15ba986e62698,Global wheat rally revives India's export prospects as government allows 5 million tonnes of wheat exports after a four-year ban,https://economictimes.indiatimes.com/news/economy/foreign-trade/global-wheat-rally-revives-indias-export-prospects-as-government-allows-5-million-tonnes-of-wheat-exports-after-a-four-year-ban/articleshow/132646685.cms,Jayashree Bhosale,2026-07-26T18:31:18Z,wheat exports,"With global wheat prices soaring, Indian wheat stands to benefit from new export avenues. India, possessing ample wheat reserves, has set the stage for exports through 2026. Current market dynamics, bolstered by increased freight costs and worries over worldw…",The Times of India,India,Market Report,2026-07-28T08:36:20.676724Z
bb3ea0f9985475beece3a87321f1c4c6,"Wheat Pulls Off Early Friday Lows, Still See Pressure to Close the Week",https://www.barchart.com/story/news/3456178/wheat-pulls-off-early-friday-lows-still-see-pressure-to-close-the-week,Austin Schroeder,2026-07-24T22:12:50Z,wheat exports,"The wheat complex was under pressure for much of the session from money coming off the table into the weekend, though buyers pulled things off the lows. Chic...",Barchart.com,Unknown,News,2026-07-28T08:36:20.676940Z
52982a86c25da278483e8552149a08c5,India’s open market rice sale norms will likely help meet 20% ethanol blending target,https://www.thehindubusinessline.com/economy/agri-business/indias-open-market-rice-sale-norms-will-likely-help-meet-20-ethanol-blending-target/article71262018.ece,Subramani Ra Mancombu,2026-07-24T11:41:00Z,wheat exports,India's new rice sale norms for ethanol production aim to achieve a 20% blending target while managing surplus stocks effectively.,BusinessLine,India,Market Report,2026-07-28T08:36:20.677001Z
589406e0dd19a3bf2beb9a4ae35e417c,"Pulses import bill shrinks as global prices fall, local production rises",https://economictimes.indiatimes.com/news/economy/agriculture/pulses-import-bill-shrinks-as-global-prices-fall-local-production-rises/articleshow/132591020.cms,Anoushka Sawhney and Kirtika Suneja,2026-07-23T19:16:15Z,wheat exports,"India's import bill for key pulses significantly decreased in FY26 due to robust domestic production. Lower global prices and import curbs also contributed to this substantial reduction. Exports of certain pulses, like Kabuli chana, saw a notable increase dur…",The Times of India,India,Market Report,2026-07-28T08:36:20.677024Z
14f57436378c299c3a1963b2b57d1283,Heat Worries US Wheat Farmers Just as Crop Prices Are Surging,https://financialpost.com/pmn/business-pmn/heat-worries-us-wheat-farmers-just-as-crop-prices-are-surging,Bloomberg News,2026-07-23T17:18:22Z,wheat exports,"For farmers in North Dakota surveying their wheat as harvest closes in, scorching heat is threatening yields just as crop prices rise to a three-year high.",Financial Post,Unknown,Market Report,2026-07-28T08:36:20.677057Z
98318c3ca1948e21d732604b138d8a0d,Canada-EU: Closer trade ties to counter Trump?,https://www.dw.com/en/canada-eu-closer-trade-ties-to-counter-trump/a-78082851,Matt Pearson,2026-07-23T13:38:00Z,wheat exports,"Given they share the world's longest land border, Canada and the US have historically enjoyed fruitful trade relations. But with Donald Trump escalating his tariff war, Canada is looking to the EU and further afield. The latest salvo in US President Donald Tr…",DW (English),Unknown,News,2026-07-28T08:36:20.677109Z
9006e3595f7800d6875e927d9107d1db,"Day 1,611 of WW3. Lapdog Lavrov wants to meet Rubio in Manila in Moscow's never-ending quest to avoid talking to Kyiv. Orc mil-bloggers are panicking about Drapatyi's appointment as UAF Commander in Chief. This is your Thursday Ukraine war thread [News]",https://www.fark.com/comments/14139800/Day-1611-of-WW3-Lapdog-Lavrov-wants-to-meet-Rubio-in-Manila-in-Moscows-never-ending-quest-to-avoid-talking-to-Kyiv-Orc-mil-bloggers-are-panicking-about-Drapatyis-appointment-as-UAF-Commander-in-Chief-This-is-your-Thursday-Ukraine-war-thread,,2026-07-23T12:00:00Z,wheat exports,"Day 1,611 of WW3. Lapdog Lavrov wants to meet Rubio in Manila in Moscow's never-ending quest to avoid talking to Kyiv. Orc mil-bloggers are panicking about Drapatyi's appointment as UAF Commander in Chief. This is your Thursday Ukraine war thread",Fark.com,Ukraine,News,2026-07-28T08:36:20.677145Z
20c2ac335b9382c4b152ebebaad172f5,"India needs income-centric agri policies, greater Centre-state coordination: EAC-PM chairman",https://economictimes.indiatimes.com/news/economy/agriculture/india-needs-income-centric-agri-policies-greater-centre-state-coordination-eac-pm-chairman/articleshow/132578445.cms,Ashish Pandey,2026-07-23T11:00:39Z,wheat exports,"India must transition agriculture towards income generation, emphasizing crop diversification and market reforms, said S Mahendra Dev, Chairman of the Economic Advisory Council to the Prime Minister (EAC-PM).",The Times of India,India,Market Report,2026-07-28T08:36:20.677189Z
5325658b116a42ed68f85d5ce630d38d,"We are living through WWIII, and sleepwalking into a holocaust, as our economic system teeters",https://www.naturalnews.com/2026-07-23-we-are-living-through-wwiii-sleepwalking-into-holocaust.html,Lance D Johnson,2026-07-23T06:00:00Z,wheat exports,"In a special broadcast on X, Alex Jones declared that humanity is “sleepwalking into a holocaust,” arguing that the current global instability was orchestrated long ago. From Ukraine to the Middle East, Jones claimed that the conflicts were planned years in a…",Naturalnews.com,Ukraine,News,2026-07-28T08:36:20.677294Z
e219ef2a7459597e679d79ccc577df14,The Morocco-Algeria rivalry is remaking Europe’s North Africa policy,https://www.aljazeera.com/opinions/2026/7/22/the-morocco-algeria-rivalry-is-remaking-europes-north-africa-policy,Abd-el-Kader Cheref,2026-07-22T15:23:56Z,wheat exports,"As Rabat and Algiers compete for influence, closer ties with one now carry consequences for relations with the other.",Al Jazeera English,Unknown,News,2026-07-28T08:36:20.677494Z
a622dd6fe3c73ce4f0b459db0ed087fa,Nestle India Q1 results: Consolidated net profit surges 48% to ₹959 crore,https://www.thehindubusinessline.com/companies/nestle-india-q1-results-consolidated-net-profit-surges-48-to-959-crore/article71252423.ece,Meenakshi Verma Ambwani,2026-07-22T06:47:13Z,wheat exports,Nestle India posted a consolidated net profit of ₹958.68 crore in the June quarter registering a surge of 48.26 per cent over ₹646.59 crore in the year ago period supported by strong volume growth.,BusinessLine,India,News,2026-07-28T08:36:20.677589Z
101a6da683c35612022f69de2e0d1b91,Indonesia-EAEU FTA opens US$3 trillion market for local products,https://en.antaranews.com/news/423541/indonesia-eaeu-fta-opens-us3-trillion-market-for-local-products,"Maria Cicilia Galuh Prayudhia, Yashinta Difa",2026-07-21T14:01:53Z,wheat exports,The ratification of the Indonesia-Eurasian Economic Union Free Trade Agreement (IEAEU-FTA) will open access to a US$3 trillion market while boosting major ...,Antaranews.com,Indonesia,Market Report,2026-07-28T08:36:20.677612Z
18a938555ac03437387779d1b4911026,Why The US CAN'T Use Its Oil,https://freerepublic.com/focus/f-bloggers/4389490/posts,Map Pack YouTube Channel,2026-07-27T05:50:32Z,fertilizer exports,"Now, I finally understand about Oil, and why it's extracted in one country, and shipped to another, instead of being refined here in the US. This gvies the Big Picture like never before, for me.",Freerepublic.com,Unknown,News,2026-07-28T08:36:20.956185Z
51da12258b2bd73b5c1ee1ca2c92e254,Indonesia touts food self-sufficiency as global protectionism grows,https://en.antaranews.com/news/424023/indonesia-touts-food-self-sufficiency-as-global-protectionism-grows,"Sean Filo, Tegar Nurfitra",2026-07-25T12:24:08Z,fertilizer exports,"Indonesia is confident in its food security, enjoying surpluses amid the world&rsquo;s growing tendency toward protectionist practices, Coordinating Minister ...",Antaranews.com,Indonesia,News,2026-07-28T08:36:20.956218Z
638b3fd9f0bd930a411f8c9de1534f7e,Chip Stock Sell-off Puts Downward Pressure on Broader Market,https://www.barchart.com/story/news/3455085/chip-stock-sell-off-puts-downward-pressure-on-broader-market,Rich Asplund,2026-07-24T20:48:34Z,fertilizer exports,"The S&P 500 Index ($SPX ) (SPY ) on Friday fell -0.08%, the Dow Jones Industrial Average ($DOWI ) (DIA ) rose +0.39%, and the Nasdaq 100 Index ($IUXX ) (QQQ...",Barchart.com,Unknown,Market Report,2026-07-28T08:36:20.956577Z
f1687456b012db48c93a22ac7406ed88,Oil Shock Could Turn Super El Niño Into an Inflation Problem Again,https://oilprice.com/Latest-Energy-News/World-News/Oil-Shock-Could-Turn-Super-El-Nio-Into-an-Inflation-Problem-Again.html,Julianne Geiger,2026-07-24T17:30:00Z,fertilizer exports,"The world isn't just staring down another weather event. It's staring down a weather event colliding with a supply-driven oil shock. JPMorgan warned Friday that a ""super"" El Niño combined with higher energy prices from the Middle East conflict could slow the …",OilPrice.com,Unknown,Market Report,2026-07-28T08:36:20.956626Z
c4da2570ad89b442f9bf72db45056e92,"Health Ranger Report: The Collapse Is Already Here and Americans Are Unaware Of It, Bracken Warns",https://www.naturalnews.com/2026-07-24-bracken-collapse-already-here-americans-are-unaware.html,Garrison Vance,2026-07-24T06:00:00Z,fertilizer exports,Former Navy officer Matt Bracken has warned that the U.S. could face an abrupt societal collapse – triggered by coordinated attacks on global energy chokepoints – during a recent appearance on the “Health Ranger Report” with the Health Ranger Mike Adams and M…,Naturalnews.com,USA,Market Report,2026-07-28T08:36:20.956655Z
005cbd41b27b9d80d23a96f46556d6bb,B.C. premier calls for blocking critical mineral exports to U.S. over lumber tariffs,https://nationalpost.com/news/canada/b-c-premier-calls-for-blocking-critical-mineral-exports-to-u-s-over-lumber-tariffs,Rahim Mohamed,2026-07-23T17:46:02Z,fertilizer exports,David Eby said at the first ministers meeting in Charlottetown that it was 'inexplicable' for the U.S. to destabilize Canadian export industries,National Post,Unknown,News,2026-07-28T08:36:20.956692Z
dac40e860d0890ebe3ef062cedad96fd,Mint Explainer | India has its first hydrogen train. Is its green hydrogen mission on track?,https://www.livemint.com/industry/energy/india-has-its-first-hydrogen-train-is-its-green-hydrogen-mission-on-track-fossil-fuels-renewable-energy-clean-energy-11784790221391.html,Radhika P Nair,2026-07-23T09:35:01Z,fertilizer exports,"India has begun building a green hydrogen ecosystem, but high costs, weak demand and infrastructure gaps need to be addressed soon for the National Green Hydrogen Mission to scale beyond pilot projects.",Livemint,India,News,2026-07-28T08:36:20.956721Z
0ff78b3919cf9324ecb17282bfeb1712,Health Ranger Report: World War E and the Coordinated Campaign to Create Scarcity,https://www.naturalnews.com/2026-07-23-world-war-e-coordinated-campaign-create-scarcity.html,Douglas Harrington,2026-07-23T06:00:00Z,fertilizer exports,"The Health Ranger Mike Adams, alongside his guests Matt Bracken and Michael Yon, described the current geopolitical situation as a coordinated campaign to create global energy scarcity during a recent edition of the “Health Ranger Report” – with conflict zone…",Naturalnews.com,Global,Market Report,2026-07-28T08:36:20.956797Z
be0dfcf6ecb065a239df29c9ab964c6f,The Persian Gulf Is Never Coming Back â And Thatâs Exactly What They Want,https://www.naturalnews.com/2026-07-23-the-persian-gulf-is-never-coming-back.html,Mike Adams,2026-07-23T06:00:00Z,fertilizer exports,"The Assumption We All Made Turned Out To be Wrong I believed — and you probably did too — that the Strait of Hormuz would eventually reopen and be restored to full operation. I believed that the fighting would stop, the tankers would flow again, and the world…",Naturalnews.com,Unknown,News,2026-07-28T08:36:20.956886Z
c59e3f589be5ae464a2717bd3626fb1a,World War E: Why the Energy Crisis Is an Engineered Collapse â and What It Means for Civilization,https://www.naturalnews.com/2026-07-23-why-energy-crisis-is-an-engineered-collapse.html,Mike Adams,2026-07-23T06:00:00Z,fertilizer exports,"We Are Already Living Through World War E The term “World War E” was coined by Matt Bracken to describe the global war over energy that connects Ukraine, the Middle East, and beyond (he mentioned the term in our recent interview). I believe this captures the …",Naturalnews.com,Ukraine,Analysis/Opinion,2026-07-28T08:36:20.956914Z
cd9982c5387af978eed2cbd1044d586f,Indonesia achieves self-sufficiency in eight food commodities: Gov't,https://en.antaranews.com/news/423711/indonesia-achieves-self-sufficiency-in-eight-food-commodities-govt,"Muhammad Harianto, Resinta Sulistiyandari",2026-07-23T05:45:06Z,fertilizer exports,Agriculture Minister Andi Amran Sulaiman announced that Indonesia has achieved self-sufficiency in eight strategic food commodities due to collaboration ...,Antaranews.com,Indonesia,News,2026-07-28T08:36:20.956942Z
ba8bde9dc031f45f93269c8f6358ca1a,"Trump’s Canada Tariffs Have Rattled the Industry, But Legal Experts Believe He’s All Bluster",http://wwd.com/sourcing-journal/trade/trump-canada-tariffs-section-338-usmca-trade-textiles-apparel-1239079757/,Kate Nishimura,2026-07-22T23:25:49Z,fertilizer exports,Legal minds largely surmised that the threat of duties likely amounts to a bargaining chip—one that Trump believes will give the U.S. the upper hand in contentious USMCA talks.,WWD,Unknown,News,2026-07-28T08:36:20.957025Z
9564ddeec0a2dec77e683d82b9134190,"Ford calling again to block oil, potash exports to U.S. in trade war gets cold response",https://nationalpost.com/news/canada/doug-ford-us-tariff-embargo-oil,Rahim Mohamed,2026-07-22T20:03:32Z,fertilizer exports,Many in Alberta and Saskatchewan are no doubt feeling déjà vu after Ontario's premier appeared to advocate tariffing oil and potash,National Post,Unknown,News,2026-07-28T08:36:20.957063Z
1db894033259ca553c66d9fc02b45cbe,Yemen’s Unsteady Stalemate,http://foreignpolicy.com/2026/07/22/yemen-houthis-sanaa-saudi-arabia-red-sea-hormuz-iran/,Annelle Sheline,2026-07-22T14:54:40Z,fertilizer exports,"As violence rises, both sides seek to increase their leverage without returning to war.",Foreign Policy,Unknown,News,2026-07-28T08:36:20.957277Z
2dd8eb3ceea27a848298408dee509b93,No One is Ready for the Civilizational Collapse That’s Coming,https://www.naturalnews.com/2026-07-22-no-one-is-ready-for-civilizational-collapse.html,Mike Adams,2026-07-22T06:00:00Z,fertilizer exports,"The Fragile Foundation of Modern Life Most people are sleepwalking through the greatest crisis in human history. They assume that because problems have always been solved in the past, they will be solved again. This is a dangerous illusion. The collapse isn’t…",Naturalnews.com,Unknown,News,2026-07-28T08:36:20.957328Z
304662fe59b1cebdc60204f91c3e30d9,Iran-Backed Houthis Impose Naval Blockade on Saudi Arabia,https://www.naturalnews.com/2026-07-22-houthis-impose-naval-blockade-on-saudi-arabia.html,Garrison Vance,2026-07-22T06:00:00Z,fertilizer exports,"Yemen’s Iran-aligned Houthi rebels announced on Monday, July 20, they are imposing a maritime embargo on Saudi Arabia – a move that threatens global energy supplies and widens the conflict beyond the Gulf region, according to a statement from Houthi military …",Naturalnews.com,Global,News,2026-07-28T08:36:20.957378Z
484273b28ae21403f3a24b28b1c8a098,Why the Iran war hasn’t caused a global oil crisis — yet,https://grist.org/energy/why-the-iran-war-hasnt-caused-a-global-oil-crisis-yet/,Jake Bittle,2026-07-21T08:45:00Z,fertilizer exports,The world has found ways to adapt without crude from the Strait of Hormuz. Experts say that won’t last.,Grist,Global,News,2026-07-28T08:36:20.957459Z
33a4e36b88d24fd2d3b99825e128f05f,Why Trump is threatening new 50% tariffs on Canadian exports right now,https://www.cbc.ca/news/world/trump-tariffs-canada-why-now-9.7277446,,2026-07-21T08:00:00Z,fertilizer exports,"It may appear that U.S. President Donald Trump's move to hit many Canadian products with a new tariff of 50 per cent came out of the blue, but there are clear signs of what's driving the tactic.",CBC News,Unknown,News,2026-07-28T08:36:20.957497Z
0a7cf623132a4e48c743ba95c35a998f,Throw Away the Urn! New Digital DNA AGI Robots Let Loved Ones Live for 500 Years (Veterans First for America),https://www.globenewswire.com/news-release/2026/07/26/3333222/0/en/Throw-Away-the-Urn-New-Digital-DNA-AGI-Robots-Let-Loved-Ones-Live-for-500-Years-Veterans-First-for-America.html,Veterans First for America,2026-07-26T18:12:00Z,bauxite,"ALEXANDRIA, Va., July 26, 2026 (GLOBE NEWSWIRE) -- A mind-blowing patent application submitted to the U.S. Patent and Trademark Office, by a quantum AI robotics research team sponsored by a veterans organization, working in collaboration with special operatio…",GlobeNewswire,USA,News,2026-07-28T08:36:21.361610Z
2cc6758380dd22dfb730ce45459c60e7,"Aughinish Alumina sales to Russia ‘significantly increased’ since war began, report finds",https://www.irishtimes.com/ireland/2026/07/25/aughinish-alumina-sales-to-russia-significantly-increased-since-2020-report-finds/,"Jack Power, Conor Gallagher",2026-07-25T05:00:00Z,bauxite,Unpublished Government documents shows plant has increasingly ‘struggled’ to sell to other European countries,The Irish Times,Russia,Market Report,2026-07-28T08:36:21.361653Z
b676304b313c51a2f65d2382eca41018,"Canada's Enervoxa plans India rare earths project, may tie up with Vedanta, Hindalco, NALCO",https://economictimes.indiatimes.com/industry/indl-goods/svs/metals-mining/canadas-enervoxa-plans-india-rare-earths-project-may-tie-up-with-vedanta-hindalco-nalco/articleshow/132599430.cms,Reuters,2026-07-24T07:49:02Z,bauxite,"Canadian climate technology company Enervoxa plans to partner with Vedanta, Hindalco and NALCO to build a rare earth processing plant in India using aluminium waste, or red mud. The project aims to strengthen India's rare earth processing capabilities, reduce…",The Times of India,India,News,2026-07-28T08:36:21.361686Z
55b9dc38ae4c07566731ebc5e6d8f434,Hindalco to invest $10 billon in biggest-ever organic growth drive,https://www.thehindubusinessline.com/companies/hindalco-to-invest-10-billon-in-biggest-ever-organic-growth-drive/article71258652.ece,BL Mumbai Bureau,2026-07-23T15:37:50Z,bauxite,"Company earmarks ₹50,000 crore for growth projects and evaluates a similar pipeline as it expands value-added aluminium and copper businesses amid rising demand from EVs, renewables and infrastructure sectors",BusinessLine,Unknown,News,2026-07-28T08:36:21.361779Z
143e06d88a76f3e42e22afd9d138cc36,"Iranian Hackers Target Siemens and Schneider Industrial Systems, CISA Warns",https://www.infosecurity-magazine.com/news/iran-hackers-siemen-schneider-ics/,Kevin  Poireault,2026-07-23T13:30:00Z,bauxite,US government agencies have warned that Iranian cyber actors are targeting US-based Siemens and Schneider industrial equipment,Infosecurity Magazine,Unknown,News,2026-07-28T08:36:21.361818Z
04614d8b0d05cb259e6705a4e41b8f0b,"Mining for Europe's future: Critical raw materials, public attitudes and risks in enlargement partners",https://www.iss.europa.eu/publications/briefs/mining-europes-future-critical-raw-materials-public-attitudes-and-risks,fanny.pollet@iss.europa.eu,2026-07-23T08:16:38Z,bauxite,"Mining for Europe's future: Critical raw materials, public attitudes and risks in enlargement partners
fanny.pollet@i…
Thu, 07/23/2026 - 10:16


 10 minutes
 
 The technologies underpinning the EU’s green transition (batteries and wind turbines), digital tran…",Europa.eu,Unknown,News,2026-07-28T08:36:21.361915Z
503b4fe7c2876e782898bbd553080205,Captain Cook Shopping Centre sold to Arnhem Land Aboriginal corporation,https://www.abc.net.au/news/2026-07-23/captain-cook-shopping-centre-renamed-in-gumatj-corporation-sale/106941960,Matt Garrick,2026-07-22T20:59:07Z,bauxite,"British explorer James Cook never visited Nhulunbuy on his voyages, but his namesake shopping complex stood there for decades — until now.",ABC News (AU),UK,News,2026-07-28T08:36:21.361955Z
24451d85a6ac1aa1dc555616788cb1c6,Norsk Hydro: Operational strength delivering solid results,https://www.globenewswire.com/news-release/2026/07/22/3331070/0/en/Norsk-Hydro-Operational-strength-delivering-solid-results.html,Norsk Hydro,2026-07-22T05:00:00Z,bauxite,"Hydro’s adjusted EBITDA for the second quarter of 2026 was NOK 8,923 million, up from NOK 7,790 million in the same quarter last year. Higher aluminium prices and product premiums contributed positively, together with improved earnings in the recycling busine…",GlobeNewswire,Unknown,Market Report,2026-07-28T08:36:21.362030Z
c712e1bc7f8c026429ac2b7b814f0592,Brazilian Rare Earths share price rises as Alurion IPO raises $50 million,https://www.fool.com.au/2026/07/22/brazilian-rare-earths-share-price-rises-as-alurion-ipo-raises-50-million/,Laura Stewart,2026-07-22T00:25:26Z,bauxite,"Brazilian Rare Earths shares are in the spotlight as Alurion Resources' IPO raises $50 million and BRE secures a 16% strategic stake.
The post Brazilian Rare Earths share price rises as Alurion IPO raises $50 million appeared first on The Motley Fool Australi…",Motley Fool Australia,Brazil,News,2026-07-28T08:36:21.362058Z
bfe02f4aec18ecc2e17c80cb3c2ec5c2,$30m biochar facility could help replace coal at Rio Tinto refineries,https://www.abc.net.au/news/2026-07-22/biochar-coal-superchar-rio-tinto-central-qld/106897034,Jasmine Hines,2026-07-21T23:00:59Z,bauxite,Rio Tinto has signed an agreement with an Australian company for a biochar product that could help replace coal used in its emissions-intensive Queensland refineries.,ABC News (AU),Australia,News,2026-07-28T08:36:21.362075Z
06b6e46bbf86674e71acad2b401e3719,A fraction of world's seawater could meet energy needs for generations,https://newatlas.com/energy/critical-elements-mined-from-seawater/,Etiido Uko,2026-07-27T01:03:00Z,nickel ore,"“Under the sea, Darling it’s better, Down where it’s wetter, Take it from me!” sang a certain Jamaican crab in The Little Mermaid. Turns out he may have been right after all. Scientists say 0.1% of the world’s seawater contains enough critical elements to pow…",New Atlas,Unknown,News,2026-07-28T08:36:21.595727Z
629446d6afda8d8616b0ce6321a6c0f1,NVRO Metals Files Independent NI 43-101 Technical Report and Maiden Oxide Mineral Reserve Estimate for the NVRO Metals Hub,https://www.globenewswire.com/news-release/2026/07/23/3332223/0/en/NVRO-Metals-Files-Independent-NI-43-101-Technical-Report-and-Maiden-Oxide-Mineral-Reserve-Estimate-for-the-NVRO-Metals-Hub.html,NVRO Metals Limited,2026-07-23T13:07:00Z,nickel ore,NVRO Metals files NI 43-101 Technical Report and maiden oxide Mineral Reserve supporting near-term copper cathode production at the NVRO Metals Hub...,GlobeNewswire,Unknown,Market Report,2026-07-28T08:36:21.595931Z
8079dab8a167058c965599ec0b15b858,Metal ETFs shine in uncertain market: Should you invest now?,https://www.livemint.com/money/metal-etfs-shine-in-uncertain-market-should-you-invest-now-11784885886400.html,Allirajan Muthusamy,2026-07-25T03:30:18Z,copper concentrate,"The performance of metal ETFs depends on the state of the economy, as they invest in industrial metals. While they are expected to grow during economic expansion, they carry more risk than gold and silver ETFs.",Livemint,Unknown,Market Report,2026-07-28T08:36:22.320201Z
654295cebf856c012c87b77250e30480,Teck Resources Q2 Earnings Call Highlights,https://www.marketbeat.com/instant-alerts/teck-resources-q2-earnings-call-highlights-2026-07-23/?utm_source=yahoofinance&amp;utm_medium=yahoofinance,MarketBeat,2026-07-24T02:05:25Z,copper concentrate,"Teck Resources (NYSE:TECK) reported sharply higher second-quarter 2026 earnings and cash flow, driven by stronger copper production, favorable commodity pric...",MarketBeat,Unknown,Market Report,2026-07-28T08:36:22.320250Z
35571304e19ede75cb9136cae3ac9cfa,"I've helped more than 5,000 families manage neurodiversity. These are the simple dietary swaps that can hugely improve ADHD symptoms. Start now and see difference by end of summer holidays: SARAH WARLEY",https://www.dailymail.com/health/article-16000729/Ive-helped-5-000-families-manage-neurodiversity-simple-dietary-swaps-hugely-improve-ADHD-symptoms-Start-difference-end-summer-holidays-SARAH-WARLEY.html,Sarah Warley,2026-07-24T00:00:46Z,copper concentrate,Getting the right treatment for attention deficit hyperactivity disorder can be life-changing - it's something I saw firsthand in a close friend's daughter.,Dailymail.com,Unknown,News,2026-07-28T08:36:22.320300Z
debd70f1b2e18f51145e7252283aa445,Lithium Prices Sink To Five-Month Lows Amid Oversupply Jitters,https://oilprice.com/Metals/Commodities/Lithium-Prices-Sink-To-Five-Month-Lows-Amid-Oversupply-Jitters.html,Alex Kimani,2026-07-24T00:00:00Z,copper concentrate,"Lithium prices have sunk to a five-month low as the return of previously idled mine capacity triggered fears of a massive market oversupply. Lithium prices on the Guangzhou Futures Exchange (GFEX), the most active lithium carbonate contract, fell to 136,800 y…",OilPrice.com,Unknown,Market Report,2026-07-28T08:36:22.320545Z
069a5410148d631c91cce30d71a49336,"Next10, Inc. Announces Appointment of Mark I. Farber as Director and Raul Ramirez Morton as Director and Chief Operating Officer of Torreon Mining Corporation",https://financialpost.com/globe-newswire/next10-inc-announces-appointment-of-mark-i-farber-as-director-and-raul-ramirez-morton-as-director-and-chief-operating-officer-of-torreon-mining-corporation,GlobeNewswire,2026-07-23T10:34:54Z,copper concentrate,"GREEN VALLEY, Ariz., July 23, 2026 (GLOBE NEWSWIRE) — Next10, Inc. (OTC: NXTN), through its operating division Torreon Group, Inc., today announced the appointment of Mark I. Farber as a Director of Torreon Mining Corporation and Raul Ramirez Morton as both a…",Financial Post,Unknown,News,2026-07-28T08:36:22.320651Z
c708aeec2e244554126e9db177d38da9,"Next10, Inc. Announces Appointment of Mark I. Farber as Director and Raul Ramirez Morton as Director and Chief Operating Officer of Torreon Mining Corporation",https://www.globenewswire.com/news-release/2026/07/23/3331964/0/en/Next10-Inc-Announces-Appointment-of-Mark-I-Farber-as-Director-and-Raul-Ramirez-Morton-as-Director-and-Chief-Operating-Officer-of-Torreon-Mining-Corporation.html,"Torreon Group, Inc",2026-07-23T10:30:00Z,copper concentrate,"GREEN VALLEY, Ariz., July 23, 2026 (GLOBE NEWSWIRE) -- Next10, Inc. (OTC: NXTN), through its operating division Torreon Group, Inc., today announced the appointment of Mark I. Farber as a Director of Torreon Mining Corporation and Raul Ramirez Morton as both …",GlobeNewswire,Unknown,News,2026-07-28T08:36:22.320697Z
25e290945370ebc7bc3827ed2deea2bf,Copper market will likely witness volatility on West Asia developments,https://www.thehindubusinessline.com/markets/commodities/copper-market-will-likely-witness-volatility-on-west-asia-developments/article71256636.ece,Subramani Ra Mancombu,2026-07-23T07:56:39Z,copper concentrate,Analysts say the red metal is currently caught between macro headwinds and US tariff uncertainty,BusinessLine,Unknown,Market Report,2026-07-28T08:36:22.320726Z
07279292ed5bcd68db17e29e1e6e41b6,Teck Reports Unaudited Second Quarter Results for 2026,https://www.globenewswire.com/news-release/2026/07/23/3331869/0/en/Teck-Reports-Unaudited-Second-Quarter-Results-for-2026.html,Teck Resources Ltd,2026-07-23T05:01:00Z,copper concentrate,Strong second quarter earnings driven by operational consistency and disciplined execution Strong second quarter earnings driven by operational consistency and disciplined execution,GlobeNewswire,Unknown,Market Report,2026-07-28T08:36:22.320767Z
641b7d1c4fcf37c8f82a12c6131ad988,Southern Copper Q2 Earnings Call Highlights,https://www.marketbeat.com/instant-alerts/southern-copper-q2-earnings-call-highlights-2026-07-22/?utm_source=yahoofinance&amp;utm_medium=yahoofinance,MarketBeat,2026-07-22T19:03:23Z,copper concentrate,"Southern Copper (NYSE:SCCO) reported record quarterly sales, adjusted EBITDA and net income for the second quarter of 2026, as sharply higher metals prices o...",MarketBeat,Unknown,Market Report,2026-07-28T08:36:22.320798Z
3922760b669e67adaf36f67be94e6715,Chile targets $100 billion in copper investments over next decade as data center demand surges,https://cryptobriefing.com/chile-100-billion-copper-investment-data-centers/,Editorial Team,2026-07-22T14:17:19Z,copper concentrate,"Chile plans to attract $100 billion in copper investments over the next decade, driven by AI data center demand and a push to diversify beyond
The post Chile targets $100 billion in copper investments over next decade as data center demand surges appeared fir…",Crypto Briefing,Unknown,News,2026-07-28T08:36:22.320851Z
3b814072f9aa1c7efb657b30dfb39dfc,ACG Acquisition Nears Copper-Zinc Pivot as Gediktepe Flotation Plant Targets August Output,https://biztoc.com/x/79fd238af1670e43,finance.yahoo.com,2026-07-21T13:30:10Z,copper concentrate,"Key Points
- ACG Acquisition is nearing a major operational shift at its Gediktepe mine in western Turkey, with the new flotation plant for copper and zinc concentrate now in commissioning and first production targeted by the end of August. 
- Management said…",Biztoc.com,Turkey,News,2026-07-28T08:36:22.320893Z
32e3ef1a3ede40858ac904e9c274e7ef,ACG Acquisition Nears Copper-Zinc Pivot as Gediktepe Flotation Plant Targets August Output,https://www.marketbeat.com/instant-alerts/acg-acquisition-nears-copper-zinc-pivot-as-gediktepe-flotation-plant-targets-august-output-2026-07-21/?utm_source=yahoofinance&amp;utm_medium=yahoofinance,MarketBeat,2026-07-21T13:02:16Z,copper concentrate,ACG Acquisition (LON:ACG) management said the company is in the final stages of shifting its Gediktepe operation in western Turkey from gold and silver doré...,MarketBeat,Turkey,News,2026-07-28T08:36:22.320928Z
05391611bcee9b21fbf1abb767dc815a,"FY26 Group production guidance delivered, record cashflow and maiden dividend proposed",https://apnews.com/press-release/globenewswire-mobile/press-release-4e4bcdeac0da5523168fb87d31fb958e,,2026-07-21T01:23:59Z,copper concentrate,"PERTH, Australia, July 20, 2026 (GLOBE NEWSWIRE) -- Alkane Resources Limited (ASX:ALK; TSX:ALK; OTCQX:ALKRY) (‘Alkane’ or ‘the Company’) is pleased to present its Quarterly Activities Report for the period ending 30 June 2026 (‘Q4 FY26’):",Associated Press,Australia,Market Report,2026-07-28T08:36:22.320948Z
1a0ffe18cd544ad5f537933afa9b8360,"Gold Climbs Toward $4,100 as US-Iran Pause Eases Inflation Fears, Pulls Metal From 9-Month Low This Week",https://www.ibtimes.com.au/gold-prices-rebound-us-iran-tensions-ease-1873011,Tony Jackson,2026-07-27T08:31:12Z,shipping rates,"Gold prices rose 1% as easing US-Iran tensions led to a drop in oil prices, reducing inflation concerns and boosting demand for the precious metal.",Ibtimes.com.au,Unknown,Market Report,2026-07-28T08:36:22.808706Z
77727820cff5310e91ab961dc33ba090,Oil falls more than 7% as Iran and US pause strikes over Strait of Hormuz,https://www.irishtimes.com/business/markets/2026/07/27/oil-falls-more-than-7-as-iran-and-us-pause-strikes-over-strait-of-hormuz/,"Claire Jones, Emily Herbert",2026-07-27T08:05:42Z,shipping rates,Brent lower after two weeks of escalating violence had pushed crude to more than $100 a barrel,The Irish Times,Unknown,News,2026-07-28T08:36:22.808756Z
3fb80b0da83d351692bb684c58b5bce9,US Stock Market: US investment-grade bond funds see record weekly outflows as inflation fears rattle markets,https://economictimes.indiatimes.com/markets/us-stocks/news/us-stock-market-us-investment-grade-bond-funds-see-record-weekly-outflows-as-inflation-fears-rattle-markets/articleshow/132655068.cms,Anupam Nagar,2026-07-27T07:21:29Z,shipping rates,Investors withdrew a record $7.1 billion from U.S. investment-grade bond funds. Surging oil prices and rising Treasury yields triggered this sharp selloff. High-yield bond funds and leveraged-loan funds attracted modest inflows during the same week. These alt…,The Times of India,Unknown,Market Report,2026-07-28T08:36:22.808999Z
dd8201ceb6785cc59afae7ba5cd97bf2,Shein flags tariff hits after posting quarterly loss,https://www.rte.ie/news/business/2026/0727/1585233-shein-flags-tariff-hits-after-posting-quarterly-loss/,RTÉ News,2026-07-27T06:49:46Z,shipping rates,"Shein swung to a $99m quarterly loss due to slowing sales after the US removed an import duty exemption on small packages and a hefty one-time accounting charge, the online retailer's pre-IPO financial filings have showed.",RTE,Unknown,News,2026-07-28T08:36:22.809043Z
7c8c76847c3452fcbab050b945c5672b,5 global events that could move markets this week,https://m.economictimes.com/markets/us-stocks/news/5-global-events-that-could-move-markets-this-week/central-banks-big-tech-earnings-and-middle-east-tensions-in-focus/slideshow/132654297.cms,AP,2026-07-27T06:26:07Z,shipping rates,"Global markets are heading into a crucial week as investors track monetary policy decisions from the U.S. Federal Reserve, Bank of England and Bank of Japan. Escalating tensions in the Middle East, rising oil prices, fresh U.S. tariffs and earnings from major…",Economictimes.com,Japan,Market Report,2026-07-28T08:36:22.809110Z
79821f29062516c4b13804901f04af16,Gold and Silver Prices Plunge as Middle East Conflict Drives Oil Toward $100,https://www.naturalnews.com/2026-07-27-gold-silver-prices-plunge-oil-price-spikes.html,Sterling Ashworth,2026-07-27T06:00:00Z,shipping rates,"Gold and silver prices fell sharply on July 23 as escalating Middle East hostilities pushed crude oil toward $100 per barrel and hardened expectations that the Federal Reserve will resume raising interest rates, according to market data. Comex gold for August…",Naturalnews.com,Unknown,Market Report,2026-07-28T08:36:22.809156Z
d82bba785e38bc188e72226d94331cf5,We used to be able to buy things in this country,https://dannykatch.substack.com/p/we-used-to-be-able-to-buy-things,robterrell,2026-07-27T05:47:01Z,shipping rates,"Explores the decline of in-store shopping in the us, linking it to corporate panic, political backlash, and the degradation of basic errands.",Substack.com,Unknown,News,2026-07-28T08:36:22.809202Z
be4f938ceeba973a71126e1e480a2553,Japan’s services producer prices climb 3.2% as Iran conflict sends freight costs through the roof,https://cryptobriefing.com/japan-services-prices-freight-costs-boj/,Editorial Team,2026-07-27T05:10:46Z,shipping rates,"Japan's rising service prices, driven by geopolitical tensions, could prompt BOJ rate hikes, impacting global markets and crypto assets.
The post Japan’s services producer prices climb 3.2% as Iran conflict sends freight costs through the roof appeared first …",Crypto Briefing,Japan,Market Report,2026-07-28T08:36:22.809235Z
c89e6c6fda05488e72ca7f18c9e026af,Govt bonds rebound as easing US-Iran tensions drag crude oil lower,https://www.thehindubusinessline.com/markets/govt-bonds-rebound-as-easing-us-iran-tensions-drag-crude-oil-lower/article71271431.ece,Reuters,2026-07-27T05:01:38Z,shipping rates,"Government bonds surged at the start of the week, ​erasing losses from the previous week, after crude oil prices tumbled ‌following a pause in U.S.-Iran strikes over the weekend, ​boosting hopes for a diplomatic resolution to ⁠the conflict.",BusinessLine,Unknown,Market Report,2026-07-28T08:36:22.809280Z
07a99b62b851840a9057b9588015d529,US Stock Market: Rising oil prices and bond yields threaten Wall Street rally as Middle East tensions unsettle investors,https://economictimes.indiatimes.com/markets/us-stocks/news/us-stock-market-rising-oil-prices-and-bond-yields-threaten-wall-street-rally-as-middle-east-tensions-unsettle-investors/articleshow/132652351.cms,Anupam Nagar,2026-07-27T04:27:31Z,shipping rates,"Rising oil prices and elevated bond yields, driven by Middle East tensions, are raising concerns over the sustainability of the U.S. stock market rally. While strong earnings and AI-driven spending support equities, persistent inflation risks and tighter mone…",The Times of India,Unknown,Market Report,2026-07-28T08:36:22.809330Z
9db9bd671d9551689dd9d36759546526,Gold climbs as pause in Middle East fighting curbs inflation risk,https://www.straitstimes.com/business/gold-climbs-as-pause-in-middle-east-fighting-curbs-inflation-risk,,2026-07-27T02:19:35Z,shipping rates,"Bullion rose as much as 1.1 per cent to near US$4,100 an ounce on July 27. Read more at straitstimes.com. Read more at straitstimes.com.",The Straits Times,Unknown,News,2026-07-28T08:36:22.809364Z
0c375e0af075110edbea18dade66d077,Shein blames tariff 'adverse impact' after posting quarterly loss,https://www.usatoday.com/story/money/2026/07/26/shein-loss-trump-tariff/91058183007/,", USA TODAY",2026-07-27T02:00:07Z,shipping rates,"Shein posted a loss in the first quarter in pre-IPO financial filings, saying Trump's trade stance towards China had an ""adverse impact"" on business.",USA Today,China,News,2026-07-28T08:36:22.809380Z
0af43b1d787900d9c80261c3a8e63a22,Monetary Authority of Singapore tightens exchange rate policy as energy-driven inflation pressures mount,https://cryptobriefing.com/singapore-mas-exchange-rate-policy-inflation/,Editorial Team,2026-07-27T01:30:46Z,shipping rates,"MAS's policy shift highlights the delicate balance between curbing inflation and sustaining growth, with potential global ripple effects on liquidity.
The post Monetary Authority of Singapore tightens exchange rate policy as energy-driven inflation pressures …",Crypto Briefing,Singapore,News,2026-07-28T08:36:22.809417Z
597b48fb72b220de5fec822ae6baa79a,"Global Market Today: Oil falls, Asian stocks rise as Iran tensions ease",https://economictimes.indiatimes.com/markets/us-stocks/news/global-market-today-oil-falls-asian-stocks-rise-as-iran-tensions-ease/articleshow/132650610.cms,Bloomberg,2026-07-27T01:24:20Z,shipping rates,Global markets saw oil prices fall and stocks rise as US and Iran paused retaliatory strikes.  The dollar weakened against peers while Treasuries gained as inflation concerns receded.  Traders now await Federal Reserve interest rate decisions and tech company…,The Times of India,Global,Market Report,2026-07-28T08:36:22.809463Z
e9bb59c84b6d5ab728eb3044895acd03,"Community-led marketing delivers higher review rates when you treat the community as a source of friction data, not just content. For a ceramics and tableware Shopify brand, the fastest wins come from asking the right question at the right moment: instrum",http://www.zigpoll.com/content/building-effective-community-marketing-strategies-strategy-getting-started,Zigpoll,2026-07-27T01:12:44Z,shipping rates,"Community-led marketing delivers higher review rates when you treat the community as a source of friction data, not just content. For a ceramics and tableware Shopify brand, the fastest wins come from asking the right question at the right moment: instrumzigp…",Zigpoll.com,Unknown,Analysis/Opinion,2026-07-28T08:36:22.809515Z
3a107d8850cc5ffeba2680971bc8a17a,Oil Prices Plunge 5% After U.S. and Iran Halt Attacks,https://oilprice.com/Latest-Energy-News/World-News/Oil-Prices-Plunge-5-After-US-and-Iran-Halt-Attacks.html,Josh Owens,2026-07-27T01:06:14Z,shipping rates,"Oil prices plunged by more than 5% in early Asian trade on Monday as the U.S. and Iran halted attacks after two weeks of escalation that had driven Brent above $100. At the time of writing, WTI crude was trading at $84.47, down 5.39%, while Brent crude had fa…",OilPrice.com,Unknown,Market Report,2026-07-28T08:36:22.809560Z
0724679990268cf0910fa14b99e47210,Brent crude drops below $93 as West Asia tensions show signs of easing,https://www.thehindubusinessline.com/markets/commodities/brent-crude-drops-below-93-as-west-asia-tensions-show-signs-of-easing/article71271251.ece,AP- PTI,2026-07-27T01:04:12Z,shipping rates,"Brent crude fell 4.9 per cent to $92.02 a barrel and WTI dropped 5.6 per cent to $84.34, though supply risks linked to the Strait of Hormuz continue to keep the market on edge",BusinessLine,Unknown,Market Report,2026-07-28T08:36:22.809593Z
b105c014903b77f2ada25eb0498b9c06,Gold Climbs as Pause in Mideast Fighting Curbs Inflation Risk,https://financialpost.com/pmn/business-pmn/gold-climbs-as-pause-in-mideast-fighting-curbs-inflation-risk,Bloomberg News,2026-07-27T00:16:32Z,shipping rates,"Gold rose, after a pause in fighting between the US and Iran over the weekend eased oil supply risks and inflationary concerns.",Financial Post,Unknown,News,2026-07-28T08:36:22.809625Z
b8c802af8ed1271e8e0e1653fbeceec9,Global tensions shape CBN’s monetary policy,https://punchng.com/global-tensions-shape-cbns-monetary-policy/,Punch Newspapers,2026-07-27T00:07:18Z,shipping rates,"Global geopolitical tensions, particularly the Middle East crisis, are significantly influencing the CBN’s monetary policy, impacting inflation, interest r

Read More: https://punchng.com/global-tensions-shape-cbns-monetary-policy/",The Punch,Global,News,2026-07-28T08:36:22.809676Z
a416ccf28212755b9b44465d1cfe244b,Oil prices ease after US and Iran pause their attacks,https://abcnews.com/US/wireStory/oil-prices-ease-after-us-iran-pause-attacks-135106927,The Associated Press,2026-07-26T23:40:00Z,shipping rates,Oil prices have fallen further in early trading after setting a two-month high set last week,Abcnews.com,Unknown,Market Report,2026-07-28T08:36:22.809704Z
231246f13f97b731c84172bd2e152005,Oil prices ease after US and Iran pause their attacks,https://abcnews.com/Business/wireStory/oil-prices-ease-after-us-iran-pause-attacks-135106928,The Associated Press,2026-07-26T23:37:56Z,shipping rates,Oil prices have fallen further in early trading after setting a two-month high set last week,Abcnews.com,Unknown,Market Report,2026-07-28T08:36:22.809723Z
7378e3688f7dbd42fab1086752c63a9c,How Grüns Scaled from a Stanford Dorm Room to a $200M+ Nutrition Brand on Shopify - Shopify Österreich,https://www.shopify.com/at/case-studies/gruns,Chad Janis,2026-07-26T23:24:59Z,shipping rates,"See how Grüns scaled from a Stanford dorm room to a leading nutrition brand on Shopify with subscriptions, multi-brand expansion, and 7,000+ retail locations.",Shopify.com,Unknown,News,2026-07-28T08:36:22.809764Z
d0b374b2e0dcb5d2ed21e187360d658c,Oil Tumbles as US and Iran Pause Military Strikes: Markets Wrap,https://financialpost.com/pmn/business-pmn/oil-tumbles-as-us-and-iran-pause-military-strikes-markets-wrap,Bloomberg News,2026-07-26T22:34:16Z,shipping rates,"Oil dropped and US equity futures rose early Monday after the US refrained from striking Iran for a second straight night, easing concerns over disruptions to Middle East crude supplies following weeks of escalating conflict.",Financial Post,Unknown,Market Report,2026-07-28T08:36:22.809799Z
3d73e96d510f5e007719a659c32c0166,Giveaway: Win an ADATA SE880 2TB Portable External SSD,https://www.tweaktown.com/news/112808/giveaway-win-an-adata-se880-2tb-portable-external-ssd/index.html,Cameron Wilmot,2026-07-26T17:55:06Z,shipping rates,"One lucky TweakTown member and newsletter subscriber will win an ADATA SE880 2TB portable external SSD with USB 3.2 Gen2 x2 and speeds up to 2,000 MB/s!Continue reading at TweakTown",TweakTown,Unknown,News,2026-07-28T08:36:22.809836Z
e0bb7a24187255d2f3a4db52c1f3dae0,Iran and Oman talks on Strait of Hormuz carry big stakes for oil markets and crypto,https://cryptobriefing.com/iran-oman-strait-hormuz-talks-oil-markets/,Editorial Team,2026-07-26T16:42:19Z,shipping rates,"Negotiations impact global oil supply stability, influencing inflation, monetary policy, and crypto market dynamics amid geopolitical tensions.
The post Iran and Oman talks on Strait of Hormuz carry big stakes for oil markets and crypto appeared first on Cryp…",Crypto Briefing,Global,Market Report,2026-07-28T08:36:22.809886Z
d37aa44cd9e0455e70a70beb6b86ca1d,"Exclusive: 12.6 × 10.67 mm. That's the size of Qualcomm's next flagship chip, and we know more.",https://www.notebookcheck.net/Exclusive-12-6-x-10-67-mm-That-s-the-size-of-Qualcomm-s-next-flagship-chip-and-we-know-more.1352224.0.html,Bùi Giang,2026-07-26T15:20:00Z,shipping rates,"We measured Qualcomm's next flagship chip before Qualcomm said a word about it. Between an exclusive die-size calculation, a leaked internal graphics document, a fresh wave of details about the CPU, modem, and connectivity hardware, we've put together the mos…",Notebookcheck.net,Unknown,News,2026-07-28T08:36:22.809960Z
7a4077f0492fa85f5a1c156823588cc1,Wall Street Sees Diplomacy or Escalation as Trump’s Two Middle East Options,https://investorshub.advfn.com/market-news/article/32648/wall-street-sees-diplomacy-or-escalation-as-trumps-two-middle-east-options,Fiona Craig,2026-07-26T14:08:00Z,shipping rates,"Wall Street analysts believe the conflict in the Middle East has reached a critical stage, with investors increasingly focused on whether President Donald Tr...",Advfn.com,Unknown,News,2026-07-28T08:36:22.810008Z
0356501095b3d7ed7daeedea8895b8bf,Fashion Marketing KPIs to Measure Success,https://philhalfmann.com/fashion-marketing-kpis-the-complete-guide-to-measuring-campaign-performance/,Phil Halfmann,2026-07-26T12:56:05Z,shipping rates,Learn how to leverage Fashion Marketing KPIs for effective content ROI and sustainable growth in the fashion industry.,Philhalfmann.com,Unknown,Market Report,2026-07-28T08:36:22.810037Z
0d1c149cbcc4e563a44678eabf6a286e,"Elon Musk flags that America is ‘1,000% going to go bankrupt’ and ‘fail as a country’ — Here’s what he says can save us",https://finance.yahoo.com/economy/policy/articles/elon-musk-flags-america-1-113500554.html,Jing Pan and Laura Grande,2026-07-26T11:35:00Z,shipping rates,'Nothing else will solve the national debt.',Yahoo Entertainment,USA,News,2026-07-28T08:36:22.810058Z
a34cd17a4bf1040c7cabe2504c6c3ab4,"US Fed action, oil swings to test bullion as traders eye West Asia risks: Analysts",https://economictimes.indiatimes.com/markets/stocks/news/us-fed-action-oil-swings-to-test-bullion-as-traders-eye-west-asia-risks-analysts/articleshow/132640441.cms,PTI,2026-07-26T11:30:01Z,shipping rates,"This week is pivotal for gold and silver amid the anticipation of the Federal Reserve's interest rate decision. Market participants are poised to react to fluctuations in oil prices and the ongoing tensions between the US and Iran. Additionally, critical econ…",The Times of India,Unknown,Market Report,2026-07-28T08:36:22.810106Z
d7b82ad8d6f069666245322aee0ab130,Gold and silver: What will drive prices this week?,https://www.thehindubusinessline.com/markets/gold/gold-and-silver-what-will-drive-prices-this-week/article71269177.ece,PTI,2026-07-26T11:25:16Z,shipping rates,"Traders eye US Fed actions, oil fluctuations, and West Asia risks impacting gold and silver prices in a crucial week.",BusinessLine,Unknown,Market Report,2026-07-28T08:36:22.810134Z
33e548c5c7abc7c063fbde1d325df2df,210x Loratadine + 210x Cetirizine + 70x Fexofenadine + BONUS $49.99 Delivered @PharmacySavings,https://www.ozbargain.com.au/node/969199,jason101,2026-07-26T10:03:52Z,shipping rates,"Hi Ozbargainers, I actually wanted to run another Minoxdil tonight as our last deal literally cleared out all available stock in Australia and resulted in many comments, emails and phone calls …",Ozbargain.com.au,Australia,Analysis/Opinion,2026-07-28T08:36:22.810147Z
796bb24d08cac499b7947c6c9a1502d5,"This Titanium Bezel Grows Its Own Pattern, and Only 1,800 Watches Will Have It",https://the-gadgeteer.com/2026/07/26/citizen-attesa-cc4107-80h-titanium-gps-watch/,Vincent Nguyen,2026-07-26T10:00:54Z,shipping rates,"Most limited edition watches are a color swap and a numbered caseback. You pay the premium for scarcity, not for anything your fingers can actually detect, and the material underneath stays identical to the model sitting next to it in the case. Price: $2,915 …",The Gadgeteer,Unknown,News,2026-07-28T08:36:22.810208Z
e4c0c69cc9ab11f301ec58cfa00f1316,Encore Career Ideas: Choose a Second Act That Fits,https://www.lifehack.org/991493/encore-career-ideas,Leon Ho,2026-07-26T09:00:00Z,shipping rates,"Most encore career ideas lists read like a job board. Here's how to pick a second act after 60 that fits your skills, energy, and who you want to serve.",Lifehack.org,Unknown,News,2026-07-28T08:36:22.810241Z
0009e23c78dfe07e4f39207650d5b43c,India's housing boom cushions tiles industry against West Asia supply disruptions,https://www.thehindubusinessline.com/news/indias-housing-boom-cushions-tiles-industry-against-west-asia-supply-disruptions/article71268726.ece,Jayasri R _12288,2026-07-26T06:01:33Z,shipping rates,"India's housing boom boosts the tiles industry, ensuring growth amid West Asia supply disruptions and rising freight costs.",BusinessLine,India,News,2026-07-28T08:36:22.810293Z
a48a38ff9db68537f840f64240ad719a,"SIA shareholders question board about Air India investment, Metro to shut outlets: Markets this week",https://www.straitstimes.com/business/companies-markets/metro-to-shut-outlets-sti-up-but-wall-street-tumbles-on-ai-spending-fears-markets-this-week,Sue-ann Tan,2026-07-26T04:00:00Z,shipping rates,"Market confidence was shaken by Middle East tensions, and crude oil traded above US$100 a barrel. Read more at straitstimes.com. Read more at straitstimes.com.",The Straits Times,India,Market Report,2026-07-28T08:36:22.810349Z
d957ab221d60b63686274921bab85c73,Trump pauses Iran military strikes as Bitcoin drops 2.3% and oil tops $100,https://cryptobriefing.com/trump-pauses-iran-strikes-bitcoin-drops/,Editorial Team,2026-07-25T22:49:34Z,shipping rates,"Trump suspends US military strikes on Iran after 13 nights of operations. Bitcoin fell 2.3%, crypto lost $80B in market cap, and oil topped $100
The post Trump pauses Iran military strikes as Bitcoin drops 2.3% and oil tops $100 appeared first on Crypto Brief…",Crypto Briefing,Unknown,Market Report,2026-07-28T08:36:22.810415Z
2228b64fda3489cdf0b916a058ade12a,Three Endgames: Scenarios for the Iran War and the Post-American Order,https://i-epikaira.blogspot.com/2026/07/three-endgames-scenarios-for-iran-war.html,noreply@blogger.com (Unknown),2026-07-25T22:20:00Z,shipping rates,"h1, h2, h3 {
 line-height: 33px;
 }
 
 
 
 


 Preamble: The Situation as It Stands

Five months into the conflagration, the strategic landscape admits no comfortable summary. The United States and Israel launched joint strikes against Iran on 28 February 202…",Blogspot.com,USA,News,2026-07-28T08:36:22.810443Z
5fc8debf426416e253883fe90d827705,The Praxian Genocidal Kill Chain — Part 3,https://www.activistpost.com/the-praxian-genocidal-kill-chain-part-3/,Editor,2026-07-25T22:00:00Z,shipping rates,"In Part 1, Iain Davis defined the Praxians, considered their openly stated control of the Trump administration, and examined their extensive partnerships with the Israeli defence technology sector. In Part 2, Davis considered global events through the lens of…",Activistpost.com,Global,News,2026-07-28T08:36:22.810491Z
68befd128058e3dd01b2b2bb4e69e298,US Pauses Iran Bombing Campaign As Saudi-Houthi Red Sea Front Erupts,https://www.shtfplan.com/war/us-pauses-iran-bombing-campaign-as-saudi-houthi-red-sea-front-erupts,Tyler Durden,2026-07-25T17:30:41Z,shipping rates,"Brent crude surged 27% over two weeks to settle at $96.78 a barrel on Friday, briefly breaching $100 this past week as traders priced in a higher war-risk premium into energy markets amid simultaneous chokepoint threats to the Strait of Hormuz and the souther…",Shtfplan.com,Unknown,Market Report,2026-07-28T08:36:22.810535Z
f4cd4613652b152c24b51d2c2b9494fc,UCLA Scientists Turn Plastic Waste Into Pure Hydrogen Fuel,https://oilprice.com/Energy/Energy-General/UCLA-Scientists-Turn-Plastic-Waste-Into-Pure-Hydrogen-Fuel.html,Haley Zaremba,2026-07-25T17:00:00Z,shipping rates,Green hydrogen was supposed to be a silver bullet solution for decarbonizing hard-to-abate sectors like shipping and steelmaking. It was the buzziest technology out there – and then it fizzled out completely. But after years of languishing in labs without rea…,OilPrice.com,Unknown,News,2026-07-28T08:36:22.810584Z
7b8283d3c75b47d17b39226538f70524,Apple Is the King of AI and Nobody Knows It,https://limitededitionjonathan.substack.com/p/apple-is-the-king-of-ai-and-nobody,cyanbane,2026-07-25T16:55:45Z,shipping rates,"Article URL: https://limitededitionjonathan.substack.com/p/apple-is-the-king-of-ai-and-nobody
Comments URL: https://news.ycombinator.com/item?id=49049241
Points: 12
# Comments: 12",Substack.com,Unknown,Analysis/Opinion,2026-07-28T08:36:22.810611Z
087a2045236aa49f25963c78330b5d93,Data Centers — Not Iran — Are Fueling the U.S.’s Coming Energy Crisis,https://247wallst.com/investing/2026/07/25/data-centers-not-iran-are-fueling-the-u-s-s-coming-energy-crisis/,Rich Duprey,2026-07-25T13:44:21Z,shipping rates,"Iran's conflict is spiking oil prices and rattling markets, but a quieter energy threat is already reshaping how Americans pay their utility bills, and Big T...",24/7 Wall St.,USA,Market Report,2026-07-28T08:36:22.810652Z
9d3751a34e3b1845698d8a361ff0641c,MarketBeat Week in Review – 07/20- 07/24,https://www.marketbeat.com/articles/marketbeat-week-in-review-07-20-07-24/?utm_source=yahoofinance&amp;utm_medium=yahoofinance,"Chris Markoch, MarketBeat",2026-07-25T11:00:00Z,shipping rates,"Stocks fell as investors weighed AI CapEx concerns, Oracle's credit downgrade, Netflix and Tesla earnings, and upcoming Fed and Magnificent 7 reports, plus s...",MarketBeat,Unknown,Analysis/Opinion,2026-07-28T08:36:22.810683Z
2246ea1c3f1d9c3c17227327d4994cde,Links 7/25/2026,https://www.nakedcapitalism.com/2026/07/links-7-25-2026.html,Yves Smith,2026-07-25T10:59:24Z,shipping rates,"Our anxious daily links: Trump TACOs for now, oil manipulation weakening? China live fire drills, camels' heat shock. raw milks, US measles spike, ICC prosecutor fired, Black Sea shipping suspended, Europe LNG stress, tarrif howling, AI not increasing product…",Nakedcapitalism.com,China,Market Report,2026-07-28T08:36:22.810702Z
c778ce9971f2bb150efbb33162ef42f0,"AI Style Transfer in 2026: 25 Real-World Use Cases for Business, Marketing, And",https://www.flaex.ai/blog/ai-style-transfer-in-2026-25-real-world-use-cases-for-business-marketing,Flaex Ai,2026-07-25T10:52:41Z,shipping rates,"Explore AI Style Transfer in 2026: 25 Real-World Use Cases for Business, Marketing, and more, with practical workflows, tool comparisons, and key risks.",Flaex.ai,Unknown,Market Report,2026-07-28T08:36:22.810733Z
c143bd4610f28ff01a499a61107cd3e7,Nobody knows what a used GPU cluster is worth,https://ciphertalk.substack.com/p/nobody-knows-what-a-used-gpu-cluster,shearichard,2026-07-25T05:47:01Z,shipping rates,"If xAI defaults on its debt, Apollo Global Management ends up in the GPU rental business.",Substack.com,Global,News,2026-07-28T08:36:22.810761Z
2b8888fc0546e6fb1646e895c115b685,"Staycation inspiration: 15 Irish holiday rentals with wow-factor, from clifftop cottages to private retreats",https://www.irishtimes.com/life-style/travel/2026/07/25/staycation-inspiration-15-irish-holiday-rentals-with-wow-factor-from-clifftop-cottages-to-private-retreats/,Rosanna Cooney,2026-07-25T04:58:00Z,shipping rates,Why holiday abroad when you could venture down the road for something special?,The Irish Times,Unknown,News,2026-07-28T08:36:22.810793Z
af37368ae5020abd1079d93c444009ff,"Staycation inspiration: 15 standout Irish holiday rentals, from clifftop cottages to private retreats",https://www.irishtimes.com/life-style/travel/2026/07/27/staycation-inspiration-15-standout-irish-holiday-rentals-from-clifftop-cottages-to-private-retreats/,Rosanna Cooney,2026-07-25T04:58:00Z,shipping rates,Why holiday abroad when you could venture down the road for something special?,The Irish Times,Unknown,News,2026-07-28T08:36:22.810823Z
d4631d4281094094dfbe4cc05e9edbd9,U.S. Gasoline Prices Climb Back Above $4 Per Gallon Amid Middle East Conflict,https://www.shtfplan.com/economics/u-s-gasoline-prices-climb-back-above-4-per-gallon-amid-middle-east-conflict,Mac Slavo,2026-07-24T22:30:12Z,shipping rates,"The national average price for a gallon of regular gasoline in the United States climbed back above $4 on July 20, 2026, according to American Automobile Association data. The average stood at $4.0030, marking a return to a level that analysts describe as a p…",Shtfplan.com,USA,Market Report,2026-07-28T08:36:22.810892Z
194400877c5bc4038ebd0f264c0625f9,Dollar Little Changed as Oil Prices Fall Back,https://www.barchart.com/story/news/3454155/dollar-little-changed-as-oil-prices-fall-back,Rich Asplund,2026-07-24T19:48:11Z,shipping rates,"The dollar index (DXY00 ) on Friday ended the day little changed. The dollar index was undercut as oil prices fell back by about -3%. Also, the 10-year T-not...",Barchart.com,Unknown,Market Report,2026-07-28T08:36:22.810950Z
a1ae8798a837c7d34f2a851ab78b2e53,SMS Marketing for Ecommerce That Actually Converts,https://www.ecorn.agency/blog/sms-marketing-for-ecommerce,Ecorn Agency,2026-07-24T19:47:45Z,shipping rates,"Practical SMS marketing for ecommerce. Build opt-in lists, automate Shopify flows, write high-converting texts, stay TCPA compliant, and measure ROI.",Ecorn.agency,Unknown,Market Report,2026-07-28T08:36:22.810979Z
6f3382cab33c6b4202d5aec50ebab1f4,Oil Prices Fall Back as Red Sea Oil Shipments Continue,https://www.barchart.com/story/news/3453939/oil-prices-fall-back-as-red-sea-oil-shipments-continue,Rich Asplund,2026-07-24T19:33:09Z,shipping rates,"September WTI crude oil (CLU26 ) on Friday closed down -2.88 (-3.12%), and September RBOB gasoline (RBU26 ) closed down -0.0726 (-2.18%). WTI crude oil price...",Barchart.com,Unknown,Market Report,2026-07-28T08:36:22.811009Z
9ed1cfc9cd1cb90f75a62a3e7dbf7a99,“Quagmire of the vanities”,https://www.lawyersgunsmoneyblog.com/2026/07/quagmire-of-the-vanities,Scott Lemieux,2026-07-24T19:17:44Z,shipping rates,Krugman on how the economic impact of the Peace President’s disastrous war on Iran is even worse than the $100 crude is making it look: Trump’s gratuitous war on Iran has turned into a remarkable quagmire — remarkable because the only thing keeping the war go…,Lawyersgunsmoneyblog.com,Unknown,News,2026-07-28T08:36:22.811056Z
c4965cfcac2a087219555e8f31159571,Trump Wants to Use Frozen Iranian Funds to Cover for Attacks on Ships,http://wwd.com/sourcing-journal/logistics/trump-cargo-ships-frozen-iranian-funds-iran-houthi-attacks-red-sea-strait-hormuz-1239081845/,Glenn Taylor,2026-07-24T17:50:47Z,shipping rates,"War-risk insurance premiums climbed after the latest Houthi attacks, with Kpler saying carriers are ""cautious but selective"" regarding Red Sea passages.",WWD,Unknown,News,2026-07-28T08:36:22.811097Z
f52945871b2a28f5fcc55e317ffb0d3f,Nvidia is challenging 20 years of datacenter CPU design with its new Vera chip,https://www.techspot.com/news/113234-nvidia-challenging-20-years-datacenter-cpu-design-new.html,Ryan Shrout,2026-07-24T17:38:00Z,shipping rates,"Vera is built around the Olympus core, the first custom CPU core Nvidia has ever brought to the datacenter and the first custom core the company has designed anywhere since the Denver and Carmel efforts of the Tegra era nearly a decade ago.Read Entire Article",TechSpot,Unknown,News,2026-07-28T08:36:22.811143Z
60b47902fd8b3fb2d17d07da5e149dac,Fashion Retail Trades Gimmicks for Operational Tech,http://wwd.com/sourcing-journal/industry-news/fashion-retail-trades-gimmicks-for-operational-technology-1239081297/,Arthur Zaczkiewicz,2026-07-24T17:00:00Z,shipping rates,"From AI supply chains to fraud-fighting checkout tools, brands are overhauling their invisible infrastructure to protect margins and boost efficiency.",WWD,Unknown,News,2026-07-28T08:36:22.811187Z
7afd601ddf276700b4b721de4402cd4b,Southern California’s used EV market sizzles as gas prices soar,https://wpdash.medianewsgroup.com/?p=9641606,Pat Maio,2026-07-24T14:33:01Z,shipping rates,Drivers who want to cut out expensive fill-ups are seeing a flood of leased EV vehicles coming available.,Medianewsgroup.com,Unknown,Market Report,2026-07-28T08:36:22.811219Z
b3871ef195569715b7ca36e762a23f65,"Bitcoin declines below $65,000 as Trump threatens Iran after tanker attacks send Oil above $100",https://cryptoslate.com/bitcoin-declines-below-65000-as-trump-threatens-iran-after-tanker-attacks-send-oil-above-100/,Oluwapelumi Adejumo,2026-07-24T14:30:26Z,shipping rates,"Bitcoin fell below $65,000 as surging oil prices and higher Treasury yields triggered a broader retreat from risk assets. Data from CryptoSlate shows the largest cryptocurrency traded near $64,980 as Brent crude remained on track for a weekly gain of almost 1…",CryptoSlate,Unknown,Market Report,2026-07-28T08:36:22.811266Z
5aa8aa18b50d04c393f7d7d719f0a000,Tariff-Driven Frontloading Pays Off as Trump Reinstates Global Import Duties,https://gcaptain.com/tariff-driven-frontloading-pays-off-as-trump-reinstates-global-import-duties/,Mike Schuler,2026-07-24T13:51:57Z,shipping rates,"Months of tariff-driven frontloading appear to have paid off for U.S. importers. As expected, President Donald Trump on Friday reinstated broad-based tariffs on imports from 60 trading partners, replacing the...",gcaptain.com,Global,Market Report,2026-07-28T08:36:22.811303Z
9aaaf9155ddddaba33625e74c692f710,Dow Ticks Up 0.10% Friday as Wall Street Steadies After Sharp Tech-Led Selloff and New Trump Tariffs,https://www.ibtimes.com.au/dow-jones-recovery-tech-selloff-tariffs-1872857,Mike Clair,2026-07-24T13:35:16Z,shipping rates,"The Dow Jones Industrial Average shows a modest recovery after a tech-driven selloff, amid new global tariffs and rising geopolitical tensions affecting investor sentiment.",Ibtimes.com.au,Global,News,2026-07-28T08:36:22.811347Z
3eec0ac12abe52209850c99809fc6139,"Escalating US-Iran war, DRC dialogue, and aid worker kidnappings: The Cheat Sheet",https://www.thenewhumanitarian.org/news/2026/07/24/escalating-us-iran-war-drc-dialogue-aid-worker-kidnappings-cheat-sheet,sofia,2026-07-24T12:33:28Z,shipping rates,"Escalating US-Iran war, DRC dialogue, and aid worker kidnappings: The Cheat Sheet

sofia

Fri, 07/24/2026 - 13:33",The New Humanitarian,Unknown,News,2026-07-28T08:36:22.811381Z
7f2149829e74000ad853f792b4ee08f1,Programming Languages Are Authoring Tools for Platforms,https://www.makonea.com/en-US/blog/programming-languages-are-authoring-tools-for-platforms,MAKONEA,2026-07-24T12:21:32Z,shipping rates,That's what I think.,Makonea.com,Unknown,News,2026-07-28T08:36:22.811405Z
7830da0e3be9b4d7edb8cf2542a47db7,Oil at $100 is pushing up costs from gas pumps to grocery aisles,https://fortune.com/2026/07/24/oil-100-barrel-consumer-prices-iran-war/,"Cathy Bussewitz, Mae Anderson, Anne D'Innocenzio, The Associated Press",2026-07-24T12:18:30Z,shipping rates,"“Since everything relies on petroleum in our economy, for good or ill, if the cost of petroleum goes up, then everything else goes up as well.""",Fortune,Unknown,News,2026-07-28T08:36:22.811442Z
abe14d2b21a96c5e5c40e59e095157f1,Peg Perego John Deere Gator XUV 12-Volt Ride-On for $172 + free shipping,https://www.dealnews.com/Peg-Perego-John-Deere-Gator-XUV-12-Volt-Ride-On-for-172-free-shipping/21926033.html,,2026-07-24T11:53:43Z,shipping rates,"At Walmart, get this Peg Perego John Deere Gator XUV 12-Volt Ride-On for $172. It's the best price we could find by $323. It includes a working dump bed with an opening tailgate, adjustable seats with seat belts, and a second-speed lockout feature for beginne…",Dealnews.com,Unknown,News,2026-07-28T08:36:22.811494Z
2334fd0aff64e9f6bf55fd9ad8cdd289,‘Big Short’ legend Michael Burry says markets are acting like in the last months of 1999-2000. Prepare for the crash now,https://finance.yahoo.com/markets/stocks/articles/big-short-legend-michael-burry-104500719.html,Laura Grande,2026-07-24T10:45:00Z,shipping rates,"When it comes to doomsaying, Burry plays the long game.",Yahoo Entertainment,Unknown,Market Report,2026-07-28T08:36:22.811525Z
e4ef62d075cb082f0edf55683c2dba33,Historic Aviation Sale & Clearance Deals: Up to 50% off + shipping varies,https://www.dealnews.com/Historic-Aviation-Sale-Clearance-Deals-Up-to-50-off-shipping-varies/21926003.html,,2026-07-24T10:37:02Z,shipping rates,"Historic Aviation's Sale & Clearance section brings together discounted items from brands like Hobby Master, King and Country, and Italeri. Save on models, figures, signs, flags, and more. Shipping rates vary. Shop Now at Historic Aviation",Dealnews.com,Unknown,Market Report,2026-07-28T08:36:22.811564Z
caa269dee52e697fbbac0797ec229e04,NASCAR Deals at Fanatics: Up to 50% off + shipping varies,https://www.dealnews.com/NASCAR-Deals-at-Fanatics-Up-to-50-off-shipping-varies/21925997.html,,2026-07-24T10:29:09Z,shipping rates,"Fanatics is offering discounts across its NASCAR merchandise, including apparel, jerseys, and accessories for a range of teams and drivers. You can save 25% off T-shirts with promo code ""25TEES"". Shipping rates vary. Shop Now at Fanatics",Dealnews.com,Unknown,Market Report,2026-07-28T08:36:22.811603Z
2c8dd20e568c325de6eb63e5819b1bd9,"If Retailers Thought U.S. Trade Tarrifs Were Over, Think Again",https://www.forbes.com/sites/markfaithfull/2026/07/24/if-retailers-thought-us-trade-tarrifs-were-over-think-again/,"Mark Faithfull, Contributor, 
 Mark Faithfull, Contributor
 https://www.forbes.com/sites/markfaithfull/",2026-07-24T10:10:04Z,shipping rates,Retailers have woken up to yet another tariff nightmare as a fresh round of trade barriers have this time been blamed on labor practices by the Trump administration.,Forbes,Unknown,News,2026-07-28T08:36:22.811640Z
cf6c593566d2e03b710cffb346250c55,Global market: Euro zone bond yields ease after multi-year highs as oil retreats below $100,https://economictimes.indiatimes.com/markets/us-stocks/news/global-market-euro-zone-bond-yields-ease-after-multi-year-highs-as-oil-retreats-below-100/articleshow/132601832.cms,Anupam Nagar,2026-07-24T09:47:25Z,shipping rates,Euro zone government bond yields decreased slightly on Friday. This followed a pullback in oil prices and ongoing inflation concerns. Investors are assessing the outlook for interest rates after recent market movements. The European Central Bank kept rates un…,The Times of India,Global,Analysis/Opinion,2026-07-28T08:36:22.811684Z
bea982162e8fd46518f14fbc633e396b,She Bought a Business. It Almost Killed Her.,https://prospect.org/2026/07/24/she-bought-a-business-home-franchise-concepts-kitchen-bath-tune-up-franchise/,David Dayen,2026-07-24T09:30:00Z,shipping rates,"Franchisees with Kitchen and Bath Tune-Up say they are going broke due to hidden fees and charges. When they try to exit, even bigger fees pop up.
The post She Bought a Business. It Almost Killed Her. appeared first on The American Prospect.",The American Prospect,USA,News,2026-07-28T08:36:22.811707Z
f26e63afabe925b84c6a3585ee33d91d,Iran War: Trump Threatens More Intense Attacks as Advisors Push for Humanitarian Crisis by Hitting Food and Water Stores; Oil Rises to Over $100 a Barrel; Iran Warns UK; Trump Retrades Saudi Nuclear Deal with Abrams Accord Requirement,https://www.nakedcapitalism.com/2026/07/iran-war-trump-threatens-more-intense-attacks-as-advisors-push-for-humanitarian-crisis-by-hitting-food-and-water-stores-oil-rises-to-over-100-a-barrel-iran-warns-uk-trump-retrades-saudi-nuclear-d.html,Yves Smith,2026-07-24T09:16:32Z,shipping rates,"Today's Iran war news: Trump may have aged out of his TACO habits and is readying new, potentially global-economy-wrecking, attacks on Iran.",Nakedcapitalism.com,Global,News,2026-07-28T08:36:22.811755Z
5f12d1c9b7b35dbbbecb8a88a36896be,Nikkei Falls 2.7% as AI Spending and Oil Revive Inflation Fears,https://newsonjapan.com/article/150103.php,News On Japan,2026-07-24T09:09:55Z,shipping rates,"Tokyo stocks fell sharply on July 24, with the Nikkei 225 closing at 64,611.15, down 2.73%, as renewed concern over the cost of artificial intelligence investment triggered another technology selloff while oil above $100 a barrel and a yen near 40-year lows i…",Newsonjapan.com,Japan,News,2026-07-28T08:36:22.811791Z
b5efbdc4ab715911de21037494f91364,"Global Market: Stagflation fears return as Gulf conflict, higher energy prices cloud global outlook",https://economictimes.indiatimes.com/markets/us-stocks/wall-street-guide/global-market-stagflation-fears-return-as-gulf-conflict-higher-energy-prices-cloud-global-outlook/articleshow/132600855.cms,Anupam Nagar,2026-07-24T08:59:56Z,shipping rates,"Renewed conflict in the Gulf has revived stagflation fears as oil prices near $100 a barrel, inflation risks resurface and markets price in further interest rate hikes amid escalating geopolitical and trade tensions.",The Times of India,Global,Analysis/Opinion,2026-07-28T08:36:22.811824Z
e7a6f4aa8033a5ad3577ad7187f550dd,Take 5 - a $100 oil prices question,https://www.rte.ie/news/business/2026/0724/1584906-take-5-a-100-oil-prices-question/,RTÉ News,2026-07-24T08:21:24Z,shipping rates,"It is all about central banks next week and interest rate-setters as distant as Tokyo, Washington and London will only grow more nervous as war escalation in the Middle East puts oil prices back to $100.",RTE,Japan,Market Report,2026-07-28T08:36:22.811848Z
0eb7018875af7c477d50ffae9e2f1548,A $100 question and all you need to know about markets for next week,https://economictimes.indiatimes.com/news/international/world-news/a-100-question-and-all-you-need-to-know-about-markets-for-next-week/articleshow/132599936.cms,Reuters,2026-07-24T08:07:51Z,shipping rates,"Global markets face a pivotal week as the Federal Reserve, Bank of Japan and Bank of England meet against the backdrop of the Middle East conflict, oil prices above $100 and fresh US tariffs. Investors will also track Big Tech earnings, inflation data and cen…",The Times of India,Japan,Market Report,2026-07-28T08:36:22.811878Z
9e7e66cfd4f1d3ab6533cc01150cb74e,Stagflation talk returns to rattle markets as oil rebounds to $100,https://finance.yahoo.com/economy/articles/stagflation-talk-returns-rattle-markets-080105374.html,"By Alun John, Dhara Ranasinghe and Sophie  Kiderlin",2026-07-24T08:02:53Z,shipping rates,"By Alun John, Dhara Ranasinghe and Sophie Kiderlin LONDON, July 24 (Reuters) - Renewed hostilities in the Gulf have revived stagflation talk, dimming hopes t...",Yahoo Entertainment,UK,Market Report,2026-07-28T08:36:22.811909Z
141ca02776ef8001a7cfc516fb6b3cb1,8 Commodore Callback 8020 Alternatives Worth Buying in 2026,https://the-gadgeteer.com/2026/07/24/commodore-callback-8020-alternatives/,Rei Padla,2026-07-24T08:00:32Z,shipping rates,"You don’t need to have won a Commodore preorder to start putting your phone down. That itch to unplug was never really about one specific gadget. It’s about wanting your attention back, and there’s more than one way into that. The Commodore Callback 8020 beca…",The Gadgeteer,Unknown,News,2026-07-28T08:36:22.811957Z
0999f39f4b6cbc9615ffcae7c45de175,Show HN: Jharu – Open-Source AI and Dev Junk Cleaner for Mac and PC,https://github.com/riponcm/Jharu,riponcm,2026-07-24T07:23:04Z,shipping rates,"Free open source disk cleaner for developers. Clean Hugging Face, Ollama, npm, pip, conda, Docker caches, app leftovers, and junk files on macOS and Windows. Built with Tauri. - riponcm/Jharu",Github.com,Unknown,News,2026-07-28T08:36:22.811998Z
be6741a3c3bb84b3bef45ff9f9d001f4,"Japan inflation accelerates on higher oil price, weak yen",https://www.rte.ie/news/business/2026/0724/1584891-japan-inflation-figures/,RTÉ News,2026-07-24T07:08:51Z,shipping rates,"Core inflation accelerated in Japan in June, official data showed today as the Middle East war and a weak yen pushed up prices for consumers in the world's fourth-biggest economy.",RTE,Japan,Market Report,2026-07-28T08:36:22.812019Z
8245a04555583fd532beb6b7e071e876,India's chip plants face harder test: finding repeat customers.,https://www.digitimes.com/news/a20260724VL212/india-ic-manufacturing-fab-automotive-electronics-demand.html,DIGITIMES,2026-07-24T06:16:42Z,shipping rates,"India's first major semiconductor customers are likely to come through existing global supply chains rather than domestic electronics brands immediately replacing imported components, according to analysts.",Digitimes,India,News,2026-07-28T08:36:22.812040Z
0d856855271a59810912e26e6fe29f82,"Shipping Firms Offer ‘Massive Bonuses’ for Strait of Hormuz Crossings, Report Says",https://www.naturalnews.com/2026-07-24-shipping-firms-offer-bonuses-for-hormuz-crossings.html,Garrison Vance,2026-07-24T06:00:00Z,shipping rates,"South Korean shipping operator Sinokor Group has offered crews six months of extra salary for a return voyage through the Strait of Hormuz, according to a document seen by Bloomberg and cited in a July 20 report. The offer follows a wave of attacks that have …",Naturalnews.com,South Korea,Market Report,2026-07-28T08:36:22.812074Z
c1503bb3f72f1d85b13bcffb1893cc37,U.S. Gasoline Prices Climb Back Above $4 Per Gallon Amid Middle East Conflict,https://www.naturalnews.com/2026-07-24-us-gasoline-cost-climb-middle-east-conflict.html,Sterling Ashworth,2026-07-24T06:00:00Z,shipping rates,"The national average price for a gallon of regular gasoline in the United States climbed back above $4 on July 20, 2026, according to American Automobile Association data. The average stood at $4.0030, marking a return to a level that analysts describe as a p…",Naturalnews.com,USA,Market Report,2026-07-28T08:36:22.812098Z
1a3666748dfe0949e3ab9c80241cbbe6,"Salmas and Samaras, PASOK gets tangled up again (after a long break), the anniversary, how a historic commemoration is being cheapened, defense procurement & housing",https://en.protothema.gr/2026/07/24/salmas-and-samaras-pasok-gets-tangled-up-again-after-a-long-break-the-anniversary-how-a-historic-commemoration-is-being-cheapened-defense-procurement-housing/,Newsroom,2026-07-24T04:32:00Z,shipping rates,"Central bankers fall silent when oil speaks & a new billionaire every day
The post Salmas and Samaras, PASOK gets tangled up again (after a long break), the anniversary, how a historic commemoration is being cheapened, defense procurement & housing appeared f…",Protothema.gr,Unknown,News,2026-07-28T08:36:22.812178Z
bd2d60290ffa74e6dea22b2695aea1c5,Build-It-Yourself House: The Affordable A-Frame Cabin Kit,https://silodrome.com/a-frame-cabin-kit/,Ben Branch,2026-07-24T04:30:53Z,shipping rates,"This is the A-Frame Cabin Kit from The Barn Yard, it’s offered in both kit-build and turnkey variants, with the kit version coming in...
The post Build-It-Yourself House: The Affordable A-Frame Cabin Kit appeared first on Silodrome.",Silodrome.com,Unknown,News,2026-07-28T08:36:22.812225Z
4994ca24f37c0c5f404081c3b6bdbfca,"Why is market falling today? Sensex drops over 700 points, Nifty below 23,700. 7 key factors behind D-Street selloff",https://economictimes.indiatimes.com/markets/stocks/news/why-is-market-falling-today-sensex-drops-over-700-points-nifty-below-23700-7-key-factors-behind-d-street-selloff/articleshow/132595743.cms,Debaroti Adhikary,2026-07-24T04:12:32Z,shipping rates,"Indian stock markets experienced sharp losses for a fifth straight session on Friday.  Sensex and Nifty indices saw significant drops, reflecting investor concerns.  Oil prices exceeding $100 per barrel and FII selling fueled the downturn.  Broader markets an…",The Times of India,India,Market Report,2026-07-28T08:36:22.812249Z
b88432e5cd8a1305eb0107ec5c296836,Stocks suffer fresh blow as markets hit by perfect storm,https://www.digitaljournal.com/article/stocks-suffer-fresh-blow-as-markets-hit-by-perfect-storm/,AFP,2026-07-24T03:03:00Z,shipping rates,"The latest blows came Thursday as Google-parent Alphabet and Tesla came under scrutiny for massive capital spending drives.
The post Stocks suffer fresh blow as markets hit by perfect storm appeared first on Digital Journal.",Digital Journal,Unknown,Market Report,2026-07-28T08:36:22.812282Z
c1fdd16d0175f96649d9ace4b06f7a20,Dollar rides yield surge as Middle East and trade wars raise inflation stakes,https://economictimes.indiatimes.com/markets/forex/forex-news/dollar-rides-yield-surge-as-middle-east-and-trade-wars-raise-inflation-stakes/articleshow/132594425.cms,Reuters,2026-07-24T01:33:23Z,shipping rates,"The dollar strengthened against major currencies on Friday.  Rising oil prices and new trade tariffs fueled inflation concerns globally.  U.S. Treasury yields climbed significantly, reaching multi-month highs.  The yen remained near a 40-year low against the …",The Times of India,Global,Market Report,2026-07-28T08:36:22.812330Z
2eb843d0b13f6feeeadaa8145596fe1e,Standard Chartered: Oil Markets Must Now Price Two Middle East Chokepoints,https://finance.yahoo.com/energy/articles/standard-chartered-oil-markets-must-230000860.html,Alex Kimani,2026-07-26T23:00:00Z,freight rates,"Oil prices retreated on hopes of renewed U.S.-Iran nuclear talks, but analysts warn the pullback could be short-lived as geopolitical risks now extend beyond...",Yahoo Entertainment,Unknown,Market Report,2026-07-28T08:36:23.198480Z
4420384230c79b9bb6dd447d099a27b0,Standard Chartered: Oil Markets Must Now Price Two Middle East Chokepoints,https://oilprice.com/Energy/Crude-Oil/Standard-Chartered-Oil-Markets-Must-Now-Price-Two-Middle-East-Chokepoints.html,Alex Kimani,2026-07-26T23:00:00Z,freight rates,Oil prices gave up earlier gains on Friday after reports that Pakistan is trying to broker a return to U.S.-Iran nuclear negotiations. China is strongly backing the effort as the conflict and the closure of the Strait of Hormuz continue to threaten its energy…,OilPrice.com,China,Market Report,2026-07-28T08:36:23.198497Z
60b14539a99001926af20eef3e803f55,TechCrunch Mobility: Uber bets on its former CEO | TechCrunch,https://techcrunch.com/2026/07/26/techcrunch-mobility-uber-bets-on-its-former-ceo/,Kirsten Korosec,2026-07-26T16:04:02Z,freight rates,"Welcome back to TechCrunch Mobility, your hub for the future of transportation and now, more than ever, the role AI is playing in it.",TechCrunch,Unknown,News,2026-07-28T08:36:23.198530Z
23ff7d7bb6e0865de9c3922cb6b04f33,"4 Big Tech earnings reports, a Fed meeting, and $100 oil: It's the busiest week of the quarter",https://finance.yahoo.com/markets/article/4-big-tech-earnings-reports-a-fed-meeting-and-100-oil-its-the-busiest-week-of-the-quarter-100000261.html,Jake Conley,2026-07-26T10:00:00Z,freight rates,"Investors step into the busiest week of the quarter with hyperscaler earnings, the June Fed meeting, and escalations in the Middle East all in focus.",Yahoo Entertainment,Unknown,Market Report,2026-07-28T08:36:23.198565Z
1a54e904e336d427c6c0af1b82098617,Oil back at $100: Time to worry?,https://www.rt.com/business/643428-oil-spike-prospects-analysis/,RT,2026-07-25T13:02:17Z,freight rates,The renewed surge in oil prices toward $100 amid this week’s Middle East escalation paints a worrying picture as global inventories shrink Read Full Article at RT.com,RT,Global,Market Report,2026-07-28T08:36:23.198665Z
cdae54ed380badad1598da47d3356d2a,Shippers face tighter capacity as trucking rates hold near record highs,https://biztoc.com/x/7051638e294c4dd2,finance.yahoo.com,2026-07-25T12:48:52Z,freight rates,"Truck capacity is shrinking just as shippers most need room to grow. ACT Research's June For-Hire Trucking Index shows freight rates holding near record territory while capacity keeps tightening, as Class 8 tractor sales continue running below replacement lev…",Biztoc.com,Unknown,Market Report,2026-07-28T08:36:23.198710Z
48084bc1d1e0095bd4b89404163e7ecf,Shippers face tighter capacity as trucking rates hold near record highs,https://finance.yahoo.com/economy/articles/shippers-face-tighter-capacity-trucking-123000391.html,Thomas Wasson,2026-07-25T12:30:00Z,freight rates,"Shippers are running out of room to maneuver as trucking capacity tightens, freight rates hold near record levels, and new driver rules choke off supply. The...",Yahoo Entertainment,Unknown,Market Report,2026-07-28T08:36:23.198743Z
0666575371eb63e22397fb00294800f7,Will the King of the North's HS2 plan hit the buffers? Andy Burnham wants to resurrect Manchester link with slower trains despite £60billion cost as critics blast 'fantasy scheme',https://www.dailymail.com/news/article-16002761/Andy-Burnham-HS2-northern-leg-plans.html,Mark Duell,2026-07-25T10:21:06Z,freight rates,"The high-speed HS2 rail network is being built between London and Birmingham, after the onward leg to Manchester was axed by then-prime minister Rishi Sunak in 2023.",Dailymail.com,UK,News,2026-07-28T08:36:23.198792Z
1b18496e36eeb8fd0c17e81af48de8e5,Small truckers face survival crisis even as they move 70% of India’s freight,https://www.thehindubusinessline.com/economy/small-truckers-face-survival-crisis-even-as-they-move-70-of-indias-freight/article71263969.ece,Amit Vijay  Mohile,2026-07-25T08:28:59Z,freight rates,"Small truck operators who move 70% of the country’s freight, are struggling to stay afloat as rising costs, weak pricing power, driver shortages and increasing compliance burdens squeeze margins",BusinessLine,India,News,2026-07-28T08:36:23.198855Z
5c689b65dfdc88ef123ba1cb8b87bf8f,Marten Transport’s Q2: Reefer market on the rise,https://biztoc.com/x/313e66bb746921f4,finance.yahoo.com,2026-07-24T15:29:21Z,freight rates,Refrigerated carrier Marten Transport noted a significant firming in truckload fundamentals when it reported second-quarter results Thursday after the market closed. A much tighter capacity backdrop is allowing the company to improve its freight selection and…,Biztoc.com,Unknown,Market Report,2026-07-28T08:36:23.198900Z
fa79f8d453367f7e47ec42a8a310e599,Marten Transport’s Q2: Reefer market on the rise,https://finance.yahoo.com/markets/stocks/articles/marten-transport-q2-reefer-market-150540188.html,Todd Maiden,2026-07-24T15:05:40Z,freight rates,Refrigerated carrier Marten Transport said a significantly tighter capacity environment is allowing it to improve freight selection and push rates higher. Th...,Yahoo Entertainment,Unknown,Market Report,2026-07-28T08:36:23.198932Z
e4fbf09fedc1877c6eff0df07167f893,Russia Cuts Key Rate to 14% as Drone Strikes Batter Economy,https://financialpost.com/pmn/business-pmn/russia-cuts-key-rate-to-14-as-drone-strikes-batter-economy,Bloomberg News,2026-07-24T11:06:52Z,freight rates,"Russia’s central bank extended its yearlong monetary easing cycle, delivering a token reduction in borrowing costs and providing a small measure of relief to businesses facing their bleakest conditions since the war on Ukraine began.",Financial Post,Russia,News,2026-07-28T08:36:23.199133Z
eb577a972aa38a37dbbd0c53c5c79dc8,West Virginia paid digital nomads to move there during COVID. Many are staying,https://www.npr.org/2026/07/24/nx-s1-5869402/remote-work-west-virginia-cash-incentive,Scott Neuman,2026-07-24T09:00:00Z,freight rates,Ascend West Virginia is one of dozens of relocation initiatives across the country offering cash and other incentives to move to states needing an economic boost. Here's how they're working out.,NPR,Unknown,News,2026-07-28T08:36:23.199185Z
8e5b22f0fcff35095fa0573a1ae009c9,Luxphy Debuts Performance-Based Profit Recovery Service for Mid-Market Ecommerce Following $1.2M Pilot,https://www.globenewswire.com/news-release/2026/07/24/3332717/0/en/Luxphy-Debuts-Performance-Based-Profit-Recovery-Service-for-Mid-Market-Ecommerce-Following-1-2M-Pilot.html,Luxphy,2026-07-24T08:19:00Z,freight rates,Luxphy launches a performance-based supply chain profit recovery service to help ecommerce and direct-to-consumer brands optimize back-end operational cost,GlobeNewswire,Unknown,Market Report,2026-07-28T08:36:23.199219Z
47b43a3feb281d969717f66cbb3d6ff5,"Mukesh Ambani’s long game: How Reliance could turn a 3-year spending spree into Rs 90,000 crore of free cash flow",https://economictimes.indiatimes.com/markets/stocks/news/mukesh-ambanis-long-game-how-reliance-could-turn-a-3-year-spending-spree-into-rs-90000-crore-of-free-cash-flow/articleshow/132597133.cms,Nikhil Agarwal,2026-07-24T05:29:02Z,freight rates,"Reliance Industries could generate nearly Rs 90,000 crore in cumulative free cash flow over FY26-FY28 as its heavy investment cycle eases, brokerages say. Stronger earnings from energy and Jio, coupled with moderating capex, may reduce leverage and mark the b…",The Times of India,Unknown,News,2026-07-28T08:36:23.199299Z
8fad2775f24069d4c43ed968ed404c0b,Newmont Q2 Earnings Call Highlights,https://www.marketbeat.com/instant-alerts/newmont-q2-earnings-call-highlights-2026-07-23/?utm_source=yahoofinance&amp;utm_medium=yahoofinance,MarketBeat,2026-07-24T00:05:20Z,freight rates,"Newmont (NYSE:NEM) said it remains on track to meet its full-year 2026 guidance after reporting a stronger-than-expected second quarter, supported by stable...",MarketBeat,Unknown,Market Report,2026-07-28T08:36:23.199392Z
935f3373cf27a2ff146269a0131e6764,"Gas, groceries and back-to-school items inflated as shoppers now see higher oil prices surface",https://nypost.com/2026/07/23/business/gas-groceries-and-back-to-school-items-inflated-as-shoppers-now-see-higher-oil-prices-surface/,Associated Press,2026-07-23T21:26:05Z,freight rates,"With oil prices surging past $100 a barrel, Americans are facing higher costs for groceries and gas, which hit a national average of $4.09.",New York Post,USA,Market Report,2026-07-28T08:36:23.199410Z
33b02e1a6ce82276b2d56cc5e57c27ae,Boston Beer Reports Second Quarter Financial Results,https://www.globenewswire.com/news-release/2026/07/23/3332581/0/en/Boston-Beer-Reports-Second-Quarter-Financial-Results.html,Boston Beer Company,2026-07-23T20:15:00Z,freight rates,"BOSTON, July 23, 2026 (GLOBE NEWSWIRE) -- The Boston Beer Company, Inc. (NYSE: SAM), today reported financial results for the second quarter ended June 27, 2026. Key results were:",GlobeNewswire,Unknown,Market Report,2026-07-28T08:36:23.199461Z
34f27ca0fb46369c2a25ab22e9321160,"BasicBlock acquires TrueNorth, expands beyond finance",https://finance.yahoo.com/technology/articles/basicblock-acquires-truenorth-expands-beyond-191726356.html,Caleb Revill,2026-07-23T19:17:26Z,freight rates,"BasicBlock has acquired TrueNorth in a move signaling a significant expansion of services for independent carriers. The post BasicBlock acquires TrueNorth, e...",Yahoo Entertainment,Unknown,News,2026-07-28T08:36:23.199498Z
abd0b1e3322611b17cd62ab45a7b1ca6,Interest rates don't just hit households. Small business is feeling the pinch,https://www.abc.net.au/news/2026-07-24/small-business-credit-economic-pressures-mount/106938926,Alison Branley,2026-07-23T18:58:46Z,freight rates,"Small-to-medium sized businesses have had a challenging year, with increased costs and regulatory reforms. Insolvency rates are beginning to rise and more owners are shopping around for credit.",ABC News (AU),Unknown,Market Report,2026-07-28T08:36:23.199559Z
28df421240328a6277fecc7f0d2f9b16,"Shoppers may see higher oil prices surface through groceries, back-to-school items",https://abcnews.com/Business/wireStory/gas-groceries-back-school-items-shoppers-higher-oil-135027906,"CATHY BUSSEWITZ, MAE ANDERSON AND ANNE D'INNOCENZIO AP business writers",2026-07-23T18:34:33Z,freight rates,Consumers already feeling pinched since the Iran war started may feel more pain after oil prices pushed past $100 a barrel,Abcnews.com,Unknown,Market Report,2026-07-28T08:36:23.199589Z
256009872ebe5a8630b67db8c725f820,Tesla Says Optimus Is the First Robot That Learns by Watching,https://www.pymnts.com/earnings/2026/tesla-says-optimus-is-the-first-robot-that-learns-by-watching/,PYMNTS,2026-07-23T17:27:05Z,freight rates,"Optimus moved into production this quarter at Tesla’s Fremont, California, factory, where the humanoid robot learns from what it sees instead of code written to instruct it. “You’ve probably seen lots of impressive demonstrations of robots on the internet,” C…",pymnts.com,Unknown,News,2026-07-28T08:36:23.199637Z
b70c3e298a05965a11d0a58319f7b8ed,“It Ain’t That Bad That I Got to Pay Somebody to Come Here.” Why a Man Who Runs 65 Owner-Operators Says Sign-On Bonuses Repel the Drivers You Actually Want.,https://finance.yahoo.com/small-business/articles/ain-t-bad-got-pay-154202571.html,Adam Wingfield,2026-07-23T15:42:02Z,freight rates,Sixty-five owner-operators is not the same thing as sixty-five trucks. That distinction sits underneath everything Christian Martinez does. As director of op...,Yahoo Entertainment,Unknown,News,2026-07-28T08:36:23.199685Z
7a828c8a5a278bfe64e73043f9909cfc,Container Spot Rates Fall as Capacity Growth Pressures Freight Rates,https://gcaptain.com/container-spot-rates-fall-as-capacity-growth-pressures-freight-rates/,Mike Schuler,2026-07-23T15:31:22Z,freight rates,"Spot container freight rates continued to ease this week as additional vessel capacity and softer demand weighed on the world’s major east-west trade lanes, according to the latest Drewry World...",gcaptain.com,Unknown,Market Report,2026-07-28T08:36:23.199724Z
c5d2d9c09dd52df6177e55d3ce42d981,Union Pacific picks up Canadian National's support for its plan to acquire Norfolk Southern railroad,https://abcnews.com/Business/wireStory/union-pacific-picks-canadian-nationals-support-plan-acquire-135018207,JOSH FUNK AP transportation writer,2026-07-23T14:25:18Z,freight rates,Union Pacific struck a deal with Canadian National to secure that rival’s support for its proposed $85 billion acquisition of Norfolk Southern railroad,Abcnews.com,USA,News,2026-07-28T08:36:23.199751Z
5e610e5a900a275d67a64402d9e282d9,Weak housing market hurts big and bulky last-mile delivery,https://finance.yahoo.com/real-estate/articles/weak-housing-market-hurts-big-142429854.html,Eric Kulisch,2026-07-23T14:24:29Z,freight rates,Last-mile delivery of big items is slowing down as fewer houses change hands in a difficult real estate market. Carriers are trying to beat competitors in a...,Yahoo Entertainment,Unknown,Market Report,2026-07-28T08:36:23.199781Z
114a2ee214f50a7625dbd56490ef9bf6,"Top Business & Market Headlines Today — BL Morning Report, July 23, 2026",https://www.thehindubusinessline.com/multimedia/audio/top-business-market-headlines-today-bl-morning-report-july-23-2026/article71254690.ece,Siddharth Mathew Cherian,2026-07-23T12:52:46Z,freight rates,"BL Morning Report, July 23, 2026: Get today’s top business news, market headlines about the Stock Market, Sensex & Nifty trends, key market insights, economic highlights, and the latest updates from India and global markets.",BusinessLine,India,Analysis/Opinion,2026-07-28T08:36:23.199802Z
d8ea36026d9297e3bceb75eab7dd144d,Norfolk Southern reports second quarter 2026 results,https://www.prnewswire.com/news-releases/norfolk-southern-reports-second-quarter-2026-results-302832893.html,,2026-07-23T12:15:00Z,freight rates,"Railroad achieves record quarterly revenues ATLANTA, July 23, 2026 /PRNewswire/ -- Norfolk Southern Corporation (NYSE: NSC) announced Thursday its second quarter 2026 financial results. For the quarter, revenue was $3.5 billion, income from railway operations…",PRNewswire,USA,Market Report,2026-07-28T08:36:23.199829Z
efb017df1974bc9a8ca734066dea5bd3,Saudi Aramco negotiates rerouting crude oil around Africa as Houthi attacks escalate,https://cryptobriefing.com/saudi-aramco-reroute-crude-oil-africa-houthi/,Editorial Team,2026-07-23T11:18:01Z,freight rates,"Saudi Aramco negotiates rerouting oil around Africa after Houthi attacks push Brent crude past $98. What investors need to know about Red Sea
The post Saudi Aramco negotiates rerouting crude oil around Africa as Houthi attacks escalate appeared first on Crypt…",Crypto Briefing,Unknown,News,2026-07-28T08:36:23.199883Z
f864ee97fd229a41a59113cec7b85f6c,Oil Rockets Towards $100,https://www.rigzone.com/news/oil_rockets_towards_100-23-jul-2026-184196-article/,Andreas Exarheas,2026-07-23T11:05:20Z,freight rates,"Oil is rocketing towards $100 per barrel, adding more than $14 per barrel in just a week.",Rigzone,Unknown,News,2026-07-28T08:36:23.199910Z
308d0885769c982ba6f5c00cee9d4d65,The Vita Coco Company Reports Second Quarter 2026 Financial Results and Raises Full Year Guidance,https://www.globenewswire.com/news-release/2026/07/23/3331990/0/en/The-Vita-Coco-Company-Reports-Second-Quarter-2026-Financial-Results-and-Raises-Full-Year-Guidance.html,The Vita Coco Company,2026-07-23T11:00:00Z,freight rates,"Net Sales were $216 million, an increase of 28%, driven by Vita Coco Coconut Water growth of 21%  Net Income Increased $27 million to $49 million and...",GlobeNewswire,Unknown,Market Report,2026-07-28T08:36:23.199947Z
9f1e648454d078c512963d02ccbc275a,PENSKE AUTOMOTIVE GROUP ANNOUNCES 23RD QUARTERLY DIVIDEND INCREASE,https://www.prnewswire.com/news-releases/penske-automotive-group-announces-23rd-quarterly-dividend-increase-302832827.html,,2026-07-23T10:58:00Z,freight rates,"BLOOMFIELD HILLS, Mich., July 23, 2026 /PRNewswire/ -- Penske Automotive Group, Inc. (NYSE: PAG), a diversified international transportation services company and one of the world's premier automotive and commercial truck retailers, today announced that its Bo…",PRNewswire,Global,News,2026-07-28T08:36:23.199995Z
bc6a86060b6093747ac8eab507e40236,Dover Reports Second Quarter 2026 Results,https://www.prnewswire.com/news-releases/dover-reports-second-quarter-2026-results-302832859.html,,2026-07-23T10:55:00Z,freight rates,"DOWNERS GROVE, Ill., July 23, 2026 /PRNewswire/ -- Dover (NYSE: DOV), a diversified global manufacturer, announced its financial results for the second quarter ended June 30, 2026. All comparisons are to the comparable period of the prior fiscal year, unless …",PRNewswire,Global,Market Report,2026-07-28T08:36:23.200042Z
94bd1f595d9dea3d94cdacfe2cf1df7d,Trump signals potential restart of Yemen bombing as Houthi threats resurface,https://cryptobriefing.com/trump-yemen-bombing-restart-houthi-red-sea/,Editorial Team,2026-07-23T10:36:32Z,freight rates,"Trump signals a potential restart of U.S. airstrikes in Yemen. Here's what renewed Red Sea tensions mean for oil markets and crypto investors.
The post Trump signals potential restart of Yemen bombing as Houthi threats resurface appeared first on Crypto Brief…",Crypto Briefing,Unknown,Market Report,2026-07-28T08:36:23.200124Z
6fd0e30c8fa2891dd624b8c7598b40d1,"Knight-Swift notes improving rates, unique cycle",https://www.truckingdive.com/news/knight-swift-notes-improving-rates-unique-cycle/825980/,David Taube,2026-07-23T10:08:00Z,freight rates,"“I don't think this cycle is anything that I can really compare to over the past,” CEO Adam Miller said on an earnings call.",Truckingdive.com,Unknown,Market Report,2026-07-28T08:36:23.200155Z
8c9b0735d94dbb3064b4d4be88e524fe,FirstCash Reports Record Second Quarter Operating Results; Pawn Demand Drives 58% Increase in GAAP EPS and 40% Increase in Adjusted EPS; Declares Quarterly Cash Dividend and Authorizes New $150 Million Share Repurchase Plan,https://www.globenewswire.com/news-release/2026/07/23/3331947/0/en/FirstCash-Reports-Record-Second-Quarter-Operating-Results-Pawn-Demand-Drives-58-Increase-in-GAAP-EPS-and-40-Increase-in-Adjusted-EPS-Declares-Quarterly-Cash-Dividend-and-Authorizes.html,"FirstCash, Inc.",2026-07-23T10:00:00Z,freight rates,"FORT WORTH, Texas, July 23, 2026 (GLOBE NEWSWIRE) -- FirstCash Holdings, Inc. (“FirstCash” or the “Company”) (Nasdaq: FCFS), the leading international operator of more than 3,300 retail pawn stores, today announced record revenue and earnings results for the …",GlobeNewswire,Global,Market Report,2026-07-28T08:36:23.200224Z
ca04be73a231b16b0ab7db529572c29d,Cutting off Red Sea oil route may be one crisis too many,https://economictimes.indiatimes.com/industry/energy/oil-gas/cutting-off-red-sea-oil-route-may-be-one-crisis-too-many/articleshow/132573276.cms,Reuters,2026-07-23T06:21:45Z,freight rates,"The Red Sea conflict has disrupted oil flows, impacting global energy markets.  This escalation is now forcing oil tankers to reroute, increasing transit times significantly.  Asian refining output has plummeted, and China's recovery faces new challenges.  So…",The Times of India,China,Market Report,2026-07-28T08:36:23.200264Z
0f4b11c542979536d7a076f370fc17b7,Teck Reports Unaudited Second Quarter Results for 2026,https://financialpost.com/globe-newswire/teck-reports-unaudited-second-quarter-results-for-2026,GlobeNewswire,2026-07-23T05:03:47Z,freight rates,"Strong second quarter earnings driven by operational consistency and disciplined execution VANCOUVER, British Columbia, July 23, 2026 (GLOBE NEWSWIRE) — Teck Resources Limited (TSX: TECK.A and TECK.B, NYSE: TECK) (Teck) today announced its unaudited second qu…",Financial Post,UK,Market Report,2026-07-28T08:36:23.200309Z
1c776ca2bae702b8eb7be31629e446cf,"The Invisible Man (excuse me, sir, who are you?), the Spring election & the blue repatriation, a fund enters the bread market & EKTER’s Odyssey",https://en.protothema.gr/2026/07/23/the-invisible-man-excuse-me-sir-who-are-you-the-spring-election-the-blue-repatriation-a-fund-enters-the-bread-market-ekters-odyssey/,Newsroom,2026-07-23T04:33:00Z,freight rates,"Japan's central bank is losing control of the yen & Jeff Bezos seeks entry into Anfield
The post The Invisible Man (excuse me, sir, who are you?), the Spring election & the blue repatriation, a fund enters the bread market & EKTER’s Odyssey appeared first on …",Protothema.gr,Japan,Market Report,2026-07-28T08:36:23.200378Z
3ff71c9de76d67a91d9513587efd27dc,"Midcap, smallcap rally has eroded margin of safety, rotate to largecaps: Axis Direct's Rajesh Palviya",https://economictimes.indiatimes.com/markets/expert-view/midcap-smallcap-rally-has-eroded-margin-of-safety-rotate-to-largecaps-axis-directs-rajesh-palviya/articleshow/132558772.cms,Nikhil Agarwal,2026-07-23T03:30:00Z,freight rates,"Axis Direct suggests a selective shift towards large-cap stocks now.  Mid and small caps show stretched valuations after their recent surge.  The Nifty 50 trades near its long-term average, offering better comfort.  Corporate earnings delivery and margin defe…",The Times of India,Unknown,News,2026-07-28T08:36:23.200431Z
52757424a47ed276fdf295eada67e909,Regulatory cleanup fuels Knight-Swift’s bullish outlook,https://finance.yahoo.com/economy/policy/articles/regulatory-capacity-cleanup-fuels-knight-020928783.html,Todd Maiden,2026-07-23T02:09:28Z,freight rates,Knight-Swift Transportation said the rapid improvements in truckload fundamentals that occurred in the second quarter will likely accelerate starting in Sept...,Yahoo Entertainment,Unknown,Analysis/Opinion,2026-07-28T08:36:23.200463Z
3d83e8fa050090ee8b1b131f63198990,Knight-Swift Transportation Q2 Earnings Call Highlights,https://www.marketbeat.com/instant-alerts/knight-swift-transportation-q2-earnings-call-highlights-2026-07-22/?utm_source=yahoofinance&amp;utm_medium=yahoofinance,MarketBeat,2026-07-22T23:05:44Z,freight rates,"Knight-Swift Transportation (NYSE:KNX) executives said the truckload freight market tightened sharply during the second quarter of 2026, helping drive year-o...",MarketBeat,Unknown,Market Report,2026-07-28T08:36:23.200493Z
2eed910344a77568096e7b2b77bcec4d,"PENSKE AUTOMOTIVE GROUP CONFIRMS RECEIPT OF UNSOLICITED, PRELIMINARY AND NON-BINDING TAKE PRIVATE PROPOSAL",https://www.prnewswire.com/news-releases/penske-automotive-group-confirms-receipt-of-unsolicited-preliminary-and-non-binding-take-private-proposal-302832625.html,,2026-07-22T21:13:00Z,freight rates,"BLOOMFIELD HILLS, Mich., July 22, 2026 /PRNewswire/ -- Penske Automotive Group, Inc. (NYSE: PAG), a diversified international transportation services company and one of the world's premier automotive and commercial truck retailers, announced its Board of Dire…",PRNewswire,Global,News,2026-07-28T08:36:23.200545Z
a0354dad7ee3ef25868e5e460821c7c8,"Laid Off at 60 With $700,000 Saved, He Found a Rare Roth Conversion Window Before Social Security Starts.",https://247wallst.com/personal-finance/social-security/2026/07/22/laid-off-at-60-with-700000-saved-he-found-a-rare-roth-conversion-window-before-social-security-starts/,Gerelyn Terzo,2026-07-22T18:02:33Z,freight rates,"Getting laid off at 60 with $700,000 saved sounds like a crisis, but a narrow tax window opens the moment a paycheck disappears, and most people never notice...",24/7 Wall St.,Unknown,News,2026-07-28T08:36:23.200583Z
3739084a3f9f19f1a30f363eb57cd001,"New Zealand farming has entered a new era of earned growth, says MPI chief Ray Smith",https://www.nzherald.co.nz/business/business-reports/agribusiness-report/new-zealand-farming-has-entered-a-new-era-of-earned-growth-says-mpi-chief-ray-smith/FQRD3RYYAVASVHYIXE4AFW73OQ/,Fran O'Sullivan,2026-07-22T16:59:00Z,freight rates,New methane-cutting tech is slashing dairy effluent emissions by 97%.,New Zealand Herald,Unknown,News,2026-07-28T08:36:23.200611Z
e90364b2f41543a2a4deb8986e41c69e,RXO Stock Is Up 70% in the Past Year and Can Lead the Charge in Last-Mile Delivery,https://www.barchart.com/story/news/3407541/rxo-stock-is-up-70-in-the-past-year-and-can-lead-the-charge-in-last-mile-delivery,Jim Van Meerten,2026-07-22T15:55:02Z,freight rates,RXO (RXO) is an asset-light transportation provider with strong momentum. Shares are up more than 70% over the past year. RXO maintains a 100% “Buy” technica...,Barchart.com,Unknown,News,2026-07-28T08:36:23.200654Z
5edd1056b50abc702180e8a3ae92edda,Tankers make sharp U-turns after Houthi shipping threat,https://www.bbc.co.uk/news/articles/cn0n127lpzgo,https://www.facebook.com/bbcnews,2026-07-22T14:42:49Z,freight rates,"All of the ships were travelling to or from Saudi ports before changing course, ship-tracking data shows.",BBC News,Unknown,News,2026-07-28T08:36:23.200684Z
df0c461a888ee7863a294b69d53ba389,"As Oil Races Toward $100, the Federal Reserve’s Next Move Gets Cloudier",https://247wallst.com/investing/2026/07/22/as-oil-races-toward-100-the-federal-reserves-next-move-gets-cloudier/,Rich Duprey,2026-07-22T14:39:03Z,freight rates,Brent crude is surging and the Fed's next move depends far less on Kevin Warsh's speeches than on a single commodity threshold that most investors are not wa...,24/7 Wall St.,Unknown,News,2026-07-28T08:36:23.200723Z
043af5cdadbbc5ae58a508f92f658d35,"Blockade of Bab el-Mandeb to push up crude oil prices, threaten product supply, lift freight rates",https://www.thehindubusinessline.com/companies/blockade-of-bab-el-mandeb-to-push-up-crude-oil-prices-threaten-product-supply-lift-freight-rates/article71253653.ece,Rishi Ranjan Kala,2026-07-22T13:45:49Z,freight rates,"The Houthi blockade of Bab el-Mandeb threatens crude oil supply, increases prices, and raises freight costs for Asian refiners.",BusinessLine,Unknown,Market Report,2026-07-28T08:36:23.200754Z
44ec4113fb69a37c4e5059315eff453a,Can the Suez save Asian oil consumers after Houthis shut Bab al-Mandeb?,https://www.aljazeera.com/news/2026/7/22/can-the-suez-save-asian-oil-consumers-after-houthis-shut-bab-al-mandeb,Caolán Magee,2026-07-22T12:36:06Z,freight rates,"About 6 million barrels of crude per day that pass through the strait to Asia are now at risk, experts say.",Al Jazeera English,Egypt,News,2026-07-28T08:36:23.200779Z
7ce7df3fb1fdd8e475e04a592cdc9341,Oil Price Rise Comes Amid Dissipation of 1 Main Assumption,https://www.rigzone.com/news/oil_price_rise_comes_amid_dissipation_of_1_main_assumption-22-jul-2026-184184-article/,Andreas Exarheas,2026-07-22T10:39:47Z,freight rates,"'The rise in oil prices comes amid the dissipation of the main assumption that substantially helped keep prices low', Samer Hasn, Senior Market Analyst at XS.com, said.",Rigzone,Unknown,Market Report,2026-07-28T08:36:23.200862Z
d1cbdca243caab4b81adaa3c17d54845,"Our national advertiser takes everything (from the State) and it pays off, Alexis’s EL.AS. dizziness over non-state universities, the knives coming out for private hospitals",https://en.protothema.gr/2026/07/22/our-national-advertiser-takes-everything-from-the-state-and-it-pays-off-alexiss-el-as-dizziness-over-non-state-universities-the-knives-coming-out-for-private-hospitals/,Newsroom,2026-07-22T08:02:00Z,freight rates,"Jumbo’s D-Day & President Trump looking for new tariffs
The post Our national advertiser takes everything (from the State) and it pays off, Alexis’s EL.AS. dizziness over non-state universities, the knives coming out for private hospitals appeared first on Pr…",Protothema.gr,Unknown,News,2026-07-28T08:36:23.200923Z
2a4f5974533e31e2c6b99802a664bd13,"DSV, 1170 - INTERIM FINANCIAL REPORT H1 2026",https://www.globenewswire.com/news-release/2026/07/22/3331078/0/en/DSV-1170-INTERIM-FINANCIAL-REPORT-H1-2026.html,DSV A/S,2026-07-22T05:31:00Z,freight rates,"Company Announcement No. 1170Positive earnings growth amid volatile market conditions  DSV reported EBIT before special items of DKK 6,255 million for Q2...",GlobeNewswire,Unknown,Market Report,2026-07-28T08:36:23.200953Z
c9d8461ee5bff781965a8f60a10279fa,Equinor second quarter 2026 results,https://www.globenewswire.com/news-release/2026/07/22/3331065/0/en/Equinor-second-quarter-2026-results.html,Equinor ASA,2026-07-22T04:45:00Z,freight rates,"Equinor (OSE:EQNR, NYSE:EQNR) delivered an adjusted operating income* of USD 11.48 billion in the second quarter of 2026. Equinor reported a net operating income of USD 12.99 billion and a net income of USD 4.84 billion. Adjusted net income* was USD 3.22 bill…",GlobeNewswire,Unknown,Market Report,2026-07-28T08:36:23.200997Z
d73b20b5194ff315060cf4783d068519,"Trade all at sea: Freight rattled by delays, ship shortages and port congestion as West Asia conflict flares up again",https://economictimes.indiatimes.com/news/economy/foreign-trade/trade-all-at-sea-freight-rattled-by-delays-ship-shortages-and-port-congestion-as-west-asia-conflict-flares-up-again/articleshow/132545840.cms,Kirtika Suneja,2026-07-21T23:30:00Z,freight rates,"Renewed conflict in West Asia is significantly disrupting India's exports, with exporters facing container shortages and limited vessel availability. Sea freight rates have surged sharply, doubling or even tripling on several routes. Congestion at key Indian …",The Times of India,India,Market Report,2026-07-28T08:36:23.201021Z
b6eb904f98ba63e6f2ec4b8bc225c2e3,Alaska Air Group reports second quarter 2026 results,https://www.prnewswire.com/news-releases/alaska-air-group-reports-second-quarter-2026-results-302831369.html,,2026-07-21T21:56:00Z,freight rates,"1 in the industry in year-to-date on-time performance Expanded international service to include transatlantic flights from Seattle to Rome, London, Reykjavík Achieved single passenger service system for Alaska and Hawaiian and recognized employees with 75k At…",PRNewswire,UK,Market Report,2026-07-28T08:36:23.201067Z
9faa2412e028bb47cb0671c87ee57133,3 lawyers react to Trump's new limits on student visas,https://www.businessinsider.com/3-lawyers-react-to-trumps-limits-on-f1-student-visas-2026-7#article,"Tess Martinelli,Dominick Reuter,Charissa Cheong",2026-07-21T20:51:51Z,freight rates,We asked 3 immigration lawyers to break down what international students should know about F-1 student visa changes announced last week.,Business Insider,Global,News,2026-07-28T08:36:23.201100Z
5342c001d309366167794e04179a01e3,"Valmont Industries, Inc. Q2 2026 Earnings Call Summary",https://app.moby.co/home/research/tools/earningsCalendar/earnings-valmont-industries-inc-q2-2026-earnings-call-summary?utm_source=yahoo_finance&amp;utm_medium=rss,Moby Intelligence,2026-07-21T16:57:58Z,freight rates,"Moby summary of Valmont Industries, Inc.'s Q2 2026 earnings call",Moby.co,Unknown,News,2026-07-28T08:36:23.201166Z
56824e5060ac23022df6ba9f0f8025f7,"After Hormuz, Gate of Tears may make the world cry. What about India?",https://economictimes.indiatimes.com/industry/energy/oil-gas/bab-el-mandeb-red-sea-and-houthis-after-hormuz-gate-of-tears-may-make-the-world-cry-what-about-india/articleshow/132541288.cms,ET Online,2026-07-21T16:13:42Z,freight rates,"The Bab el-Mandeb Strait, a key shipping route connecting the Red Sea and the Gulf of Aden, faces growing risks of disruption after Yemen’s Houthi movement warned of a maritime blockade targeting Saudi shipping. With US-Iran tensions escalating, the possibili…",The Times of India,India,News,2026-07-28T08:36:23.201193Z
d129c9f23f288a875974cdeebed45cf0,"Proxy advisory firm flags Meesho’s GST model, seeks Sebi scrutiny",https://www.livemint.com/companies/proxy-advisory-firm-flags-meesho-s-gst-model-seeks-sebi-scrutiny-11784636953344.html,"Sowmya Ramasubramanian, Vaeshnavi Kasthuril",2026-07-21T14:40:23Z,freight rates,"InGovern Research Services says Meesho’s logistics arm derives a material benefit from its GST treatment, while the company rejects the claims and says it remains fully compliant with tax and disclosure laws.",Livemint,Unknown,News,2026-07-28T08:36:23.201237Z
d3e604f4663caab7d55c8fd8766464fe,Scientists’ panel suggests rejuvenation of old Totapuri orchards in AP,https://www.thehindubusinessline.com/economy/agri-business/scientists-panel-suggests-rejuvenation-of-old-totapuri-orchards-in-ap/article71249248.ece,BL Mangaluru Bureau,2026-07-21T13:45:01Z,freight rates,"A comprehensive assessment of the entire Totapuri mango value chain was conducted to have long-term solutions for price stabilisation, says Agriculture Minister Shivraj Singh Chouhan",BusinessLine,Unknown,Market Report,2026-07-28T08:36:23.201276Z
6580c3a2260ac7545421ca206ca2c2dd,"Few Know About This Law, but Everyone Is Paying for It",https://www.theatlantic.com/ideas/2026/07/jones-act-domestic-commerce/688003/,James Surowiecki,2026-07-21T12:00:00Z,freight rates,The past few months have shown just how anachronistic and costly the Jones Act is.,The Atlantic,Unknown,News,2026-07-28T08:36:23.201307Z
c4935d6c2b276ffaaee1260410e9c1e7,Retailers Got $35 Billion in Tariff Refunds. Here Are 9 Reasons Your Clothes Didn’t Get Cheaper,https://thecurvyfashionista.com/retailers-got-35-billion-in-tariff-refunds-here-are-9-reasons-your-clothes-didnt-get-cheaper/,Pearl Patience,2026-07-21T11:59:46Z,freight rates,"Reuters reported that Customs and Border Protection has processed more than $35 billion in refunds...
This article, Retailers Got $35 Billion in Tariff Refunds. Here Are 9 Reasons Your Clothes Didn’t Get Cheaper first appeared on The Curvy Fashionista and is …",Thecurvyfashionista.com,Unknown,Market Report,2026-07-28T08:36:23.201361Z
625294a88cb4f609265be4e7f9ba8c72,Rystad Warns 2.5MM Bpd of Saudi Oil is at Risk,https://www.rigzone.com/news/rystad_warns_25mm_bpd_of_saudi_oil_is_at_risk-21-jul-2026-184174-article/,Andreas Exarheas,2026-07-21T11:29:41Z,freight rates,Rystad Energy warned that 2.5 million barrels per day of Saudi oil is at risk as the Houthis 'threaten to enact [a] naval blockade'.,Rigzone,Unknown,News,2026-07-28T08:36:23.201393Z
9788e6c891fe961e79b73d8dd75b33b1,Electrifying freight trains in the U.S. is a bad idea,https://energyskeptic.com/2026/electrification-of-freight-rail/,energyskeptic,2026-07-21T10:55:26Z,freight rates,Diesel-electric locomotives use electricity to drive forward motion despite the name ‘diesel’.  A large diesel engine turns a shaft that drives an AC generator which makes electricity.  This electrical energy powers large electric motors at the wheels called …,Energyskeptic.com,Unknown,News,2026-07-28T08:36:23.201442Z
9e3d2b7f65a42836060008a3f107bd91,"Houthis threaten naval blockade on Saudi oil shipments, putting 7% of global supply at risk",https://cryptobriefing.com/houthis-threaten-saudi-oil-blockade-crypto-impact/,Editorial Team,2026-07-21T10:51:55Z,freight rates,"Houthis declared a naval blockade on Saudi oil exports through the Bab el-Mandeb Strait, threatening 7% of global supply and rattling crypto
The post Houthis threaten naval blockade on Saudi oil shipments, putting 7% of global supply at risk appeared first on…",Crypto Briefing,Global,News,2026-07-28T08:36:23.201493Z
89d8849046cf0f4e4eb03d666af209dc,"Oil is back near $90, so why is Bitcoin still above $66,000?",https://cryptoslate.com/brent-is-back-near-90-so-why-is-bitcoin-still-above-66000/,Gino Matos,2026-07-21T10:24:12Z,freight rates,"Brent crude futures reached $91.42 on July 20, their highest level since June 11, then eased to $88.28 as mediators floated a 10-day US-Iran ceasefire proposal. Bitcoin traded above $65,000 earlier in the session, registering an intraday high at $65,666 and a…",CryptoSlate,Unknown,News,2026-07-28T08:36:23.201540Z
44bf4928aeeb865518431f9512b8eebf,Bank of America CEO warns inflation will back Fed into a corner,https://www.thestreet.com/economy/bank-of-america-economy-warning-inflation-interest-rate-hikes,Moz Farooque,2026-07-21T03:33:00Z,freight rates,"Economic resilience is probably something most Americans would welcome. We’re seeing that consumer spending is still growing, wage gains haven’t gone away, a...",TheStreet,USA,News,2026-07-28T08:36:23.201660Z
b1ef16ed2fff2b757c338cddf9cf54a3,"Petrol, Diesel Prices Today (July 21): Fuel rates in Delhi, Mumbai, Kolkata and Chennai changed as crude oil dips below $90? Check here",https://economictimes.indiatimes.com/news/new-updates/petrol-diesel-prices-today-july-21-fuel-rates-in-delhi-mumbai-kolkata-and-chennai-changed-as-crude-oil-dips-below-90-check-here/articleshow/132526986.cms,ET Online,2026-07-21T03:23:51Z,freight rates,"Petrol, Diesel Prices Today: Indian fuel prices remained unchanged on Monday, July 21, despite global crude oil falling below ninety dollars. Retail fuel costs are influenced by taxes, freight, and exchange rates, not just crude prices. Oil marketing companie…",The Times of India,India,Market Report,2026-07-28T08:36:23.201684Z
dfa31fd90f9b4ecc371aa749a929df1a,Freight Market: July Doldrums or Goldilocks Zone?,https://biztoc.com/x/5e5ae0c531400f70,finance.yahoo.com,2026-07-21T02:56:31Z,freight rates,"SummaryView Transcript
Is the freight market in a 'Goldilocks scenario'? July may be seasonally slow, but underlying conditions suggest a significant shift towards quality and contracted rates. We break down why load boards are losing market share and what th…",Biztoc.com,Unknown,Analysis/Opinion,2026-07-28T08:36:23.201723Z
cc79da9f42aa4db47078c7d02a5d9b23,"Norway struck oil in 1969 and did the opposite of what most countries do with sudden money. It settled who controlled the resource before the revenue arrived in volume, and the fund it built now owns a piece of nearly every major company on earth, about 3.78 million kroner per resident on paper",https://spacedaily.com/d-norway-struck-oil-in-1969-and-did-the-opposite-of-what-most-countries-do-with-sudden-money-it-settled-who-controlled-the-resource-before-the-revenue-arrived-in-volume-and-the-fund-it-built-now-owns/,Space Daily Editorial Team,2026-07-27T08:15:25Z,charter rates,"When Norway discovered vast oil reserves, it resisted the curse that has impoverished resource-rich nations elsewhere—by building a sovereign wealth fund that became the world's largest, a cautionary tale inverted.
The post Norway struck oil in 1969 and did t…",Space Daily,Norway,News,2026-07-28T08:36:23.557828Z
3b7d71edc5699fa2785a28f95aeec6c1,Real Success Academy! All 8th graders at Harlem charter school pass ‘advanced’ history exam,https://nypost.com/2026/07/26/us-news/success-all-8th-graders-at-harlem-charter-school-pass-advanced-history-exam/,Carl Campanile,2026-07-26T19:21:34Z,charter rates,This Success Academy really lived up to its name.,New York Post,Unknown,News,2026-07-28T08:36:23.557879Z
e55905ba87be3162f31ff53ffac1e9ed,"How to build a $50,000 passive income from the ASX",https://www.fool.com.au/2026/07/25/how-to-build-a-50000-passive-income-from-the-asx/,James Mickleboro,2026-07-24T21:00:00Z,charter rates,"Looking to build an income? Here is how you could do it with ASX shares.
The post How to build a $50,000 passive income from the ASX appeared first on The Motley Fool Australia.",Motley Fool Australia,Australia,News,2026-07-28T08:36:23.557899Z
fdc15861af15ddb4e7a00d29eaf76096,Flex Files Application for Utah Industrial Bank Charter,https://financialpost.com/globe-newswire/flex-files-application-for-utah-industrial-bank-charter,GlobeNewswire,2026-07-24T16:02:38Z,charter rates,"NEW YORK, July 24, 2026 (GLOBE NEWSWIRE) — Flexible Finance, Inc. (“Flex”), the financial technology company behind Flex Rent, today announced it has submitted applications to the Federal Deposit Insurance Corporation (“FDIC”) and the Utah Department of Finan…",Financial Post,Unknown,News,2026-07-28T08:36:23.557983Z
2513df78b8fb4a38d7886ba0c4d65ecc,One of Waterfall's Most Resilient Artifacts,https://dzone.com/articles/waterfall-resilient-artifact,Stelios Manioudakis,2026-07-24T14:00:00Z,charter rates,"The waterfall model of software development was formally described in 1970. It was critiqued decisively by the early 1980s. It was officially succeeded by iterative and incremental methods through the 1990s and rendered obsolete, in many professional contexts…",Dzone.com,Unknown,News,2026-07-28T08:36:23.558033Z
57f0e3c3661b27a0e167af5560cab050,Charter Announces Second Quarter 2026 Results,https://www.prnewswire.com/news-releases/charter-announces-second-quarter-2026-results-302833892.html,,2026-07-24T11:00:00Z,charter rates,"STAMFORD, Conn., July 24, 2026 /PRNewswire/ -- Charter Communications, Inc. (along with its subsidiaries, the ""Company"" or ""Charter""), which operates the Spectrum brand, today reported financial and operating results for the three and six months ended June 30…",PRNewswire,Unknown,Market Report,2026-07-28T08:36:23.558079Z
4e4fb2ee1b6f38fcbea463066aa43304,"Stock Index Futures Gain as Oil Prices Retreat, U.S. PMI Data in Focus",https://www.barchart.com/story/news/3444410/stock-index-futures-gain-as-oil-prices-retreat-u-s-pmi-data-in-focus,Oleksandr Pylypenko,2026-07-24T10:33:40Z,charter rates,"September S&P 500 E-Mini futures (ESU26) are up +0.25%, and September Nasdaq 100 E-Mini futures (NQU26) are up +0.14% this morning, finding some relief at th...",Barchart.com,Unknown,Market Report,2026-07-28T08:36:23.558112Z
3d2a5f2b40b8a4333e6ef0ba88e53a9f,Enova International Q2 Earnings Call Highlights,https://www.marketbeat.com/instant-alerts/enova-international-q2-earnings-call-highlights-2026-07-23/?utm_source=yahoofinance&amp;utm_medium=yahoofinance,MarketBeat,2026-07-23T23:06:21Z,charter rates,"Enova International (NYSE:ENVA) reported second-quarter 2026 results that topped management's expectations, driven by higher originations across both its con...",MarketBeat,Global,Market Report,2026-07-28T08:36:23.558147Z
772ec419675de21b53c93f38db329eb4,"Wall Street stumbles as oil surges, and Lilly takes a new path on next-gen obesity drug - Ireland",https://www.europesays.com/ie/600818/,Europe Says,2026-07-23T20:50:38Z,charter rates,"Every weekday, the CNBC Investing Club with Jim Cramer releases the Homestretch — an actionable afternoon update, just in time for the last hour of trading on",Europesays.com,Unknown,Market Report,2026-07-28T08:36:23.558201Z
983393d7883c167514d01590b17aa4e8,Stocks Fall Sharply as Crude Oil Prices Soar and Alphabet Sparks AI Spending Concerns,https://www.barchart.com/story/news/3436124/stocks-fall-sharply-as-crude-oil-prices-soar-and-alphabet-sparks-ai-spending-concerns,Rich Asplund,2026-07-23T20:44:18Z,charter rates,"The S&P 500 Index ($SPX ) (SPY ) on Thursday fell -1.49%, the Dow Jones Industrial Average ($DOWI ) (DIA ) fell -1.11%, and the Nasdaq 100 Index ($IUXX ) (QQ...",Barchart.com,Unknown,Market Report,2026-07-28T08:36:23.558233Z
c351f4ae8f6ec7e0c7c0dbf77736e04a,13 Email Marketing Evolutions For Stronger Customer Relationships,https://www.forbes.com/councils/forbesbusinessdevelopmentcouncil/2026/07/23/13-email-marketing-evolutions-for-stronger-customer-relationships/,Expert Panel®,2026-07-23T18:43:55Z,charter rates,We changed our email strategy the day we admitted most of our emails didn't need to exist.,Forbes,Unknown,Market Report,2026-07-28T08:36:23.558261Z
4769a44943089b7b13a8e16e0009d570,Analyst Report: Texas Instruments Inc,https://finance.yahoo.com/research/reports/ARGUS_3470_AnalystReport_1784829600000/,,2026-07-23T18:00:00Z,charter rates,"At Yahoo Finance, you get free stock quotes, up-to-date news, portfolio management resources, international market data, social interaction and mortgage rates that help you manage your financial life.",Yahoo Entertainment,Global,Market Report,2026-07-28T08:36:23.558293Z
4ecbc7e69287cc487146f10b998cbada,Force Motors bets on Urbania’s premium-van economics to widen its lead in India’s shared-mobility market,https://www.thehindubusinessline.com/companies/force-motors-bets-on-urbanias-premium-van-economics-to-widen-its-lead-in-indias-shared-mobility-market/article71258198.ece,Amit Vijay  Mohile,2026-07-23T15:25:26Z,charter rates,Force Motors' Urbania Deluxe targets the shared-mobility market with premium features and impressive sales growth in India.,BusinessLine,India,Market Report,2026-07-28T08:36:23.558317Z
e391d669f2622c3c63424119b0981605,Cross-entropy comparison of LLM responses reveals Kimi's similarity to Claude,https://typebulb.com/u/lab/you-re-relatively-right/full,,2026-07-23T15:05:44Z,charter rates,Which LLM models write alike? A heat map built from their words alone.,Typebulb.com,Unknown,News,2026-07-28T08:36:23.558345Z
2b19409ceff1f45f117871a540e195c4,"Business rates for clubs, live music venues and pubs in England to be cut by 20%",https://djmag.com/news/business-rates-clubs-live-music-venues-and-pubs-england-be-cut-20,Martin Guttridge-Hewitt,2026-07-23T11:50:42Z,charter rates,"32,000 licensed premises stand to benefit, with average savings of £1,100 per year",DJ Mag,Unknown,Market Report,2026-07-28T08:36:23.558423Z
0e9d88b51aa1cbce581f1ac479751176,Iran War: Trump and Iran Exchange More Threats; Oil at $98 After Ansar Allah Tanker Strikes; House Passes $1.15 Trillion NDAA with Israel “Merger”; Trump Signs Saudi Nuclear Deal,https://www.nakedcapitalism.com/2026/07/iran-war-trump-and-iran-exchange-more-threats-oil-at-98-after-ansar-allah-tanker-strikes-house-passes-1-15-trillion-ndaa-with-israel-merger-trump-signs-saudi-nuclear-deal.html,Yves Smith,2026-07-23T09:13:03Z,charter rates,Today's Iran war news: Yet more threat display as the US moves more assets to the Middle East and Ansar Allah chokes oil supplies further.,Nakedcapitalism.com,Unknown,News,2026-07-28T08:36:23.558476Z
8c4796f212d7dc63d8f3f53a0e8329b5,"Chemung Financial Corporation Reports Second Quarter 2026 Net Income of $8.8 million, or $1.82 per share",https://www.globenewswire.com/news-release/2026/07/22/3331704/23119/en/Chemung-Financial-Corporation-Reports-Second-Quarter-2026-Net-Income-of-8-8-million-or-1-82-per-share.html,Chemung Financial Corp,2026-07-22T20:05:00Z,charter rates,"Chemung Financial Corporation Reports Second Quarter 2026 Net Income of $8.8 million, or $1.82 per share
...",GlobeNewswire,Unknown,Market Report,2026-07-28T08:36:23.558544Z
10dc25eaac3592b3c694bfe91d733902,Inside Benetti’s Newly Delivered 220-Foot ‘Symmetry’,http://robbreport.com/motors/marine/benetti-new-symmetry-superyacht-charter-1238489407/,Rachel Cormack,2026-07-22T20:00:00Z,charter rates,"Benetti's newly delivered 220-foot hybrid superyacht Symmetry is available for charter in Europe this summer, with weekly rates starting at $827,000.",Robb Report,Unknown,Market Report,2026-07-28T08:36:23.558578Z
65df683f116c5bece34b2176b187b22d,American Public Schools Lost 1.4 Million Students Since COVID. Their Budgets Grew by 34 Percent Anyway.,https://reason.com/2026/07/22/american-public-schools-lost-1-4-million-students-since-covid-their-budgets-grew-by-34-percent-anyway/,Tosin Akintola,2026-07-22T16:09:04Z,charter rates,"Public schools have lost 1.4 million students since 2019, yet spending has increased while reading scores remain below pre-pandemic levels.",Reason,USA,News,2026-07-28T08:36:23.558600Z
9d7c9f90b7ee6874a4610e9cf5b04d49,"City’s Red Tape Reform Could Go Farther, Small-Business Orgs Say",http://www.brownstoner.com/brooklyn-life/nyc-small-business-regulation-reform-2026/,amNY,2026-07-22T14:53:37Z,charter rates,"by Adam Daly, amNY
Many NYC business groups welcomed Mayor Zohran Mamdani’s plan to cut red tape for small businesses, though some cautioned that the more than 50 reforms amount to only a first step – and the city’s leading restaurant group called the package…",Brownstoner.com,Unknown,News,2026-07-28T08:36:23.558651Z
87e59f16b24e212db0f73a43369acdb8,Florida’s education shakeup pours money into private schools. Here’s what it means for real estate,https://therealdeal.com/miami/2026/07/22/florida-education-shakeup-creates-real-estate-opportunity/,Grace McClung,2026-07-22T13:00:00Z,charter rates,"Developers are racing to build luxury condos, apartments and office towers for the influx of new residents to South Florida, but incoming families face an important question: Where will their kids go to school?  The answer is reshaping the region’s education …",The Real Deal,Unknown,News,2026-07-28T08:36:23.558706Z
655026c5fa44d5375fec36b4b682e46c,Empty Homes Tax- Oahu Voters Blocked From Weighing In - Honolulu Civil Beat,http://www.civilbeat.org/2026/07/empty-homes-tax-oahu-voters-blocked-from-weighing-in/,Ben Angarone,2026-07-21T23:39:15Z,charter rates,The decision may mark the end of a protracted battle over how to handle the island’s thousands of empty homes in the midst of a severe housing crisis.,Honolulu Civil Beat,Unknown,News,2026-07-28T08:36:23.558747Z
7e5abf679b0a41c68689c2f190e51cbc,National Bank Holdings Corporation Announces Second Quarter 2026 Financial Results,https://www.globenewswire.com/news-release/2026/07/21/3330966/0/en/National-Bank-Holdings-Corporation-Announces-Second-Quarter-2026-Financial-Results.html,National Bank Holdings Corporation,2026-07-21T20:10:00Z,charter rates,"DENVER, July  21, 2026  (GLOBE NEWSWIRE) -- National Bank Holdings Corporation (the “Company” or “NBHC”) reported:                       For the...",GlobeNewswire,Unknown,Market Report,2026-07-28T08:36:23.558786Z
43994af1155a97347a53127234478c4a,Postal IRCs are Almost a Thing of the Past,https://hackaday.com/2026/07/21/postal-ircs-are-almost-a-thing-of-the-past/,Al Williams,2026-07-21T17:00:35Z,charter rates,"Have you ever found out that something you remember from your youth is now gone, and you didn’t even notice? If you are a certain age, you might feel that way when I deliver the news: You hav…",Hackaday,Unknown,News,2026-07-28T08:36:23.558826Z
f4da2315fb81f6810197ca5d5f2f40da,Billionaire Investor Howard Marks’ Top 5 Holdings: A Buy at These Prices?,https://247wallst.com/investing/2026/07/21/billionaire-investor-howard-marks-top-5-holdings-a-buy-at-these-prices/,Joel South,2026-07-21T14:32:27Z,charter rates,"Howard Marks just filed five equity positions that look nothing like a bull-market portfolio, and every one has moved sharply since he bought. The question n...",24/7 Wall St.,Unknown,Market Report,2026-07-28T08:36:23.558863Z
8b92256e6464c03c175856bed86e6d73,U.S. and Iran pause fighting to give peace talks 'space.' Here's where negotiations stand,https://www.cnbc.com/2026/07/27/us-iran-war-trump-hormuz.html,Mike Sheen,2026-07-27T08:07:20Z,maritime transport,"A temporary pause to the U.S.-Iran conflict appeared to hold on Monday, after negotiations over a lasting peace faced fresh hurdles over the weekend.",CNBC,Unknown,News,2026-07-28T08:36:24.133195Z
5b26303b7b6009a80f5e05fa1c68aec2,Aktsiaselts Infortar Investor Webinar introducing the results of the Q2 2026,https://www.globenewswire.com/news-release/2026/07/27/3333283/0/en/Aktsiaselts-Infortar-Investor-Webinar-introducing-the-results-of-the-Q2-2026.html,AS Infortar,2026-07-27T07:00:00Z,maritime transport,Infortar will organize a webinar for investors on 3 August 2026 at 12:00 (EET) in Estonian and at 14:00 (EET) in English to introduce the second quarter 2026 results. The webinar will be attended by the Managing Director Martti Talgre and Investor Relations M…,GlobeNewswire,Unknown,News,2026-07-28T08:36:24.133468Z
5836d7a9d9a84a669f41cc4eb89a799b,"New €4.2 billion defense procurement program: “Achilles’ Shield,” Greece’s version of the Iron Dome, featuring three Israeli anti-aircraft systems, drones, satellites, and night-vision goggles",https://en.protothema.gr/2026/07/27/new-e4-2-billion-defense-procurement-program-achilles-shield-greeces-version-of-the-iron-dome-featuring-three-israeli-anti-aircraft-systems-drones-satellites/,admin,2026-07-27T06:50:00Z,maritime transport,Eleven programmes strengthen the country against Erdoğan’s threats and transform Greece’s defence doctrine. What the balance of military power in the Aegean will look like in three years – The deployment and role of each weapons system – Full operational auto…,Protothema.gr,Greece,News,2026-07-28T08:36:24.133535Z
7d3b596a6ead0b34f485bc611dd4f125,Aktsiaselts Infortar own share acquisition transactions,https://www.globenewswire.com/news-release/2026/07/27/3333254/0/en/Aktsiaselts-Infortar-own-share-acquisition-transactions.html,AS Infortar,2026-07-27T05:00:00Z,maritime transport,Aktsiaselts Infortar acquired its own shares on the Nasdaq Tallinn Stock Exchange during the period of 20 July – 24 July 2026 as follows: DateAggregated...,GlobeNewswire,Unknown,News,2026-07-28T08:36:24.133617Z
7e9c0daf7085371660f9dd820e387f7d,Putin warns hostile acts against Russian ships will be treated as piracy,https://cryptobriefing.com/putin-warns-hostile-acts-against-russian-ships-will-be-treated-as-piracy/,Estefano Gomez,2026-07-26T20:11:40Z,maritime transport,"Heightened maritime tensions could disrupt global shipping routes, impacting trade and security, with potential for further escalation.
The post Putin warns hostile acts against Russian ships will be treated as piracy appeared first on Crypto Briefing.",Crypto Briefing,Russia,News,2026-07-28T08:36:24.133647Z
9f99d2ff6196cfe89071150cfc755770,"Beyond capacity, rethinking port expansion strategy",https://www.thehindubusinessline.com/economy/logistics/beyond-capacity-rethinking-port-expansion-strategy/article71270465.ece,B Swaminathan,2026-07-26T19:42:01Z,maritime transport,"Explore demand-driven port development strategies to optimize capacity, enhance efficiency, and ensure sustainable growth in India's maritime sector.",BusinessLine,India,News,2026-07-28T08:36:24.133667Z
3b853e250116489cf0c2f666e56b93dc,"Trump paused attacks on Iran to make space for talks, US ambassador says",https://www.bbc.co.uk/news/articles/c5y45kdkynpo,https://www.facebook.com/bbcnews,2026-07-26T18:04:53Z,maritime transport,"Neither the US nor Iran have launched attacks in the last two nights, after almost two weeks of tit-for-tat strikes risked derailing talks to permanently end the war.",BBC News,Unknown,News,2026-07-28T08:36:24.133705Z
7caaa5261d26b1c5ef5c21da31c6185d,IRGC releases list of US military assets heavily damaged in Iranian attacks,https://www.globalsecurity.org/wmd/library/news/iran/2026/07/iran-260726-irna06.htm,John Pike,2026-07-26T12:00:00Z,maritime transport,The Islamic Revolution Guards Corps (IRGC) has released a list of US military assets that were heavily damaged in recent attacks by Iran's Armed Forces in response to Washington's aggression against the country.,Globalsecurity.org,Unknown,News,2026-07-28T08:36:24.133747Z
0da10d3895ebdc814d566a60d4d2f5b9,Four rescued after tugboat sinks in Indonesia's Anambas waters,https://en.antaranews.com/news/424064/four-rescued-after-tugboat-sinks-in-indonesias-anambas-waters,Bayu Prasetyo,2026-07-26T09:21:25Z,maritime transport,"A joint Search and Rescue (SAR) team in Indonesia&#39;s Anambas Islands District, Riau Islands Province, evacuated four crew members after their tugboat sank ...",Antaranews.com,Indonesia,News,2026-07-28T08:36:24.133776Z
913d54f10563e645ea8579a3a7d9fb49,The great gas race: Who is holding the keys to Europe’s energy future?,https://www.rt.com/africa/643336-europe-needs-african-gas/,RT,2026-07-26T09:03:13Z,maritime transport,"As wars and instability choke global shipping lanes, African pipelines are becoming Europe’s ultimate energy fallback Read Full Article at RT.com",RT,Global,News,2026-07-28T08:36:24.133820Z
fa884db5078c8e3da40d882ea6a43aa2,"12 commercial vessels redirected, two 'non-compliant' ships disabled as US enforces full blockade against Iran: CENTCOM",https://economictimes.indiatimes.com/news/defence/12-commercial-vessels-redirected-two-non-compliant-ships-disabled-as-us-enforces-full-blockade-against-iran-centcom/articleshow/132636278.cms,ANI,2026-07-26T04:27:12Z,maritime transport,US Central Command confirmed its naval blockade against Iran remains fully operational. Coalition forces redirected twelve commercial vessels attempting to breach the maritime perimeter. Two ships were disabled after failing to comply with orders and ignoring…,The Times of India,Unknown,News,2026-07-28T08:36:24.133880Z
7a235c3ac52b7ac2a60cd5a683991944,Iran-Oman talks on reopening Strait of Hormuz make progress: Report,https://economictimes.indiatimes.com/industry/transportation/shipping-/-transport/iran-oman-talks-on-reopening-strait-of-hormuz-make-progress-report/articleshow/132635942.cms,ANI,2026-07-26T03:25:27Z,maritime transport,Omani officials visited Tehran for talks on reopening the Strait of Hormuz.  These discussions occurred while the United States paused its bombings in the region.  Iran accused the United States of violating a memorandum of understanding regarding shipping ro…,The Times of India,USA,Market Report,2026-07-28T08:36:24.133926Z
ae2310ffc1c9dc722486149b4c955aa7,'Insisted on creating other routes': Araghchi accuses US of deliberately violating MoU condition over Strait of Hormuz,https://economictimes.indiatimes.com/news/defence/insisted-on-creating-other-routes-araghchi-accuses-us-of-deliberately-violating-mou-condition-over-strait-of-hormuz/articleshow/132635555.cms,ANI,2026-07-26T01:45:53Z,maritime transport,Iran's Foreign Minister Abbas Araghchi accused the United States of violating a shipping agreement. He stated the US established an unauthorized alternative route in the Strait of Hormuz. Araghchi emphasized Iran's authority to oversee shipping arrangements d…,The Times of India,USA,News,2026-07-28T08:36:24.133957Z
de128fd77276ca7bb208c959e48f434e,Russian kamikaze drones strike Ukrainian ships (MOD VIDEOS),https://www.rt.com/russia/643476-kamikaze-drones-ukrainian-ships/,RT,2026-07-25T17:35:08Z,maritime transport,The Russian Defense Ministry has released videos of AI-powered kamikaze drone strikes on Ukrainian shipping Read Full Article at RT.com,RT,Russia,News,2026-07-28T08:36:24.133979Z
c7d4bc762a425ad148d556150733fa14,Stalled vessels near Strait of Hormuz could trigger invasive species catastrophe,https://abcnews.com/International/scientists-warn-invasive-species-superspreader-event-due-stalling/story?id=135051186,Julia Jacobo,2026-07-25T15:31:49Z,maritime transport,"A possible ecological catastrophe could be fueled by stalled ships as conflict over the Strait of Hormuz continues to block traffic on the passageway, scientists say.",Abcnews.com,Unknown,News,2026-07-28T08:36:24.134017Z
9d3693e7e666da0732bb32a3edf74bd3,CCG takes law enforcement measures against illegal Philippine vessels after two days of provocations off Huangyan Dao,https://www.globalsecurity.org/military/library/news/2026/07/mil-260725-globaltimes01.htm,John Pike,2026-07-25T12:00:00Z,maritime transport,"The China Coast Guard (CCG) on Friday said it had taken law enforcement measures against multiple Philippine vessels involved in illegal activities in waters off Huangyan Dao, following two consecutive days of provocations by the Philippine side. The CCG urge…",Globalsecurity.org,China,News,2026-07-28T08:36:24.134041Z
8c5a25ff72ac1cf88355a9cc1f5ebe5b,Houthis claim missile attack on Saudi Arabia as conflict deepens,https://www.vanguardngr.com/2026/07/houthis-claim-missile-attack-on-saudi-arabia-as-conflict-deepens/,Henry Oduah,2026-07-25T07:39:46Z,maritime transport,"Iran-backed Houthi rebels claimed a missile strike on Saudi Arabia on Saturday, hours after vowing to retaliate against the kingdom for attacks as the Middle East war expanded.
The post Houthis claim missile attack on Saudi Arabia as conflict deepens appeared…",Vanguard,Unknown,News,2026-07-28T08:36:24.134095Z
8f97f715164bbc13d6462799d4204e9c,US gradually expands the scope of its attacks on Iran,https://economictimes.indiatimes.com/news/defence/us-gradually-expands-the-scope-of-its-attacks-on-iran/articleshow/132617914.cms,AP,2026-07-25T02:40:21Z,maritime transport,"The US has expanded its air campaign against Iran over the past two weeks after a ceasefire collapsed amid renewed fighting over the Strait of Hormuz. Initial strikes targeted Iran's naval assets, coastal defences and missile sites before widening to include …",The Times of India,Unknown,News,2026-07-28T08:36:24.134147Z
9960d102c114547f4229adade884805b,"We’ve fallen in love with drones, but they’re not the sole answer",https://www.politico.eu/article/kyivs-drone-triumphs-are-feeding-a-false-narrative-about-defense-needs/,Elisabeth Braw,2026-07-25T01:05:59Z,maritime transport,"If we create a debate in which irrational faith in these weapons makes policymakers reluctant to justify legitimate defense needs, there’s only one winner: Russia.",POLITICO.eu,Russia,News,2026-07-28T08:36:24.134188Z
fafbba1b1df7934c8813e1ee91d2091e,US military says it fired on another merchant vessel trying to breach its blockade of Iranian ports,https://economictimes.indiatimes.com/news/defence/us-military-says-it-fired-on-another-merchant-vessel-trying-to-breach-its-blockade-of-iranian-ports/articleshow/132617321.cms,AP,2026-07-25T00:53:30Z,maritime transport,"The US disabled a second merchant vessel enforcing its blockade of Iranian ports as Iran targeted US-linked bases across the Gulf. Fighting intensified for a 13th consecutive night, with Saudi-Houthi clashes worsening regional tensions. Despite renewed diplom…",The Times of India,Unknown,News,2026-07-28T08:36:24.134243Z
5e588e11c6209166fe102e3b03b81922,Saudi Arabia strikes Yemen’s Hodeidah following attack on Saudi vessel,https://www.israelnationalnews.com/news/430724,Israel National News,2026-07-24T20:43:09Z,maritime transport,Saudi Arabia launches strikes on Houthi-held Hodeidah after a Saudi ship sustains damage in the Red Sea.,Israelnationalnews.com,Unknown,News,2026-07-28T08:36:24.134282Z
92606fe5c87e95a9107f14b7c7f32e3a,Ukraine's heavy bomber drones airdrop ARK-1 mine-laying robots behind Russian lines,https://www.techradar.com/pro/ukraines-heavy-bomber-drones-airdrop-ark-1-mine-laying-robots-behind-russian-lines,Efosa Udinmwen,2026-07-24T19:05:00Z,maritime transport,"Ukraine reportedly uses heavy drones to deploy ARK-1 robots carrying anti-tank mines, showing new combinations of aerial and ground systems.",TechRadar,Russia,Market Report,2026-07-28T08:36:24.134302Z
deaf9900e4372fd529f444fb0f15008c,The Red Sea Is Becoming Saudi Arabia's Biggest Oil Bottleneck,https://oilprice.com/Energy/Crude-Oil/The-Red-Sea-Is-Becoming-Saudi-Arabias-Biggest-Oil-Bottleneck.html,Cyril Widdershoven,2026-07-24T19:00:00Z,maritime transport,"For years, Saudi Arabia's strategic answer to any disruption in the Strait of Hormuz has been remarkably straightforward. If volumes via the Persian Gulf were threatened, the answer was to pump west through the East-West Pipeline to Yanbu on the Red Sea. Mark…",OilPrice.com,Unknown,News,2026-07-28T08:36:24.134353Z
6d06525ffc3adbf163959cf29aea3199,The Red Sea Is Becoming Saudi Arabia's Biggest Oil Bottleneck,https://finance.yahoo.com/energy/articles/red-sea-becoming-saudi-arabias-190000674.html,Cyril Widdershoven,2026-07-24T19:00:00Z,maritime transport,"Saudi Arabia's East-West Pipeline bypasses Hormuz, but a closure of Bab el-Mandeb leaves Yanbu exports facing severe logistical constraints, with the Suez Ca...",Yahoo Entertainment,Egypt,News,2026-07-28T08:36:24.134386Z
eca0a579d9150824f7f3c817f1c082da,Here’s How Trump’s Houthi Headache Could Turn Into Full Blown Migraine,https://dailycaller.com/2026/07/24/donald-trump-houthis-red-sea-iran-war,Francis Kapper,2026-07-24T17:04:35Z,maritime transport,"At the request of Iran, the Houthi rebels in Yemen have begun attacking ships in the Red Sea, but can the U.S. military wrest control of the key shipping lane?",The Daily Caller,Unknown,News,2026-07-28T08:36:24.134428Z
67cc5314d801dc0583563ed426d6b781,"EU Targets Russian Shadow Fleet, Banks and Crypto in Sweeping 21st Sanctions Package",https://gcaptain.com/eu-targets-russian-shadow-fleet-banks-and-crypto-in-sweeping-21st-sanctions-package/,Mike Schuler,2026-07-24T15:24:12Z,maritime transport,"The European Union has approved its 21st package of sanctions against Russia, expanding restrictions on the country’s energy, financial and military sectors while adding another 41 vessels to its growing...",gcaptain.com,Russia,News,2026-07-28T08:36:24.134459Z
e9bbeda8684235a91696392940c60c1b,Customs releases impounded trucks after CGC’s intervention at bonded terminal,https://www.vanguardngr.com/2026/07/customs-releases-impounded-trucks-after-cgcs-intervention-at-bonded-terminal/,Urowayino Jeremiah,2026-07-24T06:32:41Z,maritime transport,By Godwin Oritse The Nigeria Customs Service (NCS) has released 36 trucks belonging to members of the Association of Maritime Truck Owners (AMATO) that were impounded during an investigation into alleged trade infractions at Zarmmak Bonded Terminal in the Amu…,Vanguard,Unknown,News,2026-07-28T08:36:24.134513Z
b33b02c93f36707856d4ad5736dc30d7,US strikes Iran and Bahrain warns of incoming fire as clashes over shipping routes escalate,https://www.clickondetroit.com/news/world/2026/07/24/us-strikes-iran-and-bahrain-warns-of-incoming-fire-as-clashes-over-shipping-routes-escalate/,Associated Press,2026-07-24T05:34:05Z,maritime transport,"The U.S. military says it has fired on a merchant vessel attempting to breach its blockade of Iranian ports, while Iran targeted American strongholds around the Persian Gulf.",WDIV ClickOnDetroit,USA,News,2026-07-28T08:36:24.134538Z
0845f2df49abb3f9cd9779872a343ca6,"CNA Explains: With the Houthis' Red Sea threat, is the world running out of detours?",https://www.channelnewsasia.com/world/houthis-red-sea-threat-detour-shipping-cna-explains-6270411,,2026-07-24T03:52:55Z,maritime transport,Analysts warn that a simultaneous disruption of two key waterways - the Bab el-Mandeb Strait and the Strait of Hormuz - would put global supply chains under strain.,CNA,Global,News,2026-07-28T08:36:24.134577Z
8aec9253bc688ebed7eb5a3dc9aa4a86,"Without a Royal Commission, we won’t know the scale of the corruption in Victoria’s Big Build",https://theconversation.com/without-a-royal-commission-we-wont-know-the-scale-of-the-corruption-in-victorias-big-build-287951,"Yee-Fui Ng, Associate Professor, Faculty of Law, Monash University",2026-07-24T03:45:35Z,maritime transport,The $100 billion suite of infrastructure projects has been infiltrated by organised crime. It can’t keep being swept under the rug.,The Conversation Africa,Unknown,News,2026-07-28T08:36:24.134619Z
298d7cba12bfdbedc49d1251f7bdbe37,"Omar Abdullah to JP Nadda: Right on J&K leak, wrong on facts",https://timesofindia.indiatimes.com/india/omar-abdullah-to-jp-nadda-right-on-jk-leak-wrong-on-facts/articleshow/132591668.cms,Naseer Ganai,2026-07-23T21:09:27Z,maritime transport,India News: SRINAGAR: J&K chief minister Omar Abdullah rejected Thursday Union minister JP Nadda’s claim linking “National Conference (NC) and Congress” to a .,The Times of India,India,News,2026-07-28T08:36:24.134643Z
3b90b0d3a3fde5950e0f7f7af6fdde73,"After 8 years of infertility and 3 failed IVF cycles, Bengaluru couple welcomes first baby after doctors uncover hidden cause that donor treatment would have missed",https://timesofindia.indiatimes.com/health/after-8-years-of-infertility-and-3-failed-ivf-cycles-bengaluru-couple-welcomes-first-baby-after-doctors-uncover-hidden-cause-that-donor-treatment-would-have-missed/articleshow/132591613.cms,TIMESOFINDIA.COM,2026-07-23T21:06:32Z,maritime transport,A Bengaluru couple welcomed their first child after eight years of trying and three failed IVF cycles. Fertility specialists identified undetected fallopian tube issues and sperm damage as the root cause. Advanced techniques and personalized evaluation enable…,The Times of India,Unknown,News,2026-07-28T08:36:24.134703Z
d55366e818962c1a9deb4bf779233da2,"Enzo Fernández’s red card showed his fierce side, but two simple words about his children reveal the father behind the Chelsea star",https://timesofindia.indiatimes.com/sports/international-sports/enzo-fernndezs-red-card-showed-his-fierce-side-but-two-simple-words-about-his-children-reveal-the-father-behind-the-chelsea-star/articleshow/132591640.cms,Global Sports Desk,2026-07-23T21:00:12Z,maritime transport,"Enzo Fernández has built a reputation as one of football’s fiercest midfielders, a player who never avoids a battle, even if it leads to moments like his red card against Flamengo. Away from the game, though, he is a devoted father. He says Olivia and Benjamí…",The Times of India,Unknown,News,2026-07-28T08:36:24.134758Z
f16e210b3f6202805fbe999dfc844845,Janel Grant breaks silence after former WWE chairman Vince McMahon lawsuit moves to private arbitration from federal court,https://timesofindia.indiatimes.com/sports/wwe/top-stories/janel-grant-breaks-silence-after-former-wwe-chairman-vince-mcmahon-lawsuit-moves-to-private-arbitration-from-federal-court/articleshow/132591526.cms,Global Sports Desk,2026-07-23T20:37:55Z,maritime transport,"Janel Grant's lawsuit against Vince McMahon has moved to private arbitration. She expressed gratitude to supporters for their help during this difficult time. The legal dispute, which began in federal court, will now be resolved confidentially. McMahon has re…",The Times of India,Unknown,News,2026-07-28T08:36:24.134813Z
d83b8377f80fb403be3df3ba8f07dd01,Parbhani collector orders transfer of Pathri inspector over alleged protection to illegal sand transport accused,https://timesofindia.indiatimes.com/city/aurangabad/parbhani-collector-orders-transfer-of-pathri-inspector-over-alleged-protection-to-illegal-sand-transport-accused/articleshow/132591512.cms,Mohammed Akhef,2026-07-23T20:15:47Z,maritime transport,Parbhani collector orders immediate transfer of Pathri PI Laxman Kendre over alleged protection to illegal sand transport accused; SP orders inquiry.,The Times of India,Unknown,News,2026-07-28T08:36:24.134854Z
28f5a6a515bf87d36ffa18f386683338,Resumption of oil exports: Will Yemen recover its economic lifeline?,https://www.aljazeera.com/economy/2026/7/23/resumption-of-oil-exports-will-yemen-recover-its-economic-lifeline,Al Jazeera,2026-07-23T19:28:24Z,maritime transport,"Yemen has proven oil reserves estimated at three billion barrels, but the security environment hinders its export.",Al Jazeera English,Unknown,News,2026-07-28T08:36:24.134886Z
1cd5b7e685668f920d89306935ae2f6a,Greece Leads Pushback Against EU’s Self-defeating Russia Sanctions. :”Against Trade in Russian LNG”,https://www.globalresearch.ca/greece-leads-pushback-against-eu-self-defeating-russia-sanctions/5934361,Ahmed Adel,2026-07-23T18:13:30Z,maritime transport,"Greece has taken a firm stand in the European Union by blocking parts of the proposed 21st sanctions package against Russia, a move intended to protect its vital shipping sector and thousands of jobs. 
Although there was instant outrage against …
The post Gre…",Globalresearch.ca,Russia,News,2026-07-28T08:36:24.134923Z
733d43c27b9da046c9012702dd6ba4cd,Yemen faces a new challenge amid prospects of confrontation,https://www.aljazeera.com/news/2026/7/23/yemen-faces-a-new-challenge-amid-prospects-of-confrontation,Ahmed al-Shalafi,2026-07-23T16:17:44Z,maritime transport,What is the military balance of power in Yemen and the likelihood of confrontation between the government and Houthis?,Al Jazeera English,Unknown,News,2026-07-28T08:36:24.134954Z
af9254ffe3af47f0822aec834da83299,Introducing Thunder: Autonomous Attack Rotorcraft for the Near-Surface Fight,https://soldiersystems.net/2026/07/23/introducing-thunder-autonomous-attack-rotorcraft-for-the-near-surface-fight/,Eric G,2026-07-23T16:00:00Z,maritime transport,"The proliferation of drones in land warfare has brought maneuver to a stalemate, extracting a significant toll in terms of both man and machine. Attack helicopters and their crews, long the lifeblood of maneuver warfare, are increasingly held at risk by a com…",Soldiersystems.net,Unknown,News,2026-07-28T08:36:24.135009Z
ea85c3e1686c8c1436aca1cd0821921e,Routine Maintenance Turns Into Toxic Gas Emergency Aboard Fishing Vessel,https://gcaptain.com/routine-maintenance-turns-into-toxic-gas-emergency-aboard-fishing-vessel/,Mike Schuler,2026-07-23T15:57:27Z,maritime transport,"A routine maintenance job aboard the fishing vessel Antarctic Discovery turned into a dangerous toxic gas incident after decomposing fish waste was accidentally pumped into a machinery space, sending four workers to...",gcaptain.com,Unknown,News,2026-07-28T08:36:24.135055Z
f82a3e9d24bf9978c1048546ec215f91,Greece Exposes the Limits of Europe's Russia Energy Sanctions,https://oilprice.com/Energy/Energy-General/Greece-Exposes-the-Limits-of-Europes-Russia-Energy-Sanctions.html,Cyril Widdershoven,2026-07-23T15:00:00Z,maritime transport,"The last EU agreement about the latest sanctions package against Russia is being presented by Brussels as another demonstration of European unity and determination to sustain economic pressure on the Kremlin. Since February 2022, sanctions have been one of th…",OilPrice.com,Russia,News,2026-07-28T08:36:24.135089Z
d5f9abbff93d1037a90f37de7a9fabdb,Global oil prices cross $100 a barrel as Iran war sends fuel prices surging,https://abcnews.com/Business/global-oil-prices-cross-100-barrel-iran-war/story?id=135017063,Max Zahn,2026-07-23T14:37:48Z,maritime transport,Oil prices surged more than 6% on Thursday.,Abcnews.com,Global,Market Report,2026-07-28T08:36:24.135113Z
ff283ab241245f04d46c8dd5638c812c,"Marine Engines Market to Reach $16.92 Billion by 2031 as Alternative Fuels and Digitalization Transform Maritime Propulsion - Analysis by Engine, Type, Power Range, Fuel, Vessel, Region",https://www.globenewswire.com/news-release/2026/07/23/3332332/28124/en/Marine-Engines-Market-to-Reach-16-92-Billion-by-2031-as-Alternative-Fuels-and-Digitalization-Transform-Maritime-Propulsion-Analysis-by-Engine-Type-Power-Range-Fuel-Vessel-Region.html,Research and Markets,2026-07-23T14:20:00Z,maritime transport,"Oil tankers and auxiliary engines will hold major shares, while Europe remains a significant market. Leading companies include Caterpillar, Wärtsilä, Volvo Penta, Everllence, Rolls-Royce, and Hyundai Heavy Industries. Oil tankers and auxiliary engines will ho…",GlobeNewswire,Unknown,Analysis/Opinion,2026-07-28T08:36:24.135178Z
ccd27120410e263155ac12b74b230875,Brent crude oil price surges past $100 as Houthi tanker attacks in Red Sea rattle markets,https://economictimes.indiatimes.com/markets/us-stocks/wall-street-guide/brent-crude-oil-price-surges-past-100-as-houthi-tanker-attacks-in-red-sea-rattle-markets/articleshow/132583335.cms,Akash Podishetti,2026-07-23T13:35:38Z,maritime transport,"Brent crude surged above $100 a barrel after Houthi rebels claimed attacks on Saudi oil tankers in the Red Sea, escalating supply concerns. Rising crude prices intensified inflation fears, lifted bond yields and heightened risks to global energy markets.",The Times of India,Global,Market Report,2026-07-28T08:36:24.135220Z
7b933debf66ab8c74f25a94bb2089b0d,Competition Commission carries out surprise inspections of ferry companies over pricing and market allocation concerns,https://en.protothema.gr/2026/07/23/competition-commission-carries-out-surprise-inspections-of-ferry-companies-over-pricing-and-market-allocation-concerns/,admin,2026-07-23T13:13:10Z,maritime transport,"The Commission clarifies that inspections do not mean that the companies have engaged in violations, nor do they prejudge the outcome of the investigation
The post Competition Commission carries out surprise inspections of ferry companies over pricing and mar…",Protothema.gr,Unknown,Market Report,2026-07-28T08:36:24.135271Z
8f631f708a486ee6acaa4ad9348df281,DP World’s Port of Posorja Ranked Among World’s Top 20 Most Efficient Container Ports for Second Consecutive Year,https://financialpost.com/globe-newswire/dp-worlds-port-of-posorja-ranked-among-worlds-top-20-most-efficient-container-ports-for-second-consecutive-year,GlobeNewswire,2026-07-23T13:01:29Z,maritime transport,"World Bank report also names Posorja the third most improved port globally since 2020 GUAYAQUIL, Ecuador, July 23, 2026 (GLOBE NEWSWIRE) — DP World’s Port of Posorja has once again been recognized among the world’s most efficient container ports, ranking 20th…",Financial Post,Global,Market Report,2026-07-28T08:36:24.135323Z
3b426afbeb3326c20a05427fb954a87c,Trump warns Iran will be held 'responsible' for Houthi ship attacks,https://economictimes.indiatimes.com/news/international/world-news/trump-warns-iran-will-be-held-responsible-for-houthi-ship-attacks/articleshow/132581089.cms,ET Online,2026-07-23T12:24:45Z,maritime transport,President Trump warned Iran of significant military punishment for Houthi attacks.  He described the Yemen-based militia as a proxy of Tehran.  This warning followed Houthi claims of striking two Saudi oil tankers.  The Houthis stated the vessels violated the…,The Times of India,Unknown,News,2026-07-28T08:36:24.135374Z
dc7664cfbe5e642ee756dd18476c59c2,"Today's top news: Middle East, Chad, Democratic Republic of the Congo, Sudan, Occupied Palestinian Territory, Afghanistan",https://www.globalsecurity.org/military/library/news/2026/07/mil-260723-unocha01.htm,John Pike,2026-07-23T12:00:00Z,maritime transport,"Escalation threatens trade and transport routes, risks deepening humanitarian needs",Globalsecurity.org,Unknown,News,2026-07-28T08:36:24.135411Z
5018f9d31bb7c329e1f06dff1ff35b96,ASEAN-UK Joint Ministerial Statement on Cooperation on the ASEAN Outlook on the Indo-Pacific: Advancing Together,https://www.globalsecurity.org/military/library/news/2026/07/mil-260723-ukfcdo04.htm,John Pike,2026-07-23T12:00:00Z,maritime transport,ASEAN-UK Joint Ministerial Statement on Cooperation on the ASEAN Outlook on the Indo-Pacific: Advancing Together,Globalsecurity.org,Unknown,Analysis/Opinion,2026-07-28T08:36:24.135441Z
c319eb72bcd35ad10e0b8d55ece51b67,"Resumption of US-Iran hostilities betrays peace memorandum, deepening civilian suffering across the region: UN experts",https://www.globalsecurity.org/wmd/library/news/iran/2026/07/iran-260723-ohchr02.htm,John Pike,2026-07-23T12:00:00Z,maritime transport,"UN experts* today condemned the resumption of hostilities between the United States and Iran and their spread across the wider region, only weeks after the signing of a 14-point Memorandum of Understanding intended to end the war.",Globalsecurity.org,USA,News,2026-07-28T08:36:24.135465Z
ac3aeda10fad5eb3148166c1eb6c7aec,Oil prices surge toward triple digits after Red Sea attacks,https://www.nbcnews.com/business/markets/oil-prices-rise-red-sea-attacks-houthis-saudi-trump-iran-war-rcna588851,Steve Kopack,2026-07-23T11:39:33Z,maritime transport,Oil prices rose Thursday to their highest level since early June after the latest Iran war escalation threatened severe new disruption to global supplies.,NBC News,Global,Market Report,2026-07-28T08:36:24.135496Z
7a778710c5f7efd7c7ea89469e22b40d,Houthis say they attacked 2 Saudi oil tankers in the Red Sea as US carries out 12th night of strikes,https://www.regionalmedianews.com/news/national/business/houthis-say-they-attacked-2-saudi-oil-tankers-in-the-red-sea-as-us-carries-out-12th-night-of-strikes/,,2026-07-23T11:05:15Z,maritime transport,"CAIRO (AP) – Yemen’s Iran-backed Houthi rebels said early Thursday they had attacked two Saudi oil tankers in the Red Sea, and the U.S. military conducted a 12th night of strikes against Iran as the two countries vie for control of vital shipping lanes. The […",Regionalmedianews.com,Unknown,News,2026-07-28T08:36:24.135577Z
0d27ea1c496015a38bba48b8cbdc273c,Houthis Say They Attacked 2 Saudi Oil Tankers in the Red Sea as US Carries Out 12th Night of Strikes,https://military.com/houthis-say-they-attacked-2-saudi-oil-tankers-in-the-red-sea-as-us-carries-out-12th-night-of-strikes,MLT Staff,2026-07-23T10:02:30Z,maritime transport,The Houthi attack threatened to open a new front in a war that has roiled the global economy.,Military.com,Global,News,2026-07-28T08:36:24.135611Z
234c8a156203071b2d993a5130f33ca3,ASEAN-UK Joint Ministerial Statement on Cooperation on the ASEAN Outlook on the Indo-Pacific: Advancing Together,https://www.gov.uk/government/news/asean-uk-joint-ministerial-statement-on-cooperation-on-the-asean-outlook-on-the-indo-pacific-advancing-together,"Foreign, Commonwealth & Development Office",2026-07-23T09:52:48Z,maritime transport,ASEAN-UK Joint Ministerial Statement on Cooperation on the ASEAN Outlook on the Indo-Pacific: Advancing Together,Www.gov.uk,Unknown,Analysis/Opinion,2026-07-28T08:36:24.135640Z
786155ba049f7891aab9199c35012c53,The Future of Ports Will Be Measured Beyond Throughput | Daily FT,https://www.ft.lk/business/The-Future-of-Ports-Will-Be-Measured-Beyond-Throughput/34-795042,,2026-07-23T09:07:42Z,maritime transport,"For decades, ports have been judged by the numbers that define operational success. Throughput, crane productivity, vessel turnaround time and berth utilisation have long been regarded as the key indicators of performance. They remain fundamental to global tr…",Www.ft.lk,Global,Market Report,2026-07-28T08:36:24.135685Z
0e77b894332cd9846d1ce19ec0ba9398,Houthis claim strikes on Saudi Arabian oil tankers in Red Sea as Iran conflict expands,https://www.cnbc.com/2026/07/23/iran-war-us-trump-houthis-red-sea-oil.html,Sam Meredith,2026-07-23T06:42:08Z,maritime transport,Yemen's Houthis said they had targeted two Saudi Arabian oil tankers with drones and missiles for allegedly violating its maritime blockade.,CNBC,Unknown,News,2026-07-28T08:36:24.135747Z
233e86dc0b4c5b8f31513670a060833c,Crude oil prices top $96 as Houthis target Saudi ships in Red Sea,https://www.thehindubusinessline.com/markets/commodities/crude-oil-prices-top-96-as-houthis-target-saudi-ships-in-red-sea/article71256486.ece,BL Mangaluru Bureau,2026-07-23T04:13:26Z,maritime transport,"At 9.34 am on Thursday, September Brent oil futures were at $96.14, up 2.2%, and September crude oil futures on WTI (West Texas Intermediate) were at $88.35, up 1.75%",BusinessLine,Unknown,Market Report,2026-07-28T08:36:24.135813Z
6853941d2665861612fb33fa2ebb7246,Live updates: Oil tops $100 a barrel as Red Sea attacks mark new escalation in Iran conflict | CNN,https://www.cnn.com/2026/07/23/world/live-news/iran-war-trump,"Billy Stockwell, Duarte Mendonca, Adrienne Vogt, Aida Karimi, Sana Noor Haq, Tim Lister, Nadeen Ebrahim, Betsy Klein, Alejandra Jaramillo, David Goldman, Hanna Ziady, Leila Gharagozlou, Mustafa Qadri, Jomana Karadsheh, Karina Tsui, Anna Cooban, Lex Harvey, Isaac Yee, Kit Maher, Logan Schiciano, Pamela Avila, Brad Lendon, Michael Williams, Alisha Ebrahimji, Alaa Elassar",2026-07-23T04:09:49Z,maritime transport,US President Donald Trump says Washington would hold Tehran responsible for any future Houthi attacks on ships in the Strait of Hormuz. Follow for live news updates.,CNN,Unknown,News,2026-07-28T08:36:24.135850Z
b1efa3d6d3c81e2671e24a98e8a7c335,Houthis claim strikes on Saudi oil tankers in Red Sea (VIDEO),https://www.rt.com/news/643358-houthis-strikes-saudi-tankers/,RT,2026-07-23T02:55:04Z,maritime transport,"Yemen’s Houthis say they struck two Saudi oil tankers in the Red Sea, marking the first such attack since the group declared a naval blockade of the kingdom",RT,Unknown,News,2026-07-28T08:36:24.135890Z
9f4e5cf91523be5a9c5ee4150a42918d,Apapa gridlock must be resolved permanently,https://punchng.com/apapa-gridlock-must-be-resolved-permanently/,Punch Newspapers,2026-07-22T23:36:15Z,maritime transport,"The persistent Apapa gridlock is crippling Nigeria’s maritime trade. Discover why permanent solutions are crucial to decongest ports and boost the economy.

Read More: https://punchng.com/apapa-gridlock-must-be-resolved-permanently/",The Punch,Unknown,News,2026-07-28T08:36:24.135936Z
710ef0726dc8c0c3c024cc89cce27f31,NIMASA unveils real-time vessel monitoring platform,https://punchng.com/nimasa-unveils-real-time-vessel-monitoring-platform/,Punch Newspapers,2026-07-22T23:07:11Z,maritime transport,"NIMASA launches Maritime Enhanced Monitoring System (MEMS) for real-time vessel and cargo tracking. This digital platform aims to boost transparency and ef

Read More: https://punchng.com/nimasa-unveils-real-time-vessel-monitoring-platform/",The Punch,Unknown,News,2026-07-28T08:36:24.135977Z
11bf961d88cdfa32a0a2111aa24fe497,Iran threatens to disrupt Gulf oil flow if US acts on threats,https://cryptobriefing.com/iran-threatens-to-disrupt-gulf-oil-flow-if-us-acts-on-threats/,Estefano Gomez,2026-07-22T18:50:43Z,maritime transport,"Iran threatens to disrupt Gulf oil flow amid U.S. tensions. Strait of Hormuz traffic normal by August 31 at 14.5% YES.
The post Iran threatens to disrupt Gulf oil flow if US acts on threats appeared first on Crypto Briefing.",Crypto Briefing,Unknown,News,2026-07-28T08:36:24.136016Z
2e37de3d8deaaa086394fbc410a626c7,Senate steps down Nigeria coast guard bill report over possible clash with navy,https://www.vanguardngr.com/2026/07/senate-steps-down-nigeria-coast-guard-bill-report-over-possible-clash-with-navy/,Nwafor,2026-07-22T18:10:41Z,maritime transport,"By Henry Umoru ABUJA — The Senate on Wednesday stepped down the consideration of a report on a bill seeking to establish the Nigeria Coast Guard, citing concerns over possible duplication of roles and conflict with the Nigerian Navy and other existing securit…",Vanguard,Unknown,Market Report,2026-07-28T08:36:24.136065Z
856386cb4ec61859be8fb6e4536de5a2,Trump issues chilling red-line threat as Iran opens new front and oil prices go haywire,https://www.dailymail.com/news/article-15997393/trump-iran-threat-oil-hormuz.html,Ross Ibbetson,2026-07-22T16:38:28Z,maritime transport,The President laid down the ultimatum on Wednesday as oil prices spiked to their highest level in more than a month.,Dailymail.com,Unknown,Market Report,2026-07-28T08:36:24.136097Z
f1505065286e939dfdfdeb0a64a2f2a4,Forward-Deployed U.S. Navy Flattop Concluding Six-Month Mission,https://www.forbes.com/sites/petersuciu/2026/07/22/forward-deployed-us-navy-flattop-concluding-six-month-mission/,"Peter Suciu, Contributor, 
 Peter Suciu, Contributor
 https://www.forbes.com/sites/petersuciu/",2026-07-22T14:28:20Z,maritime transport,"USS Tripoli (LHA-7) is offloading the 31st Marine Expeditionary Unit on Okinawa and will then return to its homeport in Sasebo, Nagasaki Prefecture",Forbes,Unknown,News,2026-07-28T08:36:24.136131Z
2026377ae063a4e2ea766866e1032e9e,Lawyers need practical knowledge of maritime trade to resolve disputes effectively — Igbokwe,https://www.vanguardngr.com/2026/07/lawyers-need-practical-knowledge-of-maritime-trade-to-resolve-disputes-effectively-igbokwe/,Nwafor,2026-07-22T11:09:18Z,maritime transport,"By Godwin Oritse ABUJA — President of the Nigerian Maritime Law Association (NMLA), Mr. Mike Igbokwe (SAN), has urged legal practitioners to deepen their understanding of maritime trade and commercial operations to effectively handle disputes arising in the s…",Vanguard,Unknown,News,2026-07-28T08:36:24.136195Z
b53fb6d1c1528e152ef6e0e3ba01aa75,Trouble is brewing at Middle East's two key chokepoints,https://economictimes.indiatimes.com/industry/energy/oil-gas/oils-new-flashpoint-trouble-is-brewing-at-middle-easts-two-key-chokepoints/articleshow/132553888.cms,ET Online,2026-07-22T07:49:50Z,maritime transport,Shipping disruptions are emerging in key Middle East oil transit routes.  Concerns are rising as vessels alter voyages due to security risks.  The Strait of Hormuz and Red Sea are experiencing reduced vessel traffic.  Houthi rebels have threatened a full bloc…,The Times of India,Unknown,News,2026-07-28T08:36:24.136246Z
487b5a85c81de66f904c53a9e0bafe00,Building Postcarbon Futures: We Need a Wider Aperture,https://landezine.com/building-postcarbon-futures-we-need-a-wider-aperture/,Urska Skerl,2026-07-22T06:45:48Z,maritime transport,"Interview with Billy Fleming on landscape architecture’s service to capital and what design could become in a just postcarbon transition: moving beyond heroic projects toward public ownership, community power, land justice and political action.",Landezine.com,Unknown,Analysis/Opinion,2026-07-28T08:36:24.136287Z
ec6cac20f6894c58044a26eb4f9b6c53,Mind the Gaps: Rethinking Landpower in a Maritime Environment,https://smallwarsjournal.com/2026/07/22/rethinking-landpower-first-island-chain/,Christopher Lee,2026-07-22T06:00:12Z,maritime transport,"Abstract The decisive terrain in a Taiwan contingency extends beyond the Taiwan Strait to the maritime gaps of the First Island Chain, where land forces will play a critical role in deterring and contesting Chinese power projection. This article argues that t…",Smallwarsjournal.com,China,News,2026-07-28T08:36:24.136310Z
4fe609138e586afbfe7f00d6c13ec97a,"Greece in the grip of a heatwave today: Emergency Weather Bulletin in effect, temperatures up to 43°C expected",https://en.protothema.gr/2026/07/22/greece-in-the-grip-of-a-heatwave-today-emergency-weather-bulletin-in-effect-temperatures-up-to-43c-expected/,Newsroom,2026-07-22T04:46:00Z,maritime transport,"The temperature is soaring into the danger zone today as the heatwave reaches its peak, with temperatures expected to climb as high as 43°C. The Hellenic National Meteorological Service warns of difficult conditions, while a gradual easing of the heat is expe…",Protothema.gr,Greece,News,2026-07-28T08:36:24.136361Z
be7e28abf46b0f8c2402021a29cbb098,"Houthi Red Sea Threats: Oil Prices, Inflation at Risk",https://www.juancole.com/2026/07/houthi-threats-inflation.html,The Conversation,2026-07-22T04:06:17Z,maritime transport,"Businesses and governments need to consider long-term alternatives for sourcing and shipments of key goods, including oil",Juancole.com,Unknown,Market Report,2026-07-28T08:36:24.136393Z
4aca9b5ccabfb69b195f9927595f9f10,Bombardier Defense Announces 10-Year Services Support Agreement with Swedish Armed Forces for Fleet Modernization Initiative,https://www.globenewswire.com/news-release/2026/07/22/3331063/0/en/Bombardier-Defense-Announces-10-Year-Services-Support-Agreement-with-Swedish-Armed-Forces-for-Fleet-Modernization-Initiative.html,Bombardier Inc.,2026-07-22T04:00:00Z,maritime transport,"Brigadier General Carl-Frederik Edström, Director of the Air and Space Systems Division at FMV, and Paul Sislian, Executive Vice President, Aircraft Sales and Bombardier Aftermarket Services, participated in an announcement ceremony to commemorate newly signe…",GlobeNewswire,Unknown,Market Report,2026-07-28T08:36:24.136443Z
b82ce187cfda8e17f2c07a1d2ff3297f,"Leonardo Secures Indonesian M-346F Deal, Advances AW149 Talks and Eyes Ukrainian Drone Cooperation",https://theaviationist.com/2026/07/21/leonardo-indonesia-m-346f-aw149/,Stefano D'Urso,2026-07-21T20:24:39Z,maritime transport,"Leonardo will provide Indonesia with 12 M-346F Block 20 light fighter aircraft and negotiate a contract for AW149 helicopter, while looking at a potential cooperation with the Ukrainian drone industry. Leonardo and PT ESystem Solutions announced on July 21, 2…",Theaviationist.com,Ukraine,News,2026-07-28T08:36:24.136479Z
0f28a9775b4979cffd4afa73c05ec829,Why new Houthi threats in the Red Sea could spell trouble for global oil prices and inflation,https://theconversation.com/why-new-houthi-threats-in-the-red-sea-could-spell-trouble-for-global-oil-prices-and-inflation-287948,"Sanjoy Paul, Associate Professor in Operations and Supply Chain Management, UTS Business School, University of Technology Sydney",2026-07-21T20:10:09Z,maritime transport,"Each year, about 10–12% of global shipping trade passes through the Bab el-Mandeb Strait – whose name means ‘Gate of Tears’.",The Conversation Africa,Global,Market Report,2026-07-28T08:36:24.136513Z
e3bea69ff37670a6486ee92ea91c052c,Forget traditional shipbuilding: Saronic’s new $3.2 billion 'Port Alpha' autonomous navy drone shipyard will be bigger than every 2026 World Cup stadium combined,https://www.techradar.com/pro/forget-traditional-shipbuilding-saronics-new-usd3-2b-port-alpha-autonomous-navy-drone-shipyard-will-be-bigger-than-every-2026-world-cup-stadium-combined,Efosa Udinmwen,2026-07-21T20:10:00Z,maritime transport,"This massive Texas shipyard could eventually cover 4,400 acres and build autonomous vessels longer than football fields",TechRadar,Unknown,News,2026-07-28T08:36:24.136559Z
cedf7ea04e4806e2d5af1e19d70ad4e1,Labor members revive push for national gambling watchdog,https://www.abc.net.au/news/2026-07-22/labor-conference-anthony-albanese-gambling-regulation/106942106,Clare Armstrong,2026-07-21T18:50:33Z,maritime transport,"Labor members and unions are gearing up for fights over gambling, gas and AI at the party's national conference later this week.",ABC News (AU),Unknown,News,2026-07-28T08:36:24.136592Z
9fae44583a7d1fe43755ea1986cb85c5,Bluecore Energy raises $10M to build portable nuclear reactors on barges | TechCrunch,https://techcrunch.com/2026/07/21/this-uber-alumn-just-raised-a-10m-pre-seed-to-build-portable-nuclear-enegry/,Dominic-madori Davis,2026-07-21T13:20:00Z,maritime transport,Maritime nuclear energy startup Bluecore Energy has raised $10 million in a pre-seed funding round led by Slauson & Co.,TechCrunch,Unknown,News,2026-07-28T08:36:24.136653Z
30d77793dd5f319db7586f2ee64172cf,Stronger China-Panama Cooperation Serves Interests of Both Countries - Foreign Ministry,https://sputnikglobe.com/20260721/stronger-china-panama-cooperation-serves-interests-of-both-countries---foreign-ministry-1124472933.html,Sputnik International,2026-07-21T13:14:44Z,maritime transport,"BEIJING (Sputnik) - Strengthening exchanges and cooperation between China and Panama across various fields serves the interests of both countries, Chinese Foreign Ministry spokesperson Lin Jian on Tuesday.",Sputnikglobe.com,China,News,2026-07-28T08:36:24.136671Z
ff7e81de1572df33162f710e38f94a99,"Tripoli ARG, 31st MEU return from U.S. 5th, 7th Fleet deployment",https://www.globalsecurity.org/military/library/news/2026/07/mil-260721-seventhfleet01.htm,John Pike,2026-07-21T12:00:00Z,maritime transport,"The Navy-Marine Corps team of the Tripoli Amphibious Ready Group (ARG) and 31st Marine Expeditionary Unit (MEU) concluded a dynamic six-month deployment to the U.S. 5th and 7th Fleet areas of operations, as the 31st MEU offloaded in Okinawa, July 22, 2026.",Globalsecurity.org,Unknown,News,2026-07-28T08:36:24.136713Z
a35d89b49b4941e2efd46702894d2f51,Guterres calls for stepping up diplomatic efforts to end US-Iran conflict,https://www.globalsecurity.org/wmd/library/news/iran/2026/07/iran-260721-unnews01.htm,John Pike,2026-07-21T12:00:00Z,maritime transport,"The United Nations again called for restraint as war ramps up in the Middle East, underscoring the need for dialogue and an end to attacks on ""vital infrastructure"" across the region.",Globalsecurity.org,Unknown,News,2026-07-28T08:36:24.136752Z
2c4ff028f6ff1963f3149565b9325037,"ZenaTech's ZenaDrone Subsidiary Begins Scheduling U.S. Government Defense Demonstrations, Starting with First Confirmed Agency Engagement",https://www.globenewswire.com/news-release/2026/07/21/3330355/0/en/ZenaTech-s-ZenaDrone-Subsidiary-Begins-Scheduling-U-S-Government-Defense-Demonstrations-Starting-with-First-Confirmed-Agency-Engagement.html,ZenaTech Inc.,2026-07-21T11:45:00Z,maritime transport,"ZenaTech's ZenaDrone Subsidiary Begins Scheduling U.S. Government Defense Demonstrations, Starting with First Confirmed Agency Engagement...",GlobeNewswire,Unknown,News,2026-07-28T08:36:24.136823Z
eeb0e59ff4b24df99555563bf6527078,"Iran-backed Houthis announce blockade. And, Cyclospora source remains unknown",https://www.npr.org/2026/07/21/g-s1-134720/up-first-newsletter-yemen-houthi-iran-war-pete-hegseth-pentagon-fda-cyclospora,Brittney Melton,2026-07-21T11:12:41Z,maritime transport,"Iran-backed Houthis say they will blockade a waterway on the Red Sea. And, the FDA continues to investigate Taylor Farms lettuce as a source of the Cyclospora outbreak despite a retracted test.",NPR,Unknown,News,2026-07-28T08:36:24.136863Z
2c45bf8b67c7438ca5a991394b4fd207,"Lost Pan Am Airliner Clipper Endeavor Found After Decades by Air/Sea Heritage Foundation, Eco Minerals, and Discovery Channel's ""Expedition Unknown""",http://www.thefutoncritic.com/news/2026/07/21/lost-pan-am-airliner-clipper-endeavor-found-after-decades-by-air-sea-heritage-foundation-eco-minerals-and-discovery-channels-expedition-unknown-401313/20260721discovery01/,,2026-07-21T06:06:00Z,maritime transport,This landmark discovery sheds new light on the fate of the aircraft whose tragic legacy forever transformed modern air travel.,Thefutoncritic.com,Unknown,News,2026-07-28T08:36:24.136930Z
f5f81497f1645fba1b76ddb797fa82b2,"Saudi Arabia rejects Houthi blockade, vows to protect Red Sea shipping",https://www.israelnationalnews.com/news/430488,Elad Benari,2026-07-21T01:13:07Z,maritime transport,"Saudi Arabia firmly dismisses Houthi allegations, promising to defend its ships as the Iranian-backed group announces a naval embargo on the Kingdom.",Israelnationalnews.com,Unknown,News,2026-07-28T08:36:24.136965Z
9b6838eed14559e34046064dce53ac35,Shipping problems continue as Rhine water level falls again,https://finance.yahoo.com/markets/commodities/articles/shipping-problems-continue-rhine-water-081225142.html,Reuters,2026-07-27T08:12:25Z,cargo shipping,"HAMBURG, July 27 (Reuters) - The river Rhine in Germany has fallen after weekend rain in south Germany was less than expected and is forecast to fall further...",Yahoo Entertainment,Germany,Analysis/Opinion,2026-07-28T08:36:24.481748Z
e31144d4092269675e2b3fa4c211c11f,Saudi oil can still get out — but it won’t be cheap or easy,https://economictimes.indiatimes.com/industry/energy/oil-gas/saudi-arabia-oil-can-still-get-out-but-it-wont-be-cheap-or-easy-hormuz-red-sea-houthi-blockade-bab-el-mandeb-tanker-attack-iran-war/articleshow/132654979.cms,Bloomberg,2026-07-27T07:32:54Z,cargo shipping,"Saudi Arabia faces a challenge rerouting oil exports due to Houthi attacks.  An existing pipeline bypasses the Strait of Hormuz, but a new detour is needed.  This new bypass requires additional pipelines and significant diplomatic efforts.  The kingdom must n…",The Times of India,Unknown,News,2026-07-28T08:36:24.482049Z
d074a40cc3908bc0b3941a8b72e2c905,An abandoned SpaceX rocket is about to crash into the Moon. The real problem comes next,https://theconversation.com/an-abandoned-spacex-rocket-is-about-to-crash-into-the-moon-the-real-problem-comes-next-288287,"Gregory Radisic, Fellow at the Centre for Space, Cyberspace and Data Law; Senior Teaching Fellow, Faculty of Law, Bond University",2026-07-27T06:21:54Z,cargo shipping,"As the Moon starts getting crowded, questions of safety and responsibility are becoming hard to ignore.",The Conversation Africa,Unknown,News,2026-07-28T08:36:24.482087Z
025549ca6a210916abe3bb5219ab3822,"US, Iran hold fire as Trump gives talks ‘space’",https://www.hurriyetdailynews.com/us-iran-hold-fire-as-trump-gives-talks-space-224841,hurriyetdailynews.com,2026-07-27T05:39:36Z,cargo shipping,"Iran and the United States maintained a pause in attacks on July 27, easing pressure on Gulf shipping and oil markets as Washington said President Donald Trump was allowing diplomatic efforts more time.",Hurriyet Daily News,USA,Market Report,2026-07-28T08:36:24.482143Z
10423c38ca22b6829ae574ab0dbf5080,Saudi Arabia-Bound Supertanker U-Turns Before Houthi Chokepoint,https://www.insurancejournal.com/news/international/2026/07/27/879009.htm,Admin,2026-07-27T05:05:00Z,cargo shipping,"A Hong Kong-flagged supertanker bound for Saudi Arabia’s Red Sea port of Yanbu has U-turned just before reaching the Bab el-Mandeb chokepoint, where recent attacks were launched by the Houthis as part of a blockade on ships linked to the …",Insurance Journal,Unknown,News,2026-07-28T08:36:24.482206Z
920e4bd12b6b1d8c067a8fbe2d48b1da,"Mumbai Port mulls new oil jetties, specialised cargo terminals: Angamuthu",https://www.thehindubusinessline.com/economy/logistics/mumbai-port-mulls-new-oil-jetties-specialised-cargo-terminals-angamuthu/article71271291.ece,G Naga Sridhar,2026-07-27T03:04:21Z,cargo shipping,"Mumbai Port Authority plans crude oil jetties, LNG bunkering, auto storage and cement facilities to boost cargo capacity after achieving a record FY26 throughput.",BusinessLine,India,News,2026-07-28T08:36:24.482229Z
e374df5e37574be0266d9aaa59bc267e,Iran warns Ukraine of retaliation after Caspian Sea cargo vessel strike,https://www.israelnationalnews.com/news/430801,Israel National News,2026-07-27T02:24:11Z,cargo shipping,Tehran summons a Ukrainian diplomat and warns of retaliation following a Caspian Sea strike on an Iranian vessel that killed a sailor.,Israelnationalnews.com,Ukraine,News,2026-07-28T08:36:24.482257Z
3f98156c85bb9cfa798814fe084da2ce,Red Sea Shipping Slows After Houthi Attack On Saudi Arabia,https://gcaptain.com/red-sea-shipping-slows-after-houthi-attack-on-saudi-arabia/,Reuters,2026-07-27T01:58:25Z,cargo shipping,"By Florence Tan SINGAPORE, July 27 (Reuters) – Ship traffic through Bab el-Mandeb fell on Sunday after Yemeni Houthis attacked Saudi oil installations along the Red Sea coast, while transit through the...",gcaptain.com,Singapore,News,2026-07-28T08:36:24.482291Z
a228ec5e2f762eef51979bfe7d601d0e,Red Sea shipping slumps after Houthi strikes on Saudi Arabia energy infrastructure,https://economictimes.indiatimes.com/news/international/world-news/red-sea-shipping-slumps-after-houthi-strikes-on-saudi-arabia-energy-infrastructure/articleshow/132650447.cms,Reuters,2026-07-27T00:53:39Z,cargo shipping,"Ship traffic through Bab el-Mandeb declined significantly on Sunday. This occurred after Yemeni Houthis attacked Saudi oil installations along the Red Sea coast. Meanwhile, transit through the Strait of Hormuz stayed low over the weekend. Seven commodity vess…",The Times of India,Unknown,News,2026-07-28T08:36:24.482344Z
003b0310cdaf0530f0b4b4df0f224bf9,Red Sea traffic slows after Houthi attack on Saudi Arabia,https://www.rte.ie/news/world/2026/0727/1585219-red-sea-traffic/,RTÉ News,2026-07-27T00:27:04Z,cargo shipping,Ship traffic through Bab el-Mandeb has fallen after Yemeni Houthis attacked Saudi oil installations along the Red Sea coast.,RTE,Unknown,News,2026-07-28T08:36:24.482378Z
a74b9d7ed356bdc5099f4b5929eed391,"NDLEA intercepts UK-bound cocaine, arrests Lagos businessman",https://punchng.com/ndlea-intercepts-uk-bound-cocaine-arrests-lagos-businessman/,Punch Newspapers,2026-07-26T23:22:20Z,cargo shipping,"NDLEA arrests a Lagos businessman for attempting to export 3.30kg of cocaine to the UK, concealed in foodstuff cartons. Read more on the NDLEA cocaine arre

Read More: https://punchng.com/ndlea-intercepts-uk-bound-cocaine-arrests-lagos-businessman/",The Punch,Unknown,News,2026-07-28T08:36:24.482423Z
48f910ca1326b693a3d8634eee3c6581,"Vessel sinks a week after being struck by Russian fire, Ukrainian officials say - Reuters",https://slashdot.org/firehose.pl?op=view&amp;id=184710510,feedfeeder,2026-07-26T23:12:30Z,cargo shipping,"Vessel sinks a week after being struck by Russian fire, Ukrainian officials sayReuters 2 Indians Missing After Another Attack On Ship At Odesa Port In UkraineNDTV Ukraine war briefing: Russia behind deadly strike on cargo ship, says Ukraine, as Putin thanks N…",Slashdot.org,India,News,2026-07-28T08:36:24.482451Z
7268811bcf79fda465c372e32d256f85,Russia conducts new strikes on Ukrainian ports and shipping – MOD,https://www.rt.com/russia/643499-ukraine-ports-shipping-strikes/,RT,2026-07-26T21:17:41Z,cargo shipping,The Russian military hit three vessels involved in Kiev’s war effort as well as bombed a port warehouse used to store military hardware,RT,Russia,News,2026-07-28T08:36:24.482477Z
01c21a63966ff9b7d6810f45ac80c869,Iran must never have a nuclear weapon,https://www.wnd.com/2026/07/iran-must-never-have-nuclear-weapon/,RealClearWire,2026-07-26T21:05:45Z,cargo shipping,And that requires ending the regime that insists on having one,Wnd.com,Unknown,News,2026-07-28T08:36:24.482504Z
348be36951280e88b6cf94a78c896f3e,Bhogapuram vs Parandur: Contrasting timelines of two greenfield airports,https://www.thehindubusinessline.com/economy/logistics/bhogapuram-vs-parandur-contrasting-timelines-of-two-greenfield-airports/article71270459.ece,T E Raja Simhan,2026-07-26T19:42:03Z,cargo shipping,"Explore the contrasting timelines of Bhogapuram and Parandur airports, highlighting challenges and implications for infrastructure development in southern India.",BusinessLine,India,News,2026-07-28T08:36:24.482525Z
0d660f3efae35fb99faed720305d17b5,"Ukraine strikes Iranian vessels in Caspian Sea, Tehran accuses Kyiv of ‘hostile and criminal act’",https://freerepublic.com/focus/f-news/4389445/posts,CNBC,2026-07-26T18:57:15Z,cargo shipping,"Iran summoned a Ukrainian diplomat in Tehran on Sunday to protest an attack on an Iranian commercial vessel in the Caspian Sea, as the war in the Middle East threatened to overlap with the Ukraine conflict. Iran said the attack left one sailor dead and injure…",Freerepublic.com,Ukraine,News,2026-07-28T08:36:24.482586Z
4c43a83b4050fde44453438661413203,Tanker hits mine in the Strait of Hormuz as Iran intercepts six vessels (per IRGC),https://freerepublic.com/focus/f-news/4389442/posts,The New York Post,2026-07-26T18:28:14Z,cargo shipping,"An oil tanker blew up in the Strait of Hormuz after hitting a mine on Sunday, according to Iran’s military-linked state media, which also claimed that the Islamic Republic had intercepted at least six ships in the past 24 hours.The tanker, which was not immed…",Freerepublic.com,Unknown,News,2026-07-28T08:36:24.482636Z
96913f414d3cea7dd848c65a88be5b3e,Russia crude prices swing wildly amid Iran war,https://economictimes.indiatimes.com/industry/energy/oil-gas/russia-crude-prices-swing-wildly-amid-iran-war-discounts-turned-into-premiums-before-easing-only-to-tighten-again-as-hostilities-reignited/articleshow/132646520.cms,Sanjeev Choudhary,2026-07-26T18:24:30Z,cargo shipping,"The landscape of Russian crude prices for Indian refiners has seen considerable volatility influenced by the Iran war. Initially, discounts transformed into premiums amid escalating supply uncertainties. However, an influx of Russian cargoes enabled refiners …",The Times of India,India,Market Report,2026-07-28T08:36:24.482662Z
31ac82b9cb98501e96733fbce3ce63e4,Ukraine’s attack on an Iranian ship in the Caspian Sea could signal a new battlefront as U.S. seeks to form ‘a ring of economic and military pressure’,https://fortune.com/2026/07/26/us-iran-war-ukraine-caspian-sea-houthis-red-sea-bab-el-mandeb-hormuz/,Jason Ma,2026-07-26T17:44:19Z,cargo shipping,"""In any case, what is clear is that Iran’s war is becoming increasingly intertwined with two other conflicts: the Saudi-Houthi confrontation and the Russia-Ukraine war.""",Fortune,Russia,News,2026-07-28T08:36:24.482697Z
db4a301e1de6aa7ad6f1dd8a125af0d5,Iran accuses Ukraine of attacking merchant vessel as Caspian Sea becomes new front in global conflict,https://cryptobriefing.com/iran-ukraine-caspian-sea-attack-crypto-implications/,Editorial Team,2026-07-26T16:09:26Z,cargo shipping,"The Caspian Sea incident could escalate geopolitical tensions, impacting global energy trade and prompting tighter sanctions and crypto scrutiny.
The post Iran accuses Ukraine of attacking merchant vessel as Caspian Sea becomes new front in global conflict ap…",Crypto Briefing,Ukraine,News,2026-07-28T08:36:24.482757Z
ff34e809f7a9a98cb83324bceec2b1ae,ROBERT MAGINNIS: The Pentagon's plan to seize Iran's uranium isn't a raid. It's an invasion.,https://www.foxnews.com/opinion/robert-maginnis-pentagons-plan-seize-irans-uranium-isnt-raid-its-invasion,,2026-07-26T14:46:31Z,cargo shipping,"The Pentagon reportedly revived a plan to send thousands of troops into Iran to seize enriched uranium, but the mission's risks echo Operation Eagle Claw.",Fox News,Unknown,Market Report,2026-07-28T08:36:24.482793Z
f1539567ed667a80151d019e7b721135,"Moscow assisting Iran, Zelensky says after Ukrainian attack on ship...",https://www.jpost.com/middle-east/iran-news/article-903665,the jerusalem post | jpost.com,2026-07-26T13:00:18Z,cargo shipping,The Ukrainian President said Russian satellite surveillance is being given to Iranian authorities with a clear correlation between the intel and subsequent Iranian strikes in Gulf states.,The Jerusalem Post,Russia,News,2026-07-28T08:36:24.482817Z
27b9356b688b4f45382e27213d0e4c46,NDLEA arrests Lagos businessman over UK cocaine plot,https://www.vanguardngr.com/2026/07/ndlea-arrests-lagos-businessman-over-uk-cocaine-plot/,efosataiwo@vanguardngr.com,2026-07-26T11:23:42Z,cargo shipping,"The National Drug Law Enforcement Agency (NDLEA) has arrested a Lagos-based businessman accused of masterminding an attempt to smuggle cocaine to the United Kingdom, as operatives recorded a series of major drug seizures and arrests across the country.
The po…",Vanguard,UK,News,2026-07-28T08:36:24.482885Z
fde1b43fe9500dd02c187a327d177e86,NDLEA arrests Lagos businessman over 3.3kg cocaine bound for UK,https://punchng.com/ndlea-arrests-lagos-businessman-over-3-3kg-cocaine-bound-for-uk/,Punch Newspapers,2026-07-26T11:09:54Z,cargo shipping,"The NDLEA has arrested a Lagos businessman for attempting to export 3.3kg of cocaine to the UK, uncovering a major drug trafficking operation.

Read More: https://punchng.com/ndlea-arrests-lagos-businessman-over-3-3kg-cocaine-bound-for-uk/",The Punch,Unknown,News,2026-07-28T08:36:24.482928Z
005d8095f19d3429f3c5d93d299dbe1c,"After Strait of Hormuz and Red Sea, has Iran war now reached Caspian Sea?",https://www.aljazeera.com/news/2026/7/26/after-strait-of-hormuz-and-red-sea-has-iran-war-now-reached-caspian-sea,Caolán Magee,2026-07-26T10:45:23Z,cargo shipping,Iran condemns what it calls a 'hostile and criminal' Ukrainian attack on commercial vessel. How will it affect the war?,Al Jazeera English,Ukraine,News,2026-07-28T08:36:24.482951Z
ca0797f174d18ba5d9192c1b15798650,"Ukraine strikes Iranian vessels in Caspian Sea, Tehran accuses Kyiv of 'hostile and criminal act'",https://www.cnbc.com/2026/07/26/ukraine-strikes-iranian-vessels-tehran-accuses-kyiv-of-hostile-act.html,Azhar Sukri,2026-07-26T10:14:39Z,cargo shipping,"The latest attacks by Ukraine, combined with Saudi military strikes on Iran-backed Houthi targets in Yemen, represent a widening of the Middle East conflict.",CNBC,Ukraine,News,2026-07-28T08:36:24.482976Z
4321e4075a378b37aaaa2d89595f6570,Electrifying progress: shipping may take time to dump fossil fuels but ports are switching to clean energy,https://www.livemint.com/opinion/online-views/electrifying-shipping-dump-fossil-fuels-ports-switching-to-clean-energy-carbon-emissions-11785008228500.html,mint,2026-07-26T10:00:16Z,cargo shipping,"The global transition to clean energy has found safe harbour in an unlikely place—ports. Although ships may run on carbon-spewing fuels for quite a while yet, the land operations of shipping are going electric. It counts as climate action.",Livemint,Global,News,2026-07-28T08:36:24.483032Z
cd7b5186313952e65a02b43779775ad8,Nike Men's Jordan Session Shoes for $57 + shipping varies,https://www.dealnews.com/Nike-Mens-Jordan-Session-Shoes-for-57-shipping-varies/21933208.html,,2026-07-26T08:53:57Z,cargo shipping,"Using promo code ""DAYONE"", these Jordan Session shoes drop to $56.98, down from $95. That makes for a total savings of $38. The suede upper is designed to develop a worn-in, vintage look over time. Buy Now at Nike
 Features
 <ul> <li>Suede upper</li> <li>Sk…",Dealnews.com,Unknown,News,2026-07-28T08:36:24.483080Z
5043e02768db6c2fc2833ecf9fa7de8c,Motor Trend FlexTough Lite Rubber Car Mat & Cargo Liner Full Set for $30 + free shipping,https://www.dealnews.com/Motor-Trend-Flex-Tough-Lite-Rubber-Car-Mat-Cargo-Liner-Full-Set-for-30-free-shipping/21933193.html,,2026-07-26T07:37:39Z,cargo shipping,"At Amazon, get the Motor Trend FlexTough Lite Rubber Car Mat & Cargo Liner Full Set for $30. It's the best price Amazon has charged for this set. The set covers the full interior with front mats, a rear mat, and a cargo liner, and the rubber material is desig…",Dealnews.com,Unknown,News,2026-07-28T08:36:24.483130Z
2256501aa179210bb4c770a20526c951,Iran war spreads to Red Sea and Caspian; No US attacks for first time in two weeks,https://www.thehindubusinessline.com/news/world/iran-war-spreads-to-red-sea-and-caspian-no-us-attacks-for-first-time-in-two-weeks/article71268735.ece,Reuters,2026-07-26T06:21:34Z,cargo shipping,"Signs of the Iran war’s spread emerged this ‌weekend despite a pause in U.S. strikes, as Yemen’s Iran-aligned Houthis attacked Saudi oil installations along the Red Sea coast ​and Iran accused Ukraine of targeting an Iranian vessel in the Caspian Sea.",BusinessLine,Ukraine,News,2026-07-28T08:36:24.483176Z
c018269019c05b20216e697f931c3c67,New front in US-Iran war escalates as Houthis fire at Saudi oil facilities,https://www.aljazeera.com/news/2026/7/26/new-front-in-us-iran-war-escalates-as-houthis-fire-at-saudi-oil-facilities,Al Jazeera Staff,2026-07-26T04:40:17Z,cargo shipping,Conflict also spreads to Caspian Sea as Tehran accuses Ukraine of a deadly attack on an Iranian vessel.,Al Jazeera English,Ukraine,News,2026-07-28T08:36:24.483199Z
a7ec099cfd36cdc17c28811dbfdf979d,Saudi Arabia-Bound Supertanker U-Turns Before Houthi Chokepoint,https://gcaptain.com/saudi-arabia-bound-supertanker-u-turns-before-houthi-chokepoint/,Bloomberg,2026-07-26T03:45:15Z,cargo shipping,"By Weilun Soon Jul 25, 2026 (Bloomberg) –A Hong Kong-flagged supertanker bound for Saudi Arabia’s Red Sea port of Yanbu has U-turned just before reaching the Bab el-Mandeb chokepoint, where recent...",gcaptain.com,Unknown,News,2026-07-28T08:36:24.483243Z
d465520f95f0a9745dfb9555351527e2,Iran-backed Houthis fire missiles at Saudi Arabia in response to airstrikes in Yemen,https://economictimes.indiatimes.com/news/defence/iran-backed-houthis-fire-missiles-at-saudi-arabia-in-response-to-airstrikes-in-yemen/articleshow/132635407.cms,AP,2026-07-26T00:49:39Z,cargo shipping,Yemen's Houthi rebels launched missile and drone attacks on Saudi Arabia in retaliation for airstrikes. These actions escalate tensions over vital shipping routes in the Red Sea and the Strait of Hormuz. The conflict has resulted in thousands of casualties ac…,The Times of India,Unknown,News,2026-07-28T08:36:24.483298Z
6e56cb73f1d0621a40cc2db2eca67153,"HD Hyundai Samho Secures Order for Four Port Cranes at Port of Tacoma, Advancing MASGA Project",https://www.prnewswire.com/news-releases/hd-hyundai-samho-secures-order-for-four-port-cranes-at-port-of-tacoma-advancing-masga-project-302834566.html,,2026-07-26T00:00:00Z,cargo shipping,"Signs contract with HMM's U.S. subsidiary, Washington United Terminals, to supply four port cranes Award reflects HD Hyundai Samho's design and manufacturing expertise, deep understanding of U.S. port operations and strong customer trust ""We will support the …",PRNewswire,Unknown,News,2026-07-28T08:36:24.483351Z
85ad5de2fd781d3742eb8dbd25e8f33f,Houthis Fire Missiles At Saudi Arabia In Response To Airstrikes In Yemen,https://www.huffpost.com/entry/ap-ml-iran-us-houthis-saudi-arabia_n_6a651d0ce4b021af4925b01c,HuffPost,2026-07-25T20:37:11Z,cargo shipping,Yemen’s Iran-backed Houthi rebels say they fired missiles and drones at Saudi Arabia in response to Saudi airstrikes on Yemen's strategic Red Sea city of Hodeida.,HuffPost,Unknown,News,2026-07-28T08:36:24.483395Z
6acd4512cd63baea2eab2c662a95bb6c,Iran reports Ukrainian drone strike killed sailor on Caspian Sea vessel,https://cryptobriefing.com/ukraine-caspian-sea-drone-strike-iran/,Editorial Team,2026-07-25T19:14:45Z,cargo shipping,"Ukrainian drone strikes in the Caspian Sea killed a sailor on an Iran-linked vessel, escalating conflict risks for energy markets and crypto
The post Iran reports Ukrainian drone strike killed sailor on Caspian Sea vessel appeared first on Crypto Briefing.",Crypto Briefing,Ukraine,Market Report,2026-07-28T08:36:24.483419Z
a72396cd0a1c25e1e7da8a91316da9af,Higher prices are rewriting grocery lists and family menus in 2026,https://www.wgauradio.com/news/business/americans-rewire/MRPHFZE2H467JBVAZVG5ILKTMY/,Dee-ann Durbin,2026-07-25T17:40:08Z,cargo shipping,Living through the biggest jump in grocery prices in a half-century has many Americans changing their eating and food shopping habits,Wgauradio.com,USA,Market Report,2026-07-28T08:36:24.483437Z
21becd184973641f2d0efc33f956593d,Oil Keeps Flowing From Red Sea As Hormuz Bypass Stays Open,https://gcaptain.com/oil-keeps-flowing-from-red-sea-as-hormuz-bypass-stays-open/,Bloomberg,2026-07-25T15:59:51Z,cargo shipping,"By Weilun Soon and Julian Lee Jul 24, 2026 (Bloomberg) –Millions of barrels of Saudi Arabian crude are still being shipped from the nation’s Red Sea coast to the global market,...",gcaptain.com,Global,Market Report,2026-07-28T08:36:24.483494Z
e1801d7972aaf73ed1a0bb72764bdee7,Meet the Americans learning to go without after the biggest grocery inflation in 50 years,https://fortune.com/2026/07/25/grocery-inflation-families-texas-san-francisco-hawaii/,"Dee-Ann Durbin, Terry Tang, Maggie Scales, Sandy Guatibonza, Hikari Mae Hida, The Associated Press",2026-07-25T13:54:52Z,cargo shipping,"“Prices are sky-high. One hundred dollars’ worth of groceries these days is nothing,” says 60-year-old Ada Torres of Cleveland, Texas.",Fortune,USA,Market Report,2026-07-28T08:36:24.483514Z
5ae6f73f60b076822c4083202d04ddc8,Americans rewire their grocery shopping routines while digesting the biggest price jump in 50 years,https://economictimes.indiatimes.com/news/international/business/americans-rewire-their-grocery-shopping-routines-while-digesting-the-biggest-price-jump-in-50-years/articleshow/132625699.cms,AP,2026-07-25T12:26:01Z,cargo shipping,Americans are changing grocery shopping habits due to significant price increases.  Many are now hunting for discounts and switching to store brands.  Families are buying less meat and skipping nonessential food items.  Some individuals are relying on food ba…,The Times of India,USA,News,2026-07-28T08:36:24.483547Z
6faa90f39b14c4c6d6ea9b8c24fa770a,"Narco-state Europe: How continent is being terrorised by growing drugs mafia as French mayor is forced into hiding, influencer is threatened and Belgium becomes smuggling hub",https://www.dailymail.com/news/article-16002213/Narco-state-Europe-drugs-mafia-French-mayor.html,Eliana Silver,2026-07-25T11:53:49Z,cargo shipping,"Drug mafias are tightening their grip on Europe, terrorising communities, threatening public officials and transforming Belgium into a major gateway for cannabis flowing into the continent.",Dailymail.com,Unknown,News,2026-07-28T08:36:24.483595Z
f70db080fe297de3571cca36076337db,Americans rewire their grocery shopping routines while digesting the biggest price jump in 50 years,https://abcnews.com/US/wireStory/americans-rewire-grocery-shopping-routines-digesting-biggest-price-135077702,"DEE-ANN DURBIN Associated Press, TERRY TANG Associated Press, MAGGIE SCALES Associated Press, SANDY GUATIBONZA Associated Press, HIKARI MAE HIDA Associated Press, THE LEXINGTON OBSERVER Associated Press, LA ESQUINA Associated Press, HONOLULU CIVIL BEAT Associated Press",2026-07-25T10:53:06Z,cargo shipping,Living through the biggest jump in grocery prices in a half-century has many Americans changing their eating and food shopping habits,Abcnews.com,USA,Market Report,2026-07-28T08:36:24.483612Z
e790fe46da7de640be9526a5c7f049a5,Higher prices are rewriting grocery lists and family menus in 2026,https://apnews.com/article/grocery-shopping-prices-food-affordability-8468c1d6532ca762bbcfa17e3c7707d1,Dee-ann Durbin,2026-07-25T09:32:43Z,cargo shipping,Living through the biggest jump in grocery prices in a half-century has many Americans changing their eating and food shopping habits. The price of food purchased for home use has increased 33% since the beginning of 2019. In the 7 1/2 before thatThe war in I…,Associated Press,USA,Market Report,2026-07-28T08:36:24.483635Z
b08ba489fc2626bcf1c4ce9c1f4b9003,"Show HN: Hwatu – verification browser for coding agents (WebKit, one binary)",https://github.com/hongnoul/hwatu,hongnoul_,2026-07-25T09:04:10Z,cargo shipping,"Article URL: https://github.com/hongnoul/hwatu
Comments URL: https://news.ycombinator.com/item?id=49045869
Points: 1
# Comments: 0",Github.com,Unknown,Analysis/Opinion,2026-07-28T08:36:24.483664Z
445b74327f35f015d03d30191632ffdc,How do I transport my bearded dragon to another state?,https://www.lifesciencesworld.com/how-do-i-transport-my-bearded-dragon-to-another-state/,Ava Reynolds,2026-07-25T07:05:21Z,cargo shipping,"How to Safely Transport Your Bearded Dragon to Another State Transporting your bearded dragon across state lines requires careful planning and execution. Here’s how to safely transport your bearded dragon to another state, ensuring its well-being throughout t…",Lifesciencesworld.com,Unknown,News,2026-07-28T08:36:24.483715Z
8f546e8ab801a7313b2e4f120e7fe162,Hardening Rust Code For Production | corrode Rust Consulting,https://corrode.dev/blog/hardening-rust/,aito,2026-07-25T05:47:01Z,cargo shipping,"We talked about patterns for defensive programming in Rust before, in which implicit invariants that aren’t enforced by the compiler lead to utter misery.
But being careful isn’t enough!
Even valid code can fail at runtime in ways that are hard to pr…",Corrode.dev,Unknown,News,2026-07-28T08:36:24.483764Z
b2e50e0703cbb59bafb4b0cff8d7f250,Russia guaranteed to win Ukraine conflict – John Mearsheimer,https://www.rt.com/russia/643448-russia-guaranteed-win-ukraine-mearsheimer/,RT,2026-07-25T00:40:14Z,cargo shipping,"Russia has an advantage over Ukraine both on the ground and in the air and Western aid cannot change that, John Mearsheimer has said Read Full Article at RT.com",RT,Russia,News,2026-07-28T08:36:24.483791Z
baebea2fb0e03f0fe1f1bd42f2a80630,3W Custom Fit Floor Mats for 2021-2026 Ford Bronco 4-Door for $180 + free shipping,https://www.dealnews.com/products/3-W-Custom-Fit-Floor-Mats-for-2021-2026-Ford-Bronco-4-Door/511406.html,,2026-07-25T00:38:51Z,cargo shipping,"At Amazon, this Ford Bronco floor mat set is $179.99. That's a $20 savings. Shipping is free.  Buy Now at Amazon
 Features
 <ul> <li>Custom fit design for 2021-2026 Ford Bronco 4-door models</li> <li>Set includes 8 pieces covering front, rear, and cargo are…",Dealnews.com,Unknown,News,2026-07-28T08:36:24.483837Z
c8e6f9e5514418d955ed9a11f0c8b913,"Ships transiting Strait of Hormuz go dark, hug Iran’s Coast to evade Tehran’s wrath",https://nypost.com/2026/07/24/world-news/ships-transiting-strait-of-hormuz-go-dark-hug-irans-coast-to-evade-tehrans-wrath/,Caitlin Doornbos,2026-07-24T22:30:11Z,cargo shipping,"Commercial shipping through the Strait of Hormuz has slowed dramatically since the US resumed strikes on Iran two weeks ago, with traffic falling to levels not seen since the height of the conflict as insurance costs soar and security risks mount — but some v…",New York Post,Unknown,News,2026-07-28T08:36:24.483890Z
acd20b0383dcb210cf714304cdb0ef9a,360 Energy Pulse: What mattered this week in energy,https://finance.yahoo.com/energy/articles/360-energy-pulse-mattered-week-213022415.html,Oil & Gas 360,2026-07-24T21:30:22Z,cargo shipping,(By Oil & Gas 360) – This week reinforced a familiar reality: energy markets are increasingly being shaped by the […],Yahoo Entertainment,Unknown,Market Report,2026-07-28T08:36:24.483921Z
8e81b088e5c2d145c488da6dcc3b19fe,"South Korean nuclear container ship proposal receives US approval for 15,000 TEU ultra-safe molten salt reactor design",https://www.techradar.com/pro/south-korean-nuclear-container-ship-proposal-receives-us-approval-for-15-000-teu-ultra-safe-molten-salt-reactor-design,Efosa Udinmwen,2026-07-24T20:05:00Z,cargo shipping,"South Korea received preliminary US approval for a 15,000 TEU container ship powered by twin molten salt small modular reactors.",TechRadar,South Korea,News,2026-07-28T08:36:24.483948Z
15166ad68716b046ece7db83a32acfc3,Eleven Indicted In Smuggling Deaths Of 7 Migrants In Rail Cargo Container In Texas,https://www.huffpost.com/entry/eleven-indicted-smuggling-deaths-of-7-migrants-rail-cargo-container-texas_n_6a63b98ee4b0c6ebcf32bb39,HuffPost,2026-07-24T19:25:07Z,cargo shipping,Among the six people found dead inside the shipping container in a rail yard in the Texas border city of Laredo was a 14-year-old boy.,HuffPost,Unknown,News,2026-07-28T08:36:24.483982Z
d4e077542e7ce4fb1c190f589277b407,Riding the Greenland Ferry,http://foreignpolicy.com/2026/07/24/riding-the-greenland-ferry/,Ben Buckland,2026-07-24T19:00:43Z,cargo shipping,"Traveling along the coast, Greenlanders explain what the world misunderstands about their island.",Foreign Policy,Unknown,News,2026-07-28T08:36:24.484011Z
9df75b72963f502490b77cbe646a6271,"Oil shipments are under attack on multiple fronts as fighting escalates in Red Sea, Hormuz and Black Sea",https://www.cnbc.com/2026/07/24/oil-tanker-red-sea-hormuz-black-sea-iran-ukraine.html,"Spencer Kimball, Deena Zaidi",2026-07-24T18:47:41Z,cargo shipping,"More than 60 commercial ships have been attacked in the Persian Gulf, Strait of Hormuz and Gulf of Oman since March 1.",CNBC,Unknown,News,2026-07-28T08:36:24.484096Z
0b1c7d67a1f7394a44b0e351f06998fc,11 indicted in smuggling deaths of 7 migrants who hid inside Texas cargo container,https://nypost.com/2026/07/24/us-news/11-indicted-in-smuggling-deaths-of-7-migrants-who-hid-inside-texas-cargo-container/,Associated Press,2026-07-24T18:27:45Z,cargo shipping,"Six people were found dead inside the shipping container in a rail yard in Laredo, Texas, and another had been left for dead alongside the tracks along the way, according to the US Attorney for the Western District of Texas, Justin R. Simmons.",New York Post,Unknown,News,2026-07-28T08:36:24.484139Z
46dddae88b1a054f0abd53e31826f513,11 indicted in smuggling deaths of 7 migrants in rail cargo container in Texas,https://abcnews.com/US/wireStory/11-indicted-smuggling-deaths-7-migrants-rail-cargo-135056901,REBECCA BOONE Associated Press,2026-07-24T17:55:51Z,cargo shipping,A U.S. attorney has announced a federal indictment against 11 people in the smuggling deaths of seven migrants who were hiding in a rail cargo container in Texas in May,Abcnews.com,Unknown,News,2026-07-28T08:36:24.484186Z
8c6cb50caf270a8ee2e259ff6693930e,Eleven indicted in alleged Texas smuggling scheme that left 7 migrants dead in shipping container,https://www.foxnews.com/us/eleven-indicted-alleged-texas-smuggling-scheme-left-7-migrants-dead-shipping-container,,2026-07-24T17:36:19Z,cargo shipping,"Seven migrants died trapped inside a shipping container on a Union Pacific train in Texas, with a 14-year-old among the victims of the smuggling ring.",Fox News,Unknown,News,2026-07-28T08:36:24.484268Z
047dd1481e947c78299b0a54656511e2,Trump Threatens To Seize Iran’s Assets To Cover “Any And All Damages” Done to Ships And Cargo,https://www.shtfplan.com/headline-news/trump-threatens-to-seize-irans-assets-to-cover-any-and-all-damages-done-to-ships-and-cargo,Mac Slavo,2026-07-24T17:30:40Z,cargo shipping,"United States ruler Donald Trump has threatened to seize Iranian assets in order to cover ""any and all damages"" done to ships and cargo in the Middle East, due to the war he and Israel started on February 28th. Iran's Foreign Minister Abbas Araghchi warned th…",Shtfplan.com,USA,News,2026-07-28T08:36:24.484301Z
fe1b0c406314faddc1a00c922faf8a02,Men's Cargo Pocketed Waffle Shorts for 2 for $10 + $18 shipping,https://www.dealnews.com/Mens-Cargo-Pocketed-Waffle-Shorts-for-2-for-10-18-shipping/21926123.html,,2026-07-24T16:08:51Z,cargo shipping,"Waffle-knit fabric with cargo pockets is a casual-leaning combination that works well for lounging or light errands. Add two pairs to your cart and apply coupon code ""CSX10"" for a savings of $70. Shipping adds $18. Buy Now at LoomBasics
 Features
 <ul> <li>…",Dealnews.com,Unknown,News,2026-07-28T08:36:24.484425Z
5ea9abbec7f9dbd9fc6a3e74af52c66d,Nuclear molten salt could power future cargo ships,https://www.popsci.com/technology/nuclear-powered-cargo-ships-salt/,Mack DeGeurin,2026-07-24T16:06:00Z,cargo shipping,"These experimental ship designs rely on smaller nd potentially safer molten salt nuclear reactors.
The post Nuclear molten salt could power future cargo ships appeared first on Popular Science.",Popular Science,Unknown,News,2026-07-28T08:36:24.484462Z
7cc684736454586a1d13606abec564bf,"Trump Says He’s “Close to” Ordering “Massive Attack, Bigger Than Ever Before” Against Iran – “They Haven’t Received Enough Pain Yet“",https://www.thegatewaypundit.com/2026/07/trump-says-hes-close-ordering-bigger-than-ever/,Jordan Conradson,2026-07-24T15:45:19Z,cargo shipping,"President Trump on Thursday said he is ""close to making a decision"" on a ""massive"" bombing campaign against Iran as he threatens to hit Iranian transportation and energy infrastructure, including in Tehran.  President Trump declared the US-Iran ceasefire was …",Thegatewaypundit.com,Unknown,News,2026-07-28T08:36:24.484520Z
9047708fafa7d90c21f016f2be8c8b59,"ADNOC Issues Seventh Crude Tender Since June Despite Hormuz, Red Sea Risks",https://oilprice.com/Latest-Energy-News/World-News/ADNOC-Issues-Seventh-Crude-Tender-Since-June-Despite-Hormuz-Red-Sea-Risks.html,Charles Kennedy,2026-07-24T14:30:00Z,cargo shipping,"Abu Dhabi National Oil Company ADNOC has issued its seventh tender offering crude from the United Arab Emirates since the beginning of June, expecting to sell millions of barrels of oil between August and October, both from within and outside the Persian Gulf…",OilPrice.com,Unknown,Market Report,2026-07-28T08:36:24.484615Z
5ea06389d9c6952c8efe160561d79234,US and Iran trade strikes after Trump vows 'major military punishment',https://www.abc.net.au/news/2026-07-25/us-and-iran-trade-strikes-across-region/106957106,,2026-07-24T14:22:42Z,cargo shipping,"The strikes came after President Donald Trump vowed ""major military punishment"" for Tehran and its Houthi allies in Yemen over moves to block a second major international shipping route.",ABC News (AU),Global,News,2026-07-28T08:36:24.484654Z
1ff59703d46774b55d258d2bedf5874c,Drones target northern Iraqi city where US forces are based as Iran war escalates,https://nypost.com/2026/07/24/world-news/drones-target-northern-iraqi-city-where-us-forces-are-based-as-us-iran-fighting-escalates/,Associated Press,2026-07-24T14:16:14Z,cargo shipping,"Drones carrying explosives targeted a city in northern Iraq where U.S. forces are stationed, and sirens rang out in Bahrain on Friday",New York Post,Unknown,News,2026-07-28T08:36:24.484691Z
1c5cf563c8ad878597a514ff92cb9c48,Oil keeps flowing from Red Sea as Hormuz bypass stays open,https://economictimes.indiatimes.com/news/international/world-news/oil-keeps-flowing-from-red-sea-as-hormuz-bypass-stays-open/articleshow/132607735.cms,Bloomberg,2026-07-24T14:03:58Z,cargo shipping,"Despite Houthi threats and a declared blockade against Saudi Arabia, oil shipments from Yanbu continue, though many Western tankers are going dark on transponders or rerouting via Suez/Cape of Good Hope to avoid the Bab el-Mandeb strait, adding cost and time …",The Times of India,Egypt,News,2026-07-28T08:36:24.484732Z
67a56adce1af847258357699084b5dfe,Buffalo Jeans Canada: Summer Clearance up to 70% off,https://smartcanucks.ca/buffalo-jeans-canada-summer-clearance-up-to-70-off/,Anne Dougherty,2026-07-24T13:37:37Z,cargo shipping,"Shop the Summer Clearance Sale at Buffalo Jeans Canada and save up to 70% on select styles for both men and women. Prices are as marked with no promo code required, and free standard shipping is offered on orders of $99 or more. Here are some of the clearance…",Smartcanucks.ca,Unknown,Market Report,2026-07-28T08:36:24.484816Z
d6ba8a51882ca971ff938dcbc23fae47,"Tanker switches Asia voyage via Suez amid Houthi warnings, owner says",https://economictimes.indiatimes.com/news/international/world-news/tanker-switches-asia-voyage-via-suez-amid-houthi-warnings-owner-says/articleshow/132606513.cms,Reuters,2026-07-24T13:01:18Z,cargo shipping,The Torm Innovation tanker will navigate the Suez Canal to Asia. This decision follows Houthi threats impacting shipping in the southern Red Sea. Crew safety remains the company's highest priority amid security concerns. Red Sea traffic has seen significant d…,The Times of India,Egypt,News,2026-07-28T08:36:24.484855Z
f55da98e3c3e9d03eaed2aa46c5f3e73,Trump Weighs Wider Iranian Attacks With New Truce Still Elusive...,https://finance.yahoo.com/energy/articles/trump-weighs-wider-iranian-attacks-052349735.html,yahoo finance,2026-07-24T13:00:15Z,cargo shipping,"(Bloomberg) -- President Donald Trump said he’s considering a “massive attack” on Iran to push the nation to negotiate a peace deal, raising the prospect of...",Yahoo Entertainment,Unknown,News,2026-07-28T08:36:24.484898Z
0b1cb3ff7041433afd077fd7ab149aca,US Strikes Iran From South to North After Trump Threats Over Red Sea Shipping,https://www.insurancejournal.com/news/international/2026/07/24/878918.htm,Admin,2026-07-24T12:23:42Z,cargo shipping,"U.S. missiles struck targets across Iran, reaching as far as its Caspian coast, on Friday after President Donald Trump vowed “major military punishment” for Tehran and its Houthi allies in Yemen for extending the Middle East war to a second …",Insurance Journal,Unknown,News,2026-07-28T08:36:24.484948Z
3e642aa60e0fe2666dccaf57427109d8,US strikes Iran from south to north after Trump threats over Red Sea shipping,https://economictimes.indiatimes.com/news/defence/us-strikes-iran-from-south-to-north-after-trump-threats-over-red-sea-shipping/articleshow/132605127.cms,Reuters,2026-07-24T12:12:13Z,cargo shipping,"US missiles struck targets across Iran after Houthi attacks on Saudi tankers escalated regional conflict. Iranian forces retaliated by firing at US bases in neighboring Arab countries. The Houthi attacks pushed oil prices above $100 per barrel, impacting glob…",The Times of India,Unknown,Market Report,2026-07-28T08:36:24.485017Z
33df87d66c1a9ee82628aca1bf83ddea,Trump Threatens To Use Iranian Assets To Pay For Shipping Damage Amid Tensions In The Strait of Hormuz,https://www.globalsecurity.org/wmd/library/news/iran/2026/07/iran-260724-rferl01.htm,John Pike,2026-07-24T12:00:00Z,cargo shipping,"US President Donald Trump has warned that any damage to ships or cargo amid ongoing tensions in the Strait of Hormuz would be compensated using Iranian assets held under US control, prompting a swift reaction from Tehran.",Globalsecurity.org,Unknown,News,2026-07-28T08:36:24.485063Z
bcf236d58684f8001703af5564b4a10c,Trump says damage to ships in Strait of Hormuz to be paid from Iranian funds,https://www.globalsecurity.org/wmd/library/news/iran/2026/07/iran-260724-azertac01.htm,John Pike,2026-07-24T12:00:00Z,cargo shipping,"US President Donald Trump said Thursday that Washington would use Iranian funds already in its ""possession"" to cover any damage to ships or cargo in the Strait of Hormuz by strikes, Anadolu Agency reported.",Globalsecurity.org,Unknown,Market Report,2026-07-28T08:36:24.485101Z
247ae08d38a90a74922f2efb4e45f8f2,Tanker Exits Red Sea Dark as China Ship Heads Toward Strait,https://gcaptain.com/tanker-exits-red-sea-dark-as-china-ship-heads-toward-strait/,Bloomberg,2026-07-24T10:41:13Z,cargo shipping,"A Greek tanker carrying Saudi crude exited the Red Sea with its transponder off, while another Chinese vessel and Russian cargoes headed toward the Bab el-Mandeb strait, after Houthi attacks heightened risks.",gcaptain.com,China,News,2026-07-28T08:36:24.485117Z
11b90a7d1b690c547c029be1399e94c2,Analysts Map 4 Potential USA-Iran Conflict Scenarios,https://www.rigzone.com/news/analysts_map_4_potential_usairan_conflict_scenarios-24-jul-2026-184207-article/,Andreas Exarheas,2026-07-24T10:39:02Z,cargo shipping,Rystad Energy mapped four potential U.S.-Iran conflict scenarios to assess their impact on oil prices.,Rigzone,Unknown,Market Report,2026-07-28T08:36:24.485143Z
0fb8cea91160d032c0589471589039f4,Oil prices remain on course for strong weekly gains amid escalating Middle East tensions,https://investorshub.advfn.com/market-news/article/32555/oil-prices-remain-on-course-for-strong-weekly-gains-amid-escalating-middle-east-tensions,Fiona Craig,2026-07-24T09:56:29Z,cargo shipping,Oil prices eased on Friday but remained firmly on track for significant weekly advances as investors continued to monitor growing geopolitical risks in the M...,Advfn.com,Unknown,Market Report,2026-07-28T08:36:24.485192Z
1b0d2618bdc86271f71b82d1df528f92,Explosions are heard near a US base in northern Iraq as US-Iran fighting escalates,https://economictimes.indiatimes.com/news/international/world-news/explosions-are-heard-near-a-us-base-in-northern-iraq-as-us-iran-fighting-escalates/articleshow/132601574.cms,AP,2026-07-24T09:36:00Z,cargo shipping,Explosions sounded near a U.S. base in Iraq and sirens rang out in Bahrain on Friday. The U.S. military conducted its thirteenth night of strikes against Iran in recent weeks. Iran has attacked ships in the Strait of Hormuz and targeted U.S. assets and allies…,The Times of India,Unknown,News,2026-07-28T08:36:24.485247Z
8a412c60708f2e38f5a6015cd0748b2a,Nike Men's Dunk Low Retro Shoes for $49 + free shipping w/$50,https://www.dealnews.com/Nike-Mens-Dunk-Low-Retro-Shoes-for-49-free-shipping-w-50/21925960.html,,2026-07-24T09:01:17Z,cargo shipping,"Using promo code ""DAYONE"" at Nike drops the Dunk Low Retro to $49, down from $115. We've pictured the Pale Ivory/Cargo Khaki colorway, made with at least 20% recycled content by weight. Shipping is free for Nike members on orders of $50 or more. (It's free to…",Dealnews.com,Unknown,News,2026-07-28T08:36:24.485346Z
41178916ddbc1f8fbe1006558db012e8,"Russia, China Aim to Double Cargo Traffic Via Northern Sea Route by 2030 - Rosatom CEO",https://sputnikglobe.com/20260724/russia-china-aim-to-double-cargo-traffic-via-northern-sea-route-by-2030---rosatom-ceo-1124488475.html,Sputnik International,2026-07-24T09:00:26Z,cargo shipping,"BEIJING, (Sputnik) - Russia and China plan to double cargo traffic along the Northern Sea Route by 2030 at the latest, Rosatom Director General Alexey Likhachev said during a trip to Beijing on Friday.",Sputnikglobe.com,China,News,2026-07-28T08:36:24.485362Z
342eadb14b840a40569090934a8d75e5,"Oil eases after crossing $100, but West Asia tensions keep markets on edge",https://www.nationalheraldindia.com/business/oil-eases-after-crossing-100-but-west-asia-tensions-keep-markets-on-edge,Nh Business Bureau,2026-07-24T08:57:57Z,cargo shipping,"Global crude oil prices edged lower in early trade on Friday after Brent crossed USD 100 a barrel, as investors weighed escalating tensions in West Asia and the risk of disruptions to global energy supplies.",National Herald,Global,Market Report,2026-07-28T08:36:24.485396Z
9335cc84cbd47975a6001d5bf360da86,Trump threatens to seize Iranian assets,https://www.rt.com/news/643410-trump-threatens-seize-iranian-assets/,RT,2026-07-24T08:53:58Z,cargo shipping,"Trump has threatened to seize frozen Iranian assets to pay for shipping damage, which Foreign Minister Araghchi called an “incendiary precedent” that risks chaos",RT,Unknown,News,2026-07-28T08:36:24.485437Z
3e81b5b40e68eb71a318f09616766b12,Iran warns Ukraine of retaliation after deadly Caspian Sea strike,https://www.aljazeera.com/news/2026/7/27/iran-warns-ukraine-of-retaliation-after-deadly-caspian-sea-strike,Al Jazeera Staff,2026-07-27T06:15:01Z,vessel charter,Abbas Araghchi says the Ukrainian attack on the Iranian vessel in the Caspian Sea 'cannot go unanswered'.,Al Jazeera English,Ukraine,News,2026-07-28T08:36:24.847204Z
f031b9e8cdcc175f8c746ac56b553c78,Iran Accuses Ukraine of Striking Its Cargo Ship in Caspian Sea at Israel’s Request,https://www.naturalnews.com/2026-07-27-iran-accuses-ukraine-striking-cargo-ship-israels-request.html,Garrison Vance,2026-07-27T06:00:00Z,vessel charter,"Iranian Foreign Minister Abbas Araghchi on Sunday accused Ukrainian President Volodymyr Zelensky of ordering a drone attack on an Iranian commercial vessel in the Caspian Sea, alleging the strike was carried out at Israel’s behest and killed one crew member. …",Naturalnews.com,Ukraine,News,2026-07-28T08:36:24.847455Z
bd6164410c24031a4e396147ae5cda12,Zelensky attacked Caspian Sea cargo ship at Israel’s behest – Iran,https://www.rt.com/news/643503-iran-zelensky-attacked-ship/,RT,2026-07-27T00:07:52Z,vessel charter,Iran has accused Ukraine of attacking one of its commercial vessels in the Caspian Sea on Israel’s behalf and warned that the strike would not go unanswered,RT,Ukraine,News,2026-07-28T08:36:24.847488Z
3188a86e5f02374145654e1e9d29b160,"MERGING WARS? Zelensky Strikes Iranian Ship, Kills One Sailor – Furious Mullahs’ Regime Vows Retaliation – ALL Ukraine in Range of Their Ballistic Missiles",https://www.thegatewaypundit.com/2026/07/merging-wars-zelensky-strikes-iranian-ship-kills-one/,Paul Serran,2026-07-26T20:40:45Z,vessel charter,"Both conflicts have now become potentially much more complex.
The post MERGING WARS? Zelensky Strikes Iranian Ship, Kills One Sailor – Furious Mullahs’ Regime Vows Retaliation – ALL Ukraine in Range of Their Ballistic Missiles appeared first on The Gateway Pu…",Thegatewaypundit.com,Ukraine,News,2026-07-28T08:36:24.847531Z
f84635150c2cfcc18e9cadfef57bde55,Iran threatens to attack Ukraine after an 'attack' on one of its ships carrying hardware to Russia,https://www.dailymail.com/news/article-16006431/Iran-threatens-attack-Ukraine-attack-one-ships-carrying-hardware-Russia.html,Perkin Amalaraj,2026-07-26T18:43:36Z,vessel charter,"After Ukrainian president Volodymyr Zelensky acknowledged the attack, adding that the Iranian vessel was being used to transport Russian 'military cargo', Iran's foreign minister weighed in",Dailymail.com,Russia,News,2026-07-28T08:36:24.847559Z
a903acbd69bd14b9fa406d99663f66e1,Iran summons Ukrainian chargé d'affaires over attack on commercial vessel,https://www.globalsecurity.org/wmd/library/news/ukraine/2026/07/ukraine-260726-irna02.htm,John Pike,2026-07-26T12:00:00Z,vessel charter,Iran's Foreign Ministry has summoned Ukraine's chargé d'affaires in Tehran following a military attack by Ukrainian forces on an Iranian commercial vessel in the Caspian Sea that killed one sailor and injured several others.,Globalsecurity.org,Ukraine,News,2026-07-28T08:36:24.847622Z
98bbe4fe2051e510cff556862de38e98,Ukraine's attack on Iranian commercial vessel 'cannot go unanswered': Iran,https://www.globalsecurity.org/wmd/library/news/ukraine/2026/07/ukraine-260726-azertac01.htm,John Pike,2026-07-26T12:00:00Z,vessel charter,"Iranian Foreign Minister Abbas Araghchi said Sunday that a Ukrainian attack on an Iranian commercial vessel, which killed a sailor, ""cannot go unanswered,"" Anadolu Agency reported.",Globalsecurity.org,Ukraine,Market Report,2026-07-28T08:36:24.847647Z
071a31efa2a1f7de6ef07b93ced43e19,"Iran Condemns Ukrainian Attack on Its Commercial Vessel in the Caspian Sea, Warns of Response",https://www.globalsecurity.org/wmd/library/news/ukraine/2026/07/ukraine-260726-sputnik07.htm,John Pike,2026-07-26T12:00:00Z,vessel charter,"Iran strongly condemned a Ukrainian military attack on an Iranian commercial vessel in the Caspian Sea, saying the strike caused an explosion on board, killed one sailor and wounded another person.",Globalsecurity.org,Ukraine,News,2026-07-28T08:36:24.847675Z
6f4354e9f23a0754fa8e657fae664796,Ukraine's attack on Iranian vessel 'cannot go unanswered': Araghchi,https://www.globalsecurity.org/wmd/library/news/ukraine/2026/07/ukraine-260726-irna01.htm,John Pike,2026-07-26T12:00:00Z,vessel charter,"Foreign Minister Abbas Araghchi warned that Ukraine's attack on an Iranian commercial vessel in the Caspian Sea ""cannot go unanswered,"" describing the strike as a blatant violation of the UN Charter orchestrated at Israel's behest to drag Europe into the war.",Globalsecurity.org,Ukraine,News,2026-07-28T08:36:24.847704Z
25161fbe5f99304f2e1fb00674352c29,The foundations supporting Endo Group’s maritime growth,https://timesofmalta.com/article/foundations-supporting-endo-group-maritime-growth-a2.1131840,Sponsored,2026-07-26T08:27:47Z,vessel charter,Endo Finance p.l.c. is issuing up to €23 million in 5.75% Bonds maturing in 2036,Times of Malta,Unknown,News,2026-07-28T08:36:24.847763Z
106a44317886d4de5ee164d0d5c5cc18,British yacht captain reveals what really happens below deck - from wild guest requests to navigating extreme weather in Antarctica,https://www.dailymail.com/travel/article-15964915/british-yacht-captain-scenic-eclipse-sailing.html,Erin Deborah Waks,2026-07-26T07:28:22Z,vessel charter,"Captain James Griffiths, 41, oversees Scenic Ocean Cruises captains - and shares what goes on behind the scenes of these luxurious vessels.",Dailymail.com,UK,News,2026-07-28T08:36:24.847802Z
f2582847453992f1124cfb093a9e34df,"Iran Condemns Ukrainian Attack on Its Commercial Vessel in the Caspian Sea, Warns of Response",https://sputnikglobe.com/20260726/iran-condemns-ukrainian-attack-on-its-commercial-vessel-in-the-caspian-sea-warns-of-response-1124497004.html,Sputnik International,2026-07-26T04:30:49Z,vessel charter,"Iran strongly condemned a Ukrainian military attack on an Iranian commercial vessel in the Caspian Sea, saying the strike caused an explosion on board, killed one sailor and wounded another person.",Sputnikglobe.com,Ukraine,News,2026-07-28T08:36:24.847826Z
539644b0f328ea8d4d654bf63e1fd871,Ukrainian Armed Forces attacked an Iranian vessel in the Caspian Sea. Iran's Foreign Ministry: Kyiv attacked an Iranian merchant vessel in the Caspian Sea,https://freerepublic.com/focus/f-news/4389355/posts,RIA Novosti Russia,2026-07-25T23:33:38Z,vessel charter,"TEHRAN, Juy 25--RIA Novosti. The Ukrainian Armed Forces attacked an Iranian merchant vessel in the Caspian Sea, the Islamic Republic's Foreign Ministry reported. ""The Iranian Foreign Ministry strongly condemns Ukraine's attack on an Iranian merchant vessel in…",Freerepublic.com,Ukraine,Market Report,2026-07-28T08:36:24.847864Z
ef445ef4e9cff15a011f2ae61b344a7f,Iran accuses Ukraine of deadly attack on Caspian commercial vessel,https://www.aljazeera.com/news/2026/7/25/iran-accuses-ukraine-of-deadly-attack-on-caspian-commercial-vessel,Al Jazeera Staff,2026-07-25T23:16:45Z,vessel charter,"Iran accuses Ukraine of attacking a Caspian vessel, killing one sailor and injuring another, calling it a criminal act.",Al Jazeera English,Ukraine,News,2026-07-28T08:36:24.847887Z
bcf3609f3d3c53b96df5ab4c94b3cad8,Ferran Torres and Marcos Llorente Celebrate World Cup Win on €13K-a-Day Ibiza Yacht With Rare Wine,https://wealthofgeeks.com/ferran-torres-and-marcos-llorente-celebrate-world-cup-win-on-e13k-a-day-ibiza-yacht-with-rare-wine/,Mija Markovic,2026-07-25T16:45:09Z,vessel charter,"Ferran Torres and Marcos Llorente continued celebrating Spain’s World Cup victory aboard a luxury yacht that costs as much as €12,999 for an eight-hour charter ... Read More",Wealthofgeeks.com,Unknown,News,2026-07-28T08:36:24.847938Z
b8b53dbdfd1725def9df40408d4beae2,Iran strongly condemns Ukraine's military attack on an Iranian commercial vessel in Caspian Sea,https://www.globalsecurity.org/wmd/library/news/ukraine/2026/07/ukraine-260725-irna01.htm,John Pike,2026-07-25T12:00:00Z,vessel charter,"Iranian Foreign Ministry strongly condemns the Ukrainian regime's attack on an Iranian commercial vessel in the Caspian Sea early Saturday morning-an incident that caused an explosion on the ship, resulting in the martyrdom of one sailor and injuries to anoth…",Globalsecurity.org,Ukraine,News,2026-07-28T08:36:24.848018Z
59e7b28aa847f10802176c41cc5dc30e,TEN takes delivery of third DP2 shuttle tanker for long-term US oil major charter,https://www.naftemporiki.gr/english/2142133/ten-takes-delivery-of-third-dp2-shuttle-tanker-for-long-term-us-oil-major-charter/,Πέτρος Στεφανής,2026-07-24T12:04:12Z,vessel charter,"TEN Ltd., the tanker operator controlled by Dr. Nikolas Tsakos, has announced the delivery and naming of the DP2 Suezmax shuttle tanker Anfield DP, further expanding its presence in the…
TEN takes delivery of third DP2 shuttle tanker for long-term US oil majo…",Naftemporiki.gr,Egypt,News,2026-07-28T08:36:24.848101Z
7490fb09240fefaef60b3e72010fe9d1,Evermore Orlando Resort Introduces Two New Programs Offering Curated Experiences Designed To Create Lifetime Memories,https://www.prnewswire.com/news-releases/evermore-orlando-resort-introduces-two-new-programs-offering-curated-experiences-designed-to-create-lifetime-memories-302833723.html,,2026-07-23T21:01:00Z,vessel charter,"From family tree plantings at the resort to private nature adventures on the coast, Evermore Signature Experiences and Conrad Orlando's exceptional offerings create unparalleled moments and memories in and around Orlando ORLANDO, Fla., July 23, 2026 /PRNewswi…",PRNewswire,Unknown,News,2026-07-28T08:36:24.848172Z
593a945223f96238a9bd0898c1c1fdda,Security Council Committee concerning Libya Adds One Vessel to Its Sanctions List,https://press.un.org/en/2026/sc16421.doc.htm,United Nations,2026-07-23T15:42:07Z,vessel charter,"On 22 July 2026, the Committee approved the addition of one entry specified below to its List of individuals and entities subject to the assets freeze, travel ban and other measures relating to attempts to illicitly export petroleum, including crude oil and r…",UN News,Unknown,News,2026-07-28T08:36:24.848225Z
822658ddcfe45a23547cc022247d7fd9,Mooring Lines Inquiry: How Many is Enough?,https://gcaptain.com/mooring-lines-inquiry-how-many-is-enough/,gCaptain,2026-07-22T14:12:01Z,vessel charter,"Ports sometimes have requirements for the number of mooring ropes a vessel calling must have on board. John Southam and Vicky Dolka, of NorthStandard*, examine who is responsible when the requirement exceeds the number normally carried. The number of mooring …",gcaptain.com,Unknown,News,2026-07-28T08:36:24.848437Z
c8197434f7878f90dc4388818eed1314,Meet the Designer Turning Offshore Supply Vessels Into Luxe Expedition Yachts,http://robbreport.com/motors/marine/pastrovich-reimagines-platform-supply-vessels-1238489087/,Rachel Cormack,2026-07-22T11:00:00Z,vessel charter,"Italian designer Stefano Pastrovich has reimagined Platform Supply Vessels (PSVs) as private explorer yachts, expedition vessels, and cruise ships.",Robb Report,Unknown,News,2026-07-28T08:36:24.848475Z
df3f6f79e1867ecfef8c509987328861,'America's Most Wanted' fugitive laid blueprint for vanishing before 20-year escape: affidavit,https://www.foxnews.com/us/americas-most-wanted-fugitive-laid-blueprint-vanishing-20-year-escape-affidavit,,2026-07-21T10:00:11Z,vessel charter,"Ronald Fischer emailed his attorney, canceled a London flight and studied identity-change literature in the days before vanishing during his 2005 trial, according to an affidavit.",Fox News,USA,News,2026-07-28T08:36:24.848500Z
be4ba07a745ec5194aa97b11633bdbfd,"One of the world’s smallest economies stumbled into a fortune it never built. Tuvalu happened to be assigned the internet suffix ‘.tv’, and leasing those two letters to the world now underwrites one of the biggest streams of income its government earns on its own",https://spacedaily.com/d-one-of-the-worlds-smallest-economies-stumbled-into-a-fortune-it-never-built-tuvalu-happened-to-be-assigned-the-internet-suffix-tv-and-leasing-those-two-letters-to-the-world-now-underwrites-one-o/,Daniel Moran,2026-07-27T08:30:07Z,shipping market,"A Pacific nation's accidental windfall from two letters reveals how geography, not innovation, can determine a country's economic fate.
The post One of the world’s smallest economies stumbled into a fortune it never built. Tuvalu happened to be assigned the i…",Space Daily,Unknown,News,2026-07-28T08:36:25.204234Z
a17ce8ae172ea7420c702accc768046f,"IBEX 35 Climbs Above 19,700 as US-Iran Pause Lifts Spanish Stocks During Busy Earnings Season This Week",https://www.ibtimes.com.au/ibex-35-rallies-us-iran-tensions-easing-earnings-season-1873010,Scott Lance,2026-07-27T08:29:43Z,shipping market,"Spain's IBEX 35 index rose amid easing U.S.-Iran tensions, boosting investor sentiment. The rally coincides with a mixed earnings season for Spanish companies, highlighting ongoing market volatility.",Ibtimes.com.au,Unknown,Market Report,2026-07-28T08:36:25.204277Z
7bae1dc4ef36785be05153e2b2e982f6,Fuels for Ireland warn of further fuel spikes,https://www.rte.ie/news/business/2026/0727/1585246-fuels-for-ireland-warn-of-further-fuel-spikes/,RTÉ News,2026-07-27T08:03:33Z,shipping market,The CEO of Fuels for Ireland is warning that current government policies could lead to a 35 cent per litre increase in petrol and diesel prices between now and January.,RTE,Unknown,Market Report,2026-07-28T08:36:25.204383Z
f4767eef6be8a8448afecdb57046245c,Hormuz crisis strains Europe’s oil market as Brent crude spikes to $92.27,https://cryptobriefing.com/hormuz-crisis-strains-europes-oil-market-as-brent-crude-spikes-to-9227/,Estefano Gomez,2026-07-27T07:50:05Z,shipping market,"The crisis highlights the vulnerability of global oil markets to geopolitical tensions, potentially affecting future pricing and economic stability.
The post Hormuz crisis strains Europe’s oil market as Brent crude spikes to $92.27 appeared first on Crypto Br…",Crypto Briefing,Global,Market Report,2026-07-28T08:36:25.204431Z
37ae00d32a206f8fcc2451e8e344256a,DJI Pocket 4P Features 4K 240 FPS Video Without D-Log 2,https://www.geeky-gadgets.com/dji-pocket-4p-review/,Julian Horsey,2026-07-27T07:47:00Z,shipping market,"The DJI Pocket 4P has sparked mixed reactions among users, with its blend of convenience and performance drawing both praise and criticism. Tech Court examines this compact camera after 30 days of use, highlighting its standout features like the built-in gimb…",Geeky Gadgets,Unknown,News,2026-07-28T08:36:25.204479Z
d01fd24a8fbf95558c5f9da8a54213a9,US and Iran pause military actions for third night amid diplomatic efforts,https://cryptobriefing.com/us-and-iran-pause-military-actions-for-third-night-amid-diplomatic-efforts/,Estefano Gomez,2026-07-27T07:12:43Z,shipping market,"The diplomatic pause may foster resolution prospects, yet persistent tensions and market skepticism highlight the complexity of the conflict.
The post US and Iran pause military actions for third night amid diplomatic efforts appeared first on Crypto Briefing.",Crypto Briefing,Unknown,Market Report,2026-07-28T08:36:25.204621Z
8c0bc271ec335a5f5c976b791f251d11,"New York City women are making up to $30,000 per month by renting out their closets to strangers",https://fortune.com/2026/07/27/new-york-city-women-are-making-up-to-30000-per-month-by-renting-out-their-closets-to-strangers/,Sarah Glodek,2026-07-27T07:02:00Z,shipping market,"Pickle, a peer-to-peer luxury clothing rental service, has taken New York City by storm, and women are cashing in.",Fortune,Unknown,News,2026-07-28T08:36:25.204656Z
38ac57e926d04e59dbce07060add69c9,"New York City women are making up to $30,000 per month by renting out their closets to strangers",https://finance.yahoo.com/small-business/articles/york-city-women-making-30-070200378.html,Sarah Glodek,2026-07-27T07:02:00Z,shipping market,"Pickle, a peer-to-peer luxury clothing rental service, has taken New York City by storm, and women are cashing in.",Yahoo Entertainment,Unknown,News,2026-07-28T08:36:25.204679Z
c8de7a018e80d02c9a5c5bbb2ab53282,"Why the coming winter is going to be a long, cold one for Europe",https://economictimes.indiatimes.com/news/international/world-news/why-the-coming-winter-is-going-to-be-a-long-cold-one-for-europe/articleshow/132653900.cms,Reuters,2026-07-27T06:35:31Z,shipping market,Europe will face the next winter with alarmingly low energy supplies and heating oil inventories.  Global markets for liquefied natural gas and diesel have been severely strained by conflicts.  Asia's strong demand and supply route disruptions are impacting E…,The Times of India,Global,Market Report,2026-07-28T08:36:25.204764Z
844f800081e6b0ec2e671140ee09c1bf,ai-venture-studio added to PyPI,https://pypi.org/project/ai-venture-studio/,168382010+melodygaoyifan@users.noreply.github.com,2026-07-27T06:07:19Z,shipping market,"AI venture studio: a full-lifecycle multi-agent system that finds opportunities, writes PRDs, builds, launches, and measures — with typed claims and human gates",Pypi.org,Unknown,News,2026-07-28T08:36:25.204865Z
119178527b0545816a2255d492fc25d3,"AI and the ‘skinny hamburger, fat bun’ problem — why the future of work needs to look more like a pizza",https://tech.yahoo.com/ai/articles/ai-skinny-hamburger-fat-bun-060000642.html,Nick Lichtenberg,2026-07-27T06:00:00Z,shipping market,"Yahoo Finance GM George Leimer led the development of a new investing product, AlphaSpace, and his team has shipped over 100 new features in two months.",Yahoo Entertainment,Germany,News,2026-07-28T08:36:25.204906Z
dde52ec4d79d550d4189f7eebd515b13,Trump’s Leaked Oval Office Rant Reveals Frustration Over Unending Iran Conflict,https://www.naturalnews.com/2026-07-27-trump-leaked-rant-reveals-frustration-iran-conflict.html,Garrison Vance,2026-07-27T06:00:00Z,shipping market,"U.S. President Donald Trump launched an expletive-filled tirade against Iranian leaders during a recent Oval Office meeting, according to a person who heard the comments. The outburst, which included references to Iranian officials as “scumbags” and “lunatics…",Naturalnews.com,Unknown,Analysis/Opinion,2026-07-28T08:36:25.204954Z
3da637144922236927de5cf183b4f0d6,"AI and the ‘skinny hamburger, fat bun’ problem — why the future of work needs to look more like a pizza",https://fortune.com/2026/07/27/ai-future-of-work-skinny-hamburger-talking-about-work/,Nick Lichtenberg,2026-07-27T06:00:00Z,shipping market,"Yahoo Finance GM George Leimer led the development of a new investing product, AlphaSpace, and his team has shipped over 100 new features in two months.",Fortune,Germany,News,2026-07-28T08:36:25.205030Z
912ab4e8065483cf904921dad1201a29,Big Tech Earnings Take Center Stage: 10 Stocks to Watch This Week,https://m.economictimes.com/markets/us-stocks/news/big-tech-earnings-take-center-stage-10-stocks-to-watch-this-week/wall-streets-biggest-week-is-here/slideshow/132653922.cms,AP,2026-07-27T05:43:23Z,shipping market,"The busiest week of the U.S. earnings season is underway, with several market heavyweights set to report quarterly results. Investors will closely track these earnings for clues on AI spending, consumer demand, corporate profitability and the broader economic…",Economictimes.com,Unknown,Market Report,2026-07-28T08:36:25.205075Z
0497ea71675dc05da7dac435f0b6ffcf,Pane Is Making the Best Retro Trainers You Have Not Heard Of Yet,https://www.fashionbeans.com/article/pane-shoes-retro-trainers-brand-guide/,FashionBeans Editors,2026-07-27T05:37:11Z,shipping market,"Let me be honest with you. The retro trainer market has a sameness problem. Every brand is mining the same three archive silhouettes, slapping on a gum sole and calling it heritage. Then something like Pane comes along, builds vintage-style athletic shoes out…",Fashionbeans.com,Unknown,Market Report,2026-07-28T08:36:25.205119Z
068cf6c541dc2f8ef63386badd4db26f,US and Iran seek Hormuz compromise as Trump keeps military option open,https://cryptobriefing.com/us-and-iran-seek-hormuz-compromise-as-trump-keeps-military-option-open/,Estefano Gomez,2026-07-27T05:11:53Z,shipping market,"The US-Iran talks could stabilize global shipping and energy markets, but military tensions still pose significant risks to progress.
The post US and Iran seek Hormuz compromise as Trump keeps military option open appeared first on Crypto Briefing.",Crypto Briefing,Global,Market Report,2026-07-28T08:36:25.205168Z
27748008487715dfbf2fb7899ca95dbb,European Commission will not rush into decision on possible Aughinish sanctions,https://www.irishtimes.com/politics/2026/07/27/european-commission-will-not-rush-into-decision-on-possible-aughinish-sanctions/,Jack Power,2026-07-27T05:00:00Z,shipping market,Negotiations in Brussels about whether to sanction exports of alumina to Russia likely to gather pace in September,The Irish Times,Russia,News,2026-07-28T08:36:25.205267Z
a61be1afa1cc2cc1de0159304122cd83,"Why is market rising today? Sensex soars 600 points, Nifty above 23,900. Key factors driving the rally",https://economictimes.indiatimes.com/markets/stocks/news/why-is-market-rising-today-sensex-soars-nearly-600-points-nifty-above-23900-6-factors-driving-the-rally/articleshow/132652024.cms,Debaroti Adhikary,2026-07-27T04:03:59Z,shipping market,"The Indian stock market ended its losing streak as tensions between Iran and the US eased. Falling crude oil prices also contributed to a significant boost in investor sentiment. The Sensex and Nifty experienced sharp gains, adding substantial value to market…",The Times of India,India,Market Report,2026-07-28T08:36:25.205341Z
2f32e8e6c93c7ac3b825d2583330a294,"Oil Price Today (July 27): Crude oil dips 5%, below $95 as US pauses strikes on Iran. What are experts saying?",https://economictimes.indiatimes.com/markets/commodities/news/oil-price-today-july-27-crude-oil-dips-5-below-95-as-us-pauses-strikes-on-iran-what-are-experts-saying/articleshow/132650946.cms,Veer Sharma,2026-07-27T02:12:07Z,shipping market,"Brent crude futures dropped $4.89, or 5.05%, to $91.89, after briefly falling below the key $90 support level earlier in the session. US West Texas Intermediate crude stood at $84.64 a barrel, down $4.67, or 5.23%. The decline comes after crude prices surged …",The Times of India,Unknown,Market Report,2026-07-28T08:36:25.205388Z
1ef779385e2ee1524aaa94222b75a0c5,"Stock market live: Sensex surges over 800 pts, Nifty tops 24,000 mark",https://timesofindia.indiatimes.com/business/india-business/sensex-stock-market-today-27-july-2026-live-updates-nse-bse-gift-nifty-50-top-gainers-losers-mcx-stocks-in-focus-market-news/liveblog/132650898.cms,The Times Of India,2026-07-27T02:08:12Z,shipping market,"Financial markets are navigating a complex mix of global and domestic triggers, with investors balancing geopolitical developments, inflation concern",The Times of India,Global,Market Report,2026-07-28T08:36:25.205419Z
778116ac55d562a97be067fc0457e23f,"The $55 Hub That Charges Your iPhone, Gives Your MacBook Ports, and Powers a 4K Display Together",https://www.yankodesign.com/2026/07/26/the-55-hub-that-charges-your-iphone-gives-your-macbook-ports-and-powers-a-4k-display-together/,Sarang Sheth,2026-07-27T01:45:54Z,shipping market,"The $55 Hub That Charges Your iPhone, Gives Your MacBook Ports, and Powers a 4K Display Together﻿ Every design choice Apple made after 2012 treated the iPhone and the MacBook as separate objects that happened to share the same user. The...",Yanko Design,Unknown,News,2026-07-28T08:36:25.205484Z
f101b445b153baf9098ccc77c87b2374,D-St set for a positive opening as GIFT Nifty signals firm start,https://economictimes.indiatimes.com/markets/stocks/news/pre-market-action-heres-the-trade-setup-for-todays-session/articleshow/132650679.cms,Akash Podishetti,2026-07-27T01:39:28Z,shipping market,"A fall below 23600 might trigger a severe correction, as investors would be running away, putting the Nifty at greater downside risk. On the higher end, 24000 will become the line of polarity. Unless the Nifty moves higher to reclaim 24000, the broader trend …",The Times of India,Unknown,News,2026-07-28T08:36:25.205534Z
6b9158b174627b216f4e5974187a2847,"8 Retro Gadgets Worth Buying, Not Just Looking At",https://the-gadgeteer.com/2026/07/26/best-retro-gadgets-worth-buying/,Rei Padla,2026-07-27T01:00:47Z,shipping market,"Retro tech has become very good at winning the thumbnail war. A beige plastic shell, a fake wood panel, or a tiny arcade marquee can make almost anything look tempting for five seconds. The useful stuff has a tougher job: it needs licensed games or real hardw…",The Gadgeteer,Unknown,News,2026-07-28T08:36:25.205662Z
e75f486488aab017abba03736241fbf1,Red Sea shipping traffic drops after Houthi attacks on Saudi oil sites,https://cryptobriefing.com/red-sea-shipping-traffic-drops-after-houthi-attacks-on-saudi-oil-sites/,Estefano Gomez,2026-07-27T00:44:52Z,shipping market,"The disruption in Red Sea shipping underscores vulnerabilities in global energy supply chains, potentially affecting market stability and security.
The post Red Sea shipping traffic drops after Houthi attacks on Saudi oil sites appeared first on Crypto Briefi…",Crypto Briefing,Global,Market Report,2026-07-28T08:36:25.205706Z
bc58d093e0aefbc406004d87b6f1e284,US gasoline prices climb amid Iran conflict disrupting Middle East shipping routes,https://cryptobriefing.com/us-gasoline-prices-climb-amid-iran-conflict-disrupting-middle-east-shipping/,Estefano Gomez,2026-07-27T00:41:14Z,shipping market,"Rising U.S. gasoline prices due to Middle East tensions could strain consumer budgets and influence global economic stability.
The post US gasoline prices climb amid Iran conflict disrupting Middle East shipping routes appeared first on Crypto Briefing.",Crypto Briefing,Global,Market Report,2026-07-28T08:36:25.205746Z
27f4d986d880b2dcc431d658eec4cda7,Oil prices drop 5% as Iran signals halt to attacks if US pause holds,https://cryptobriefing.com/oil-prices-drop-5-as-iran-signals-halt-to-attacks-if-us-pause-holds/,Estefano Gomez,2026-07-27T00:05:03Z,shipping market,"The easing of geopolitical tensions may stabilize oil markets, reducing the likelihood of price spikes and influencing global economic forecasts.
The post Oil prices drop 5% as Iran signals halt to attacks if US pause holds appeared first on Crypto Briefing.",Crypto Briefing,Global,Analysis/Opinion,2026-07-28T08:36:25.205830Z
3b4e5fd0926987694897ba8a2dd54a75,China’s Rare Earth Strategy Is Forcing a U.S. Manufacturing Revolution,https://finance.yahoo.com/energy/articles/china-rare-earth-strategy-forcing-000000920.html,Michael Kern,2026-07-27T00:00:00Z,shipping market,Escalating Chinese export controls are driving a major push to establish a secure North American rare earth supply chain from mining to magnet production.,Yahoo Entertainment,China,News,2026-07-28T08:36:25.205848Z
a8ace7e43b49cfe6dea79409cc117311,China’s Rare Earth Strategy Is Forcing a U.S. Manufacturing Revolution,https://oilprice.com/Energy/Energy-General/Chinas-Rare-Earth-Strategy-Is-Forcing-a-US-Manufacturing-Revolution.html,Michael Kern,2026-07-27T00:00:00Z,shipping market,"Beijing is now desperately attempting to bring rare earth manufacturing back inside its own borders, exclusively. New Chinese export restrictions specifically target American plans to begin the country’s first commercial production of rare earth magnet materi…",OilPrice.com,China,News,2026-07-28T08:36:25.205870Z
f117a8f201b5466603759ffac88a2420,We’re paying almost $100 for fast-food tacos — LA has gone crazy,https://nypost.com/2026/07/26/opinion/were-paying-almost-100-for-fast-food-tacos-la-is-crazy/,Liz Angeles,2026-07-26T23:30:06Z,shipping market,"Buddy, can you spare a hundy? I don’t know what’s going on in the world, but this inflation is really becoming straight-up bananas! Especially here in Los Angeles, where life has become almost too expensive to believe. Just last week, my hairdresser, Pepper, …",New York Post,Unknown,News,2026-07-28T08:36:25.205966Z
d224e9935a290ddb76c7ec01162ad653,Dangote blames importers for petrol sales policy reversal,https://punchng.com/dangote-blames-importers-for-petrol-sales-policy-reversal/,Punch Newspapers,2026-07-26T23:22:20Z,shipping market,"Dangote Refinery reverts to naira petrol sales, blaming importers for stock-holding. Discover why this policy reversal impacts fuel prices and supply.

Read More: https://punchng.com/dangote-blames-importers-for-petrol-sales-policy-reversal/",The Punch,Unknown,Market Report,2026-07-28T08:36:25.206046Z
bdde6dc98d1b279c652227ba98c9f12f,"Oil prices fall as Middle East tensions ease, Brent slips below $100",https://cryptobriefing.com/oil-prices-fall-as-middle-east-tensions-ease-brent-slips-below-100/,Estefano Gomez,2026-07-26T22:11:41Z,shipping market,"Eased tensions may stabilize global oil markets, reducing the likelihood of price spikes and influencing future geopolitical strategies.
The post Oil prices fall as Middle East tensions ease, Brent slips below $100 appeared first on Crypto Briefing.",Crypto Briefing,Global,Market Report,2026-07-28T08:36:25.206120Z
40925426b0e979981ee0dc6d19032b5c,"Vivo X300 E specs leak before launch, and this battery size is no joke",https://www.intomobile.com/2026/07/26/vivo-x300-e-specs-leak-before-launch-and-this-battery-size-is-no-joke/,Dusan Belic,2026-07-26T21:03:13Z,shipping market,"China Telecom's database just handed us the full spec sheet, one day early",Intomobile.com,China,News,2026-07-28T08:36:25.206134Z
b6f6206f5d7280f0d8785d20e672d1ac,The Market May Be Focusing on the Wrong Metric at MercadoLibre,https://biztoc.com/x/19c6b25262c1144f,finance.yahoo.com,2026-07-26T20:16:01Z,shipping market,"When MercadoLibre (NASDAQ: MELI) reported another quarter of strong revenue growth, investors quickly shifted their attention elsewhere:
Operating margin narrowed. Logistics costs increased. Shipping subsidies remained elevated. These became investors' focus …",Biztoc.com,Unknown,Market Report,2026-07-28T08:36:25.206193Z
a39ebc687791cd036ad90950ae8f9c01,Insurers halt coverage for Saudi-linked ships in Red Sea amid Houthi blockade: FT,https://cryptobriefing.com/insurers-halt-coverage-for-saudi-linked-ships-in-red-sea-amid-houthi-blockade-ft/,Estefano Gomez,2026-07-26T18:37:01Z,shipping market,"The halt in coverage signals escalating regional tensions, potentially disrupting global trade and energy routes, impacting market stability.
The post Insurers halt coverage for Saudi-linked ships in Red Sea amid Houthi blockade: FT appeared first on Crypto B…",Crypto Briefing,Global,Market Report,2026-07-28T08:36:25.206284Z
e95af15842fd4a2787e0d2bdbeb49604,US Central Command recommends halting strikes near Strait of Hormuz: Axios,https://cryptobriefing.com/us-central-command-recommends-halting-strikes-near-strait-of-hormuz-axios/,Estefano Gomez,2026-07-26T17:06:49Z,shipping market,"The recommendation to halt strikes may signal a strategic pivot towards de-escalation, impacting market perceptions and diplomatic dynamics.
The post US Central Command recommends halting strikes near Strait of Hormuz: Axios appeared first on Crypto Briefing.",Crypto Briefing,Unknown,Market Report,2026-07-28T08:36:25.206347Z
4317d76f4a725186b1eb500d819ca54b,Iran condemns US attacks on rescue vessels in Strait of Hormuz,https://cryptobriefing.com/iran-condemns-us-attacks-on-rescue-vessels-in-strait-of-hormuz/,Estefano Gomez,2026-07-26T16:26:35Z,shipping market,"Heightened tensions in the Strait of Hormuz could disrupt global shipping, impacting markets and increasing the risk of military escalation.
The post Iran condemns US attacks on rescue vessels in Strait of Hormuz appeared first on Crypto Briefing.",Crypto Briefing,Global,Market Report,2026-07-28T08:36:25.206429Z
af9fd852cc63534e6fbc6fa191c6315b,Iran to halt attacks if US maintains pause after Trump cancels strikes,https://cryptobriefing.com/iran-to-halt-attacks-if-us-maintains-pause-after-trump-cancels-strikes/,Estefano Gomez,2026-07-26T14:55:53Z,shipping market,"The conditional de-escalation may stabilize regional tensions, impacting global markets and diplomatic relations, but remains fragile and uncertain.
The post Iran to halt attacks if US maintains pause after Trump cancels strikes appeared first on Crypto Brief…",Crypto Briefing,Global,Market Report,2026-07-28T08:36:25.206477Z
3598626777e3f0777006d747ad8f4b6b,"Gulf markets ease after Houthi attacks on Saudi oil sites, Bitcoin dips below $65K",https://cryptobriefing.com/gulf-markets-houthi-attacks-bitcoin-dip/,Editorial Team,2026-07-26T14:14:54Z,shipping market,"The attacks highlight vulnerabilities in global oil supply chains, prompting increased regulatory scrutiny on cryptocurrencies linked to illicit activities.
The post Gulf markets ease after Houthi attacks on Saudi oil sites, Bitcoin dips below $65K appeared f…",Crypto Briefing,Global,Market Report,2026-07-28T08:36:25.206521Z
aa93a864c0caa166bf07c8267f46d266,DEWALT DCF860B Impact Driver 1/4 in. 20V MAX Lithium Ion 2500 in-lbs Torque 3800 RPM $119,https://slickdeals.net/f/19810386-dewalt-dcf860b-impact-driver-1-4-in-20v-max-lithium-ion-2500-in-lbs-torque-3800-rpm-119,Taco_Doomsday,2026-07-26T14:10:49Z,shipping market,"This is the industry leading, top of the line, most powerful 1/4 inch impact driver currently on the market. 
 
Free shipping on orders over $150.00, otherwise it's about $8.00. 
 
Use the promo code...",Slickdeals.net,Unknown,Market Report,2026-07-28T08:36:25.206555Z
f332027d50b923b96f0b3309c310f293,Israel and the cost paradox of the Iran war,https://www.aljazeera.com/opinions/2026/7/26/israel-and-the-cost-paradox-of-the-iran-war,Abdulla Banndar Al-Etaibi,2026-07-26T14:04:39Z,shipping market,Israel instigated the war on Iran and yet it has borne few of its costs.,Al Jazeera English,Unknown,News,2026-07-28T08:36:25.206625Z
9105cc470a82074946ca59877a695eb2,Yankees potential trade target: Adrian Morejon,https://www.pinstripealley.com/yankees-rumors/198990/yankees-trade-rumors-bullpen-adrian-morejon-padres-relievers-pitching-deadline,Sam Chapman,2026-07-26T12:30:00Z,shipping market,Could the Yankees make a move to add lefty depth in the ‘pen’?,Pinstripe Alley,Unknown,News,2026-07-28T08:36:25.206682Z
5ceb364600c6dd262264b6b68671495e,Kiyosaki says ‘greatest depression in world history’ is starting — with boomers facing disaster. Protect your money now,https://finance.yahoo.com/markets/crypto/articles/kiyosaki-says-greatest-depression-world-121500890.html,Jing Pan,2026-07-26T12:15:00Z,shipping market,"The 'Everything Bubble' is ready to pop and only a few assets are safe, according to the famous author.",Yahoo Entertainment,Unknown,News,2026-07-28T08:36:25.206722Z
fbd428f7137645aed60f4a50b9211e32,Strait of Hormuz Crisis Deepens as Oil Tops $100 a Barrel and Trump Warns Iran Over Tanker Attacks,https://www.ibtimes.com.au/strait-hormuz-tensions-tanker-attacks-1872945,Anthony Will,2026-07-26T12:05:49Z,shipping market,"Tanker traffic in the Strait of Hormuz has nearly stopped due to escalating attacks, causing global oil prices to surge. The ongoing conflict between the U.S., Israel, and Iran threatens global energy stability.",Ibtimes.com.au,Global,Market Report,2026-07-28T08:36:25.206762Z
2fe08ed98203b79f10babf351664c283,"Projectile lands near vessel in southern Red Sea, no damage reported",https://cryptobriefing.com/projectile-lands-near-vessel-in-southern-red-sea-no-damage-reported/,Estefano Gomez,2026-07-26T11:34:14Z,shipping market,"Heightened maritime security concerns in the Red Sea could impact global shipping routes and market perceptions of regional stability.
The post Projectile lands near vessel in southern Red Sea, no damage reported appeared first on Crypto Briefing.",Crypto Briefing,Global,Market Report,2026-07-28T08:36:25.206820Z
76665927d247d275445411843d1ca38b,Russian supply disruption poses fresh risk to India’s August crude imports; Red Sea remains the second key variable,https://www.thehindubusinessline.com/economy/russian-supply-disruption-poses-fresh-risk-to-indias-august-crude-imports-red-sea-remains-the-second-key-variable/article71269065.ece,Rishi Ranjan Kala,2026-07-26T11:25:03Z,shipping market,"India's August crude imports face risks from Russian supply disruptions and Red Sea transit uncertainties, impacting costs and availability.",BusinessLine,India,News,2026-07-28T08:36:25.206919Z
f3cdc7fe49d27f51f73c66d278cb66d2,"Unidentified object collides with oil tanker in Red Sea, vessel safe",https://cryptobriefing.com/unidentified-object-collides-with-oil-tanker-in-red-sea-vessel-safe/,Estefano Gomez,2026-07-26T09:45:43Z,shipping market,"The incident highlights persistent maritime security threats in the Red Sea, potentially affecting regional shipping routes and market stability.
The post Unidentified object collides with oil tanker in Red Sea, vessel safe appeared first on Crypto Briefing.",Crypto Briefing,Unknown,Market Report,2026-07-28T08:36:25.207049Z
ccd3ea6c78ce0e556437035140a82782,Qatar urges adherence to MOU amid US-Iran tensions in Strait of Hormuz,https://cryptobriefing.com/qatar-urges-adherence-to-mou-amid-us-iran-tensions-in-strait-of-hormuz/,Estefano Gomez,2026-07-26T09:30:13Z,shipping market,"Qatar's call for MOU adherence highlights the critical need for diplomatic efforts to ensure stability and secure navigation in global trade routes.
The post Qatar urges adherence to MOU amid US-Iran tensions in Strait of Hormuz appeared first on Crypto Brief…",Crypto Briefing,Global,News,2026-07-28T08:36:25.207100Z
99b1e2683f8487c317a514fcc2ecb325,"Tehran-Muscat talks progress on Hormuz reopening, status unchanged: CBS",https://cryptobriefing.com/tehran-muscat-talks-progress-on-hormuz-reopening-status-unchanged-cbs/,Estefano Gomez,2026-07-26T06:35:36Z,shipping market,"Tehran and Muscat make progress on Strait of Hormuz talks, but status remains unchanged. WTI Crude Oil reaching $110 in July at 1.9% YES.
The post Tehran-Muscat talks progress on Hormuz reopening, status unchanged: CBS appeared first on Crypto Briefing.",Crypto Briefing,Unknown,News,2026-07-28T08:36:25.207305Z
8133e6a839779bd59e6d303e92e21379,US and Iran negotiate Strait of Hormuz ceasefire with crypto toll twist,https://cryptobriefing.com/us-iran-ceasefire-crypto-strait-hormuz/,Editorial Team,2026-07-26T06:01:47Z,shipping market,"US and Iran negotiate a Strait of Hormuz ceasefire where Iran proposes collecting $1-per-barrel transit tolls in Bitcoin and stablecoins to
The post US and Iran negotiate Strait of Hormuz ceasefire with crypto toll twist appeared first on Crypto Briefing.",Crypto Briefing,Unknown,News,2026-07-28T08:36:25.207350Z
528707c84a5570825a2a9e4a10272292,Iran and Oman continue talks on Strait of Hormuz security,https://cryptobriefing.com/iran-and-oman-continue-talks-on-strait-of-hormuz-security/,Estefano Gomez,2026-07-26T05:25:17Z,shipping market,"Iran and Oman continue talks on Strait of Hormuz security. U.S.-Iran diplomatic meeting by August 31, 2026 at 43.5% YES.
The post Iran and Oman continue talks on Strait of Hormuz security appeared first on Crypto Briefing.",Crypto Briefing,Unknown,News,2026-07-28T08:36:25.207450Z
df55150aa3d1f7b4124e2ccda3b96a2d,NVIDIA Trims Vera Rubin Memory as HBM4 Prices Threaten to Eat 29% of Every Rack’s Cost – Report,https://wccftech.com/nvidia-trims-vera-rubin-memory-as-hbm4-prices-threaten-to-eat-29-of-every-racks-cost-report/,Ramish Zafar,2026-07-26T04:19:08Z,shipping market,"NVIDIA Corporation is significantly reducing the memory used by its Vera Rubin NV72 rack-scale AI system in order to address the high prices and the ongoing memory shortage, according to an analysis from GF Securities. The courage followed after NVIDIA signed…",Wccftech,Unknown,Analysis/Opinion,2026-07-28T08:36:25.207494Z
079d4d4ad1123b66af9b0aec98d71189,Iraq signs pipeline deal with Syria to reroute oil exports through the Mediterranean,https://cryptobriefing.com/iraq-syria-pipeline-oil-exports/,Editorial Team,2026-07-26T01:55:03Z,shipping market,"Iraq and Syria signed a deal to rebuild the Kirkuk-Baniyas oil pipeline with 2 million bpd capacity, reducing Strait of Hormuz reliance and
The post Iraq signs pipeline deal with Syria to reroute oil exports through the Mediterranean appeared first on Crypto …",Crypto Briefing,Unknown,News,2026-07-28T08:36:25.207589Z
79682052b3e4b05b00de65f3581cb9be,US military disables tanker in Strait of Hormuz amid rising tensions with Iran,https://cryptobriefing.com/us-military-disables-tanker-in-strait-of-hormuz-amid-rising-tensions-with-iran/,Estefano Gomez,2026-07-26T00:54:08Z,shipping market,"US military disables tanker in Strait of Hormuz amid rising tensions. Traffic returns to normal by September 30 at 26.5% YES.
The post US military disables tanker in Strait of Hormuz amid rising tensions with Iran appeared first on Crypto Briefing.",Crypto Briefing,Unknown,News,2026-07-28T08:36:25.207633Z
1850222992e603b00d365ee66c956c3f,Saudi Arabia strikes Houthis after rebel attacks on energy sites,https://cryptobriefing.com/saudi-arabia-strikes-houthis-after-rebel-attacks-on-energy-sites/,Estefano Gomez,2026-07-25T22:11:45Z,shipping market,"Saudi Arabia strikes Houthi positions after rebel attacks on energy sites. Houthi military action against Israel by July 31 at 6.5% YES.
The post Saudi Arabia strikes Houthis after rebel attacks on energy sites appeared first on Crypto Briefing.",Crypto Briefing,Unknown,News,2026-07-28T08:36:25.207800Z
1ec45b17b5a295ed1fcfec232b56d0fc,The Global War for Routes and Resources: Why the American Empire is Losing,https://www.naturalnews.com/2026-07-27-the-global-war-for-routes-and-resources.html,Mike Adams,2026-07-27T06:00:00Z,Suez Canal,"The Real Global Battle is About Routes and Resources We are told that wars are about democracy or freedom, but they’re actually about something far more primal: control over sea routes and natural resources. The world is not fighting over ideology; it is figh…",Naturalnews.com,USA,News,2026-07-28T08:36:25.717853Z
518785832ae1492db894c1acae478435,"Mideast oil may soon have no way out amid ‘everything everywhere all at once’ wars, but the crisis in refined products is even worse",https://finance.yahoo.com/energy/articles/mideast-oil-may-soon-no-204332360.html,Jason Ma,2026-07-26T20:43:32Z,Suez Canal,"""So we are starting to talk about the kind of no way out scenarios because of this new Red Sea unrest.""",Yahoo Entertainment,Unknown,News,2026-07-28T08:36:25.718006Z
337aef79842bca5df900864542b70cac,"Mideast oil may soon have no way out amid ‘everything everywhere all at once’ wars, but the crisis in refined products is even worse",https://fortune.com/2026/07/26/mideast-oil-iran-war-hormuz-red-sea-black-sea-refined-products-supply-crisis/,Jason Ma,2026-07-26T20:43:32Z,Suez Canal,"""So we are starting to talk about the kind of no way out scenarios because of this new Red Sea unrest.""",Fortune,Unknown,News,2026-07-28T08:36:25.718036Z
4f14e67da2ae8cb27ea05468f087d04a,Saudi oil exports increasingly depend on Suez as Red Sea risks mount,https://biztoc.com/x/dbdc204ef87eb72d,finance.yahoo.com,2026-07-26T03:55:15Z,Suez Canal,"Investing.com -- Saudi Arabia's oil exports are becoming increasingly dependent on the Suez Canal as attacks in the Red Sea threaten a key alternative to the blockaded Strait of Hormuz, the Wall Street Journal reported.
The kingdom has sharply increased shipm…",Biztoc.com,Egypt,Market Report,2026-07-28T08:36:25.718145Z
f1458ad7600972d5f9876f6ff5ee5ac9,Saudi oil exports increasingly depend on Suez as Red Sea risks mount,https://biztoc.com/x/c636b571591f4d7d,investing.com,2026-07-26T03:08:34Z,Suez Canal,"Citi brush off memory ""peak-out"" fears, reiterates Buy on Samsung and SK Hynix
Investing.com -- Saudi Arabia’s oil exports are becoming increasingly dependent on the Suez Canal as attacks in the Red Sea threaten a key alternative to the blockaded Strait of Ho…",Biztoc.com,Egypt,Market Report,2026-07-28T08:36:25.718240Z
1280d9024aa91c187288a10e66848721,Ships continue Red Sea transit despite attacks and Houthi blockade: Report,https://economictimes.indiatimes.com/news/international/global-trends/ships-continue-red-sea-transit-despite-attacks-and-houthi-blockade-report/articleshow/132630195.cms,ANI,2026-07-25T16:42:35Z,Suez Canal,Dozens of vessels navigate the Bab el-Mandeb Strait despite Houthi rebel threats.  Growing uncertainty forces ships to alter courses and execute U-turns.  Recent attacks on oil tankers threaten global commerce and already strained supply lines.  Disruptions i…,The Times of India,Global,Market Report,2026-07-28T08:36:25.718291Z
e3eaac40067e550ff19751d9c4ef8a60,‘Never again’ is being replaced by ‘almost here’,https://www.americanthinker.com/blog/2026/07/never-again-is-being-replaced-by-almost-here/,,2026-07-25T04:00:00Z,Suez Canal,"By John L. SmithWith Mayor Mamdani leading the demagogue parade, the promise not to repeat the Holocaust is being swept away in a rising tide of antisemitism.",Americanthinker.com,Unknown,News,2026-07-28T08:36:25.718412Z
f005c441f58e0fce34a7b0cfec37d563,Goldman Sachs doubles down on oil price forecast for 2026,https://www.thestreet.com/investing/goldman-sachs-doubles-down-oil-price-forecast-2026,Hillary Remy,2026-07-25T02:03:00Z,Suez Canal,Two tankers loaded with Saudi crude turned around in the Red Sea on July 22. They had been heading toward China and India. The Houthis had just claimed strik...,TheStreet,China,Analysis/Opinion,2026-07-28T08:36:25.718422Z
b22a28ab9e41083982ad12d47caf42a7,US missiles hit Iran as path towards de-escalation uncertain,https://economictimes.indiatimes.com/news/defence/us-missiles-hit-iran-as-path-towards-de-escalation-uncertain/articleshow/132617297.cms,Reuters,2026-07-25T00:44:16Z,Suez Canal,"US missiles struck targets across Iran on Friday, escalating regional tensions. President Trump vowed major military punishment for Tehran and its Houthi allies. Iran responded by firing at US bases in neighboring Arab countries. The conflict has disrupted gl…",The Times of India,Unknown,News,2026-07-28T08:36:25.718476Z
92b1ede3f5891b71a0c6897bedf69408,Brent Pulls Back From $100,https://www.rigzone.com/news/wire/brent_pulls_back_from_100-24-jul-2026-184215-article/,"M. Gindis, G. Levin, G. Smith",2026-07-24T20:29:29Z,Suez Canal,Crude declined after reports on US-Iran diplomacy and continued Red Sea oil flows reduced immediate supply concerns.,Rigzone,Unknown,Market Report,2026-07-28T08:36:25.718504Z
29cad73993df6b1651553e71c2aa101b,Billionaire Ray Dalio Says 'Battle' For Strait Of Hormuz Will Determine America's Future,https://www.forbes.com/sites/maryroeloffs/2026/07/24/billionaire-ray-dalio-says-battle-for-strait-of-hormuz-will-determine-americas-future/,"Mary Whitfill Roeloffs, Forbes Staff, 
 Mary Whitfill Roeloffs, Forbes Staff
 https://www.forbes.com/sites/maryroeloffs/",2026-07-24T17:15:21Z,Suez Canal,"Dalio says the loss of the Iran war could have the same detrimental impact on the U.S. as other conflicts had on Britain, the Dutch Empire and the Spanish Empire.",Forbes,USA,News,2026-07-28T08:36:25.718685Z
9f821ca85ae97cb5866c1c4f5b6a35fa,Why the Latest Oil Rally May Be Far From Over,https://oilprice.com/Energy/Crude-Oil/Why-the-Latest-Oil-Rally-May-Be-Far-From-Over.html,Tom Kool,2026-07-24T16:15:00Z,Suez Canal,"The dual disruption of Hormuz and Bab el-Mandeb is tightening global oil flows, raising transport costs and fueling expectations of $100 oil. Friday, July 24, 2026 The double blockade of the Strait of Hormuz and the Bab el-Mandeb has turbo-boosted oil prices …",OilPrice.com,Global,Market Report,2026-07-28T08:36:25.718771Z
da818774939de7541b8e0fde01ffbcea,US Strikes Iran From South to North After Trump Threats Over Red Sea Shipping,https://gcaptain.com/us-strikes-iran-from-south-to-north-after-trump-threats-over-red-sea-shipping/,Reuters,2026-07-24T16:08:37Z,Suez Canal,"U.S. missiles struck targets across Iran, reaching as far as its Caspian coast, on Friday after President Donald Trump vowed ""major military punishment"" for Tehran and its Houthi allies in Yemen for extending the Middle East war to a second major shipping cho…",gcaptain.com,Unknown,News,2026-07-28T08:36:25.718826Z
5670c97b9876b106c511da661c2a5f35,Tourist is seriously injured with 'extensive blood loss' after 'deep bite' while swimming in the Med off Italian holiday resort,https://www.dailymail.com/news/article-16002477/Tourist-seriously-injured-extensive-blood-loss-deep-bite-swimming-Med-Italian-holiday-resort.html,Sabrina Penty,2026-07-24T14:04:44Z,Suez Canal,A Swiss tourist has been left seriously injured after suffering a serious bite while swimming on a Mediterranean beach.,Dailymail.com,Unknown,News,2026-07-28T08:36:25.718912Z
2fd25bd2b4e8906218289412d24e0def,Hormuz Tanker Crossings Sink to Lowest Level Since May as War Risk Spikes,https://oilprice.com/Latest-Energy-News/World-News/Hormuz-Tanker-Crossings-Sink-to-Lowest-Level-Since-May-as-War-Risk-Spikes.html,Tsvetana Paraskova,2026-07-24T12:30:00Z,Suez Canal,"Only one oil tanker transited the Strait of Hormuz on Thursday, the lowest number of crossings since May 7, as war risks spiked this week to hike crude oil prices above $100 per barrel again. Three tankers transited the Strait of Hormuz on Wednesday, but this…",OilPrice.com,Unknown,Market Report,2026-07-28T08:36:25.719040Z
42b094bdf3efee1bab1206c0cc72fdbf,Trump threatens Iran escalation as tit-for-tat airstrikes continue,https://www.npr.org/2026/07/24/g-s1-135417/us-iran-war-updates,Jane Arraf,2026-07-24T11:30:08Z,Suez Canal,"The U.S. continued airstrikes in Iran while Tehran launched retaliatory attacks on U.S. targets in the Gulf as the region braced itself after President Trump said he was close to deciding whether to launch ""a massive attack"".",NPR,Unknown,News,2026-07-28T08:36:25.719187Z
9645d54c2c53abe98123a626c5711dd1,Saudi Crude Tanker Goes Dark to Slip Through Bab el-Mandeb,https://oilprice.com/Latest-Energy-News/World-News/Saudi-Crude-Tanker-Goes-Dark-to-Slip-Through-Bab-el-Mandeb.html,Tsvetana Paraskova,2026-07-24T11:30:00Z,Suez Canal,At least one oil tanker carrying Saudi crude oil has transited the Bab al-Mandeb Strait with its transponder switched off as risks to vessels in the Red Sea spiked this week after the Houthis announced a blockade on Saudi shipments and targeted vessels offsho…,OilPrice.com,Unknown,News,2026-07-28T08:36:25.719238Z
0146cd89248448cf161e04bc639c5425,India State Refiners Hunt for Crude as Middle East Flows Choked,https://financialpost.com/pmn/business-pmn/india-state-refiners-hunt-for-crude-as-middle-east-flows-choked,Bloomberg News,2026-07-24T11:07:12Z,Suez Canal,State-owned refiners in India are racing to secure alternative crude supplies as they fear that cargoes booked from Saudi Arabia and Iraq may not arrive in time.,Financial Post,India,News,2026-07-28T08:36:25.719261Z
28d46ab823cadcf9af2821ad24b8c9ba,"Hormuz Tanker Crossings Slip to Lowest in More Than Two Months, Data Shows",https://gcaptain.com/hormuz-tanker-crossings-slip-to-lowest-in-more-than-two-months-data-shows/,Reuters,2026-07-24T10:45:01Z,Suez Canal,"The number of tankers crossing the Strait of Hormuz fell to just one on Thursday, the lowest level since May 7, according to shiptracking data, amid ongoing shipping risks in the Middle East and as oil prices surged back to $100 a barrel.",gcaptain.com,Unknown,Market Report,2026-07-28T08:36:25.719301Z
ed5bfd42d6c8e6cf516e8fe1ed49276d,Explosions rock American military base in Iraq hours after US ended 13th night of strikes on Iran,https://www.dailymail.com/news/article-16002093/Explosions-rock-American-military-base-Iraq-hours-US-ended-13th-night-strikes-Iran.html,Imogen Garfinkel,2026-07-24T08:45:42Z,Suez Canal,"A series of explosions broke out near a military base hosting US forces in northern Iraq , hours after the US military said it had wrapped up its 13th night of strikes against Iran.",Dailymail.com,USA,News,2026-07-28T08:36:25.719369Z
608d8a29cdfac36a0625521e982a0dc6,Explosions Break Out Near U.S. Base In Northern Iraq,https://www.huffpost.com/entry/us-iran-escalating-strikes_n_6a631adce4b0811ae03ff1c7,HuffPost,2026-07-24T08:02:08Z,Suez Canal,The U.S. and Iran have exchanged escalating strikes in fighting that began with a struggle over control of the strategic Strait of Hormuz.,HuffPost,Unknown,News,2026-07-28T08:36:25.719403Z
c48b2386b3bdc7324d4d3922cb6645d8,US continues to strike Iran as Bahrain warns of attack,https://www.irishtimes.com/world/middle-east/2026/07/24/us-continues-to-strike-iran-as-bahrain-warns-of-attack/,Julia Frankel,2026-07-24T07:37:05Z,Suez Canal,"Four people had been killed and nine injured in latest bombardment, says Iranian media",The Irish Times,Unknown,News,2026-07-28T08:36:25.719433Z
4e6095ac52ea2da5dc57e7c62d539e02,Between Safeguarding the Body and Sacrificing One’s Life,https://www.israelnationalnews.com/news/430691,Atty. Shalom Wasserteil,2026-07-24T06:34:47Z,Suez Canal,Our appreciation for all those who served during the war in its darkest hours demands that we reflect more closely on the verses that have accompanied Jewish self-sacrifice for generations.,Israelnationalnews.com,Unknown,News,2026-07-28T08:36:25.719476Z
bf46e9bc3e8d3c197eb8f83c05085e14,US strikes Iran and Bahrain warns of incoming fire as clashes over shipping routes escalate,https://economictimes.indiatimes.com/news/international/world-news/us-strikes-iran-and-bahrain-warns-of-incoming-fire-as-clashes-over-shipping-routes-escalate/articleshow/132597456.cms,AP,2026-07-24T05:57:09Z,Suez Canal,"Bahrain activated sirens amid escalating U.S. and Iran strikes over the Strait of Hormuz. Yemen's Houthi rebels targeted Saudi oil tankers, potentially widening the conflict. International oil prices surged past one hundred dollars a barrel due to these disru…",The Times of India,Global,Market Report,2026-07-28T08:36:25.719526Z
96fcc1a344f08e01e68e5d659b21a5a2,US strikes Iran and Bahrain warns of incoming fire,https://apnews.com/article/iran-us-hormuz-strait-war-24-july-2026-78c2dbf538f6e61ab816479a4d9bdd85,Julia Frankel,2026-07-24T05:19:30Z,Suez Canal,"Bahrain activated its sirens early Friday, warning residents to shelter from detected fire hours after the U.S. military said it had wrapped up its 13th night of strikes against Iran. The Gulf states have come under frequent fire over the past week as the U.S…",Associated Press,Unknown,News,2026-07-28T08:36:25.719573Z
870e2690c6defe6c0a2d9f9594230f50,Trump vows to punish Iran and Houthis for attacks in Red Sea,https://www.thehindubusinessline.com/news/world/trump-vows-to-punish-iran-and-houthis-for-attacks-in-red-sea/article71260877.ece,Reuters,2026-07-24T05:13:06Z,Suez Canal,Brent crude surges more than 6 per cent to pierce $100 a barrel as US continues air strikes,BusinessLine,Unknown,News,2026-07-28T08:36:25.719603Z
e60c410c3fafabc267dde28ca30bcbbd,Saudi Arabia shifts oil exports to Suez Canal amid regional tensions,https://cryptobriefing.com/saudi-arabia-shifts-oil-exports-to-suez-canal-amid-regional-tensions/,Estefano Gomez,2026-07-24T05:04:07Z,Suez Canal,"Saudi Arabia shifts oil exports to the Suez Canal amid regional tensions. WTI reaching $110 in July 2026 at 9.6% YES.
The post Saudi Arabia shifts oil exports to Suez Canal amid regional tensions appeared first on Crypto Briefing.",Crypto Briefing,Egypt,News,2026-07-28T08:36:25.719638Z
f9c9f5806470b384ee3c5d22c5cd33f9,"Brent crude trades above $100 amid Houthi attacks in Red Sea, widening US-Iran war",https://www.bloomberg.com/news/articles/2026-07-23/latest-oil-market-news-and-analysis-for-july-24,Bloomberg,2026-07-24T02:00:12Z,Suez Canal,"Trump threatened “major military punishment” for both Iran and the Houthis in the event of further attacks on vessels in the Red Sea, and told Axios he is considering a ""massive attack"" on the Islamic Republic",Bloomberg,Unknown,News,2026-07-28T08:36:25.719692Z
8695ba17f94553ddeab3e37987236c88,Trump threatens 'major military punishment' after Houthi strike on Saudi tankers,https://economictimes.indiatimes.com/news/international/world-news/trump-threatens-major-military-punishment-after-houthi-strike-on-saudi-tankers/articleshow/132594222.cms,Reuters,2026-07-24T00:47:25Z,Suez Canal,President Trump vowed major military punishment for Iran and its Houthi allies.  Houthi fighters struck two Saudi oil tankers in the Red Sea.  Global oil prices surged significantly after the attacks on shipping routes.  Iran also reported missile strikes on …,The Times of India,Global,Market Report,2026-07-28T08:36:25.719740Z
48c6cb69231ad5bd6aa11d4a33c539b6,Trump vows to punish Iran for Houthi attacks in Red Sea; oil surges over $100,https://www.yahoo.com/news/world/articles/trump-vows-to-punish-iran-for-houthi-attacks-in-red-sea-oil-surges-over-100-133244120.html,"By Elwely Elwelly, Ahmed Elimam and Eman Abouhassira",2026-07-24T00:21:05Z,Suez Canal,"President Donald Trump promised ""major military punishment"" for Iran and its Houthi allies on Thursday after the Yemeni fighters struck two Saudi oil tankers...",Yahoo Entertainment,Unknown,News,2026-07-28T08:36:25.719778Z
fa46ccf49da6bcaddedbadb73cb05af1,Indian refiners scout new crude sources as Gulf risks rise,https://economictimes.indiatimes.com/industry/energy/oil-gas/indian-refiners-scout-new-crude-sources-as-gulf-risks-rise/articleshow/132591441.cms,Kalpana Pathak,2026-07-24T00:00:00Z,Suez Canal,Indian refiners are seeking alternative crude oil suppliers amid regional conflict.  They are exploring new sources from Venezuela and Angola to ensure supply.  Escalating attacks have disrupted vital shipping lanes and increased oil prices.  Refiners are con…,The Times of India,India,Market Report,2026-07-28T08:36:25.719801Z
74689f07c4dafaff083f9dc176eb4013,Oil Heads for Weekly Surge as Middle East Supply Risks Mount,https://financialpost.com/pmn/business-pmn/oil-heads-for-weekly-surge-as-middle-east-supply-risks-mount,Bloomberg News,2026-07-23T23:42:39Z,Suez Canal,"Oil headed for a weekly surge after Houthi attacks on tankers in the Red Sea opened a new front in the Middle East conflict, while President Donald Trump threatened to extend US strikes on Iran.",Financial Post,Unknown,Market Report,2026-07-28T08:36:25.719836Z
cab1b922e085ad507b50e37e7be25926,U.S. Military Says It’s Launching New Strikes On Iran As Clashes Escalate Over Shipping Routes,https://www.huffpost.com/entry/iran-us-strikes-hormuz_n_6a62a4b5e4b0f1b7fc52560a,HuffPost,2026-07-23T23:41:30Z,Suez Canal,The U.S. military has announced it is conducting a 13th night of strikes against Iran as clashes escalate over shipping routes.,HuffPost,Unknown,News,2026-07-28T08:36:25.719878Z
6c91f615a77883295906008d9c120e0e,Oil Prices Top $100 On Cargo Squeeze From The Middle East,https://www.forbes.com/sites/gauravsharma/2026/07/23/oil-prices-top-100-on-cargo-squeeze-from-the-middle-east/,"Gaurav Sharma, Senior Contributor, 
 Gaurav Sharma, Senior Contributor
 https://www.forbes.com/sites/gauravsharma/",2026-07-23T22:40:46Z,Suez Canal,"Oil prices hit their highest levels since May, topping $100 per barrel on heightened tensions in the Middle East.",Forbes,Unknown,Market Report,2026-07-28T08:36:25.719906Z
69b991181ce4db52e7e130561e9a5c8a,Saudi Arabia takes center stage as oil hits $100 and the Iran war escalates amid Houthi attacks and nuclear expansion,https://fortune.com/2026/07/23/saudi-arabia-center-stage-oil-hits-100-iran-war-escalates-houthi-nuclear/,Jordan Blum,2026-07-23T20:26:29Z,Suez Canal,The Iran war is spreading from sea to sea as attacks erupt in the Bab al-Mandab strait.,Fortune,Unknown,News,2026-07-28T08:36:25.719943Z
04d72750b331e2934d4ab09ca56315a4,Oil Surges Above $100,https://www.rigzone.com/news/wire/oil_surges_above_100-23-jul-2026-184203-article/,"M. Gindis, G. Levin, G. Smith",2026-07-23T20:12:59Z,Suez Canal,Oil climbed above $100 a barrel after Houthi attacks on Saudi tankers heightened fears of broader supply disruptions.,Rigzone,Unknown,News,2026-07-28T08:36:25.719972Z
20c30251f5807683bd3acc72e9005dab,Gulf Nations Accelerate Efforts to Bypass Iran and Strait of Hormuz,https://www.breitbart.com/economy/2026/07/23/gulf-nations-accelerate-efforts-to-bypass-iran-and-strait-of-hormuz/,John Hayward,2026-07-23T20:00:33Z,Suez Canal,"The oil-producing nations of the Persian Gulf are stepping up their efforts to divert shipping away from the Strait of Hormuz, where Iran has been launching terror strikes on civilian vessels.
The post Gulf Nations Accelerate Efforts to Bypass Iran and Strait…",Breitbart News,Unknown,News,2026-07-28T08:36:25.720026Z
e3d852873ef8ca091910c9b03d252220,Trump close to deciding on ‘massive attack’ against Iran after Houthis strike Red Sea tankers,https://www.irishtimes.com/world/middle-east/2026/07/23/trump-close-to-deciding-on-massive-attack-against-iran-after-houthis-strike-red-sea-tankers/,Peter Beaumont,2026-07-23T18:09:45Z,Suez Canal,UN’s António Guterres says Middle East being pushed to ‘edge of the unimaginable’ amid mounting fears over conflict’s trajectory,The Irish Times,Unknown,News,2026-07-28T08:36:25.720071Z
4e31d2cba6b635d2bddec63408fd9661,Houthi Attack Threatens Asia-Red Sea Cargo Flows as Oil Tops $100,http://wwd.com/sourcing-journal/logistics/red-sea-houthi-attack-oil-tankers-asia-container-shipping-saudi-strait-hormuz-1239080643/,Glenn Taylor,2026-07-23T18:00:00Z,Suez Canal,"The attack on Saudi oil tankers renewed fears of wider Red Sea disruptions, with one analyst warning cargo could be diverted to the ""wrong"" ports if the Bab el-Mandeb Strait closes.",WWD,Unknown,News,2026-07-28T08:36:25.720111Z
f86d48b9617112a5593cd009baf188ee,Here's how much higher oil prices could go as hopes for an Iran peace deal fade,https://www.businessinsider.com/oil-prices-brent-100-barrel-iran-war-inflation-goldman-sachs-2026-7#article,jsor@businessinsider.com (Jennifer Sor),2026-07-23T17:32:41Z,Suez Canal,Energy experts see Brent crude soaring as high as $150 a barrel if the Iran war drags on and energy flows don't revert to normal levels soon.,Business Insider,Unknown,Market Report,2026-07-28T08:36:25.720143Z
875a20a07383cf2f15c272c53676ab29,Houthi Attacks on Saudi Tankers Constrict Crude Trade,https://gcaptain.com/houthi-attacks-on-saudi-tankers-constrict-crude-trade/,Mike Schuler,2026-07-23T17:05:30Z,Suez Canal,"The flow of Middle East energy trade is evolving yet again after attacks on two tankers in the Red Sea by Iran-backed Houthi militants. In a recent maritime security webinar,...",gcaptain.com,Unknown,News,2026-07-28T08:36:25.720190Z
209e2c0874df612596b7976da2b90918,Oil surges past $100 in a first since May as Middle East conflicts rage,https://www.aljazeera.com/news/2026/7/23/oil-surges-past-100-in-a-first-since-may-as-middle-east-conflicts-rage,Al Jazeera,2026-07-23T17:05:18Z,Suez Canal,Oil prices rise for a fifth day after Yemen's Houthis say they struck Saudi Arabian oil tankers in the Red Sea.,Al Jazeera English,Unknown,Market Report,2026-07-28T08:36:25.720219Z
55644a5aab3d6eee8a197500845e8dbe,War Risk Insurance Costs Surge for Southern Red Sea Voyages After Houthi Attacks,https://www.insurancejournal.com/news/international/2026/07/23/878788.htm,Admin,2026-07-23T16:36:07Z,Suez Canal,"The insurance cost of shipping goods through the southern Red Sea doubled for some companies on Thursday, after Yemen’s Iran-aligned Houthis attacked at least one tanker overnight, sources said. The Houthis said their forces had carried out missile and drone …",Insurance Journal,Unknown,News,2026-07-28T08:36:25.720273Z
fbdb81a63609ab1cf4f2437d094cfaae,"New threat by Yemen's Houthis could widen Iran war, put another trade chokepoint at risk",https://economictimes.indiatimes.com/news/defence/new-threat-by-yemens-houthis-could-widen-iran-war-put-another-trade-chokepoint-at-risk/articleshow/132586657.cms,AP,2026-07-23T15:59:17Z,Suez Canal,"Houthi rebels threaten to blockade the Bab el-Mandeb Strait, impacting global trade routes.  They recently attacked two Saudi oil tankers in the Red Sea.  This action escalates tensions and risks wider regional conflict.  The vital strait connects the Red Sea…",The Times of India,Global,News,2026-07-28T08:36:25.720326Z
9f2b175b5e796f46c8da072e9e8ab77c,"$100 Oil Is Back, Raising The Specter Of $5 Gasoline Prices To Come",https://www.forbes.com/sites/davidblackmon/2026/07/23/100-oil-is-back-raising-the-specter-of-5-gasoline-prices-to-come/,"David Blackmon, Senior Contributor, 
 David Blackmon, Senior Contributor
 https://www.forbes.com/sites/davidblackmon/",2026-07-23T14:35:34Z,Suez Canal,"This week's attack by Houthi rebels on Red Sea tanker traffic means gasoline prices are going higher again, possibly for longer than anyone expects.",Forbes,Unknown,Market Report,2026-07-28T08:36:25.720358Z
43e46aca3785278e923fe012a07146f0,Trump Warns Iran of ‘Major Military Punishment’ After Houthi Tanker Attacks,https://gcaptain.com/trump-warns-iran-of-major-military-punishment-after-houthi-tanker-attacks/,Mike Schuler,2026-07-23T14:32:16Z,Suez Canal,"President Donald Trump on Thursday threatened direct military retaliation against Iran after Yemen’s Houthi movement resumed attacks on commercial shipping, targeting two Saudi oil tankers in the Red Sea and...",gcaptain.com,Unknown,News,2026-07-28T08:36:25.720410Z
721e45170fc2b3015c788bdd9448f048,"Iran will pay for any Houthi-led attacks, Trump says",https://www.cbc.ca/news/world/us-iran-war-houthis-saudis-9.7280533,,2026-07-23T14:20:34Z,Suez Canal,"U.S. President Donald Trump said on Thursday he would hold ‌Iran accountable for any attacks by Yemen's Houthi militants, who ​said this week they ​were imposing a naval blockade on Saudi Arabia.",CBC News,Unknown,News,2026-07-28T08:36:25.720452Z
04c6db7ef1b9fc99b3d3d210694ac1d6,"How shipping insurance rates are rising, as Hormuz, Bab al-Mandeb shut down",https://www.aljazeera.com/economy/2026/7/23/how-shipping-insurance-rates-are-rising-as-hormuz-bab-al-mandeb-shut-down,Al Jazeera Staff,2026-07-23T14:19:30Z,Suez Canal,Insurance rates through Hormuz are currently four times the five-year average.,Al Jazeera English,Unknown,Market Report,2026-07-28T08:36:25.720483Z
09fa11b07fcebb8161f6db1013b06e76,Oil Nears $100 as Houthi Attacks in Red Sea Amplify Supply Risks,https://financialpost.com/pmn/business-pmn/oil-nears-100-as-houthi-attacks-in-red-sea-amplify-supply-risks,Bloomberg News,2026-07-23T12:36:38Z,Suez Canal,"Oil closed in on $100 a barrel in London after Iran-backed Houthi militants said they attacked two Saudi Arabian tankers in the Red Sea, escalating the Middle East conflict and threatening deeper supply disruptions.",Financial Post,UK,News,2026-07-28T08:36:25.720523Z
9b9dfbc1ec1236d79d42635311a78213,Stranded seafarers remain trapped as Hormuz shipping stalls,https://www.globalsecurity.org/wmd/library/news/iran/2026/07/iran-260723-unnews01.htm,John Pike,2026-07-23T12:00:00Z,Suez Canal,"As the Iran-US war continues, the key question remains unanswered about how shipping through the Strait of Hormuz will be managed in future - although the UN has reiterated that charging tolls for safe passage runs contrary to international law.",Globalsecurity.org,Global,News,2026-07-28T08:36:25.720619Z
f0bf65698f74b43840eaf59223f6de78,Looks Like $5 Gas Is Back on the Menu,https://www.jezebel.com/gas-prices-5-dollars-oil-prices-climbing-again-iran-war-peace-collapse-houthis-blockade-bab-al-mandab-saudi-arabia,Jim Vorel,2026-07-23T11:30:18Z,Suez Canal,"Just in time for the run-up to midterms, the Trump admin is driving the Middle East further into chaos and gas prices are skyrocketing.",Jezebel,Unknown,Market Report,2026-07-28T08:36:25.720647Z
9fc6bde0e820969d5b8670838c73c71b,Houthi blockade of Saudi Arabia could further disrupt global trade,https://apnews.com/article/yemen-saudi-houthis-attack-shipping-red-sea-iran-6ee98d611669dc84953d2f2e15958bf9,Fatma Khaled,2026-07-23T11:28:57Z,Suez Canal,"Yemen’s Houthi rebels have declared a blockade on Saudi Arabia, potentially widening the Iran war and further disrupting global trade. They claim to have closed the Bab el-Mandeb Strait to Saudi-linked shipping in retaliation for a Saudi blockade on Yemen and…",Associated Press,Global,News,2026-07-28T08:36:25.720699Z
99c2a3b0aa8cb5f59fba775ed03ed5f1,Oil Hits $100 After Houthi Attack On Saudi Tankers Worsens Oil Supply Disruption,https://www.huffpost.com/entry/oil-prices-rise-amid-us-iran-hostilities_n_6a61f860e4b0c2f78d020cc0,HuffPost,2026-07-23T11:24:59Z,Suez Canal,The global crude oil benchmark’s prices are now nearly 40% higher than when the Iran war began in February.,HuffPost,Global,Market Report,2026-07-28T08:36:25.720732Z
3f7d79ee6671d2dfe9be0980d4752b47,Mideast oil producers step up plans to bypass the Strait of Hormuz,http://www.winnipegfreepress.com/business/2026/07/23/mideast-oil-producers-step-up-plans-to-bypass-the-strait-of-hormuz,David Mchugh,2026-07-23T11:08:00Z,Suez Canal,"Before the war in Iran, roughly 15 million barrels of Persian Gulf oil were shipped each day through the Strait of Hormuz. Within a few years, much of that oil could bypass the strait.",Winnipeg Free Press,Unknown,News,2026-07-28T08:36:25.720823Z
7089993d396c747670063fb826a81f2a,"Houthi attacks prompt ships to reroute south of Africa, bypassing Red Sea",https://cryptobriefing.com/houthi-attacks-prompt-ships-to-reroute-south-of-africa-bypassing-red-sea/,Estefano Gomez,2026-07-23T11:04:26Z,Suez Canal,"Houthi attacks lead ships to reroute south of Africa. Bab el-Mandeb Strait effectively closed by September 30 at 27.5% YES.
The post Houthi attacks prompt ships to reroute south of Africa, bypassing Red Sea appeared first on Crypto Briefing.",Crypto Briefing,Unknown,News,2026-07-28T08:36:25.720946Z
2c57e28a4daa6e7268bb24c06701c602,"Houthi militia declares naval blockade on Saudi Arabia, raising oil supply fears and crypto safe-haven debate",https://cryptobriefing.com/houthi-blockade-saudi-arabia-oil-crypto/,Editorial Team,2026-07-23T10:18:23Z,Suez Canal,"Houthi militia declares naval blockade on Saudi Arabia, threatening 7% of global oil supply through the Bab el-Mandeb Strait and stirring crypto
The post Houthi militia declares naval blockade on Saudi Arabia, raising oil supply fears and crypto safe-haven de…",Crypto Briefing,Global,News,2026-07-28T08:36:25.721001Z
a762ad3895afafb8223529687631ef9c,Asian Oil Buyers in Talks to Reroute Saudi Red Sea Flows,https://gcaptain.com/asian-oil-buyers-in-talks-to-reroute-saudi-red-sea-flows/,Bloomberg,2026-07-23T09:49:00Z,Suez Canal,"Some Asian crude oil buyers are in talks with Saudi Aramco to potentially reroute flows around Africa after Houthi attacks on tankers in the Red Sea, according to traders familiar with the matter.",gcaptain.com,Unknown,News,2026-07-28T08:36:25.721076Z
5544b768940a716348ad5f9d11d9c55f,Asian Oil Buyers in Talks With Saudis to Reroute Red Sea Flows,https://financialpost.com/pmn/business-pmn/asian-oil-buyers-in-talks-with-saudis-to-reroute-red-sea-flows,Bloomberg News,2026-07-23T09:43:09Z,Suez Canal,"At least two Asian crude oil buyers are in talks with Saudi Aramco to potentially reroute flows around Africa after Houthi attacks on tankers in the Red Sea, according to traders familiar with the matter.",Financial Post,Unknown,News,2026-07-28T08:36:25.721113Z
18de2b105cb277ba6637463afa57f830,"This man defied Britain, France and Israel – and his legacy still animates Africa",https://www.rt.com/africa/643347-when-cairo-was-centre-of-anticolonial-struggle/,RT,2026-07-23T09:04:16Z,Suez Canal,Gamal Abdel Nasser proved that true independence is won through active solidarity Read Full Article at RT.com,RT,UK,News,2026-07-28T08:36:25.721150Z
a5c17dd4052e7e3ce0bdbbb314650cac,West Asia oil producers step up plans to bypass Strait of Hormuz,https://www.thehindubusinessline.com/news/world/west-asia-oil-producers-step-up-plans-to-bypass-strait-of-hormuz/article71257033.ece,AP- PTI,2026-07-23T08:41:44Z,Suez Canal,West Asian oil producers are investing in pipeline projects to bypass the vulnerable Strait of Hormuz amid rising tensions.,BusinessLine,Unknown,News,2026-07-28T08:36:25.721201Z
cee075644468a2e3a4677be96b346946,Mideast oil producers step up plans to bypass the Strait of Hormuz,https://abcnews.com/International/wireStory/mideast-oil-producers-step-plans-bypass-strait-hormuz-135009733,DAVID MCHUGH Associated Press,2026-07-23T08:28:28Z,Suez Canal,"Before the war in Iran, roughly 15 million barrels of Persian Gulf oil were shipped each day through the Strait of Hormuz",Abcnews.com,Unknown,News,2026-07-28T08:36:25.721233Z
3f0483c6379450d4983af7ea10d6d99c,Kenya’s Saudi oil supplies face Red Sea risk as Houthis begin attacks on tankers | The Eastleigh Voice,https://eastleighvoice.co.ke/business/382291/kenyas-saudi-oil-supplies-face-red-sea-risk-as-houthis-begin-attacks-on-tankers,Alfred Onyango,2026-07-23T07:58:02Z,Suez Canal,"With the Strait of Hormuz effectively closed, a disruption of the Bab al-Mandeb could further tighten global energy supplies and intensify pressure on.",Eastleighvoice.co.ke,Global,News,2026-07-28T08:36:25.721277Z
0e936171d8721447e2d53ea3af352f25,Mideast oil producers step up plans to bypass the Strait of Hormuz,https://www.yahoo.com/news/world/articles/ml--iran-bypassing-hormuz-072947409.html,DAVID McHUGH,2026-07-23T07:29:47Z,Suez Canal,"Before the war in Iran, roughly 15 million barrels of Persian Gulf oil were shipped each day through the Strait of Hormuz.  Within a few years, much of that...",Yahoo Entertainment,Unknown,News,2026-07-28T08:36:25.721306Z
8abfaefe4bdb38db75856d32fc54d5ee,Mideast oil producers step up plans to bypass the Strait of Hormuz,https://www.yahoo.com/news/world/articles/mideast-oil-producers-step-plans-072947409.html,DAVID McHUGH,2026-07-23T07:29:47Z,Suez Canal,"Before the war in Iran, roughly 15 million barrels of Persian Gulf oil were shipped each day through the Strait of Hormuz.  Within a few years, much of that...",Yahoo Entertainment,Unknown,News,2026-07-28T08:36:25.721329Z
ee6236d22b1aa60892e7db6f324a17fa,Threat by Yemen’s Houthis put another trade chokepoint at risk,https://www.hurriyetdailynews.com/threat-by-yemens-houthis-put-another-trade-chokepoint-at-risk-224699,hurriyetdailynews.com,2026-07-23T06:54:21Z,Suez Canal,Declared blockade of Saudi Arabia by Yemen’s Houthi rebels has the potential to widen the Iran war and further disrupt global oil supplies and international trade.,Hurriyet Daily News,Global,News,2026-07-28T08:36:25.721396Z
21f437f228c7a747a1988dc58581e1c7,Iran war: Houthis claim strikes on two Saudi tankers as US attacks on Iran widen,https://www.irishtimes.com/world/middle-east/2026/07/23/iran-war-live-updates-us-houthis-donald-trump/,Sarah Burns,2026-07-23T06:27:21Z,Suez Canal,Trump has renewed threats to attack Iranian infrastructure,The Irish Times,Unknown,News,2026-07-28T08:36:25.721428Z
8afd172630ed9317dcf47f3bb3e2c579,Iran war: Houthis claim strikes on two Saudi tankers as US attacks on Iran widen,https://www.irishtimes.com/world/middle-east/2026/07/23/iran-war-houthis-claim-strikes-on-two-saudi-tankers-as-us-attacks-on-iran-widen/,Sarah Burns,2026-07-23T05:37:32Z,Suez Canal,Trump has renewed threats to attack Iranian infrastructure,The Irish Times,Unknown,News,2026-07-28T08:36:25.721475Z
4dabef8eed796b026cfe5708b36cc7f6,CNN Fact-Checker Daniel Dale Shreds Trump’s Wildest New Claims: ‘Did Not Happen!’,https://www.mediaite.com/media/news/cnn-fact-checker-daniel-dale-shreds-trumps-wildest-new-claims-did-not-happen/,Jennifer Bowers Bahney,2026-07-27T00:13:42Z,Panama Canal,"CNN's resident fact checker called out Trump for ""making stuff up"" about a nationwide TV outage and about George Washington, among other recent claims
The post CNN Fact-Checker Daniel Dale Shreds Trump’s Wildest New Claims: ‘Did Not Happen!’ first appeared on…",Mediaite,Unknown,News,2026-07-28T08:36:25.967888Z
b6b7c0bb515a273c61376c0a45e2813d,U.S. Jet Fuel Costs Soar as Iran War Hits Airlines Again,https://oilprice.com/Energy/Energy-General/US-Jet-Fuel-Costs-Soar-as-Iran-War-Hits-Airlines-Again.html,Tsvetana Paraskova,2026-07-26T21:00:00Z,Panama Canal,U.S. airlines are grappling with soaring jet fuel costs again after the return of hostilities in the Middle East shattered the three-week-long U.S.-Iran ‘deal to make a deal’ and sent Brent crude oil prices soaring past $100 per barrel again. The U.S. jet fue…,OilPrice.com,Unknown,Market Report,2026-07-28T08:36:25.967938Z
325a6f4695bbea4b84115d6e2d11d352,Southwest Used Panama Canal to Get Needed Jet Fuel,https://www.newser.com/story/393451/southwest-used-panama-canal-to-get-needed-jet-fuel.html,Kate Seamons with Newser.AI,2026-07-26T12:47:06Z,Panama Canal,"Southwest didn't just pay more for jet fuel this spring—it put it on a boat. Facing tight supplies and steeper prices on the West Coast, the airline chartered a ship to haul about 12.6 million gallons of jet fuel from Houston through the Panama Canal to Los A…",Newser,Panama,Market Report,2026-07-28T08:36:25.967975Z
579b1bd913e49a5117ed5d3a61ca3877,Panama Canal Advances Energy Corridor Bid Process as Prequalification Phase Moves Forward,https://gcaptain.com/panama-canal-advances-energy-corridor-bid-process-as-prequalification-phase-moves-forward/,Mike Schuler,2026-07-24T20:43:58Z,Panama Canal,"The Panama Canal Authority has completed the document submission phase for companies seeking to participate in the prequalification process for its proposed Energy Corridor, marking another step toward one of...",gcaptain.com,Panama,News,2026-07-28T08:36:25.968030Z
babdef05186359f42228da30592fa459,"Lindsey Graham’s Sister Replaced Him. If History’s Any Guide, We Know Exactly What Type of Senator She’ll Be.",https://slate.com/news-and-politics/2026/07/lindsey-graham-sister-darline-senator-qualifications.html,Ian Prasad Philbrick,2026-07-24T18:58:52Z,Panama Canal,Darline Graham has been described as largely apolitical. Hmm.,Slate Magazine,Unknown,News,2026-07-28T08:36:25.968096Z
f3c17ddcc5947749948e6af25cd61d28,Overseas Buyers In Hot Pursuit of USA Crude,https://www.rigzone.com/news/wire/overseas_buyers_in_hot_pursuit_of_usa_crude-24-jul-2026-184210-article/,"L.Kassai, C.Charleston, Y.Chin",2026-07-24T13:09:47Z,Panama Canal,U.S. crude is drawing overseas interest from Asian and European refiners.,Rigzone,Unknown,News,2026-07-28T08:36:25.968179Z
30307f2c61415743539514db6a6dd84b,"In 1900, Chicago made its river flow backward to keep sewage out of Lake Michigan, redirecting the water toward the Mississippi Basin instead",https://economictimes.indiatimes.com/news/international/us/in-1900-chicago-made-its-river-flow-backward-to-keep-sewage-out-of-lake-michigan-redirecting-the-water-toward-the-mississippi-basin-instead/articleshow/132601860.cms,Team Global,2026-07-24T10:05:45Z,Panama Canal,"Chicago reversed its river flow in the late 1800s to protect its drinking water. This engineering feat sent waste away from Lake Michigan and into the Mississippi River. However, this connection later allowed invasive species to move between river systems. As…",The Times of India,Unknown,News,2026-07-28T08:36:25.968236Z
837b17613918444923a22033954c9a22,Southwest Airlines put Texas jet fuel on a boat to LA for the first time amid supply worries,https://www.cnbc.com/2026/07/23/southwest-shipped-jet-fuel-from-texas-to-california-amid-supply-crunch.html,Leslie Josephs,2026-07-23T20:12:42Z,Panama Canal,Southwest hired a ship this spring to send fuel from Houston to Los Angeles in case of supply shortages.,CNBC,Unknown,News,2026-07-28T08:36:25.968270Z
350a04a46887fbcd1876c8ef44d6e9cc,"India, Panama to strengthen maritime connectivity, supply chains",https://www.thehindubusinessline.com/news/india-panama-to-strengthen-maritime-connectivity-supply-chains/article71258288.ece,Aneesh Phadnis,2026-07-23T13:49:15Z,Panama Canal,"India and Panama aim to enhance maritime connectivity and supply chains amid West Asia tensions, fostering trade and investment opportunities.",BusinessLine,India,News,2026-07-28T08:36:25.968291Z
850b979f31a6cee0f853f1ca134f788a,"Panama Canal’s El Niño Concerns Prompt Carrier Surcharges, New Draft Restrictions",https://biztoc.com/x/1e12108b03ee49ec,finance.yahoo.com,2026-07-22T23:16:37Z,Panama Canal,"The Panama Canal continues to prepare for potentially extreme El Niño weather patterns this year that could lead to drier-than-normal conditions and a possible redux of the 2023-2024 drought that limited shipping capacity through the trade conduit.
With a pos…",Biztoc.com,Panama,News,2026-07-28T08:36:25.968335Z
b0425b1ba0e3058dad0aa7492e8d2840,The Pastor Pipeline That Helped Deliver Venezuela to Israel,https://www.activistpost.com/the-pastor-pipeline-that-helped-deliver-venezuela-to-israel/,Editor,2026-07-22T12:00:00Z,Panama Canal,"Freddie Ponton21st Century Wire Venezuela’s turn toward Israel did not begin in the rubble. The earthquake gave the world the story it was meant to see: rescue teams, drones, prayers, gratitude. But the real machinery was moving somewhere else. In Caracas, Ve…",Activistpost.com,Unknown,News,2026-07-28T08:36:25.968434Z
38ed07e43d7276d641367068d98e2d0d,GOLIAH (3),https://www.hilobrow.com/2026/07/22/goliah-3/,Jack London,2026-07-22T05:01:53Z,Panama Canal,"""The rest of the vessels never fired a shot.""",Hilobrow.com,Unknown,News,2026-07-28T08:36:25.968456Z
fbe7224de27212782e160b57f0553762,Houthi Threats Ignite New Oil Price Surge,https://oilprice.com/Energy/Crude-Oil/Houthi-Threats-Ignite-New-Oil-Price-Surge.html,Tom Kool,2026-07-21T15:53:00Z,Panama Canal,"Houthi attacks are expanding the Middle East conflict into the Red Sea, forcing tankers to reroute and pushing Brent above $91 amid growing fears of prolonged supply disruptions. Aramco Floods the Red Sea With Crude Ahead of Houthi Escalation - Perhaps foresh…",OilPrice.com,Unknown,News,2026-07-28T08:36:25.968505Z
8d3bb86063f52b2d2e8b71ddb0cd3a67,"Posthaste: Brace yourself, we’re about to be hit by what could be the mother of all supply shocks",https://financialpost.com/news/super-el-nino-threatens-to-pile-supply-shocks-vulnerable-world,Pamela Heaven,2026-07-21T12:04:10Z,Panama Canal,Super El Niño brewing in the Pacific could further disrupt supply chains and hike inflation when world is already vulnerable,Financial Post,Unknown,News,2026-07-28T08:36:25.968597Z
4ceab27da337d686ed7067df1e076845,A record El Niño is poised to be this year's next big supply shock for the global economy,https://www.businessinsider.com/el-nino-record-supply-shock-inflation-global-economy-iran-war-2026-7#article,wedwards@businessinsider.com (William Edwards),2026-07-21T09:20:01Z,Panama Canal,Deutsche Bank warns that volatile weather from this year's El Nino could combine with Iran-war oil shocks to send consumer prices surging.,Business Insider,Global,Market Report,2026-07-28T08:36:25.968630Z
4fc117e6a6928d173786beaa3ff8b44f,Dark Nights for US Radars: Iran’s Precision Strikes Cripple US Air Defense Network Across West Asia,https://www.presstv.co.uk/Detail/2026/07/23/772849/Dark-nights-for-US-radars--Iran-s-precision-strikes-cripple-US-air-defense-network-across-West-Asia,Yousef Ramazani,2026-07-27T06:55:06Z,Black Sea shipping,"In coordinated retaliatory strikes across West Asia, Iran has systematically dismantled US radar and air defense networks, blinding American surveillance, destroying Patriot systems and F-15s, and fundamentally altering the regional balance of power.",Presstv.co.uk,USA,News,2026-07-28T08:36:26.309523Z
113563c24f801b3f8a0dd8342c0aff8c,Trump’s Half Of The “Domestic Terrorism” Psyop Underway & ICE Lawlessness Is Just The Beginning,https://www.activistpost.com/trumps-half-of-the-domestic-terrorism-psyop-underway-ice-lawlessness-is-just-the-beginning/,Editor,2026-07-26T22:00:00Z,Black Sea shipping,"Welcome to The Daily Wrap Up, an in-depth investigatory show dedicated to bringing you the most relevant independent news, as we see it, from the last 24 hours (7/16/26). As always, take the information discussed in the video below and research it for yoursel…",Activistpost.com,Unknown,Market Report,2026-07-28T08:36:26.309660Z
7165e5406a48b29ecc3d60f17d2d2e75,Thomas Barrack revives “Four Seas” project as alternative to Hormuz,https://i-epikaira.blogspot.com/2026/07/thomas-barrack-revives-four-seas.html,noreply@blogger.com (Unknown),2026-07-26T21:01:00Z,Black Sea shipping,"27/03/2026The US special envoy to Syria, Thomas Barrack, said the Middle East is going through what he described as an “exceptional historic moment” in which Syria has the spiritual, geographic, and geopolitical capacity to become part of the solution to the …",Blogspot.com,Unknown,News,2026-07-28T08:36:26.309741Z
350832ad54efebfb28305b997ccec07c,Shipping authority asks Indian seafarers to assess security situation before taking up jobs in conflict zones,https://economictimes.indiatimes.com/industry/transportation/shipping-/-transport/shipping-authority-asks-indian-seafarers-to-assess-security-situation-before-taking-up-jobs-in-conflict-zones/articleshow/132644719.cms,PTI,2026-07-26T16:56:32Z,Black Sea shipping,The Directorate General of Maritime Administration issued a strong caution for vessels operating in the Black Sea. This advisory follows recent attacks that tragically claimed the lives of five Indian seafarers. Indian flagged and foreign vessels with Indian …,The Times of India,India,News,2026-07-28T08:36:26.309824Z
ac00b0c84bcbdb3175eeca2227d691bc,"Merchant vessel with 4 Indians struck at Ukraine’s Odesa port; 2 safe, fate of 2 awaited",https://www.thehindubusinessline.com/news/merchant-vessel-with-4-indians-struck-at-ukraines-odesa-port-2-safe-fate-of-2-awaited/article71268850.ece,PTI,2026-07-26T08:01:40Z,Black Sea shipping,"A merchant vessel carrying four Indian nationals was struck at Ukraine's Port of Odesa, with two crew members confirmed safe while information about the other two is still awaited, the Indian Embassy in Kyiv said on Sunday.",BusinessLine,India,News,2026-07-28T08:36:26.309903Z
c3c8f65d9a3e7cc39f8797fa242bd1bc,Trump pulls back after Iran crosses his red line as U.S. military breaks two-week streak of airstrikes amid talks for potential Hormuz deal,https://fortune.com/2026/07/25/trump-iran-war-red-line-us-military-pause-airstrikes-talks-hormuz-deal/,Jason Ma,2026-07-25T19:46:56Z,Black Sea shipping,"""They want to make a deal. I just don't think they're ready yet, but they do want to make a deal.""",Fortune,Unknown,News,2026-07-28T08:36:26.309940Z
09aa83a6c2b837094e4e2a8fdc0b6ed8,Crude oil prices rise 10% this week but China enters fray to push for end to Iran war. What’s next?,https://economictimes.indiatimes.com/markets/commodities/news/crude-oil-prices-rise-10-this-week-but-china-enters-fray-to-push-for-end-to-iran-war-whats-next/articleshow/132619080.cms,Veer Sharma,2026-07-25T04:35:15Z,Black Sea shipping,"Crude oil futures experienced a significant decline on Friday. This drop followed reports of China's initiative to restart stalled US-Iran peace negotiations. Despite the fall, both Brent and West Texas Intermediate crude are set for weekly gains. Geopolitica…",The Times of India,China,Market Report,2026-07-28T08:36:26.309998Z
9768ce17da74689ef3cebd9469204bbe,Oil falls on report China pushing for end US-Iran war,https://economictimes.indiatimes.com/markets/commodities/news/oil-falls-on-report-china-pushing-for-end-us-iran-war/articleshow/132618787.cms,Reuters,2026-07-25T04:14:07Z,Black Sea shipping,Crude oil futures prices experienced a significant drop on Friday. Hopes for renewed peace talks between the United States and Iran emerged. Both Brent and West Texas Intermediate crude futures saw substantial weekly gains. Shipping disruptions in key waterwa…,The Times of India,China,Market Report,2026-07-28T08:36:26.310014Z
1384e66118ccd36fdb9fdc7f763208e4,Russia's Biggest Black Sea Oil Port Goes Quiet as Drone Threat Grows,https://oilprice.com/Latest-Energy-News/World-News/Russias-Biggest-Black-Sea-Oil-Port-Goes-Quiet-as-Drone-Threat-Grows.html,Julianne Geiger,2026-07-24T18:00:00Z,Black Sea shipping,"Russia's largest Black Sea oil export terminal has effectively gone offline just days after drone attacks shut down the neighboring Caspian Pipeline Consortium terminal, tightening another artery that moves crude onto the global market. The Sheskharis termina…",OilPrice.com,Russia,Market Report,2026-07-28T08:36:26.310320Z
71a71501405ad3e9979d4acb1b7abcfb,"Oil down more than 4% on profit taking, report of China-backed push to end US-Iran fighting",https://finance.yahoo.com/news/oil-prices-slide-but-head-for-weekly-rise-on-middle-east-escalation-084515480.html,Reuters,2026-07-24T17:07:46Z,Black Sea shipping,"HOUSTON, July 24 (Reuters) - Crude oil futures prices were more than 4% lower on Friday as traders booked profits and after sources said that China had initi...",Yahoo Entertainment,China,Market Report,2026-07-28T08:36:26.310332Z
a56b78536292dda5806af2f11acc4f65,U.S. military base in Iraq targeted by Iran as renewed fighting nears 2-week mark,https://www.cbc.ca/news/world/us-iran-war-iraq-base-9.7282046,,2026-07-24T13:13:34Z,Black Sea shipping,"Drones carrying explosives targeted a city in northern Iraq where U.S. forces are station, hours after the American military said it finished its 13th consecutive night of strikes against Iran.",CBC News,USA,News,2026-07-28T08:36:26.310394Z
0c0dbd8930e4de34856b683cab539f99,Stranded Hormuz Seafarers abandoned for months at sea,https://www.globalsecurity.org/military/library/news/2026/07/mil-260724-ohchr01.htm,John Pike,2026-07-24T12:00:00Z,Black Sea shipping,UN Human Rights Chief Volker Türk calls for urgent action to remedy the plight of thousands of stranded seafarers who are facing a dire humanitarian and human rights crisis in the Strait of Hormuz.,Globalsecurity.org,Unknown,News,2026-07-28T08:36:26.310464Z
b52203bd2d59104a69802d11be4da2e4,"Ukraine launches one of its biggest strikes on Russia this year, targeting Wildberries warehouses and a missile plant",https://freerepublic.com/focus/f-news/4389189/posts,Meduza,2026-07-24T11:40:28Z,Black Sea shipping,"Russia’s air defenses shot down 571 Ukrainian drones overnight on July 24 over 15 regions of Russia, occupied Crimea, and the Sea of Azov and Black Sea, the Defense Ministry reported. Ukraine’s attack was one of the largest of the year, according to the Russi…",Freerepublic.com,Russia,Market Report,2026-07-28T08:36:26.310495Z
439e0974c9da490ee8e25e9dba75042c,"Brent hovers above $100 a barrel, set for weekly rise",https://www.rte.ie/news/business/2026/0724/1584887-world-oil-prices/,RTÉ News,2026-07-24T06:32:32Z,Black Sea shipping,"Brent oil prices hovered above $100 a barrel today while heading for their fourth week of gains, driven by concerns about disrupted energy flows in the Red Sea and fears of further escalation in the US-Israeli war on Iran.",RTE,Unknown,Market Report,2026-07-28T08:36:26.310752Z
cc93644a31f349e82dbe1967418eee69,Oil Price Today (July 24): Crude oil dips below $100 but up 13% this week as supply tensions mount. $120 per barrel possible?,https://economictimes.indiatimes.com/markets/commodities/news/oil-price-today-july-24-crude-oil-dips-below-100-but-up-13-this-week-as-supply-tensions-mount-120-per-barrel-possible/articleshow/132594807.cms,Veer Sharma,2026-07-24T02:14:02Z,Black Sea shipping,"Brent futures fell 81 cents, or 1%, to $99.68 a barrel at 0126 GMT, but were still set for a 13.5% rise this week. West Texas Intermediate (WTI) futures dropped 70 cents, or 0.76%, to $91.49 a barrel and were on track for a 11% weekly gain.",The Times of India,Unknown,Market Report,2026-07-28T08:36:26.310837Z
29908b5d19bf5c5ef074c7db151cbad3,"Oil set for weekly rise amid Red Sea shipping attacks, Kazakhstan output cuts",https://economictimes.indiatimes.com/markets/commodities/news/oil-set-for-weekly-rise-amid-red-sea-shipping-attacks-kazakhstan-output-cuts/articleshow/132594482.cms,Reuters,2026-07-24T01:38:57Z,Black Sea shipping,Oil prices are poised for weekly gains amid Red Sea shipping concerns. Houthi attacks on tankers have raised fears about a key shipping route. Kazakhstan has also temporarily reduced oil output after drone attacks. Its main Black Sea export terminal faced a t…,The Times of India,Unknown,Market Report,2026-07-28T08:36:26.310932Z
2c329800a4023a7a091b6399c6856e9e,"Global Market Today: Asian stocks fall on tech selloff, brent trades above $100",https://economictimes.indiatimes.com/markets/us-stocks/news/global-market-today-asian-stocks-fall-on-tech-selloff-brent-trades-above-100/articleshow/132594257.cms,Bloomberg,2026-07-24T01:00:46Z,Black Sea shipping,"Asian stocks declined following a Wall Street tech selloff and investor doubts about artificial intelligence returns. Oil prices held their gains after closing over one hundred dollars, reaching a May high.  Treasuries fell and the dollar strengthened as infl…",The Times of India,Global,Market Report,2026-07-28T08:36:26.310977Z
403163d6f6606fd1195b0777c82336e6,Crude crosses $100 as Red Sea tensions disrupt supplies,https://punchng.com/crude-crosses-100-as-red-sea-tensions-disrupt-supplies/,Punch Newspapers,2026-07-23T23:22:25Z,Black Sea shipping,"Global crude oil prices surge past $100 per barrel as escalating Red Sea attacks disrupt supplies, raising fears of wider global oil trade disruptions.

Read More: https://punchng.com/crude-crosses-100-as-red-sea-tensions-disrupt-supplies/",The Punch,Global,Market Report,2026-07-28T08:36:26.311080Z
ecadbd906214c2766db42688c0524e5c,Asian Stocks Set to Fall as Oil Surges Past $100: Markets Wrap,https://financialpost.com/pmn/business-pmn/asian-stocks-set-to-fall-as-oil-surges-past-100-markets-wrap,Bloomberg News,2026-07-23T22:25:19Z,Black Sea shipping,"Stocks in Asia were poised for declines after a sharp Wall Street selloff, while oil surged above $100 a barrel for the first time in two months as an escalating Middle East conflict stoked fears of renewed inflation.",Financial Post,Unknown,Market Report,2026-07-28T08:36:26.311114Z
f2e5945715a9e6ba5d5b93361e420447,OPEC+ Set to Raise Output Again—Even as Members Can't Pump It,https://oilprice.com/Energy/Crude-Oil/OPEC-Set-to-Raise-Output-AgainEven-as-Members-Cant-Pump-It.html,Julianne Geiger,2026-07-23T22:00:00Z,Black Sea shipping,"OPEC+ is expected to approve another production target increase when eight key producers meet on August 2, extending a months-long campaign to unwind voluntary supply cuts that have existed largely on paper since the Iran war upended Gulf exports. Reuters rep…",OilPrice.com,Unknown,News,2026-07-28T08:36:26.311176Z
b00cbe40156c43faa55fcf44e415dd96,OPEC+ Set to Raise Output Again—Even as Members Can't Pump It,https://finance.yahoo.com/energy/articles/opec-set-raise-output-again-220000540.html,Julianne Geiger,2026-07-23T22:00:00Z,Black Sea shipping,"OPEC+ is expected to approve another production target increase when eight key producers meet on August 2, extending a months-long campaign to unwind volunta...",Yahoo Entertainment,Unknown,News,2026-07-28T08:36:26.311207Z
e811a603165cbf15711f364970cf4e1f,FAFO: Despair As Russian Sellers Lose Everything In Wildberries Attacks,https://crooksandliars.com/2026/07/fafo-despondent-russian-sellers-lose,Ed Scarce,2026-07-23T21:06:49Z,Black Sea shipping,"Ordinary Russians, largely removed from the war in Ukraine, have only recently begun to feel the effects of their collective acquiescence to Putin's war crimes. Along with Ukraine's attacks on Russia's oil refineries and its shipping in the Black Sea, we're n…",Crooksandliars.com,Russia,News,2026-07-28T08:36:26.311238Z
9d9a36ed766508a78680424b6c547d72,“It’s Too Hard To Ignore $100 Oil”: Financial Markets Start To Shake As The Reality Of The Global Energy Crisis Weighs Heavily On Investors,http://theeconomiccollapseblog.com/its-too-hard-to-ignore-100-oil-financial-markets-start-to-shake-as-the-reality-of-the-global-energy-crisis-weighs-heavily-on-investors/,Michael,2026-07-23T19:45:28Z,Black Sea shipping,"Everyone is starting to figure out that there isn’t going to be enough oil. The Iranians have closed the Strait of Hormuz, the Houthis are targeting Saudi oil tankers in the Red Sea, and the Ukrainians are relentlessly attacking Russian energy infrastructure.…",Theeconomiccollapseblog.com,Russia,Market Report,2026-07-28T08:36:26.311298Z
a80ba943dad033133ed2d88533137ae9,"The West wants a new order, but has no plan for one",https://www.rt.com/news/643337-west-wants-new-order/,RT,2026-07-23T17:23:22Z,Black Sea shipping,"As the Montreux Convention comes under pressure and Hormuz grows more unstable, military power alone is proving unable to sustain order Read Full Article at RT.com",RT,Unknown,News,2026-07-28T08:36:26.311333Z
c06c8d6e6a62201d9ff7b0b8e720738b,"Putin's 'inner circle' blames him for devastating Russian losses with Ukraine strikes creating 'toxic' Kremlin atmosphere, says Zelensky",https://www.dailymail.com/news/article-16000491/Putins-inner-circle-blames-Russian-losses-Ukraine-strikes-Zelensky.html,"Will Stewart, Sophia Stanford",2026-07-23T17:10:25Z,Black Sea shipping,"'The situation on the front, together with our long-range sanctions and mid-range strikes, is creating a new atmosphere around Putin. A very toxic atmosphere,' the Ukrainian leader said.",Dailymail.com,Russia,News,2026-07-28T08:36:26.311358Z
a09b1ab1b2f4e91a179cc21474a55240,Turkish sailor killed amid fresh Ukrainian strikes on shipping (VIDEO),https://www.rt.com/news/643392-turkish-sailor-ukraine-drone-strikes/,RT,2026-07-23T16:00:06Z,Black Sea shipping,A drone strike has killed a Turkish sailor on a coal ship off Novorossiysk as Ukraine announced attacks on 13 vessels in Azov and Black Seas Read Full Article at RT.com,RT,Russia,News,2026-07-28T08:36:26.311383Z
c93fd91fa71b8f9e626022fbeac92711,The Real History That Inspired The Odyssey,https://www.esquire.com/entertainment/movies/a73246708/is-the-odyssey-a-true-story/,Matt Blake,2026-07-23T15:26:32Z,Black Sea shipping,"Was The Odyssey based on real events? Explore the evidence for Troy, the Trojan War, Odysseus, the wooden horse and Homer’s monsters.",esquire.com,Unknown,News,2026-07-28T08:36:26.311420Z
c3a8348447ee3e354526730807e16fbc,Brent Tops $100 as Houthi Attacks Push Oil Rally Into Triple Digits,https://oilprice.com/Energy/Oil-Prices/Brent-Tops-100-as-Houthi-Attacks-Push-Oil-Rally-Into-Triple-Digits.html,Julianne Geiger,2026-07-23T15:17:00Z,Black Sea shipping,Brent crude has broken back above $100 a barrel for the first time in nearly two months as escalating attacks on commercial shipping in the Red Sea deepen concerns that the Middle East supply crisis is spreading beyond the Strait of Hormuz. As of mid-morning …,OilPrice.com,Unknown,News,2026-07-28T08:36:26.311469Z
8d5eb50de5dc5443d1bf1d20c9b7c56c,Drone attacks on Black Sea tankers threaten Kazakhstan’s oil exports and rattle energy markets,https://cryptobriefing.com/drone-attacks-cpc-black-sea-oil-tankers/,Editorial Team,2026-07-23T14:01:47Z,Black Sea shipping,"Drone strikes hit tankers near Russia's CPC terminal in Novorossiysk, suspending loadings and threatening Kazakhstan's critical oil export route.
The post Drone attacks on Black Sea tankers threaten Kazakhstan’s oil exports and rattle energy markets appeared …",Crypto Briefing,Russia,Market Report,2026-07-28T08:36:26.311498Z
fa093c67e2a531a9b651dc261daeff93,India urges caution for ships entering Black Sea,https://www.channelnewsasia.com/world/india-urges-caution-ships-entering-black-sea-6273666,,2026-07-23T11:58:45Z,Black Sea shipping,NEW DELHI: India issued a security warning on Thursday (Jul 23) for ships venturing into the Black Sea that are locally flagged or employ its seafarers.The advisory follows a Russian attack Sunday on a cargo shi,CNA,India,News,2026-07-28T08:36:26.311635Z
0dcb6aec8d53bc0848bb6f5aab80bb3c,India urges caution for ships entering Black Sea,https://economictimes.indiatimes.com/news/india/india-urges-caution-for-ships-entering-black-sea/articleshow/132578911.cms,AFP,2026-07-23T11:24:14Z,Black Sea shipping,India issued a security warning for ships in the Black Sea region.  This advisory follows a recent Russian attack that killed four Indian nationals.  The maritime authority urged extreme caution and risk assessments for voyages.  Several other attacks involvi…,The Times of India,India,Market Report,2026-07-28T08:36:26.311658Z
d3203f4dafe8f80214c1609b02f76a0b,Links 7/23/2026,https://www.nakedcapitalism.com/2026/07/links-7-23-2026.html,Conor Gallagher,2026-07-23T10:58:47Z,Black Sea shipping,"Our daily links, including homeless felony charges, prediction markets to pay for school, Saudi nuclear deal, Pakistan wild card, and US-Israel military integration.",Nakedcapitalism.com,Unknown,Analysis/Opinion,2026-07-28T08:36:26.311686Z
a32122a17c314b80024966052ad24711,Russia strikes Odessa port facilities used to store military cargo,https://www.naturalnews.com/2026-07-23-russia-strikes-odessa-port-facilities.html,Cassie B.,2026-07-23T06:00:00Z,Black Sea shipping,"Russian forces struck port infrastructure in Odessa, targeting cargo facilities and a drone-component production site. The strike is part of a months-long campaign against Ukrainian military logistics along the Black Sea coast. June saw the highest Ukrainian …",Naturalnews.com,Russia,News,2026-07-28T08:36:26.311833Z
44d8f371cde526ee115b636a5cf60a54,"Hormuz, Mandeb, Black Sea: Wars and Diesel Chokepoints Spike World Inflation",https://www.juancole.com/2026/07/hormuz-chokepoints-inflation.html,Juan Cole,2026-07-23T04:15:31Z,Black Sea shipping,"The Iran War will erode the purchasing power of American consumers this summer, according to CNBC especially because of high diesel prices.",Juancole.com,USA,Market Report,2026-07-28T08:36:26.311885Z
fd0ac16f14c80a30ac45e874b0f5e907,Trump Approves Nuclear Deal With Saudi Arabia,http://foreignpolicy.com/2026/07/22/trump-nuclear-deal-saudi-arabia-uranium-enrichment-gold-standard/,Alexandra Sharp,2026-07-22T21:25:30Z,Black Sea shipping,"But without “gold standard” constraints, the pact could allow Riyadh to eventually develop a warhead.",Foreign Policy,Unknown,News,2026-07-28T08:36:26.311918Z
2fe47165d130e6e6a775e47bc8a831f9,Oil Extends Rally on Iran Tensions,https://www.rigzone.com/news/wire/oil_extends_rally_on_iran_tensions-22-jul-2026-184192-article/,"Mia Gindis, Alex Longley",2026-07-22T20:22:10Z,Black Sea shipping,Brent settled above $94 as traders weighed growing geopolitical risks and the potential for prolonged supply disruptions.,Rigzone,Unknown,News,2026-07-28T08:36:26.311949Z
d2b6bd0049c0bff2b0bc2130ce5ba08a,Vance Not a Fool. Why Does He Act Like One?,https://www.theatlantic.com/newsletters/2026/07/jd-vance-plays-dumb/688018/,the atlantic,2026-07-22T19:00:28Z,Black Sea shipping,"Every politician does some pandering, but few do it as clumsily, or with such evident disdain for their own supporters, as the vice president.",The Atlantic,Unknown,News,2026-07-28T08:36:26.311980Z
4603ee776ae0520c6bf6df4266b32877,Oil Tops $95 With US-Iran Hostilities Ratcheting Up Supply Risks,https://financialpost.com/pmn/business-pmn/oil-tops-95-with-us-iran-hostilities-ratcheting-up-supply-risks,Bloomberg News,2026-07-22T16:09:43Z,Black Sea shipping,"Oil briefly spiked above $95, extending this month’s price jump to around 30%, as the US and Iran played down the prospect of peace talks and disruptions to global supplies continued to mount.",Financial Post,Global,News,2026-07-28T08:36:26.312023Z
10be08edb20cff57d04d2cd0750cb805,Houthi Threats Give Oil Markets a ‘Two Chokepoint Problem’,https://gcaptain.com/houthi-threats-give-oil-markets-a-two-chokepoint-problem/,Bloomberg,2026-07-22T15:42:39Z,Black Sea shipping,"Ships continue to turn away from the southern end of the Red Sea, after Yemen’s Iran-backed Houthi rebels announced an embargo on Saudi exports through the Bab el-Mandeb Strait, a narrow channel that has become a lifeline for oil exports since the beginning o…",gcaptain.com,Unknown,Market Report,2026-07-28T08:36:26.312066Z
655bc1dbb3ccd34da2bd186c812205ca,Ukraine hits more warehouses of top Russian retailer Wildberries,https://www.abc.net.au/news/2026-07-23/ukraine-strikes-russian-wildberries-retail/106947118,,2026-07-22T15:11:33Z,Black Sea shipping,"Volodymyr Zelenskyy said Kyiv struck ""logistics hubs"" supplying the Russian army with ""drone components, navigation equipment and other gear"".",ABC News (AU),Russia,News,2026-07-28T08:36:26.312087Z
801607ee692c921b17a963444a903e2c,Houthi Threat Squeezes Options for Oil Shippers,https://www.rigzone.com/news/wire/houthi_threat_squeezes_options_for_oil_shippers-22-jul-2026-184182-article/,"W. Soon, G. Smith, N. Lua, J. Lee & A. Longley",2026-07-22T15:03:06Z,Black Sea shipping,"Ships continue to turn away from the Red Sea's southern end, after Houthi rebels announced an embargo on Saudi exports through the Bab el-Mandeb Strait, which has become a lifeline for oil exports since the start of the U.S.-Israeli war with Iran.",Rigzone,Unknown,News,2026-07-28T08:36:26.312127Z
c806638932f8b0d4f5c5b101ee96a810,Rubio's blunt Iran threat sparks chaos in global oil market,https://www.dailymail.com/news/article-15996537/rubio-iran-threat-oil-chaos.html,Ross Ibbetson,2026-07-22T12:21:25Z,Black Sea shipping,The Secretary of State delivered the blunt threat to reporters at the ASEAN foreign ministers' meeting in Manila.,Dailymail.com,Global,Market Report,2026-07-28T08:36:26.312155Z
302d1796ee0d88315e36b3cc33c755e8,Foreign Minister S Jaishankar conveys to Russian counterpart Sergey Lavrov India's concerns over safety of Indian seafarers,https://economictimes.indiatimes.com/news/india/foreign-minister-s-jaishankar-conveys-to-russian-counterpart-sergey-lavrov-indias-concerns-over-safety-of-indian-seafarers/articleshow/132556098.cms,PTI,2026-07-22T11:19:14Z,Black Sea shipping,"India's External Affairs Minister conveyed concerns to Russia regarding seafarer safety. This discussion occurred after four Indian crew members died in a Black Sea attack. The ministers also addressed trade, investment, and energy security issues. India prev…",The Times of India,India,News,2026-07-28T08:36:26.312196Z
7ba0cb121c6c105993ad83227960ff83,Oil Jumps Nearly 4% as Houthis Threaten Red Sea Blockade,https://oilprice.com/Latest-Energy-News/World-News/Oil-Jumps-Nearly-4-as-Houthis-Threaten-Red-Sea-Blockade.html,Charles Kennedy,2026-07-22T11:10:00Z,Black Sea shipping,"Oil prices jumped by nearly 4% early on Wednesday as concerns about crude supply from the Middle East intensify with threats to shipping at both chokepoints in the region, the Strait of Hormuz and the Bab el-Mandeb Strait. Brent Crude prices jumped by 3.75% t…",OilPrice.com,Unknown,Market Report,2026-07-28T08:36:26.312240Z
48b5231241eef18b92d425f44611edcf,Ukraine renews strikes on Russia's largest online retailer,https://www.dw.com/en/ukraine-renews-strikes-on-russias-largest-online-retailer/a-78063598,Jon Shelton,2026-07-22T09:55:00Z,Black Sea shipping,"Ukraine's military has again targeted warehouses belonging to Wildberries. The company, which Kyiv says provides logistics for Russia's military, was previously targeted on Saturday. Wildberries, Russia's largest online retailer, on Wednesday said that severa…",DW (English),Russia,News,2026-07-28T08:36:26.312270Z
c7fbb121258f93c10f9c70005c2f1cd1,Zelenskyy talks with Trump envoys amid attacks on Russia,https://www.dw.com/en/zelenskyy-talks-with-trump-envoys-amid-attacks-on-russia/a-78063598,Jon Shelton,2026-07-22T09:55:00Z,Black Sea shipping,"Ukraine's president said he discussed reinvigorating diplomacy with US envoys Witkoff and Kushner. The talk followed strikes by Ukraine's military on warehouses belonging to Wildberries — known as ""Russia's Amazon.""",DW (English),Russia,News,2026-07-28T08:36:26.312299Z
52acbd56dc846e914104c98615f2c98a,Brent oil jumps 2% to hold above $92 as Rubio says Iran 'not serious' about peace talks,https://www.cnbc.com/2026/07/22/oil-prices-iran-war-macro-rubio-brent-wti.html,Chloe Taylor,2026-07-22T07:56:07Z,Black Sea shipping,Oil prices rose as hopes for a ceasefire in the Middle East faded.,CNBC,Unknown,Market Report,2026-07-28T08:36:26.312350Z
683d5a7a3ad0cc3270df2991c69cefe1,"India Summons Russian Envoy, Furious At Mass Casualty Tanker Strike In Black Sea",https://biztoc.com/x/0a9ce86ee0ca8d92,zerohedge.com,2026-07-22T06:50:20Z,Black Sea shipping,"India Summons Russian Envoy, Furious At Mass Casualty Tanker Strike In Black Sea
 
Tit-for-tat attacks on shipping between Ukraine and Russia have ratcheted of late in the Black Sea. At least half a dozen commercial vessels have been attacked in these waters …",Biztoc.com,India,News,2026-07-28T08:36:26.312381Z
3e2219e2ef4cccb0208bbe18abc83709,Crude oil futures rise as US attacks on Iran enter 11th day,https://www.thehindubusinessline.com/markets/commodities/crude-oil-futures-rise-as-us-attacks-on-iran-enter-11th-day/article71252043.ece,BL Mangaluru Bureau,2026-07-22T04:17:31Z,Black Sea shipping,"Factoring in renewed disruptions from the Persian Gulf, risks to Saudi crude exports from the Red Sea, and developments in the Black Sea, one may argue that Brent at just over $91 a barrel is undervalued",BusinessLine,Unknown,News,2026-07-28T08:36:26.312420Z
57b530f7d5fe36ea0e0db79b040c6efd,Gold Holds Gain as Traders Weigh Impact of Oil Risks on Rates,https://financialpost.com/pmn/business-pmn/gold-holds-gain-as-traders-weigh-impact-of-oil-risks-on-rates,Bloomberg News,2026-07-22T00:22:49Z,Black Sea shipping,Gold held a gain as traders monitored threats to energy supply routes that risk stoking inflation and putting pressure on the Federal Reserve to hike interest rates.,Financial Post,Unknown,Market Report,2026-07-28T08:36:26.312452Z
1fcaec1aa4108abcbc4a2134035145d7,Oil Climbs as Shipping Threats Grow,https://www.rigzone.com/news/wire/oil_climbs_as_shipping_threats_grow-21-jul-2026-184181-article/,"Alex Longley, Mia Gindis",2026-07-21T20:23:05Z,Black Sea shipping,Brent crude climbed to its highest level since early June as mounting threats to key oil shipping routes raised supply concerns.,Rigzone,Unknown,News,2026-07-28T08:36:26.312486Z
97ef1ae88e8dc10ec7b70dfda75b4cfc,Houthi Threats Force Oil Tanker U-Turns as Iran Chokes Hormuz,https://financialpost.com/pmn/business-pmn/houthi-threats-force-oil-tanker-u-turns-as-iran-chokes-hormuz,Bloomberg News,2026-07-21T16:42:05Z,Black Sea shipping,"Some ships have began to alter their sailing routes in the Red Sea and another vessel was hit in the Strait of Hormuz, as two of the oil market’s key release valves during the Iran war come under mounting pressure.",Financial Post,Unknown,Market Report,2026-07-28T08:36:26.312527Z
a7a307a25ba1e34a727a316e75c6690e,"Steep rise in civilian casualties in Russia-Ukraine war, UN says",https://www.aljazeera.com/news/2026/7/21/steep-rise-in-civilian-casualties-in-russia-ukraine-war-un-says,Al Jazeera Staff,2026-07-21T16:31:35Z,Black Sea shipping,Increasing use of long-range missiles and drones against targets far from the front line is worsening the civilian toll.,Al Jazeera English,Russia,News,2026-07-28T08:36:26.312547Z
2feb30e90b6aeea90d3394a116725006,India Summons Russian Envoy After Four Sailors Killed in Ukraine,https://gcaptain.com/india-summons-russian-envoy-after-four-sailors-killed-in-ukraine/,Bloomberg,2026-07-21T15:56:34Z,Black Sea shipping,India called in Russia’s top diplomat on Tuesday to convey New Delhi’s “unequivocal condemnation” of a Russian attack on a vessel departing the Ukrainian port of Odesa that killed four Indian sailors and left another critically injured in the hospital.,gcaptain.com,India,News,2026-07-28T08:36:26.312575Z
160a2f41af3317184b15f1bef76f7ab7,Ukraine behind drone strikes on Kazakh oil tankers – Moscow,https://www.rt.com/russia/643301-ukraine-strikes-kazakh-tankers/,RT,2026-07-21T14:33:25Z,Black Sea shipping,"Ukraine was behind a series of drone strikes on oil tankers carrying Kazakh crude near Russia’s Black Sea port of Novorossiysk, Foreign Ministry spokeswoman Maria Zakharova has said",RT,Russia,News,2026-07-28T08:36:26.312651Z
63aec7bc31272bc366325b2310c9a767,Kremlin says it sees 'no hope' for better UK-Russia relations under Andy Burnham,https://www.dailymail.com/news/article-15993703/Kremlin-says-sees-no-hope-better-UK-Russia-relations-Andy-Burnham.html,Imogen Garfinkel,2026-07-21T14:20:14Z,Black Sea shipping,"The Kremlin said Tuesday it had 'no hope' for better ties with the UK, a day after Britain's new prime minister Andy Burnham took office, with Moscow criticising his support for Ukraine.",Dailymail.com,Russia,News,2026-07-28T08:36:26.312673Z
86ad674089d340054ca7d6183fcc19f4,Russia will keep striking ships carrying weapons to Ukraine – Kremlin,https://www.rt.com/russia/643300-russia-strike-ships-ukraine-weapons/,RT,2026-07-21T13:30:15Z,Black Sea shipping,Kremlin spokesman Dmitry Peskov says Russia will continue targeting vessels supplying Ukrainian forces after four Indian sailors were killed near Odessa,RT,India,News,2026-07-28T08:36:26.312694Z
3d807c7f208a432ce1b9d8ce23419eaf,"Day 1,609 of WW3. Putin is attacking Ukrainian shipping in the Black Sea as Ukraine attacks russian shipping. This is your Tuesday Ukraine War thread [News]",https://www.fark.com/comments/14137600/Day-1609-of-WW3-Putin-is-attacking-Ukrainian-shipping-in-Black-Sea-as-Ukraine-attacks-russian-shipping-This-is-your-Tuesday-Ukraine-War-thread,,2026-07-21T12:00:00Z,Black Sea shipping,"Day 1,609 of WW3. Putin is attacking Ukrainian shipping in the Black Sea as Ukraine attacks russian shipping. This is your Tuesday Ukraine War thread",Fark.com,Russia,News,2026-07-28T08:36:26.312720Z
7970757a13740f3bc3993110c66a3cd9,"Oil prices dip over 6% after US, Iran pause fighting over weekend",https://nypost.com/2026/07/27/business/oil-prices-dip-over-6-after-us-iran-pause-fighting-over-weekend/,Reuters,2026-07-27T08:03:33Z,Red Sea shipping,"Oil prices tumbled more than 6% on Monday after the ‌US and Iran paused strikes over the weekend after two weeks of attacks, raising hopes of a diplomatic solution that would de-escalate the conflict and allow shipping to resume in the Strait of Hormuz.",New York Post,Unknown,Market Report,2026-07-28T08:36:26.650500Z
d434216bc4483d4545761cc606921620,Shipping Slows In Red Sea Following Houthi Attacks On Saudi Vessels,https://www.globalsecurity.org/military/library/news/2026/07/mil-260727-rferl01.htm,John Pike,2026-07-27T07:21:18Z,Red Sea shipping,"Ship traffic through Bab el-Mandeb fell after Iran-allied Houthi rebels in Yemen attacked Saudi oil installations along the Red Sea coast, adding to the woes caused by separate disruptions in the Strait of Hormuz, shipping data showed.",Globalsecurity.org,Unknown,News,2026-07-28T08:36:26.650651Z
0193f5a53d1d6499752781cc098cc702,Lull in Fighting as Iran Holds Hormuz Talks with Oman,https://www.rigzone.com/news/wire/lull_in_fighting_as_iran_holds_hormuz_talks_with_oman-27-jul-2026-184216-article/,Sara Gharaibeh & Arsalan Shahla,2026-07-27T07:10:13Z,Red Sea shipping,The U.S. paused an almost two-week run of strikes against Iran for a second night while the Islamic Republic signaled it was refraining from any retaliatory attacks and held talks with Oman over the Strait of Hormuz.,Rigzone,Unknown,News,2026-07-28T08:36:26.650692Z
1e3aa8d3522d5ed3d2cd8cf586ee5046,"Oil prices dip over 6% after US, Iran pauses fighting",https://www.rte.ie/news/business/2026/0727/1585232-world-oil-prices/,RTÉ News,2026-07-27T06:43:18Z,Red Sea shipping,"Oil prices tumbled more than 6% today after the US and Iran paused strikes over the weekend after two weeks of attacks, raising hopes of a diplomatic solution that would de-escalate the conflict and allow shipping to resume in the Strait of Hormuz.",RTE,Unknown,Market Report,2026-07-28T08:36:26.650730Z
31d415753a52ed5617d56b1cab59e0e1,Can the U.S. and Iran take the off-ramp?,https://www.npr.org/2026/07/27/g-s1-135611/can-the-u-s-and-iran-take-the-off-ramp,The Associated Press,2026-07-27T05:57:59Z,Red Sea shipping,"The U.S. military has paused its airstrikes on Iran after nearly two weeks of intensifying bombing, while diplomatic efforts have pushed forward to try to avert a return to all-out war.",NPR,Unknown,News,2026-07-28T08:36:26.650890Z
394d9896ae368dd635f34f55ea800159,"Red Sea shipping slows after Houthi attack on Saudi Arabia, data shows - Reuters",https://slashdot.org/firehose.pl?op=view&amp;id=184714038,feedfeeder,2026-07-27T04:53:11Z,Red Sea shipping,"Red Sea shipping slows after Houthi attack on Saudi Arabia, data showsReuters Houthis claim attack on Saudi oil refinery as Iran war widens to Red SeaThe Washington Post Saudi military strikes Houthi targets in Yemen after Iran-backed militia attacked Red Sea…",Slashdot.org,Unknown,News,2026-07-28T08:36:26.651018Z
23f50eb53db2b5a7b4836b92f7e00815,"Red Sea shipping slows after Houthi attack on Saudi Arabia, data shows",https://biztoc.com/x/7949d57633d36866,yahoo.com,2026-07-27T03:17:59Z,Red Sea shipping,"By Florence Tan
SINGAPORE, July 27 (Reuters) - Ship traffic through Bab el-Mandeb fell on Sunday after Yemeni Houthis attacked Saudi oil installations along the Red Sea coast, while transit through the Strait of Hormuz stayed low over the weekend, shipping da…",Biztoc.com,Singapore,News,2026-07-28T08:36:26.651104Z
5331c48ac66378e8d14c41c36df9cea1,"Red Sea shipping slows after Houthi attack on Saudi Arabia, data shows",https://www.channelnewsasia.com/world/red-sea-shipping-slows-after-houthi-attack-saudi-arabia-data-shows-6279606,,2026-07-27T03:11:55Z,Red Sea shipping,"SINGAPORE: Ship traffic through Bab el-Mandeb fell on Sunday (Jul 26) after Yemeni Houthis attacked Saudi oil installations along the Red Sea coast, while transit through the Strait of Hormuz stayed low over the weekend, shipping data from Kpler showed on Mon…",CNA,Singapore,News,2026-07-28T08:36:26.651136Z
bfcdcdfe0231776104dd2fb309c152cb,"Red Sea shipping slows after Houthi attacks, data shows",https://www.haaretz.com/israel-news/israel-security/2026-07-27/ty-article-live/red-sea-shipping-slows-after-houthi-attacks-data-shows/0000019f-a173-db22-a5df-e5731c7a0000,Haaretz,2026-07-27T03:04:04Z,Red Sea shipping,"Pentagon updates Iran war toll, says 18 U.S. troops killed, 624 wounded. Red Sea shipping slows after Houthi attacks on Saudi sites, data shows. Reports: Drone targets U.S. base in Iraq's Erbil after explosion heard",Haaretz,Unknown,Market Report,2026-07-28T08:36:26.651184Z
0e0cf6995987c9fccd6fe061b20462da,"Red Sea shipping slows after Houthi attack on Saudi Arabia, data shows",https://consent.yahoo.com/v2/collectConsent?sessionId=1_cc-session_adaaa9c5-166a-40d0-9d35-01f1be075f49,,2026-07-27T02:53:31Z,Red Sea shipping,,Yahoo Entertainment,Unknown,News,2026-07-28T08:36:26.651207Z
81b532820cb6f9b0842dde80836119c1,"US, Iran pause attacks for second day as ceasefire talks gather pace",https://www.thehindubusinessline.com/news/world/us-iran-pause-attacks-for-second-day-as-ceasefire-talks-gather-pace/article71271257.ece,AP- PTI,2026-07-27T02:00:35Z,Red Sea shipping,The US and Iran paused attacks for a second day as mediators pushed ceasefire talks. Shipping in the Strait of Hormuz remains disrupted despite easing tensions.,BusinessLine,Unknown,News,2026-07-28T08:36:26.651351Z
cd0bdaf354a39cc079822c55426d4810,"US, Iran hold fire for second day as ceasefire talks gain momentum",https://economictimes.indiatimes.com/news/defence/us-iran-hold-fire-for-second-day-as-ceasefire-talks-gain-momentum/articleshow/132650413.cms,AP,2026-07-27T00:46:24Z,Red Sea shipping,"The United States and Iran refrained from launching attacks for a second consecutive day as mediators worked to revive an interim ceasefire agreement after nearly two weeks of escalating hostilities. The pause has raised cautious hopes for de-escalation, with…",The Times of India,USA,News,2026-07-28T08:36:26.651542Z
6933c9330bc0facc80a95146310a4f85,"Oil slips 5% after US, Iran pause fighting over weekend",https://finance.yahoo.com/energy/articles/oil-slips-more-5-us-221044741.html,By Florence Tan,2026-07-27T00:13:09Z,Red Sea shipping,"By Florence Tan SINGAPORE, July 27 (Reuters) - Oil prices tumbled 5% on Monday after the U.S. and Iran paused strikes over the weekend after two weeks of att...",Yahoo Entertainment,Singapore,Market Report,2026-07-28T08:36:26.651671Z
5fa23d4a5b627f018b3f2fbf373d36e1,Senator ripped apart for telling complaining Americans to just 'stand the pain' of gas prices amid Trump's Iran bombardment: 'You gotta kill a few chickens to scare the monkey',https://www.dailymail.com/news/article-16006655/GOP-Senator-ripped-Trump-gas-prices-Iran.html,Stephen M. Lepore,2026-07-26T23:18:42Z,Red Sea shipping,"John Kennedy, a Louisiana Republican, said on CBS News' Face the Nation that he's backing Trump in what the President has called an 'excursion' regardless of rising costs.",Dailymail.com,USA,Market Report,2026-07-28T08:36:26.651774Z
31c7532ffa2ee4cde76bb1686a1e0419,'I fear for wee families' - home heating oil jumps £100 in three weeks,https://www.bbc.co.uk/news/articles/cly9npzw3y3o,https://www.facebook.com/bbcnews,2026-07-26T23:00:14Z,Red Sea shipping,The Consumer Council for Northern Ireland says the price rise is in direct response to the US-Iran conflict.,BBC News,Unknown,News,2026-07-28T08:36:26.651806Z
0ee042b9c55446cfa970d4ac1481da3f,"U.S., Iran pause attacks for 2nd straight day",https://www.cbc.ca/news/world/us-iran-war-pause-attacks-9.7285221,,2026-07-26T21:16:14Z,Red Sea shipping,"The U.S. paused its attacks on Iran for a second straight day on Sunday, and Tehran said it had done so, too, as efforts continued to bring the countries back to negotiations on an interim ceasefire deal largely undermined by recent exchanges of fire.",CBC News,Unknown,News,2026-07-28T08:36:26.651906Z
0b872878baf5632c1944e97890ce167c,New research shows how vulnerable Australia would be to attacks on shipping in the Indian Ocean,https://theconversation.com/new-research-shows-how-vulnerable-australia-would-be-to-attacks-on-shipping-in-the-indian-ocean-287495,"Rebecca Strating, Director, La Trobe Centre for Global Security, and Professor of International Relations, La Trobe University, Arzan Tarapore, Research Scholar, Indo-Pacific Security, Stanford University",2026-07-26T20:05:49Z,Red Sea shipping,"Our war game simulations showed how vital it is to protect shipping routes across the entire ocean, not just in waters close to Australia.",The Conversation Africa,Australia,News,2026-07-28T08:36:26.652001Z
a1425d2d9b0fd991c3ac290593f3e0b9,US Pauses Attacks on Iran for a Second Straight Day and Tehran Does Too,https://military.com/us-pauses-attacks-on-iran-for-a-second-straight-day-and-tehran-does-too,MLT Staff,2026-07-26T19:48:32Z,Red Sea shipping,The Pentagon did not immediately respond to questions Sunday.,Military.com,Unknown,News,2026-07-28T08:36:26.652029Z
07b0c2b7874307d96b0f71f728f5b1ef,"After Trump calls off bombing, Iran signals it will halt strikes as long as US does",https://www.yahoo.com/news/articles/iran-halt-attacks-long-us-144722524.html,By Parisa Hafezi and Raphael Satter,2026-07-26T17:53:33Z,Red Sea shipping,"By Parisa Hafezi and Raphael Satter DUBAI/WASHINGTON, July 26 (Reuters) - Iran will halt its own attacks as long as the United States maintains its latest pa...",Yahoo Entertainment,USA,News,2026-07-28T08:36:26.652167Z
033bb18015b3c2f731791df9b1177b51,U.S. pauses attacks on Iran for a second straight day and Tehran does too,https://www.npr.org/2026/07/26/g-s1-135593/us-pauses-attacks-iran-second-day-tehran,The Associated Press,2026-07-26T17:16:06Z,Red Sea shipping,"The United States paused attacks on Iran for a second straight day Sunday and Tehran said it had done so too, as efforts continued to bring the countries back to negotiations on an interim ceasefire.",NPR,USA,News,2026-07-28T08:36:26.652225Z
a94b683b7f20c60125f6ac674e9ae573,U.S. Pauses Attacks On Iran For A Second Straight Day And Tehran Does Too,https://www.huffpost.com/entry/iran-war-us-pauses-attacks-second-straight-day_n_6a6634d4e4b04785304393e9,HuffPost,2026-07-26T16:37:30Z,Red Sea shipping,"Since the U.S. has halted attacks for the past two nights, Iran has as well, its army spokesperson told Iran’s state TV on Sunday.",HuffPost,Unknown,News,2026-07-28T08:36:26.652265Z
0be33184f03ad44c3d10a5d8c8e14794,US pauses attacks on Iran for a second straight day and Tehran does too,https://economictimes.indiatimes.com/news/defence/us-pauses-attacks-on-iran-for-a-second-straight-day-and-tehran-does-too/articleshow/132643760.cms,AP,2026-07-26T15:38:16Z,Red Sea shipping,United States and Iran have paused attacks for a second day. Both nations are continuing efforts to return to negotiations for an interim ceasefire. Mediators are working to de-escalate tensions and keep both sides talking. Concerns persist regarding shipping…,The Times of India,USA,News,2026-07-28T08:36:26.652295Z
62ba73d1830788c5accc8e5bfb4f5329,"Oil tanker explodes after colliding with mine in Strait of Hormuz, Iranian media reports - as Trump pauses strikes to allow more time for 'diplomacy'",https://www.dailymail.com/news/article-16006247/Oil-tanker-explodes-Strait-Hormuz.html,Matt Strudwick,2026-07-26T15:33:58Z,Red Sea shipping,"The vessel was struck after leaving the route designated by Iran in the strategic waterway, according to the Middle Eastern country's semi-official Tasnim news agency.",Dailymail.com,Unknown,Market Report,2026-07-28T08:36:26.652334Z
9d24450a8814a0856372b9b2772e5995,The U.S. and Iran pause attacks on each other for a second straight day while Tehran continues talks with Oman over Hormuz,https://fortune.com/2026/07/26/us-iran-war-pause-attacks-tehran-talks-oman-hormuz/,"Samy Magdy, Cara Anna, The Associated Press",2026-07-26T15:31:11Z,Red Sea shipping,"Iran’s Foreign Ministry spokesperson, Esmail Baghaei, said talks had made progress and continued.",Fortune,Unknown,News,2026-07-28T08:36:26.652375Z
a82b859c3e3b0e26ac7b0ce8e0981c3b,"Iran will halt attacks as long as US maintains pause, Iranian source says after Trump calls off strikes",https://www.channelnewsasia.com/world/iran-says-halt-attacks-if-us-maintains-pause-6279116,,2026-07-26T15:08:22Z,Red Sea shipping,"The US ambassador to the United Nations, Mike Waltz, told Fox News on Sunday that Trump had decided to pause US attacks to allow more time for diplomacy.",CNA,Unknown,News,2026-07-28T08:36:26.652411Z
1af6c73b3c9061622f8d9818e9b6b509,"U.S. forgoes strikes on Iran, but conflict escalates in the Red Sea",https://www.nbcnews.com/world/iran/us-forgoes-strikes-iran-conflict-escalates-red-sea-rcna589285,"Reuters, Freddie Clayton",2026-07-26T14:34:08Z,Red Sea shipping,"The Iran war ​broadened over the weekend despite a pause in U.S. strikes, as Yemen’s Iran-aligned Houthis attacked Saudi oil installations along the Red Sea coast and Iran ‌accused Ukraine of targeting one of its vessels in the Caspian Sea.",NBC News,Ukraine,News,2026-07-28T08:36:26.652444Z
d2c6cc721e4a821b10e669c2aefbca5e,"US pauses attacks on Iran for a second straight day and Tehran pauses, too",https://www.news4jax.com/business/2026/07/26/us-pauses-attacks-on-iran-for-a-second-straight-day-and-tehran-pauses-too/,Samy Magdy And Cara Anna,2026-07-26T14:33:02Z,Red Sea shipping,"The United States has not attacked Iran for a second day, and Tehran says it has also halted attacks.",WJXT News4JAX,USA,News,2026-07-28T08:36:26.652470Z
15b0a096b7bc9a6296a266f684c6f6ff,A deal is being negotiated that centers around having Iran run vessel transit through the Strait of Hormuz with fewer restrictions on ships,https://fortune.com/2026/07/26/us-iran-deal-talks-vessel-transit-strait-of-hormuz-restrictions-ships/,"Ben Finley, Samy Magdy, Darlene Superville, The Associated Press",2026-07-26T14:27:33Z,Red Sea shipping,A regional official said that both the U.S. and Iran want to return to the interim ceasefire deal.,Fortune,Unknown,News,2026-07-28T08:36:26.652512Z
c801ef13a3d6af19c86961de88da94cf,"Iran Says It Has Halted Attacks On Washington's Allies, As US Pauses Bombardment",https://www.rferl.org/a/iran-halts-retaliatory-attacks-us-allies-middle-east/33813331.html,RFE/RL,2026-07-26T12:29:33Z,Red Sea shipping,Tehran said it had halted retaliatory attacks against US allies in the Middle East as Washington refrained from attacking Iran for the second night in a row.,Radio Free Europe/ Radio Liberty,Unknown,News,2026-07-28T08:36:26.652635Z
5cb8645d689d7a72962c6258399ad763,Houthis Say They Downed Saudi Surveillance Drone,https://www.globalsecurity.org/military/library/news/2026/07/mil-260726-rferl04.htm,John Pike,2026-07-26T12:00:00Z,Red Sea shipping,Iran-backed Houthi rebels said on July 26 that they downed a Saudi Arabian drone over northwest Yemen.,Globalsecurity.org,Unknown,News,2026-07-28T08:36:26.652664Z
58341378f568a85e10833ca3975435b7,"Iran Says It Has Halted Attacks On Washington's Allies, As US Pauses Bombardment",https://www.globalsecurity.org/wmd/library/news/iran/2026/07/iran-260726-rferl02.htm,John Pike,2026-07-26T12:00:00Z,Red Sea shipping,Tehran said it had halted retaliatory attacks against US allies in the Middle East as Washington refrained from attacking Iran for the second night in a row.,Globalsecurity.org,Unknown,News,2026-07-28T08:36:26.652689Z
eea36ab72ec9d38ff6a929b4d0238e68,US pauses nightly strikes on Iran as war moves to Red Sea,https://www.irishtimes.com/world/middle-east/2026/07/26/us-pauses-nightly-strikes-on-iran-as-war-moves-to-red-sea/,,2026-07-26T07:54:51Z,Red Sea shipping,Tehran accuses Ukraine of deadly attack on Iranian vessel in Caspian Sea,The Irish Times,Ukraine,News,2026-07-28T08:36:26.652858Z
71dbac6ae63c4818958bbd6c7ded7725,Pakistan Warns of Military Response to Yemeni Blockade in Red Sea,https://www.naturalnews.com/2026-07-26-pakistan-warns-military-response-yemen-houthi-blockade.html,Garrison Vance,2026-07-26T06:00:00Z,Red Sea shipping,"Houthis Impose Maritime Embargo on Saudi Shipping The Ansarallah-led Yemeni Armed Forces, commonly known as the Houthis, declared a full maritime embargo against Saudi Arabia on July 20, according to a statement from military spokesman Yahya Saree. The announ…",Naturalnews.com,Unknown,News,2026-07-28T08:36:26.652964Z
8f8a769553648b9f63b938c6e22f43e7,"Airstrikes have paused and talks are pressing forward, but can US and Iran take the off-ramp?",https://www.thehindubusinessline.com/news/world/airstrikes-have-paused-and-talks-are-pressing-forward-but-can-us-and-iran-take-the-off-ramp/article71268618.ece,AP- PTI,2026-07-26T04:35:55Z,Red Sea shipping,"As diplomatic efforts increase during a military pause, analysts question if the US and Iran can reach a peaceful resolution amid ongoing threats and regional tensions",BusinessLine,Unknown,News,2026-07-28T08:36:26.653028Z
fd84681cb33ff07ac57c6de95cccf2b1,Whale 'supergroups' show numbers are rebounding from hunting. But Iran war holds dangers for them,https://abcnews.com/International/wireStory/whale-supergroups-show-numbers-rebounding-hunting-iran-war-135093943,NEIL SHAW Associated Press,2026-07-26T04:26:28Z,Red Sea shipping,A renowned wildlife photographer says he and his wife documented the rare sight of around 300 humpback whales coming together off the coast of South Africa in what's known as a whale “supergroup.”,Abcnews.com,South Africa,News,2026-07-28T08:36:26.653125Z
64855075f5c9ef4d7ed6ef3565a8db23,Iran war spreads to Red Sea and Caspian as Gulf quiet,https://www.rte.ie/news/middle-east/2026/0726/1585131-middle-east-conflict/,RTÉ News,2026-07-26T03:57:12Z,Red Sea shipping,The Iran war broadened over the weekend despite a pause in US strikes.,RTE,Unknown,News,2026-07-28T08:36:26.653153Z
82e2497a21513b5e03e92d45c4219cc0,Iran war spreads to Red Sea and Caspian as Gulf quiet,https://www.rte.ie/news/middle-east/2026/0726/1585131-iran-war-wrap/,RTÉ News,2026-07-26T03:57:12Z,Red Sea shipping,The Iran war broadened over the weekend despite a pause in US strikes.,RTE,Unknown,News,2026-07-28T08:36:26.653184Z
4bdffde505c116500aa753698c02a8cf,Iran war spreads to Red Sea and Caspian as Gulf quiet,https://www.rte.ie/news/world/2026/0726/1585131-iran-war-wrap/,RTÉ News,2026-07-26T03:57:12Z,Red Sea shipping,The Iran war broadened over the weekend despite a pause in US strikes.,RTE,Unknown,News,2026-07-28T08:36:26.653203Z
98812e3f66628de649704a4edb3b8a22,DEVELOPING: Houthis Target Saudi Aramco Oil Facilities as Trump Threatens “Major Military Punishment” for Houthi Agression,https://freerepublic.com/focus/f-news/4389378/posts,The Gateway Pundit,2026-07-26T03:06:22Z,Red Sea shipping,"The Iran-backed Houthis in Yemen targeted Saudi Arabia’s Aramco oil company on Saturday with missiles and drones, marking a significant escalation in the second front of the ongoing Iran conflict. President Trump issued new warnings against Iran this week, th…",Freerepublic.com,Unknown,News,2026-07-28T08:36:26.653330Z
9456c74f89ee856bb5ba1259a547c884,DEVELOPING: Houthis Target Saudi Aramco Oil Facilities as Trump Threatens “Major Military Punishment” for Houthi Agression,https://www.thegatewaypundit.com/2026/07/developing-houthis-target-saudi-aramco-oil-facilities-as/,Jordan Conradson,2026-07-26T02:00:52Z,Red Sea shipping,"The Iran-backed Houthis in Yemen targeted Saudi Arabia's Aramco oil company on Saturday with missiles and drones, marking a significant escalation in the second front of the ongoing Iran conflict.
The post DEVELOPING: Houthis Target Saudi Aramco Oil Facilitie…",Thegatewaypundit.com,Unknown,News,2026-07-28T08:36:26.653388Z
62b6f3161dd15dd63e7d8a131b896561,Airstrikes have paused and talks are pressing forward. But can the US and Iran take the off-ramp?,https://abcnews.com/US/wireStory/airstrikes-paused-talks-pressing-forward-us-iran-off-135091184,"BEN FINLEY Associated Press, SAMY MAGDY Associated Press, DARLENE SUPERVILLE Associated Press",2026-07-26T01:11:38Z,Red Sea shipping,The U.S. military has paused its airstrikes on Iran after nearly two weeks of intensifying bombing,Abcnews.com,Unknown,News,2026-07-28T08:36:26.653422Z
4fe2dde276784aa249d6181c0e51b17c,Airstrikes have paused and talks are pressing forward. But can US and Iran take the off-ramp?,https://economictimes.indiatimes.com/news/defence/airstrikes-have-paused-and-talks-are-pressing-forward-but-can-us-and-iran-take-the-off-ramp/articleshow/132635405.cms,AP,2026-07-26T00:49:19Z,Red Sea shipping,The United States military has halted airstrikes on Iran after nearly two weeks of intensified bombing. Diplomatic efforts are progressing to prevent a return to full-scale conflict between the nations. Iran had previously restricted shipping through the vita…,The Times of India,USA,News,2026-07-28T08:36:26.653507Z
39039a9c553d3a63322d86bf1135136b,Trump halts US military strikes on day 13 to allow room for diplomacy with Iran: Report,https://economictimes.indiatimes.com/news/defence/trump-halts-us-military-strikes-on-day-13-to-allow-room-for-diplomacy-with-iran-report/articleshow/132635386.cms,ANI,2026-07-26T00:36:43Z,Red Sea shipping,"President Trump directed the US military to halt new strikes against Iran on Friday. This pause followed an Omani delegation's arrival in Tehran for negotiations on the Strait of Hormuz. Progress has been made, and an agreement between Oman and Iran could be …",The Times of India,Unknown,Market Report,2026-07-28T08:36:26.653558Z
1ee91e2a2a102f9dace5a04e459a891c,"Saudi Arabia strikes Houthis after attacks on energy sites, sending Brent crude past $100",https://cryptobriefing.com/saudi-arabia-strikes-houthis-oil-prices/,Editorial Team,2026-07-25T22:13:17Z,Red Sea shipping,"Saudi Arabia launched airstrikes on Houthi positions in Yemen after tanker attacks, pushing Brent crude past $100 and threatening global oil
The post Saudi Arabia strikes Houthis after attacks on energy sites, sending Brent crude past $100 appeared first on C…",Crypto Briefing,Global,News,2026-07-28T08:36:26.653638Z
64228eb00eb70655dde74e5e7ce547e4,Houthi Rebels Claim Missile Strike on Giant Saudi Refinery at Jazan,https://freerepublic.com/focus/f-news/4389341/posts,The Maritime Executive,2026-07-25T20:39:50Z,Red Sea shipping,"Yemen's Houthi rebels claim to have attacked the port city of Jazan, Saudi Arabia with ballistic missiles. Saudi authorities have not confirmed the strike, but a Saudi civil defense alert was issued for Jazan on early Saturday and bystander videos purporting …",Freerepublic.com,Unknown,News,2026-07-28T08:36:26.653688Z
06009743a9c15335f21a3ed8cc057aa2,Trump pauses Iran strikes as US weighs next move — but warns ‘full-scale war’ could return,https://nypost.com/2026/07/25/world-news/trump-pauses-iran-strikes-as-us-weighs-next-move-but-warns-full-scale-war-could-return/,Caitlin Doornbos,2026-07-25T19:40:41Z,Red Sea shipping,"The White House has not publicly announced that the pause represents a formal cease-fire, and the administration has continued to keep military options on the table. Trump said Thursday that the US was “locked and loaded” for a possible major attack while tal…",New York Post,Unknown,News,2026-07-28T08:36:26.653822Z
50ae6d3da2ff9b119442552be24cc015,European Natural Gas Prices Plunge 8% as U.S.-Iran Tensions Ease,https://oilprice.com/Latest-Energy-News/World-News/European-Natural-Gas-Prices-Plunge-8-as-US-Iran-Tensions-Ease.html,Tsvetana Paraskova,2026-07-27T08:30:00Z,Strait of Hormuz,European natural gas prices plunged by 8.6% at the open in Amsterdam on Monday as the United States paused strikes on Iran over the weekend and Tehran signaled a halt to retaliatory attacks across the Middle East. Hopes of de-escalation sank oil prices on Mon…,OilPrice.com,USA,Market Report,2026-07-28T08:36:27.004136Z
035037b6ae212d74473789e273989053,CNBC Daily Open: Iran attacks halt and wildfires rage across Europe - CNBC,https://slashdot.org/firehose.pl?op=view&amp;id=184715996,feedfeeder,2026-07-27T07:52:27Z,Strait of Hormuz,"CNBC Daily Open: Iran attacks halt and wildfires rage across EuropeCNBC Shares, bonds bounce in Asia as oil skidsReuters Kospi index and US stock futures jump as Hormuz talks send oil prices plunging ahead of Fed meetingFortune Oil falls more than 4% as Iran …",Slashdot.org,Unknown,Market Report,2026-07-28T08:36:27.004392Z
6f350a1678f5297c37e9eb4afb685307,Interview with Foreign Minister Johann Wadephul in the print outlets of Redaktionsnetzwerk Deutschland,https://www.globalsecurity.org/wmd/library/news/germany/2026/germany-260727-ffo01.htm,John Pike,2026-07-27T07:21:18Z,Strait of Hormuz,Published on 20 July 2026,Globalsecurity.org,Unknown,Analysis/Opinion,2026-07-28T08:36:27.004567Z
9fd5115c8729704b641b8b3af00da187,"Tanker Explodes After Hitting Naval Mine in Strait of Hormuz as Iran, Oman Report Progress on Safety Talks",https://www.ibtimes.com.au/oil-tanker-explosion-strait-hormuz-maritime-risks-1872989,Anthony Will,2026-07-27T07:06:02Z,Strait of Hormuz,"An oil tanker exploded in the Strait of Hormuz after hitting a naval mine, highlighting ongoing maritime risks despite diplomatic efforts between Iran and Oman to enhance navigation safety.",Ibtimes.com.au,Unknown,Market Report,2026-07-28T08:36:27.004689Z
71988aba8f46757e0d3aa13f52796ce6,China’s Crude Oil Imports Surge,https://oilprice.com/Latest-Energy-News/World-News/Chinas-Crude-Oil-Imports-Surge.html,Irina Slav,2026-07-27T06:45:00Z,Strait of Hormuz,"China is likely to have increased its crude oil imports this month, with the daily average at 7.8 million barrels, according to calculations by Kpler, as cited by Bloomberg. Refiners have been buying more Russian crude and have seen more tankers arrive from t…",OilPrice.com,China,Market Report,2026-07-28T08:36:27.004744Z
eb7652950a27b69db5eadea65400894f,US strikes on Iran water infrastructure send Bitcoin below $100K and trigger $700M in liquidations,https://cryptobriefing.com/us-strikes-iran-water-facilities-bitcoin-liquidations/,Editorial Team,2026-07-27T06:08:01Z,Strait of Hormuz,"US-Iran tensions highlight crypto's vulnerability to geopolitical events, challenging its role as a sanctions-evasion tool amid market instability.
The post US strikes on Iran water infrastructure send Bitcoin below $100K and trigger $700M in liquidations app…",Crypto Briefing,Unknown,Market Report,2026-07-28T08:36:27.004936Z
0112577ac73e732dc3e56dd6c3182bd6,"India and China Signal Normalization of Ties, Indian Foreign Minister Says",https://www.naturalnews.com/2026-07-27-india-china-signal-normalization-of-ties.html,Douglas Harrington,2026-07-27T06:00:00Z,Strait of Hormuz,"Indian Foreign Minister S. Jaishankar said bilateral relations with China have been gradually normalizing since a 2024 meeting between Prime Minister Narendra Modi and President Xi Jinping, according to officials. Jaishankar made the remarks on July 22, 2026,…",Naturalnews.com,China,News,2026-07-28T08:36:27.004957Z
b852cb27aedb443e990d81cb59066582,Oil prices plunge as US and Iran pause strikes over Strait of Hormuz,https://biztoc.com/x/0211632983ec70d1,finance.yahoo.com,2026-07-27T05:49:21Z,Strait of Hormuz,"The price for a barrel of Brent crude oil to be delivered in September dropped 4.66% to $92.27, while US crude, or WTI, fell 5.02% to $84.83 per barrel.
Brent crude, the international standard, briefly hit $102 a barrel last week. That was $30 more than the m…",Biztoc.com,Global,Market Report,2026-07-28T08:36:27.005206Z
892656d063e4afcca44af9429b22eb54,Oil prices sink 4% while Asian shares gain as Chinese chipmaker CXMT soars in Shanghai trading debut,https://finance.yahoo.com/markets/articles/oil-prices-sink-4-while-053506103.html,ELAINE KURTENBACH,2026-07-27T05:35:06Z,Strait of Hormuz,Shares were mostly higher Monday in Asia as oil prices slipped more than 4% after the U.S. and Iran refrained from fighting while discussing a possible resum...,Yahoo Entertainment,China,Market Report,2026-07-28T08:36:27.005239Z
8c54428414da8034aba8dabf8c23ced3,"Fidan, Guterres discuss Syria and Cyprus",https://www.hurriyetdailynews.com/fidan-guterres-discuss-syria-and-cyprus-224840,hurriyetdailynews.com,2026-07-27T05:33:24Z,Strait of Hormuz,"Foreign Minister Hakan Fidan discussed developments in Syria and Cyprus with U.N. Secretary-General Antonio Guterres in a phone call on July 26, Turkish diplomatic sources said.",Hurriyet Daily News,Turkey,News,2026-07-28T08:36:27.005268Z
b5df59a10785f60951b0d07957b877b6,"Anti-terror initiative to top AKP, Cabinet agendas",https://www.hurriyetdailynews.com/anti-terror-initiative-to-top-akp-cabinet-agendas-224837,hurriyetdailynews.com,2026-07-27T05:16:41Z,Strait of Hormuz,"President Recep Tayyip Erdoğan is due to chair a meeting of the ruling Justice and Development Party’s (AKP) central executive board (MYK) on July 27, with planned legislation linked to the government’s “terror-free Türkiye” initiative expected to top the age…",Hurriyet Daily News,Unknown,News,2026-07-28T08:36:27.005317Z
138328c460d7233d735b65915c568b03,Markets rally as US and Iran put war on hold,https://cryptobriefing.com/markets-rally-us-iran-war-pause/,Editorial Team,2026-07-27T04:47:21Z,Strait of Hormuz,"The temporary US-Iran truce boosts market confidence, easing inflation fears and highlighting geopolitical impacts on global financial stability.
The post Markets rally as US and Iran put war on hold appeared first on Crypto Briefing.",Crypto Briefing,Global,Market Report,2026-07-28T08:36:27.005521Z
61f1cb05da520dfbe35f91bbcabeb2c2,"Kayhan urges Iran to continue military actions, reject US diplomacy",https://cryptobriefing.com/kayhan-urges-iran-to-continue-military-actions-reject-us-diplomacy/,Estefano Gomez,2026-07-27T04:39:09Z,Strait of Hormuz,"Escalating military actions over diplomacy could deepen regional instability, affecting global oil markets and heightening geopolitical tensions.
The post Kayhan urges Iran to continue military actions, reject US diplomacy appeared first on Crypto Briefing.",Crypto Briefing,Global,Market Report,2026-07-28T08:36:27.005560Z
95a73794e7a95b491cfe45e69c146110,Australian Fuel Prices Jump Most Since March as Iran Truce Wilts,https://financialpost.com/pmn/business-pmn/australian-fuel-prices-jump-most-since-march-as-iran-truce-wilts,Bloomberg News,2026-07-27T04:22:01Z,Strait of Hormuz,"Australian gasoline prices jumped last week by the most since the height of the US-Iran war following the collapse of a ceasefire between Washington and Tehran, suggesting persistent inflationary pressures ahead.",Financial Post,Australia,Market Report,2026-07-28T08:36:27.005626Z
b3142216bb2db0849206ccf235ec767b,"Crude oil falls as US, Iran halt weekend strikes",https://www.thehindubusinessline.com/markets/commodities/crude-oil-falls-as-us-iran-halt-weekend-strikes/article71271374.ece,BL Mangaluru Bureau,2026-07-27T04:14:27Z,Strait of Hormuz,"After 13 days of strikes, the US has held off on further strikes over the last two days, while Iran also paused retaliatory attacks",BusinessLine,Unknown,News,2026-07-28T08:36:27.005656Z
9e4f11f348728ac38c0e19ba61c0904d,"US, Iran Threaten Attacks on Civilian Infrastructure (HRW)",https://www.juancole.com/2026/07/threaten-civilian-infrastructure.html,Human Rights Watch,2026-07-27T04:06:10Z,Strait of Hormuz,Unlawful Strikes During Earlier Fighting Heightens Concerns of War Crimes,Juancole.com,Unknown,News,2026-07-28T08:36:27.005685Z
f14d87449161b2bd08925cbd3695d57b,Iran conflict prompts shift to local energy sources amid Strait of Hormuz disruptions,https://cryptobriefing.com/iran-conflict-prompts-shift-to-local-energy-sources-amid-strait-of-hormuz/,Estefano Gomez,2026-07-27T04:03:29Z,Strait of Hormuz,"The shift to local energy sources highlights the fragility of global supply chains and may lead to sustained energy price volatility and economic instability.
The post Iran conflict prompts shift to local energy sources amid Strait of Hormuz disruptions appea…",Crypto Briefing,Global,News,2026-07-28T08:36:27.005759Z
5709868f3c490dc4f41d5aa47aeb50df,Australian gasoline prices surge after US-Iran ceasefire collapse,https://cryptobriefing.com/australia-petrol-prices-us-iran-ceasefire-collapse/,Editorial Team,2026-07-27T03:56:03Z,Strait of Hormuz,"Australia's economic stability is threatened as rising fuel costs from geopolitical tensions could drive inflation and impact monetary policy.
The post Australian gasoline prices surge after US-Iran ceasefire collapse appeared first on Crypto Briefing.",Crypto Briefing,Australia,Market Report,2026-07-28T08:36:27.005774Z
ee2fec05909cd1b8ac82a6afc22a0282,CENTCOM Chief Proposes Halting Strikes in Strait of Hormuz - Reports,https://sputnikglobe.com/20260727/centcom-chief-proposes-halting-strikes-in-strait-of-hormuz---reports-1124501908.html,Sputnik International,2026-07-27T03:52:08Z,Strait of Hormuz,"WASHINGTON (Sputnik) - Adm. Brad Cooper, the chief of US Central Command (CENTCOM), is proposing to halt bombing in the Strait of Hormuz, as it has already reached the limits of its effectiveness, Axios reported citing informed sources.",Sputnikglobe.com,Unknown,Market Report,2026-07-28T08:36:27.005811Z
2dbf28efde92279178accdf62cb677fd,CENTCOM chief advised halting Hormuz strikes before Trump paused Iran campaign: Report,https://economictimes.indiatimes.com/news/defence/centcom-chief-advised-halting-hormuz-strikes-before-trump-paused-iran-campaign-report/articleshow/132651886.cms,ANI,2026-07-27T03:50:05Z,Strait of Hormuz,US Central Command chief advised stopping strikes near Strait of Hormuz due to limited effectiveness. President Trump halted American military strikes against Iran after receiving this advice. Military and civilian advisors acknowledged limits to air power ca…,The Times of India,USA,Market Report,2026-07-28T08:36:27.005840Z
239cdd82e53528ca5cbc0dff9c18edfe,CENTCOM chief believes US strikes around Hormuz no longer effective – Axios,https://www.rt.com/news/643505-us-iran-strikes-not-effective/,RT,2026-07-27T03:38:16Z,Strait of Hormuz,CENTCOM chief Admiral Brad Cooper reportedly told President Donald Trump that US strikes around the Strait of Hormuz had become ineffective because key targets had largely been exhausted,RT,Unknown,Market Report,2026-07-28T08:36:27.005879Z
03505dc776ca150a5dcbb4daa3839c84,Oil prices sink as US-Iran pause fuels fresh Hormuz hopes,https://biztoc.com/x/66e83a7f05e6196a,finance.yahoo.com,2026-07-27T03:32:52Z,Strait of Hormuz,"Oil prices tumbled Monday as a pause in tit-for-tat strikes between the US and Iran boosted hopes for a return to their ceasefire and negotiations on reopening the Strait of Hormuz.
After 13 days of attacks on sites in the Islamic republic, the United States …",Biztoc.com,USA,Market Report,2026-07-28T08:36:27.005907Z
8830d420933f19b36c55ae4db8a78727,"Trump wants to give U.S.-Iran talks ‘some space’ as he weighs escalation, aide says - The Washington Post",https://slashdot.org/firehose.pl?op=view&amp;id=184713354,feedfeeder,2026-07-27T03:32:38Z,Strait of Hormuz,"Trump wants to give U.S.-Iran talks ‘some space’ as he weighs escalation, aide saysThe Washington Post Trump Pauses Iran Strikes as Officials Weigh Dwindling Air Defense StocksWSJ Top U.S. military commander in Middle East advised halting Hormuz bombingAxios …",Slashdot.org,Unknown,News,2026-07-28T08:36:27.005960Z
9cbbd1f33ed327094975852cb06e48b1,"If America stops, we will also stop - Iran says for the first time",https://english.gossiplankanews.com/2026/07/if-america-stops-we-will-also-stop-iran.html,noreply@blogger.com (Unknown),2026-07-27T03:20:33Z,Strait of Hormuz,"Iran has stated that it will stop retaliating as long as the United States suspends its bombing operations. On July 26, 2026, a senior Iranian official made these comments to Reuters, and the decision has also been confirmed by Iranian military statements.Aft…",Gossiplankanews.com,USA,Analysis/Opinion,2026-07-28T08:36:27.005980Z
2c356bd1d72ebc1247f40c7676ef1c49,Oil Prices Fall After U.S. and Iran Pause Fighting for a Second Day - The New York Times,https://slashdot.org/firehose.pl?op=view&amp;id=184712980,feedfeeder,2026-07-27T02:52:10Z,Strait of Hormuz,Oil Prices Fall After U.S. and Iran Pause Fighting for a Second DayThe New York Times Oil slides 5% as Iran reportedly signals halt to attacks if U.S. pause holdsCNBC Kospi index and US stock futures jump as Hormuz talks send oil prices plunging ahead of Fed …,Slashdot.org,Unknown,Market Report,2026-07-28T08:36:27.006154Z
4a87e9b444ac54458da39bb664a592e7,"Shares, bonds make guarded gains as oil slips",https://finance.yahoo.com/economy/articles/shares-bonds-bounce-oil-skid-004056720.html,By Wayne Cole,2026-07-27T02:37:57Z,Strait of Hormuz,"By Wayne Cole SYDNEY, July 27 (Reuters) - Share markets gave a guarded response on Monday as a pause in fighting in the Gulf dragged oil prices lower, easing...",Yahoo Entertainment,Unknown,Market Report,2026-07-28T08:36:27.006199Z
f028cb0b0c04a8dabb4d2b5affb5d97f,"WWE RAW Tonight 27-July-2026: Full match card, confirmed segments, start timings & how to watch",https://timesofindia.indiatimes.com/sports/wwe/top-stories/wwe-raw-tonight-27-july-2026-full-match-card-confirmed-segments-start-timings-how-to-watch/articleshow/132650537.cms,Global Sports Desk,2026-07-27T02:17:05Z,Strait of Hormuz,"WWE's Monday Night RAW airs live from Los Angeles, California, on July 27. This event serves as the final show before the highly anticipated SummerSlam PLE. Top stars like Roman Reigns and Brock Lesnar will be featured in key segments. Several exciting matche…",The Times of India,Unknown,News,2026-07-28T08:36:27.006285Z
ba55302a11f6163fe8d81757f7a743ce,‘Far More Than We Need’: Trump Dismisses Claims U.S. Is Short on Munitions in Iran Fight,https://www.breitbart.com/politics/2026/07/26/trump-dismisses-claims-u-s-short-munitions-iran-fight/,Joshua Klein,2026-07-27T02:06:44Z,Strait of Hormuz,"President Donald Trump dismissed reports that the United States is running short on munitions for the conflict with Iran, telling the Wall Street Journal on Sunday that the U.S. military has “far more munitions than anyone in the world, and far more than we n…",Breitbart News,USA,Market Report,2026-07-28T08:36:27.006362Z
f4470c2e11b63f6661479797511d8907,China industrial profit growth slows again in June as retreating oil prices sap earnings lift,https://www.cnbc.com/2026/07/27/china-industrial-profit-growth-exports-oil-drops.html,Anniek Bao,2026-07-27T02:02:04Z,Strait of Hormuz,"Corporate earnings have staged one of the strongest turnarounds in the economy this year, swinging from barely positive growth in 2025 to double-digit gains.",CNBC,China,Market Report,2026-07-28T08:36:27.006374Z
2ae16f2945bb66959664dad024692352,Sharp decline in maritime traffic through Bab el-Mandeb and Hormuz,https://www.israelnationalnews.com/flashes/690608,,2026-07-27T01:40:19Z,Strait of Hormuz,"Cargo vessel traffic through the Bab el-Mandeb Strait has plummeted to multi-month lows following Houthi attacks against Saudi oil facilities and tankers in the Red Sea region. According to data from maritime tracking firm Kpler, only 11 cargo ships transited…",Israelnationalnews.com,Unknown,News,2026-07-28T08:36:27.006507Z
b862ccf319a095702cfc39ffcbfd93c4,Kospi index and U.S. stock futures jump as new Hormuz talks send oil prices plunging amid Iran war pause while Wall Street awaits Fed meeting,https://biztoc.com/x/c18862f234ff746e,fortune.com,2026-07-27T01:16:44Z,Strait of Hormuz,"Investors were bullish on Sunday evening as the U.S. and Iran continued to halt their attacks on each other, providing space for negotiations that could reopen the Strait of Hormuz.
Meanwhile, Wall Street is also looking ahead to a busy week of tech earnings …",Biztoc.com,Unknown,Market Report,2026-07-28T08:36:27.006645Z
fdfb6f428be7d280b3f71161ea67cded,Oil prices drop as US-Iran ceasefire eases supply disruption concerns,https://cryptobriefing.com/oil-prices-drop-as-us-iran-ceasefire-eases-supply-disruption-concerns/,Estefano Gomez,2026-07-27T01:06:31Z,Strait of Hormuz,"The ceasefire's impact on oil prices may stabilize global markets, but ongoing geopolitical tensions could still disrupt future supply dynamics.
The post Oil prices drop as US-Iran ceasefire eases supply disruption concerns appeared first on Crypto Briefing.",Crypto Briefing,Global,Market Report,2026-07-28T08:36:27.006684Z
89642463b05703b1f143c32aa8b3a689,"Oil shipments rerouted as Hormuz, Bab al-Mandeb straits face restrictions",https://cryptobriefing.com/oil-shipments-rerouted-as-hormuz-bab-al-mandeb-straits-face-restrictions/,Estefano Gomez,2026-07-27T01:02:35Z,Strait of Hormuz,"Global oil supply disruptions at key chokepoints may drive prices higher, impacting economies and potentially leading to geopolitical tensions.
The post Oil shipments rerouted as Hormuz, Bab al-Mandeb straits face restrictions appeared first on Crypto Briefin…",Crypto Briefing,Global,Market Report,2026-07-28T08:36:27.006805Z
a3c309c54e37feb91a754502c40a8016,Oil Tumbles as US and Iran Pause Military Strikes: Markets Wrap - Bloomberg.com,https://slashdot.org/firehose.pl?op=view&amp;id=184711538,feedfeeder,2026-07-27T00:52:51Z,Strait of Hormuz,"Oil Tumbles as US and Iran Pause Military Strikes: Markets WrapBloomberg.com Oil Prices Fall After U.S. and Iran Pause Fighting for a Second DayThe New York Times Oil slips more than 5% after US pauses strikes on IranReuters Stock Futures Are Rising, Oil Fall…",Slashdot.org,Unknown,Market Report,2026-07-28T08:36:27.006903Z
4465d231e93850d5b506214e87e425c7,"Shares, bonds bounce as oil skid offers inflation relief",https://www.channelnewsasia.com/business/shares-bonds-bounce-oil-skid-offers-inflation-relief-6279656,,2026-07-27T00:41:57Z,Strait of Hormuz,"SYDNEY, July 27 : Share markets rallied in Asia on Monday as a pause in fighting in the Gulf dragged oil prices sharply lower, easing inflation risks and boosting bonds ahead of a packed week of central bank meetings and corporate earnings.Iran said on Sunday…",CNA,Unknown,Market Report,2026-07-28T08:36:27.006974Z
795a97fe68803ddc6bbfeb7bd073908c,"Oil slips 5% after US, Iran pause fighting over weekend",https://biztoc.com/x/a644262006274071,finance.yahoo.com,2026-07-27T00:32:22Z,Strait of Hormuz,"By Florence Tan
SINGAPORE, July 27 (Reuters) - Oil prices tumbled 5% on Monday after the U.S. and Iran paused strikes over the weekend after two weeks of attacks, raising hopes of a diplomatic solution that would de-escalate the conflict and allow shipping to…",Biztoc.com,Singapore,Market Report,2026-07-28T08:36:27.007043Z
b694b5331945b4c2bc8f05c9cc19832e,Kospi index and U.S. stock futures jump as new Hormuz talks send oil prices plunging amid Iran war pause while Wall Street awaits Fed meeting,https://fortune.com/2026/07/26/kospi-index-dow-futures-us-stocks-hormuz-talks-oil-prices-iran-war-fed-meeting/,Jason Ma,2026-07-27T00:25:04Z,Strait of Hormuz,Iran and Oman are also in talks that center around having Iran run vessel transit through the Strait of Hormuz with fewer restrictions on ships.,Fortune,Unknown,Market Report,2026-07-28T08:36:27.007115Z
61e9abe1cef07b89ece822d64990ec55,Iran confirms ongoing talks with US amid 2026 war backdrop,https://cryptobriefing.com/iran-confirms-ongoing-talks-with-us-amid-2026-war-backdrop/,Estefano Gomez,2026-07-27T00:24:20Z,Strait of Hormuz,"Ongoing U.S.-Iran talks amid conflict highlight fragile diplomacy, with potential regional stability hinging on successful negotiations.
The post Iran confirms ongoing talks with US amid 2026 war backdrop appeared first on Crypto Briefing.",Crypto Briefing,Unknown,News,2026-07-28T08:36:27.007155Z
f315415603111854d5d1241c7ea0f44f,Oil prices fall as Iran and US pause strikes over Strait of Hormuz tensions,https://biztoc.com/x/ad80f2477d907333,ft.com,2026-07-26T23:46:05Z,Strait of Hormuz,Brent opens lower after two weeks of escalating violence pushed crude to more than $100 a barrel,Biztoc.com,Unknown,Market Report,2026-07-28T08:36:27.007336Z
18aef991a8fce5217995a80fe5dc32ad,Khamenei ties US-Iran peace deal to Israel ending attacks on Lebanon,https://www.aljazeera.com/news/2026/7/26/us-iran-peace-deal-depends-on-israel-leaving-lebanon-says-khamenei,Al Jazeera Staff,2026-07-26T23:44:29Z,Strait of Hormuz,Iranian supreme leader's intervention comes amid reports of halt to attacks and renewed diplomacy between US and Iran.,Al Jazeera English,Unknown,Market Report,2026-07-28T08:36:27.007368Z
f1180ce1cd2c985e1048c06091ef1f59,"Britain is facing a 'prolonged' period of weak growth and a surge in unemployment, bleak new report reveals",https://www.dailymail.com/news/article-16006737/Britain-facing-prolonged-period-weak-growth-surge-unemployment-bleak-new-report-reveals.html,John-Paul Ford Rojas,2026-07-26T23:40:07Z,Strait of Hormuz,"In a bleak new report, economists at the ITEM Club raised the alarm over the damaging impact of disruption and surging energy prices caused by renewed conflict in the Middle East.",Dailymail.com,UK,Market Report,2026-07-28T08:36:27.007402Z
9b731e89c4e4389cf27ac4ae5f2caac6,CENTCOM Chief Urged Iran Strike Halt,https://freerepublic.com/focus/f-bloggers/4389464/posts,Newsmax via Yahoo,2026-07-26T23:33:52Z,Strait of Hormuz,"The top U.S. military commander in the Middle East recommended ending the bombing campaign around the Strait of Hormuz after concluding it reached the limits of its effectiveness, a recommendation that helped shape President Donald Trump's decision to pause s…",Freerepublic.com,Unknown,News,2026-07-28T08:36:27.007495Z
c3e32e726dc0799b70f8de151253b37d,CENTCOM Chief Urged Iran Strike Halt,https://freerepublic.com/focus/f-news/4389464/posts,Newsmax via Yahoo,2026-07-26T23:33:52Z,Strait of Hormuz,"The top U.S. military commander in the Middle East recommended ending the bombing campaign around the Strait of Hormuz after concluding it reached the limits of its effectiveness, a recommendation that helped shape President Donald Trump's decision to pause s…",Freerepublic.com,Unknown,News,2026-07-28T08:36:27.007533Z
36050bdca13bc4439c63b227fe720c0d,What We Don’t Know,https://www.lawyersgunsmoneyblog.com/2026/07/what-we-dont-know,Cheryl Rofer,2026-07-26T23:23:33Z,Strait of Hormuz,The need for our President to have his ego bolstered is interfering with our ability to understand his war in Iran. He lies all the time to soothe his battered ego and goose the markets. The markets have been very kind to him and not responded in the way some…,Lawyersgunsmoneyblog.com,Unknown,Market Report,2026-07-28T08:36:27.007592Z
81bb61c2503ee8fe0cb5f035c83534e2,"I will quit if this defence plan falls short, Streeting says - as PM refuses to commit to 3% funding increase by 2030",https://www.dailymail.com/news/article-16006715/I-quit-defence-plan-falls-short-Streeting-says-PM-refuses-commit-3-funding-increase-2030.html,Claire Ellicott,2026-07-26T23:20:04Z,Strait of Hormuz,Streeting said he would leave the job he has held for just days 'as a matter of principle'.,Dailymail.com,Unknown,News,2026-07-28T08:36:27.007624Z
7f191fcb010ea619c3dc66d530a2f742,The ayatollahs mistook American restraint for weakness,https://www.americanthinker.com/blog/2026/07/the-ayatollahs-mistook-american-restraint-for-weakness/,,2026-07-27T04:00:00Z,shipping sanctions,By George P. BrooksThis is not the time for Washington to sabotage success because the wrong president achieved it.,Americanthinker.com,USA,News,2026-07-28T08:36:27.382020Z
9411e880aec4c019969a9a91f01d8431,EU approves watered-down Russia sanctions package after Greek pressure on LNG transport,https://www.naturalnews.com/2026-07-26-eu-approves-watered-down-russia-sanctions-package.html,Garrison Vance,2026-07-26T06:00:00Z,shipping sanctions,"European Union ambassadors on Thursday approved the bloc’s 21st sanctions package against Russia after months of delays, according to multiple media reports. The package required unanimous consent from all 27 member states and was significantly diluted after …",Naturalnews.com,Russia,Market Report,2026-07-28T08:36:27.382392Z
de1fb11a2b350b65c777552250ec85ea,Desperation continues after Memorandum of Understanding fails to bring order: US military pounds Iranian city of Ahvaz,https://www.naturalnews.com/2026-07-26-us-military-pounds-iranian-city-of-ahvaz.html,Lance D Johnson,2026-07-26T06:00:00Z,shipping sanctions,"Heavy explosions lit up the skies over Ahvaz on Friday as American bombers pounded Iranian cities for the 13th consecutive night, but as the US resumes their bombing campaign over Iranian skies, the real detonation may be happening inside the Pentagon’s war r…",Naturalnews.com,USA,News,2026-07-28T08:36:27.382424Z
6f5227cd6ed42a04256b220a9cddad0e,Trump shelves plans for wider Iran strikes after advisers’ warning over dwindling air defence munitions: Report,https://english.khabarhub.com/2026/26/560282/,Khabarhub,2026-07-26T01:32:57Z,shipping sanctions,"WASHINGTON DC: US President Donald Trump has shelved plans for a major military escalation against Iran, opting to hold off on a wider offensive amid growing warnings from defence officials regarding critical shortages in the Pentagon’s air defence stockpiles…",Khabarhub.com,Unknown,Market Report,2026-07-28T08:36:27.382478Z
fb300d0ea81fa0e88e5f853cfe677c42,"Iran sold $18B in oil during war and ceasefire period, exposing limits of sanctions enforcement",https://cryptobriefing.com/iran-18b-oil-sales-war-ceasefire/,Editorial Team,2026-07-25T18:54:49Z,shipping sanctions,"Iran sold $18 billion in crude oil during 2026 war and ceasefire periods, leveraging shadow fleets and Chinese demand despite US naval blockade.
The post Iran sold $18B in oil during war and ceasefire period, exposing limits of sanctions enforcement appeared …",Crypto Briefing,China,News,2026-07-28T08:36:27.382618Z
5b52f40fa968b15dbcf268a1d02ee28c,IRGC claims destruction of US military aircraft and radar systems as crypto markets navigate war volatility,https://cryptobriefing.com/irgc-claims-us-military-strikes-crypto-markets/,Editorial Team,2026-07-25T17:32:54Z,shipping sanctions,"Iran's IRGC claims destruction of US military aircraft and radar systems. Here's how the unverified strikes impact crypto markets and digital
The post IRGC claims destruction of US military aircraft and radar systems as crypto markets navigate war volatility …",Crypto Briefing,Unknown,Market Report,2026-07-28T08:36:27.382665Z
2015f47b33efc582f03f67d9444c38b6,"Houthis strike Saudi Aramco facilities as Brent crude hits $100, crypto pulls back",https://cryptobriefing.com/houthis-aramco-strikes-brent-crude-crypto/,Editorial Team,2026-07-25T12:10:23Z,shipping sanctions,"Houthi missile strikes on Saudi Aramco's Jizan and Yanbu facilities sent Brent crude to $100 per barrel and triggered declines in Bitcoin and
The post Houthis strike Saudi Aramco facilities as Brent crude hits $100, crypto pulls back appeared first on Crypto …",Crypto Briefing,Unknown,News,2026-07-28T08:36:27.382781Z
e9839bdd9a07ba6d16187fd8450c53d7,Iran’s missile strikes on US targets rattle crypto markets as Bitcoin drops 2%,https://cryptobriefing.com/iran-missile-strikes-us-targets-bitcoin-drops/,Editorial Team,2026-07-25T10:05:43Z,shipping sanctions,"Iran's SNSC vows continued missile strikes on US targets. Bitcoin fell 2% to $62K with $350M in crypto liquidations as Gulf tensions escalate.
The post Iran’s missile strikes on US targets rattle crypto markets as Bitcoin drops 2% appeared first on Crypto Bri…",Crypto Briefing,Unknown,Market Report,2026-07-28T08:36:27.382828Z
249777bbec45df60007c1f046f91330d,Aughinish Alumina: Minister’s claims about ‘confidential data’ contradicted in unpublished report,https://www.irishtimes.com/politics/2026/07/25/aughinish-alumina-ministers-claims-about-confidential-data-contradicted-in-unpublished-report/,Conor Gallagher,2026-07-25T05:00:00Z,shipping sanctions,Government’s report on Co Limerick plant explicitly states it does not include confidential data provided by Aughinish,The Irish Times,Unknown,Market Report,2026-07-28T08:36:27.382869Z
6f6928e4724be7cd2d491197925512c8,Secret Aughinish Alumina report: EU sanctions would jeopardise company ‘viability’,https://www.irishtimes.com/ireland/2026/07/25/secret-aughinish-alumina-report-eu-sanctions-would-jeopardise-company-viability/,"Jack Power, Conor Gallagher",2026-07-25T05:00:00Z,shipping sanctions,Concerns over ‘financing and potential circumvention by parent company’ revealed in unpublished report,The Irish Times,Unknown,Market Report,2026-07-28T08:36:27.382931Z
556141f29b6ed4c4537c37eecda68333,"Iran reports 59 killed, 666 wounded in US airstrikes since June 27 as crypto markets absorb geopolitical shock",https://cryptobriefing.com/iran-us-airstrikes-crypto-market-impact/,Editorial Team,2026-07-24T15:25:38Z,shipping sanctions,"Iran reports 59 killed and 666 wounded in US airstrikes since June 27. Bitcoin volatility spikes and Polymarket logs $529M in Iran-related
The post Iran reports 59 killed, 666 wounded in US airstrikes since June 27 as crypto markets absorb geopolitical shock …",Crypto Briefing,Unknown,Market Report,2026-07-28T08:36:27.383069Z
6d024e0d06ba226738bcbc403b8d4f8f,EU targets Indian entities of Russian banks,https://www.rt.com/india/643435-eu-sanctions-russian-banks/,RT,2026-07-24T15:13:21Z,shipping sanctions,EU targets India entities of Russian banks VTB and Sberbank and three local firms as part of its 21st sanctions package Read Full Article at RT.com,RT,India,News,2026-07-28T08:36:27.383121Z
84d9651e1a19bb9438c484a3bc7ad4d8,Ukraine’s drone strikes on Russia’s Amazon rival’s warehouses hit military supply chain and shake public morale,https://fortune.com/2026/07/24/ukraine-drone-strikes-wildberries-warehouses-russia/,"The Associated Press, Dasha Litvinova",2026-07-24T14:13:56Z,shipping sanctions,The retailer Wildberries handles 52% of Russian online orders and its marketplace lists body armor and helmets.,Fortune,Russia,Market Report,2026-07-28T08:36:27.383143Z
0b8b16a497b0a44052f64555faf43ec5,What will happen to Aughinish Alumina now the government has released its inconclusive report?,https://www.thejournal.ie/aughinish-alumina-sanctions-review-2-7112341-Jul2026/,Mairead Maguire,2026-07-24T14:03:41Z,shipping sanctions,"While “no adverse findings” were made, this was due to a lack of information, so the Department could not rule out foul play either.",TheJournal.ie,Unknown,Market Report,2026-07-28T08:36:27.383192Z
5b67142d1fa0777a7a78bab6f4e4ecc6,"Rubio Vows Iran, Russia Crises Won't Weaken US Commitment To Asia",https://www.globalsecurity.org/wmd/library/news/iran/2026/07/iran-260724-rferl02.htm,John Pike,2026-07-24T12:00:00Z,shipping sanctions,"As US Secretary of State Marco Rubio concluded his first Southeast Asia trip as America's top diplomat, he sought to reassure regional partners that the war in Iran and Russia's invasion of Ukraine would not weaken Washington's commitment to the region.",Globalsecurity.org,USA,News,2026-07-28T08:36:27.383261Z
ae24a872b141eaa09ad95f52a4d69e61,China imposes export controls on Rheinmetall and 13 EU firms in escalating trade retaliation,https://cryptobriefing.com/china-export-controls-rheinmetall-eu-firms/,Editorial Team,2026-07-24T11:49:38Z,shipping sanctions,"China imposed export controls on 14 EU firms including Rheinmetall, retaliating against the EU's 21st sanctions package. Here's what it means for
The post China imposes export controls on Rheinmetall and 13 EU firms in escalating trade retaliation appeared fi…",Crypto Briefing,China,News,2026-07-28T08:36:27.383323Z
ec24b4c3c98d7cf36abbb9d464df285e,"Ukraine hits Russia's largest online marketplace, hurting small businesses and bringing the war home",https://abcnews.com/Business/wireStory/ukraine-hits-russias-largest-online-marketplace-hurting-small-135009736,DASHA LITVINOVA Associated Press,2026-07-24T11:09:01Z,shipping sanctions,"Ukrainian attacks have targeted Wildberries, Russia's largest online retailer",Abcnews.com,Russia,Market Report,2026-07-28T08:36:27.383370Z
103806b3ad7afc19f2e33bb8d76ac006,The Middle East War Has Entered Its Most Dangerous Phase Yet,https://oilprice.com/Geopolitics/Middle-East/The-Middle-East-War-Has-Entered-Its-Most-Dangerous-Phase-Yet.html,Editorial Dept,2026-07-24T11:00:00Z,shipping sanctions,"Politics, Geopolitics & Conflict Iran has spent the week attacking the military infrastructure that allows the U.S. to wage war across the Middle East. After 12 consecutive nights of U.S. strikes on Iranian command centers, missile sites, air defenses and nuc…",OilPrice.com,Unknown,News,2026-07-28T08:36:27.383421Z
8ef82c1f3e01064e88edb33d5e85536d,"Current price of oil as of July 24, 2026",https://finance.yahoo.com/energy/articles/current-price-oil-july-24-093526345.html,Joseph Hostetler,2026-07-24T09:35:26Z,shipping sanctions,"When oil prices change, it affects your energy costs—and even the price of everyday items. Here’s why.",Yahoo Entertainment,Unknown,Market Report,2026-07-28T08:36:27.383477Z
b3231a1fb111a45fa2209e545f7bfd80,"Current price of oil as of July 24, 2026",https://fortune.com/article/price-of-oil-07-24-2026/,Joseph Hostetler,2026-07-24T09:35:26Z,shipping sanctions,"When oil prices change, it affects your energy costs—and even the price of everyday items. Here’s why.",Fortune,Unknown,Market Report,2026-07-28T08:36:27.383499Z
f4d21f29a1076cd64e096ba4fe356249,"Rubio Vows Iran, Russia Crises Won't Weaken US Commitment To Asia",https://www.rferl.org/a/rubio-iran-russia-us-commitment-asia/33811919.html,Alex Raufoglu,2026-07-24T08:52:59Z,shipping sanctions,"As US Secretary of State Marco Rubio concluded his first Southeast Asia trip as America’s top diplomat, he sought to reassure regional partners that the war in Iran and Russia's invasion of Ukraine would not weaken Washington's commitment to the region.",Radio Free Europe/ Radio Liberty,USA,News,2026-07-28T08:36:27.383529Z
f7171b2cd4ac45df831f743bbf2faf6e,Aughinish Alumina investigation makes ‘no adverse findings’ against Co Limerick plant,https://www.irishtimes.com/politics/2026/07/24/aughinish-alumina-investigation-makes-no-adverse-findings-against-co-limerick-plant/,Jack Power,2026-07-24T06:32:53Z,shipping sanctions,Minister says ‘no information’ to confirm  alumina from   plant being used to supply Russian arms manufacturers,The Irish Times,Russia,News,2026-07-28T08:36:27.383554Z
c6e21f86c06c9f3bd61fa210dd789aa1,Trump Weighs Wider Iranian Attacks With New Truce Still Elusive,https://financialpost.com/pmn/business-pmn/trump-weighs-wider-iranian-attacks-with-new-truce-still-elusive,Bloomberg News,2026-07-24T05:49:52Z,shipping sanctions,"President Donald Trump said he’s considering a “massive attack” on Iran to push the nation to negotiate a peace deal, raising the prospect of even higher energy prices that have already rattled economies.",Financial Post,Unknown,Market Report,2026-07-28T08:36:27.383596Z
5e75a9af903d7d000b686e7e05f975aa,The Liberal Internationalist Delusion.,https://www.kiwipolitico.com/2026/07/the-liberal-internationalist-delusion/,Pablo,2026-07-24T05:08:57Z,shipping sanctions,"Now that the football World Cup is over and I have sated my thirst for the beautiful game for the time being, albeit with a very bitter ending to the tournament given my background and team loyalties, I figure it is time to return to the real world. So let’s …",Kiwipolitico.com,Global,News,2026-07-28T08:36:27.383643Z
ef69ea4c05c85093b73225e32ca62bec,"US troops on ground, fewer air attacks could lead to end of Iran war: Panel",https://www.newsnationnow.com/politics/us-troops-iran-war-impact-panel/,Rob Taub,2026-07-24T01:33:41Z,shipping sanctions,Two retired Army generals believe the U.S. cannot win the war in Iran until troops are on the ground.,Newsnationnow.com,Unknown,News,2026-07-28T08:36:27.383737Z
86ffb4a0e235562b84e3cfa07d08c103,"US to Use Iran’s Frozen Funds to Pay for Ship Damage, Trump Says",https://financialpost.com/pmn/business-pmn/us-to-use-irans-frozen-funds-to-pay-for-ship-damage-trump-says,Bloomberg News,2026-07-23T23:31:16Z,shipping sanctions,President Donald Trump said damage to ships and cargo would be paid for by Iranian funds frozen by the US after new strikes by Houthi rebels in Yemen further strained global energy flows.,Financial Post,Global,News,2026-07-28T08:36:27.383777Z
1405c5a2e6d48998d856ad2e21c2712d,How Iran Gained the Upper Hand,http://foreignpolicy.com/2026/07/23/iran-us-israel-war-hormuz-trump-options/,Howard W. French,2026-07-23T22:02:22Z,shipping sanctions,And what that means for Washington’s options to extract itself from this quagmire.,Foreign Policy,Unknown,News,2026-07-28T08:36:27.383808Z
5609c94234bd4f73442026c9e50484b3,There’s Only One Way Out of Trump’s Reckless War,http://foreignpolicy.com/2026/07/23/iran-united-states-trump-hormuz-war-nuclear/,Philip H. Gordon,2026-07-23T17:09:50Z,shipping sanctions,Pay off Iran to open Hormuz and freeze its nuclear program.,Foreign Policy,Unknown,News,2026-07-28T08:36:27.383901Z
630db90332e4b0806cba9ad62d93bbff,The missing half of mediation,https://www.aljazeera.com/opinions/2026/7/23/the-missing-half-of-mediation,Sultan Barakat,2026-07-23T16:08:54Z,shipping sanctions,The future of diplomacy between the US and Iran depends on giving mediators the backing needed to make agreements stick.,Al Jazeera English,Unknown,News,2026-07-28T08:36:27.383931Z
2ef61424af3410ac3a69f9b097432e01,Trump’s War has Triggered Middle East Security Alliances with Russia and China,https://www.globalresearch.ca/middle-east-security-alliances-include-russia-china-result-trump-war/5934303,Steven Sahiounie,2026-07-23T14:05:50Z,shipping sanctions,"Journalist Steven Sahiounie interviewed Dr. Nesma Abdel Nabi Abdel Aziz, Professor of Iranian Studies at Beni Suef University, and Researcher at the Iranian Studies Unit, Center for Political and Strategic Studies.

To read this article in the following langu…",Globalresearch.ca,China,Analysis/Opinion,2026-07-28T08:36:27.383979Z
33fbbfaf9e7c35a9cb298d9bc8aaea9c,Trump Threatens More Attacks on Iran After Houthis Join War,https://financialpost.com/pmn/business-pmn/trump-threatens-more-attacks-on-iran-after-houthis-join-war,Bloomberg News,2026-07-23T13:32:19Z,shipping sanctions,"US President Donald Trump said he’ll hold Iran responsible for any further attacks by the Yemen-based Houthis on Red Sea ships, potentially widening Washington’s involvement in a Middle East war that shows no sign of abating.",Financial Post,Unknown,News,2026-07-28T08:36:27.384026Z
8450aed8cf4f6bacc74b31f6a5b8cd25,FO Talks: Make Sense of Qatar’s Situation in the US/Israel–Iran War,https://www.fairobserver.com/region/middle_east_north_africa/fo-talks-make-sense-of-qatars-situation-in-the-us-israel-iran-war/,James M. Dorsey,2026-07-23T13:07:42Z,shipping sanctions,"Editor-in-Chief Atul Singh speaks with journalist and author James M. Dorsey about Qatar’s position at the heart of the US/Israel–Iran war. They explore the consequences of attacks on Qatar’s critical energy infrastructure, the limits of the country’s long-st…",Fair Observer,Unknown,News,2026-07-28T08:36:27.384079Z
e7973d50765eb35d473f5dcd5e3aaba6,EU caves-in on new Russia sanctions – media,https://www.rt.com/news/643373-eu-greece-russia-sanctions/,RT,2026-07-23T12:00:13Z,shipping sanctions,"The EU has allowed companies to continue transporting Russian LNG to third countries after Greece pushed back against the latest sanctions package, media reports claim",RT,Russia,Market Report,2026-07-28T08:36:27.384155Z
71ec32257c3c742a958f5557f163b059,The Third Iran War Is Going To Be Crazy: The Fighting Just Won’t Stop As U.S. Officials Prepare For A Prolonged Period Of Conflict,https://www.activistpost.com/the-third-iran-war-is-going-to-be-crazy-the-fighting-just-wont-stop-as-u-s-officials-prepare-for-a-prolonged-period-of-conflict/,Editor,2026-07-23T12:00:00Z,shipping sanctions,"We knew that this wasn’t over. The ill-fated “Memorandum of Understanding” may have delayed the inevitable, but now the ceasefire is dead and fighting is raging throughout the Middle East all over again. Sadly, we shall soon see just how far both sides are wi…",Activistpost.com,Unknown,News,2026-07-28T08:36:27.384222Z
59100428b0df67956bf5329e0dbb772c,Taoiseach: Government may explore ‘other approaches’ to ensure alumina not reaching Russia,https://www.irishtimes.com/politics/2026/07/23/taoiseach-government-may-explore-other-approaches-to-ensure-alumina-not-reaching-russia/,Jack Power,2026-07-23T11:35:59Z,shipping sanctions,"Inquiry into Aughinish Alumina not ‘definitive’ if plant was supplying Russian military or not, Micheál Martin says on visit to Kyiv",The Irish Times,Russia,News,2026-07-28T08:36:27.384286Z
4e111f772ae0048f3035e21c3a4aa141,EU agrees on new round of sanctions against Russia,https://www.dw.com/en/eu-agrees-on-new-round-of-sanctions-against-russia/a-78081102,Midhat Fatimah,2026-07-23T10:14:00Z,shipping sanctions,"The European Union has agreed upon a new sanctions package against Russia for its war in Ukraine, which includes a price cap on Russian oil. Members of the European Union on Thursday agreed to impose a new round of sanctions against Russia over its war in Ukr…",DW (English),Russia,News,2026-07-28T08:36:27.384318Z
06d3e94eb9abd7300a42b26394603298,EU imposes new round of sanctions against Russia,https://www.dw.com/en/eu-imposes-new-round-of-sanctions-against-russia/a-78081102,Midhat Fatimah,2026-07-23T09:25:00Z,shipping sanctions,"The European Union has agreed upon a new sanctions package against Russia for its war in Ukraine, which includes a price cap on Russian oil.",DW (English),Russia,News,2026-07-28T08:36:27.384339Z
60a6690a5398bdf8d8305fa9a289b18b,Russia's biggest online retailer is the latest target of Ukraine's attacks,https://abcnews.com/International/wireStory/russias-biggest-online-retailer-latest-target-ukraines-attacks-135009735,DASHA LITVINOVA Associated Press,2026-07-23T09:08:38Z,shipping sanctions,"Ukrainian attacks on Russian warehouses have targeted Wildberries, Russia's largest online retailer",Abcnews.com,Russia,News,2026-07-28T08:36:27.384360Z
b7a633f568eacedcc88425e76857b623,EU Concedes to Greek LNG Demand in Russian Sanctions Row,https://oilprice.com/Latest-Energy-News/World-News/EU-Concedes-to-Greek-LNG-Demand-in-Russian-Sanctions-Row.html,Irina Slav,2026-07-23T08:30:00Z,shipping sanctions,"The European Union will exempt Greek Dynagas from the latest sanctions package for Russia after pressure from the Greek government, which said the package would harm the country’s economy. The package, set to be voted on today, includes a ban on LNG shipments…",OilPrice.com,Russia,News,2026-07-28T08:36:27.384390Z
ebf0527c24634bfd731e3ffc94fc3180,EU countries clinch deal on Russia sanctions,https://www.politico.eu/article/eu-countries-clinch-deal-russia-sanctions/,Koen Verhelst,2026-07-23T07:33:31Z,shipping sanctions,The agreement resolves a dispute over shipping Russian gas to third countries and freezes the bloc’s price cap on Russian crude oil for 12 months.,POLITICO.eu,Russia,News,2026-07-28T08:36:27.384414Z
ce339e841ae046cdd3585d182d2ca8e0,"Trump’s Iran blockade announcement sends oil prices soaring, Dow falling",https://cryptobriefing.com/trumps-iran-blockade-announcement-sends-oil-prices-soaring-dow-falling/,Estefano Gomez,2026-07-23T02:18:47Z,shipping sanctions,"Trump announced a renewed blockade on Iran's oil shipping route, causing oil prices to rise. New all-time high by December 31 at 16.5% YES.
The post Trump’s Iran blockade announcement sends oil prices soaring, Dow falling appeared first on Crypto Briefing.",Crypto Briefing,Unknown,Market Report,2026-07-28T08:36:27.384520Z
a9429584d187a6ae6a67c282af68306d,“Cuba Will Not Be Starved Into Submission”,https://www.thenation.com/article/world/cuba-ernesto-soberon-guzman-interview/,Bhaskar Sunkara,2026-07-22T20:03:15Z,shipping sanctions,"Bhaskar Sunkara



A senior Cuban diplomat talks about the human cost of the US blockade, Cuba’s economic liberalization, and the gains of the revolution that Havana says are not up for negotiation.




The post “Cuba Will Not Be Starved Into Submission” ap…",Thenation.com,Unknown,News,2026-07-28T08:36:27.384652Z
8b48b8167a76e2aafb377ba037ceea89,Greece derails EU’s Russia sanctions plan,https://www.politico.eu/article/greece-derail-eu-russia-sanctions-plan/,"Koen Verhelst, Gabriel Gavin",2026-07-22T18:15:26Z,shipping sanctions,"A row over gas shipments prevented a deal late Wednesday evening, with talks set to resume just as envoys prepare to leave for the summer.",POLITICO.eu,Russia,News,2026-07-28T08:36:27.384675Z
cc3276522802f129b50a2749cab4e875,Trump’s Epic Fury Can’t Resolve His Iran Quagmire,http://foreignpolicy.com/2026/07/22/trump-epic-fury-iran-war-hormuz-oil-energy-price/,Keith Johnson,2026-07-22T17:25:55Z,shipping sanctions,"The clock is ticking for global oil markets, and Iran has the time.",Foreign Policy,Global,Market Report,2026-07-28T08:36:27.384702Z
a1fe923a2c68a6628fbe9a66b299d0f6,The Hormuz Crisis Is Driving a Geopolitical Shift Across Asia,https://oilprice.com/Geopolitics/Asia/The-Hormuz-Crisis-Is-Driving-a-Geopolitical-Shift-Across-Asia.html,RFE/RL staff,2026-07-22T14:00:00Z,shipping sanctions,"For years, policymakers in Washington have viewed Asia primarily through the lens of Taiwan, the South China Sea, and China's military rise. Russia's full-scale invasion of Ukraine has only reinforced that perspective, cementing Europe and East Asia as the pr…",OilPrice.com,China,Analysis/Opinion,2026-07-28T08:36:27.384714Z
aca68c490b901387a5960f5a4b6747b6,EU Naval Force Boards Sanctioned Russian Shadow Fleet Tanker Over Suspected False Flag,https://gcaptain.com/eu-naval-force-boards-sanctioned-russian-shadow-fleet-tanker-over-suspected-false-flag/,Mike Schuler,2026-07-22T12:38:03Z,shipping sanctions,The European Union has boarded another tanker linked to Russia’s shadow fleet as Brussels expands its use of naval forces to challenge vessels suspected of operating under false flags. Forces...,gcaptain.com,Russia,News,2026-07-28T08:36:27.384746Z
1d7f11df75865cb3600c4044451a4b30,"Minerals Must Benefit Countries, Communities, Not Finance Criminals, Conflict, Security Council Hears during Day-Long Debate on Natural-Resources Governance",https://www.globalsecurity.org/military/library/news/2026/07/mil-260722-unsc01.htm,John Pike,2026-07-22T12:00:00Z,shipping sanctions,"Countries and communities, especially in resource-rich Africa, must benefit most from the minerals in their own backyards, speakers affirmed today at a Security Council debate on ""Natural resources governance: the foundation of peace, security and prosperity"".",Globalsecurity.org,Unknown,News,2026-07-28T08:36:27.384799Z
5a81eabb317d4f2fef0e408cecc47baa,"Baulking at shipping sanctions, Greece balances Ukraine aid, fear of Russia",https://www.aljazeera.com/news/2026/7/22/baulking-at-shipping-sanctions-greece-balances-ukraine-aid-fear-of-russia,John T Psaropoulos,2026-07-22T11:04:43Z,shipping sanctions,"Sanctions on Russian LNG would hurt Greek shipping, argues Athens, but it also fears Moscow’s hybrid warfare.",Al Jazeera English,Russia,News,2026-07-28T08:36:27.384824Z
2466bd57290c722256510c35ae6b4cbc,EU’s 21st sanctions package against Russia takes aim at crypto platforms and nearly 90 banks,https://cryptobriefing.com/eu-sanctions-russia-crypto-platforms/,Editorial Team,2026-07-22T10:15:06Z,shipping sanctions,"EU's 21st sanctions package targets 11 crypto platforms, nearly 90 Russian banks, and negotiates a $44.10 oil price cap freeze in escalating
The post EU’s 21st sanctions package against Russia takes aim at crypto platforms and nearly 90 banks appeared first o…",Crypto Briefing,Russia,News,2026-07-28T08:36:27.384859Z
c715b50680275861ea6234bb8826e27f,"Current price of oil as of July 22, 2026",https://fortune.com/article/price-of-oil-07-22-2026/,Joseph Hostetler,2026-07-22T10:05:08Z,shipping sanctions,"When oil prices change, it affects your energy costs—and even the price of everyday items. Here’s why.",Fortune,Unknown,Market Report,2026-07-28T08:36:27.384887Z
abcb57f9660f53664a594e97a57c6df8,Rubio says US remains open to Iran talks but warns there 'will be consequences',https://www.foxnews.com/politics/rubio-says-us-remains-open-iran-talks-warns-will-be-consequences,,2026-07-22T07:11:15Z,shipping sanctions,"Secretary of State Marco Rubio warned Iran faces consequences for violating commitments, saying Tehran demands illegal control over the Strait of Hormuz.",Fox News,Unknown,News,2026-07-28T08:36:27.384981Z
8594764d1b6800c98fb918a969017f67,The Red Sea Blockade: Why the Coming Energy Shock Will Hit America Hard,https://www.naturalnews.com/2026-07-22-red-sea-blockade-the-coming-energy-shock.html,Mike Adams,2026-07-22T06:00:00Z,shipping sanctions,"The News That Shook My Conviction For months I have warned that the paper market for oil is a fiction, a mirage sustained by derivatives and White House manipulation. But the news that broke on July 20, 2026, shook even my conviction. Yemen’s Houthi rebels an…",Naturalnews.com,USA,Market Report,2026-07-28T08:36:27.385005Z
bd4fcebdc9f2b9192459db29ec85e2dc,Zelenskiy asked Ursula von der Leyen for EU sanctions on Aughinish exports,https://www.irishtimes.com/ireland/2026/07/22/zelenskiy-asked-ursula-von-der-leyen-for-eu-sanctions-on-aughinish-exports/,Jack Power,2026-07-22T05:00:01Z,shipping sanctions,Ukrainian president says exports from Co Limerick plant are ultimately helping Russian war effort,The Irish Times,Russia,News,2026-07-28T08:36:27.385024Z
a4e1d39fa24928b33f2274326bc51873,Netherlands to enforce import ban on Judea and Samaria goods,https://www.israelnationalnews.com/news/430551,Israel National News,2026-07-22T02:54:19Z,shipping sanctions,Dutch official says an import ban targeting products from Jewish communities in Judea and Samaria will start September 22.,Israelnationalnews.com,Unknown,News,2026-07-28T08:36:27.385056Z
b87af125bc76bf3f5caeb6157a8fe602,Post-Orbán sanctions showdown exposes EU capitals’ red lines,https://www.politico.eu/article/post-orban-russia-sanctions-showdown-exposes-eu-capitals-red-lines/,"Gabriel Gavin, Nicholas Vinocur, Koen Verhelst, Max Griera",2026-07-22T02:00:00Z,shipping sanctions,"With Budapest no longer providing cover, EU governments are being forced to own their objections to tougher action against Russia.",POLITICO.eu,Russia,News,2026-07-28T08:36:27.385078Z
f00884ab663c2c076eef4c3c2a753bdb,Paladin Energy Ltd: Quarterly Report for the period ending 30 June 2026,https://www.globenewswire.com/news-release/2026/07/22/3331046/0/en/Paladin-Energy-Ltd-Quarterly-Report-for-the-period-ending-30-June-2026.html,Paladin Energy Ltd,2026-07-22T01:30:00Z,shipping sanctions,"PERTH, Australia, July  21, 2026  (GLOBE NEWSWIRE) --   Quarterly ReportFor the period ending 30 June 2026  Key Metrics Summary Langer Heinrich Mine...",GlobeNewswire,Australia,Market Report,2026-07-28T08:36:27.385094Z
04979f2790546c27b8c640a1c31e0fd4,Forced labour is America’s latest pretext for a policy that mustn’t escape internal checks and balances,https://www.livemint.com/opinion/online-views/forced-labour-america-tariffs-policy-us-supreme-court-global-trade-india-pharmaceuticals-us-trade-act-11785050406501.html,Mint Editorial Board,2026-07-27T02:01:09Z,export bans,"As US trade barriers pivot from one law to another for support, the odds of judicial relief seem steeper this time round—but must not weaken. Nor can India flatly deny the warts and woes of its labour market.",Livemint,India,Market Report,2026-07-28T08:36:27.653042Z
55fd3bc7e5faadb68da8fdd4017f5a4d,Chamath Palihapitiya warns US ban on open-source AI could harm stock market,https://cryptobriefing.com/chamath-open-source-ai-ban-stock-market/,Editorial Team,2026-07-26T00:05:56Z,export bans,"Chamath Palihapitiya warns banning open-source AI in the US could create a 50x cost disadvantage for American firms, harming stock valuations and
The post Chamath Palihapitiya warns US ban on open-source AI could harm stock market appeared first on Crypto Bri…",Crypto Briefing,USA,Market Report,2026-07-28T08:36:27.653071Z
f5379231393ec31107368e8fef218f4c,Albanese personally opposed to telehealth voluntary assisted dying,https://www.abc.net.au/news/2026-07-26/albanese-opposed-telehealth-voluntary-assisted-dying/106959388,Clare Armstrong,2026-07-25T23:32:31Z,export bans,The prime minister says he is unconvinced Australians should be allowed to access voluntary assisted dying via telehealth.,ABC News (AU),Australia,News,2026-07-28T08:36:27.653087Z
093fd065f1b89cd7bebf86dbc6bf1f3f,Russia extends gasoline export ban through year-end as crypto fills the sanctions gap,https://cryptobriefing.com/russia-gasoline-export-ban-crypto-sanctions/,Editorial Team,2026-07-25T14:19:31Z,export bans,"Russia extends its gasoline export ban through year-end as energy traders increasingly use Bitcoin, Ether, and USDT to settle deals amid Western
The post Russia extends gasoline export ban through year-end as crypto fills the sanctions gap appeared first on C…",Crypto Briefing,Russia,News,2026-07-28T08:36:27.653122Z
d94921891658a73f3911cb72fa65d649,This wave of Trump tariffs is likely here to stay; more are coming,https://economictimes.indiatimes.com/news/international/global-trends/this-wave-of-trump-tariffs-is-likely-here-to-stay-more-are-coming/articleshow/132624112.cms,Reuters,2026-07-25T11:53:06Z,export bans,The Trump administration is rebuilding its tariff wall using established trade laws. New duties target forced labor and excess industrial capacity globally. These actions aim to secure trade concessions and reshore production. The strategy shifts from unteste…,The Times of India,Global,News,2026-07-28T08:36:27.653187Z
48cecfd275d9fc4434ad4ea371c6da80,"Trump’s new tariffs are likely here to stay, and more are coming",https://www.thehindubusinessline.com/news/world/trumps-new-tariffs-are-likey-here-to-stay-and-more-are-coming/article71265884.ece,Reuters,2026-07-25T11:10:46Z,export bans,"Trump's new tariffs, covering nearly all U.S. imports, signal a long-term trade strategy shift and more duties ahead.",BusinessLine,Unknown,News,2026-07-28T08:36:27.653226Z
a3ad78f08d760411a828eea6df692283,Trump's tariffs just went from 12.5% to 10%: Why did India get a breather and what it means?,https://economictimes.indiatimes.com/news/economy/foreign-trade/trumps-tariffs-just-went-from-12-5-to-10-why-did-india-get-a-breather-and-what-it-means/articleshow/132619690.cms,ET Online,2026-07-25T05:54:31Z,export bans,"The United States has reduced tariffs on most Indian exports to ten percent. This change follows India's recent actions against forced labour imports. Indian exporters now face a more competitive position against other nations. However, some sectors will stil…",The Times of India,India,News,2026-07-28T08:36:27.653255Z
044fcf676d7fbdcafee15d2454a08917,United States imposes tariffs on Peruvian exports as part of sweeping 60-country trade action,https://cryptobriefing.com/us-tariffs-peru-60-countries-forced-labor/,Editorial Team,2026-07-24T16:47:19Z,export bans,"The US imposed tariffs of 10% to 13% on exports from roughly 60 countries including Peru, citing forced labor failures. Here's what it means for
The post United States imposes tariffs on Peruvian exports as part of sweeping 60-country trade action appeared fi…",Crypto Briefing,USA,News,2026-07-28T08:36:27.653282Z
d9bbf7697af464f9956cbfc0ad97f06b,The second Chinese AI shock rattles US as China narrows the race,https://economictimes.indiatimes.com/news/international/global-trends/the-second-chinese-ai-shock-rattles-us-as-china-narrows-the-race-kimi-k3-china-ai-huang-openai/articleshow/132609582.cms,ET Online,2026-07-24T15:46:22Z,export bans,"China's Kimi K3 AI model has emerged, significantly narrowing the technological gap with American frontier systems. This development has prompted intense debate across Silicon Valley and Washington regarding China's AI capabilities. The model's performance, a…",The Times of India,China,News,2026-07-28T08:36:27.653346Z
2a4bebab74424d80e5a55b59c5817a9b,A Chinese model split Silicon Valley. Now the startups are fighting back.,https://thenextweb.com/news/little-tech-association-chinese-open-weight-ai-ban-anthropic-startups/,Ana Maria Constantin,2026-07-24T15:18:29Z,export bans,"Silicon Valley does not usually gang up on its own. This week it did. Nearly 200 US startups have urged the Trump administration not to block American access to Chinese open-weight AI models. A ban, they warn, would gut the next wave of US companies. The plea…",The Next Web,China,News,2026-07-28T08:36:27.653411Z
f879259e4a74eaca1fde50596c2c1cfe,EU slaps sanctions on five Iranian judges and cyber group founder over human rights abuses,https://cryptobriefing.com/eu-sanctions-iranian-judges-cyber-group/,Editorial Team,2026-07-24T13:33:44Z,export bans,"The EU sanctioned five Iranian judges and a cyber group founder for human rights abuses, expanding its crackdown on digital repression tools and
The post EU slaps sanctions on five Iranian judges and cyber group founder over human rights abuses appeared first…",Crypto Briefing,Unknown,News,2026-07-28T08:36:27.653466Z
14c82ee149ffbe1dc07db1cc34bc899c,EU's new Russia sanctions: What's in the 21st package,https://economictimes.indiatimes.com/news/international/world-news/eus-new-russia-sanctions-whats-in-the-21st-package/articleshow/132604779.cms,ET Online,2026-07-24T12:01:24Z,export bans,"The European Union has adopted its twenty-first sanctions package against Russia. This expands restrictions on banks, cryptocurrency networks, and oil trade significantly. The bloc also froze the Russian oil price cap for the next twelve months. New measures …",The Times of India,Russia,News,2026-07-28T08:36:27.653498Z
fc37f8649b3f4637e93b5c717644e028,"Posthaste: Trump’s new 50% tariffs will hit these 3 provinces the hardest, crippling some industries, says economist",https://financialpost.com/news/trumps-tariffs-hit-3-provinces-hardest,Gigi Suhanic,2026-07-24T12:00:20Z,export bans,"Donald Trump rattled Canada again threatening new tariffs of 50% that are likely to hit B.C., Ontario and Quebec the hardest. Read more here",Financial Post,Unknown,News,2026-07-28T08:36:27.653540Z
a1acdf283d439aef32ce4297b2d41928,EU expands sanctions on Russia with extensive 21st sanctions package,https://www.globalsecurity.org/wmd/library/news/russia/2026/07/russia-260724-fingov01.htm,John Pike,2026-07-24T12:00:00Z,export bans,The EU approved its 21st sanctions package on 23 July. The package continues to increase pressure on Russia by weakening Russia's ability to wage its war of aggression in Ukraine. The new sanctions enter into force on 23 July 2026. The package contains a reco…,Globalsecurity.org,Russia,News,2026-07-28T08:36:27.653572Z
f79741fdaa3fc5999f6d4c6453bb4fc0,"CXMT Evicted Huawei-Linked Engineers From Its R&D Facility, As The Once-Humble Memory Maker Has Acquired A Taste Of Newfound Power Amid The AI Boom",https://wccftech.com/cxmt-removed-huawei-linked-engineers-from-its-facility-as-it-begins-flexing-its-power/,Omar Sohail,2026-07-24T10:45:54Z,export bans,"Memory chips were previously a low-margin business, with customers like Apple and other companies dictating prices that often allowed them to acquire shipments at pennies on the dollar. However, times have changed since late 2025, as AI datacenters have gobbl…",Wccftech,Unknown,Market Report,2026-07-28T08:36:27.653672Z
114bfd648f732698f48cca940a20d7eb,Israel’s illegal settlements are Europe’s credibility test,https://www.aljazeera.com/opinions/2026/7/24/israels-illegal-settlements-are-europes-credibility-test,Majed al-Zeer,2026-07-24T09:59:37Z,export bans,The EU has documented accelerating annexation. It must now use its collective power to confront it.,Al Jazeera English,Unknown,News,2026-07-28T08:36:27.653741Z
392b73bd0cd6211f389dec03ba4afb12,More taxes from Trump for 60 countries including Sri Lanka,https://english.gossiplankanews.com/2026/07/more-taxes-from-trump-for-60-countries.html,noreply@blogger.com (Unknown),2026-07-24T04:40:25Z,export bans,"The United States has taken steps to impose new tariffs ranging from 10 percent to 12.5 percent on its 60 major trading partners. These new tariffs, imposed by the Trump administration and effective from 12:01 AM on Friday, July 24, 2026, cover 99.4 percent o…",Gossiplankanews.com,USA,Market Report,2026-07-28T08:36:27.653767Z
d5d3e57ac07117e5ed2610f67360bd3d,Trump's new global tariff draws rebukes from trade partners over forced-labor justification,https://www.cnbc.com/2026/07/24/trump-global-tariffs-trade-imbalance-forced-labor.html,Anniek Bao,2026-07-24T03:15:46Z,export bans,"U.S. trading partners have rejected the forced-labor rationale behind Trump's new global tariffs, while most signaled plans to keep negotiating.",CNBC,Global,Market Report,2026-07-28T08:36:27.653799Z
f81038c2e68ce37e3f812fcd2f031b6c,Almonty to Voluntarily Delist From ASX,https://financialpost.com/pmn/business-wire-news-releases-pmn/almonty-to-voluntarily-delist-from-asx,Business Wire,2026-07-23T21:36:19Z,export bans,"DILLON, Mont. — Almonty Industries Inc. (“Almonty” or the “Company“) (NASDAQ: ALM) (TSX: AII) (ASX: AII) (Frankfurt: ALI1) announces that the Company has requested and received formal approval from the Australian Securities Exchange (“ASX”) to be removed from…",Financial Post,Australia,News,2026-07-28T08:36:27.653821Z
7ed07cb9b8e96e381b08f867b465830b,Scott Bessent sends unprecedented warnings to China on AI models,https://biztoc.com/x/43f88b741c9bd6fa,thestreet.com,2026-07-23T18:20:55Z,export bans,"The U.S. and China have been fighting over AI for a while now. Chip bans, export controls, benchmark competition, open-source model releases that sent shockwaves through Silicon Valley — most of it has been quiet enough that regular people didn't notice. 
Jul…",Biztoc.com,China,News,2026-07-28T08:36:27.653843Z
340eacf4bf7398894781c916c69ed5ef,Right2Compute Coalition Launches to Secure Rights for Building AI Data Centers for Sovereign AI and Data Ownership,https://www.globenewswire.com/news-release/2026/07/23/3332486/0/en/Right2Compute-Coalition-Launches-to-Secure-Rights-for-Building-AI-Data-Centers-for-Sovereign-AI-and-Data-Ownership.html,Alpha Compute Corp.,2026-07-23T18:15:00Z,export bans,"Right2Compute Coalition Launches to Secure Rights for Building AI Data Centers for Sovereign AI and Data Ownership
...",GlobeNewswire,Unknown,News,2026-07-28T08:36:27.653881Z
bdc90824291fd9ea8c2e5010f2543d98,Russia said to eye extending gasoline ban for 6 months,https://biztoc.com/x/0def5e552471da20,breakingthenews.net,2026-07-23T14:49:51Z,export bans,"Russian authorities are supposedly considering extending the diesel fuel and gasoline export bans by one month and six months, respectively, Russia's Interfax reported on Thursday.Sources familiar wit...",Biztoc.com,Russia,Market Report,2026-07-28T08:36:27.653903Z
8d7e529b1efd9079560f97c66a1f8d84,EU adopts 21st package of sanctions against Russia,https://www.globalsecurity.org/wmd/library/news/russia/2026/07/russia-260723-european-commission01.htm,John Pike,2026-07-23T12:00:00Z,export bans,"Today, the European Commission welcomes the adoption by EU Member States of the 21st package of sanctions against Russia. The package further restricts Russia's ability to fund its illegal war and to carry out attacks on Ukrainian civilians and civilian infra…",Globalsecurity.org,Russia,News,2026-07-28T08:36:27.653934Z
c5884bf692d07fc9b4ce6401d8dea75d,"21st package of sanctions: EU hits Russian energy, financial services and crypto hard",https://www.globalsecurity.org/wmd/library/news/russia/2026/07/russia-260723-ec01.htm,John Pike,2026-07-23T12:00:00Z,export bans,"Today, the Council adopted the 21st package of restrictive measures against Russia in response to its war of aggression against Ukraine. It includes harsheconomic sanctionshitting the",Globalsecurity.org,Russia,News,2026-07-28T08:36:27.653959Z
c517efd5c1cb909ac8ad370d4c2ef3cb,"Moonshot AI accessed Nvidia chips despite US export ban, White House official says",https://cryptobriefing.com/moonshot-ai-nvidia-chips-export-ban/,Editorial Team,2026-07-23T11:26:23Z,export bans,"White House official accuses Moonshot AI of accessing banned Nvidia GB300 chips via Thai servers to train Kimi K3, sending Nvidia stock lower.
The post Moonshot AI accessed Nvidia chips despite US export ban, White House official says appeared first on Crypto…",Crypto Briefing,Unknown,News,2026-07-28T08:36:27.654008Z
9900954f215aa441e4cc795b35ef0669,These 3 charts show where Trump's new tariffs could have the biggest impact,https://www.cbc.ca/news/canada/charts-trump-tariffs-9.7279519,,2026-07-23T08:00:00Z,export bans,"These three charts break down which sectors are in the crosshairs, which provinces will be the hardest hit and how the tariffs will be felt on both sides of the border.",CBC News,Unknown,News,2026-07-28T08:36:27.654043Z
7686417378c7d777a286ff1c210f090f,Startup founders urge Trump not to shut off Chinese open weight AI,https://www.businessinsider.com/startup-founders-trump-chinese-open-weight-ai-2026-7#article,Insider Inc.,2026-07-22T23:09:39Z,export bans,"On Wednesday, the Little Tech Association sent letters to President Donald Trump, Commerce Secretary Howard Lutnick and others in the administration.",Business Insider,China,News,2026-07-28T08:36:27.654059Z
7677214797a716e41d2d1309015e0faa,"Labor conference to debate gas, gambling and Gaza",https://www.abc.net.au/news/2026-07-23/labor-national-conference-debate-gas-gambling-gaza/106945156,David Speers,2026-07-22T19:00:00Z,export bans,Anthony Albanese may have been a keen participant in robust conference debates in years gone by but is now using his authority to enforce a much more controlled process.,ABC News (AU),Unknown,News,2026-07-28T08:36:27.654095Z
bf379201edb8996b2465ba6805754274,US boosts diesel production amid global shortage and rising futures,https://cryptobriefing.com/us-boosts-diesel-production-amid-global-shortage-and-rising-futures/,Estefano Gomez,2026-07-22T17:51:55Z,export bans,"US boosts diesel production to near-record levels amid global shortages. Crude oil reaching a new all-time high by December 31 at 15.5% YES.
The post US boosts diesel production amid global shortage and rising futures appeared first on Crypto Briefing.",Crypto Briefing,Global,News,2026-07-28T08:36:27.654136Z
d0f81faa677a6102e207b34fd53ae512,Conservatives Parrot A Victimhood Script Written By Barack Obama,https://www.forbes.com/sites/johntamny/2026/07/21/conservatives-parrot-a-victimhood-script-written-by-barack-obama/,"John Tamny, Contributor, 
 John Tamny, Contributor
 https://www.forbes.com/sites/johntamny/",2026-07-21T21:30:02Z,export bans,"When a socialist runs against a socialist, a socialist has to win.",Forbes,Unknown,News,2026-07-28T08:36:27.654175Z
704458c6a8af0d102354cd783f2068e8,US Treasury Chief Threatens Sanctions on Chinese AI Labs Over ‘IP Theft’ Concerns,https://gizmodo.com/us-treasury-chief-threatens-sanctions-on-chinese-ai-labs-over-ip-theft-concerns-2000788553,Ece Yildirim,2026-07-21T21:15:22Z,export bans,Treasury Secretary Scott Bessent vowed action in the coming days or weeks.,Gizmodo.com,China,News,2026-07-28T08:36:27.654192Z
ac178b349c70388b8d1ee72faa011c98,Show HN: Tsaagan – Browser control for AI agents that verifies every action,https://github.com/michaelolmos/tsaagan,molmos,2026-07-21T18:44:29Z,export bans,"Human-like browser control for AI agents — verify-first (proves every action worked), with an MCP server + JS & Python SDKs. Playwright + native + extension. MIT. - michaelolmos/tsaagan",Github.com,Unknown,News,2026-07-28T08:36:27.654238Z
7ce060a68f77100e049560d47270cbfe,"USFIA Report Highlights Unexpected Sourcing Standouts, Points to Possible China Rebound",http://wwd.com/sourcing-journal/trade/usfia-2026-benchmarking-study-sourcing-trade-tariffs-china-1239076689/,Kate Nishimura,2026-07-21T13:30:00Z,export bans,"Stress may have become the status quo in recent years, but there have been notable changes over the past 12 months with regard to how brands are handling their anxiety.",WWD,China,Market Report,2026-07-28T08:36:27.654253Z
0ce945a19f93795f4870e4e9b2187964,​Trump's new 50% Canada tariff could shake Maine businesses,https://www.pressherald.com/?p=7693825,Ethan Horton,2026-07-27T08:05:23Z,import tariffs,"President Donald Trump on Monday ordered new trade deal-exempt tariffs on a range of Canadian products, to take effect next month.",Press Herald,Unknown,News,2026-07-28T08:36:28.004286Z
3274133f8d681f1d08b9e5279559fed7,"Nikkei 225 Rebounds Above 64,900 as Nvidia's Multibillion-Dollar AI Deals With Korea Lift Tech Stocks",https://www.ibtimes.com.au/nikkei-225-rebounds-ai-investment-surge-asia-1872991,Mike Clair,2026-07-27T07:24:48Z,import tariffs,"Japan's Nikkei 225 index rose 0.50% following Nvidia's AI investment deals with South Korean firms, sparking a recovery in Asian tech stocks despite recent market volatility and economic pressures.",Ibtimes.com.au,Japan,Market Report,2026-07-28T08:36:28.004332Z
2b1a940683aab8a686c9df18b1230f86,"Singapore economy to stay firm for rest of 2026 as AI boom cushions oil shocks, new US tariff: MAS",https://www.channelnewsasia.com/singapore/economy-ai-oil-prices-middle-east-conflict-trump-tariffs-mas-6279896,,2026-07-27T07:00:00Z,import tariffs,Singapore's tech sector continued to grow faster than usual and is expected to drive most of the country's economic growth this year.,CNA,Singapore,News,2026-07-28T08:36:28.004359Z
eb88ea4bb785202753b4e73fb1453bc4,A forced-labor crackdown or an end-run around Congress? Dissecting Trump's new tariffs,https://unb.com.bd/category/business/a-forced-labor-crackdown-or-an-end-run-around-congress-dissecting-trumps-new-tariffs/191642,Ap/unb,2026-07-27T05:51:19Z,import tariffs,"The Trump administration has imposed double-digit tariffs on more than 60 countries, using a legal justification that permits the president to levy import taxes and other sanctions against countries found to engage in “unjustifiable,” “unreasonable” or “discr…",Unb.com.bd,Unknown,News,2026-07-28T08:36:28.004616Z
684382a56b418f22c19e0965430ab018,Why Trump's new tariff blitz is very different this time round,https://www.cnbc.com/2026/07/27/donald-trump-tariffs-trade-war-iran.html,Hugh Leask,2026-07-27T05:04:43Z,import tariffs,"President Trump on Friday launched a fresh round of tariffs targeting 60 trading partners, including the European Union, China, and the U.K.",CNBC,China,Market Report,2026-07-28T08:36:28.004631Z
179c3d96d4bb195f1cb3e04e4a8814f5,Shein swings to a loss as Trump tariffs hit sales,https://biztoc.com/x/eff4c1c3934cacce,finance.yahoo.com,2026-07-27T02:32:49Z,import tariffs,"Shein says it swung to a quarterly loss as its sales slowed after US President Donald Trump removed an import duty exemption on small packages.
It also comes as uncertainty remains over the tit-for-tat US-China tariffs wars, which is currently paused.
The fas…",Biztoc.com,China,News,2026-07-28T08:36:28.004652Z
d85387d9facbe44d4ec4fa7d078d9451,Shein swings to a loss as Trump trade rules hit sales,https://biztoc.com/x/c52357c7d67c8ff4,bbc.co.uk,2026-07-27T02:17:07Z,import tariffs,"Published
Shein says it swung to a quarterly loss as its sales slowed after US President Donald Trump removed an import duty exemption on small packages.
It also comes as uncertainty remains over the tit-for-tat US-China tariffs wars, which is currently pause…",Biztoc.com,China,News,2026-07-28T08:36:28.004669Z
bb5e3626f567171c1b3b488f0864e473,Shein swings to a loss as Trump trade rules hit sales,https://www.bbc.co.uk/news/articles/clyj8v0rek8o,https://www.facebook.com/bbcnews,2026-07-27T02:08:36Z,import tariffs,The announcement comes as the fast fashion giant prepares for its stock market debut in Hong Kong.,BBC News,Unknown,Market Report,2026-07-28T08:36:28.004697Z
a01fbc0255c7c23fae9b6b3114ca1526,Donald Trump seeks to restore hardline tariff regime after Supreme Court ruling,https://cryptobriefing.com/trump-tariff-regime-supreme-court-ruling/,Editorial Team,2026-07-27T00:34:42Z,import tariffs,"The Supreme Court ruling limits executive tariff powers, prompting potential legislative changes that could reshape U.S. trade policy long-term.
The post Donald Trump seeks to restore hardline tariff regime after Supreme Court ruling appeared first on Crypto …",Crypto Briefing,Unknown,News,2026-07-28T08:36:28.004784Z
67471cf882da2598460d668144b8fde4,Fed Rate Decision Pits 104 Economists Against a 36% Hike Bet,https://beincrypto.com/fed-rate-decision-economists-traders-split/,Lockridge Okoth,2026-07-26T22:13:21Z,import tariffs,Economists say the Fed holds Wednesday. Traders bet 36% on a hike. What the Fed rate decision means for Bitcoin.,BeInCrypto,Unknown,News,2026-07-28T08:36:28.004818Z
bb8e4e7d644270a7f71f8352c077918f,New tariffs could allow Trump to make levies permanent without going to Congress — ‘he’s trying every side door and every unlatched window to get in’,https://biztoc.com/x/ae65c8a94f8dbb1a,fortune.com,2026-07-26T15:13:10Z,import tariffs,"The Trump administration has imposed double-digit tariffs on more than 60 countries, using a legal justification that permits the president to levy import taxes and other sanctions against countries found to engage in “unjustifiable,” “unreasonable” or “discr…",Biztoc.com,Unknown,News,2026-07-28T08:36:28.004878Z
cad5918f144df7985627de75c1bc7f2e,New tariffs could allow Trump to make levies permanent without going to Congress — ‘he’s trying every side door and every unlatched window to get in’,https://fortune.com/2026/07/26/trump-tariffs-permanent-section-301-forced-labor-congress/,"Mae Anderson, The Associated Press",2026-07-26T14:36:06Z,import tariffs,The tariffs were levied under Section 301 of the Trade Act of 1974.,Fortune,Unknown,News,2026-07-28T08:36:28.004915Z
07b01fcc78dc37f70aafb71f9b760314,Trump proposes 50% tariff on Canadian imports including Bauer goods,https://cryptobriefing.com/trump-50-percent-tariff-canadian-imports/,Editorial Team,2026-07-26T14:35:25Z,import tariffs,"The proposed tariffs could strain US-Canada trade relations, impact consumer prices, and create market volatility, affecting various sectors.
The post Trump proposes 50% tariff on Canadian imports including Bauer goods appeared first on Crypto Briefing.",Crypto Briefing,Unknown,Market Report,2026-07-28T08:36:28.004955Z
42e07bd3839c8c9e661535a45ce32785,A forced-labor crackdown or an end-run around Congress? Dissecting Trump's new tariffs,https://abcnews.com/US/wireStory/forced-labor-crackdown-end-run-congress-dissecting-trumps-135095523,MAE ANDERSON AP business writer,2026-07-26T11:54:15Z,import tariffs,"The Trump administration has levied tariffs on more than 60 countries, using a legal justification that permits the president to impose import taxes and other sanctions against countries found to engage in “unjustifiable,” “unreasonable” or “discrimina...",Abcnews.com,Unknown,News,2026-07-28T08:36:28.005011Z
3e40a40a685e201e6a558796454c8003,Fight against forced labour or a fight to skip Congress? Dissecting Trump's new tariffs,https://economictimes.indiatimes.com/news/international/world-news/fight-against-forced-labour-or-a-fight-to-skip-congress-dissecting-trumps-new-tariffs/articleshow/132640120.cms,ET Online,2026-07-26T11:19:28Z,import tariffs,The Trump administration imposed significant tariffs on many nations recently. These tariffs target countries with alleged forced labor import ban failures. Critics argue these tariffs replace previous ones and lack clear evidence. Many nations protested the …,The Times of India,Unknown,News,2026-07-28T08:36:28.005065Z
8bb42cb95483637bb2bf5d5e989cf6be,A forced-labor crackdown or an end-run around Congress? Dissecting Trump's new tariffs,https://www.clickondetroit.com/business/2026/07/26/a-forced-labor-crackdown-or-an-end-run-around-congress-dissecting-trumps-new-tariffs/,Mae Anderson,2026-07-26T10:13:55Z,import tariffs,"The Trump administration has levied tariffs on more than 60 countries, using a legal justification that permits the president to impose import taxes and other sanctions against countries found to engage in “unjustifiable,” “unreasonable” or “discriminatory” t…",WDIV ClickOnDetroit,Unknown,News,2026-07-28T08:36:28.005106Z
a02cb339e36bec75a35a9daa61cd110e,A forced-labor crackdown or an end-run around Congress? Dissecting Trump's new tariffs,https://apnews.com/article/trump-tariffs-forced-labor-8ea8114c6893a6062cf1addc3518660b,By MAE ANDERSON - AP Business Writer,2026-07-26T10:02:00Z,import tariffs,"The Trump administration has levied tariffs on more than 60 countries, using a legal justification that permits the president to impose import taxes and other sanctions against countries found to engage in “unjustifiable,” “unreasonable” or “discriminatory” t…",Associated Press,Unknown,News,2026-07-28T08:36:28.005138Z
011760b7a5046c9a9c5bc9f9e1876a05,India races into Swiss watchmakers' top 15 as luxury demand ticks higher,https://www.livemint.com/industry/india-swiss-watch-imports-luxury-market-growth-tepa-top-15-11785038235760.html,Varuni Khosla,2026-07-26T08:17:36Z,import tariffs,"India has become one of the fastest-growing markets for Swiss watches, driven by first-time luxury buyers, premium retail expansion and a tariff-lowering trade pact, even as global Swiss watch exports slip.",Livemint,India,Market Report,2026-07-28T08:36:28.005155Z
78ac4b4b1b443fa97f3e321a2112644d,Trump Imposes Double-Digit Tariffs on 60 Countries Over Forced Labor Concerns,https://www.naturalnews.com/2026-07-26-trump-imposes-double-digit-tariffs-forced-labor.html,Sterling Ashworth,2026-07-26T06:00:00Z,import tariffs,"New Tariffs Announced Under Section 301 President Donald Trump is set to impose double-digit tariffs on imports from 60 countries due to their failure to prevent forced labor from entering global supply chains, U.S. Trade Representative Jamieson Greer announc…",Naturalnews.com,Global,News,2026-07-28T08:36:28.005221Z
bca432c3e0e7a06f5e8279035a4b3795,Trump doubles down on threat to build 'North America Air Filter Barrier' between the US and Canada to block wildfire smoke,https://www.dailymail.com/news/article-16005279/trump-canada-air-filter-barrier-tariffs.html,Natasha Anderson,2026-07-25T23:47:55Z,import tariffs,President Donald Trump took to his Truth Social platform Saturday evening to share an AI -generated image of his proposed North America Air Filter Barrier.,Dailymail.com,USA,News,2026-07-28T08:36:28.005311Z
d52df9768ae76f8213d297dfbd33fdba,Top Economist Warns Trump's New Tariffs Are 'Same Rotten Policy' in a New Wrapper Even If They Survive Court: 'But They Will Fail To...',https://finance.yahoo.com/economy/policy/articles/top-economist-warns-trumps-tariffs-180018045.html,Rishabh Mishra,2026-07-25T18:00:18Z,import tariffs,The Donald Trump administration has officially announced a sweeping new set of tariffs ranging from 10% to 12.5% on 60 designated trading partners—encompassi...,Yahoo Entertainment,Unknown,Market Report,2026-07-28T08:36:28.005355Z
820a93c07084e67485802e9387333da3,Trump replaces expiring tariffs with new duties on 60 economies,https://cryptobriefing.com/trump-new-tariffs-replace-expiring-duties-60-economies/,Editorial Team,2026-07-25T17:07:06Z,import tariffs,"Trump replaces an expiring global tariff with new 10% and 12.5% duties on 60 economies, using Section 301 of the Trade Act of 1974.
The post Trump replaces expiring tariffs with new duties on 60 economies appeared first on Crypto Briefing.",Crypto Briefing,Global,News,2026-07-28T08:36:28.005397Z
0e145afbedcf50f41db9d6336fb8ba6c,Trump Renews Tariff Onslaught With a Whirlwind Week of Threats,https://financialpost.com/pmn/business-pmn/trump-renews-tariff-onslaught-with-a-whirlwind-week-of-threats,Bloomberg News,2026-07-25T12:30:32Z,import tariffs,"President Donald Trump had gone mostly quiet on trade wars since the Supreme Court struck down his tariffs and the start of the Iran conflict in February, making many think his campaign of import taxes would fade until after the US midterm elections in Novemb…",Financial Post,Unknown,News,2026-07-28T08:36:28.005469Z
d02548d9b5b649db1d3ffa14ff35f675,"Trump tariffs likely to persist as more are anticipated, hitting crypto markets and miners",https://cryptobriefing.com/trump-tariffs-persist-crypto-miners-impact/,Editorial Team,2026-07-25T10:29:10Z,import tariffs,"Trump's new tariffs on Canadian goods and 80-plus countries are reshaping U.S. trade policy and squeezing Bitcoin miners with rising ASIC import
The post Trump tariffs likely to persist as more are anticipated, hitting crypto markets and miners appeared first…",Crypto Briefing,Unknown,Market Report,2026-07-28T08:36:28.005607Z
4d315d6237d127ecf58d7441ffd717b7,Swiss cheesemakers try to fill hole in sales from US tariffs,https://finance.yahoo.com/economy/policy/articles/swiss-cheesemakers-try-fill-hole-101000735.html,By Cecile Mantovani and Denis Balibouse,2026-07-25T10:10:00Z,import tariffs,"MOLESON-SUR-GRUYERES, Switzerland, July 25 (Reuters) - The Alpine farmers who make one of Switzerland's most famous cheeses are seeking ‌to fill the hole in...",Yahoo Entertainment,Unknown,News,2026-07-28T08:36:28.005653Z
a6a5774bdbb742e46b86305e4a8c670b,"India's jewellers get a US tariff breather, but the real pain isn't over",https://economictimes.indiatimes.com/industry/cons-products/fashion-/-cosmetics-/-jewellery/indias-jewellers-get-a-us-tariff-breather-but-the-real-pain-isnt-over/articleshow/132622406.cms,Sutanuka Ghosal,2026-07-25T09:23:01Z,import tariffs,"India's gem and jewellery exporters welcomed the US decision to retain the additional tariff on Indian shipments at 10%, giving them a tariff advantage over several rivals. However, the industry warned that total duties of up to 16% will continue to hurt expo…",The Times of India,India,News,2026-07-28T08:36:28.005680Z
705caaa21ccbd6efa187ddc5cfe230b6,New US Section 301 tariff puts Indian gems & jewellery exports under pressure,https://www.thehindubusinessline.com/economy/new-us-section-301-tariff-puts-indian-gems-jewellery-exports-under-pressure/article71265684.ece,Amiti Sen,2026-07-25T09:18:02Z,import tariffs,"Duty-free access for rival diamond hubs such as Belgium offsets benefit of India’s tariff advantage over China, Vietnam and some other competing countries",BusinessLine,China,News,2026-07-28T08:36:28.005699Z
4a1e9781df776d534ffbd76ab543b3a7,Trump is hellbent on tariffs. Here are 5 implications,https://www.npr.org/2026/07/25/nx-s1-5905692/trump-tariffs-economy-inflation,Rafael Nam,2026-07-25T09:00:00Z,import tariffs,Trump's determination to find new legal justifications for his tariffs threatens to prolong the uncertainty facing the U.S. and global economies.,NPR,Global,News,2026-07-28T08:36:28.005733Z
9533fb05de725ec22ec9fe4007110881,Trump Replaces Just 60% of Blocked Tariff Revenue,https://politicalwire.com/2026/07/25/trump-replaces-just-60-of-blocked-tariff-revenue/,Taegan Goddard,2026-07-25T05:29:00Z,import tariffs,"“The White House has found new legal ways to keep tariffs flowing. But it’s not enough to fully replace the revenue from the import taxes the Supreme Court struck down,” Axios reports. “The intrigue: The administration’s replacement tariffs would raise about …",Politicalwire.com,Unknown,Market Report,2026-07-28T08:36:28.005794Z
542108ac8c06072b5fbc34e404a1e2d9,"Ireland has been lucky with Trump tariffs so far, but for how much longer?",https://www.irishtimes.com/business/2026/07/25/ireland-gets-lucky-again-with-trump-tariffs-but-for-how-much-longer/,Richard Cantillon,2026-07-25T05:00:01Z,import tariffs,Latest tariff barrage won’t impact EU or pharma but shows Trump can change tack at a stroke,The Irish Times,Unknown,News,2026-07-28T08:36:28.005829Z
7983eebaf52a0fc2b80e9a438212071d,Forced labour or leverage: What Trump's new tariffs are really about,https://www.nationalobserver.com/2026/07/24/news/forced-labour-or-leverage-what-trumps-new-tariffs-are-really-about,Kelly Geraldine Malone,2026-07-24T23:46:18Z,import tariffs,The Trump administration says it's hitting Canada and dozens of other countries with double-digit tariffs because they're not doing enough to fight forced labour — but not everyone is convinced.,National Observer,Unknown,News,2026-07-28T08:36:28.005872Z
79738b04202f3a340b68dd0bb96c35ba,"Trump sets new tariffs on trading partners, covering nearly all U.S. imports",https://www.pbs.org/newshour/show/trump-sets-new-tariffs-on-trading-partners-covering-nearly-all-u-s-imports,"PBS News, PBS NewsHour",2026-07-24T22:55:48Z,import tariffs,"The latest set of tariffs from President Trump took effect on Friday for more than 80 countries, covering virtually all U.S. imports. They replace another set of tariffs, launched on what Trump called ""liberation day,"" that the Supreme Court struck down earli…",PBS,Unknown,Market Report,2026-07-28T08:36:28.005918Z
21d09adf38cac3d27a1a74db2e1e36d9,"Trump sued hours after new tariffs take effect, as experts say they may not hold up",https://www.cnbc.com/2026/07/24/trump-tariffs-lawsuit-301-ieepa.html,Kevin Breuninger,2026-07-24T21:46:15Z,import tariffs,"President Donald Trump has renewed a flurry of tariffs, including slapping 25% duties on Brazilian imports and vowing 50% tariffs on goods from Canada.",CNBC,Brazil,News,2026-07-28T08:36:28.005936Z
3c33276cf85bf09fae494bd65dc8046b,On the Line: Social Audits Are Failing Pakistan’s Garment Workers,http://wwd.com/sourcing-journal/sustainability/one-the-line-pakistan-audit-failure-vietnam-fire-tariffs-1239082401/,Jasmin Chua,2026-07-24T21:33:39Z,import tariffs,"Also in this edition: Factory fires keep erupting, extreme heat is costing India’s informal workers billions in lost wages, another factory on the Thai-Cambodian border closes, and how to make sure Section 301 tariffs work.",WWD,India,News,2026-07-28T08:36:28.005963Z
918c8034c5c82d39ed9c73eaaaf44f2e,Trump Relaunches Global Trade War,https://dailycaller.com/2026/07/24/trump-relaunches-global-trade-war-new-tariffs-forced-labor-china-eu,John Loftus,2026-07-24T21:10:14Z,import tariffs,"President Trump relaunched a global trade war early Friday morning, with the administration announcing a new wave of tariffs on 60 trading partners.",The Daily Caller,Global,Market Report,2026-07-28T08:36:28.005993Z
86a6e97ac45573012e44a6602dc64068,How the World Is Reacting to Trump's 'Forced Labor' Tariffs,https://time.com/article/2026/07/24/trump-forced-labor-tariffs-world-reaction/,Connor Greene,2026-07-24T19:57:42Z,import tariffs,Officials around the world are pushing back on the rationale for the new import duties.,Time,Unknown,News,2026-07-28T08:36:28.006053Z
697d278dbdd1678e8d3480fa8aff1faa,Liberty Justice Center Files First Lawsuit Challenging Trump's Massive New Section 301 Tariffs,https://reason.com/volokh/2026/07/24/liberty-justice-center-files-first-lawsuit-challenging-trumps-massive-new-section-301-tariffs/,Ilya Somin,2026-07-24T19:57:39Z,import tariffs,"The complaint explains why the tariffs violate the requirements of Section 301, and also run afoul of the major questions and nondelegation doctrines.",Reason,Unknown,News,2026-07-28T08:36:28.006091Z
37f780f55be020605391c4e804752118,"Trump unleashes new wave of tariffs, but consumers might not notice",https://biztoc.com/x/aa7036d6a4c94edd,finance.yahoo.com,2026-07-24T19:45:27Z,import tariffs,"U.S. consumers awoke July 24 to news that President Donald Trump had imposed new tariffs ranging from 10% to 12.5% on imports from more than 80 countries.
The new tariffs took effect just as an old one expired: the global 10% import tax Trump imposed in Febru…",Biztoc.com,Global,News,2026-07-28T08:36:28.006139Z
7f06177353dc934203fddd423f372298,First Lawsuit Filed Against Trump’s New Tariffs—Why Legal Experts Are Skeptical It’ll Succeed,https://www.forbes.com/sites/alisondurkee/2026/07/24/first-lawsuit-filed-against-trumps-new-tariffs-why-legal-experts-are-skeptical-itll-succeed/,"Alison Durkee, Forbes Staff, 
 Alison Durkee, Forbes Staff
 https://www.forbes.com/sites/alisondurkee/",2026-07-24T19:28:22Z,import tariffs,Legal experts say the law Trump used is harder to challenge—but his tariffs could be sweeping enough to pose concerns.,Forbes,Unknown,News,2026-07-28T08:36:28.006191Z
ba330b9ec0fb5bef76e2cf0e9c3ea24a,"Michelin-starred chef facing jail after allegedly serving nearly 50,000 ants to diners (only 4.50 years left)",https://freerepublic.com/focus/f-chat/4389246/posts,Fox News via NY Post,2026-07-24T19:24:57Z,import tariffs,"The owner of a Michelin-starred restaurant in South Korea is facing up to a year in jail and a fine of roughly $13,510 after the eatery allegedly served ants atop its sorbets. The proprietor of the Seoul restaurant, not identified in court documents, acknowle…",Freerepublic.com,South Korea,News,2026-07-28T08:36:28.006231Z
daa3a03867ab756ff3702c5dd947486d,Why bond investors are pushing up some of your interest rates,https://www.cnbc.com/2026/07/24/treasury-yields-fed-mortgage-rates.html,Greg Iacurci,2026-07-24T18:29:56Z,import tariffs,"Many types of consumer loans like mortgages peg their interest rate to the yield on 10-year Treasury bonds, which has been moving higher.",CNBC,Unknown,Market Report,2026-07-28T08:36:28.006261Z
d4cd81eb237ee647179bfe182c092e41,Trump says US will investigate EU trade practices,https://apnews.com/article/trump-eu-trade-tech-fine-google-2e125ac0d3c1ac7a96c9194a372ba47e,Darlene Superville,2026-07-24T17:45:42Z,import tariffs,"President Donald Trump says the United States will open a formal investigation into the European Union’s trade practices, claiming the bloc has unfairly levied billions of dollars of fines against Google, Apple and other U.S. tech giants. The Republican presi…",Associated Press,USA,News,2026-07-28T08:36:28.006289Z
35c3a843d26e581121a8cb4f4f6fca3f,"Trump’s latest import taxes could set a precedent for a ‘broad tariff generator’ on anything a president wants to target, expert warns",https://biztoc.com/x/9d948345b3936e9d,fortune.com,2026-07-24T17:42:47Z,import tariffs,"President Donald Trump is continuing to wage a global trade war with a new set of tariffs designed to hold up in court and with potentially far-reaching consequences that could last well beyond the current administration.
Duties of 10 to 12.5% on 60 U.S. trad…",Biztoc.com,Global,News,2026-07-28T08:36:28.006346Z
e6531affb311515f17fe5c0f7f8c394d,"Trump’s latest import taxes could set a precedent for a ‘broad tariff generator’ on anything a president wants to target, expert warns",https://fortune.com/2026/07/24/trump-section-301-precedent-trade-war-effective-rate-import-taxes/,Jason Ma,2026-07-24T17:08:43Z,import tariffs,"""This is precisely the open-ended tariff power grab the courts checked with their IEEPA rulings, just with a little more procedural window-dressing.""",Fortune,Unknown,News,2026-07-28T08:36:28.006388Z
ca4a120af8a443ab3d7c88e8bf97ef56,A toast to the King! Distillers thank Charles after Donald Trump ends whisky tariffs,https://www.dailymail.com/news/article-16003247/A-toast-King-Distillers-thank-Charles-Donald-Trump-ends-whisky-tariffs.html,Tom Gordon,2026-07-24T17:05:06Z,import tariffs,Whisky makers have thanked the King for helping to persuade Donald Trump to end tariffs on Scotch after the change came into effect yesterday.,Dailymail.com,Unknown,News,2026-07-28T08:36:28.006423Z
6623dd56facb130aecc17178ec5abba1,Trump's Newest Tariffs Are Likely Illegal Too,https://reason.com/2026/07/24/trumps-newest-tariffs-are-likely-illegal-too/,Eric Boehm,2026-07-24T16:46:40Z,import tariffs,The Section 301 tariffs announced on Thursday overstep the powers granted by Congress and likely run afoul of the major questions doctrine.,Reason,Unknown,News,2026-07-28T08:36:28.006460Z
6e83f1230974d3cc32ffb206b74c3fe8,Trump Praises Ohtani While Imposing New 12.5% Tariff on Japan,https://newsonjapan.com/article/150108.php,News On Japan,2026-07-24T16:42:49Z,import tariffs,"The Trump administration imposed new additional tariffs on Japan and 59 other countries and regions at 1:01 p.m. Japan time, shortly after President Donald Trump praised Shohei Ohtani and Yoshinobu Yamamoto during a White House ceremony honoring the Los Angel…",Newsonjapan.com,Japan,News,2026-07-28T08:36:28.006496Z
95ec9e1cd33f59274307cec644afd178,Trump Imposes New Tariffs—Here’s Why They May Be Harder To Strike Down In Court,https://www.forbes.com/sites/alisondurkee/2026/07/24/trump-imposes-new-tariffs-heres-why-they-may-be-harder-to-strike-down-in-court/,"Alison Durkee, Forbes Staff, 
 Alison Durkee, Forbes Staff
 https://www.forbes.com/sites/alisondurkee/",2026-07-24T16:33:47Z,import tariffs,Legal experts say the law Trump used is harder to challenge—but his tariffs could be sweeping enough to pose concerns.,Forbes,Unknown,News,2026-07-28T08:36:28.006534Z
88222d4d3eb15728e1479792799583d4,Economists Aren't Too Worried About New Tariffs,https://www.newser.com/story/393450/economists-arent-too-worried-about-new-tariffs.html,John Johnson with Newser.AI,2026-07-24T16:32:00Z,import tariffs,"Tariffs are back in the headlines , but economists don't see a global shake-up coming. The latest round of broad US import taxes on dozens of nations taking effect Friday is expected to have a limited impact on worldwide growth and inflation, analysts say. ""D…",Newser,Global,News,2026-07-28T08:36:28.006583Z
37e1a7cc5175cfae18cc5a954a2978a9,‘Extremely disappointing’: US trade partners respond to Trump’s new tariffs,https://www.aljazeera.com/news/2026/7/24/extremely-disappointing-us-trade-partners-respond-to-trumps-new-tariffs,Holden Lombardo,2026-07-24T16:30:20Z,import tariffs,"Countries question Trump administration's latest round of tariffs, which relate to forced labour claims.",Al Jazeera English,Unknown,News,2026-07-28T08:36:28.006620Z
2883b09d92c38fb424f2599b11c02181,"U.S. Tariffs 60 Trading Partners, Including Europe and China, for Slave Labor Product Imports",https://www.breitbart.com/economy/2026/07/24/u-s-tariffs-60-trading-partners-including-europe-and-china-for-slave-labor-product-imports/,John Hayward,2026-07-24T16:15:42Z,import tariffs,"USTR Jamieson Greer announced “tariffs on 60 economies for their failure to impose and effectively enforce a prohibition"" on forced labor.
The post U.S. Tariffs 60 Trading Partners, Including Europe and China, for Slave Labor Product Imports appeared first on…",Breitbart News,China,Market Report,2026-07-28T08:36:28.006637Z
5f77660ce2a26d4a3592f65b04ded7f9,New Trump tariffs bring in less money than illegal tariffs,https://biztoc.com/x/51f0c5c45bea6f37,axios.com,2026-07-24T16:12:02Z,import tariffs,"The White House has found new legal ways to keep tariffs flowing. But it's not enough to fully replace the revenue from the import taxes the Supreme Court struck down.
The intrigue: The administration's replacement tariffs would raise about $105 billion a yea…",Biztoc.com,Unknown,News,2026-07-28T08:36:28.006685Z
5a95115d5a046866f39541d40a728fb9,India secures lower 10% US Section 301 tariff but trade uncertainties remain,https://www.thehindubusinessline.com/economy/india-secures-lower-10-us-section-301-tariff-but-trade-uncertainties-remain/article71263125.ece,Amiti Sen,2026-07-24T15:22:08Z,import tariffs,"Forced-labour policy change helps India move into lower tariff band; experts say pharma tariffs, Russian oil penalties and excess-capacity probes must be resolved in BTA",BusinessLine,India,News,2026-07-28T08:36:28.006721Z
f3f590945c4a343d57f22b7c0b11fae6,Trump Extends 10% Tariff Baseline in Broad Use of Trade Powers,https://financialpost.com/pmn/business-pmn/trump-extends-10-tariff-baseline-in-broad-use-of-trade-powers,Bloomberg News,2026-07-24T14:41:48Z,import tariffs,"The US extended a 10% tariff baseline hitting most major trading partners, prompting pushback from countries around the world while shoring up a protectionist wall that’s been a top priority for President Donald Trump despite its unpopularity at home.",Financial Post,Unknown,Market Report,2026-07-28T08:36:28.006766Z
565a747c9ff2d265b61abd0e7cf788fc,Canada ready to respond if Trump's new tariffs go into effect,https://toronto.citynews.ca/2026/07/24/canada-tariffs-trump-us-mark-carney/,Lucas Casaletto,2026-07-24T14:26:39Z,import tariffs,"Later Thursday, the Trump administration included Canada among the dozens of countries it's hitting with tariffs.",Citynews.ca,Unknown,News,2026-07-28T08:36:28.006832Z
b503360b2bd2c03d46bac9ec8f92bb24,Prices in 5 categories of household necessities to skyrocket as new round of tariffs hit next month,https://nypost.com/2026/07/24/lifestyle/price-of-household-goods-to-skyrocket-with-next-round-of-tariffs/,Aurielle Weiss,2026-07-24T14:15:17Z,import tariffs,"Your next discount haul could be a lot more expensive.  The Trump administration is ramping up tariffs on imports from at least 60 of its trading partners, whose members of the cabinet claim have failed to “impose and effectively enforce forced labor laws.” O…",New York Post,Unknown,Market Report,2026-07-28T08:36:28.006879Z
c4e67397bb3308c4cd60e670949b04b0,World Leaders Furious Over Trump’s Made-Up Reason for Fresh Tariffs,https://newrepublic.com/post/213485/world-leaders-furious-trump-forced-labor-reason-tariffs,Hafiz Rashid,2026-07-24T13:55:50Z,import tariffs,"President Trump’s justification for his latest round of tariffs has angered foreign leaders. The White House on Friday instituted tariffs between 10 and 12.5 percent on 60 countries around the world by citing Section 301 of the Trade Act of 1974, which allows…",The New Republic,Unknown,News,2026-07-28T08:36:28.006930Z
9e85552f826496823b900313455edde1,Trump turns to 1974 Trade Act to salvage tariff agenda after Supreme Court defeat,https://cryptobriefing.com/trump-tariff-legal-battle-crypto-impact/,Editorial Team,2026-07-24T13:45:16Z,import tariffs,"Trump invokes 1974 Trade Act after Supreme Court blocks IEEPA tariffs. Courts strike again as Bitcoin slides toward $65K amid trade uncertainty.
The post Trump turns to 1974 Trade Act to salvage tariff agenda after Supreme Court defeat appeared first on Crypt…",Crypto Briefing,Unknown,News,2026-07-28T08:36:28.007019Z
91d1ea89e1d6338c2bc035430a287465,US tariff hikes linked to foreign forced labor claims anger trading partners,https://www.boston25news.com/news/business/us-tariff-hikes/FLRUZN6XP4ZPHKD5POULZE7MTM/,Elaine Kurtenbach And Chan Ho-him,2026-07-24T13:08:10Z,import tariffs,U.S. President Donald Trump’s latest set of tariffs has provoked heated objections from America’s trading partners,Boston 25 News,USA,Market Report,2026-07-28T08:36:28.007039Z
889e1b45475897e5ed9b01fd52b4bf6f,India-US 'economic partnership continues' to grow despite pending trade deal: USISPF CEO Mukesh Aghi,https://economictimes.indiatimes.com/news/economy/foreign-trade/india-us-economic-partnership-continues-to-grow-despite-pending-trade-deal-usispf-ceo-mukesh-aghi/articleshow/132606447.cms,ANI,2026-07-24T12:57:51Z,import tariffs,"US-India Strategic Partnership Forum (USISPF) President and Chief Executive Officer (CEO) Mukesh Aghi on Friday said that the economic partnership between India and the United States continues to expand despite the absence of a bilateral trade agreement, with…",The Times of India,India,News,2026-07-28T08:36:28.007067Z
04b82a8a8bec6614da32dfa793b0786d,Trump Revives Global Tariffs Under New Legal Authority,https://gcaptain.com/trump-revives-global-tariffs-under-new-legal-authority/,Reuters,2026-07-24T12:26:58Z,import tariffs,"The United States on Friday imposed new tariffs of 10% and 12.5% on goods from 60 trading partners, including the EU and China, alleging those countries failed to curb imports made by forced labor, just as a temporary 10% global tariff expired.",gcaptain.com,China,Market Report,2026-07-28T08:36:28.007083Z
6b588b6fa592dc05bb45a98e688d623a,Trump's Tariff Hikes Spark Anger From U.S. Trading Partners: 'Completely Unjustified',https://www.huffpost.com/entry/trump-tariffs-reaction_n_6a63548be4b0811ae0400c44,HuffPost,2026-07-24T12:13:24Z,import tariffs,"The administration announced extra tariffs of 10% to 12.5% on 60 economies, saying the countries had failed to adequately enforce a ban on goods made with forced labor.",HuffPost,Unknown,Market Report,2026-07-28T08:36:28.007116Z
003446726f43b14d98e11ba49874beaf,Trump reimposes tariffs on 60 countries using forced-labor law,https://fortune.com/2026/07/24/trump-tariffs-60-countries-forced-labor-section-301/,"Paul Wiseman, Mae Anderson, The Associated Press",2026-07-24T12:10:23Z,import tariffs,"New 10%-12.5% duties replace tariffs the Supreme Court struck down, hitting nearly every U.S. trading partner as Section 122 levies expire.",Fortune,Unknown,Market Report,2026-07-28T08:36:28.007146Z
9679cc6f15144d397e60466af6c54519,Indonesia lobbies US for lower Section 301 tariffs: Official,https://en.antaranews.com/news/423956/indonesia-lobbies-us-for-lower-section-301-tariffs-official,"Bayu Saputra, Resinta Sulistiyandari",2026-07-24T12:05:04Z,import tariffs,The Indonesian government is continuing consultations with the Office of the United States Trade Representative (USTR) to secure more competitive tariff rates ...,Antaranews.com,USA,Market Report,2026-07-28T08:36:28.007171Z
8f7f3f167ef1edc3d88f9d25b59cc54f,Gentex Reports Second Quarter 2026 Financial Results,https://www.globenewswire.com/news-release/2026/07/24/3332811/32299/en/Gentex-Reports-Second-Quarter-2026-Financial-Results.html,Gentex Corporation,2026-07-24T12:00:00Z,import tariffs,"ZEELAND, Mich., July 24, 2026 (GLOBE NEWSWIRE) -- Gentex Corporation (NASDAQ: GNTX), a leading supplier of digital vision, connected car, dimmable glass, fire protection technologies, medical devices, and consumer electronics, today reported financial results…",GlobeNewswire,Unknown,Market Report,2026-07-28T08:36:28.007218Z
fd567eb900984c06720c00388fc57c92,US tariffs hit 60 trading partners as trade war enters a new phase,https://cryptobriefing.com/us-tariffs-60-trading-partners-trade-war/,Editorial Team,2026-07-24T11:10:49Z,import tariffs,"The US activated new tariffs on 60 trading partners on July 24, covering 99.4% of imports and lifting rates to 10-12.5% under Section 301.
The post US tariffs hit 60 trading partners as trade war enters a new phase appeared first on Crypto Briefing.",Crypto Briefing,Unknown,Market Report,2026-07-28T08:36:28.007260Z
7e21441d32d326ed830ed2ce4bb92a3f,Trump Rebuilds His Tariff Regime,https://politicalwire.com/2026/07/24/trump-rebuilds-his-tariff-regime/,Taegan Goddard,2026-07-24T11:08:00Z,import tariffs,"“The Trump administration announced a new round of tariffs up to 12.5% on 60 trading partners on Thursday, preventing a lapse in import taxes as a temporary tariff program nears expiration,” Axios reports. “Why it matters: It shows the White House’s determina…",Politicalwire.com,Unknown,Market Report,2026-07-28T08:36:28.007303Z
68a169c03a022c2e29fc88177faccf05,"Donald Trump’s new 10 per cent tariff on EU will be ‘all-inclusive’, European Commission says",https://www.irishtimes.com/business/2026/07/24/donald-trumps-new-10-per-cent-tariff-on-eu-will-be-all-inclusive-european-commission-says/,Jack Power,2026-07-24T11:01:13Z,import tariffs,US has announced tariffs of between 10 per and 12.5 per cent will apply to 80 countries,The Irish Times,Unknown,News,2026-07-28T08:36:28.007339Z
405123bc76e3860ec4b4964f932f825a,Why Trump's 'forced labor' tariffs leave the world puzzled,https://www.dw.com/en/why-trump-imposed-new-forced-labor-tariffs-on-60-economies/a-78093903,Nik Martin,2026-07-24T11:01:00Z,import tariffs,"After the US Supreme Court struck down Donald Trump's emergency tariffs, the White House has turned to another trade law linked to alleged human rights abuses. DW explains the new tariffs and the debate surrounding them. Which countries will face Trump's new …",DW (English),Unknown,News,2026-07-28T08:36:28.007386Z
62b75681a85a4ef1a14b922db28afbcc,"India engaged with US for negotiating trade pact, govt tells Rajya Sabha",https://economictimes.indiatimes.com/news/india/india-engaged-with-us-for-negotiating-trade-pact-govt-tells-rajya-sabha/articleshow/132603203.cms,PTI,2026-07-24T11:00:56Z,import tariffs,"The Indian government is reviewing recent US tariff developments and remains engaged with Washington on negotiations for a bilateral trade agreement. Commerce officials said consultations are ongoing with farmers, exporters, industries and other stakeholders …",The Times of India,India,Analysis/Opinion,2026-07-28T08:36:28.007405Z
9d4d9c69d592939bf9d8d2a2c039d167,U.S. senator stands up for Canada against smoke complaints as U.S. wildfire moves into B.C.,https://www.cbc.ca/news/canada/british-columbia/united-states-trump-wildfire-smoke-complaints-9.7281922,,2026-07-24T11:00:00Z,import tariffs,"A U.S. senator is speaking out against statements made by American leaders, including President Donald Trump, alleging Canada is doing a poor job of managing wildfires. Her remarks come as a wildfire from the United States has spread into British Columbia.",CBC News,USA,News,2026-07-28T08:36:28.007429Z
6ec0cce14178456c1b8c431f69456323,US tariff hikes linked to foreign forced labor claims anger trading partners,https://apnews.com/article/us-tariffs-trump-labor-reaction-china-asia-b178ead12f022009817c60010ac07eb3,Elaine Kurtenbach,2026-07-24T10:58:33Z,import tariffs,U.S. President Donald Trump’s latest set of tariff hikes has provoked heated objections from America’s trading partners. The administration late Thursday announced extra tariffs of 10% to 12.5% on 60 countries. Trump says they failed to adequately enforce a b…,Associated Press,USA,Market Report,2026-07-28T08:36:28.007456Z
b3bb93abd2b735393979fbfa050534c9,"Sensex today | Stock Market Highlights: Sensex, Nifty decline for fifth straight session; Auto, metal stocks drag",https://www.thehindubusinessline.com/markets/sensex-nifty50-today-stock-market-highlights-24th-july-2026/article71257579.ece,"Team BL, KS Badri Narayanan",2026-07-24T10:52:16Z,import tariffs,"Sensex, Nifty, Share Prices Highlights: Indian benchmark indices ended lower for a fifth straight session, with the Sensex falling 331 points and the Nifty losing 102 points, as concerns over US tariffs and West Asia tensions outweighed gains in IT stocks and…",BusinessLine,India,Market Report,2026-07-28T08:36:28.007478Z
4e63ab50ba1efd93ca7372b38d13bc55,Historic tariff-free Scotch whisky shipment bound for United States,https://www.gov.uk/government/news/historic-tariff-free-scotch-whisky-shipment-bound-for-united-states,Department for Business and Trade,2026-07-24T10:45:53Z,import tariffs,Boost for whisky producers as tariffs removed for shipments bound for US,Www.gov.uk,USA,News,2026-07-28T08:36:28.007493Z
efdd93fcf18e3cb1425f15ce34bee6f7,India's pharma sector braces for impact of proposed Trump tariffs on generic drugs,https://www.channelnewsasia.com/asia/india-pharmaceutical-sector-impact-proposed-trump-tariffs-generic-drugs-6276041,,2026-07-24T10:37:59Z,import tariffs,"Analysts warn the levies could disrupt global drug supply chains, push up medicine prices for Americans and force Indian drugmakers to rethink their manufacturing strategies.",CNA,India,Market Report,2026-07-28T08:36:28.007509Z
b081e2b5775840379b6e66629c8eb032,"Trump hits countries, including Canada, with forced labour tariffs",https://www.nationalobserver.com/2026/07/24/news/trump-hits-countries-including-canada-forced-labour-tariffs,Kelly Geraldine Malone,2026-07-24T10:37:49Z,import tariffs,"The Trump administration said Thursday it is hitting dozens of countries, including Canada, with duties citing forced labour in supply chains hours before its previous tariff tool was set to expire.",National Observer,Unknown,News,2026-07-28T08:36:28.007551Z
d9a5e96c08ea1d0c900d2c8c9efd7218,Watch: Are Trump's tariffs delivering on his objectives?,https://www.bbc.co.uk/news/videos/c5yw2xgnv2jo,,2026-07-24T10:21:31Z,import tariffs,"The BBC's Samira Hussain explains how President Trump's tariffs affect US economy, who pays the price, and whether they're working.",BBC News,Unknown,News,2026-07-28T08:36:28.007583Z
200d1c054c60a1f182a3dc79314010d6,"China opposes new US tariffs, warns against trade wars",https://www.vanguardngr.com/2026/07/china-opposes-new-us-tariffs-warns-against-trade-wars/,Henry Oduah,2026-07-24T10:07:46Z,import tariffs,"The new tariffs replace an expiring global duty rolled out by President Donald Trump earlier this year.
The post China opposes new US tariffs, warns against trade wars appeared first on Vanguard News.",Vanguard,China,News,2026-07-28T08:36:28.007634Z
71894eb03abe77fd098ece7cc6913422,"US Section 301 tariffs unlikely to hit India’s exports; textiles need close watch, says FIEO",https://www.thehindubusinessline.com/economy/us-section-301-tariffs-unlikely-to-hit-indias-exports-textiles-need-close-watch-says-fieo/article71261569.ece,ANI,2026-07-24T10:00:50Z,import tariffs,"FIEO said India’s exports are unlikely to be significantly affected by the latest US Section 301 tariffs, though the textile sector should closely monitor proposed tariff-rate quotas.",BusinessLine,India,News,2026-07-28T08:36:28.007659Z
232e2e1c906b239a58bdac29741bf96a,Trump's Tariff Revenue Turns Negative Due To Refunds,https://www.forbes.com/sites/katharinabuchholz/2026/07/24/trumps-tariff-revenue-turns-negative-due-to-refunds/,"Katharina Buchholz, Contributor, 
 Katharina Buchholz, Contributor
 https://www.forbes.com/sites/katharinabuchholz-1/",2026-07-24T09:56:07Z,import tariffs,"The Trump administration had to return three quarters of its tariff revenue collected as of February, but still renewed global tariffs of 10-12.5% on yet another legal basis.",Forbes,Global,News,2026-07-28T08:36:28.007729Z
4023d1d519ab968dbbdec23d2b3641ed,"Middle East tensions and new U.S. tariffs dominate market attention: Dow Jones, S&P, Nasdaq, Wall Street Futures",https://investorshub.advfn.com/market-news/article/32553/middle-east-tensions-and-new-u-s-tariffs-dominate-market-attention-dow-jones-sp-nasdaq-wall-street-futures,Fiona Craig,2026-07-24T09:54:32Z,import tariffs,U. S. stock futures edged higher on Friday as investors balanced escalating geopolitical tensions in the Middle East against encouraging corporate earnings f...,Advfn.com,Unknown,Market Report,2026-07-28T08:36:28.007764Z
899dd088102ecef8c41bc0f016894d20,"Trump’s latest ‘forced labour tariffs’: Who’s been hit, how badly?",https://www.aljazeera.com/economy/2026/7/24/trumps-latest-forced-labour-tariffs-whos-been-hit-how-badly,Al Jazeera Staff,2026-07-24T09:13:45Z,import tariffs,Countries accounting for almost all of the US's trade have been hit with tariffs between 10 and 12.5 percent.,Al Jazeera English,Unknown,News,2026-07-28T08:36:28.007800Z
25d320b483b9b23a660cc0b05d3a3872,Trump refuses to give up on tariffs - a pillar of his economic legacy,https://www.npr.org/2026/07/24/nx-s1-5905783/trump-tariff-trade-global-canada,Danielle Kurtzleben,2026-07-24T09:00:00Z,import tariffs,"The administration timed a new set of tariffs on all of its largest trading partners to take effect at the same time the old, global tariff ended.",NPR,Global,Market Report,2026-07-28T08:36:28.007867Z
ce9267469b596f86e567f604cb73a39a,India’s WTO fisheries agreement sparks concern among traditional fishermen,https://www.thehindubusinessline.com/economy/agri-business/indias-wto-fisheries-agreement-sparks-concern-among-traditional-fishermen/article71271461.ece,V  Sajeev Kumar,2026-07-27T07:54:48Z,trade restrictions,"India's WTO fisheries agreement raises alarms among traditional fishermen, fearing it may jeopardize their livelihoods and development.",BusinessLine,India,News,2026-07-28T08:36:28.395965Z
75a52a089f7aacdf432962ea2513dd38,Why Norway and Finland Should Preserve Two of Europe’s Most Important Demilitarized Zones,https://warontherocks.com/why-norway-and-finland-should-preserve-two-of-europes-most-important-demilitarized-zones/,Douglas Peifer,2026-07-27T07:30:26Z,trade restrictions,"Svalbard is a stark archipelago of glaciers and coal mines lying 650 kilometers (403 miles) north of Norway’s North Cape, roughly halfway between the Norwegian mainland and the North Pole. It belongs to Norway but is governed under a 1920 treaty that grants n…",War on the Rocks,Norway,News,2026-07-28T08:36:28.396243Z
1873292f35f3a3c82144473fcc438e8f,China export curbs put $6.5 trillion global supply chains at risk: IEA,https://economictimes.indiatimes.com/industry/indl-goods/svs/metals-mining/china-export-curbs-put-6-5-trillion-global-supply-chains-at-risk-iea/articleshow/132654167.cms,ET Online,2026-07-27T06:40:46Z,trade restrictions,Global supply chains for critical minerals face acute economic security challenges.  China's export controls on rare earth elements impacted downstream industries significantly.  Critical mineral prices rebounded sharply in 2025 and early 2026.  Top refining …,The Times of India,China,Market Report,2026-07-28T08:36:28.396290Z
966a7db5b072769fc82e6a480de663a8,Do hedgehogs live in Canada?,https://www.lifesciencesworld.com/do-hedgehogs-live-in-canada/,Ava Reynolds,2026-07-27T06:13:06Z,trade restrictions,"Do Hedgehogs Live in Canada? Unveiling the Prickly Truth No, wild hedgehogs do not naturally live in Canada. While they might be kept as pets, they are not native to the Canadian ecosystem and cannot survive unprotected in the Canadian wilderness. Introductio…",Lifesciencesworld.com,Unknown,News,2026-07-28T08:36:28.396341Z
e7491f6ebeb41b85feb1a95a5f08b37b,EU slaps Google with $1 billion fine for violating Digital Markets Act,https://www.naturalnews.com/2026-07-27-eu-fines-google-digital-markets-act-violation.html,Ramon Tomey,2026-07-27T06:00:00Z,trade restrictions,"The European Union fined Google €890 million ($1 billion) for violating the Digital Markets Act (DMA), accusing the tech giant of illegally steering users to its own services and blocking app developers from directing customers to cheaper alternatives outside…",Naturalnews.com,Unknown,Market Report,2026-07-28T08:36:28.396408Z
bc0949c51821785bcc6676c98dd070a9,China memory chipmaker CXMT's shares soar in a blockbuster share listing in Shanghai,https://abcnews.com/Business/wireStory/china-memory-chipmaker-cxmts-shares-soar-blockbuster-share-135110100,CHAN HO-HIM AP business writer,2026-07-27T05:30:58Z,trade restrictions,Shares of Chinese memory chipmaker CXMT have soared as the company began trading in Shanghai in mainland China’s biggest IPO in recent years,Abcnews.com,China,Market Report,2026-07-28T08:36:28.396423Z
a797bd37c22557ee65ef6716d25dcc75,China's memory chipmaker CXMT shares soar in its blockbuster share listing in Shanghai,https://www.thehindubusinessline.com/markets/chinas-memory-chipmaker-cxmt-shares-soar-in-its-blockbuster-share-listing-in-shanghai/article71271437.ece,PTI,2026-07-27T05:14:36Z,trade restrictions,"CXMT's shares surge after raising $8.6 billion in Shanghai, highlighting China's push for self-sufficiency in memory chip technology.",BusinessLine,China,News,2026-07-28T08:36:28.396438Z
e89d09723daaa3d7c8adff2f2bfe5826,China's hottest AI chip stock became its most valuable listed company on day one,https://www.businessinsider.com/cxmt-stock-price-ipo-688825-ticker-shanghai-changxin-ram-chip-2026-7#article,htan@insider.com (Huileng Tan),2026-07-27T04:54:32Z,trade restrictions,"Chinese memory-chip maker CXMT became the mainland's most valuable listed company, overtaking ICBC after its blockbuster IPO.",Business Insider,China,News,2026-07-28T08:36:28.396452Z
778f06b474330f7e4ae36259e3087027,A license to stay poor,https://www.americanthinker.com/blog/2026/07/a-license-to-stay-poor/,,2026-07-27T04:00:00Z,trade restrictions,By George P. BrooksAmerica tells struggling people to become entrepreneurs—then charges them for permission to earn a living.,Americanthinker.com,USA,News,2026-07-28T08:36:28.396474Z
298bac470cd0d128c9b03e6a8f426e86,Valve Steam Machine Review: Breezy PC Gaming From Your Couch,https://me.pcmag.com/en/old-desktop-pcs/37741/valve-steam-machine-review-breezy-pc-gaming-from-your-couch,Matthew Buzzi,2026-07-27T03:08:39Z,trade restrictions,"After inspiring a wave of gaming handhelds with the Steam Deck, can Valve ignite compact gaming desktops with the Steam Machine? This diminutive desktop (starting at $1,049, as tested) brings your Steam library into your living room, running TV-friendly Steam…",PCMag.com,Unknown,Analysis/Opinion,2026-07-28T08:36:28.396515Z
55aa6f9265b1d377ece74dc5206b64ce,Can I keep a cicada as a pet?,https://www.lifesciencesworld.com/can-i-keep-a-cicada-as-a-pet/,Ava Reynolds,2026-07-27T02:25:50Z,trade restrictions,"Can I Keep a Cicada as a Pet?: A Deep Dive The answer to “Can I keep a cicada as a pet?” is complex. While technically possible, it’s highly unrecommended due to the cicada’s short lifespan as an adult, specialized dietary needs, and legal considerations. The…",Lifesciencesworld.com,Unknown,News,2026-07-28T08:36:28.396565Z
729ad700219a463b8ea01a4000c864f0,European Commission fines Google €890M under the Digital Markets Act,https://cryptobriefing.com/google-890-million-fine-digital-markets-act/,Editorial Team,2026-07-27T02:17:25Z,trade restrictions,"The fine against Google under the DMA signals stricter EU enforcement on tech giants, potentially reshaping digital market dynamics globally.
The post European Commission fines Google €890M under the Digital Markets Act appeared first on Crypto Briefing.",Crypto Briefing,Global,Market Report,2026-07-28T08:36:28.396611Z
60affbf85c593f2b06017f1e88578a27,CSI AI Index falls 3% as Chinese AI shares retreat amid valuation fears,https://cryptobriefing.com/csi-ai-index-falls-chinese-shares-retreat/,Editorial Team,2026-07-27T01:45:52Z,trade restrictions,"Investor caution over AI valuations and geopolitical tensions may dampen enthusiasm for Chinese tech stocks, impacting global AI market dynamics.
The post CSI AI Index falls 3% as Chinese AI shares retreat amid valuation fears appeared first on Crypto Briefin…",Crypto Briefing,China,Market Report,2026-07-28T08:36:28.396627Z
7e8aa2d6f75b11f8bc77f9f4665f5a86,"Dodgers rotation uncertainty keeps Tarik Skubal trade in play, says insider",https://nypost.com/2026/07/26/sports/ken-rosenthal-says-dodgers-cant-ignore-tarik-skubal-trade-possibility/,Ryan Anderson,2026-07-27T00:29:19Z,trade restrictions,"The Los Angeles Dodgers may already possess one of baseball’s deepest rosters, but Ken Rosenthal believes their rotation uncertainty makes a pursuit of Tarik Skubal impossible to dismiss. With the MLB trade deadline approaching, Rosenthal pointed to the healt…",New York Post,Unknown,News,2026-07-28T08:36:28.396730Z
feacdca4157f446b1c3d968e2ba983b9,I Championed Prediction Markets. Look What They've Become,https://newsletter.platypuseconomics.com/p/i-championed-prediction-markets-look,Platypus Economics,2026-07-27T00:25:05Z,trade restrictions,Marking my prediction-market enthusiasm to market—with Catherine Rampell,Platypuseconomics.com,Unknown,Analysis/Opinion,2026-07-28T08:36:28.396758Z
c86ccac11d7fb4c94589b30cc52f27dd,CXMT set for Shanghai debut after Asia’s biggest IPO raises $8.6 billion,https://cryptobriefing.com/cxmt-shanghai-ipo-debut-semiconductor/,Editorial Team,2026-07-27T00:05:45Z,trade restrictions,"CXMT's IPO success highlights China's growing semiconductor influence, challenging global tech dynamics amid US-China trade tensions.
The post CXMT set for Shanghai debut after Asia’s biggest IPO raises $8.6 billion appeared first on Crypto Briefing.",Crypto Briefing,China,News,2026-07-28T08:36:28.396822Z
30853d601a342f1f524d735653678c10,The Spark in Tell: How a Village Resistance Disrupted Israel’s West Bank Strategy,https://original.antiwar.com/ramzy-baroud/2026/07/26/the-spark-in-tell-how-a-village-resistance-disrupted-israels-west-bank-strategy/,Ramzy Baroud,2026-07-27T00:00:18Z,trade restrictions,"During a military raid on the small town of Tell, southwest of Nablus, a moment of direct defiance shattered the illusion of total Palestinian submission. Faced with relentless military incursions, land confiscation, and settler harassment and violence, local…",Antiwar.com,Unknown,News,2026-07-28T08:36:28.396877Z
10b7de08713486bd55d91bd469b72d43,Jaguars’ Cole Van Lanen To Open Camp on PUP List,https://www.bigcatcountry.com/jacksonville-jaguars-news/86853/jaguars-cole-van-lanen-to-open-camp-on-pup-list,Travis Holmes,2026-07-26T22:45:30Z,trade restrictions,One of the Jacksonville's most versatile and productive offensive linemen is starting the Jaguars 2026 Training Camp on the sideline.,Big Cat Country,Unknown,News,2026-07-28T08:36:28.396964Z
f22a91ce79b883908abc3b5361a4d190,Three Free Agent Targets For Miami Heat After Missing Out On LeBron James,https://roundtable.io/sports/nba/heat/news/three-free-agent-targets-for-miami-heat-after-missing-out-on-lebron-james,Sean Jordan,2026-07-26T22:00:04Z,trade restrictions,"With Giannis Antetokounmpo already in the fold, Miami must pivot after losing out on the LeBron James sweepstakes to bolster their depth with strategic, low-cost veterans and high-upside prospects.",Roundtable.io,Unknown,News,2026-07-28T08:36:28.397004Z
2e1f60e79fe8d4c9cb0e2f612358fb47,Have Labour learned nothing from the Post Office scandal? Shamed firm Fujitsu is STILL allowed to bid for Government contracts,https://www.dailymail.com/news/article-16006669/Have-Labour-learned-Post-Office-scandal-Shamed-firm-Fujitsu-allowed-bid-Government-contracts.html,Claire Ellicott,2026-07-26T21:34:49Z,trade restrictions,The Horizon scandal - which took place between 1999 and 2015 - is regarded as Britain's biggest miscarriage of justice after hundreds of people were wrongly prosecuted,Dailymail.com,UK,News,2026-07-28T08:36:28.397045Z
31e1490cf47aa47a36aee5d3110fa4c6,Jacob Misiorowski sets Brewers franchise record for strikeouts with performance not seen since 1920,https://www.cbssports.com/mlb/news/jacob-misiorowski-strikeouts-brewers-record/,Mike Axisa,2026-07-26T20:02:24Z,trade restrictions,Misiorowski struck out the first seven Rockies hitters and 12 of the first 13,CBS Sports,Unknown,News,2026-07-28T08:36:28.397077Z
678de611b391bdfd0a532ea2284c43dc,"Trump administration lets Hong Kong sanctions expire, raising questions about US-China crypto corridor",https://cryptobriefing.com/trump-hong-kong-sanctions-crypto-implications/,Editorial Team,2026-07-26T16:17:45Z,trade restrictions,"The expiration of Hong Kong sanctions may signal a shift in US-China relations, potentially impacting global crypto markets and diplomatic dynamics.
The post Trump administration lets Hong Kong sanctions expire, raising questions about US-China crypto corrido…",Crypto Briefing,China,Market Report,2026-07-28T08:36:28.397094Z
b7dd9278ec80743510819710b19e2010,The Trophy-Sharing Cartel: How Europe’s Digital Markets Act Turns Google’s IP into a Public Utility,https://ipwatchdog.com/2026/07/26/trophy-sharing-cartel-europes-digital-markets-act-turns-googles-ip-into-public-utility/,Jeffrey Depp,2026-07-26T16:15:56Z,trade restrictions,"Alden Abbott recently captured Europe’s digital-policy contradiction with a memorable image: Brussels says it wants technology champions, but when a champion emerges, it makes the winner share the trophy. The European Commission’s July 16 binding specificatio…",IPWatchdog.com,Unknown,Market Report,2026-07-28T08:36:28.397141Z
ad04565933a0a32e3275d9127e2c0a0b,"Nvidia tops S&P 500 with 15,332% gain over the last decade",https://cryptobriefing.com/nvidia-sp500-decade-gain-ai-infrastructure/,Editorial Team,2026-07-26T15:15:37Z,trade restrictions,"Nvidia's decade-long dominance highlights the transformative impact of AI on market dynamics, with potential shifts in growth drivers ahead.
The post Nvidia tops S&P 500 with 15,332% gain over the last decade appeared first on Crypto Briefing.",Crypto Briefing,Unknown,Market Report,2026-07-28T08:36:28.397224Z
448440514b12d39d0573ac478a10ab91,Elizabeth Warren says House stock trading ban has 'major loopholes' — 48% of Congress still owns individual stocks,https://finance.yahoo.com/markets/stocks/articles/elizabeth-warren-says-house-stock-143000935.html,Joseph Zeballos-Roig,2026-07-26T14:30:00Z,trade restrictions,The legislation bans individual stock trading among members of Congress and their families — but they can keep current stock portfolios intact and reinvest a...,Yahoo Entertainment,Unknown,Market Report,2026-07-28T08:36:28.397268Z
44790d9843552214b6bf1a719eb2a452,Breaking down Jaylen Brown’s extension options with the Sixers,https://www.libertyballers.com/76ers-analysis/96611/breaking-down-jaylen-browns-extension-options-with-the-sixers,Bryan Toporek,2026-07-26T13:20:53Z,trade restrictions,The Sixers can sign Jaylen Brown to an extension as early as July 26. Should they?,Libertyballers.com,Unknown,News,2026-07-28T08:36:28.397301Z
6a6d9b47dcd269ac0a4268e542b8a9ff,China’s influence machine: Federal records expose Beijing’s push to sway America,https://www.foxnews.com/politics/chinas-influence-machine-federal-records-expose-beijings-push-sway-america,,2026-07-26T11:00:31Z,trade restrictions,"DOJ records reveal China's government spent nearly $80 million on influence operations targeting media, lobbying and policy in the United States.",Fox News,China,News,2026-07-28T08:36:28.397346Z
fc854c2f9b43543eafd60f58cb07dcce,It’s the Most Popular—and Most Hated—Board Game in the World. Maybe You’ve Been Playing It All Wrong.,https://slate.com/life/2026/07/monopoly-go-rules-board-games.html,Luke Winkie,2026-07-26T09:40:00Z,trade restrictions,"At least that’s what its few adoring fans think. I, on the other hand, am not convinced.",Slate Magazine,Unknown,News,2026-07-28T08:36:28.397384Z
3accd50cb055249ff99f74f7b6155761,The International Court of Justice Climate Liability Ruling Sets a Worrying Precedent for Pandemics and Public Health,https://dailysceptic.org/?p=304274,Ramesh Thakur,2026-07-26T08:00:49Z,trade restrictions,"The International Court of Justice climate liability ruling sets a worrying precedent for pandemics and public health, says Professor Ramesh Thakur. These new 'legally binding' duties are quickly going to multiply.",Dailysceptic.org,Global,News,2026-07-28T08:36:28.397427Z
71aef46fa683eb2d827c2a6b8f0caeda,OpenAI Halts Launch of New AI Model After Repeated Security Breaches,https://www.naturalnews.com/2026-07-26-openai-halts-launch-new-model-repeated-breaches.html,Chase Codewell,2026-07-26T06:00:00Z,trade restrictions,"OpenAI paused internal deployment of an experimental artificial intelligence (AI) model after it repeatedly bypassed security restrictions, according to a company statement released Tuesday, July 22. The model, designed for autonomous operation over extended …",Naturalnews.com,Unknown,News,2026-07-28T08:36:28.397479Z
cfdcba83eaf3f8bffce66da2e9ba9e52,"Nepal allows citizens, Indians to carry up to ₹25,000 in post-2016 Indian currency notes",https://www.thehindubusinessline.com/news/nepal-allows-citizens-indians-to-carry-up-to-25000-in-post-2016-indian-currency-notes/article71268643.ece,PTI,2026-07-26T05:11:31Z,trade restrictions,"Nepal has permitted Indian and Nepalese nationals to bring into or take out of the country Indian currency notes of ₹200 and ₹500 denominations up to a value of ₹25,000, provided those were issued on or after November 9, 2016.",BusinessLine,India,News,2026-07-28T08:36:28.397512Z
d9428aff1bd5880b80b5fc8dcbbb44fb,"Nepal allows citizens, Indians to carry up to Rs 25,000 in post-2016 Indian currency notes",https://economictimes.indiatimes.com/nri/invest/nepal-allows-citizens-indians-to-carry-up-to-rs-25000-in-post-2016-indian-currency-notes/articleshow/132636210.cms,PTI,2026-07-26T04:13:10Z,trade restrictions,"Nepal's new rule facilitates Indian tourists and Nepalese nationals engaged in cross-border trade.  Foreign visitors can bring up to USD 5,000 into Nepal without declaration.  Amounts exceeding this limit require customs declaration upon arrival in Nepal.",The Times of India,India,News,2026-07-28T08:36:28.397551Z
0f2ba33b41af8bd114ec45757d54ee91,How America’s Sanctions are Building a Post-Dollar World,https://www.juancole.com/2026/07/americas-sanctions-building.html,Foreign Policy in Focus,2026-07-26T04:06:15Z,trade restrictions,Washington’s favorite tool of coercion is still powerful—but overuse is teaching the rest of the world how to live without it.,Juancole.com,USA,News,2026-07-28T08:36:28.397575Z
1cea5becc732d5612016289e8f23217f,ETF market price vs NAV: Why some funds trade at a 20% premium while others stay close to fair value?,https://www.livemint.com/money/personal-finance/etf-market-price-vs-nav-why-some-funds-trade-at-a-20-premium-while-others-stay-close-to-fair-value-11785026904402.html,Sheetal Goel,2026-07-26T02:20:08Z,trade restrictions,"Most domestic ETFs are trading close to their NAV, while some international ETFs trade at steep premiums due to supply constraints. Experts advise investors to compare an ETF's market price with its NAV or iNAV to avoid overpaying and make better investment d…",Livemint,Global,Market Report,2026-07-28T08:36:28.397622Z
d4c3e5e4a30d0c3c0f864f449a355bdb,Ravens Get Bad Injury News on $98 Million NFL All-Pro,https://heavy.com/sports/nfl/baltimore-ravens/bad-injury-news-nnamdi-madubuike/,Tony Adame,2026-07-26T00:37:59Z,trade restrictions,The Baltimore Ravens put $98 million NFL All-Pro defensive tackle Nnamdi Madubuike on the Physically Unable to Perform List. The post Ravens Get Bad Injury News on $98 Million NFL All-Pro appeared first on HEAVY.,Heavy.com,Unknown,News,2026-07-28T08:36:28.397660Z
f75ad600363c92371488ff73c6900b8b,70% of Teradyne’s Revenue Is Tied to AI. Should You Buy Before July 29 Q2 Earnings?,https://247wallst.com/investing/2026/07/25/70-of-teradynes-revenue-is-tied-to-ai-should-you-buy-before-july-29-q2-earnings/,Thomas Richmond,2026-07-25T15:52:37Z,trade restrictions,"Teradyne has nearly doubled in 2026 by placing one very concentrated bet, and its July 29 earnings report will reveal whether that bet still has room to run...",24/7 Wall St.,Unknown,Market Report,2026-07-28T08:36:28.397723Z
99f00f384bb3a9f47970cee000988cef,North Korea arrests bank hacking ring tied to crypto laundering: Report,https://cointelegraph.com/news/north-korea-bank-hacking-ring-crypto-laundering-report,Cointelegraph by Yohan Yun,2026-07-25T13:14:18Z,trade restrictions,Daily NK reported that North Korea arrested former state cyber operators accused of hacking two state banks and laundering stolen funds through cryptocurrency.,Cointelegraph,Unknown,Market Report,2026-07-28T08:36:28.397790Z
5ff5493df8d959fc93df3ccf3295d62c,Valve Steam Machine Review: Breezy PC Gaming From Your Couch,https://uk.pcmag.com/desktop-pcs/166366/valve-steam-machine,Matthew Buzzi,2026-07-25T12:25:11Z,trade restrictions,"After inspiring a wave of gaming handhelds with the Steam Deck, can Valve ignite compact gaming desktops with the Steam Machine? This diminutive desktop (starting at $1,049, as tested) brings your Steam library into your living room, running TV-friendly",PCMag.com,Unknown,Analysis/Opinion,2026-07-28T08:36:28.397823Z
a249f456143b4564b137d209b5d2a386,Valve Steam Machine Review: Breezy PC Gaming From Your Couch,https://uk.pcmag.com/desktop-pcs/166366/valve-steam-machine-review-breezy-pc-gaming-from-your-couch,Matthew Buzzi,2026-07-25T12:25:11Z,trade restrictions,"After inspiring a wave of gaming handhelds with the Steam Deck, can Valve ignite compact gaming desktops with the Steam Machine? This diminutive desktop (starting at $1,049, as tested) brings your Steam library into your living room, running TV-friendly",PCMag.com,Unknown,Analysis/Opinion,2026-07-28T08:36:28.397843Z
c3238316e8196902afa86f3eeca1b591,A fairer baseball economy could give the Rockies a real path,https://www.purplerow.com/colorado-rockies-news/97272/a-fairer-baseball-economy-could-give-the-rockies-a-real-path,James Riggenbach,2026-07-25T12:00:00Z,trade restrictions,"Colorado Rockies news and links for Saturday, July 25th, 2026",Purple Row,Unknown,News,2026-07-28T08:36:28.397870Z
6dac776df591ae5f1a91d33df9b94b2f,La Querelle des Femmes,https://www.nybooks.com/online/2026/07/25/the-woman-question/,Jillian Steinhauer,2026-07-25T12:00:00Z,trade restrictions,"In 2015, I was on a panel at New York’s Museum of Arts and Design titled “Do We Need Exhibitions Just for Women?” As I remember, most of the participants agreed that we did, though some expressed concerns about ghettoization or weariness at having a conversat…",The New York Review of Books,Unknown,News,2026-07-28T08:36:28.397919Z
27e282374091b20cec9b5c12dc5e726a,The Seven Trump News Cycles We’re All Stuck In,https://newrepublic.com/post/213514/trump-tariffs-ice-elections-economy,Jason Linkins,2026-07-25T10:00:00Z,trade restrictions,"It’s almost hard to believe now, but in the not too distant past, there have been presidents who actually labored quite intensely to not be in the news any more than was necessary. President Barack Obama, in fact, seemed to actually want his presidency enscon…",The New Republic,Unknown,News,2026-07-28T08:36:28.397969Z
8923550eb842b8b17dd1f3ede665ed33,Crypto markets in everything? (moo),https://marginalrevolution.com/marginalrevolution/2026/07/crypto-markets-in-everything.html,Tyler Cowen,2026-07-25T04:40:55Z,trade restrictions,"Farmers in Parana, Brazil, struggling to get banks to loan them cash, became the first to tokenize livestock and place 10 dairy milk cows’ tokens for trade on the country’s B3 national stock exchange. They generated nearly $20,000 in credit backed by their ca…",Marginalrevolution.com,Brazil,Market Report,2026-07-28T08:36:28.398008Z
b99fda115df0e611d27a6f926a4a9f5c,Will Investment Move From High-Tech Stocks to Auto Stocks?,https://newsonjapan.com/article/150114.php,News On Japan,2026-07-25T03:25:16Z,trade restrictions,"Japanese investors may be starting to redirect money from semiconductor and memory-related stocks toward automakers and other value shares, as concerns grow that soaring memory prices, increased Chinese production and the search for cheaper suppliers could we…",Newsonjapan.com,China,Market Report,2026-07-28T08:36:28.398026Z
18f373531261f20a6a77156c29d2d2c2,Trump tariff wall set to stay after Supreme Court blow: Analysts,https://economictimes.indiatimes.com/news/international/global-trends/trump-tariff-wall-set-to-stay-after-supreme-court-blow-analysts/articleshow/132617700.cms,AFP,2026-07-25T02:13:01Z,trade restrictions,President Donald Trump has implemented new tariffs on sixty trading partners.  These duties were imposed using previously utilized legal authorities.  Additional tariffs target Canadian goods under an untested justification.  Analysts suggest these actions co…,The Times of India,Unknown,Market Report,2026-07-28T08:36:28.398119Z
bc679882f1e2d7ab4a19ca9b71e37686,Trump says EU to pay ‘very big price’ for Google fine,https://www.vanguardngr.com/2026/07/trump-says-eu-to-pay-very-big-price-for-google-fine/,Ayobami,2026-07-24T22:29:16Z,trade restrictions,"""The United States of America is not a 'PIGGYBANK' for Europe, nor will we allow it to be,"" he wrote.
The post Trump says EU to pay ‘very big price’ for Google fine appeared first on Vanguard News.",Vanguard,USA,News,2026-07-28T08:36:28.398143Z
ebe1dc6062341c7905b42c18b8c5b788,Conifex Announces Second Quarter 2026 Results Conference Call and Provides Corporate Update,https://financialpost.com/globe-newswire/conifex-announces-second-quarter-2026-results-conference-call-and-provides-corporate-update,GlobeNewswire,2026-07-24T21:34:14Z,trade restrictions,"VANCOUVER, British Columbia, July 24, 2026 (GLOBE NEWSWIRE) — Conifex Timber Inc. (“Conifex”, “we” or “us”) (TSX: CFF) announced today that it plans to release its second quarter 2026 results before market open on Friday, August 14, 2026. Conifex has schedule…",Financial Post,UK,Market Report,2026-07-28T08:36:28.398197Z
4967b12e9b86fe22cb3bd137904f0463,Conifex Announces Second Quarter 2026 Results Conference Call and Provides Corporate Update,https://www.globenewswire.com/news-release/2026/07/24/3333129/0/en/Conifex-Announces-Second-Quarter-2026-Results-Conference-Call-and-Provides-Corporate-Update.html,Conifex Timber Inc,2026-07-24T21:30:00Z,trade restrictions,"VANCOUVER, British Columbia, July 24, 2026 (GLOBE NEWSWIRE) -- Conifex Timber Inc. (“Conifex”, “we” or “us”) (TSX: CFF) announced today that it plans to release its second quarter 2026 results before market open on Friday, August 14, 2026. Conifex has schedul…",GlobeNewswire,UK,Market Report,2026-07-28T08:36:28.398232Z
c2f5e5e3f39d67a4c28dfaee43ae407d,Trump says Canada opening Gordie Howe bridge without US was 'fine',https://www.usatoday.com/story/news/politics/2026/07/24/trump-canada-opening-gordie-howe-bridge-without-us/91041526007/,"Fernando Cervantes Jr., USA TODAY",2026-07-24T21:05:30Z,trade restrictions,"President Donald Trump said on July 24, that it was 'fine' that Canada excluded the U.S. from the opening ceremony of the new Gordie Howe Bridge.",USA Today,Unknown,News,2026-07-28T08:36:28.398264Z
6e8521eddec1dad839371c56fec0ace3,"UNESCO places occupied West Bank, Lebanon sites on endangered heritage list",https://www.aljazeera.com/news/2026/7/24/unesco-places-occupied-west-bank-lebanon-sites-on-endangered-heritage-list,Al Jazeera,2026-07-24T20:51:13Z,trade restrictions,Sebastia in the occupied West Bank and five Lebanese castles get emergency listing despite Israeli objections.,Al Jazeera English,Unknown,News,2026-07-28T08:36:28.398299Z
1671f8537aefb659307642531e28654c,Google Fined €890M Under EU Digital Markets Act Over Search and Play Store Practices,https://securityaffairs.com/195963/laws-and-regulations/google-fined-e890m-under-eu-digital-markets-act-over-search-and-play-store-practices.html,Pierluigi Paganini,2026-07-24T20:47:13Z,trade restrictions,"EU fined Google €890M under the DMA for favoring its own services and restricting Play Store competition, with AI search features also under scrutiny. The European Commission hit Google with two fines totalling €890 million on Thursday for violating the Digit…",Securityaffairs.com,Unknown,Market Report,2026-07-28T08:36:28.398349Z
e67544b5b035522928aedf10251a0e2e,Trump tariff wall set to stay after Supreme Court blow: analysts,https://www.digitaljournal.com/article/trump-tariff-wall-set-to-stay-after-supreme-court-blow-analysts/,AFP,2026-07-24T20:30:11Z,trade restrictions,"Circumventing the US Supreme Court, President Donald Trump has found a way to resurrect his tariff wall in a fashion that analysts say could prove more durable to legal challenges. Just this week, Trump slapped sweeping new tariffs on 60 trading partners and …",Digital Journal,Unknown,Market Report,2026-07-28T08:36:28.398394Z
9a086238246eeb784d539ccbd6a03576,"Trump Vows to Reverse EU Fines Against Apple and Other Tech Companies, Threatens Tariffs",https://www.macrumors.com/2026/07/24/trump-eu-fine-investigation/,Juli Clover,2026-07-24T19:37:08Z,trade restrictions,"U.S. President Donald Trump today said on Truth Social that his administration plans to launch an investigation into fines the European Union has levied against tech companies like Apple, Google, and Meta for violating antitrust and Digital Markets Act rules.…",MacRumors,Unknown,Market Report,2026-07-28T08:36:28.398441Z
20ff2a2779327fb3bc5be8a77417b9db,Brazil’s tariff rate rises to 18% after Trump’s new measures,https://cryptobriefing.com/brazil-tariff-rate-trump-stablecoins/,Editorial Team,2026-07-24T19:12:44Z,trade restrictions,"US tariffs on Brazil rise to 17.7% with 25% set for 2026. Dollar stablecoins dominate 90% of Brazil's crypto volume as trade tensions reshape
The post Brazil’s tariff rate rises to 18% after Trump’s new measures appeared first on Crypto Briefing.",Crypto Briefing,Brazil,News,2026-07-28T08:36:28.398483Z
12825a3b836b2c5faee01dd5185fd828,Top 10 African passports that can access most countries without a visa in 2026,https://www.vanguardngr.com/2026/07/top-10-african-passports-that-can-access-most-countries-without-a-visa-in-2026/,efosataiwo@vanguardngr.com,2026-07-24T18:46:06Z,trade restrictions,"The latest Henley Passport Index 2026 has revealed Africa's 10 most powerful passports, ranking countries based on the number of destinations their citizens can visit without obtaining a visa in advance. 
The post Top 10 African passports that can access most…",Vanguard,Unknown,Market Report,2026-07-28T08:36:28.398530Z
5a18a3f1459f81d916d9072c4b2da1dc,Trump says EU to pay ‘very big price’ for Google fine,https://www.digitaljournal.com/article/trump-says-eu-to-pay-very-big-price-for-google-fine/,AFP,2026-07-24T18:20:09Z,trade restrictions,"U.S. President Donald Trump threatened to hit the European Union with tariffs and a trade investigation over Brussels' latest antitrust penalty against Google.
The post Trump says EU to pay ‘very big price’ for Google fine appeared first on Digital Journal.",Digital Journal,Unknown,News,2026-07-28T08:36:28.398577Z
6c3b47ba66890da0d734f4dee8d08a6f,Why US' Russia act need not worry India,https://economictimes.indiatimes.com/opinion/et-commentary/why-us-russia-act-need-not-worry-india/articleshow/132612479.cms,Neeraj Kaushal,2026-07-24T18:12:01Z,trade restrictions,"The proposed US Sanctioning Russia Act, which could impose tariffs on major buyers of Russian oil and gas, may have limited chances of becoming law. The bill could impact India and China, but political hurdles, waiver provisions and opposition within the Trum…",The Times of India,China,News,2026-07-28T08:36:28.398597Z
84cab7c9001272d88511b6ca50e9b0c1,"EU to pay ‘very big price’ for Google fine, says Trump",https://punchng.com/eu-to-pay-very-big-price-for-google-fine-says-trump/,Punch Newspapers,2026-07-24T18:11:49Z,trade restrictions,"Donald Trump vows “very big price” for the EU after its $1 billion antitrust fine against Google, threatening tariffs and a trade investigation.

Read More: https://punchng.com/eu-to-pay-very-big-price-for-google-fine-says-trump/",The Punch,Unknown,News,2026-07-28T08:36:28.398641Z
4dd02bcc864bfe7eb856ba91dbcfbe32,US government to investigate EU trade practices over penalties on American tech firms,https://cryptobriefing.com/us-investigate-eu-tech-firm-penalties/,Editorial Team,2026-07-24T17:51:01Z,trade restrictions,"The US may launch a Section 301 probe into EU digital regulations after fines on Google, Apple, and Meta crossed $7B. Here's what investors need
The post US government to investigate EU trade practices over penalties on American tech firms appeared first on C…",Crypto Briefing,USA,News,2026-07-28T08:36:28.398671Z
fcaf074e91b6539a4592a64b066cc75f,LeBron James’ Signing With Sixers Signals He Cared Most About Winning,https://www.forbes.com/sites/markmedina/2026/07/24/lebron-james-signing-with-sixers-signals-he-cared-most-about-winning/,"Mark Medina, Contributor",2026-07-24T17:30:55Z,trade restrictions,LeBron James makes the Philadelphia 76ers a championship contender and appears willing to sacrifice his role.,Forbes,Unknown,News,2026-07-28T08:36:28.398708Z
04f82c450f0783cf438b226f0762ad83,Crypto Exchanges Want to Be Your Broker. The Fine Print Matters,https://beincrypto.com/mexc-crypto-exchange-stocks-ownership/,Mohammad Shahid,2026-07-24T16:05:39Z,trade restrictions,"MEXC is expanding beyond crypto into stocks and pre-IPO products, but investors need to understand what they actually own.",BeInCrypto,Unknown,News,2026-07-28T08:36:28.398813Z
18f0c653a6d295e79e37e72eccb2ac1f,Factory reset,https://www.thehindubusinessline.com/opinion/editorial/factory-reset/article71261753.ece,,2026-07-24T15:37:04Z,trade restrictions,Smartphone production scheme improves on PLI,BusinessLine,Unknown,News,2026-07-28T08:36:28.398835Z
d122082ca4aaf513b71aae1f4d55671d,Rivian sues the US government for 'full refund' of Trump tariffs | TechCrunch,https://techcrunch.com/2026/07/24/rivian-sues-the-us-government-for-full-refund-of-trump-tariffs/,Sean O'kane,2026-07-24T15:16:31Z,trade restrictions,Rivian sues the US government for 'full refund' of Trump tariffs | TechCrunchtechcrunch.com,TechCrunch,Unknown,News,2026-07-28T08:36:28.398864Z
5b6e0e8d661af2df90d0bfc13ffd98ab,Diagnostic accuracy of circulating microRNAs and lipidomic biomarkers for early breast cancer detection: A systematic review and meta-analysis,https://journals.plos.org/plosone/article?id=10.1371/journal.pone.0354728,"Heba Mohammed Arafat, Akbar Ali, Tengku Ahmad Damitri Al Astani Tengku Din, Ohood Mohammed Shamallakh, Rashid Jusoh, Maya Mazuwin Yahya, Wan Zainira Wan Zain, Wan Faiziah Wan Abdul Rahman",2026-07-24T14:00:00Z,trade restrictions,"Background Breast cancer outcomes improve substantially with earlier detection, yet mammography performance can be limited in dense breasts and may lead to false-positive investigations. Circulating microRNAs (miRNAs) and lipidomic/metabolomic signatures have…",Plos.org,Unknown,Analysis/Opinion,2026-07-28T08:36:28.398967Z
7330f89d3cd7ca8aa53220ff7e1b08e6,Multi-view graph-regularized deep metric subspace clustering network,https://journals.plos.org/plosone/article?id=10.1371/journal.pone.0354307,"Pengpeng Luo, Ming Yang, Chong Peng, Qianqian Wang",2026-07-24T14:00:00Z,trade restrictions,"Multi-view subspace clustering has progressed significantly by using deep neural networks to handle nonlinear data representations. A recent advancement, the Multi-view Self-Expressive Subspace Clustering (MSESC) network, achieves markedly higher computationa…",Plos.org,Unknown,Analysis/Opinion,2026-07-28T08:36:28.399009Z
cab578eba51b4f485f67d9499d70e9ad,India eases FDI rules for export e-commerce,https://www.retail-insight-network.com/news/india-eases-fdi-rules-export-e-commerce/,Shubhendu Vimal,2026-07-24T13:45:37Z,trade restrictions,"Under the current framework, FDI is allowed in business-to-business e-commerce and the marketplace model, but not in business-to-consumer, e-commerce or the...",Retail-insight-network.com,India,Market Report,2026-07-28T08:36:28.399023Z
11d71265f18cca85d6eb505573ee3a3a,EU sanctions force world chess chief to step aside,https://www.rt.com/news/643414-chess-chief-eu-sanctions/,RT,2026-07-24T13:28:05Z,trade restrictions,"FIDE President Arkady Dvorkovich has suspended his powers after being included in the EU’s latest sanctions package, calling the measures “unlawful and unfair”",RT,Unknown,News,2026-07-28T08:36:28.399063Z
243c3a1cd14192cea81fbe9bfbb590c3,Trump’s new forced-labor tariffs met with bewilderment,https://www.rt.com/news/643427-us-forced-labor-tariffs/,RT,2026-07-24T13:23:59Z,trade restrictions,US trading partners have rejected Washington’s forced-labor rationale for new tariffs of up to 12.5% covering more than 99% of American imports.,RT,USA,Market Report,2026-07-28T08:36:28.399083Z
b10e9e63951a5242aa9f76d50df2e24a,StubHub Probed by House Democrats Over CEO's Ticket Broker ‘Collusion',http://www.billboard.com/pro/stubhub-house-democrats-ceo-ticket-broker-collusion/,Rachel Scharf,2026-07-24T13:04:34Z,trade restrictions,"StubHub is being probed by House Democrats over its CEO's alleged ""collusion"" via his own ticket broker that sells secondary tickets on the platform.",Billboard,Unknown,News,2026-07-28T08:36:28.399121Z
de3479e0523b5b82b498b68ea8c8b2c9,"Brazilian farmers tokenized dairy cows to get loans, bypassing bank lending limits",https://www.coindesk.com/markets/2026/07/24/brazilian-farmers-tokenized-dairy-cows-to-get-loans-bypassing-bank-lending-limits,Olivier Acuna,2026-07-24T13:03:03Z,trade restrictions,"Smart collars monitor herd health in real time to prevent fraud, allowing local agricultural businesses to secure thousands in funding backed by livestock.",CoinDesk,Brazil,News,2026-07-28T08:36:28.399139Z
c4b5642a3a10390c452b519ebcfd0825,The End of Elections in Nicaragua,http://foreignpolicy.com/2026/07/24/nicaragua-elections-democracy-ortega-us-response/,Catherine Osborn,2026-07-24T12:00:02Z,trade restrictions,Ortega’s announcement underscores the waning influence of pro-democracy pressure in Latin America.,Foreign Policy,USA,News,2026-07-28T08:36:28.399231Z
ca0e85bb8afe161b61cebd11cde1e582,BorgWarner Secures Motorcycle Dual-Clutch Transmission Program in China,https://www.prnewswire.com/news-releases/borgwarner-secures-motorcycle-dual-clutch-transmission-program-in-china-302831696.html,,2026-07-24T12:00:00Z,trade restrictions,Integrated Dual-Clutch Transmission (DCT) system targets motorcycle and four-wheeled vehicle applications above 500 cc Technology improves fuel economy and enhances the riding experience BorgWarner upgrades from key component supplier to systems solution prov…,PRNewswire,China,News,2026-07-28T08:36:28.399252Z
4651b0076116d53f7eeca4c538a05a57,Explained: China's 'ethnic unity and progress promotion' law,https://www.globalsecurity.org/wmd/library/news/china/2026/07/china-260724-rfa01.htm,John Pike,2026-07-24T12:00:00Z,trade restrictions,"It's called the Law on Promoting Ethnic Unity and Progress-China's newest law under President Xi Jinping, passed on March 12, 2026, and in effect since July 1, 2026.",Globalsecurity.org,China,News,2026-07-28T08:36:28.399267Z
d3623505f0658cbccc337342a8cb8a95,David Solomon Crypto Bill: Why Goldman Sachs CEO Says This Could Be Crypto’s Biggest Wall Street Breakthrough Yet,https://bitcoinfoundation.org/news/altcoins/david-solomon-crypto-bill-why-goldman-sachs-ceo-says-this-could-be-cryptos-biggest-wall-street-breakthrough-yet/,Ingrid Wolf,2026-07-24T11:17:11Z,trade restrictions,"The David Solomon crypto bill endorsement is a sign that regulation is becoming Wall Street priority. Goldman Sachs CEO David Solomon has stated his general...
The post David Solomon Crypto Bill: Why Goldman Sachs CEO Says This Could Be Crypto’s Biggest Wall …",Bitcoinfoundation.org,Unknown,News,2026-07-28T08:36:28.399376Z
10a458f19d367e4723f6bdfb7e1240d7,New tariffs on U.S. trade partners and experts divided on OpenAI hack: Morning Rundown,https://www.nbcnews.com/news/us-news/-tariffs-us-trade-rogue-openai-incident-morning-rundown-rcna589015,Elizabeth Robinson,2026-07-24T11:00:58Z,trade restrictions,Hundreds of American diplomats and their families in the Middle East ordered to evacuate at the start of the Iran war are frustrated with a lack of answers.,NBC News,USA,News,2026-07-28T08:36:28.399445Z
e6c507c7a3955e649d1720a4d99b6264,Verizon Delivers Record 2Q26 Results as Strategic Transformation Ignites Accelerated Growth,https://www.globenewswire.com/news-release/2026/07/24/3332775/0/en/Verizon-Delivers-Record-2Q26-Results-as-Strategic-Transformation-Ignites-Accelerated-Growth.html,Verizon Sourcing LLC,2026-07-24T11:00:00Z,trade restrictions,Verizon Delivers Record 2Q26 Results. Strategic Transformation Ignites Strong Growth on Key Metrics. Company Raises Full-Year Guidance....,GlobeNewswire,Unknown,News,2026-07-28T08:36:28.399482Z
7d093eb1a6851a0739e4c5fc55c45f7d,Noodles & Company Announces Second Quarter 2026 Financial Results,https://www.globenewswire.com/news-release/2026/07/24/3332774/26260/en/Noodles-Company-Announces-Second-Quarter-2026-Financial-Results.html,Noodles & Company,2026-07-24T11:00:00Z,trade restrictions,Second Quarter 2026 Comparable Restaurant Sales Increased 10.3% System-Wide Second Quarter 2026 Comparable Restaurant Sales Increased 10.3% System-Wide,GlobeNewswire,Unknown,News,2026-07-28T08:36:28.399518Z
