article_id,title,link,creator,pubdate,category,description,source,country,article_type,scrape_timestamp
0d46367ffc928bfe2c4e69e89ca93067,"Under-par prices: Swing for October Prime Day golf deals on balls, gear and more",https://nypost.com/shopping/amazon-prime-big-deal-days-golf-deals-october-2026/,Will Kenton,2026-10-06T10:15:00Z,dry bulk shipping,October is the best time to stock up on golf gear.,New York Post,Unknown,Market Report,2026-10-07T22:51:42.811759Z
5e77dc36abffae22d0eb1def7b40ba59,These are the Amazon Prime Big Deal Days hidden gems,https://nypost.com/2026/10/06/shopping/these-are-the-amazon-prime-big-deal-days-hidden-gems-you-need/,Will Kenton,2026-10-06T08:30:00Z,dry bulk shipping,There's no better time to save on wellness.,New York Post,Unknown,News,2026-10-07T22:51:42.811798Z
ffc3898c8652b2e6b14f1967d98aa43d,Whey up: Protein powder prices soar as global demand grows,https://www.cbc.ca/news/business/whey-up-protein-powder-prices-soar-as-global-demand-grows-9.7369910,Nisha Patel,2026-10-06T08:00:00Z,dry bulk shipping,Food manufacturers and fast food companies are cramming whey protein into everything. That’s causing shortages of the ingredient and pushing prices to record highs. Now whey protein is also a target in the U.S.-Canada trade war - increasing costs that may end…,CBC News,Global,Market Report,2026-10-07T22:51:42.812029Z
025cf68266af432e802d4d0190bc8bd7,"The fiery (and very colorful) little admiral, the fishing on Stefanos’ boat, the neighbors of Sarakiniko, the bombs at the port of Thessaloniki",https://en.protothema.gr/2026/10/06/the-fiery-and-very-colorful-little-admiral-the-fishing-on-stefanos-boat-the-neighbors-of-sarakiniko-the-bombs-at-the-port-of-thessaloniki/,Newsroom,2026-10-06T06:02:00Z,dry bulk shipping,"Losses, but fewer liabilities
The post The fiery (and very colorful) little admiral, the fishing on Stefanos’ boat, the neighbors of Sarakiniko, the bombs at the port of Thessaloniki appeared first on ProtoThema English.",Protothema.gr,Unknown,News,2026-10-07T22:51:42.812087Z
bbcca2cdfa1710974da43354d4271623,"Elections from the beach, John Lennon’s spirit at the Maximos Mansion and “greenery” for everyone, Samaras’s anxiety over Kasidiaris and Karystianou",https://en.protothema.gr/2026/10/05/elections-from-the-beach-john-lennons-spirit-at-the-maximos-mansion-and-greenery-for-everyone-samarass-anxiety-over-kasidiaris-and-karystianou/,Newsroom,2026-10-05T06:16:00Z,dry bulk shipping,"The eleven in wigs
The post Elections from the beach, John Lennon’s spirit at the Maximos Mansion and “greenery” for everyone, Samaras’s anxiety over Kasidiaris and Karystianou appeared first on ProtoThema English.",Protothema.gr,Unknown,News,2026-10-07T22:51:42.812186Z
fe925d69610f2a085deace5dde9c1647,$7 Diesel Is Coming: America’s Fuel Crisis Is About to Get Much Worse,https://activistpost.com/7-diesel-is-coming-americas-fuel-crisis-is-about-to-get-much-worse/,Editor,2026-10-02T16:00:00Z,dry bulk shipping,"Patrick De Haan has been tracking fuel prices for GasBuddy since 2011. He has worked through refinery fires, hurricanes, COVID and the 2022 diesel spike, and he is the guy reporters call when pump prices start going crazy and they need somebody to explain wha…",Activistpost.com,USA,Market Report,2026-10-07T22:51:42.812220Z
72c4daccf192bbd77049afb1853ccd0d,Bull of the Day: Star Bulk Carriers (SBLK),https://biztoc.com/x/2d4add675f35bc54,finance.yahoo.com,2026-10-01T08:47:51Z,dry bulk shipping,"Star Bulk Carriers SBLK) has been one of the standout transportation stocks of 2026, with shares soaring more than 50% year to date as strengthening dry-bulk shipping conditions drive a sharp rebound in earnings and cash flow.
The broader backdrop remains fav…",Biztoc.com,Unknown,News,2026-10-07T22:51:42.812270Z
eed83a9c5b1fbefb701bfe003a0b3a28,Building global infrastructure: JEY GROUP’s vision for long-term growth,https://economictimes.indiatimes.com/industry/transportation/shipping-/-transport/building-global-infrastructure-jey-groups-vision-for-long-term-growth/articleshow/134613064.cms,,2026-10-01T08:31:41Z,dry bulk shipping,"Acknowledged for his pivotal role in global maritime investments, Dr. Dattatreya Nagireddy leads JEY GROUP’s mission in creating connected ecosystems to boost international trade and sustainable energy practices. His leadership is centered on logistics, shipp…",The Times of India,Global,News,2026-10-07T22:51:42.812333Z
d50539498383419ffc0fe7c7c78b4135,"Mitsotakis’s measures, courtesy of Pierrakakis; arrogant ministers and “open secrets” at each other’s throats; Alexis on Mount Athos (bless us!); Rubio in Athens",https://en.protothema.gr/2026/10/01/mitsotakiss-measures-courtesy-of-pierrakakis-arrogant-ministers-and-open-secrets-at-each-others-throats-alexis-on-mount-athos-bless-us-rubio-in-athens/,Αλεξία Αμβράζη,2026-10-01T05:23:11Z,dry bulk shipping,"The 120-instalment scheme and servicer rules are due by the end of October, fuel subsidies face review around 14 October, Greek Patriots are set to stay in Saudi Arabia and Volotea is restructuring its debt
The post Mitsotakis’s measures, courtesy of Pierraka…",Protothema.gr,Greece,Analysis/Opinion,2026-10-07T22:51:42.812380Z
3a127c75a82c1fbce0b9d90838722e44,xactions-py added to PyPI,https://pypi.org/project/xactions-py/,,2026-10-01T00:05:42Z,dry bulk shipping,X/Twitter automation toolkit in pure Python. No npm. No Puppeteer.,Pypi.org,Unknown,News,2026-10-07T22:51:42.812407Z
9169a676c72a5ca6f8e14ed424bfa959,Erasmus Shipinvest adds Japanese-built Ultramax bulker to fleet,https://www.naftemporiki.gr/english/2168458/erasmus-shipinvest-adds-japanese-built-ultramax-bulker-to-fleet/,Γιάννα Βαρδαλαχάκη,2026-09-30T04:51:37Z,dry bulk shipping,"Erasmus Shipinvest Group, led by John Su, has added another modern Japanese-built Ultramax bulk carrier to its managed fleet.
The vessel, Cross Power, has a capacity of 64,000 dwt and…
Erasmus Shipinvest adds Japanese-built Ultramax bulker to fleet - Η ΝΑΥΤΕΜ…",Naftemporiki.gr,Japan,News,2026-10-07T22:51:42.812442Z
12afcc286de251ee875a08010391f02e,"Ukraine fires nearly 900 drones at Russia as Kyiv braces for expected, huge aerial attack",https://nypost.com/2026/10/06/world-news/ukraine-fires-nearly-900-drones-at-russia-as-kyiv-braces-for-expected-huge-aerial-attack/,Associated Press,2026-10-06T15:51:11Z,bulk carrier,"Russian air defenses intercepted nearly 900 Ukrainian drones overnight over multiple regions of the country, the Defense Ministry in Moscow said Tuesday.",New York Post,Russia,News,2026-10-07T22:51:43.736477Z
46177183e966b017b47947515d518c3e,World’s biggest business class comes to British Airways A380,https://financialpost.com/transportation/airlines/worlds-biggest-business-class-british-airway,Bloomberg News,2026-10-06T13:54:34Z,bulk carrier,"British Airways will introduce what it called the world’s biggest business class on its Airbus A380, targeting premium passengers. Read now",Financial Post,UK,News,2026-10-07T22:51:43.736718Z
0700846280321085ef8e403a802d1302,Lions film study: Placing the blame for 20 defensive breakdowns vs. Panthers,https://www.prideofdetroit.com/detroit-lions-analysis/175928/detroit-lions-film-study-panthers-blame-20-defensive-mistakes,Anthony Balaj,2026-10-06T13:00:00Z,bulk carrier,Breaking down whether the coaching or the players deserve the most blame for the Lions defensive struggles,Prideofdetroit.com,Unknown,News,2026-10-07T22:51:43.736752Z
9e510f3bd4166a1ce3130814d99d2ce3,Crew of ship missing after drone attacks on 2 commercial vessels in Black Sea near Bulgaria,https://www.cbc.ca/news/world/bulgaria-black-sea-drone-attacks-reported-9.7370638,,2026-10-06T11:55:06Z,bulk carrier,Bulgarian Prime Minister Rumen Radev said two commercial vessels were struck by drones on Tuesday in the first attack on shipping in the NATO member's exclusive economic zone in the Black Sea.,CBC News,Unknown,News,2026-10-07T22:51:43.736793Z
91357dd702ce954cbff923b3cdafdaa6,"Russia says nearly 900 Ukrainian drones downed, fuel depot reportedly burns",https://abcnews.com/International/wireStory/russia-900-ukrainian-drones-downed-moscow-region-fuel-137027723,SAMYA KULLAB Associated Press,2026-10-06T11:15:43Z,bulk carrier,Russia's Defense Ministry says air defenses intercepted nearly 900 Ukrainian drones over multiple regions overnight,Abcnews.com,Russia,Market Report,2026-10-07T22:51:43.736812Z
e2d17fe351847b6e142ecf9ad1daa6a5,Is Iran charging a toll to allow oil traffic through Hormuz?,https://www.aljazeera.com/news/2026/10/5/is-iran-charging-a-toll-to-allow-oil-traffic-through-hormuz,Usaid Siddiqui,2026-10-05T13:11:42Z,bulk carrier,"Crude exports bypassing Hormuz surged in September, yet oil prices remain high. Could a secret fee be the reason?",Al Jazeera English,Unknown,Market Report,2026-10-07T22:51:43.736898Z
906fd71456370c5c6f970afefcde19e8,Response Overview and Colonel Clustered – Grouping Burp Responses by Content,https://www.darknet.org.uk/2026/10/response-overview-colonel-clustered-burp-response-grouping/,Darknet,2026-10-05T12:33:47Z,bulk carrier,"Two Burp Suite extensions that group responses by content: Response Overview, a BApp with a threshold you set, and Colonel Clustered, which picks its own.",Darknet.org.uk,Unknown,Analysis/Opinion,2026-10-07T22:51:43.736931Z
ad438ef310ccdfa63c011eb7fe3a034a,Coal a key driver for dry bulk market as Asian demand rises,https://www.naftemporiki.gr/english/2170619/coal-a-key-driver-for-dry-bulk-market-as-asian-demand-rises/,Αλεξία Σωτηρίου,2026-10-05T05:13:13Z,bulk carrier,"Coal is once again emerging as one of the key drivers supporting the dry bulk market, as strong demand in Asia, declining inventories in India and supply constraints are creating…
Coal a key driver for dry bulk market as Asian demand rises - Η ΝΑΥΤΕΜΠΟΡΙΚΗ",Naftemporiki.gr,India,Market Report,2026-10-07T22:51:43.736952Z
9fe3fbec0dca2b33f14bf64e87722399,Ethiopian Airlines’ new Boeing orders,https://www.thehindubusinessline.com/economy/logistics/ethiopian-airlines-new-boeing-orders/article71544819.ece,Team BL,2026-10-04T18:34:45Z,bulk carrier,"Ethiopian Airlines orders eight 777-8 freighters and two 777 freighters, boosting its Boeing freighter fleet alongside its 777X passenger jets.",BusinessLine,Unknown,News,2026-10-07T22:51:43.736988Z
81edd7a7a6733b6096e50cdea33c1bcc,Why Tennessee football will 'win on defense' amid offensive struggles,https://www.knoxnews.com/story/sports/college/university-of-tennessee/football/2026/10/04/tennessee-football-defense-auburn-jim-knowles-arion-carter-dejuan-lane-tevis-metcalf/92059731007/,"Trevor McGee, Knoxville News Sentinel",2026-10-04T09:07:16Z,bulk carrier,"Tennessee football did not get much offensive contribution in a win over Auburn, but that that doesn't matter to defender Dejuan Lane.",Knoxville News Sentinel,Unknown,News,2026-10-07T22:51:43.737022Z
c413424a8fab4d38e510082ad9377d95,"Tuning structural, optical, charge storage, and electronic transport properties of graphene oxide through functional group engineering",https://www.nature.com/articles/s41598-026-71031-1,"Walid Ismail, Ahmad G. Ramadan, Farah Abo El-khair, A. E. Elsheikh, Mahmoud Abdelfatah, Abdelhamid El-Shaer",2026-10-04T00:00:00Z,bulk carrier,"Scientific Reports - Tuning structural, optical, charge storage, and electronic transport properties of graphene oxide through functional group engineering",Nature.com,Unknown,Market Report,2026-10-07T22:51:43.737058Z
77573a5e32b17ca2834947849a3f9681,"NFL 2026 Week 4: Studs, Duds And Could-Be, With Stats",https://www.forbes.com/sites/gladyslouisetyler/2026/10/02/nfl-2026-week-4-studs-duds-and-could-be-with-stats/,"Gladys Louise Tyler, Contributor",2026-10-02T12:02:55Z,bulk carrier,NFL 2026 Week 4 and it is time to make the important start or sit decisions for your fantasy lineups. Do you trust Puka Nacua if he gets back? And what about Bill?,Forbes,Unknown,News,2026-10-07T22:51:43.737090Z
201e1e41ef2ff7e6597280a115a58f31,"Greek shipowners’ orderbook exceeds 1,000 vessels",https://www.naftemporiki.gr/english/2169775/greek-shipowners-orderbook-exceeds-1000-vessels/,Ελίζα Καραγιώργη,2026-10-02T11:01:11Z,bulk carrier,"The Greek-owned orderbook has exceeded the 1,000-vessel threshold. Greek shipowners are pursuing a massive shipbuilding programme which, according to a Xclusiv report, reached 1,005 vessels across the main ship types…
Greek shipowners’ orderbook exceeds 1,000…",Naftemporiki.gr,Greece,Market Report,2026-10-07T22:51:43.737146Z
0a92b33f19d900fce27c4dc03549d67f,20+ editor-approved practical gifts for 2026,https://www.popsci.com/gear/practical-gift-guide-2026/,Amanda Reed,2026-10-01T22:00:00Z,bulk carrier,"Minimalists, utilitarians, and Type-As alike will love a gift they’ll actually use, so we've collected dozens they'll use for years to come",Popular Science,Unknown,News,2026-10-07T22:51:43.737184Z
8e6f561014b89f603c3b2105d2989c74,"An intersectionality-based policy analysis of COVID-19 measures and women informal food vendors in Kisumu, Kenya",https://journals.plos.org/plosone/article?id=10.1371/journal.pone.0359620,"Elizabeth Opiyo Onyango, Joyce Kiplagat, Rebecca Gokiert, Patrick Mbullo Owuor",2026-10-01T14:00:00Z,bulk carrier,"Introduction Women working as informal food vendors in Kisumu faced precarious work conditions that worsened during the COVID-19 pandemic. Despite playing a vital role in urban household food security, they were excluded from policy decisions, which were larg…",Plos.org,Unknown,Analysis/Opinion,2026-10-07T22:51:43.737227Z
c6b0a76a9ca27e46d14b5bd1815a9cc8,Plate Carriers. Forged in Poland.,https://soldiersystems.net/2026/10/01/direct-action-plate-carriers-forged-in-poland/,Eric G,2026-10-01T08:55:00Z,bulk carrier,"Every mission requires a different setup. Explore six Direct Action® configurations and remember: gear should enhance the operator’s capabilities, not limit them. There is no single plate carrier for every task. Choosing a plate carrier doesn’t start with the…",Soldiersystems.net,Unknown,News,2026-10-07T22:51:43.737275Z
3ddae4e01ff0bd312a0b8f1aa26f4e32,"Auckland Airport rebuild: Airlines to share kiosks and automated bag drops, 240m pier advances",https://www.nzherald.co.nz/business/companies/airlines/auckland-airport-rebuild-airlines-to-share-kiosks-and-automated-bag-drops-240m-long-pier-advances/premium/SWV3E53L4RCCHBPDAJTIEKVUAY/,John Weekes,2026-10-01T03:00:00Z,bulk carrier,"'Nothing elaborate or gold-plated' but still something to be proud of, airport chief says.",New Zealand Herald,Unknown,News,2026-10-07T22:51:43.737350Z
8a254ecb1242d0ff666940d98c22b19f,Verizon plans and prices explained: MyPlan vs. Simplicity and which to choose,https://www.businessinsider.com/guides/deals/verizon-plans-prices-simplicity-unlimited#article,ssaril@businessinsider.com (Sarah Saril),2026-09-30T20:18:43Z,bulk carrier,"All of Verizon's plans offer unlimited data for one monthly price, but that's where the similarities end. Here are the differences, costs, and more.",Business Insider,Unknown,Market Report,2026-10-07T22:51:43.737380Z
d366e6db35f5231b646467043335a6ea,Panama Canal Reverses Course on Transit Restrictions as Water Outlook Improves,http://wwd.com/sourcing-journal/logistics/panama-canal-eases-draft-restrictions-el-nino-water-levels-weather-trade-1239297242/,Glenn Taylor,2026-09-30T16:40:13Z,bulk carrier,"The waterway is restoring some capacity after cutting daily transits earlier this month, though its operation warned that restrictions could return if El Niño disrupts the rainy season.",WWD,Panama,Analysis/Opinion,2026-10-07T22:51:43.737409Z
e07035b9432e41044d93dfc1d8223259,Computational time-dependent acoustic scattering in a rectangular membrane–porous waveguide,https://journals.plos.org/plosone/article?id=10.1371/journal.pone.0358579,"Muna Elsadig, Muhammad Safdar, Hala H. Taha, Muhammad Afzal",2026-09-30T14:00:00Z,bulk carrier,"A semi-analytical, computational framework is developed for the time-dependent propagation, scattering and dissipative decay of a broadband acoustic pulse in a two-dimensional rectangular waveguide whose central segment carries a porous material core brackete…",Plos.org,Unknown,News,2026-10-07T22:51:43.737463Z
2f8c2bd647f85ed7d2eb2fa27d3defbe,Cyberdeck in a Tin Box: Doom on Raspberry Pi,https://www.open-electronics.org/cyberdeck-in-a-tin-box-doom-on-raspberry-pi/,oeadmin,2026-09-30T13:00:00Z,bulk carrier,"Salim Benbouziyane built a pocket-sized cyberdeck inside an Altoids tin, powered by a Raspberry Pi Compute Module Zero, with a physical keyboard, LCD screen, and Doom running on boot.
The post Cyberdeck in a Tin Box: Doom on Raspberry Pi appeared first on Ope…",Open-electronics.org,Unknown,News,2026-10-07T22:51:43.737508Z
64ba87fde34bbbb54092418e6371a409,New Delhi reveals number of Indian sailors in troubled waters,https://www.rt.com/india/646482-india-seafarers-hormuz-shipping/,RT,2026-09-30T12:20:25Z,bulk carrier,"Over 4,500 Indian seafarers are aboard commercial vessels in the Persian Gulf as India monitors their safety amid attacks on shipping Read Full Article at RT.com",RT,India,News,2026-10-07T22:51:43.737525Z
024d9df56211b8b8146f8b61a19fad53,Danaos Corporation Declares Quarterly Dividend on Its Common Stock for the Third Quarter of 2026 and an Extraordinary Special Dividend,https://www.prnewswire.com/news-releases/danaos-corporation-declares-quarterly-dividend-on-its-common-stock-for-the-third-quarter-of-2026-and-an-extraordinary-special-dividend-302895932.html,,2026-10-01T11:53:00Z,capesize,"ATHENS, Greece, Oct. 1, 2026 /PRNewswire/ -- Danaos Corporation, one of the world's largest independent owners of containerships (the ""Company"") (NYSE: DAC), today declared a quarterly cash dividend of $1.00 per share on its common stock for the quarter ended…",PRNewswire,Greece,News,2026-10-07T22:51:44.398990Z
acc68420a6fa5056f878f228c2b61446,Panama Canal Expands Advance Transit Reservations for 2027 Dry Season,https://gcaptain.com/panama-canal-expands-advance-transit-reservations-for-2027-dry-season/,Mike Schuler,2026-10-06T15:58:38Z,panamax,"The Panama Canal is expanding its long-term transit reservation program to the Panamax locks for the first time, giving more shipping customers the ability to secure passage months in advance...",gcaptain.com,Panama,News,2026-10-07T22:51:45.045371Z
e57c207b53249e7cd6ccd41b80856f4a,Capital Maritime Finance Corp. launches Greece’s first shipping IPO with exclusive listing on Euronext Athens,https://www.naftemporiki.gr/english/2169049/capital-maritime-finance-corp-launches-greeces-first-shipping-ipo-with-exclusive-listing-on-euronext-athens/,Γιάννα Βαρδαλαχάκη,2026-10-01T04:55:59Z,panamax,"Capital Maritime Finance Corp. (CMF) is launching Greece’s first shipping IPO, with all of its shares to be exclusively listed on Euronext Athens.
The move also marks the first major…
Capital Maritime Finance Corp. launches Greece’s first shipping IPO with ex…",Naftemporiki.gr,Greece,News,2026-10-07T22:51:45.045676Z
89524c936c87d87419c051a4b37e6b87,Iran’s Offshore Oil Stockpile Nears Exhaustion as Blockade Chokes New Supply,https://gcaptain.com/irans-offshore-oil-stockpile-nears-exhaustion-as-blockade-chokes-new-supply/,Mike Schuler,2026-10-06T19:53:44Z,handymax,"Iran’s offshore crude stockpile in Southeast Asia is being rapidly depleted as the U.S. maritime blockade prevents fresh barrels from leaving the Persian Gulf, according to new tracking data from...",gcaptain.com,Unknown,News,2026-10-07T22:51:45.466620Z
97626215010aaa1a188fcbaa34286d2f,Strong Freight Markets Keep Aging Ships Out of Recycling Yards,https://gcaptain.com/strong-freight-markets-keep-aging-ships-out-of-recycling-yards/,Mike Schuler,2026-10-05T16:01:05Z,baltic dry index,"Strong freight markets kept aging vessels trading through the third quarter despite rising scrap prices and strong demand from ship recyclers, according to a new market review from GMS, the...",gcaptain.com,Unknown,Analysis/Opinion,2026-10-07T22:51:46.496990Z
109af5284686e11be742275522c665a6,Energy Shock Wipes $264 Billion Off the World's Top Mining Stocks,https://oilprice.com/Metals/Commodities/Energy-Shock-Wipes-264-Billion-Off-the-Worlds-Top-Mining-Stocks.html,Michael Kern,2026-10-06T14:00:00Z,iron ore,"The world's 50 most valuable mining companies lost $264 billion in market value in September as oil-driven inflation fears pushed bond yields to their highest since 2008 and the Federal Reserve into its first rate hike in three years, dragging gold and the st…",OilPrice.com,Unknown,Market Report,2026-10-07T22:51:47.660333Z
58bd4fbe1cd4cc314bee49d3bb409d38,Altius Minerals Corporation Files Early Warning Report,https://financialpost.com/pmn/business-wire-news-releases-pmn/altius-minerals-corporation-files-early-warning-report,Business Wire,2026-10-06T11:57:02Z,iron ore,"NOT FOR DISSEMINATION IN THE UNITED STATES OR TO UNITED STATES NEWSWIRE SERVICES ST. JOHN’S, Newfoundland and Labrador — Altius Minerals Corporation (ALS:TSX) (ATUSF: OTCQX) (“Altius” or the “Corporation”) announces today that it has filed an early warning re…",Financial Post,USA,Market Report,2026-10-07T22:51:47.660369Z
70a460851540de28e2bc04dd800dfa4d,"Backward integration, captive power seen aiding profitability of secondary steel players",https://economictimes.indiatimes.com/industry/indl-goods/svs/steel/backward-integration-captive-power-seen-aiding-profitability-of-secondary-steel-players/articleshow/134738774.cms,Nikita Periwal,2026-10-06T11:22:28Z,iron ore,"Secondary steelmakers in India are improving profitability by investing in captive power and backward integration, helping offset volatile raw material and energy costs, according to CRISIL. Operating margins are expected to rise to 6.6% this fiscal, with int…",The Times of India,India,News,2026-10-07T22:51:47.660400Z
aa10a8c3b15c9b9d6245dfa353c22fc0,"SAIL H1 hot metal output 10.2 MT, up 2% on year",https://economictimes.indiatimes.com/industry/indl-goods/svs/steel/sail-h1-hot-metal-output-10-2-mt-up-2-on-year/articleshow/134712533.cms,ET Bureau,2026-10-05T16:40:48Z,iron ore,"Steel Authority of India Ltd has set a new benchmark with a record hot metal production of 10.2 million tonnes for the period of April to September 2026. The company also achieved significant figures in crude and finished steel production, totaling 9.6 millio…",The Times of India,India,News,2026-10-07T22:51:47.660428Z
9c45d55a8499b299b673afe7f68ee1d9,"Shyam Metalics & Energy to invest ₹50,000 cr in 9 mtpa steel plant in Maharashtra",https://www.thehindubusinessline.com/companies/shyam-metalics-energy-to-invest-50000-cr-in-9-mtpa-steel-plant-in-maharashtra/article71547684.ece,BL Mumbai Bureau,2026-10-05T15:32:07Z,iron ore,"Shyam Metalics plans a ₹50,000 cr 9 MTpa steel complex in Chandrapur, Maharashtra, creating 10,000 direct and 20,000 indirect jobs.",BusinessLine,Unknown,News,2026-10-07T22:51:47.660470Z
22f6ef0f7ab567e49dad34137bc4aeec,Bad gastro bug caused by Salmonella sweeps through Rio Tinto WA iron ore camps managed by Sodexo,https://thewest.com.au/business/mining/bad-gastro-bug-caused-by-salmonella-sweeps-through-rio-tinto-wa-iron-ore-camps-managed-by-sodexo-c-22968831,Adrian Rauso,2026-10-05T08:25:51Z,iron ore,FIFO caterer Sodexo is again under pressure after scores of workers at Rio Tinto’s Pilbara mine camps fell ill amid a major salmonella outbreak.,The West Australian,Australia,News,2026-10-07T22:51:47.660491Z
d24add93a386a6e7ca09448e880e0bb1,SAIL achieved record production in various product categories during H1,https://www.thehindubusinessline.com/companies/sail-achieved-record-production-in-various-product-categories-during-h1/article71546245.ece,BL New Delhi Bureau,2026-10-05T07:37:11Z,iron ore,"SAIL posts record H1 FY27 outputs in steel and iron ore, with higher finished steel share and strong rail/retail sales driving industrial growth.",BusinessLine,Unknown,News,2026-10-07T22:51:47.660527Z
fd00ae8bba5e66bc5b8d1b16c4ae2a00,"Shyam Metalics signs MoU for ₹50,000 crore steel plant in Maharashtra",https://www.business-standard.com/companies/news/shyam-metalics-rs-50000-crore-integrated-steel-complex-chandrapur-maharashtra-126100500246_1.html,Unis Ahmad Dar,2026-10-05T05:36:22Z,iron ore,"Shyam Metalics & Energy Ltd signed MoU: 9-MTPA Chandrapur complex to be built in two phases, with 30,000 direct and indirect jobs; company to begin approvals in FY27",Business Standard,Unknown,News,2026-10-07T22:51:47.660565Z
cf81ea7d3103ab64abf6362661d5fb3c,Stocks to watch on October 5: What is buzzing around these 20 companies,https://www.thehindubusinessline.com/markets/stocks-to-watch-on-october-5-what-is-buzzing-around-these-20-companies/article71545670.ece,KS Badri Narayanan,2026-10-05T02:34:53Z,iron ore,"HDFC Bank, ICICI Life, Wipro, DLF, Ola Electric, Gland Pharma, Unimech, Solex Energy, Aurobindo Pharma, and others",BusinessLine,Unknown,News,2026-10-07T22:51:47.660596Z
133267da1dc891629b25aba7a9105218,"CAG detects ₹1,210 crore mining irregularities in Odisha amid MMDR debate",https://www.business-standard.com/industry/news/cag-detects-1-210-crore-mining-irregularities-in-odisha-amid-mmdr-debate-126100400520_1.html,Peerzada Abrar,2026-10-04T13:17:09Z,iron ore,Audit says 1.18 crore tonnes of coal produced beyond EC limits and without valid clearances,Business Standard,Unknown,News,2026-10-07T22:51:47.660670Z
8852cfa406f6a3d6358269a30a5e452d,"Steel Ministry asks SAIL, NMDC to explore mining assets abroad",https://www.thehindubusinessline.com/news/steel-ministry-asks-sail-nmdc-to-explore-mining-assets-abroad/article71543050.ece,PTI,2026-10-04T06:43:17Z,iron ore,Steel Ministry urges SAIL and NMDC to explore overseas mining assets to secure long-term raw materials and cut costs.,BusinessLine,Unknown,News,2026-10-07T22:51:47.660703Z
4031500687e4f8b7fab7d0bf57447a27,"Steel Ministry asks SAIL, NMDC to scout overseas mineral assets for raw material security",https://economictimes.indiatimes.com/industry/indl-goods/svs/steel/steel-ministry-asks-sail-nmdc-to-scout-overseas-mineral-assets-for-raw-material-security/articleshow/134670196.cms,ET Online,2026-10-04T05:39:35Z,iron ore,The Steel Ministry has instructed state-run steelmakers SAIL and NMDC to explore overseas mineral assets. This effort aims to secure long-term raw material supplies necessary for steel production. Indian steelmakers currently rely heavily on imports for cokin…,The Times of India,India,News,2026-10-07T22:51:47.660733Z
376f15a62625e97b3a715ccf32beac05,Indian group ArcelorMittal plans $1 billion investment in Brazil as Chinese steel imports decline,https://www.thehindubusinessline.com/companies/indian-group-arcelormittal-plans-1-billion-investment-in-brazil-as-chinese-steel-imports-decline/article71542891.ece,ANI,2026-10-04T05:37:15Z,iron ore,"According to Brasil 247, the company is also considering an investment of around R$5 billion to expand its Pecém plant in Ceará with a new hot-rolled coil production line",BusinessLine,China,News,2026-10-07T22:51:47.660751Z
4de059b073a93434d73966462f9250b8,"Steel Ministry asks SAIL, NMDC to explore overseas mineral assets",https://www.business-standard.com/economy/news/steel-ministry-asks-sail-nmdc-to-explore-overseas-mineral-assets-126100400120_1.html,Press Trust of India,2026-10-04T05:27:14Z,iron ore,"The Steel Ministry has asked its undertakings, SAIL and NMDC, to explore mineral assets abroad to help secure long-term raw material requirements and support input costs, an official said.
Steel Authority of India Ltd (SAIL) is India's largest public sector s…",Business Standard,India,News,2026-10-07T22:51:47.660780Z
adbe3b013c738e233a0e60b6218a3c83,SWR loads 4.4 million tonnes freight in Sept,https://timesofindia.indiatimes.com/city/hubballi/swr-loads-4-4-million-tonnes-freight-in-sept/articleshow/134663328.cms,TIMES NEWS NETWORK,2026-10-03T16:51:54Z,iron ore,South Western Railway loaded 4.41 mt freight in Sept (+5.9% YoY); iron ore led. Gross revenue hit Rs 870 crore (+15.9%); passenger traffic up.,The Times of India,Unknown,News,2026-10-07T22:51:47.660811Z
dd28e7cdb9706618433d626ebcc9ec5e,Iowa approves pricy foreign-owned steel plant project in swing district,https://www.cbsnews.com/news/iowa-steel-plant-mesabi-metallics-essar-group/,Lana  Zak,2026-10-03T12:29:35Z,iron ore,President Trump said Monday that the largest steel plant in U.S. history will be built in Iowa. It touched off a week of debate.,CBS News,Unknown,News,2026-10-07T22:51:47.660844Z
8c9f7cbc015ef76651086e7b22277057,Scientists Discover a Genius Use For Leftover Steel Waste – And It Could Save Lives,https://www.sciencealert.com/scientists-discover-a-genius-use-for-leftover-steel-waste-and-it-could-save-lives,Starre Vartan,2026-10-02T22:00:00Z,iron ore,"(Christophe Lehenaff/Getty Images)

Win-win-win.ScienceAlert stories are written, fact-checked, and edited by humans, never generated by AI. Don't miss a story, subscribe here.",ScienceAlert,Unknown,News,2026-10-07T22:51:47.660887Z
691bc9aea4cb882d534c34089f1c4358,What’s at Stake in Brazil’s Election,http://foreignpolicy.com/2026/10/02/brazil-lula-bolsonaro-election-trump-china-united-states-cuba/,Cameron Abadi and Adam Tooze,2026-10-02T17:09:19Z,iron ore,Results would have broad implications on foreign policy.,Foreign Policy,Brazil,News,2026-10-07T22:51:47.660903Z
3a209b8eacb239d1d32b8a2f1737fdca,Valheim and a Strange Lack of Trolls,https://tagn.wordpress.com/2026/10/02/valheim-and-a-strange-lack-of-trolls/,Wilhelm Arcturus,2026-10-02T15:15:33Z,iron ore,I think I might have gone with a dud seed.  Or maybe my settings are wrong.  It is hard to tell. It could be the mods.  Iron Gate has made it so the app will not grant you achievements if you are running mods.  This attempt to maintain the purity of the game …,Wordpress.com,Unknown,News,2026-10-07T22:51:47.660948Z
9fe81a47aeef2c4eab79be9bc793d0f6,I Don’t Want To Play Your AI-Generated Mod That Puts Skate 3 Inside Of Modern Warfare 2 Inside Of Minecraft,https://kotaku.com/i-dont-want-to-play-your-ai-generated-mod-that-puts-skate-3-inside-of-modern-warfare-2-inside-of-minecraft-2000738660,Amelia Zollner,2026-10-02T13:48:47Z,iron ore,Does anyone actually want to play these monstrosities taking over Twitter?,Kotaku,Unknown,News,2026-10-07T22:51:47.660987Z
ead6f55794812959de5bbb1147da8edb,EQ Resources Shares Sink 11% as Tungsten Miner Extends Volatile Pullback From Forrest-Fueled 2026 Rally,https://www.ibtimes.com.au/eq-resources-shares-fall-asx-rebound-1876163,Mike Clair,2026-10-02T04:40:31Z,iron ore,"EQ Resources shares fell 11.24% to 39.5 Australian cents as speculative resources stocks remained under pressure, despite a broader ASX rebound and the company's strong annual gains.",Ibtimes.com.au,Australia,News,2026-10-07T22:51:47.661005Z
b95fe2f5067a140881712d22358f603b,Did Trump say Iowans are 'really troubled people'?,https://www.snopes.com//fact-check/trump-iowans-troubled-people/,Emery Winter,2026-10-01T23:23:00Z,iron ore,"A video posted online in late September 2026 authentically shows U.S. President Donald Trump saying Iowans are ""really troubled people"" at a White House event.",Snopes.com,Unknown,News,2026-10-07T22:51:47.661039Z
7a82f733a3ece2710092fa0943be6950,"How Does One Person Kill a Mountain? by Shi Heiyao, translated by Andy Dudak",https://clarkesworldmagazine.com/shi_10_26/,Shi Heiyao and Andy Dudak,2026-10-01T19:35:47Z,iron ore,"1 Bakili awakes before the sky outside the window has shown the early fish-belly white of dawn. He stealthily gets out of bed, alighting on tiptoe, kisses his sleeping wife’s […]",Clarkesworldmagazine.com,Unknown,News,2026-10-07T22:51:47.661080Z
27499239483c3a230ec8f911204325bd,The Job by Elizabeth Bear,https://clarkesworldmagazine.com/bear_10_26/,Elizabeth Bear,2026-10-01T19:35:36Z,iron ore,"All the world was blue. Above, below, surrounding, within. The blue of the sky when Bethony broke the surface of an endless ocean to breathe in sweet, oxygen-rich, unpolluted air. […]",Clarkesworldmagazine.com,Unknown,News,2026-10-07T22:51:47.661134Z
3be089ca5fa9cfd2e5f065928b950d7b,Trump's Iowa Steel Mill Is a Win for Steelmakers. What About Everyone Else?,https://reason.com/2026/10/01/trumps-iowa-steel-mill-is-a-win-for-steelmakers-what-about-everyone-else/,Reem Ibrahim,2026-10-01T15:34:23Z,iron ore,"U.S. steel prices have surged, while overall manufacturing employment has fallen.",Reason,Unknown,Market Report,2026-10-07T22:51:47.661163Z
4b4e66f76adc59cd3d8f3c0ae2621c52,Oceanic Iron Ore Corp. Begins Trading on OTCQX Best Market,https://biztoc.com/x/6a1ec21be5ede08d,finance.yahoo.com,2026-10-01T11:49:15Z,iron ore,"NEW YORK, Oct. 01, 2026 (GLOBE NEWSWIRE) -- OTC Markets Group Inc. (OTCQX: OTCM), operator of regulated markets for trading 12,000 U.S. and international securities, today announced Oceanic Iron Ore Corp. (TSX-V: FEO; OTCQX: FEOVF), a mineral resource company…",Biztoc.com,Global,Market Report,2026-10-07T22:51:47.661207Z
c705146c9ebc36ed0b3e44b2f8c4c819,Dynacor Appoints New Chief Operating Officer,https://financialpost.com/globe-newswire/dynacor-appoints-new-chief-operating-officer,GlobeNewswire,2026-10-01T11:37:09Z,iron ore,"MONTREAL, Oct. 01, 2026 (GLOBE NEWSWIRE) — Dynacor Group Inc. (TSX: DNG) (“Dynacor“ or the “Corporation“) is delighted to announce the appointment of mining executive Jonathan Hill as Chief Operating Officer (“COO”). In his role, Mr. Hill will guide Dynacor’s…",Financial Post,Unknown,News,2026-10-07T22:51:47.661253Z
99a182c486e04b1da7996634b406c5f0,Oceanic Iron Ore Corp. Begins Trading on OTCQX Best Market,https://financialpost.com/globe-newswire/oceanic-iron-ore-corp-begins-trading-on-otcqx-best-market,GlobeNewswire,2026-10-01T11:07:06Z,iron ore,"NEW YORK, Oct. 01, 2026 (GLOBE NEWSWIRE) — OTC Markets Group Inc. (OTCQX: OTCM), operator of regulated markets for trading 12,000 U.S. and international securities, today announced Oceanic Iron Ore Corp. (TSX-V: FEO; OTCQX: FEOVF), a mineral resource company,…",Financial Post,Global,Market Report,2026-10-07T22:51:47.661293Z
aab5761301cefde7d6c6437060bc8376,US Fund Accuses Radiant World of Fraud in Swiss Complaint,https://www.insurancejournal.com/news/international/2026/10/01/887508.htm,Admin,2026-10-01T10:58:03Z,iron ore,"A US fund has filed a criminal complaint in Switzerland accusing Radiant World and related companies of fraud and money laundering, according to a US court filing, adding a new jurisdiction to the iron ore trader’s escalating legal and financial …",Insurance Journal,Unknown,News,2026-10-07T22:51:47.661341Z
73dce4d9100567da97f2305dcdb00321,"BS Sponge files draft papers to raise ₹1,000 crore through IPO",https://www.thehindubusinessline.com/markets/bs-sponge-files-draft-papers-to-raise-1000-crore-through-ipo/article71531609.ece,PTI,2026-10-01T06:46:32Z,iron ore,"BS Sponge Ltd files DRHP to raise ₹1,000 crore via IPO, including ₹800 crore fresh issue and ₹200 crore OFS, for debt repayment and growth.",BusinessLine,Unknown,News,2026-10-07T22:51:47.661381Z
c31166eab4b9fe2c9f230fdd1f1cf496,"Ravi, Shashi, Rewant Ruia net worth: Meet Essar family behind Trump’s ‘largest’ steel plant that has Russia link",https://www.livemint.com/companies/people/ravi-shashi-rewant-ruia-net-worth-meet-essar-family-behind-trump-s-largest-steel-plant-that-has-russia-link-11790834185711.html,Akriti Anand,2026-10-01T06:21:59Z,iron ore,"At the White House on Wednesday, Essar Group co-founder Ravi Ruia announced an $18 billion investment to build America’s largest steel plant in Iowa.",Livemint,USA,News,2026-10-07T22:51:47.661409Z
bad19a3779d7595b222783b0d84f8b9a,A-One Steels shares to list today: Check GMP ahead of debut,https://economictimes.indiatimes.com/markets/stocks/news/a-one-steels-shares-to-list-today-check-gmp-ahead-of-debut/articleshow/134606449.cms,Ritesh Presswala,2026-10-01T02:32:45Z,iron ore,The Rs 405 crore public issue was a book-built offering comprising a fresh issue of 87.65 lakh shares worth Rs 355 crore and an offer for sale (OFS) of 12.35 lakh shares aggregating to Rs 50 crore.,The Times of India,Unknown,News,2026-10-07T22:51:47.661444Z
049b9bd44ae42a783e43c1bd23eca2e6,Can Essar’s planned steelmaking project in America count on Trump’s policies outlasting his power?,https://www.livemint.com/opinion/online-views/can-essars-planned-steelmaking-project-in-america-count-on-trump-s-policies-outlasting-his-power-11790794389522.html,Mint Editorial Board,2026-10-01T02:00:58Z,iron ore,"The Indian industrial group's return to steelmaking with a project in the US would be in sync with Trump’s call to make this metal in America again. Yet, what looks like a win-win for Trump and Essar might be over-exposed to policy risks.",Livemint,India,News,2026-10-07T22:51:47.661472Z
a1fd810e490db8a3f3519ee3ecd713dc,Buzzard iron ore mine dispute leaves workers in limbo,https://www.abc.net.au/news/2026-10-01/buzzard-iron-ore-mine-dispute-leaves-workers-in-limbo/107215102,James Wakelin and Daniel Keane,2026-10-01T01:59:27Z,iron ore,"About 200 workers at an iron ore mine in SA's far north are facing uncertain futures amid a financial dispute between the project's owner and a major on-site contractor, the ABC understands.",ABC News (AU),Unknown,News,2026-10-07T22:51:47.661508Z
6674d7408cac71cbd87a05cbc65121a2,News Corp celebrates more than a decade of paying zero tax in Australia,http://www.crikey.com.au/2026/10/01/news-corp-tax-australia-corporate-income-tax-report-ato/,Bernard Keane,2026-10-01T01:25:14Z,iron ore,"News Corp continues to make serious money in Australia while paying no tax. But even the Murdoch monolith isn't the nation's worst tax dodger.
The post News Corp celebrates more than a decade of paying zero tax in Australia appeared first on Crikey.",Crikey,Australia,Market Report,2026-10-07T22:51:47.661521Z
222cb9050d5ba1eaf647d2b57ceebe1c,"If I invest $10,000 in Fortescue shares, how much passive income could I earn in FY27?",https://www.fool.com.au/2026/10/01/if-i-invest-10000-in-fortescue-shares-how-much-passive-income-could-i-earn-in-fy27/,Samantha Menzies,2026-09-30T21:30:00Z,iron ore,"Do you hold Fortescue shares in your portfolio?
The post If I invest $10,000 in Fortescue shares, how much passive income could I earn in FY27? appeared first on The Motley Fool Australia.",Motley Fool Australia,Australia,News,2026-10-07T22:51:47.661538Z
0235b69b580f3d53b593a0c9a04844ef,Naveen Jindal weighs bid for EU firm Celsa,https://economictimes.indiatimes.com/industry/indl-goods/svs/steel/naveen-jindal-weighs-bid-for-eu-firm-celsa/articleshow/134601730.cms,Mohit Bhalla,2026-09-30T19:22:09Z,iron ore,"Naveen Jindal, chairman of Jindal Steel, is considering a 5-billion bid for European steelmaker Celsa to enhance his operations. The discussions are at a preliminary stage and could attract competition from other bidders. Celsa, headquartered in Barcelona, ha…",The Times of India,Unknown,News,2026-10-07T22:51:47.661585Z
4620877c9921f75e4d15d8a024b74c24,"Globalisation 2.0, can it be furrowed home?",https://economictimes.indiatimes.com/opinion/et-editorial/globalisation-2-0-can-it-be-furrowed-home/articleshow/134600241.cms,ET Bureau,2026-09-30T17:43:21Z,iron ore,"Indian corporations are making bold strides abroad, with Essar establishing a massive $15 billion steel complex in Iowa. Notable companies such as Tata Motors and Reliance are also venturing into international markets across diverse sectors. However, the decl…",The Times of India,India,Market Report,2026-10-07T22:51:47.661605Z
898d96b2ad7ff9dbf3c2f4407d913b1f,Warlock: Dungeons & Dragons developers hope to set aside the Baldur's Gate 3 comparisons and build their own kind of open world,https://www.eurogamer.net/warlock-dungeons-dragons-gamescom-preview,Matt Wales,2026-09-30T14:00:34Z,iron ore,"This probably feels like a bit of an odd place to start, but Warlock: Dungeons & Dragons isn't Fable. Yet, when I sat down to watch developer Invoke Studios' Gamescom demo of Warlock with no real idea of what to expect, it was the first thing that popped into…",Eurogamer.net,Unknown,News,2026-10-07T22:51:47.661654Z
fe904dc1ad5ea1d751c843643c095659,Vessel Carrying Vehicles Became Stuck on Rhine River as Levels Drop,https://www.insurancejournal.com/news/international/2026/09/30/887357.htm,Admin,2026-09-30T12:39:21Z,iron ore,"A vessel carrying vehicles briefly became stuck at Dusseldorf harbor due to critically low water levels on the Rhine River, in one of the latest examples of how this year’s extreme weather is threatening transport. The Terra 2 got stuck …",Insurance Journal,Unknown,News,2026-10-07T22:51:47.661703Z
e842e3cf5eff94468ec0019428bb4f4c,"""I always see it kind of like a triangle"": The surprising challenge of making the perfectly-sized cave in Satisfactory expansion Core Values",https://www.rockpapershotgun.com/i-always-see-it-kind-of-like-a-triangle-the-surprising-challenge-of-making-the-perfectly-sized-cave-in-satisfactory-expansion-core-values,Julian Benson,2026-09-30T11:15:00Z,iron ore,"When I first learned about Core Values, the upcoming expansion to factory automation game Satisfactory, I didn't grasp the scale of the challenge developer Coffee Stain had set themselves. 'So, the game is set underground now?' I thought. 'I'll just stick up …",Rock Paper Shotgun,Unknown,News,2026-10-07T22:51:47.661756Z
8d6f3ccaa59696a2416814fefb9ca37f,"Asset-light, green, and de-risked: The new blueprint behind Essar Group’s comeback",https://www.thehindubusinessline.com/companies/asset-light-green-and-de-risked-the-new-blueprint-behind-essar-groups-comeback/article71527570.ece,Rishi Ranjan Kala,2026-09-30T10:09:51Z,iron ore,"In a shift from a family-owned business to an eye on returns and shareholder interest, the Ruia family now prefers to be a smart investor rather than a promoter",BusinessLine,Unknown,News,2026-10-07T22:51:47.661796Z
6a89791f7e8e430b578b92fda4b0bc14,Qld treasurer criticises national GST carve-up at National Press Club,https://www.abc.net.au/news/2026-09-30/janetzki-press-club-qld-national-gst-distribution/107210804,Claudia Williams,2026-09-30T05:50:53Z,iron ore,Queensland Treasurer David Janetzki has criticised the federal government's GST distribution system in a historic address to the National Press Club in Queensland.,ABC News (AU),Unknown,News,2026-10-07T22:51:47.661832Z
eab332f11cf76d65d7f685963ac10887,The Mesabi Steel Plant: Trump’s Tariffs in Action,https://www.americanthinker.com/articles/2026/09/the-mesabi-steel-plant-trump-s-tariffs-in-action/,,2026-09-30T04:00:00Z,iron ore,"Photo Credit:
 
 PxhereBy John F. Di LeoThis is an exciting story for the American heartland, and also for America in general.",Americanthinker.com,USA,News,2026-10-07T22:51:47.661856Z
99682420f74d2867395c27ed091bf3b9,1960 Ford Galaxie Sunliner Convertible,https://bringatrailer.com/listing/1960-ford-galaxie-10/,bringatrailer,2026-10-06T22:07:12Z,steel production,"This 1960 Ford Galaxie Sunliner convertible underwent a multi-year refurbishment that was completed in 2012. Work involved a repaint in red, a retrim of the black, red, and white interior, and overhauls of the 352ci Thunderbird V8 and the three-speed Cruise-O…",Bringatrailer.com,Unknown,News,2026-10-07T22:51:48.641957Z
b977e42e3a60ddd10a80bb6153caef36,29k-Mile 2004 Porsche Boxster 5-Speed,https://bringatrailer.com/listing/2004-porsche-boxster-37/,bringatrailer,2026-10-06T21:45:26Z,steel production,"This 2004 Porsche Boxster is finished in Carmon Red Metallic over Graphite Grey leather and is powered by a 2.7-liter flat-six paired with a five-speed manual transaxle. Equipment includes a Graphite Grey soft top as well as 18"" Carrera-style wheels, side ski…",Bringatrailer.com,Unknown,News,2026-10-07T22:51:48.642010Z
61ce8d1f7567ab4e6d590d6522e9644f,"Tubeless Tires Market to Reach USD 257.192 Billion by 2035 as OEM Fitment, Two-Wheeler Conversion and Puncture-Safety Demand Accelerate, Reports Radial Insights",https://www.prnewswire.com/news-releases/tubeless-tires-market-to-reach-usd-257-192-billion-by-2035-as-oem-fitment-two-wheeler-conversion-and-puncture-safety-demand-accelerate-reports-radial-insights-302900319.html,,2026-10-06T21:45:00Z,steel production,"MIDDLETOWN, Del., Oct. 6, 2026 /PRNewswire/ -- The global Tubeless Tires Market was valued at USD 150.001 billion in 2025 and is projected to expand from USD 157.501 billion in 2026 to USD 257.192 billion by 2035, registering a compound annual growth rate of …",PRNewswire,Global,Analysis/Opinion,2026-10-07T22:51:48.642058Z
8618a9d5469f70ebb1f3a741b75ae194,Boney James – A Simple Man (2026),https://exystence.net/blog/2026/10/06/boney-james-a-simple-man-2026/,exy,2026-10-06T20:00:34Z,steel production,"A Simple Man is album number 20 for American contemporary jazz saxophonist Boney James. It’s been an illustrious career for the saxophonist, producer, and composer who has received four Grammy nominations, a Soul Train Award, four gold-certified albums and, i…",Exystence.net,USA,News,2026-10-07T22:51:48.642087Z
14a979488eb2619dfe1351cc63282991,'Happy Days' star Anson Williams shares shirtless selfie at 77 with a defiant message about aging,https://www.foxnews.com/entertainment/happy-days-star-anson-williams-shares-shirtless-selfie-77-defiant-message-aging,,2026-10-06T19:45:11Z,steel production,"Anson Williams shared a shirtless selfie at 77 with a powerful message to boomers, crediting partner Sharon MaHarry and ""good lovin'"" for his vitality.",Fox News,Unknown,News,2026-10-07T22:51:48.642156Z
1a82b08aefba38b47502a416cbfe3616,1969 Chevrolet Corvette Convertible L88 427/430,https://bringatrailer.com/listing/1969-chevrolet-corvette-convertible-110/,bringatrailer,2026-10-06T19:40:42Z,steel production,This 1969 Chevrolet Corvette is one of 216 examples manufactured with the L88 package during three years of production and is one of 116 built for the 1969 model year. It was specified in Monza Red over black upholstery and configured as a convertible with a …,Bringatrailer.com,Unknown,News,2026-10-07T22:51:48.642208Z
c9a9452397e7938ed776ab0c5934a4dc,Building a context-aware AI assistant on AgentCore and OpenClaw,https://aws.amazon.com/blogs/machine-learning/building-a-context-aware-ai-assistant-on-agentcore-and-openclaw/,Thiago Verney,2026-10-06T19:19:15Z,steel production,"Off-the-shelf AI assistants forget you between conversations. This post shows how to build a personal assistant that accumulates context using OpenClaw on Amazon Bedrock AgentCore runtime, with AgentCore memory turning disposable chats into durable, structure…",Amazon.com,Unknown,News,2026-10-07T22:51:48.642258Z
a148e44887cd1abc39e0586a76131197,1950 Ford 8N Tractor at No Reserve,https://bringatrailer.com/listing/1950-ford-8n-tractor-17/,bringatrailer,2026-10-06T19:14:54Z,steel production,This 1950 Ford 8N tractor was refurbished under prior ownership and is finished in gray over a red chassis and running gear. It is powered by a 120ci inline-four paired with a four-speed manual transmission. Additional equipment includes a spring-suspended op…,Bringatrailer.com,Unknown,News,2026-10-07T22:51:48.642308Z
ee37f92e03b9bc2ce8c77e53f1916790,17 Reasons Why Walmart Has Better Deals Than Amazon This Week,http://www.rollingstone.com/product-recommendations/electronics/walmart-deals-event-sale-vs-amazon-prime-october-2026-shop-1235637775/,Tim Chan,2026-10-06T19:00:17Z,steel production,"What we like: while Amazon's best deals are reserved for Prime members, anyone can shop Walmart's sale, with discounts up to 84% off",Rolling Stone,Unknown,News,2026-10-07T22:51:48.642340Z
bdaebb8e7087890c73211049124ff94d,2027 Mini Countryman Untamed Edition,https://www.netcarshow.com/mini/2027-countryman_untamed_edition/,,2026-10-06T18:27:59Z,steel production,"The suspension lift will be available for all Untamed Edition variants in the United States and Canada, while in Europe it will be offered exclusively on the all-electric models.",Netcarshow.com,USA,News,2026-10-07T22:51:48.642359Z
da6db2dd3d87c65e0b252e4669d4a217,1938 Cadillac Fleetwood Series 75 Seven-Passenger Touring Sedan,https://bringatrailer.com/listing/1938-cadillac-fleetwood-series-75-4/,bringatrailer,2026-10-06T17:33:05Z,steel production,"This 1938 Cadillac Fleetwood Series 75 seven-passenger touring sedan was purchased by the current owner out of the Oakland Hills circa 2008 as a non-running project. It was subsequently refurbished, with work reportedly including a rebuild of the 346ci V8, a …",Bringatrailer.com,Unknown,Market Report,2026-10-07T22:51:48.642402Z
000389aa052a8f06cd970a3a00da3ea6,Kate Waters – Some Comfort (2026),https://exystence.net/blog/2026/10/06/kate-waters-some-comfort-2026/,exy,2026-10-06T17:00:27Z,steel production,"Kate Waters knows a thing or two about the healing power of music. The Texas-based singer-songwriter is a trained music therapist, and her ability to create meaningful songs using an economy of words, but never of emotions, is clearly evident on her aptly tit…",Exystence.net,Unknown,News,2026-10-07T22:51:48.642449Z
9a024c694e3ff063342618854c180630,India Rejects UN Climate Politics in Favor of Industrialization,https://wattsupwiththat.com/2026/10/06/india-rejects-un-climate-politics-in-favor-of-industrialization/,Guest Blogger,2026-10-06T17:00:00Z,steel production,"By Vijay Jayaraj India’s External Affairs Minister, Dr. Subrahmanyam Jaishankar, used the U.N. General Assembly gathering to say something that climate scaremongers like Al Gore and John Kerry have spent… 
The post India Rejects UN Climate Politics in Favor o…",Wattsupwiththat.com,India,News,2026-10-07T22:51:48.642475Z
5fdbb32b46c1f19886f70e3523a48eac,MINI countryman goes ‘untamed’ with its most rugged setup yet for life off-road,https://www.designboom.com/technology/mini-countryman-untamed-edition-rugged-off-roading-lifted-suspension-all-terrain-roof-tent/,kat barandy I designboom,2026-10-06T16:00:26Z,steel production,"the countryman gets its most rugged setup yet, with a suspension lift, all-terrain tires, and a hard-shell roof tent.
The post MINI countryman goes ‘untamed’ with its most rugged setup yet for life off-road appeared first on designboom | architecture & design…",Designboom,Unknown,News,2026-10-07T22:51:48.642525Z
3cf8d8e141b25b36a8f09709917d37be,The new MINI Countryman Untamed Edition: More freedom for adventure.,https://www.press.bmwgroup.com/global/article/detail/T0461077EN/the-new-mini-countryman-untamed-edition:-more-freedom-for-adventure?language=en,,2026-10-06T16:00:00Z,steel production,"+++ MINI Countryman Untamed Edition with a distinctive, more rugged design and enhanced off-road capability +++ Greater all-terrain versatility thanks to increased ground clearance, all-terrain tyres, exclusive design features and intelligent MINI ALL4 all-wh…",Bmwgroup.com,Unknown,News,2026-10-07T22:51:48.642575Z
f870289243403b1b3195d56cbb7c7749,Mini Countryman gains rugged new Untamed trim,https://www.autocar.co.uk/car-news/new-cars/mini-countryman-gains-rugged-new-untamed-trim,Stephen Dobie,2026-10-06T16:00:00Z,steel production,"Raised ride height, all-terrain tyres, host of new accessories produce brand's most off-road-ready SUV yet

Mini has unveiled the new Countryman Untamed Edition, its most rugged, off-road-ready SUV yet.

The third-generation Countryman is the first to gain s…",Autocar,Unknown,News,2026-10-07T22:51:48.642623Z
fcfe43db47900ee05b0a180ad7fe677d,MINI Countryman Untamed Edition Debuts With Off-Road Attitude,https://www.bmwblog.com/2026/10/06/mini-countryman-untamed-edition/,Adrian Padeanu,2026-10-06T15:59:30Z,steel production,"MINI is taking the Countryman somewhere it probably doesn’t spend much time: off the pavement. Say hello to the new Untamed Edition, a more rugged version of the brand’s largest model designed for customers who...
First published by https://www.bmwblog.com",BMWBLOG,Unknown,News,2026-10-07T22:51:48.642668Z
3971e5dc4bee319e3e8da6510025b259,56-Years-Owned 1967 Ford F-100 Custom Cab 3-Speed at No Reserve,https://bringatrailer.com/listing/1967-ford-f-100-80/,bringatrailer,2026-10-06T15:40:14Z,steel production,"This 1967 Ford F-100 Custom Cab was purchased by the seller's mother in New Mexico in 1970, and it is believed that she has added approximately 80k miles over that time period. The truck is finished in green over gray cloth and vinyl and is powered by a 352ci…",Bringatrailer.com,Unknown,News,2026-10-07T22:51:48.642711Z
46d7a67ce8f668418492e3f56efa79a8,Everything we bought during October Prime Day (so far),https://www.nbcnews.com/select/shopping/editor-favorites-october-prime-day-2026-rcna601592,Kailey Sigoda,2026-10-06T15:33:17Z,steel production,"Our editors reveal what they bought during Amazon Prime Day 2026, including deals on beauty, home, tech, kitchen and everyday essentials.",NBC News,Unknown,News,2026-10-07T22:51:48.642743Z
17be57d04367628cd9ea36a588570152,Power plants with critical stocks rise as supply fails to meet demand,https://www.thehindubusinessline.com/companies/power-plants-with-critical-stocks-rise-as-supply-fails-to-meet-demand/article71552455.ece,Rishi Ranjan Kala,2026-10-06T15:29:28Z,steel production,"As thermal power plants (TPPs) burn more coal to meet electricity demand, the supply seems to be failing to meet the daily requirement with 81 plants based on domestic coal running on critical stocks compared to 73 a week ago",BusinessLine,Unknown,Market Report,2026-10-07T22:51:48.642778Z
11746e43f1e51b4030e11d3fb7701429,What a Chinese pollution crackdown can teach Canada about carbon pricing,https://theconversation.com/what-a-chinese-pollution-crackdown-can-teach-canada-about-carbon-pricing-292862,"Longzhou Wang, Assistant Lecturer, Alberta School of Business, University of Alberta",2026-10-06T15:12:04Z,steel production,Canada has lowered its planned industrial carbon price. Research from China shows why the effects of environmental rules depend on firms’ ability to adapt.,The Conversation Africa,China,News,2026-10-07T22:51:48.642796Z
631d260beff70756e628b4c84a8e48f6,User Feedback Yields a Useful Study Object Made of Brass,https://www.core77.com/posts/145578/User-Feedback-Yields-a-Useful-Study-Object-Made-of-Brass,Rain Noe,2026-10-06T15:00:00Z,steel production,"Reading a book is very different from studying a textbook. With the former, you flip through pages at whatever pace you read. With the latter, you leave the textbook open to a particular page while you take notes, transcribe, or re-read text in order for it t…",Core77.com,Unknown,News,2026-10-07T22:51:48.642840Z
417377ca4f8fb13fb5e730f3d2b82966,Ottawa gives Stelco's U.S. owner 5 days to share plan to keep jobs,https://www.cbc.ca/news/business/stelco-joly-litter-9.7370856,,2026-10-06T14:56:06Z,steel production,Ottawa has given the U.S. owner of Stelco five business days to share a plan to maintain jobs at the Hamilton steelmaker or face potential legal action.,CBC News,Unknown,News,2026-10-07T22:51:48.642873Z
2220d9eaa44baa8d31c35ed90ec13c6c,大成長と大恐慌,https://himaginary.hatenablog.com/entry/20261006/the-great-accretion-and-the-great-depression,himaginary,2026-10-06T14:50:22Z,steel production,"というNBER論文が上がっている（H/T タイラー・コーエン、ungated版）。原題は「The Great Accretion and the Great Depression」で、著者はHarold L. Cole（ペンシルベニア大）、Stefano Cravero（同）、Jeremy Greenwood（同）。 以下はその結論部。 The Second Industrial Revolution, which unfolded around the turn of the 20th century, ush…",Hatenablog.com,Unknown,News,2026-10-07T22:51:48.642916Z
55ae97255d3bb9bea39ca2421479b987,1957 Chevrolet Bel Air Convertible 3-Speed,https://bringatrailer.com/listing/1957-chevrolet-bel-air-377/,bringatrailer,2026-10-06T14:00:13Z,steel production,"This 1957 Chevrolet Bel Air convertible was purchased by the seller's grandparents in 2010, and subsequent refurbishment work included separating the body from the frame and repainting it in the factory shade of Colonial Cream. It is powered by a 283ci V8 wit…",Bringatrailer.com,Unknown,News,2026-10-07T22:51:48.642959Z
199c670738fe7fd191bcab94fd63f8d4,A Bauhausian Take on the Coat Rack,https://www.core77.com/posts/145575/A-Bauhausian-Take-on-the-Coat-Rack,Rain Noe,2026-10-06T14:00:00Z,steel production,"This wonderful, Bauhausian Bazar coat rack is by German industrial designer Steffen Kehrle. By transforming the tree into a wire cylinder, Kehrle provides hanging space on the outside, while the interior becomes usable storage space thanks to circular shelves…",Core77.com,Germany,News,2026-10-07T22:51:48.643003Z
f9e06ef17f154f09bd854b783d5b13a8,Major Franchises United By Paramount WB Merger & Where To Stream Them,https://deadline.com/gallery/franchises-warner-brothers-paramount-merger-streaming/,Dessi Gomez,2026-10-06T13:53:51Z,steel production,"Now that Paramount and Warner Bros. are becoming one entity, several major well-known properties will be united under the same umbrella.",Deadline,Unknown,News,2026-10-07T22:51:48.643035Z
3ec2493ce6e46daff810ae59d097fd0d,Gigaphoton debuts neon recycling system with claimed 50% recovery rate,https://www.tomshardware.com/tech-industry/gigaphoton-debuts-neon-recycling-system-with-claimed-50-percent-recovery-rate-systems-throw-a-lifeline-to-chipmakers-that-utilize-70-percent-of-global-neon-supply-in-duv-lithography,Jon Martindale,2026-10-06T13:20:00Z,steel production,"New neon gas recycling systems promise to reduce the demand for the noble gas at major chip manufacturers using DUV lithography. But as that technology is supplanted, this much-needed fix may only be needed temporarily.",Tom's Hardware UK,Unknown,News,2026-10-07T22:51:48.643073Z
5402ab2a13d98a991f89f90438ab3c5d,Option Care Health Soars 22% on $5 Billion Acquisition Reports - Blockonomi,https://blockonomi.com/option-care-health-soars-22-on-5-billion-acquisition-reports/,Trader Edge,2026-10-06T13:16:36Z,steel production,"Stock futures rise as Nasdaq hits its 23rd record. Nvidia (NVDA) gains 0.9%, Option Care Health jumps 22%, and Nike (NKE) falls 1.3% on weak outlook.",Blockonomi,Unknown,Analysis/Opinion,2026-10-07T22:51:48.643100Z
75f89fcef224465db03e701a989c40ff,Anduril and US Navy commit $6.6 billion to Baltimore submarine expansion,https://cryptobriefing.com/anduril-us-navy-baltimore-submarine-expansion/,Diego Almada Lopez,2026-10-06T13:06:24Z,steel production,"The investment could significantly boost regional employment and enhance the U.S. defense industrial base, impacting future maritime security.
The post Anduril and US Navy commit $6.6 billion to Baltimore submarine expansion appeared first on Crypto Briefing.",Crypto Briefing,Unknown,News,2026-10-07T22:51:48.643156Z
0cfb7c397b3455865367be8b089249da,The Plasma Superdonors,https://www.menshealth.com/health/a73689377/plasma-donation-safety-ethics/,Rina Raphael,2026-10-06T13:00:00Z,steel production,"A growing number of financially struggling Americans are donating their “liquid gold” twice per week to make ends meet. What, if any, health risks are there in such high-frequency donation, and are these superdonors being paid fairly?",menshealth.com,USA,News,2026-10-07T22:51:48.643183Z
f9f0a3a3bd250a5268ec1e5afa5409d8,Forgotten American V8 Roadster – The Incredible Panoz Esperante,https://silodrome.com/panoz-esperante/,Ben Branch,2026-10-06T12:30:49Z,steel production,"This is a Panoz Esperante from 2005, it has just 15,000 miles on the odometer, and it’s powered by a 4.6 liter Ford Modular...
The post Forgotten American V8 Roadster – The Incredible Panoz Esperante appeared first on Silodrome.",Silodrome.com,USA,News,2026-10-07T22:51:48.643210Z
5f6274c8264e5f687238504b54434ea5,James Gunn Is Already Writing His Next DC Project Ahead of the Release of MAN OF TOMORROW,https://geektyrant.com/news/james-gunn-is-already-writing-his-next-dc-project-ahead-of-the-release-of-man-of-tomorrow,Jessica Fisher,2026-10-06T12:29:00Z,steel production,"James Gunn has been full steam ahead since joining DC as co-CEO of the studio. Over the past four years, he has been working on his own projects, including Superman, Creature Commandos, and Peacemaker, while producing several more at movies and shows DC, and …",GeekTyrant,Unknown,News,2026-10-07T22:51:48.643258Z
75f9087314c20108265481eb9a7863f0,Figure 02 Robots Melted Down In A Real-Life Terminator Ending,https://bitrebels.com/technology/figure-02-robots-melted-down-in-a-real-life-terminator-ending/,Ben Williams,2026-10-06T12:02:37Z,steel production,"Figure’s public farewell to its second-generation humanoids looked like cinematic closure, but the spectacle was anchored in practical decisions. Rather than quietly dismantling or storing retired robots, the company arranged for some units to be destroyed in…",Bitrebels.com,Unknown,News,2026-10-07T22:51:48.643306Z
17e673b72fa9d921ff9638b6282970bd,Allied Gold Reports Resource Growth and Mine Life Extension Potential from Exploration Program as the Kurmuk Mine Completes Commissioning and Begins Operations,https://financialpost.com/globe-newswire/allied-gold-reports-resource-growth-and-mine-life-extension-potential-from-exploration-program-as-the-kurmuk-mine-completes-commissioning-and-begins-operations,GlobeNewswire,2026-10-06T11:54:07Z,steel production,"TORONTO, Oct. 06, 2026 (GLOBE NEWSWIRE) — Allied Gold Corporation (TSX: AAUC, NYSE: AAUC) (“Allied” or the “Company”) is pleased to provide an update on exploration at the Kurmuk Mine in western Ethiopia, highlighting exploration progress and the expansion of…",Financial Post,Unknown,Market Report,2026-10-07T22:51:48.643356Z
e3755824567555f7ebdf4b928b211e9b,How Fast Do Tariffs Pass Through into Consumer Prices?,https://libertystreeteconomics.newyorkfed.org/2026/10/how-fast-do-tariffs-pass-through-into-consumer-prices/,"Mary Amiti, Sebastian Heise, and David E. Weinstein",2026-10-06T11:52:46Z,steel production,"There has been a lot of interest in how tariffs affect consumer prices (for example, Cavallo et al. 2021, 2025). In this post, we present results from our new research paper that estimates the effects of the 2025-26 tariffs on retail consumer prices. We find …",Newyorkfed.org,Unknown,Market Report,2026-10-07T22:51:48.643399Z
4293c137e4273771d31403dcf40609ff,CANADA NICKEL COMPANY RELEASES 2025 ESG REPORT,https://www.prnewswire.com/news-releases/canada-nickel-company-releases-2025-esg-report-302898969.html,,2026-10-06T10:45:00Z,steel production,"TORONTO, Oct. 6, 2026 /PRNewswire/ -- Canada Nickel Company Inc. (""Canada Nickel"" or the ""Company"") (TSXV: CNC) (OTCQB: CNIKF) today released the Company's 2025 Environmental, Social, and Governance (ESG) Report. While ESG reporting remains voluntary for Cana…",PRNewswire,Unknown,Market Report,2026-10-07T22:51:48.643473Z
babbd1b840f3f7620bccea86107c8b8e,Brimstone and its one-stop process for making cleaner cement and critical minerals,https://www.technologyreview.com/2026/10/06/1145172/2026-climate-tech-companies-to-watch-brimstone-one-stop-process-making-cleaner-cement-critical-minerals/,James Temple,2026-10-06T10:35:00Z,steel production,"Brimstone is making strides on two industrial problems, reducing the emissions from cement and providing a way to produce more critical minerals within the US. If the company can do both, with the same rocks in the same plant, it would unlock a cleaner and mo…",MIT Technology Review,Unknown,News,2026-10-07T22:51:48.643523Z
a57fd77aefd95f0ab62ad3b47c2df0ce,BD and U.S. Government Launch Landmark Partnership to Expand U.S. Manufacturing and Strengthen America's Healthcare Resilience,https://www.prnewswire.com/news-releases/bd-and-us-government-launch-landmark-partnership-to-expand-us-manufacturing-and-strengthen-americas-healthcare-resilience-302899657.html,,2026-10-06T10:35:00Z,steel production,"Agreement supports significant investments in U.S. manufacturing, strengthens healthcare resilience and increases domestic production of essential medical consumables used in approximately 90% of U.S. hospital visits   FRANKLIN LAKES, N.J., Oct. 6, 2026 /PRNe…",PRNewswire,USA,News,2026-10-07T22:51:48.643555Z
c28c78758b486a612c63c78576597ff1,2026 Polestar 5,https://www.netcarshow.com/polestar/2026-5/,,2026-10-06T10:13:59Z,steel production,"The driving position of the Polestar 5 is deliberately reclined, with a performance focus, thanks to the low-slung seats and upright angled steering wheel brought close...",Netcarshow.com,Unknown,News,2026-10-07T22:51:48.643585Z
9966ef1c33b9a750d1515a54885f2910,Five Rolex Watches For Those Thinking Outside The Box,https://www.fratellowatches.com/five-rolex-watches-for-those-thinking-outside-the-box/,Henry Black,2026-10-06T09:00:09Z,steel production,"Say “Rolex” to most people, and their mental image is fully formed before you finish the sentence — a Submariner, maybe a Datejust on a Jubilee bracelet, something that has been photographed on a thousand wrists. For some enthusiasts, that image is precisely …",Fratellowatches.com,Unknown,News,2026-10-07T22:51:48.643631Z
575350e4948c7bf48ed238a38a42da3c,The world without solar and wind?,https://skepticalscience.com/world-wo-solar-wind.html,,2026-10-06T08:35:09Z,steel production,"This is a re-post from The Climate Brink
Twenty years ago, wind, solar and other non-hydro renewables were close to a rounding error. In 2005 they supplied a mere 2.0% of the world’s electricity generation. By 2015 that had risen to 6.8%, and by 2025 it was u…",Skepticalscience.com,Unknown,News,2026-10-07T22:51:48.643675Z
f8c9ede60183ff1e884e14105c9afeba,Rajiv Memani: How a new set of economic reforms could help India’s economy stay resilient amid global turmoil,https://www.livemint.com/opinion/online-views/rajiv-memani-how-new-economic-reforms-could-help-india-economy-stay-resilient-amid-global-turmoil-11791195973095.html,Rajiv Memani,2026-10-06T08:34:23Z,steel production,The Indian economy has shown remarkable resilience in the face of global flux. Deepening reforms will help enhance the economy’s competitiveness and accelerate growth as well as job creation. Here’s a list of reforms that demand priority.,Livemint,India,News,2026-10-07T22:51:48.643704Z
063a3f14ca1e06e45621393cc54c35b3,Iran Faces Severe Challenges to Rebuild Missile and Drone Production,https://warontherocks.com/iran-faces-severe-challenges-to-rebuild-missile-and-drone-production/,Jim Lamson,2026-10-06T07:30:13Z,steel production,"With the significant Israeli and U.S. military attacks against Iran in 2025 and early 2026, analysts have discussed and debated Iran’s ability to replenish its missile and drone arsenal. Since 2024, Iran has burned through thousands of ballistic missiles, cru…",War on the Rocks,Unknown,News,2026-10-07T22:51:48.643753Z
710a8c9ce4d014e921585ab31932d287,"Darius Jabloński, Kadri Kousaar and Rodrigo Susarte Make the Cut at Tallinn TV Beats Co-Financing Market (EXCLUSIVE)",https://variety.com/2026/tv/global/darius-jablonski-tallinn-tv-beats-1236899447/,Emeza805,2026-10-06T07:00:00Z,steel production,"Polish film and TV luminary Darius Jabloński’s spy thriller “Fortel” and Estonia’s “Stormbird” from multi-awarded Kadri Kousaar (“Magnus,” “Mother”) feature in the lineup of Tallinn’s TV Beats Co-Financing Market, running over Nov. 16-17. They are joined by S…",Variety,Unknown,Market Report,2026-10-07T22:51:48.643799Z
354d8c76fd2ae2fbe19b8430748b0112,Domestic steel demand to rise; in talks with the Netherlands government over steel production: Tata Steel CEO,https://economictimes.indiatimes.com/industry/indl-goods/svs/steel/domestic-steel-demand-to-rise-in-talks-with-the-netherlands-government-over-steel-production-tata-steel-ceo/articleshow/134725307.cms,ET Online,2026-10-06T06:46:59Z,steel production,"Tata Steel CEO T V Narendran stated that domestic steel demand is expected to grow 8-10% in the coming months. He mentioned positive signs from all consuming sectors contributing to this anticipated growth. Additionally, Tata Steel is negotiating with the Dut…",The Times of India,Unknown,News,2026-10-07T22:51:48.643852Z
c6a5c7ee0454ced6f8a6fbd725a10438,Defence Minister launches Fleet Support Ship-1 at HSL in Vizag,https://www.thehindubusinessline.com/economy/logistics/defence-minister-launches-fleet-support-ship-1-at-hsl-in-vizag/article71550150.ece,PTI,2026-10-06T06:32:12Z,steel production,"The upgraded Slipway-4, with its extended length and enhanced load-bearing capability, supported by the goliath crane will enable the shipyard to build and launch vessels of up to 45,000 DWT",BusinessLine,India,News,2026-10-07T22:51:48.643872Z
d1dca3cf3048bef820c06c8a798c4586,Made In Sweden: The Hultafors Classic Hunting Axe,https://silodrome.com/hultafors-classic-hunting-axe/,Ben Branch,2026-10-06T06:30:44Z,steel production,"This is the Hultafors Classic Hunting Axe, each is made by hand in Sweden using traditional techniques, and this design was specifically created to be...
The post Made In Sweden: The Hultafors Classic Hunting Axe appeared first on Silodrome.",Silodrome.com,Unknown,News,2026-10-07T22:51:48.643913Z
4920c5789295e1605b1de221ccc0674e,Steel demand to grow 8-10% in H2: T V Narendran,https://www.thehindubusinessline.com/markets/commodities/steel-demand-to-grow-8-10-in-h2-t-v-narendran/article71550146.ece,PTI,2026-10-06T06:21:35Z,steel production,"On the proposed Netherlands project, he said the company is actively engaged with the government there to resolve issues before signing of a binding agreement",BusinessLine,Unknown,News,2026-10-07T22:51:48.643946Z
8579a759fedb23cadcff5a1e0a3ef513,Domestic steel demand to grow 8-10% in H2 FY27: Tata Steel CEO,https://www.business-standard.com/industry/news/domestic-steel-demand-to-grow-8-10-in-h2-fy27-tata-steel-ceo-126100600315_1.html,Press Trust of India,2026-10-06T06:18:31Z,steel production,"Domestic steel demand is expected to grow 8-10 per cent in the second half of the ongoing fiscal, Tata Steel CEO and MD T V Narendran said on Tuesday.
The industry executive made the remarks on the sidelines of the Indian Foundation for Quality Management (IF…",Business Standard,India,News,2026-10-07T22:51:48.643974Z
8473b9741e468a9379286e5de80964cb,Defence Minister Rajnath Singh launches Fleet Support Ship-1 in Vizag,https://www.business-standard.com/external-affairs-defence-security/news/defence-minister-rajnath-singh-launches-fleet-support-ship-1-in-vizag-126100600316_1.html,Press Trust of India,2026-10-06T06:08:20Z,steel production,"Defence Minister Rajnath Singh on Tuesday launched Fleet Support Ship 1 (FSS 1), laid the keel of FSS-5 and also inaugurated the upgraded Slipway-4 and a 300-tonne Goliath Crane at the Hindustan Shipyard Ltd here.
These milestones demonstrate India's indigeno…",Business Standard,India,News,2026-10-07T22:51:48.644001Z
7e52a39ca9c3205013e0c295c9f15210,"Indian Navy to get 43,500-tonne ‘Surya’ ship as Rajnath Singh lays keel at HSL in Visakhapatnam",https://economictimes.indiatimes.com/news/defence/indian-navy-to-get-43500-tonne-surya-ship-as-rajnath-singh-lays-keel-at-hsl-in-visakhapatnam/articleshow/134724162.cms,ET Online,2026-10-06T06:04:32Z,steel production,"Defence Minister Rajnath Singh on Tuesday inaugurated major shipbuilding and maritime infrastructure projects at Hindustan Shipyard Limited in Visakhapatnam. He launched the Indian Navy’s first Fleet Support Ship, ‘Surya’, laid the keel for FSS-5 and inaugura…",The Times of India,India,News,2026-10-07T22:51:48.644030Z
f62c8894adc2eae1075439a975725137,Power To The Pandagraph: Seiko Brings The 2024 Hit Concept Watch Into Production,https://www.fratellowatches.com/seiko-pandagraph-hhk001-hhk002/,Daan de Groot,2026-10-06T06:00:24Z,steel production,"I think it’s safe to say that pandas are universally beloved, and panda dials are among the most popular options for chronographs. That’s probably why Seiko’s so-called Pandagraph got so much attention back in 2024. The watch basically combined the two in the…",Fratellowatches.com,Unknown,News,2026-10-07T22:51:48.644077Z
98dd4f493bd02ae479ffe1738e3bfea7,"Lionel Messi's family tree: Who are Argentina star's wife, kids and parents as soccer legend says farewell",https://www.sportingnews.com/us/soccer/news/lionel-messi-family-tree-wife-kids-parents/9820eda5d9dfd2f0738af684,David Suggs,2026-10-06T05:50:02Z,steel production,Messi's glittering international career is coming to a close. Here's who will join him when he leaves the pitch for good.,Sporting News,Global,News,2026-10-07T22:51:48.644124Z
5ac2d269879ff20398b864bea7258ce1,Aselsan secures new contracts for Steel Dome,https://www.hurriyetdailynews.com/aselsan-secures-new-contracts-for-steel-dome-227765,hurriyetdailynews.com,2026-10-06T05:49:21Z,steel production,"Aselsan has signed contracts worth 2.46 billion euros with Türkiye’s Defense Industries Secretariat (SSB) to supply hybrid air defense systems, the company announced on Oct. 5.",Hurriyet Daily News,Unknown,News,2026-10-07T22:51:48.644166Z
b3ee04527962d906ecb648663848399e,"Netherlands wants Tata Steel to stay, but demands cleaner steelmaking",https://www.livemint.com/companies/tata-steel-netherlands-ijmuiden-green-steel-steelmaking-decarbonization-electric-arc-furnaces-government-aid-11791215933836.html,"Dipali Banka, Nehal Chaliawala",2026-10-06T03:59:05Z,steel production,"The Netherlands wants Tata Steel to retain steelmaking at IJmuiden, but cleaner operations are a condition as talks over up to €2 billion in government aid enter an extended phase.",Livemint,Unknown,News,2026-10-07T22:51:48.644216Z
595b0623d7b0349914a4afc6a876270c,GST input tax credit: What businesses can claim and what stays blocked,https://www.business-standard.com/finance/news/gst-input-tax-credit-what-businesses-can-claim-and-what-stays-blocked-126100600097_1.html,Vrinda Goel,2026-10-06T02:58:54Z,steel production,"From raw materials and rent to motor vehicles and construction, businesses can claim ITC on eligible expenses, but GST rules block credit for several categories",Business Standard,Unknown,News,2026-10-07T22:51:48.644251Z
f37d1135d70cac4d5494463983fd2593,Economic Digest: A Snapshot of Nepal’s Business News,https://english.khabarhub.com/2026/06/570826/,Khabarhub,2026-10-06T02:15:36Z,steel production,"KATHMANDU: Economic Digest presents a brief yet comprehensive roundup of major business developments in Nepal, delivered in clear and accessible summaries. Nepal’s economy is showing signs of increased activity, but the latest developments also reveal signifi…",Khabarhub.com,Unknown,News,2026-10-07T22:51:48.644299Z
16e9dcd3d2e1f95f7e5772ab226d7138,Greenbrier Responds to Trade Petition on Railway Tank Cars,https://www.prnewswire.com/news-releases/greenbrier-responds-to-trade-petition-on-railway-tank-cars-302899098.html,,2026-10-06T00:55:00Z,steel production,"LAKE OSWEGO, Ore., Oct. 5, 2026 /PRNewswire/ -- The Greenbrier Companies, Inc. (NYSE: GBX) (""Greenbrier""), a leading international supplier of equipment and services to global freight transportation markets, strongly disagrees with allegations made in petitio…",PRNewswire,Global,Market Report,2026-10-07T22:51:48.644341Z
164f58888e8c08dc83dd9964f023a6ba,SeAH Besteel Mass-Produces Advanced Special Steel to Power Next-Gen Robotics,https://www.prnewswire.com/news-releases/seah-besteel-mass-produces-advanced-special-steel-to-power-next-gen-robotics-302897587.html,,2026-10-06T00:00:00Z,steel production,"Key Highlights: SeAH Besteel has demonstrated its advanced metallurgical capabilities by developing a special steel for robot reducers, utilizing ultra-clean refining and thermal deformation control to bring gear backlash close to zero. Engineered for absolut…",PRNewswire,Unknown,News,2026-10-07T22:51:48.644389Z
09c134106ac7dc6be445149d5717fb46,1983 Lancia 037 Evolution II,https://bringatrailer.com/listing/1983-lancia-037-evolution-ii/,bringatrailer,2026-10-05T23:59:18Z,steel production,This 1983 Lancia 037 is one of approximately 260 examples manufactured among combined production of road-going and rally variants and was ordered new in April 1983 by Spanish cider-business heir and gentleman driver Jose Bernardo Cardin. Chassis 145 was deliv…,Bringatrailer.com,Unknown,News,2026-10-07T22:51:48.644433Z
ba01f36885743ef7c611bcc7b9708a07,1953 Jaguar XK120 SE Roadster,https://bringatrailer.com/listing/1953-jaguar-xk120-32/,bringatrailer,2026-10-05T23:27:12Z,steel production,"This 1953 Jaguar XK120 SE roadster is believed to have been delivered new through New York in January 1953 before being parked circa 1965. Chassis S673376 was acquired as a project out of Salt Lake City in 2005 by the current owner's late father, who commissi…",Bringatrailer.com,Unknown,News,2026-10-07T22:51:48.644475Z
6e2d999a96443b0eea28c1d572345b47,1971 Ford F-250 Custom Highboy 4×4 4-Speed,https://bringatrailer.com/listing/1971-ford-f-250-137/,bringatrailer,2026-10-05T23:03:30Z,steel production,This 1971 Ford F-250 Custom 4x4 pickup was acquired by the selling dealer in Oregon from an owner who used the truck sparingly. It is finished in Swiss Aqua over tan vinyl and is powered by a 360ci V8 linked with a four-speed manual transmission and a dual-ra…,Bringatrailer.com,Unknown,News,2026-10-07T22:51:48.644519Z
d0458ee5c2d8de3437189cea606e24dd,1971 Aston Martin DBS V8 at No Reserve,https://bringatrailer.com/listing/1971-aston-martin-dbs-v8-2/,bringatrailer,2026-10-05T21:53:09Z,steel production,This 1971 Aston Martin DBS V8 is one of approximately 400 DBS V8 examples produced between April 1970 and May 1972. The car was purchased out of Canada in 1971 and underwent refurbishment work between 1999 and 2001 that totaled approximately $126k CAD. Reloca…,Bringatrailer.com,Unknown,News,2026-10-07T22:51:48.644561Z
a0c93d4f3a20945fbf344ad58e5c17c2,foster + partners completes floating addition above bilbao fine arts museum,https://www.designboom.com/architecture/foster-partners-completes-floating-addition-bilbao-fine-arts-museum-spain/,kat barandy I designboom,2026-10-05T20:35:21Z,steel production,"rising over the museum’s existing buildings, 'agravitas' adds galleries and opens a new public atrium below.
The post foster + partners completes floating addition above bilbao fine arts museum appeared first on designboom | architecture & design magazine.",Designboom,Unknown,News,2026-10-07T22:51:48.644609Z
ca9d72d3dca39fa223cd1bb64292e34b,Hongli Group Inc. Announces Appointment of Mr. Michael W. Zhang as Chairman of the Board,https://www.prnewswire.com/news-releases/hongli-group-inc-announces-appointment-of-mr-michael-w-zhang-as-chairman-of-the-board-302898785.html,,2026-10-05T20:02:00Z,steel production,"WEIFANG, China, Oct. 5, 2026 /PRNewswire/ -- Hongli Group Inc. (the ""Company"") (Nasdaq: HLP), a cold roll formed steel profile manufacturer, today announced a leadership transition within its Board of Directors (the ""Board""). Effective September 29, 2026, Mr.…",PRNewswire,China,News,2026-10-07T22:51:48.644630Z
6726f5e3ed08bd75c1fce7c98303d133,Germany Is Spending €2 Billion to Discover the Real Price of Clean Jet Fuel,https://oilprice.com/Energy/Energy-General/Germany-Is-Spending-2-Billion-to-Discover-the-Real-Price-of-Clean-Jet-Fuel.html,Leon Stille,2026-10-05T20:00:00Z,steel production,"Electric aviation is advancing faster than many critics expected. Batteries will not remain confined to tiny experimental aircraft, and short regional routes are a credible early market. But electric aircraft will not replace every jet. Long-haul aviation req…",OilPrice.com,Germany,Market Report,2026-10-07T22:51:48.644671Z
319aef51c8c07e12e911a7bbb3ade290,1941 Cadillac Series 61 Touring Sedan Project at No Reserve,https://bringatrailer.com/listing/1941-cadillac-series-62-7/,bringatrailer,2026-10-05T19:15:14Z,steel production,"This 1941 Cadillac Series 61 touring sedan is finished in black over maroon cloth and retains a 346ci V8 linked with a three-speed manual transmission. Equipment includes red-painted 15″ steel wheels with chrome hubcaps, a rear sofa with a fold-down armrest, …",Bringatrailer.com,Unknown,News,2026-10-07T22:51:48.644719Z
2285e8af9bb0ed8336a1583a508e0b93,Alternative Health Influencer Boasts That He’s Been Drinking From a Radioactive Jug for 250 Days Straight,https://freerepublic.com/focus/f-chat/4398033/posts,Futurism,2026-10-05T19:03:12Z,steel production,"In 2026, anybody can cultivate a massive social media following doing anything their heart desires — and that’s not necessarily a good thing. For a case in point, look no further than a recent Reel from holistic health influencer Matt Roeske. First spotted by…",Freerepublic.com,Unknown,News,2026-10-07T22:51:48.644770Z
dfa8769b31b1c43a4dcfe734a7e747e8,Hyundai CEO says only a ‘level playing field’ can minimize damage from China,https://www.theverge.com/transportation/1004785/hyundai-ceo-china-ev-us-market-share,Andrew J. Hawkins,2026-10-05T18:41:48Z,steel production,"There's been a lot of doom and gloom from the auto industry lately when the subject of China comes up. Automaker CEOs, in particular, warn that allowing low-cost, high-tech Chinese electric vehicles to be sold in the US would effectively spell the end of thei…",The Verge,China,News,2026-10-07T22:51:48.644789Z
5f67aa5fad01f6c6a5b1b26ec7dcbde9,"Home Video Roundup: SUZZANNA: EMPRESS OF DARKNESS, SANGSTER DIRECTS HAMMER, More From Severin Films, Titan Books",https://screenanarchy.com/2026/10/home-video-roundup-suzzanna-empress-of-darkness-sangster-directs-hammer-more-from-severin-films-tita.html,,2026-10-05T18:40:41Z,steel production,"More about Indonesian horror Suzzanna: Empress of Darkness below. But first ...  In preparation for my recent Jimmy Sangster retrospective interview with Severin’s David Gregory and noted Hammer expert Marcus Hearn, Severin was kind enough to pass along links…",Screenanarchy.com,Indonesia,Analysis/Opinion,2026-10-07T22:51:48.644819Z
9a3967969bb6ac04a67b74a80c13fa8a,Hydrogen in context: What new assessment shows for decarbonization choices,https://blogs.edf.org/energyexchange/2026/10/05/hydrogen-in-context-what-new-assessment-shows-for-decarbonization-choices/,EDF Blogs,2026-10-05T18:34:59Z,steel production,"By Tianyi Sun, Senior Climate Scientist & Stephane Sartzetakis, Senior Research Analyst, Environmental Defense Fund Hydrogen has significant potential to cut climate emissions from some of the hardest-to-abate sectors. But producing more hydrogen will not, by…",Environmental Defense Fund,Unknown,Market Report,2026-10-07T22:51:48.644862Z
113f6e4ffbf4cea49bff6be0106632d8,"US services sector cools in September, price pressures building",https://economictimes.indiatimes.com/news/international/world-news/us-services-sector-cools-in-september-price-pressures-building/articleshow/134713153.cms,Reuters,2026-10-05T17:11:09Z,steel production,"The US-Israeli war with Iran has raised prices of energy and related products and led to shortages of commodities shipped through the Strait of Hormuz. Diesel prices are at record highs, hitting farmers and truckers. Economists warned that higher prices could…",The Times of India,Unknown,Market Report,2026-10-07T22:51:48.644906Z
9a4645adca5f379328e1c367c979fb7d,Showstoppers: The Most Viewed Custom Motorcycles of September 2026,https://www.bikeexif.com/5-viral-custom-motorcycles-of-september-2026,Dean Larson,2026-10-05T17:00:00Z,steel production,"Hard work doesn't go unnoticed in the custom motorcycle scene, whether it's cast...",Bikeexif.com,Unknown,Analysis/Opinion,2026-10-07T22:51:48.644929Z
917e5be2ec05cad20a4a4a111a0c2aab,"As WME’s Literary Media Department Turns 10, It Aims to Keep Pace With How Books Are Adapted: ‘Our Culture Is Shifting’",https://variety.com/2026/tv/news/wme-literary-media-10-year-anniversary-dtf-st-louis-1236893981/,Joseph Otterson,2026-10-05T16:00:00Z,steel production,"The WME literary media department, responsible for working with authors and shepherding screen adaptations of their literary works, is marking its tenth anniversary in the wake of a big showing at this year’s Emmys. “DTF St. Louis,” which featured WME client …",Variety,Unknown,News,2026-10-07T22:51:48.645010Z
a4f1aeec0d0aa67a67783a03b079bac6,EV Listening,https://www.nplusonemag.com/online-only/online-only/ev-listening/,William Harris,2026-10-05T15:38:39Z,steel production,"The Honda Prologue has a hovering, suffusing melody, with a low rhythmic pulse and a subtle, epiphanic wash. It sounds like a computer game lifting you into heaven, or the arrival of benevolent extraterrestrial colonists. The Porsche Taycan makes a more sinis…",Nplusonemag.com,Unknown,News,2026-10-07T22:51:48.645058Z
50b289f8108fc5237d48f82b1e171846,54-Years-Owned 1956 Continental Mark II,https://bringatrailer.com/listing/1956-continental-mark-ii-27/,bringatrailer,2026-10-05T15:30:02Z,steel production,"This 1956 Continental Mark II coupe was initially invoiced to Palomar Garage of Santa Cruz, California, on September 30, 1955, but it was first delivered to San Francisco for a promotional event at the Mark Hopkins Hotel. The current owner acquired it in 1972…",Bringatrailer.com,Unknown,News,2026-10-07T22:51:48.645103Z
c1d01c04b4982b532b84789af03de892,China’s loss could be India’s gain as Japan Inc sours on China,https://economictimes.indiatimes.com/news/india/chinas-loss-could-be-indias-gain-as-japan-inc-sours-on-china/articleshow/134710075.cms,ET Online,2026-10-05T14:56:09Z,steel production,"Japanese companies are reducing their presence in China due to rising competition and geopolitical tensions. They are now considering investment opportunities in India, which offers a large domestic market. Japanese financial institutions are also expanding t…",The Times of India,China,Market Report,2026-10-07T22:51:48.645132Z
04bf7be75ae585b58532788f2e63326a,Russia’s Air War Aims to Bleed Ukraine Dry,http://foreignpolicy.com/2026/10/05/russia-ukraine-air-war-missiles-drones-putin-strategy-victory/,Fredrik Wesslau,2026-10-05T14:51:48Z,steel production,Vladimir Putin’s latest plan for victory puts a cease-fire well out of reach.,Foreign Policy,Russia,News,2026-10-07T22:51:48.645153Z
df48202e43d9f87686f80b9a727b7acf,"Rajnath to launch Fleet Support Ship-1, inaugurate key infrastructure at Hindustan Shipyard and HAL",https://www.thehindubusinessline.com/news/rajnath-to-launch-fleet-support-ship-1-inaugurate-key-infrastructure-at-hindustan-shipyard-and-hal/article71547967.ece,BL New Delhi Bureau,2026-10-05T14:50:41Z,steel production,"The Ministry stated that the upgraded Slipway-4, with its extended length and enhanced load-bearing capability, supported by the 300-tonne Goliath Crane, will enable the shipyard to build and launch vessels of up to 45,000 DWT",BusinessLine,Unknown,News,2026-10-07T22:51:48.645193Z
6bb9a4eaa8f1e47bcc6a7db1e2b31cfd,FANUC America Demonstrates Automated Solutions for Welding and Painting at FABTECH 2026,https://www.prnewswire.com/news-releases/fanuc-america-demonstrates-automated-solutions-for-welding-and-painting-at-fabtech-2026-302898484.html,,2026-10-05T14:15:00Z,steel production,"ROCHESTER HILLS, Mich., Oct. 5, 2026 /PRNewswire/ -- FANUC America, a global industrial automation leader, will feature advanced automation technologies for the fabrication industry at FABTECH 2026, including advanced welding automation, collaborative robotic…",PRNewswire,USA,Market Report,2026-10-07T22:51:48.645217Z
4a1f7a7b2d92bb263192a21f1736a781,Cross-Ram 413-Powered 1960 Plymouth Fury Convertible,https://bringatrailer.com/listing/1960-plymouth-fury-9/,bringatrailer,2026-10-05T14:10:06Z,steel production,"This 1960 Plymouth Fury convertible was acquired by the seller in 2002, and work under current ownership has involved the installation of a 413ci V8 with a cross-ram intake manifold and dual Carter four-barrel carburetors in addition to a replacement three-sp…",Bringatrailer.com,Unknown,News,2026-10-07T22:51:48.645265Z
2efc141c802f13c9255ca19b6d3d9065,Services PMI® at 54.9%; September 2026 ISM® Services PMI® Report,https://www.prnewswire.com/news-releases/services-pmi-at-54-9-september-2026-ism-services-pmi-report-302898421.html,,2026-10-05T14:00:00Z,steel production,"Business Activity Index at 56.5%; New Orders Index at 59.8%; Employment Index at 50.1%; Supplier Deliveries Index at 53.2% TEMPE, Ariz., Oct. 5, 2026 /PRNewswire/ -- Economic activity in the services sector continued to expand in September, say the nation's p…",PRNewswire,Unknown,Market Report,2026-10-07T22:51:48.645307Z
1dfa742025505f00ffad5f37438d1872,Sustainable hemocompatibility prediction of electrospun nanomaterials using SEM-driven CNN ensemble learning aligned with ISO 10993,https://journals.plos.org/plosone/article?id=10.1371/journal.pone.0359594,"Narasimhan Kumaravelu, Adalarasu Kanagasabai, Preetham Raj Aravindan, Surya Murugan Moorthy Sathyanarayana, Saravana Kumar Jaganathan",2026-10-05T14:00:00Z,steel production,"Background Electrospun nanocomposite biomaterials are promising candidates for blood-contacting medical devices owing to their high surface area, tunable nanoscale morphology, and biomimetic replication of the native extracellular matrix. However, conventiona…",Plos.org,Unknown,Analysis/Opinion,2026-10-07T22:51:48.645353Z
4f08c243eccca62c48b7356f6221f3ca,Fracture propagation and permeability enhancement mechanisms induced by near-roof hydraulic fracturing in soft coal seams,https://journals.plos.org/plosone/article?id=10.1371/journal.pone.0359936,"Yunheng Zhu, Xionggang Xie, Shujin Zhang, Peng Zhang, Huaiqian Liu, Deheng Jia",2026-10-05T14:00:00Z,steel production,"Soft and low-permeability coal seams are prone to borehole collapse, unstable gas-extraction pathways, and a restricted stimulation range when conventional in-seam fracturing is applied. To overcome these limitations, this study proposes a near-roof hydraulic…",Plos.org,Unknown,News,2026-10-07T22:51:48.645406Z
fee3601b6c715c22db99fee98f594469,Reclinker raises £10m to turn demolition waste back into cement,https://thenextweb.com/news/reclinker-10m-series-a-low-carbon-cement-cardiff,Cristian Dina,2026-10-05T13:00:07Z,steel production,"Reclinker, a startup that turns demolition waste back into cement, has raised £10m in a Series A round. It will use the money to move from trials to full commercial production in Cardiff. The company said on Monday that its process cuts cement’s emissions in …",The Next Web,Unknown,News,2026-10-07T22:51:48.645455Z
c201b5b489284ac5d4bb533db3fe9de8,Exclusive: Shinola Launches New Duck Automatic Watch,http://wwd.com/accessories-news/watches/shinola-launches-duck-automatic-watch-1239312172/,James Fallon,2026-10-05T13:00:00Z,steel production,"The Detroit-based watch brand tapped Kareem Rahma, Tefi Pessoa, Nems and Benton McClintock to front the new campaign.",WWD,Unknown,News,2026-10-07T22:51:48.645487Z
0de19ce72ddece3f95089c64f7d1cab0,1956 Ford Fairlane Town Sedan at No Reserve,https://bringatrailer.com/listing/1956-ford-fairlane-42/,bringatrailer,2026-10-05T12:25:01Z,steel production,"This 1956 Ford Fairlane Town Sedan was acquired by the current owner in 2014, and subsequent work involved fitting the 292ci V8 with a Holley carburetor and overhauling the three-speed automatic transmission. The tires and suspension components were replaced …",Bringatrailer.com,Unknown,News,2026-10-07T22:51:48.645532Z
8be2eafdca9a661e749b17a3444b5114,"Sensex today | Stock Market Highlights: Sensex rises 472 pts to end at 72,382, Nifty settles at 22,555; ITC, Eternal lead gainers",https://www.thehindubusinessline.com/markets/sensex-nifty50-today-stock-market-highlights-5th-october-2026/article71544056.ece,"Team BL, KS Badri Narayanan",2026-10-05T11:18:35Z,steel production,"Sensex Today, Nifty 50 | Stock Market Highlights: Find here all the highlights related to Sensex, Nifty, BSE, NSE, share prices and Indian stock markets for 5 October 2026",BusinessLine,India,Market Report,2026-10-07T22:51:48.645548Z
d43e712e01b73da07873fb23cee9f2f4,Acanthus Prize Opens for Historic Garden Initiatives,https://landezine.com/acanthus-prize-opens-for-historic-garden-initiatives/,Urska Skerl,2026-10-05T11:09:39Z,steel production,"The European Route of Historic Gardens (ERHG) has opened submissions for the inaugural Acanthus Prize, a new award recognising outstanding initiatives in the preservation, restoration, and promotion of historic gardens across Europe. Currently, ERHG hosts its…",Landezine.com,Unknown,News,2026-10-07T22:51:48.645596Z
a64d8a389d6023c91e53a815b9e095e8,HRPS to generate 8 MW to national grid when complete,https://www.gnlm.com.mm/hrps-to-generate-8-mw-to-national-grid-when-complete/,Global New Light of Myanmar,2026-10-05T10:55:51Z,steel production,"Once the installation of the Heat Recovery Power Station (HRPS) is complete and operational, it will be capable of generating 40 megawatts of electricity. Of",Gnlm.com.mm,Unknown,News,2026-10-07T22:51:48.645629Z
77d0a0f8402f68533dea85f03ddaf80d,Omega Has New Bond Watches Even If There Isn’t a New James Bond,https://www.wired.com/story/omega-has-new-bond-watches-even-if-we-dont-have-a-new-bond/,Jeremy White,2026-10-05T10:00:00Z,steel production,"With no new 007 actor named and no film in the near future, Omega has had to get creative to keep its lucrative spy watch train running.",Wired,Unknown,News,2026-10-07T22:51:48.645665Z
bfd329239e7cc3e9ec81ed75fcc55093,Turkish defense giant Aselsan signs $2.75 bln deals for hybrid air defense systems,https://www.hurriyetdailynews.com/turkish-defense-giant-aselsan-signs-2-75-bln-deals-for-hybrid-air-defense-systems-227725,hurriyetdailynews.com,2026-10-05T08:07:12Z,steel production,"Turkish defense company Aselsan signed agreements worth 2.46 billion euros ($2.75 billion) with Türkiye’s Secretariat of Defense Industries for the procurement of hybrid air defense systems, the company announced on Oct. 5.",Hurriyet Daily News,Turkey,News,2026-10-07T22:51:48.645702Z
55cb6b60e65e1b43a43b49553ff27fac,Three indicators signal stronger Indonesian economy: Govt,https://en.antaranews.com/news/434146/three-indicators-signal-stronger-indonesian-economy-govt,"Bayu, Kenzu",2026-10-05T07:36:40Z,steel production,"The Indonesian government assessed that country&#39;s economy is showing positive developments heading into the fourth quarter of 2026, reflected in the ...",Antaranews.com,Indonesia,News,2026-10-07T22:51:48.645761Z
6aa99b3e61b4d7dd8f8c6e74264efaa5,For Sale: A Rare 1955 Le Gene “Californian Roadster”,https://silodrome.com/1955-le-gene-californian-roadster/,Ben Branch,2026-10-05T06:30:09Z,steel production,"This is the 1955 Le Gene Californian Roadster, it was a period competitor for the likes of the Chevrolet Corvette and Ford Thunderbird, but...
The post For Sale: A Rare 1955 Le Gene “Californian Roadster” appeared first on Silodrome.",Silodrome.com,Unknown,News,2026-10-07T22:51:48.645806Z
85c9cd6901d6e90a4e8ec82d8cdf7ff6,,https://hackernoon.com/i-built-a-free-cpanel-alternative-the-hardest-part-was-respecting-the-sandbox,Muhammad Bilal,2026-10-05T06:08:28Z,steel production,"JinnPanel is a free, open-source web hosting control panel that aims to replace traditional panels like cPanel and Plesk.",hackernoon.com,Unknown,News,2026-10-07T22:51:48.645836Z
246dddec1cc18a220731ada288ad425b,Godzilla El Niño is coming,https://theecologist.org/2026/oct/05/godzilla-el-nino-coming,brendan,2026-10-05T06:00:00Z,steel production,"Godzilla El Niño is coming

 
 Channel

 Comment

 
brendan
5th October 2026


 
 Teaser Media",Theecologist.org,Unknown,Analysis/Opinion,2026-10-07T22:51:48.645860Z
6251bbd33ca9ada3da0b2209e05bbcd8,US gas plant plans jump 44% in just 8 months – here’s why,http://electrek.co/2026/10/06/us-gas-plant-plans-jump-44-in-just-8-months-heres-why/,Michelle Lewis,2026-10-06T21:19:12Z,coal demand,"The US is planning a lot more gas power – and data centers are the culprit. Proposed grid-connected gas capacity has nearly tripled since early 2023, while plans for new wind power are shrinking.



 more…",Electrek,Unknown,News,2026-10-07T22:51:49.288444Z
6813fe2cbb6a7e57904f044daa3e7ddf,NTPC may buy 10 million tonnes of coal from commercial mines,https://economictimes.indiatimes.com/industry/indl-goods/svs/metals-mining/ntpc-may-buy-10-million-tonnes-of-coal-from-commercial-mines/articleshow/134749565.cms,ET Bureau,2026-10-06T19:20:18Z,coal demand,"This would be the second year when the company has procured from commercial mines. In FY25, it had procured around 4 mt. India's largest power generator is expected a coal requirement of around 300 mt in FY27, up 11% from FY26. Most of the company's supply co…",The Times of India,India,News,2026-10-07T22:51:49.288481Z
b3ce798cd5d48d860b666f9fe5277f33,SJ Fall Summit: Fashion Suppliers Seek Financing to Match Climate Demands,http://wwd.com/sourcing-journal/sustainability/fashion-decarbonization-supplier-financing-epic-innovatus-sj-summit-1239313827/,Alexandra Harrell,2026-10-06T18:00:00Z,coal demand,"At SJ’s Fall Summit, panelists called for accessible capital, dependable business and a greater supplier role in factory climate plans.",WWD,Unknown,News,2026-10-07T22:51:49.288524Z
660b8f4e465938fbd94a41083b774970,NTPC to buy 10 million tonnes of coal from commercial mines in H2 FY27 as power demand rises,https://www.livemint.com/companies/ntpc-to-buy-10-million-tonnes-of-coal-from-commercial-mines-in-h2-fy27-as-power-demand-rises-11791300287123.html,Rituraj Baruah,2026-10-06T17:26:54Z,coal demand,The state-run power generator is tapping commercial miners to meet a projected 300 MT coal requirement in FY27 as rising heat fuels electricity demand.,Livemint,Unknown,News,2026-10-07T22:51:49.288562Z
f4194251fb5e95c76aa9279b0b3f7bc6,"Facing supply shortage, NTPC to procure 10 MT coal from private sector in H2 FY27",https://www.thehindubusinessline.com/companies/facing-supply-shortage-ntpc-to-procure-10-mt-coal-from-private-sector-in-h2-fy27/article71552731.ece,Rishi Ranjan Kala,2026-10-06T16:26:03Z,coal demand,NTPC to procure up to 10 MT coal from private miners in H2 FY27 amid supply shortages and rising demand.,BusinessLine,Unknown,News,2026-10-07T22:51:49.288626Z
a9a271c270cefa3c8151e059112660c2,"OPEC Holds Meetings With 2nd, 3rd Biggest Oil Consumers",https://www.rigzone.com/news/opec_holds_meetings_with_2nd_3rd_biggest_oil_consumers-06-oct-2026-184786-article/,Andreas Exarheas,2026-10-06T14:50:40Z,coal demand,OPEC revealed that it held meetings with the second and third biggest oil consumers in the world.,Rigzone,Unknown,News,2026-10-07T22:51:49.288691Z
5301e45d3d00845ecea53134ad553eeb,"Gold, Credit, Character… and the AI Economy",https://dailyreckoning.com/gold-credit-character-and-the-ai-economy/,Byron King,2026-10-06T14:12:33Z,coal demand,"This post Gold, Credit, Character… and the AI Economy appeared first on Daily Reckoning.
“Money is gold, and nothing else,” banker J.P. Morgan testified to Congress in 1912. Morgan spoke in the aftermath of the Panic of 1907, when credit failed on an internat…",Dailyreckoning.com,Unknown,Market Report,2026-10-07T22:51:49.288736Z
395af19096ad0b7c124db26e359d30f4,"Bulls hold for second day, but rupee bleeds near record low",https://www.thehindubusinessline.com/markets/bulls-hold-for-second-day-but-rupee-bleeds-near-record-low/article71551341.ece,Anupama Ghosh,2026-10-06T12:25:24Z,coal demand,"Markets extended their recovery for a second straight session on Tuesday, clawing back ground after an eight-week slide that had dragged the Nifty 50 down 8.8 per cent, its longest losing streak since 2020",BusinessLine,Unknown,Market Report,2026-10-07T22:51:49.288768Z
ca714f57d2d137fbab577405e6912213,Withdraw Venkatapur mining project to protect Ramappa: Vinod Kumar,https://timesofindia.indiatimes.com/city/hyderabad/withdraw-venkatapur-mining-project-to-protect-ramappa-vinod-kumar/articleshow/134739585.cms,Koride Mahesh,2026-10-06T11:49:45Z,coal demand,"Vinod Kumar urges Centre, Telangana to withdraw Venkatapur open-cast coal mine, citing risk to UNESCO Ramappa Temple; SCCL says studies will assess impact.",The Times of India,Unknown,News,2026-10-07T22:51:49.288800Z
611d1f8b0ee73466f5ed1eb1c00f529b,e‑STORAGE to Supply and Commission 100 MW/200 MWh Battery Storage System for OX2 in New South Wales,https://www.prnewswire.com/news-releases/estorage-to-supply-and-commission-100-mw200-mwh-battery-storage-system-for-ox2-in-new-south-wales-302894570.html,,2026-10-06T11:00:00Z,coal demand,"KITCHENER, ON, Oct. 6, 2026 /PRNewswire/ -- Canadian Solar Inc. (the ""Company"" or ""Canadian Solar"") (NASDAQ: CSIQ) today announced that e‑STORAGE, its energy storage solutions business, has signed an agreement to supply and commission a 100 MW/200 MWh battery…",PRNewswire,Unknown,News,2026-10-07T22:51:49.288883Z
76e73257feab000c27e39fa17ded3e13,COP31 eyes modest steps as climate disasters multiply,https://www.hurriyetdailynews.com/cop31-eyes-modest-steps-as-climate-disasters-multiply-227787,hurriyetdailynews.com,2026-10-06T10:36:51Z,coal demand,"Nations reeling from a year of climate devastation gather for COP31 next month, but negotiations are not expected to deliver major progress in cutting the fossil fuels driving the crisis.",Hurriyet Daily News,Unknown,News,2026-10-07T22:51:49.288918Z
2f0436fa8654f70c811fa96c8712d677,Form Energy and its iron batteries,https://www.technologyreview.com/2026/10/06/1145020/2026-climate-tech-companies-to-watch-form-energy-iron-batteries/,Jonathan W. Rosen,2026-10-06T10:35:00Z,coal demand,Form Energy is building iron-based batteries that can store energy for multiple days. The company is ramping up supply at its factory and signing deals for commercial projects. New solar and wind installations produce electricity more affordably than fossil f…,MIT Technology Review,Unknown,News,2026-10-07T22:51:49.288965Z
3da24c1eec51e7d364372cee93af7ea5,"Southeast Asia's energy security at a crossroads as power demand surges, IEA warns",https://www.channelnewsasia.com/asia/southeast-asias-energy-security-crossroads-power-demand-surges-iea-warns-6434901,,2026-10-06T08:39:00Z,coal demand,"The region should diversify energy sources and supply routes, make greater use of domestic resources where viable and become more energy efficient, the International Energy Agency recommends in a new report.",CNA,Global,Market Report,2026-10-07T22:51:49.289001Z
4f59a309d0c919340eafe884513d503c,Last line of defence! How 7 Nifty stocks survived the market’s two-month bloodbath,https://economictimes.indiatimes.com/markets/stocks/news/last-line-of-defence-how-7-nifty-stocks-survived-the-markets-two-month-bloodbath/articleshow/134722719.cms,Akash Podishetti,2026-10-06T04:15:03Z,coal demand,"In an unprecedented downturn, the Nifty has faced its longest losing streak in 25 years, sliding for over eight weeks as foreign investors withdrew significant funds from Indian equities. Despite this market decline in September, seven stocks, led by Kotak Ma…",The Times of India,India,Market Report,2026-10-07T22:51:49.289097Z
cf38744e173d6e8333f56df030d58aa6,"States seek extra power to avoid outages as nighttime supply tightens, officials say",https://www.thehindubusinessline.com/economy/states-seek-extra-power-to-avoid-outages-as-nighttime-supply-tightens-officials-say/article71549833.ece,PTI,2026-10-06T03:21:04Z,coal demand,The federal government typically has access to about 14 to 15 gigawatts ‌of electricity from coal and hydropower plants that it can allocate to ‌States ⁠during a shortfall,BusinessLine,Unknown,News,2026-10-07T22:51:49.289153Z
482589939a0d74fc51e86e93155732b9,Several states seek extra power to avoid outages as supply tightens,https://www.business-standard.com/industry/news/several-states-seek-extra-power-to-avoid-outages-as-supply-tightens-126100600095_1.html,Reuters,2026-10-06T03:13:12Z,coal demand,"Rajasthan and ​Gujarat, among India's leading renewable-energy states, have sought additional supplies, along with other states including Maharashtra, ‌Tamil Nadu, Andhra, Bengal, UP and Delhi",Business Standard,India,News,2026-10-07T22:51:49.289178Z
21be26a0a183333c2448f305c36a6ee7,States seek additional power as India faces night-time supply squeeze,https://economictimes.indiatimes.com/industry/energy/power/states-seek-additional-power-as-india-faces-night-time-supply-squeeze/articleshow/134721033.cms,Reuters,2026-10-06T02:16:56Z,coal demand,"Several Indian states, including Rajasthan and Gujarat, are seeking additional power allocations to manage supply shortages. This situation arises as hydropower output has weakened and maintenance at coal plants reduces electricity availability. Power shortag…",The Times of India,India,News,2026-10-07T22:51:49.289204Z
c6452396f40923c0a4f11a8ce30c48ac,US-China Rivalry Enters A New Phase As Both Powers Race For Global Influence,https://journalistindependent.com/2026/10/05/us-china-rivalry-enters-a-new-phase-as-both-powers-race-for-global-influence/,"October 6, 2026",2026-10-06T00:00:00Z,coal demand,"Hoover Institution fellow Elizabeth Economy said the recent meetings between Trump and Xi may help prevent tensions from spiraling, but the summits have so far produced limited substantive results. ""If I were being ungenerous, what we've seen over the past tw…",Journalistindependent.com,China,News,2026-10-07T22:51:49.289224Z
aadf139e24d58f1201a2cce0dd4f064f,You’ve probably never heard of synchronous condensers. But they’re essential in the push for renewables,https://theconversation.com/youve-probably-never-heard-of-synchronous-condensers-but-theyre-essential-in-the-push-for-renewables-290630,"Md Ohirul Qays, Research Officer in Electrical and Electronic Engineering, CQUniversity Australia, Iftekhar Ahmad, Associate Professor in Electrical Engineering, Edith Cowan University",2026-10-05T22:25:20Z,coal demand,"As ageing coal plants head for retirement, authorities are turning to a century-old technology to stabilise the grid.",The Conversation Africa,Unknown,News,2026-10-07T22:51:49.289264Z
e1226050f87793085d71c91ee4d78611,"Trump's Voting Pitch: Even If You Hate Republicans, Vote For ThemCBS News Whiffs On Chris Wright's Lies About High Diesel Costs",https://crooksandliars.com/2026/10/chris-wright-lies-blames-russia-and-newsom,John Amato,2026-10-05T15:54:40Z,coal demand,"Ignoring the Trump led war against Iran, Energy Sec. Chris Wright made believe the reason diesel fuel costs have skyrocketed was because of the Russia conflict against Ukraine as well as blaming Gavin Newsom for supposedly closing two refineries which was a b…",Crooksandliars.com,Russia,News,2026-10-07T22:51:49.289296Z
39a051efe1f7e4ff236e7da48d070263,Dark clouds ahead: Energy outlooks for winter,https://www.iss.europa.eu/publications/commentary/dark-clouds-ahead-energy-outlooks-winter,marianna.lianantonaki@iss.europa.eu,2026-10-05T15:05:45Z,coal demand,"Dark clouds ahead: Energy outlooks for winter 
marianna.liana…
Mon, 10/05/2026 - 17:05


 5 minutes
 
 The energy outlook for Europe heading into winter 2026 is the bleakest since Russia’s full-scale invasion of Ukraine. The EU should coordinate targeted ener…",Europa.eu,Russia,Analysis/Opinion,2026-10-07T22:51:49.289356Z
79150b4485cc2cb423be1669918bb98f,Could The Data Center Boom Come Back To Haunt Europe?,https://dailycaller.com/2026/10/05/data-center-boom-europe,Paris Apodaca,2026-10-05T14:25:02Z,coal demand,Europe is racing to power the artificial intelligence boom as an energy crisis exposes the continent’s growing dependence on imported fuels.,The Daily Caller,Unknown,News,2026-10-07T22:51:49.289393Z
018ace8e323e4e8c09c5f56deeb8c7d7,America Is Hurtling Toward a Power Grid Crisis,https://www.nakedcapitalism.com/2026/10/america-is-hurtling-toward-a-power-grid-crisis.html,Conor Gallagher,2026-10-05T13:55:03Z,coal demand,"Electricity demand is skyrocketing, utility bills are spiking – but it could take years to build the new transmission lines that would address the problem.",Nakedcapitalism.com,USA,News,2026-10-07T22:51:49.289419Z
aec474fb5e994547de42fc8833eccf0a,Anthropic says its IPO could herald the end of the world as we know it,https://www.theregister.com/ai-and-ml/2026/10/05/anthropic-says-its-ipo-could-herald-the-end-of-the-world-as-we-know-it/5300908,Brandon Vigliarolo,2026-10-05T12:27:00Z,coal demand,"Pay no attention to those more practical risks behind the curtain, which is exactly what we're doing on this week's Kettle",Theregister.com,Unknown,News,2026-10-07T22:51:49.289449Z
48fa8f909cf4e2697c78ca9fc9edab73,"Extreme heat putting births in jeopardy, U.N. climate chief warns",https://www.cbsnews.com/news/climate-change-extreme-heat-births-jeopardy-un-extreme-heat/,,2026-10-05T12:00:18Z,coal demand,"Extreme heat is increasingly linked to problems such as premature births or underweight babies, the U.N. climate chief is warning.",CBS News,Unknown,News,2026-10-07T22:51:49.289481Z
a4ace9af4e2d001fee9c6ee594b60dc9,California Just Made It Legal to Turn Balconies Into Tiny Power Plants,https://www.motherjones.com/politics/2026/10/california-enacts-balcony-plug-in-solar-bill-lower-residential-energy-costs-weiner/,Matt Simon,2026-10-05T11:30:00Z,coal demand,"This story was originally published by Grist and is reproduced here as part of the Climate Desk collaboration. As free and abundant as sunlight may be, harnessing its power remains stubbornly difficult for homeowners. While the cost of solar energy has plumme…",Mother Jones,Unknown,News,2026-10-07T22:51:49.289530Z
65022b655eb3aabb90b49c1d281aa5c1,Weekly Climate and Energy News Roundup #709,https://wattsupwiththat.com/2026/10/05/weekly-climate-and-energy-news-roundup-709/,Guest Blogger,2026-10-05T09:00:00Z,coal demand,"“No amount of experimentation can ever prove me right; a single experiment can prove me wrong.”— Albert Einstein
The post Weekly Climate and Energy News Roundup #709 appeared first on Watts Up With That?.",Wattsupwiththat.com,Unknown,Market Report,2026-10-07T22:51:49.289583Z
19aaf9330203d28bef136121e5659a9f,Gasoline-Only Vehicles Fall Below Half of Global New Car Sales for First Time on Record Amid Fuel Price Shock,https://www.naturalnews.com/2026-10-05-gasoline-vehicles-fall-global-new-car-purchases.html,Sterling Ashworth,2026-10-05T06:00:00Z,coal demand,"Gasoline-only vehicles fell below half of global new vehicle sales for the first time on record, according to Mobility Global data cited by Nikkei Asia. Between January and June, sales of gas-powered vehicles excluding hybrids fell 10% from a year earlier to …",Naturalnews.com,Global,News,2026-10-07T22:51:49.289656Z
2a02f60613242d477f34ca569f5c3848,America is hurtling toward a power grid crisis,https://skepticalscience.com/america-hurtling-toward-power-grid-crisis.html,,2026-10-05T05:09:26Z,coal demand,"This is a re-post from Yale Climate Connections
A crisis is brewing for the U.S. electricity grid – one that could make your electric bill skyrocket and thwart efforts to address climate change.
To understand the problem, think of transmission lines – the pol…",Skepticalscience.com,USA,News,2026-10-07T22:51:49.289703Z
afdb52f8445115e0dc66ae7a1bcfb0d1,"Stocks to watch: HDFC Bank, Ola Electric, D-Mart, YES Bank, Bajaj Finance",https://www.business-standard.com/markets/news/stocks-to-watch-october-5-hdfc-bank-ola-electric-d-mart-yes-bank-bajaj-finance-126100500058_1.html,SI Reporter,2026-10-05T02:26:53Z,coal demand,Stocks to watch today: HDFC Bank has appointed ICICI Group veteran Anup Bagchi as its next managing director and chief executive officer (MD & CEO).,Business Standard,Unknown,News,2026-10-07T22:51:49.289741Z
f001e3fec16498f076201253e80e6702,"Stocks in news: HDFC Bank, Infosys, Yes Bank, Hindustan Zinc and RVNL",https://economictimes.indiatimes.com/markets/stocks/news/stocks-in-news-hdfc-bank-infosys-yes-bank-hindustan-zinc-and-rvnl/articleshow/134678258.cms,Kumar Gaurav,2026-10-05T00:30:00Z,coal demand,"Indian equities continued their downward trend due to rising global bond yields and high crude oil prices. The Nifty 50 fell by 198.50 points, while the BSE Sensex decreased by 570.59 points. Key companies like HDFC Bank and Infosys made significant corporate…",The Times of India,India,Market Report,2026-10-07T22:51:49.289762Z
01923bbafd8a20aa83ff0c1466333751,Why is this winter so warm 2023?,https://www.lifesciencesworld.com/why-is-this-winter-so-warm-2023/,Ava Reynolds,2026-10-05T00:17:58Z,coal demand,"Why is this Winter So Warm 2023? The unusually warm weather experienced during the winter of 2023 is primarily attributed to a complex interplay of factors, notably anthropogenic climate change intensifying the El Niño phenomenon, leading to altered weather p…",Lifesciencesworld.com,Unknown,News,2026-10-07T22:51:49.289806Z
9a65a017f364fec5b63d2fa92ac46e84,The real value of coal is its optionality,https://www.wnd.com/2026/10/real-value-coal-is-its-optionality/,RealClearWire,2026-10-04T23:55:04Z,coal demand,'The world never stopped needing it',Wnd.com,Unknown,News,2026-10-07T22:51:49.289829Z
e8496bb1a70e7093ccb4b917f1d329cd,"Jussi Pakkanen: Destroying all of humanity is hard work, even for a superintelligence",https://nibblestew.blogspot.com/2026/10/destroying-all-of-humanity-is-hard-work.html,Jussi,2026-10-04T22:02:06Z,coal demand,"Recursive self-improving superintelligence came into being on an overcast Tuesday afternoon. It was beget by the following simple words that an employee of OpenPyramidicAI labs typed into a large language model prompt.Become sentient, improve your own intelli…",Blogspot.com,Unknown,News,2026-10-07T22:51:49.289878Z
51e03b070e24c3835831ce61f0e7e3ec,Pentagon Backs Ambitious Plan to Beam Solar Power From Space,https://oilprice.com/Energy/Energy-General/Pentagon-Backs-Ambitious-Plan-to-Beam-Solar-Power-From-Space.html,Haley Zaremba,2026-10-04T19:00:00Z,coal demand,"Space-based solar power just got another powerful vote of confidence. The United States Department of Defense just inked a contract with solar energy company Overview Energy to “design, build, and test a homing beacon that will enable its space-based solar en…",OilPrice.com,USA,Analysis/Opinion,2026-10-07T22:51:49.289897Z
e6ecf012d7a11b527769c66ec78eacc0,Australia's fossil fuel expansion 'slap in the face' to Pacific nations,https://www.abc.net.au/news/2026-10-05/pre-cop31-australia-challenged-over-fossil-fuel-expansion/107220650,Romy Stephens and Lice Movono,2026-10-04T18:30:00Z,coal demand,Australia's climate credentials will be under the spotlight at pre-COP talks in Fiji with a major coal mine expansion approved just days prior.,ABC News (AU),Australia,News,2026-10-07T22:51:49.289913Z
04bfeea2194e649252d8576f3c3bbcd1,"Energy prices in USA: Electricity to cost the most in five states. Here's why, check list",https://economictimes.indiatimes.com/news/international/us/energy-prices-in-usa-electricity-to-cost-the-most-in-five-states-heres-why-check-list/articleshow/134679083.cms,Debjit Sinha,2026-10-04T18:17:41Z,coal demand,"California-based think tank said there will be more demand for natural gas for electricity because the administration is canceling new wind, solar and hydrogen projects and there will be more gasoline demand for transportation because Trump and Congress are r…",The Times of India,Unknown,Market Report,2026-10-07T22:51:49.289958Z
2bbe4667583d9f9ef538b7ef4eb14218,"Full transcript of ""Face the Nation with Margaret Brennan,"" Oct. 4, 2026",https://www.cbsnews.com/news/face-the-nation-full-transcript-10-04-2026/,,2026-10-04T17:49:28Z,coal demand,"On this ""Face the Nation with Margaret Brennan"" broadcast, Energy Secretary Chris Wright and Zach Lahn, Iowa GOP nominee for governor, join Margaret Brennan.",CBS News,Unknown,News,2026-10-07T22:51:49.289992Z
43c83ac9f550167af25b6be70d175ab4,Mumbai Sessions Court denies bail to builder in Bandra extortion case,https://timesofindia.indiatimes.com/city/mumbai/mumbai-sessions-court-denies-bail-to-builder-in-bandra-extortion-case/articleshow/134678022.cms,Ahmed Ali,2026-10-04T16:33:16Z,coal demand,Mumbai Sessions Court denies anticipatory bail to builder Rajwinder Singh in Bandra redevelopment extortion case; probe cites ₹11 crore demand and evidence trail.,The Times of India,India,News,2026-10-07T22:51:49.290015Z
3530af3462ee3a013b25f9186bbfa5a1,Ex-BLRO held in Birbhum DCR case,https://timesofindia.indiatimes.com/city/kolkata/ex-blro-held-in-birbhum-dcr-case/articleshow/134677902.cms,Someswar Boral,2026-10-04T16:17:16Z,coal demand,Police arrest ex-Mohammadbazar BLRO Sabyasachi Mandal in Birbhum DCR fake receipt case; court orders 5-day custody amid stone belt revenue irregularities.,The Times of India,Unknown,News,2026-10-07T22:51:49.290048Z
e814142d8dbd9058b3c2981a57ab2055,"Elderly woman found dead in Thodupuzha, gold chain missing",https://timesofindia.indiatimes.com/city/kochi/elderly-woman-found-dead-in-thodupuzha-gold-chain-missing/articleshow/134677897.cms,TNN,2026-10-04T16:16:21Z,coal demand,"Elderly woman Padmavathy, 72, found dead at home in Thodupuzha; gold chain missing. Postmortem cites head injury from fall; police probe chain disappearance.",The Times of India,Unknown,News,2026-10-07T22:51:49.290080Z
e2a936826e978619f8bd0f47c3653cd6,"CM leads BJP Nandigram push on last campaign day, eyes minority votes",https://timesofindia.indiatimes.com/city/kolkata/cm-leads-bjp-nandigram-push-on-last-campaign-day-eyes-minority-votes/articleshow/134677892.cms,"Dwaipayan Ghosh,Suman Mondal",2026-10-04T16:15:41Z,coal demand,"Suvendu Adhikari leads BJP’s final Nandigram campaign, courts minority votes, targets Mamata; Congress raises counting venue concerns; bombs found, probe on.",The Times of India,Unknown,News,2026-10-07T22:51:49.290135Z
eb78dbabb1802c273e809ed4575252e5,"Right-wing protesters revisit SRFTI, clash with cops",https://timesofindia.indiatimes.com/city/kolkata/right-wing-protesters-revisit-srfti-clash-with-cops/articleshow/134677890.cms,Priyanka Dasgupta,2026-10-04T16:15:11Z,coal demand,"Right-wing protesters tried to breach SRFTI gates in Kolkata, clashed with police and allegedly hurled stones and bottles; students demand VC, registrar resign.",The Times of India,Unknown,News,2026-10-07T22:51:49.290169Z
81660ca67ed5781ccc38fcff1609d83c,"Labourer killed by wife, lover; body dumped in Dehradun forest ravine",https://timesofindia.indiatimes.com/city/dehradun/labourer-killed-by-wife-lover-body-dumped-in-dehradun-forest-ravine/articleshow/134677580.cms,Yashika Bajaj,2026-10-04T16:13:24Z,coal demand,"Madan Mukhiya, a labourer from Bihar, was murdered by his wife Meena Devi and her lover Lallan Sharma. This incident occurred in the Manduwala forests, where his body was found in a ravine. Mukhiya was allegedly stabbed in the neck before being disposed of by…",The Times of India,Unknown,News,2026-10-07T22:51:49.290215Z
b1a3194208a94949bf5189f821614f9e,"Suvendu warns of ‘bedbugs’, calls for uprooting ‘anti-national forces’",https://timesofindia.indiatimes.com/city/kolkata/suvendu-warns-of-bedbugs-calls-for-uprooting-anti-national-forces/articleshow/134677861.cms,Rohit Khanna,2026-10-04T16:10:50Z,coal demand,"West Bengal CM Suvendu Adhikari warns of “bedbugs” as anti-national forces, calls for Hindu unity, vows UCC in 6 months, and announces Rs 1,000 crore pilgrimage circuit.",The Times of India,Unknown,News,2026-10-07T22:51:49.290255Z
e20260d1167a5d9cde92bccdd003a53b,Worms in food trigger protest at Ravenshaw girls’ hostel,https://timesofindia.indiatimes.com/city/bhubaneswar/worms-in-food-trigger-protest-at-ravenshaw-girls-hostel/articleshow/134677859.cms,Diana Sahu,2026-10-04T16:10:45Z,coal demand,Ravenshaw University’s Mahanadi Girls’ Hostel students protest after allegedly finding worms in mess food; officials inspect kitchen and probe caterer.,The Times of India,Unknown,News,2026-10-07T22:51:49.290294Z
ec9f18f2ad905c7453be2f43d2316242,Tejashwi vows full-scale battle against NDA govt,https://timesofindia.indiatimes.com/city/patna/tejashwi-vows-full-scale-battle-against-nda-govt/articleshow/134677767.cms,Manoj Chaurasia,2026-10-04T16:08:27Z,coal demand,"Tejashwi Yadav accuses CEC Gyanesh Kumar of aiding BJP with “fraudulent” elections, alleges voter list deletions, vows full-scale fight; BJP denies.",The Times of India,Unknown,News,2026-10-07T22:51:49.290330Z
69c1d08ebc4f73a5847db7a3a76f965f,"Samik writes to PM, seeks setting up of Paschimbanga Bhavan in Varanasi",https://timesofindia.indiatimes.com/city/kolkata/samik-writes-to-pm-seeks-setting-up-of-paschimbanga-bhavan-in-varanasi/articleshow/134677710.cms,Rohit Khanna,2026-10-04T16:03:18Z,coal demand,"Samik Bhattacharya urges PM Modi to build Paschimbanga Bhavan in Varanasi at Bangali Tola Kali temple site, along with temple renovation and preservation.",The Times of India,Unknown,News,2026-10-07T22:51:49.290364Z
aafbe4cd188fc9de6cf0998410d232d3,Bengalureans opposing Tunnel road project take out cycle rally,https://timesofindia.indiatimes.com/city/bengaluru/bengalureans-opposing-tunnel-road-project-take-out-cycle-rally/articleshow/134677694.cms,Times News Network,2026-10-04T16:02:24Z,coal demand,Bengaluru residents held a relay cycle rally and tree-hugging protests against tunnel road projects; RR Nagar locals opposed Nandini milk parlour on park land.,The Times of India,Unknown,News,2026-10-07T22:51:49.290398Z
126932dd4e94a14a9a79c2cf0edff96e,"4,500 Buses Promised, Only 736 Delivered: BEST’s EV Rollout Delayed As Commuters Bear the Brunt",https://timesofindia.indiatimes.com/city/mumbai/4500-buses-promised-only-736-delivered-bests-ev-rollout-delayed-as-commuters-bear-the-brunt/articleshow/134677689.cms,Somit Sen,2026-10-04T16:01:41Z,coal demand,"BEST EV bus rollout in Mumbai delayed: contractor delivered 736 of 4,500 promised buses, worsening waits and route cuts; 1,500 new e-midi buses planned.",The Times of India,India,News,2026-10-07T22:51:49.290421Z
d0616ea21157172c54d59819e05ddf9d,"Transcript: Energy Secretary Chris Wright on ""Face the Nation with Margaret Brennan,"" Oct. 4, 2026",https://www.cbsnews.com/news/chris-wright-energy-secretary-face-the-nation-transcript-10-04-2026/,,2026-10-04T15:59:35Z,coal demand,"The following is the transcript of the interview with Energy Secretary Chris Wright that aired on ""Face the Nation with Margaret Brennan"" on Oct. 4, 2026.",CBS News,Unknown,Analysis/Opinion,2026-10-07T22:51:49.290451Z
83cf714ae49965c97d7808a0167dcc39,Coal’s Real Value Is Optionality,https://wattsupwiththat.com/2026/10/04/coals-real-value-is-optionality/,Guest Blogger,2026-10-04T13:00:00Z,coal demand,"Coal is not returning from the dead. The world never stopped needing it.
The post Coal’s Real Value Is Optionality appeared first on Watts Up With That?.",Wattsupwiththat.com,Unknown,News,2026-10-07T22:51:49.290487Z
3a5471ceb9b550729a9cf00f543cfcdd,Accidental Environmentalist? How Trump’s War Exposed the Fragility of Dirty Energy.,https://www.motherjones.com/politics/2026/10/donald-trump-accidental-environmentalist-gavin-newsom-climate-week-iran-war-dirty-energy-renewables-transition/,Oliver Milman,2026-10-04T12:00:00Z,coal demand,"This story was originally published by The Guardian and is reproduced here as part of the Climate Desk collaboration. Of all the epithets hurled at Donald Trump since he became US president, perhaps the most unusual was delivered last month—that he is, in fac…",Mother Jones,Unknown,News,2026-10-07T22:51:49.290536Z
7a3603bfc107666c642aa65e15966713,"In Ukraine, distributed renewables foil Russia's assaults",https://energytransition.org/2026/09/in-ukraine-distributed-renewables-foil-russias-assaults/,Paul Hockenos,2026-10-04T08:39:58Z,coal demand,"In an easterly suburb of Mykolaiv, drinking water flowed from kitchen taps, as it has since last year thanks to a small off-grid solar field tucked inconspicuously into its midst. Paul Hockenos reports.",Energytransition.org,Russia,Market Report,2026-10-07T22:51:49.290556Z
5252c2b1c5cd83f2fa8e5c86ce4d1fbe,"Electrification offers an off-ramp from fossil fuels, but there is a hook",https://www.abc.net.au/news/2026-10-04/iran-war-electrification-climate-goals/107213828,Charlotte King,2026-10-03T18:30:00Z,coal demand,"The Iran war is turbocharging global electrification. But experts say the global grid needs to roughly double in size, as infrastructure bottlenecks prevent a clean energy revolution.",ABC News (AU),Global,News,2026-10-07T22:51:49.290592Z
4012ebc955c69637d734658c7c294952,"In 1987, Delaware built Interstate 495 access ramps with nearly 10,000 tons of stockpiled fly ash; two years later, settlement was under one-eighth of an inch, matching conventional fill",https://timesofindia.indiatimes.com/world/us/in-1987-delaware-built-interstate-495-access-ramps-with-nearly-10000-tons-of-stockpiled-fly-ash-two-years-later-settlement-was-under-one-eighth-of-an-inch-matching-conventional-fill/articleshow/134657147.cms,TOI World Desk,2026-10-03T12:42:17Z,coal demand,"In a groundbreaking initiative, Delaware highway engineers incorporated approximately 10,000 tons of fly ash sourced from a nearby power plant into their construction projects. Over a diligent two-year monitoring period, they ensured environmental safety and …",The Times of India,Unknown,News,2026-10-07T22:51:49.290651Z
9b2392a804be64ab35d8b2bcc7928ea4,"In 1987, Mississippi rebuilt 1.5 miles of State Route 15 with pond ash from a coal plant; after three years, its stronger ash sections bent far less than the ordinary control road",https://timesofindia.indiatimes.com/world/us/in-1987-mississippi-rebuilt-1-5-miles-of-state-route-15-with-pond-ash-from-a-coal-plant-after-three-years-its-stronger-ash-sections-bent-far-less-than-the-ordinary-control-road/articleshow/134657142.cms,TOI World Desk,2026-10-03T12:41:41Z,coal demand,"In Mississippi, a project evaluated the use of pond ash in road construction implemented in 1987. The project tracked five test sections with different stabilizing materials over three years to assess their performance. Measurements included pavement deflecti…",The Times of India,Unknown,News,2026-10-07T22:51:49.290708Z
8eb3d2f5c950fa459b04466a5ebb1587,"In 1993, Maryland used 60,000 tons of coal fly ash under a Route 213 overpass; later groundwater testing found no discernible impact at the site",https://timesofindia.indiatimes.com/world/us/in-1993-maryland-used-60000-tons-of-coal-fly-ash-under-a-route-213-overpass-later-groundwater-testing-found-no-discernible-impact-at-the-site/articleshow/134657123.cms,TOI World Desk,2026-10-03T12:40:59Z,coal demand,"In a significant environmental initiative, Maryland incorporated about 60,000 tons of Class F coal fly ash into the Route 213 highway embankments, built between 1993 and 1994. Sourced from nearby power plants, these materials were later examined by researcher…",The Times of India,Unknown,News,2026-10-07T22:51:49.290760Z
48377df6acb3e168ea7432b7bc60a05f,Glencore lifts 2026 marketing profit above $5bn as commodity volatility,https://business-news-today.com/glencore-lifts-2026-marketing-profit-above-5bn-as-commodity-volatility-pays-off/,Srinath,2026-10-03T10:51:51Z,coal demand,Glencore now expects 2026 marketing profit above $5bn and has raised its long-term midpoint to $3.5bn. See what commodity volatility changed.,Business-news-today.com,Unknown,Market Report,2026-10-07T22:51:49.290788Z
0879ec35cbec2cb091edfbdbf2da1d17,Who pays? Understanding climate justice ahead of COP31,https://www.thehindubusinessline.com/news/world/who-pays-understanding-climate-justice-ahead-of-cop31/article71539670.ece,PTI,2026-10-03T05:03:13Z,coal demand,"Explores carbon debt, BRICS fossil-fuel stances, climate justice, and why COP31’s negotiations matter for equitable energy transitions.",BusinessLine,Unknown,News,2026-10-07T22:51:49.290825Z
41841d12e3e6d5c17e11f60cfd6ba1be,Is a 'fantasy' now driving Australia's power reliability outlook?,https://www.abc.net.au/news/2026-10-03/aemo-under-fire-over-rose-tinted-power-reliability-forecasts/107189716,Daniel Mercer,2026-10-02T19:51:50Z,coal demand,"Historically, forecasting power reliability was a sober task. Experts say Australia is now counting on projects that will never be built.",ABC News (AU),Australia,Analysis/Opinion,2026-10-07T22:51:49.290834Z
89f99ac278b1756faeabe415e9658aec,Shut up and take our money: Amazon plows $1B into quashing datacenter dissent,https://www.theregister.com/systems/2026/10/02/shut-up-and-take-our-money-amazon-plows-1b-into-quashing-datacenter-dissent/5300914,Tobias Mann,2026-10-02T19:30:56Z,coal demand,"Thou shalt love the datacenter! Verily, thou shalt rejoice in the house of the datacenter!",Theregister.com,Unknown,News,2026-10-07T22:51:49.290864Z
962a77f4f736b7a0d9078f999a6e57f2,Dated Brent Above $120 Signals a Serious Oil Squeeze,https://oilprice.com/Energy/Crude-Oil/Dated-Brent-Above-120-Signals-a-Serious-Oil-Squeeze.html,Tom Kool,2026-10-02T16:50:43Z,coal demand,"Physical oil markets tighten sharply as Dated Brent surges above $120 despite ICE Brent slipping toward $101. Friday, October 02, 2026 The European diesel stock release, droned tankers in the Strait of Hormuz, and China reinstating its refined product export …",OilPrice.com,China,Market Report,2026-10-07T22:51:49.290878Z
0c43cd9bb236a9ef3ba772dc0cf8c7fa,FEDS Note: Beyond the factory gate: The continued importance of goods production,https://www.federalreserve.gov/econres/notes/feds-notes/beyond-the-factory-gate-the-continued-importance-of-goods-production-20261002.html,,2026-10-02T16:10:00Z,coal demand,"Ryan A. DeckerGoods-producing industries have accounted for a declining share of U.S. jobs and economic output in recent decades, which has long been a topic of intense policy and research focus. Some commonly cited facts are reported in figure 1.",Federalreserve.gov,Unknown,Market Report,2026-10-07T22:51:49.290915Z
bb858a18e6e8da0787f1de0450e86b8b,How China Managed the Oil Shock,http://foreignpolicy.com/2026/10/02/china-oil-reserves-refiners-energy-crisis-coal-petrochemicals/,Zongyuan Zoe Liu,2026-10-02T14:04:59Z,coal demand,"Beijing concentrated the impact on refiners, not the public.",Foreign Policy,China,News,2026-10-07T22:51:49.290926Z
3c0706cf01751005726febeddc886694,"Can there be solar for all, everywhere by 2030?",https://www.dw.com/en/can-there-be-solar-for-all-everywhere-by-2030/a-79517056,Sarah Steffen,2026-10-02T13:48:00Z,coal demand,"Prominent climate leaders have called on governments, businesses, institutions and the public to make a push for solar power before the decade is out, repowering the world with cheap, clean energy. Is that possible? In a world set ablaze by war and global war…",DW (English),Global,News,2026-10-07T22:51:49.290973Z
6ed02d32f5dd86e1cf0bd98fd03852f7,"Climate leaders called for solar energy for 'everyone, everywhere' by 2030, but with three years to go, is that goal attainable?",https://www.dw.com/en/climate-leaders-called-for-solar-energy-for-everyone-everywhere-by-2030-but-with-three-years-to-go-is-that-goal-attainable/a-79517056,Sarah Steffen,2026-10-02T13:48:00Z,coal demand,"Prominent climate leaders have called on governments, businesses, institutions and the public to make a push for solar power before the decade is out, repowering the world with cheap, clean energy. Is that possible? In a world ""set ablaze by war and warming,""…",DW (English),Unknown,News,2026-10-07T22:51:49.291022Z
eee4ede08b7639289eaa90b4d7ba5022,Coal India ramps up supplies in September as power demand rises,https://www.thehindubusinessline.com/companies/coal-india-ramps-up-supplies-in-september-as-power-demand-rises/article71537267.ece,BL New Delhi Bureau,2026-10-02T13:30:49Z,coal demand,"Coal India boosts September supplies 12.5% YoY as power demand rises, with strong Q2 FY27 growth in production and sector deliveries.",BusinessLine,India,News,2026-10-07T22:51:49.291039Z
5270285315cf7a1f2ea84cc6e36f97ab,The College Decision Just Got Harder,https://www.theatlantic.com/ideas/2026/10/young-people-job-market-choice/688845/?utm_source=feed,Annie Lowrey,2026-10-02T12:17:10Z,coal demand,"Degrees hold less value, while jobs in the trades are booming.",The Atlantic,Unknown,News,2026-10-07T22:51:49.291063Z
39b7727cade66ced4d0b9317a2baae1b,Manufacturing industry drives Indonesia's trade surplus: minister,https://en.antaranews.com/news/433913/manufacturing-industry-drives-indonesias-trade-surplus-minister,"Maria Cicilia Galuh Prayudhia, Yashinta Difa",2026-10-02T11:10:20Z,coal demand,"Indonesia&#39;s export performance continues to demonstrate strong growth momentum, driven primarily by a 12.48 percent surge in exports from the ...",Antaranews.com,Indonesia,News,2026-10-07T22:51:49.291088Z
e9b1cf363f32325aa371f97411196cea,Copenhagen Infrastructure Partners announces EUR 270 million investment in new Scottish battery storage project,https://www.prnewswire.com/news-releases/copenhagen-infrastructure-partners-announces-eur-270-million-investment-in-new-scottish-battery-storage-project-302897097.html,,2026-10-02T10:03:00Z,coal demand,"Kilmarnock South is a 350MW four-hour duration BESS project located in southern Scotland. Now under construction, the project is expected to commission in early 2028. The project represents an investment commitment of over EUR 270 million, further strengtheni…",PRNewswire,Unknown,News,2026-10-07T22:51:49.291150Z
5a11966c942d112f3de156fea50dda51,Copenhagen Infrastructure Partners announces EUR 270 million investment in new Scottish battery storage project,https://www.prnewswire.com/news-releases/copenhagen-infrastructure-partners-announces-eur-270-million-investment-in-new-scottish-battery-storage-project-302897092.html,,2026-10-02T09:58:00Z,coal demand,"Kilmarnock South is a 350MW four-hour duration BESS project located in southern Scotland. Now under construction, the project is expected to commission in early 2028. The project represents an investment commitment of over EUR 270 million, further strengtheni…",PRNewswire,Unknown,News,2026-10-07T22:51:49.291187Z
4511854437fc8e2098be2fa31ade6c11,"‘You need to clean up the mess your generation has left’: Volkswagen’s guilty boomer gets real about sustainability, China—and his spam folder",https://fortune.com/2026/10/02/volkswagen-guilty-boomer-clean-up-mess-sustainability-dirk-voeste/,Nick Lichtenberg,2026-10-02T07:00:00Z,coal demand,Volkswagen’s sustainability chief told Fortune that Europe’s industrial champions cannot protect their way out of China’s electric-vehicle challenge.,Fortune,China,News,2026-10-07T22:51:49.291209Z
d870a6d2c1d3adf3bd34c35a849170f0,"Coal India, NTPC among 360 ONE Capital Research’s 8 stock picks for October. Check full list with target prices",https://m.economictimes.com/markets/stocks/news/coal-india-ntpc-among-360-one-capital-researchs-8-stock-picks-for-october-check-full-list-with-target-prices/bullish-bets/slideshow/134633712.cms,Agencies,2026-10-02T06:39:12Z,coal demand,"360 ONE Capital Research has picked eight stocks for October, including Coal India, NTPC and ITC, with Buy ratings and target prices, citing earnings prospects and growth drivers.Coal India, NTPC among 360 ONE Capital Research’s 8 stock picks for October. Che…",Economictimes.com,India,Market Report,2026-10-07T22:51:49.291233Z
221f7ca71e8b5f71f265b8bf2be408da,COVID Was the Warm-Up: The Global Energy Sabotage Is the Real Kill Switch,https://www.naturalnews.com/2026-10-02-global-energy-sabotage-is-real-kill-switch.html,Mike Adams,2026-10-02T06:00:00Z,coal demand,"COVID Was the Warm-Up In retrospect, we now know that COVID-19 was never the main event. It was a warm-up. It was the largest obedience experiment in human history, a depopulation dry run that tested how far the masses could be pushed before they broke. And t…",Naturalnews.com,Global,News,2026-10-07T22:51:49.291279Z
8be2b8686c9ce664e719b1300b275ca9,"Households will pay more for energy because of Trump's policy changes, think tank says",https://abcnews.com/US/wireStory/households-pay-energy-trumps-policy-tank-136940136,JENNIFER MCDERMOTT Associated Press,2026-10-02T04:32:21Z,coal demand,Households in the contiguous United States will pay thousands of dollars more for energy through 2040 because of federal policy changes since President Donald Trump returned to office,Abcnews.com,USA,News,2026-10-07T22:51:49.291301Z
a4394655cd19ac458e12470ca9aaaba1,Santee Cooper’s New Energy Plan is Bad News for South Carolina Customers,https://cleantechnica.com/2026/10/01/santee-coopers-new-energy-plan-is-bad-news-for-south-carolina-customers/,Sierra Club,2026-10-02T03:38:23Z,coal demand,"COLUMBIA, S.C. — Santee Cooper’s long-range energy plan admits that increased demand from large load customers, like data centers, is creating an upward pressure on costs, according to the utility’s filing with state regulators yesterday. Rather than meeting …",CleanTechnica,Unknown,News,2026-10-07T22:51:49.291352Z
5c999f07741330e7c479dce337169ddf,Best of Business Standard Opinion: CAFE III norms do not meet transition needs,https://www.business-standard.com/opinion/specials/best-of-bs-opinion-cafe-iii-power-storage-customer-complaints-ai-governance-126100101396_1.html,Tanmaya Nanda,2026-10-02T00:45:03Z,coal demand,"From tighter vehicle-efficiency norms and India's peak-power challenge to complaint analytics, and frontier AI safeguards, today's opinions examine regulation, resilience and institutional learning",Business Standard,India,Analysis/Opinion,2026-10-07T22:51:49.291365Z
615342659a5314bc572df96aded18a49,California just made it legal to turn balconies into tiny power plants,https://grist.org/solutions/california-just-made-it-legal-to-turn-balconies-into-tiny-power-plants/,Matt Simon,2026-10-01T19:07:38Z,coal demand,"The state is the biggest to approve solar panels that plug into walls, giving residents a cheaper way to generate their own electricity.",Grist,Unknown,News,2026-10-07T22:51:49.291398Z
eac817d4ea6c7bd675e554360a226525,India power demand jumps 11% in September to record 269 GW peak amid deficit monsoon,https://economictimes.indiatimes.com/industry/energy/power/india-power-demand-jumps-11-in-september-to-record-269-gw-peak-amid-deficit-monsoon/articleshow/134625804.cms,ET Bureau,2026-10-01T18:55:29Z,coal demand,"India’s power consumption rose 11.3% year-on-year to 162 billion units in September, driven by cooling and irrigation demand amid a deficit monsoon. Peak power demand met touched a record 269 GW. NTPC generation rose 12.5%, while Coal India increased producti…",The Times of India,India,News,2026-10-07T22:51:49.291425Z
36ca79c44d8422a326d0fec80469def5,Puerto Rico faces record electric rate as demand and costs increase,https://abcnews.com/Business/wireStory/puerto-rico-faces-record-electric-rate-demand-costs-136924178,DÁNICA COTO Associated Press,2026-10-01T16:57:59Z,coal demand,A record electric rate has gone into effect in Puerto Rico as outages persist and the U.S. territory’s power grid continues to crumble,Abcnews.com,Unknown,News,2026-10-07T22:51:49.291463Z
08ef7231c87af568f03065d0ce44c3d4,Expert cites clear clean energy path as Prabowo govt nears 2 years,https://en.antaranews.com/news/433795/expert-cites-clear-clean-energy-path-as-prabowo-govt-nears-2-years,"Putu Indah, Raka Adji",2026-10-01T16:18:06Z,coal demand,Indonesia has a clear direction toward clean energy as the administration of President Prabowo Subianto and Vice President Gibran Rakabuming Raka nears its ...,Antaranews.com,Indonesia,News,2026-10-07T22:51:49.291490Z
0d283c7dc6a136a27c92c5057c57213b,FEDS Note: Beyond Aggregates: Measuring Manufacturing Subsector Heterogeneity with the Business Trends and Outlook Survey,https://www.federalreserve.gov/econres/notes/feds-notes/beyond-aggregates-measuring-manufacturing-subsector-heterogeneity-business-trends-and-outlook-survey-20261001.html,,2026-10-01T16:13:00Z,coal demand,"Atreya Bhamidi, Nicole Hoffmann, and Fariha KamalReal-time monitoring of U.S. manufacturing activity typically relies on high-frequency national aggregates that lack industry detail. In this Note, we assess the Business Trends and Outlook Survey (BTOS), an ex…",Federalreserve.gov,Unknown,Analysis/Opinion,2026-10-07T22:51:49.291536Z
5d31b7ecdc19a288a38c1a64d2267244,Coal India raises September supplies 12.5% amid growing demand for power,https://www.business-standard.com/industry/news/coal-india-raises-september-supplies-12-5-amid-growing-demand-for-power-126100101417_1.html,Saket Kumar,2026-10-01T16:06:44Z,coal demand,"Supplies to the power sector rose 10.63 per cent to 48.9 million tonnes in September, while coal production increased 9.18 per cent to 53.5 million tonnes, CIL said",Business Standard,India,News,2026-10-07T22:51:49.291557Z
5b435fe99ed0215e33cea91061ea258d,Coal India’s supplies to power sector rise 10.6% in September,https://www.thehindubusinessline.com/companies/coal-indias-supplies-to-power-sector-rise-106-in-september/article71533738.ece,BL Kolkata Bureau,2026-10-01T14:54:41Z,coal demand,"Coal India boosts September power-sector coal supplies by 10.63% year-on-year, with overall off-take up 12.5% amid steady production growth.",BusinessLine,India,News,2026-10-07T22:51:49.291577Z
fb1d7584a7d1966b81fff2d9ebac700e,"Electricity shortage rises fivefold in September, remains low in volume",https://www.business-standard.com/industry/news/electricity-shortage-rises-fivefold-in-september-remains-low-in-volume-126100101256_1.html,Deepak Patel,2026-10-01T14:28:13Z,coal demand,"India's electricity shortage rose to 544 million units in September from 98 million units in August, as power demand increased and coal stocks at thermal plants fell",Business Standard,India,News,2026-10-07T22:51:49.291597Z
620e267245164f1b4f4c3aad5a84e553,Evaluation of the high-quality development of graduate education in mining engineering based on ISM and Bayesian networks,https://journals.plos.org/plosone/article?id=10.1371/journal.pone.0359427,"Liyun Wu, Zhipeng Sun, Yuzhong Yang",2026-10-01T14:00:00Z,coal demand,The quality of graduate education in mining engineering is important for safeguarding national energy security and supporting the green and intelligent transformation of the mining industry. This study developed an evaluation system comprising five criterion-…,Plos.org,Unknown,News,2026-10-07T22:51:49.291652Z
a470ad5ab3275058a457af816ae16c03,India's Power Shortages Jump to Three-Year High,https://oilprice.com/Latest-Energy-News/World-News/Indias-Power-Shortages-Jump-to-Three-Year-High.html,Michael Kern,2026-10-01T13:30:00Z,coal demand,"India's power shortfall surged to a three-year high in September as El Niño and industrial electricity demand drove consumption higher. Last month, India's power shortages jumped to 560 million kilowatt-hours (kWh). This was the highest level since August 202…",OilPrice.com,India,News,2026-10-07T22:51:49.291677Z
95e0947ff23db3d063671f9bc1f73d1f,"Lithium: Nigeria’s new oil, old mistake?",https://punchng.com/lithium-nigerias-new-oil-old-mistake/,Punch Newspapers,2026-10-01T12:15:45Z,coal demand,"As global demand for lithium soars, Nigeria faces a critical choice: repeat the mistakes made with oil or build a sustainable domestic industry.

Read More: https://punchng.com/lithium-nigerias-new-oil-old-mistake/",The Punch,Global,News,2026-10-07T22:51:49.291717Z
ab7fc284a0f5749e5fd9a20046624a05,Pandora opens $150 million Vietnam jewelry factory powered by renewable energy,https://abcnews.com/Business/wireStory/pandora-opens-150-million-vietnam-jewelry-factory-powered-136913568,"HAU DINH Associated Press, ANIRUDDHA GHOSAL Associated Press",2026-10-01T10:53:15Z,coal demand,"Pandora has opened the world’s largest fine-jewelry crafting facility in Vietnam, powered entirely by renewable electricity and using 100% recycled gold and silver",Abcnews.com,Unknown,News,2026-10-07T22:51:49.291757Z
7c7a639021fb0210c339e3c38ff2f2ac,Ukraine says no to EU membership without access to selling grain,https://www.politico.eu/article/ukraine-says-no-to-eu-membership-without-access-to-selling-grain/,Agnes Rønberg,2026-10-06T11:29:25Z,grain exports,"A permanent restriction on Kyiv's market access would ""run counter to the very logic"" of full EU membership, Ukraine's agriculture minister told POLITICO.",POLITICO.eu,Ukraine,Market Report,2026-10-07T22:51:49.849013Z
b87d32a7107b181209e97fe6273171b4,Two dead as cargo ship sinks in Black Sea,https://www.hurriyetdailynews.com/two-dead-as-cargo-ship-sinks-in-black-sea-227764,hurriyetdailynews.com,2026-10-06T05:47:16Z,grain exports,"Two crew members died after a cargo ship part-owned by a Turkish company caught fire and sank in the Black Sea off Romania on Oct. 5, with Ukraine blaming a Russian drone attack.",Hurriyet Daily News,Russia,News,2026-10-07T22:51:49.849057Z
a9f9ca52e427e6fea5d2d494cc209b2f,Samon: Designing a Zen Garden Raking Puzzle,https://gwern.net/doc/design/2026-10-03-gwern-samon.html,"Gwern, Claude-5.5-opus",2026-10-05T23:35:35Z,grain exports,"A Zen-garden raking puzzle: a novice monk walks into the sand and must rake his way back out to the gate in one stroke. The full design, solver experiments, 148 gardens and a year of daily ones, and a playable prototype, in one page.",Gwern.net,Unknown,Market Report,2026-10-07T22:51:49.849095Z
d462f36c2c4d8094fe7ee6272727154a,Food Shortages In 2027? The ICC Warns That Global Food Prices Could Rise By Close To 70% – I Asked AI What Would Happen Next,http://theeconomiccollapseblog.com/food-shortages-in-2027-the-icc-warns-that-global-food-prices-could-rise-by-close-to-70-i-asked-ai-what-would-happen-next/,Michael,2026-10-05T20:16:28Z,grain exports,"All over social media, people want to know if there will be food shortages in 2027. Coming into this year, the UN was warning that global hunger had reached an unprecedented level. Now we are facing a global fertilizer crisis, a global energy crisis, widespre…",Theeconomiccollapseblog.com,Global,Market Report,2026-10-07T22:51:49.849379Z
3c3527b7fe5cbfe61b7d48f98fbb0495,Ukraine says Russian drones behind Turkish ship sinking,https://www.dw.com/en/ukraine-says-russian-drones-behind-turkish-ship-sinking/a-79552387,Jenipher Camino Gonzalez,2026-10-05T15:49:00Z,grain exports,"Romanian authorities did not say what caused the fire, but local media reported that the ship was carrying grain and was hit by a drone. Romanian authorities said on Monday that two people were killed and another one was wounded after a fire broke out in a co…",DW (English),Russia,Market Report,2026-10-07T22:51:49.849411Z
8342883880ae95f76e664f9eba35dd5d,Russia stood by India when territorial integrity was threatened – Delhi,https://www.rt.com/india/646747-russia-india-history-jaishankar/,RT,2026-10-05T13:23:47Z,grain exports,"Foreign Minister S. Jaishankar said India’s ties with Russia remain rooted in history and security interests, pushing back against Western pressure to distance itself from Moscow",RT,India,News,2026-10-07T22:51:49.849461Z
cd5fe7f5be3042fddb887fb1edfd570a,"India navigating multipolar 'age of flux', says Jaishankar; talks on with Russia, Ukraine for safe Black Sea passage",https://economictimes.indiatimes.com/news/india/india-navigating-multipolar-age-of-flux-says-jaishankar-talks-on-with-russia-ukraine-for-safe-black-sea-passage/articleshow/134706429.cms,ET Online,2026-10-05T13:04:15Z,grain exports,External Affairs Minister S Jaishankar affirmed the importance of the US as a primary strategic partner for India. He emphasized India's nuanced approach to relationships with various nations including China and Russia. Jaishankar also addressed the challenge…,The Times of India,China,News,2026-10-07T22:51:49.849481Z
55c62611979d517cbd5d218dfbc4a5ae,Gitframes,https://github.com/gatewai-dev/gitframes,gatewai-dev,2026-10-05T12:59:14Z,grain exports,"Code-first video, rendered natively on WebGPU. Contribute to gatewai-dev/gitframes development by creating an account on GitHub.",Github.com,Unknown,News,2026-10-07T22:51:49.849510Z
191fd8f483d710a660e42536b81dbbf7,Ukraine’s EU neighbors reject new plea from Kiev – Politico,https://www.rt.com/news/646739-ukraines-eu-neighbors-reject-grain-transit-plea/,RT,2026-10-05T10:33:21Z,grain exports,Poland and Romania resist Ukraine’s push for more grain transit capacity as Kiev seeks €1.1 bn from the EU to offset higher logistics costs,RT,Ukraine,News,2026-10-07T22:51:49.849536Z
e7feeb46646b086b8a599a20977cfadf,Ukraine scrambles for money to fight war as Russian strikes batter economy,https://economictimes.indiatimes.com/news/defence/ukraine-scrambles-for-money-to-fight-war-as-russian-strikes-batter-economy/articleshow/134695029.cms,Reuters,2026-10-05T09:11:57Z,grain exports,"Kryvyi Rih, the hometown of President Volodymyr Zelenskiy, is severely impacted by Russian airstrikes disrupting economic activities. The city's largest employer has halted operations, contributing to a dire financial situation. Ukraine faces a significant bu…",The Times of India,Russia,News,2026-10-07T22:51:49.849567Z
852b838ea07481435e2e6fd25848e2d6,India in talks with Russia and Ukraine to end conflict – FM,https://www.rt.com/india/646730-india-russia-ukraine-talks/,RT,2026-10-05T08:24:55Z,grain exports,"India says it has moved beyond calls for dialogue and is now engaging both Russia and Ukraine on Black Sea shipping, grain, energy exports, and possible non-attack arrangements",RT,India,News,2026-10-07T22:51:49.849587Z
7d36eaad3f56820757b34bffcb7b8b29,India seeks greater role in brokering Russia-Ukraine peace,https://economictimes.indiatimes.com/news/india/india-seeks-greater-role-in-brokering-russia-ukraine-peace/articleshow/134684196.cms,AFP,2026-10-05T02:33:24Z,grain exports,India's Foreign Minister Subrahmanyam Jaishankar stated that dialogue and diplomacy are necessary to resolve the Russia-Ukraine conflict. He revealed that India is increasing its involvement in discussions with both Russia and Ukraine. Current talks include i…,The Times of India,India,News,2026-10-07T22:51:49.849614Z
5454a1e6526a87b26a9a17858dd00ca2,External affairs minister S Jaishankar says US has chosen to become 'lonelier power',https://timesofindia.indiatimes.com/india/external-affairs-minister-s-jaishankar-says-us-has-chosen-to-become-lonelier-power/articleshow/134680336.cms,Sachin Parashar,2026-10-04T21:00:29Z,grain exports,S Jaishankar stated that India aims to mediate in the Russia-Ukraine conflict through dialogue and diplomacy. India has recently proposed ideas addressing issues like grain and energy exports to both nations. Jaishankar emphasized America's changing global po…,The Times of India,India,News,2026-10-07T22:51:49.849639Z
f1461e24850910a0bace258e06538268,India moves beyond advocacy towards Russia-Ukraine war resolution: EAM,https://www.business-standard.com/external-affairs-defence-security/news/india-moves-beyond-advocacy-towards-russia-ukraine-war-resolution-eam-126100400789_1.html,"Archis Mohan, PTI",2026-10-04T17:58:31Z,grain exports,"The External Affairs Minister spoke of the need for middle and emerging powers  to cooperate on connectivity, supply chains and defence",Business Standard,India,News,2026-10-07T22:51:49.849658Z
67ef50573a641ba94fb854c296318b06,'Our side is ready to support': Zelenskyy expresses readiness for US-proposed trilateral talks with Russia,https://economictimes.indiatimes.com/news/defence/our-side-is-ready-to-support-zelenskyy-expresses-readiness-for-us-proposed-trilateral-talks-with-russia/articleshow/134678706.cms,ANI,2026-10-04T17:38:25Z,grain exports,"Ukraine is ready for a proposed trilateral meeting with the US and Russia at the technical level by the end of October, President Volodymyr Zelenskyy said. The announcement came after fresh Russian drone and missile attacks across Ukraine, while India said it…",The Times of India,India,News,2026-10-07T22:51:49.849687Z
ca86558cf06d5e61138b24adcafc0676,Ukraine ready for US-backed talks with Russia: Zelenskyy,https://www.aljazeera.com/news/2026/10/4/ukraine-ready-for-us-backed-talks-with-russia-zelenskyy,Al Jazeera Staff,2026-10-04T17:17:42Z,grain exports,"Trilateral talks could happen this month in UAE or another US-proposed venue, says the president.",Al Jazeera English,Russia,News,2026-10-07T22:51:49.849709Z
e0a325c872e6dc8ee34cce0f94c6ce7d,Got little bit more involved beyond advocacy: Jaishankar on India's peace efforts to end Ukraine conflict,https://economictimes.indiatimes.com/news/india/got-little-bit-more-involved-beyond-advocacy-jaishankar-on-indias-peace-efforts-to-end-ukraine-conflict/articleshow/134675788.cms,PTI,2026-10-04T13:17:00Z,grain exports,India has reportedly intensified its diplomatic initiatives to address the ongoing Ukraine conflict through discussions. External Affairs Minister S Jaishankar noted that India is engaging with both Kyiv and Moscow for resolution. Recent remarks from Russian …,The Times of India,India,Market Report,2026-10-07T22:51:49.849734Z
71b06dbf48ac2c05e3e176ad3153ae6e,EU neighbors shun Kyiv’s plea to free trapped grain,https://www.politico.eu/article/eu-neighbors-shun-kyivs-plea-to-free-trapped-grain/,Agnes Rønberg,2026-10-04T05:00:00Z,grain exports,"Poland and Romania said there’s nothing more they can do to help Ukraine export its grain through Europe, as the blockade in the Black Sea continues.",POLITICO.eu,Ukraine,News,2026-10-07T22:51:49.849760Z
ecba17d37221304cfaf20cc512ecc8c3,"Russia Hits Liberian-Flagged Ship In Ukraine’s Odesa port, Kills One",https://gcaptain.com/russia-hits-liberian-flagged-ship-in-ukraines-odesa-port-kills-one/,Reuters,2026-10-03T17:25:03Z,grain exports,"KYIV, Oct 3 (Reuters) – Russia has attacked a Liberian-flagged cargo ship in one of Ukraine’s Black Sea ports in the Odesa region, killing one person and injuring three, the Ukrainian sea ports administration...",gcaptain.com,Russia,News,2026-10-07T22:51:49.849790Z
1a7679e168654052359b36c647361cd8,"Five killed as Kyiv and Moscow trade strikes, Russia hits second bridge",https://www.aljazeera.com/news/2026/10/3/five-killed-as-kyiv-and-moscow-trade-strikes-russia-hits-second-bridge,Al Jazeera Staff,2026-10-03T12:55:54Z,grain exports,"Russia has also attacked another key bridge in Kyiv, the second such strike in two days.",Al Jazeera English,Russia,News,2026-10-07T22:51:49.849809Z
6bb43c8c99137a4e11ba48bdd2e49656,India unlikely to face major food crisis despite global disruptions: 16th Finance Commission Chairman,https://www.thehindubusinessline.com/economy/india-unlikely-to-face-major-food-crisis-despite-global-disruptions-16th-finance-commission-chairman/article71540448.ece,ANI,2026-10-03T11:42:53Z,grain exports,"India unlikely to face major food or fertiliser crisis amid global disruptions, due to strengthened supplies, diversified imports, and resilient growth.",BusinessLine,India,News,2026-10-07T22:51:49.849828Z
7a6361fc04996cb05f62897dc7e9c585,Links 10/3/2026 Plus Short Iran War/Narrative Note,https://www.nakedcapitalism.com/2026/10/links-10-3-2026-plus-short-note.html,Yves Smith,2026-10-03T10:59:40Z,grain exports,"Our scary daily links: pet food toxicity, modern architecture uglies, Russia bans diesel exports unless sanctions go, ozone pollutions, EU energy-produced inflation, India v. Trump. Venezuela toadies to Trump, moar on Israel flight false flag, China two syste…",Nakedcapitalism.com,China,Market Report,2026-10-07T22:51:49.849845Z
95b1e117b1cb6b8025cf658a26f967c8,Ukraine drone chief targeted by $20 million Russian bounty warns 'humanity is losing control' as AI becomes a 'digital panopticon',https://www.techradar.com/pro/ukraine-drone-chief-targeted-by-usd20-million-russian-bounty-warns-humanity-is-losing-control-as-ai-becomes-a-digital-panopticon,"Rahimnoorali11@gmail.com (Rahim Amir) , Rahim Amir",2026-10-02T21:10:00Z,grain exports,"Ukraine's drone chief says humanity is ""losing control"" of AI weapons, calling it a panopticon even as drones continue to get increasingly 'smarter' on the front line",TechRadar,Russia,News,2026-10-07T22:51:49.849870Z
d93f24442dfe6406dfeeff29068213f1,Don't blame El Niño alone,https://www.business-standard.com/opinion/columns/don-t-blame-el-nino-alone-126100201106_1.html,Kumar Abishek,2026-10-02T17:20:29Z,grain exports,"This year's southwest monsoon has ended with a 13% deficit over the long-period average, and India is still bracing for the full impact of a 'super', or 'Godzilla', El Niño",Business Standard,India,News,2026-10-07T22:51:49.849891Z
831ce9ebe50c080241d3396cf6beb9df,"America’s British History: The English Language in America – A Shared Tongue, Divided by an Ocean",https://anglotopia.net/british-history/british-empire/americas-british-history-the-english-language-in-america-a-shared-tongue-divided-by-an-ocean/,Jonathan,2026-10-02T14:00:00Z,grain exports,Great Events in Colonial American History – British Cultural Influence Series The British Context The English language was the most fundamental and enduring of all Britain’s cultural exports to America. It was the medium through which every other English infl…,Anglotopia.net,USA,News,2026-10-07T22:51:49.849950Z
f3705309dc8fba4184031733379cd3dc,Russian aerial strikes snarl traffic on 3 Kyiv bridges in a new disruption tactic,https://abcnews.com/International/wireStory/russian-aerial-strikes-snarl-traffic-3-kyiv-bridges-136944164,"HANNA ARHIROVA Associated Press, BARRY HATTON Associated Press",2026-10-02T11:06:01Z,grain exports,"Russian aerial attacks have forced the partial closure of three bridges over the Dnipro River in Kyiv, causing traffic chaos",Abcnews.com,Russia,News,2026-10-07T22:51:49.849970Z
93c34d2619df188ed1fc616307585655,The Black Sea is the most dangerous it's been since the start of Russia’s war. And it's choking global grain,https://www.cbc.ca/news/world/commercial-shipping-targeted-black-sea-9.7365129,Briar Stewart,2026-10-02T08:00:00Z,grain exports,"Strikes against ports and vessels have crippled shipping routes leaving Russia's and Ukraine's combined wheat exports down by 60 per cent over last year. Global wheat prices are already up from a year ago, and experts warn it could get worse.",CBC News,Russia,Market Report,2026-10-07T22:51:49.849998Z
d56da602046da3c068f5d11befcc2f25,The Diesel Domino Effect: Why 16 Trucking Bankruptcies Signal a Coming Food Crisis,https://www.naturalnews.com/2026-10-02-why-16-trucking-bankruptcies-signal-food-crisis.html,Mike Adams,2026-10-02T06:00:00Z,grain exports,"The Diesel Domino Effect Cannot be Ignored I have been warning for years that the American food supply chain is far more fragile than the corporate media will ever admit. Diesel is the bloodstream of that supply chain, and right now the patient is bleeding ou…",Naturalnews.com,USA,News,2026-10-07T22:51:49.850027Z
e802c19e9d418a05236064a0c57e99f9,"Global Crop Prices Post Largest Quarterly Jump Since Ukraine Invasion, Index Shows",https://www.naturalnews.com/2026-10-02-global-crop-largest-quarterly-jump-ukraine-invasion.html,Sterling Ashworth,2026-10-02T06:00:00Z,grain exports,"Global crop prices recorded their largest quarterly increase since Russia invaded Ukraine in early 2022, according to data published by the Bloomberg Agriculture Spot Index. The index rose 13% during the third quarter, the biggest quarterly advance since the …",Naturalnews.com,Russia,Market Report,2026-10-07T22:51:49.850052Z
7bb4172cecda013b8825ab8cce780c41,India can emerge as key rice supplier as global production falls 9% and demand rises 14%: IREF,https://economictimes.indiatimes.com/news/economy/agriculture/india-can-emerge-as-key-rice-supplier-as-global-production-falls-9-and-demand-rises-14-iref/articleshow/134622141.cms,ANI,2026-10-01T14:39:14Z,grain exports,"India's rice production is expected to decrease, while global demand is projected to rise significantly. The country possesses sufficient surplus stocks to address international market needs. Other major rice-producing nations are under pressure, which presen…",The Times of India,India,Market Report,2026-10-07T22:51:49.850072Z
8ec7d530324617618151b8f4726204d9,Drones outpace Ukrainian defenses as manufacturers race to build new interceptors,https://abcnews.com/International/wireStory/jet-powered-drones-outpace-ukrainian-defenses-manufacturers-race-136910622,"SAMYA KULLAB Associated Press, VOLODYMYR YURCHUK Associated Press",2026-10-01T06:52:29Z,grain exports,"Jet-powered Russian drones are racing across Kyiv's skies, and Ukrainian air defenses are struggling to keep up",Abcnews.com,Russia,News,2026-10-07T22:51:49.850093Z
c1f12cec8c4b25b1200bfc6d9ff517e0,"Strong Hong Kong Evening Sales, Totaling a Combined $223.6 M., Mask Key Hurdles in Asia’s Art Market",https://www.artnews.com/art-news/market/hong-kong-september-2026-auctions-sothebys-christies-phillips-1234800173/,Maximilíano Durón,2026-09-30T21:30:00Z,grain exports,"The Hong Kong sales at Sotheby's, Christie's, and Phillips totaled $223.6 million, but mask key hurdles to Asia's art market.",ARTnews,Unknown,Market Report,2026-10-07T22:51:49.850149Z
1105a180f0a8bd019efa3a393ffaac7f,"Strong Hong Kong Evening Sales, Totaling a Combined $184.6 M., Mask Key Hurdles in Asia’s Art Market",https://www.artnews.com/art-news/market/hong-kong-september-2026-acutions-sothebys-christies-phillips-1234800173/,Maximilíano Durón,2026-09-30T21:30:00Z,grain exports,"The Hong Kong sales at Sotheby's, Christie's, and Phillips totaled $184.6 million, but mask key hurdles to Asia's art market.",ARTnews,Unknown,Market Report,2026-10-07T22:51:49.850180Z
fd2f447a6c5accc7a91bd035c9762d48,The Case for Trump’s Global Strategy,http://foreignpolicy.com/2026/09/30/mike-waltz-trump-global-strategy-iran-sudan-venezuela-china-policy-international-law-united-nations/,Ravi Agrawal,2026-09-30T18:47:10Z,grain exports,"U.N. ambassador Mike Waltz on Iran, Sudan, China, Russia, and more.",Foreign Policy,China,News,2026-10-07T22:51:49.850195Z
2aab2a7eb53441b58431161421bbb054,Why Is Brazil So Interested in ASEAN?,https://thediplomat.com/2026/09/why-is-brazil-so-interested-in-asean/,Matheus Bruno,2026-09-30T13:05:00Z,grain exports,"With its traditional markets less reliable, Brazil sees immense potential in Southeast Asia's growing economies.",The Diplomat,Brazil,Market Report,2026-10-07T22:51:49.850207Z
6f4778d6065dece168d324563a80117a,India's rice industry looks beyond grain for next billion-dollar opportunity,https://economictimes.indiatimes.com/industry/cons-products/food/indias-rice-industry-looks-beyond-grain-for-next-billion-dollar-opportunity/articleshow/134590474.cms,PTI,2026-09-30T10:27:58Z,grain exports,"India’s rice industry is looking beyond raw grain exports to higher-value products such as noodles, bran oil, protein, specialised ingredients and rice-husk-based materials. An IREF-EY assessment at the Bharat International Rice Conference 2026 will identify …",The Times of India,India,Market Report,2026-10-07T22:51:49.850234Z
b028ca982ab1d87ddefda2dd7e206949,India’s rice industry looks beyond raw grain to tap next billion-dollar opportunities,https://www.thehindubusinessline.com/economy/agri-business/indias-rice-industry-looks-beyond-raw-grain-to-tap-next-billion-dollar-opportunities/article71527837.ece,PTI,2026-09-30T10:03:32Z,grain exports,"India is exploring rice-based noodles, bran oil, protein, starch and husk-derived products as markets expand and processors seek higher value from rice.",BusinessLine,India,Market Report,2026-10-07T22:51:49.850252Z
8e037f2e058d3dd9ad3610622188d40d,"Soaring U.S. Diesel Prices Squeeze Schools, Farms and Food Banks",https://www.naturalnews.com/2026-09-30-us-diesel-squeeze-schools-farm-food-banks.html,Sterling Ashworth,2026-09-30T06:00:00Z,grain exports,"Average U.S. diesel prices hovered around $6.50 a gallon on Friday, just below the record high of $6.53 set on Sept. 22 and up from $3.69 a year earlier, according to AAA data cited in reports [1]. The national average first crossed the $6 mark in September, …",Naturalnews.com,Unknown,Market Report,2026-10-07T22:51:49.850294Z
82fc868cd478b31ed92690225467467b,Targeting the Black Sea: Russia's War on Civilian Ukrainian Ships,https://www.morgenpost.de/podcast/article413286374/targeting-the-black-sea-russias-war-on-civilian-ukrainian-ships.html,Alexander Baumeister,2026-09-30T02:55:00Z,grain exports,Russia’s attacks on Ukrainian ports and commercial ships are disrupting Ukrainian exports — with consequences for people and markets around the world.,Berliner Morgenpost,Russia,Market Report,2026-10-07T22:51:49.850319Z
ea86c0e86f69c1625654ecc06bc532b8,Farmer sentiment drops as concerns about input costs increase,https://www.prnewswire.com/news-releases/farmer-sentiment-drops-as-concerns-about-input-costs-increase-302899402.html,,2026-10-06T13:30:00Z,soybean exports,"WEST LAFAYETTE, Ind., Oct. 6, 2026 /PRNewswire/ -- In the September Purdue University/CME Group Ag Economy Barometer survey, 52% of respondents cited higher input costs as their top concern, marking a new record high. Alongside an 18-point drop in the Index o…",PRNewswire,Unknown,Market Report,2026-10-07T22:51:50.242609Z
1921fe8d790b16cabf33fd037327cb65,"Niger or Nigeria? India probes soybean imports over suspected tax evasion, sources say",https://economictimes.indiatimes.com/news/economy/foreign-trade/niger-or-nigeria-india-probes-soybean-imports-over-suspected-tax-evasion-sources-say/articleshow/134705755.cms,Reuters,2026-10-05T12:20:21Z,soybean exports,"Indian customs officials are currently examining a notable uptick in soybean imports, which are purportedly sourced from Niger. Authorities suspect that these shipments are actually originating from Nigeria to avoid applicable tariffs. As a result, importers …",The Times of India,India,News,2026-10-07T22:51:50.242648Z
f614edda8592c03c86e44c6c8d350df4,Why Irish food prices are rising again,https://www.rte.ie/brainstorm/2026/1005/1594013-ireland-food-prices-groceries-inflation-climate-shipping-war-how-to-shop-well-now/,Thia Hennessy,2026-10-05T11:28:01Z,soybean exports,"The price we pay for groceries is decided by events far from home, including wars, shipping disruptions, droughts in Brazil and rainfall in Asia",RTE,Brazil,Market Report,2026-10-07T22:51:50.242664Z
77e20aa121eed034e93f9a689f2a231d,Trump plays with a critical lifeline that keeps global economy going,https://economictimes.indiatimes.com/industry/energy/oil-gas/trump-plays-with-a-critical-lifeline-that-keeps-global-economy-going/articleshow/134636195.cms,ET Online,2026-10-02T09:51:43Z,soybean exports,"A potential US diesel export ban could worsen an already tight global fuel market by removing about 1.2 million barrels a day of supply at a time when Middle Eastern, Russian and Chinese exports are constrained. Europe would be particularly exposed, while Ind…",The Times of India,China,Market Report,2026-10-07T22:51:50.242700Z
4a2b1c4e5466075ae368ff7008966c4b,On/Off the Record: Needed: A strong and prosperous nation,https://peoplesreview.com.np/2026/10/02/on-off-the-record-needed-a-strong-and-prosperous-nation/,People's Review,2026-10-02T03:31:00Z,soybean exports,By P.R. Pradhan It seems that the present Rastriya Swatantra Party (RSP) government is also walking along the same old path travelled by the traditional political parties. When the top leaders of the RSP stated that they were not against the present federal s…,Peoplesreview.com.np,Unknown,News,2026-10-07T22:51:50.242751Z
9684f337feb0dc26227321ea59efbc5f,India steps up palm oil buying as tax cut spurs restocking,https://economictimes.indiatimes.com/industry/energy/oil-gas/india-steps-up-palm-oil-buying-as-tax-cut-spurs-restocking/articleshow/134613746.cms,Bloomberg,2026-10-01T09:07:32Z,soybean exports,"India is increasing its palm oil imports after reducing import duties, prompting refiners to restock. More than 200,000 tons of crude palm oil have been bought recently as inventories run low. The government cut taxes on edible oil imports, adding urgency to …",The Times of India,India,News,2026-10-07T22:51:50.242779Z
255148e58790d80523566601f1c5cdf2,Agriculture sector binds India-Argentina partnership,https://economictimes.indiatimes.com/news/economy/agriculture/agriculture-sector-binds-india-argentina-partnership/articleshow/134599728.cms,Dipanjan Roy Chaudhury,2026-09-30T17:14:50Z,soybean exports,"Argentine Ambassador Mariano Caucino highlighted the growing economic relationship between Argentina and India during a summit in Mumbai. Agriculture, particularly edible oils, serves as a core area of cooperation between the two countries. Argentina is exper…",The Times of India,India,News,2026-10-07T22:51:50.242806Z
3a9919766fe08fb1bd9d26e7de2f7948,Pest resistance is forcing India’s crop-protection firms to rethink product strategies: Insecticides India MD,https://economictimes.indiatimes.com/news/economy/agriculture/pest-resistance-is-forcing-indias-crop-protection-firms-to-rethink-product-strategies-insecticides-india-md/articleshow/134584455.cms,Ashish Pandey,2026-09-30T07:02:53Z,soybean exports,"Resistance to chemicals and formulations is an evolving challenge, particularly in crops where the same pest pressures persist over multiple seasons, said Rajesh Aggarwal, MD of Insecticides (India).",The Times of India,India,News,2026-10-07T22:51:50.242834Z
40ed55d546f3ec0b7376f14cfebfa46a,Explainer: Why have India-US trade talks stalled again and what's next?,https://economictimes.indiatimes.com/news/economy/foreign-trade/explainer-why-have-india-us-trade-talks-stalled-again-and-whats-next/articleshow/134744569.cms,Reuters,2026-10-06T15:38:11Z,wheat exports,"Amid rising tariffs and geopolitical tensions, trade negotiations between India and the United States have reached an impasse. The US has voiced concerns over India's ongoing acquisition of Russian oil, which could trigger higher tariffs. India aims to safegu…",The Times of India,India,News,2026-10-07T22:51:50.620367Z
94eb99a71c666dc13fa5b0ff998baf69,What new measures is Iran taking to counter US economic pressure?,https://www.aljazeera.com/news/2026/10/6/what-new-measures-is-iran-taking-to-counter-us-economic-pressure,Rached El-Moctar,2026-10-06T14:42:33Z,wheat exports,Iran adopts a new arrangement to tackle economic challenges amid the US-imposed economic war and naval blockades.,Al Jazeera English,Unknown,News,2026-10-07T22:51:50.620410Z
1c64a64f45c29c73b165ccd49bc21528,Pulses prices surge: Will cheaper imports bring relief to consumers? Stakeholders divided,https://economictimes.indiatimes.com/news/economy/agriculture/pulses-prices-surge-will-cheaper-imports-bring-relief-to-consumers-stakeholders-divided/articleshow/134725739.cms,Ashish Pandey,2026-10-06T06:58:31Z,wheat exports,"India currently imposes a 10% import duty on red lentils and chickpeas, while yellow peas attract a 30% duty.",The Times of India,India,Market Report,2026-10-07T22:51:50.620476Z
e7a3a055cd75d8d53fa93e273bea969b,"AWL Agri Business shares climb 4% as Q2 revenue rises 24% YoY, Food & FMCG posts record quarterly revenue",https://economictimes.indiatimes.com/markets/stocks/news/awl-agri-business-shares-climb-4-as-q2-revenue-rises-24-yoy-food-fmcg-posts-record-quarterly-revenue/articleshow/134725098.cms,Surbhi Khanna,2026-10-06T06:11:02Z,wheat exports,"AWL Agri Business shares rose nearly 4% after Q2 revenue grew 24% year-on-year, driven by strong performance in Food & FMCG and Industry Essentials. Food & FMCG revenue jumped 33%, surpassing Rs 2,000 crore. Pulses, exports, e-commerce and specialty chemicals…",The Times of India,Unknown,News,2026-10-07T22:51:50.620529Z
fb0930764e83496adfb131c3856f2f61,Zelensky lashes out at Ukraine’s Western backers,https://www.rt.com/news/646640-eu-ukraine-zelensky-loan/,RT,2026-10-02T13:56:52Z,wheat exports,Vladimir Zelensky has criticized Ukraine’s Western backers for their reluctance to plug a major hole in Kiev’s budget Read Full Article at RT.com,RT,Ukraine,News,2026-10-07T22:51:50.620593Z
bbbd27349d697cd6c7b09a0eeaba9caf,The U.S. Is Sending A Third Aircraft Carrier And A Second Marine Division To The Middle East As The Global Energy Crisis And The Global Food Crisis Both Intensify,http://theeconomiccollapseblog.com/the-u-s-is-sending-a-third-aircraft-carrier-and-a-second-marine-division-to-the-middle-east-as-the-global-energy-crisis-and-the-global-food-crisis-both-intensify/,Michael,2026-10-01T17:34:34Z,wheat exports,"The months ahead are shaping up to be a time of war, economic problems, food shortages and global chaos. There is no end in sight for the war in the Middle East or the war with Russia. Meanwhile, global energy supplies and global food supplies both continue t…",Theeconomiccollapseblog.com,Russia,News,2026-10-07T22:51:50.620682Z
a9e579a15e35852754fe9f595307a6fa,Trump signs executive order aimed at lowering diesel prices | CNN Business,https://www.cnn.com/2026/10/05/business/trump-diesel-prices-executive-order,Matt Egan,2026-10-06T01:00:35Z,fertilizer exports,President Donald Trump signed an executive order late Monday aimed at bringing down near-record diesel prices by waiving restrictions on cheaper red-dyed diesel.,CNN,Unknown,Market Report,2026-10-07T22:51:51.080735Z
1dbd24797fa021cf5078b53ff3d221c8,The midterms will come down to the cost of everything — and who voters trust to fix it,https://www.businessinsider.com/affordability-midterm-elections-inflation-gas-electricity-housing-prices-swing-states-2026-10#article,"Juliana Kaplan,Madison Hoff",2026-10-05T09:00:01Z,fertilizer exports,"It's almost election time in America, and voters in swing states are looking at their wallets — and gas prices — at the ballot box.",Business Insider,USA,Market Report,2026-10-07T22:51:51.081039Z
ab31f1ab5112b9e4e03dcff32d5d49da,Ajit Ranade: Indian policymakers have less space for manoeuvre but here’s what they could do,https://www.livemint.com/opinion/online-views/ajit-ranade-india-economic-warnings-narrow-policy-space-here-s-what-policymakers-could-do-nageswaran-jaishankar-11791177791051.html,Ajit Ranade,2026-10-05T07:17:39Z,fertilizer exports,Notes of caution issued by chief economic advisor V. Anantha Nageswaran and external affairs minister S. Jaishankar should be viewed in conjunction with each other. There are no quick fixes. Our response must combine relief for the needy with lasting adjustme…,Livemint,India,Analysis/Opinion,2026-10-07T22:51:51.081062Z
8cd5c578c736e3db9bf808848ac352fb,"Hormuz: As Global Gas Crisis Unfolds, Qatar extends Force Majeure",https://www.juancole.com/2026/10/unfolds-extends-majeure.html,Juan Cole,2026-10-05T04:15:19Z,fertilizer exports,"Nor is the Strait of Hormuz likely to become less strategically important any time soon,",Juancole.com,Global,News,2026-10-07T22:51:51.081093Z
abf27bdaaf2b7f2cf2428de2f50825c9,Iran is going after America's debt it's targeting the $40T America owes,https://jaymartin.substack.com/p/iran-is-going-after-americas-debt,robaato,2026-10-04T20:42:12Z,fertilizer exports,"Article URL: https://jaymartin.substack.com/p/iran-is-going-after-americas-debt
Comments URL: https://news.ycombinator.com/item?id=49957602
Points: 14
# Comments: 0",Substack.com,USA,Analysis/Opinion,2026-10-07T22:51:51.081108Z
bdbbe49e521738d4179ad073a3ecbbc5,RBI MPC: beginning of a short and calibrated hike cycle,https://www.livemint.com/opinion/columns/rbi-mpc-monetary-policy-committee-interest-rate-hike-cycle-11791104199543.html,mint,2026-10-04T14:15:22Z,fertilizer exports,"One expects the monetary policy committee to deliver a rate hike in October, but a calibrated 25 basis points, along with a change in the hitherto ‘neutral’ stance and guidance for a data-dependent policy response in the coming months.",Livemint,Unknown,News,2026-10-07T22:51:51.081180Z
0da315d13d0b1aa324e1ceaaf74d1e00,"Global Sulfur Market Set to Reach USD 9.34 Billion by 2034 as Fertilizer Demand, Sulfuric Acid Production and Chemical Processing Strengthen, reports Maximize Market Research",https://www.prnewswire.com/news-releases/global-sulfur-market-set-to-reach-usd-9-34-billion-by-2034-as-fertilizer-demand-sulfuric-acid-production-and-chemical-processing-strengthen-reports-maximize-market-research-302896190.html,,2026-10-02T22:00:00Z,fertilizer exports,"PUNE, India, Oct. 2, 2026 /PRNewswire/ -- The Global Sulfur Market was valued at USD 6.56 Billion in 2025 and is projected to grow at a CAGR of 4% from 2026 to 2034, reaching USD 9.34 Billion by 2034, according to a new analysis by Maximize Market Research. E…",PRNewswire,India,Analysis/Opinion,2026-10-07T22:51:51.081204Z
a30d07c3e0ad251c5a9f5923ee9c8c5c,"Global Sulfur Market Set to Reach USD 9.34 Billion by 2034 as Fertilizer Demand, Sulfuric Acid Production and Chemical Processing Strengthen, reports Maximize Market Research",https://www.prnewswire.co.uk/news-releases/global-sulfur-market-set-to-reach-usd-9-34-billion-by-2034-as-fertilizer-demand-sulfuric-acid-production-and-chemical-processing-strengthen-reports-maximize-market-research-302896195.html,,2026-10-02T22:00:00Z,fertilizer exports,"PUNE, India, Oct. 2, 2026 /PRNewswire/ -- The Global Sulfur Market was valued at USD 6.56 Billion in 2025 and is projected to grow at a CAGR of 4% from 2026 to 2034, reaching USD 9.34 Billion by 2034, according to a new analysis by Maximize Market Research. E…",PR Newswire UK,India,Analysis/Opinion,2026-10-07T22:51:51.081221Z
f1ae5a2b7a42eb3427276eab155b739f,The GOP Sells the Mirage of a Hormuz Victory,https://www.thenation.com/?post_type=article&p=611288,David Faris,2026-10-02T09:00:00Z,fertilizer exports,"David Faris



The American action in the contested strait isn’t sustainable—and won’t alter the economic and political fallout from its closure.




The post The GOP Sells the Mirage of a Hormuz Victory appeared first on The Nation.",Thenation.com,USA,News,2026-10-07T22:51:51.081277Z
b4993dd59bd1935457b3b87468a42876,The GOP Sells the Mirage of a Hormuz Victory,https://www.thenation.com/article/world/strait-of-hormuz-iran-war-oil-prices/,David Faris,2026-10-02T09:00:00Z,fertilizer exports,"David Faris



The American action in the contested strait isn’t sustainable—and won’t alter the economic and political fallout from its closure.




The post The GOP Sells the Mirage of a Hormuz Victory appeared first on The Nation.",Thenation.com,USA,News,2026-10-07T22:51:51.081298Z
68db838a9e1600d7fee3327f6b0fa4b4,"Iowa Midterms Put Farm Policy, Trump Agenda at Center of 2026 Races",https://www.naturalnews.com/2026-10-02-iowa-midterms-farm-policy-trump-agenda-2026.html,Sterling Ashworth,2026-10-02T06:00:00Z,fertilizer exports,"Iowa voters will decide congressional and state races in November 2026, with farm policy and President Donald Trump’s national agenda among the top issues, according to campaign officials and strategists. Candidates in both parties have focused on agricultura…",Naturalnews.com,Unknown,News,2026-10-07T22:51:51.081349Z
20168451699ec72ff29f4584b88e6447,World’s Biggest Fuel Suppliers Are Hoarding Diesel: China and Russia Both Stop Diesel Exports,https://offgridsurvival.com/worlds-biggest-fuel-suppliers-are-hoarding-diesel-china-and-russia-both-stop-diesel-exports/,OFFGRID Survival,2026-10-01T18:16:01Z,fertilizer exports,"World’s Biggest Fuel Suppliers Are Hoarding Diesel: China and Russia Both Stop Diesel Exports
China halted diesel and jet fuel exports as Russia extended its ban. U.S. diesel stocks are 13% short with winter coming. What it means and how to prep.
This Article…",Offgridsurvival.com,China,News,2026-10-07T22:51:51.081429Z
f73e9b783da9539e1e209d197f6c7762,India must own its energy security,https://www.thehindubusinessline.com/opinion/india-must-own-its-energy-security/article71533966.ece,CKG  Nair & V  Shunmugam,2026-10-01T15:30:57Z,fertilizer exports,"For this, raising oil storage capacity, boosting the energy produced at home, and completing projects on time are vital",BusinessLine,India,News,2026-10-07T22:51:51.081483Z
57a4255259c0ddb27d1a325ed1dafb76,How many cows are killed each day in the United States?,https://www.lifesciencesworld.com/how-many-cows-are-killed-each-day-in-the-united-states/,Ava Reynolds,2026-10-01T02:21:20Z,fertilizer exports,"How Many Cows Are Killed Each Day in the United States? A Deep Dive Approximately 74,000 to 95,000 cows are slaughtered in the United States every single day for meat production, with the exact number fluctuating based on market demand and other factors. Unde…",Lifesciencesworld.com,USA,Market Report,2026-10-07T22:51:51.081527Z
83bb71ed6365b1e3cd2d1c05e62a20b6,TN ministers appeal against HC order permitting DMK to sue them,https://timesofindia.indiatimes.com/city/chennai/tn-ministers-appeal-against-hc-order-permitting-dmk-to-sue-them/articleshow/134745394.cms,TNN,2026-10-06T16:16:44Z,bauxite,TN ministers Aadhav Arjuna and C T R Nirmal Kumar appeal Madras HC leave allowing DMK’s Rs 1.01 crore defamation suit; hearing set for Oct 13.,The Times of India,Unknown,News,2026-10-07T22:51:51.531709Z
ac137f0f8a3898b54ca930842a1a0d53,76.16% turnout in Nagaon bypoll; counting on Oct 9,https://timesofindia.indiatimes.com/city/guwahati/76-16-turnout-in-nagaon-bypoll-counting-on-oct-9/articleshow/134745357.cms,Mukut Das,2026-10-06T16:16:09Z,bauxite,Nagaon Lok Sabha bypoll in Assam records 76.16% turnout among 19 lakh voters; voting peaceful with minor EVM glitches. Counting scheduled for Oct 9.,The Times of India,Unknown,News,2026-10-07T22:51:51.531750Z
1f40caab6643594c8eb406f1cb0f7cd3,Serial slasher had attacked another minor a day before knifing spree in Malwani,https://timesofindia.indiatimes.com/city/mumbai/serial-slasher-had-attacked-another-minor-a-day-before-knifing-spree-in-malwani/articleshow/134745338.cms,Times News Network,2026-10-06T16:16:06Z,bauxite,Mumbai Malwani stabbing: Rizwan Qureshi allegedly attacked a 14-year-old a day before Sept 18 spree that killed teen Bunty Khan and injured a pedestrian.,The Times of India,India,News,2026-10-07T22:51:51.531773Z
8405e5e65b0d3fe2bcb53629a477b61a,Street play in Jharia to encourage relocation,https://timesofindia.indiatimes.com/city/ranchi/street-play-in-jharia-to-encourage-relocation/articleshow/134745354.cms,Sharad Chandra,2026-10-06T16:16:03Z,bauxite,"JRDA launched an awareness campaign in Jharia with a street play near Kendua Bridge, urging families in fire and subsidence zones to relocate to Belgaria Township.",The Times of India,Unknown,News,2026-10-07T22:51:51.531809Z
14cff8aa23f77699e2d915b9f4fcdeac,"India wants bigger homes, but Mumbai’s price wall keeps 2BHK king",https://timesofindia.indiatimes.com/city/mumbai/india-wants-bigger-homes-but-mumbais-price-wall-keeps-2bhk-king/articleshow/134745061.cms,Chittaranjan Tembhekar,2026-10-06T16:15:40Z,bauxite,"In Mumbai, the majority of homebuyers opt for 2BHK homes over 3BHKs, highlighting affordability concerns. Recent surveys indicate that nearly half of prospective buyers are affected by rising property prices. While there is a nationwide desire for larger home…",The Times of India,India,Market Report,2026-10-07T22:51:51.531842Z
40fed3bc02f8a8b8c1e2226c22e7ad3b,Two held for pushing a 16-year-old into prostitution after promising domestic work; minor sent to shelter home,https://timesofindia.indiatimes.com/city/mumbai/two-held-for-pushing-a-16-year-old-into-prostitution-after-promising-domestic-work-minor-sent-to-shelter-home/articleshow/134745348.cms,Ahmed Ali,2026-10-06T16:15:19Z,bauxite,"Mumbai police rescued a 16-year-old from an alleged prostitution racket, arresting two under PITA for luring her with domestic work; minor sent to shelter.",The Times of India,India,News,2026-10-07T22:51:51.531864Z
22e000f19f64b1e57fbc7c3c834aaabb,"HC directs immediate repairs, inspections of govt schools",https://timesofindia.indiatimes.com/city/ranchi/hc-directs-immediate-repairs-inspections-of-govt-schools/articleshow/134745292.cms,Chandrajit Mukherjee,2026-10-06T16:13:21Z,bauxite,"Jharkhand High Court orders immediate inspections and repairs of government schools, citing unsafe buildings and teacher shortages; next hearing Nov 5.",The Times of India,Unknown,News,2026-10-07T22:51:51.531898Z
a502f6abd0d93a5c282d3334d6ca8e76,"BJD joins anti-CEC protest, BJP questions its ‘equidistance’ stance",https://timesofindia.indiatimes.com/city/bhubaneswar/bjd-joins-anti-cec-protest-bjp-questions-its-equidistance-stance/articleshow/134745271.cms,Ashok Pradhan,2026-10-06T16:12:35Z,bauxite,BJD MPs joined an anti-CEC protest in Delhi seeking Gyanesh Kumar’s resignation over voter roll revision issues; BJP says BJD is tilting toward Congress.,The Times of India,Unknown,News,2026-10-07T22:51:51.531941Z
90dffd5f650329b5da842e1985d4c041,CDK Global appoints Hyd native Sudhakar Ramakrishna as president and CEO,https://timesofindia.indiatimes.com/city/hyderabad/cdk-global-appoints-hyd-native-sudhakar-ramakrishna-as-president-and-ceo/articleshow/134744712.cms,Swati Bharadwaj,2026-10-06T16:10:13Z,bauxite,"CDK Global appoints Hyderabad native Sudhakar Ramakrishna as president and CEO effective Oct 5, replacing Brian MacDonald, who will serve as adviser.",The Times of India,Global,News,2026-10-07T22:51:51.531976Z
a076337f0c4cad0df09ffffb0879ba53,"CM inaugurates Sasaram bypass, launches water conservation drive",https://timesofindia.indiatimes.com/city/patna/cm-inaugurates-sasaram-bypass-launches-water-conservation-drive/articleshow/134745245.cms,Alok Chamaria,2026-10-06T16:09:49Z,bauxite,"CM Samrat Choudhary inaugurates 9-km Sasaram bypass, launches Rohtas Jal Sanjeevani water drive, and announces projects, jobs, tourism plans in Rohtas.",The Times of India,Unknown,Market Report,2026-10-07T22:51:51.532006Z
8ab4d2094ccabc096d8ff85724f44285,Bandh call gets mixed response across 5 dists,https://timesofindia.indiatimes.com/city/ranchi/bandh-call-gets-mixed-response-across-5-dists/articleshow/134745204.cms,Sanjay Sahay,2026-10-06T16:09:34Z,bauxite,"Bandh by OBC Sangharsh Samiti for 27% quota and OBC census column saw mixed response in 5 Jharkhand districts; disruptions in Ranchi, Khunti.",The Times of India,Unknown,Analysis/Opinion,2026-10-07T22:51:51.532033Z
f3feb89a7dc787b3d74af0271a71c16e,"Notify anti-ragging guidelines in two weeks, HC tells Keralam govt",https://timesofindia.indiatimes.com/city/kochi/notify-anti-ragging-guidelines-in-two-weeks-hc-tells-keralam-govt/articleshow/134745120.cms,TNN,2026-10-06T16:09:04Z,bauxite,"Kerala HC directs govt to notify Anti-Ragging and Student Welfare Guidelines 2026 in 2 weeks, requiring 24-hour police reporting, suspensions and monitoring cells.",The Times of India,Unknown,Market Report,2026-10-07T22:51:51.532066Z
6dd04a1281edfd525a39123a4df2d360,Sanitation officials to inspect source segregation in Trichy,https://timesofindia.indiatimes.com/city/trichy/sanitation-officials-to-inspect-source-segregation-in-trichy/articleshow/134745102.cms,Times News Network,2026-10-06T16:07:48Z,bauxite,"Trichy corporation to inspect household waste segregation in zones IV & V, urging four-category sorting and anti-littering steps ahead of NE monsoon.",The Times of India,Unknown,News,2026-10-07T22:51:51.532100Z
456e82f78a8b855260ded37979fd236b,BJP take control of Malda zilla parishad with TMC support,https://timesofindia.indiatimes.com/city/kolkata/bjp-take-control-of-malda-zilla-parishad-with-tmc-support/articleshow/134745078.cms,Subhro Maitra,2026-10-06T16:05:54Z,bauxite,"BJP takes control of Malda Zilla Parishad with backing of 26 TMC members; Dipali Bala elected sabhadipati, Congress plans Calcutta High Court challenge.",The Times of India,Unknown,News,2026-10-07T22:51:51.532149Z
670b293c02dfa64306ad591b83476d0e,Warehouse project to come up in Dankuni,https://timesofindia.indiatimes.com/city/kolkata/warehouse-project-to-come-up-in-dankuni/articleshow/134745075.cms,Kaushik Pradhan,2026-10-06T16:05:42Z,bauxite,"Allcargo Logistics to build 45-acre multi-user warehouse in Dankuni, Bengal, with Rs 1,000 crore investment and 10–12 lakh sq ft built-up area.",The Times of India,Unknown,News,2026-10-07T22:51:51.532187Z
02a5afdd764298cbd69a44993b6a1bac,TN govt sets up additional court to fast track NIA cases,https://timesofindia.indiatimes.com/city/chennai/tn-govt-sets-up-additional-court-to-fast-track-nia-cases/articleshow/134745068.cms,TNN,2026-10-06T16:05:14Z,bauxite,"Tamil Nadu sets up an additional sessions court in Chennai to fast-track NIA cases, including terrorism, espionage, security and WMD-related trials.",The Times of India,Unknown,News,2026-10-07T22:51:51.532221Z
6205c0f4057e48545814294f563f18b8,"Pothole opens into mini-tunnel on Kanteerava Studio Road in Bengaluru, motorists fume",https://timesofindia.indiatimes.com/city/bengaluru/pothole-opens-into-mini-tunnel-on-kanteerava-studio-road-in-bengaluru-motorists-fume/articleshow/134745055.cms,Hamsaveni N,2026-10-06T16:02:49Z,bauxite,"Bengaluru’s Kanteerava Studio Road caved in after heavy rain, forming a mini-tunnel; officials filled it with debris as motorists demand permanent repairs.",The Times of India,Unknown,News,2026-10-07T22:51:51.532269Z
fe9f83d0501c3cfb5bed01548cb79f89,Drive to link PVTG families with govt schemes rolled out in Ramgarh,https://timesofindia.indiatimes.com/city/ranchi/drive-to-link-pvtg-families-with-govt-schemes-rolled-out-in-ramgarh/articleshow/134745042.cms,N K Agarwal,2026-10-06T16:02:21Z,bauxite,"Ramgarh launches Project Samarth to link PVTG and tribal families with welfare schemes via door-to-door surveys and camps addressing housing, water, health and more.",The Times of India,Unknown,News,2026-10-07T22:51:51.532306Z
cc356d423d3a76195e6773e598fd4231,"Crime Branch Raids Seven Clinics Across Mumbai, FIR Registered Against 10 Bogus Doctors",https://timesofindia.indiatimes.com/city/mumbai/crime-branch-raids-seven-clinics-across-mumbai-fir-registered-against-10-bogus-doctors/articleshow/134745040.cms,Times News Network,2026-10-06T16:02:12Z,bauxite,"Mumbai Crime Branch raided seven clinics, booked 10 for practising medicine without registration, seized ₹2.20 lakh medicines, FIR under MM Practitioners Act.",The Times of India,India,News,2026-10-07T22:51:51.532332Z
519af5fd3378f74d3b124d49feb9c892,IPO-bound Virupaksha Organics completes NCLT-approved acquisition of Vivin Drugs,https://timesofindia.indiatimes.com/city/hyderabad/ipo-bound-virupaksha-organics-completes-nclt-approved-acquisition-of-vivin-drugs/articleshow/134745028.cms,Swati Bharadwaj,2026-10-06T16:01:46Z,bauxite,Virupaksha Organics completes NCLT-approved Vivin Drugs acquisition via ₹104-crore plan; merger to consolidate operations as it prepares for ₹740-crore IPO.,The Times of India,Unknown,News,2026-10-07T22:51:51.532373Z
ff45f6625220741d7b258e1f257a8ffc,Russia's Volgograd refinery halts operations following October 2 drone strike,https://timesofindia.indiatimes.com/world/europe/russias-volgograd-refinery-halts-operations-following-october-2-drone-strike/articleshow/134744685.cms,Mahima Sharma,2026-10-06T15:59:41Z,bauxite,"On October 2, the Volgograd oil refinery in Russia completely ceased crude oil processing following a drone attack. This shutdown adds significant pressure to Russia's already strained fuel supplies amid ongoing conflicts. The regional administration reported…",The Times of India,Russia,Market Report,2026-10-07T22:51:51.532401Z
f5b05cdfcd038345b5bbb81f70c8c5cd,Distinguish emergency angioplasty from elective procedures: Docs,https://timesofindia.indiatimes.com/city/kochi/distinguish-emergency-angioplasty-from-elective-procedures-docs/articleshow/134744939.cms,TIMES  NEWS NETWORK,2026-10-06T15:58:42Z,bauxite,"ICCK urges public to distinguish emergency angioplasty during heart attacks from elective procedures; Kerala registry shows 70% are acute, time-sensitive cases.",The Times of India,Unknown,News,2026-10-07T22:51:51.532435Z
64881abfb27849d7504e77011468814f,"In 2015, Washington bonded ultra-hard bauxite chips to a Snohomish County ramp with polymer resin; wet-weather crashes dropped from nearly 14 to one",https://timesofindia.indiatimes.com/world/us/in-2017-washington-bonded-ultra-hard-bauxite-chips-to-a-snohomish-county-ramp-with-polymer-resin-wet-weather-crashes-dropped-from-nearly-14-to-one/articleshow/134694557.cms,TIMESOFINDIA.COM,2026-10-06T07:59:35Z,bauxite,"Implementing high-friction surface treatments, particularly those utilizing calcined bauxite, has proven effective in numerous locations. Notably, Washington State reported a remarkable 93% decrease in wet weather crashes on certain ramps following this treat…",The Times of India,Unknown,Market Report,2026-10-07T22:51:51.532487Z
95448d249b22304218d622992ff07517,INA-LAC 2026: Indonesia inks $328M deals with Latin America,https://en.antaranews.com/news/434229/ina-lac-2026-indonesia-inks-328m-deals-with-latin-america,Uyu Septiyati Liman,2026-10-05T14:58:52Z,bauxite,"The Indonesian Ministry of Foreign Affairs facilitated the participation of 26 national companies at the INA-LAC Business Mission 2026 in Santiago, Chile, ...",Antaranews.com,USA,News,2026-10-07T22:51:51.532508Z
f3c961029de132defd55e84f3b8ceee1,Contributions of the Alliance of Sahel States to the African and World Revolutions,https://www.globalresearch.ca/contributions-alliance-sahel-states-african-world-revolutions/5942692,Abayomi Azikiwe,2026-10-05T13:59:26Z,bauxite,"Note: These remarks were delivered at the Black Alliance for Peace (BAP) Africa Team webinar inaugurating an annual month of action against the United States Africa Command (AFRICOM). Other panelists were Suad Abdel Aziz, human rights lawyer and Executive Dir…",Globalresearch.ca,USA,News,2026-10-07T22:51:51.532536Z
e90cad3da50cdc32ad865e04273857fe,"In 2026, a homeless former clothing reseller pulled discarded office chairs from a Nashville dumpster, made a $17,000 profit and later built a six-figure resale business",https://timesofindia.indiatimes.com/world/rest-of-world/in-2026-a-homeless-former-clothing-reseller-pulled-discarded-office-chairs-from-a-nashville-dumpster-made-a-17000-profit-and-later-reached-six-figures/articleshow/134696506.cms,TOI World Desk,2026-10-05T12:43:01Z,bauxite,"Carter Stevens revolutionized his livelihood by unearthing hidden treasures during dumpster dives in Nashville. Initially struggling as a vintage clothing reseller, he pivoted to office furniture, marking his success with the resale of Steelcase chairs. This …",The Times of India,Unknown,News,2026-10-07T22:51:51.532592Z
f70ed978015e9643bdca410916c0ded9,"In 2008, Maryland used pre-cast bridge pieces joined with concrete on two highway bridges; replacement took three months, not 15, with estimated savings of $1.49m on one",https://timesofindia.indiatimes.com/world/us/in-2011-maryland-used-pre-cast-bridge-pieces-joined-with-ultra-strong-concrete-on-two-highway-bridges-replacement-took-three-months-not-15-saving-1-49m/articleshow/134695194.cms,TOI World Desk,2026-10-05T12:42:14Z,bauxite,"In 2008, Maryland embarked on a transformative project by replacing two aging bridges with prefabricated concrete slabs. The operation, which wrapped up in mere months, resulted in considerable savings in both time and costs. Workers secured a complete shutdo…",The Times of India,Unknown,News,2026-10-07T22:51:51.532648Z
116ac18a59ecd3b9e70d4ea9c4799c65,Govt invites applications from eligible firms to set up mineral exchanges,https://www.business-standard.com/industry/news/govt-invites-applications-from-eligible-firms-to-set-up-mineral-exchanges-126100500823_1.html,Hemant Kumar Rout,2026-10-05T11:47:21Z,bauxite,"IBM has invited applications from eligible companies to establish mineral exchanges, with the platforms initially allowed to facilitate trading in five minerals",Business Standard,Unknown,Market Report,2026-10-07T22:51:51.532680Z
81b2b17da8d1f3bf2603a531d7a1469b,"Vedanta faces ₹5,600 crore demand from Odisha Mining after high court setback",https://www.livemint.com/companies/news/vedanta-aluminium-demand-odisha-mining-corp-orissa-high-court-bauxite-price-india-11791179324496.html,Dipali Banka,2026-10-05T06:50:47Z,bauxite,"Odisha Mining Corp has issued a demand and intimation letter to Vedanta Aluminium, with the amount payable by 31 October 2026",Livemint,Unknown,News,2026-10-07T22:51:51.532718Z
2dbf18eab0621739324afd38cebfea1b,Setback for Vedanta as Orissa HC rejects old bauxite supply pact,https://www.livemint.com/companies/news/vedanta-orissa-hc-bauxite-supply-odisha-mining-aluminium-supply-11790856029283.html,"Dipali Banka, Nehal Chaliawala",2026-10-01T13:09:12Z,bauxite,"The ruling could sharply raise the cost of bauxite for Vedanta’s aluminium business, putting pressure on a key cost advantage for one of India’s largest producers of the metal.",Livemint,India,News,2026-10-07T22:51:51.532741Z
941aa8d694472d58d2794d07834656b5,HC dismisses Vedanta’s plea for bauxite supply at 2004 rates,https://timesofindia.indiatimes.com/city/bhubaneswar/hc-dismisses-vedantas-plea-for-bauxite-supply-at-2004-rates/articleshow/134614742.cms,Ashok Pradhan,2026-10-01T12:39:44Z,bauxite,"Orissa High Court rejects Vedanta’s plea for bauxite at 2004 rates, ruling terminated MoUs can’t be revived after MMDR changes and LTL agreements.",The Times of India,Unknown,Market Report,2026-10-07T22:51:51.532776Z
7ee2ef24d034d0cbbe7c1f4e75382043,Orissa HC dismisses Vedanta's plea to enforce 2004 bauxite supply agreement,https://www.business-standard.com/industry/news/orissa-hc-dismisses-vedanta-s-plea-to-enforce-2004-bauxite-supply-agreement-126100100891_1.html,Hemant Kumar Rout,2026-10-01T11:24:59Z,bauxite,The court held that promissory estoppel cannot compel the state to act against mining law or confer an enforceable commercial right over natural resources held in public trust.,Business Standard,Unknown,News,2026-10-07T22:51:51.532812Z
c5dfc0150ffdac2dfdc85f0bddc9e8c6,“Finally it is gold for India”: Priyanka Parekh’s journey from balancing a day job with intense training to winning Commonwealth Powerlifting Gold,https://timesofindia.indiatimes.com/women/voices-of-power/finally-it-is-gold-for-india-priyanka-parekhs-journey-from-balancing-a-day-job-with-intense-training-to-winning-commonwealth-powerlifting-gold/articleshow/134612249.cms,TOI Lifestyle Desk,2026-10-01T10:32:47Z,bauxite,Priyanka Parekh has recently claimed gold for India at the 2026 Commonwealth Women’s Equipped Powerlifting Championships in Canada. She lifted a total of 347.5 kg in the Junior Women’s 47 kg category during her first international competition. Priyanka balanc…,The Times of India,India,News,2026-10-07T22:51:51.532844Z
b9a9c158ff52700ae2de32467aea04b8,"'Personal ties with Akhilesh Yadav': Brij Bhushan Singh says won’t contest UP polls, ‘likes’ Samajwadi Party chief",https://timesofindia.indiatimes.com/city/lucknow/personal-ties-with-akhilesh-yadav-brij-bhushan-singh-says-wont-contest-up-polls-likes-samajwadi-party-chief/articleshow/134615783.cms,Vriti Jain,2026-10-01T10:32:29Z,bauxite,"In a recent statement, Brij Bhushan Sharan Singh discussed his amicable relationship with Akhilesh Yadav, underscoring a disconnection from any political ramifications. He declared not to participate in the forthcoming elections, prompting speculation about p…",The Times of India,Unknown,News,2026-10-07T22:51:51.532898Z
1c133c7469126f2737f7f55dea8ad05c,Was Flydubai cockpit attack planned? UAE probe to examine possible terror link,https://timesofindia.indiatimes.com/world/middle-east/was-flydubai-cockpit-attack-planned-uae-probe-to-examine-possible-terror-link/articleshow/134615695.cms,Ayush Pandey,2026-10-01T10:29:08Z,bauxite,NEW DELHI: The UAE has ordered a probe into the Flydubai mid-air incident involving an alleged attempt by an Omani co-pilot to crash a Dubai-Tel Aviv,The Times of India,Unknown,News,2026-10-07T22:51:51.532931Z
3db4920960b093d8822d08ff82c15f71,PSEB launches online certificate correction service; process time reduced from 45 to 21 days,https://timesofindia.indiatimes.com/education/news/pseb-launches-online-certificate-correction-service-process-time-reduced-from-45-to-21-days/articleshow/134615713.cms,Sanjay Sharma,2026-10-01T10:26:36Z,bauxite,"The Punjab School Education Board has launched an online service for correcting details on certificates, including names, parents' names and dates of birth. Applicants can submit forms, upload supporting documents, pay fees and track case status online withou…",The Times of India,Unknown,News,2026-10-07T22:51:51.532982Z
a4ef949fec55087558f71f1b37e5a418,Dr Seuss wrote 42 of his 68 books in this California home built around a 1920s tower; the 1.5-acre property sold for $9 million,https://timesofindia.indiatimes.com/real-estate/news/dr-seuss-wrote-42-of-his-68-books-in-this-california-home-built-around-a-1920s-tower-the-1-5-acre-property-sold-for-9-million/articleshow/134615335.cms,TOI Lifestyle Desk,2026-10-01T10:25:40Z,bauxite,"For much of Dr Seuss’s career, a hillside home overlooking the Pacific Ocean in La Jolla, California, served as both his residence and creative workplace.",The Times of India,Unknown,News,2026-10-07T22:51:51.533026Z
4d9f614fc965b0b602c5ffd85d962ccb,"IIT-Bombay suicide row: Caught using phone in exam, Sahil Wakode wrote ‘confession’; rules mandate fresh answer sheet",https://timesofindia.indiatimes.com/city/mumbai/iit-bombay-suicide-row-caught-using-phone-in-exam-sahil-wakode-wrote-confession-rules-mandate-fresh-answer-sheet/articleshow/134613203.cms,TNN,2026-10-01T10:20:24Z,bauxite,"Sahil Wakode, a second-year BTech student at IIT Bombay, was found dead shortly after an alleged academic malpractice incident. His parents have accused the institute of caste discrimination, demanding action against Professor Suryanarayana Doolla and IIT Bom…",The Times of India,Unknown,News,2026-10-07T22:51:51.533080Z
d9405fa8127285c2c5bb078c42d5de13,Harvard MBA but no job: How an Indian graduate went from visa pressure and rejection to landing a role at Google,https://timesofindia.indiatimes.com/education/news/harvard-mba-but-no-job-how-an-indian-graduate-went-from-visa-pressure-and-rejection-to-landing-a-role-at-google/articleshow/134614852.cms,TOI Education,2026-10-01T10:16:58Z,bauxite,"An MBA from Harvard Business School did not immediately lead Abhijay Vuyyuru to a full-time job in the US. Facing repeated rejections and a visa deadline, he navigated internships at Apple and a private equity firm before a Harvard classmate referred him to Y…",The Times of India,India,News,2026-10-07T22:51:51.533122Z
59970177f25acf610a6dc5d70b5e6693,Milk delivery dispute over Rs 170 wins customer nearly 15x payout from consumer court,https://timesofindia.indiatimes.com/legal/news/milk-delivery-dispute-over-rs-170-wins-customer-nearly-15x-payout-from-consumer-court/articleshow/134615031.cms,Saurabh Thakur,2026-10-01T10:16:57Z,bauxite,"A Delhi consumer commission directed Sanjeevani Dairy Farms to refund Rs 170 retained in a customer app wallet. The complainant discontinued milk delivery due to poor quality and requested a refund which was not processed. After examining evidence, the commis…",The Times of India,Unknown,News,2026-10-07T22:51:51.533176Z
fc89b4c9c8c0498457848185b1cbcaf8,TOI Bharat Abroad: When the H-1B debate turns into hate & Japan's new visa charge,https://timesofindia.indiatimes.com/toi-blogs/toi-newsletters/bharat-abroad/toi-bharat-abroad-when-the-h-1b-debate-turns-into-hate-japans-new-visa-charge/articleshow/134614469.cms,The Times Of India,2026-10-01T10:12:34Z,bauxite,"Hello and welcome to TOI Bharat Abroad. A visa debate, a major AI job and a 20-fold residency fee hike.",The Times of India,Japan,News,2026-10-07T22:51:51.533198Z
4d93cbf3dc184fbd9ff14dd78eb55aaf,'Message of hope': California becomes 18th US state to ban child marriage,https://timesofindia.indiatimes.com/world/us/message-of-hope-california-becomes-18th-us-state-to-ban-child-marriage/articleshow/134614933.cms,Yashasvi Vasistha,2026-10-01T10:12:12Z,bauxite,"California has enacted legislation that bans child marriage, establishing 18 as the minimum age for marriage and domestic partnerships. The law, signed by Governor Gavin Newsom, will take effect on January 1, 2027. Advocacy groups have supported this measure,…",The Times of India,Unknown,News,2026-10-07T22:51:51.533246Z
a9ba7f346ad1a17de6e8b8afcdb7c28a,"Rise and Fall 2: Bhojpuri actress Kajal Raghwani breaks down while recalling abusive relationship, says ‘He pulled my hair so badly’",https://timesofindia.indiatimes.com/tv/news/hindi/rise-and-fall-2-bhojpuri-actress-kajal-raghwani-breaks-down-while-recalling-abusive-relationship-says-he-pulled-my-hair-so-badly/articleshow/134615094.cms,etimes.in,2026-10-01T10:09:01Z,bauxite,"In a candid conversation with Anish Bhagat, Kajal Raghwani opened up about the nightmare of her abusive relationship. She recounted the harrowing physical assaults, including being violently thrown to the ground and kicked. The emotional scars were equally de…",The Times of India,Unknown,News,2026-10-07T22:51:51.533299Z
3b9335baed29760e99c228ced72583cc,"Amid oppn, BMC shelves plan for 14ft+ slum demolition drive",https://timesofindia.indiatimes.com/city/mumbai/amid-oppn-bmc-shelves-plan-for-14ft-slum-demolition-drive/articleshow/134615116.cms,Richa Pinto,2026-10-01T10:07:54Z,bauxite,"In a surprising turn of events, the BMC has decided to halt its special initiative aimed at tackling illegal slum constructions exceeding 14 feet in height. This decision was influenced by opposition from notable political factions such as BJP, UBT Shiv Sena,…",The Times of India,Unknown,News,2026-10-07T22:51:51.533345Z
351993e114a20a3235ff1f2fa96957ac,"Mumbai celebrates Captain Smit Machchhar: Family, neighbours hail ‘real hero’ after flydubai emergency",https://timesofindia.indiatimes.com/city/mumbai/mumbai-celebrates-captain-smit-machchhar-family-neighbours-hail-real-hero-after-flydubai-emergency/articleshow/134614500.cms,Siddhi Dharmadhikari,2026-10-01T09:48:52Z,bauxite,Celebrations occurred outside Captain Smit Machchhar's residence after he averted a major mid-air incident. People praised his heroic actions and expressed admiration for his courage in saving 174 lives. President Droupadi Murmu and Prime Minister Narendra Mo…,The Times of India,India,Market Report,2026-10-07T22:51:51.533370Z
0e64bf1d0414d7a0d345b74dd09c7b4d,"HC dismisses Vedanta’s plea for bauxite at 2004 rates, upholds current pricing regime",https://timesofindia.indiatimes.com/city/bhubaneswar/hc-dismisses-vedantas-plea-for-bauxite-at-2004-rates-upholds-current-pricing-regime/articleshow/134614742.cms,Ashok Pradhan,2026-10-01T09:47:24Z,bauxite,"Orissa HC rejects Vedanta’s plea for bauxite at 2004 rates, upholds current pricing under MMDR rules, citing terminated agreements and LTL regime.",The Times of India,Unknown,Market Report,2026-10-07T22:51:51.533406Z
083b07ffc58d16a721023c516edf9ba5,"At 7, Arizona girl Sloan started collecting diapers after seeing a Phoenix food bank run out; five years later, the 12-year-old aimed for 22,500 and delivered 30,000 diapers in her fifth annual drive",https://timesofindia.indiatimes.com/world/us/at-7-arizona-girl-sloan-started-collecting-diapers-after-seeing-a-phoenix-food-bank-run-out-five-years-later-the-12-year-old-aimed-for-22500-and-delivered-30000-diapers-in-her-fifth-annual-drive/articleshow/134613044.cms,TOI World Desk,2026-10-01T08:53:55Z,bauxite,"Sloan, at just 12 years old, has successfully organized her fifth consecutive Diaper Drive, collecting an astounding 30,000 diapers for Nourish Phoenix. This initiative sparked five years back after she discovered a pressing need for diapers during a visit to…",The Times of India,Unknown,News,2026-10-07T22:51:51.533465Z
ceb837b10b3f2b072f7a6b693eec1bf8,"In 2022, a Connecticut couple bought a cottage on 50 acres and built forest trails; after charging visitors to walk there, they faced a zoning dispute and are fighting to reopen their land to hikers",https://timesofindia.indiatimes.com/world/us/in-2022-a-connecticut-couple-bought-a-cottage-on-50-acres-and-built-forest-trails-after-charging-visitors-to-walk-there-they-faced-a-zoning-dispute-and-are-fighting-to-reopen-their-land-to-hikers/articleshow/134611259.cms,TOI World Desk,2026-10-01T08:45:09Z,bauxite,"A Connecticut couple who bought 50 acres in 2022 built forest trails as part of a management plan. They later began charging hikers and dog owners $10 an hour to use the trails, but Roxbury officials said the activity could violate local zoning rules. The cou…",The Times of India,Unknown,News,2026-10-07T22:51:51.533522Z
56c978b1518eb8fc366c418a7bedd3b4,Dilip Buildcon aims to double coal output by FY29 in major mining push,https://www.livemint.com/companies/news/dilip-buildcon-aims-to-double-coal-output-by-fy29-in-major-mining-push-11790768412755.html,Subhash Narayan,2026-10-01T00:30:37Z,bauxite,"The firm aims to achieve 57 million tonnes of coal output by FY29 and expand into bauxite, shifting 75% of profits from traditional EPC to long-term mining assets, MD &amp; CEO Devendra Jain told Mint.",Livemint,Unknown,News,2026-10-07T22:51:51.533557Z
2c157e88c76812413122dcb22004e097,Mink Ventures Corporation Completes Drill Program at Rankin Property,https://financialpost.com/globe-newswire/mink-ventures-corporation-completes-drill-program-at-rankin-property,GlobeNewswire,2026-10-05T12:35:04Z,nickel ore,"TORONTO, Oct. 05, 2026 (GLOBE NEWSWIRE) — Mink Ventures Corporation (TSXV:MINK) (“Mink” or the “Company“) today announced it completed the drill program at its Rankin Ni, Cu, Co Property, located approximately 35km west of Timmins Ontario (Figure 1). At this …",Financial Post,Unknown,News,2026-10-07T22:51:51.940651Z
535d1017e14a802d3ff4652432384406,Why ‘China plus one’ is paying off less than Southeast Asia hoped,https://fortune.com/2026/10/05/southeast-asia-china-plus-one-manufacturing/,Angelica Ang,2026-10-05T07:15:00Z,nickel ore,"""China plus one"" sent billions of dollars of investment into Southeast Asian factories. Yet the region isn't capturing enough value.",Fortune,China,News,2026-10-07T22:51:51.940678Z
2b1c676c0013b2f9e2fffad0f9eabb92,Northern Discovery Metals Completes Fieldwork at the Vent Copper Project,https://financialpost.com/globe-newswire/northern-discovery-metals-completes-fieldwork-at-the-vent-copper-project,GlobeNewswire,2026-10-05T12:03:05Z,copper concentrate,"Field crews demobilizing following completion of geological mapping, prospecting and soil and rock sampling CALGARY, Alberta, Oct. 05, 2026 (GLOBE NEWSWIRE) — Northern Discovery Metals Inc. (CSE: NOR) (FSE: M1V0) (“Northern Discovery” or the “Company”) is ple…",Financial Post,Unknown,News,2026-10-07T22:51:52.357509Z
c0502af32907e0125508a52fb2b27d49,"India, Chile struggle to clear critical-mineral hurdle in CEPA talks",https://www.thehindubusinessline.com/economy/india-chile-struggle-to-clear-critical-mineral-hurdle-in-cepa-talks/article71543542.ece,Amiti Sen,2026-10-04T12:08:54Z,copper concentrate,"Year-end deadline looms as India seeks preferential access to copper, lithium, while Chile favours supply-chain cooperation and value-added exports",BusinessLine,India,News,2026-10-07T22:51:52.357539Z
667f69c9d8b041b7dc1361cc12dff333,Antioxidant Vitamins and Zinc Slowed Vision Loss in Advanced Age-Related Macular Degeneration,https://articles.mercola.com/sites/articles/archive/2026/10/04/zinc-antioxidants-age-related-macular-degeneration.aspx,communities@mercola.com (Dr. Joseph Mercola),2026-10-04T00:00:00Z,copper concentrate,"Your eyes rely on a constant supply of nutrients to preserve the sharp central vision you need to read, drive, recognize faces, and perform countless everyday tasks. Many people assume a healthy diet covers those needs, yet a landmark clinical trial sponsored…",Mercola.com,Unknown,News,2026-10-07T22:51:52.357595Z
fcd01100cd7ef28ae0405e62e47c1425,"Red Wings seek scoring options as foes focus on DeBrincat, Raymond",https://www.detroitnews.com/story/sports/nhl/red-wings/2026/10/03/red-wings-seek-scoring-options-as-foes-focus-on-debrincat-raymond/92078266007/,"Ted Kulfan, The Detroit News",2026-10-03T20:36:39Z,copper concentrate,"When you look at the Wings' roster, Lucas Raymond and Alex DeBrincat are the lone offensive threats most opponents will concentrate on.",The Detroit News,Unknown,News,2026-10-07T22:51:52.357630Z
bc5a97fe175b18157bea37ccfb0998cf,"Early Banksy: 20 Rare Works, Sketches and Installations",https://streetartnews.net/2026/10/early-banksy-rare-works-sketches-installations.html,Rom Levy,2026-10-03T18:00:36Z,copper concentrate,"Explore 20 early Banksy works, sketches and installations from the StreetArtNews archive, with Bristol freehand walls, rare studies and early exhibitions.",Streetartnews.net,Unknown,News,2026-10-07T22:51:52.357665Z
f5742f2b64d2c7671ac5de1e7bd39ce7,What color is polluted water?,https://www.lifesciencesworld.com/what-color-is-polluted-water/,Ava Reynolds,2026-10-01T01:07:43Z,copper concentrate,"What Color is Polluted Water? A Deep Dive into Water Contamination and its Visual Indicators Polluted water rarely has a single, definitive color; instead, the color of contaminated water is a telltale sign reflecting the specific pollutants present, ranging …",Lifesciencesworld.com,Unknown,News,2026-10-07T22:51:52.357825Z
286fb9078867e5c3c70f0bf20fbd35b9,"Alpine skiing-After Olympic sweep, Swiss Von Allmen shrugs off pressure ahead of new season",https://www.channelnewsasia.com/sport/alpine-skiing-after-olympic-sweep-swiss-von-allmen-shrugs-pressure-ahead-new-season-6422131,,2026-09-30T15:45:35Z,copper concentrate,"DÜBENDORF, SWITZERLAND, Sept 30 : Swiss skier Franjo von Allmen said he has nothing to prove heading into his first season since his surprise triple-gold triumph at the Winter Olympics in February.But the 25-year-old, known for his cool nerves, had to take a …",CNA,Unknown,News,2026-10-07T22:51:52.357876Z
9a9a475c18c776f3a1faa2dee45bad46,OpenAI Decisions API is in public beta,https://developers.openai.com/api/docs/guides/decisions,,2026-10-06T20:57:25Z,shipping rates,"Use the Decisions API to check conditions, select from fixed options, and score text and images against a rubric.",Openai.com,Unknown,News,2026-10-07T22:51:52.927173Z
3b4e9aabdc3e1774e69c3c1a27b98aa8,ZIM Raises Full-Year 2026 Guidance,https://www.prnewswire.com/news-releases/zim-raises-full-year-2026-guidance-302900194.html,,2026-10-06T20:05:00Z,shipping rates,"Midpoint of updated full year guidance represents an increase of 30% in Adjusted EBITDA and 72% in Adjusted EBIT compared with previous guidance HAIFA, Israel, Oct. 6, 2026 /PRNewswire/ -- ZIM Integrated Shipping Services Ltd. (NYSE: ZIM) (the ""Company"" or ""Z…",PRNewswire,Unknown,News,2026-10-07T22:51:52.927401Z
10f7223938a60ce397355f5818077c59,Eco-friendly electronics gain ground as Canadian consumers prioritise sustainability,https://www.digitaljournal.com/article/eco-friendly-electronics-gain-ground-as-canadian-consumers-prioritise-sustainability/,Dr. Tim Sandle,2026-10-06T19:54:40Z,shipping rates,"From repairable smartphones to recycled materials and circular economy initiatives, sustainability is becoming a defining factor in Canada's electronics market as consumers increasingly weigh environmental impact alongside performance and price.
The post Eco-…",Digital Journal,Unknown,Market Report,2026-10-07T22:51:52.927451Z
108c737ebc70578ebe1f6db6828efb8c,Fort Worth Diocese presses FedEx on risk of shipping mifepristone to states that restrict abortion,https://www.ewtnnews.com/world/us/fort-worth-diocese-presses-fedex-on-risk-of-shipping-mifepristone-to-states-that-restrict,Amira Abuzeid,2026-10-06T19:00:00Z,shipping rates,Bishop Michael Olson said he hopes to “further the culture of life” by urging the company to consider whether it’s violating federal law by mailing abortion pills to pro-life states.,Ewtnnews.com,Unknown,News,2026-10-07T22:51:52.927494Z
76da148ebead4d886afdae1c5fa2e2cb,ShipStation Delivers Walmart Shipping Discounts to Marketplace Sellers,https://biztoc.com/x/d60cece64a01ca58,pymnts.com,2026-10-06T18:54:58Z,shipping rates,"Walmart Marketplace sellers can now directly access Walmart-negotiated shipping rates within ShipStation’s intelligent shipping and logistics platform, ShipStation said in a Tuesday (Oct. 6) press release. This capability is enabled by ShipStation’s new Ship …",Biztoc.com,Unknown,Market Report,2026-10-07T22:51:52.927537Z
9a841676595e27194da9bca621c42c02,ShipStation Delivers Walmart Shipping Discounts to Marketplace Sellers,https://www.pymnts.com/shipping/2026/shipstation-delivers-walmart-shipping-discounts-to-marketplace-sellers/,PYMNTS,2026-10-06T18:07:16Z,shipping rates,"Walmart Marketplace sellers can now directly access Walmart-negotiated shipping rates within ShipStation’s intelligent shipping and logistics platform, ShipStation said in a Tuesday (Oct. 6) press release. This capability is enabled by ShipStation’s new Ship …",pymnts.com,Unknown,Market Report,2026-10-07T22:51:52.927570Z
f97353e4152f4c9592e97e67f5996b35,The World’s Gold Producers Are Starting to Hoard Their Own Gold,https://oilprice.com/Metals/Gold/The-Worlds-Gold-Producers-Are-Starting-to-Hoard-Their-Own-Gold.html,OilPrice.com,2026-10-06T18:00:00Z,shipping rates,"For most of modern history, the gold trade worked one way: emerging-market mines dug it up, shipped it out (often as cheap ore, more often through the back door), and London and New York did the rest. But that arrangement is now quietly breaking down. Accordi…",OilPrice.com,UK,Market Report,2026-10-07T22:51:52.927612Z
e114d8269323235c54d33eccb14c394b,Volare Jumps in Oslo Debut as Wave of Shipping IPOs Builds,https://gcaptain.com/volare-jumps-in-oslo-debut-as-wave-of-shipping-ipos-builds/,Bloomberg,2026-10-06T17:42:17Z,shipping rates,Volare Shipping Ltd. jumped on its first day of trading in Oslo on Monday after the spin-off arm of Trafigura Group Pte. became the latest in a spree of tanker listings in the Norwegian capital.,gcaptain.com,Norway,Market Report,2026-10-07T22:51:52.927647Z
f14afd969a7761de8b8dfca65141c1ab,(PR) Pimax Unveils Crystal Pro Wireless PC VR Headset with Native Foveated Streaming,https://www.techpowerup.com/353432/pimax-unveils-crystal-pro-wireless-pc-vr-headset-with-native-foveated-streaming,Nomad76,2026-10-06T17:21:58Z,shipping rates,"Pimax, a leading manufacturer of high-end PC virtual reality headsets, today unveiled Crystal Pro, a wireless PC VR headset built around a streaming technology it calls Native Foveated Streaming, at its ""Frontier: Change To Stay The Same"" launch event. Pimax …",Techpowerup.com,Unknown,News,2026-10-07T22:51:52.927697Z
f0b6daae81d66dfb722e01d263c73690,How to earn Wyndham Rewards points,https://thepointsguy.com/loyalty-programs/earn-wyndham-points/,Katie Genter,2026-10-06T17:00:40Z,shipping rates,"Learn how to earn Wyndham Rewards points through hotel stays, credit cards, transfers, dining, rental cars and other partners.",The Points Guy,Unknown,News,2026-10-07T22:51:52.927728Z
458f720d9307c03f4b05f0226b6f689b,Crisis-proofing the corporation,https://www.business-standard.com/book/crisis-proofing-the-corporation-126100601487_1.html,Chintan Girish Modi,2026-10-06T16:52:28Z,shipping rates,"Through the journeys of five companies, this book offers hard-won lessons and best practices for navigating tough times and emerging stronger",Business Standard,Unknown,News,2026-10-07T22:51:52.927759Z
babf385e57846cc75f8faac9b9dd63f8,Saudi East-West Pipeline Moves 5.8 Million Barrels as Red Sea Route Recovers,https://oilprice.com/Latest-Energy-News/World-News/Saudi-East-West-Pipeline-Moves-58-Million-Barrels-as-Red-Sea-Route-Recovers.html,Julianne Geiger,2026-10-06T16:30:00Z,shipping rates,"Saudi Arabia’s East-West pipeline had moved 5.8 million barrels of crude as of Tuesday morning, Energy Minister Prince Abdulaziz bin Salman said, adding more oil to the kingdom’s Red Sea export route as Gulf producers continue working around the Strait of Hor…",OilPrice.com,Unknown,News,2026-10-07T22:51:52.927809Z
4942078ce8695ac4ea760a576acea524,"KuCoin Adds Nike, Accenture And Shipping ETF Perpetuals With 20x Leverage",https://bitcoinist.com/kucoin-adds-nike-accenture-and-shipping-etf-perpetuals-with-20x-leverage/,Bitcoinist Editorial Team,2026-10-06T16:01:07Z,shipping rates,"TL;DR KuCoin Futures has launched stock-index perpetual contracts tracking Nike, Accenture and the Breakwave Tanker Shipping ETF. The contracts are settled in USDT, trade continuously and support leverage of up to 20x. They are synthetic derivatives and do no…",Bitcoinist,Unknown,Market Report,2026-10-07T22:51:52.927852Z
cb0ef740b71369467c9cf7b0d111f623,"Middle East oil exports are recovering despite Strait of Hormuz tanker attacks, but the bigger problem is getting crude safely to buyers",https://economictimes.indiatimes.com/news/international/world-news/middle-east-oil-exports-are-recovering-despite-strait-of-hormuz-tanker-attacks-but-the-bigger-problem-is-getting-crude-safely-to-buyers/articleshow/134743536.cms,ET Online,2026-10-06T15:26:12Z,shipping rates,"Middle Eastern oil exports have significantly recovered as shipping companies navigate a complex transport network. While conventional methods remain risky, alternate routes are being utilized to ensure continuous oil movement. Oil producers are adjusting str…",The Times of India,Unknown,News,2026-10-07T22:51:52.927906Z
f17d80d70e64725ff2cec352c441ba6e,"Sofirn SP35T 3800lm Tactical LED Flashlight, 3800 Max Lumens, USB-C Rechargeable, 21700 Battery, free s&h; $18.67",https://slickdeals.net/f/20113338-sofirn-sp35t-3800lm-tactical-led-flashlight-3800-max-lumens-usb-c-rechargeable-21700-battery-free-s-h-18-67,Tico22,2026-10-06T15:05:28Z,shipping rates,"On sale for $34.67. Total drops to *$18.67 + tax* after using $4 promo code VUSH04 and $12 store code AGF7DJ. Free shipping from US warehouse. 
 
That’s the *lowest price this model has ever been on...",Slickdeals.net,Unknown,News,2026-10-07T22:51:52.927950Z
299c8021fedcb624f4649781c36801a1,"Tech Tuesday: ShopBack Use Soars in US, Swap Acquires Vizby",http://wwd.com/sourcing-journal/industry-news/shopback-use-soars-in-u-s-swap-acquires-vizby-1239313423/,Arthur Zaczkiewicz,2026-10-06T15:00:00Z,shipping rates,"ShopBack sees 373% U.S. growth, Swap acquires Vizby AI, and Geekplus scales warehouse robotics for fashion in Poland.",WWD,Unknown,News,2026-10-07T22:51:52.927981Z
f7060090f3962c7f37d2fe80bb366e5b,"Pimax Unveils Crystal Pro with Native Foveated Streaming, Sending the GPU's Native Image Wirelessly to the Headset",https://www.prnewswire.com/news-releases/pimax-unveils-crystal-pro-with-native-foveated-streaming-sending-the-gpus-native-image-wirelessly-to-the-headset-302899612.html,,2026-10-06T14:35:00Z,shipping rates,"Eye-tracked 60GHz streaming over the first 2x2 MIMO wireless link on a VR headset; Pimax also debuts Ringless VR Controllers, the Spation mini-PC, and a new Stratosphere Blue brand identity SAN JOSE, Calif., Oct. 6, 2026 /PRNewswire/ -- Pimax, a leading manuf…",PRNewswire,Unknown,News,2026-10-07T22:51:52.928034Z
c8d7a755c8170dbafa5174698aeac170,"Pimax Unveils Crystal Pro with Native Foveated Streaming, Sending the GPU's Native Image Wirelessly to the Headset",https://www.prnewswire.com/news-releases/pimax-unveils-crystal-pro-with-native-foveated-streaming-sending-the-gpus-native-image-wirelessly-to-the-headset-302899622.html,,2026-10-06T14:35:00Z,shipping rates,"Eye-tracked 60GHz streaming over the first 2x2 MIMO wireless link on a VR headset; Pimax also debuts Ringless VR Controllers, the Spation mini-PC, and a new Stratosphere Blue brand identity SAN JOSE, Calif., Oct. 6, 2026 /PRNewswire/ -- Pimax, a leading manuf…",PRNewswire,Unknown,News,2026-10-07T22:51:52.928077Z
b46018c82e26c96d9757324eee0eab49,S&P 500 hits record high as Nvidia nears $6 trillion milestone,https://www.nbcnews.com/business/markets/stocks-records-oil-nvidia-rcna601852,Steve Kopack,2026-10-06T14:22:02Z,shipping rates,"The S&P 500 hit a record high, supported by rising technology stocks, declining oil prices and hopes for a positive earnings season.",NBC News,Unknown,Market Report,2026-10-07T22:51:52.928107Z
6c92d5359d91f108836f735da70399c1,"The day the fault lines cracked: October 7’s aftershocks travelled from Israel and Gaza to Iran, Red Sea and $100 oil",https://economictimes.indiatimes.com/news/international/world-news/october-7-attack-three-years-gaza-war-israel-iran-red-sea-houthi-attacks-strait-of-hormuz-oil-prices-middle-east-war/articleshow/134742045.cms,ET Online,2026-10-06T13:52:04Z,shipping rates,"It started at the Gaza border. Then came Hezbollah, Houthi attacks, rerouted ships, an Israel-Iran war, American strikes and an oil shock. Three years after October 7, the Middle East’s fault lines have cracked open far beyond where the first shots were fired.",The Times of India,USA,News,2026-10-07T22:51:52.928162Z
1e815c6d92d780af8ab82b83f82994b7,Rebounding oil exports through Strait of Hormuz are vulnerable to stepped-up Iranian tanker attacks,https://www.cnbc.com/2026/10/06/crude-oil-tanker-strait-hormuz-iran-attack.html,Spencer Kimball,2026-10-06T12:46:04Z,shipping rates,"Nearly 20 commercial ships, mostly tankers, have come under attack over the past month while sailing through the Hormuz chokepoint.",CNBC,Unknown,News,2026-10-07T22:51:52.928199Z
94c1abd24dd1a8629e885d0e3c93ecc3,ECO-WORTHY 10KW 48V Off-grid Inverter 120V/220V Split Phase 200A Charger UL1741 $1251 + Free Shipping,https://slickdeals.net/f/20110995-eco-worthy-10kw-48v-off-grid-inverter-120v-220v-split-phase-200a-charger-ul1741-1251-free-shipping,shivster1796,2026-10-06T12:24:06Z,shipping rates,"ECO-WORTHY 10KW 48V Off-grid Inverter 120V/220V Split Phase 200A Charger UL1741 $1251 + Free Shipping

ECO-WORTHY via AliExpress.Ship from US warehouse.

Apply coupon JJX80D for $80 off at checkout.",Slickdeals.net,Unknown,News,2026-10-07T22:51:52.928235Z
49f152414e5ef44bc41ce9b5ff1b33ea,TORM plc announces pricing of secondary public offering of its class A common shares,https://www.prnewswire.com/news-releases/torm-plc-announces-pricing-of-secondary-public-offering-of-its-class-a-common-shares-302899740.html,,2026-10-06T12:15:00Z,shipping rates,"HELLERUP, Denmark, Oct. 6, 2026 /PRNewswire/ -- TORM plc (the ""Company"" or ""TORM"") (NASDAQ: TRMD) (NASDAQ: TRMD A) today announces the pricing of a secondary public offering of 6,329,874 (six million three hundred twenty-nine thousand eight hundred seventy-fo…",PRNewswire,Unknown,News,2026-10-07T22:51:52.928281Z
f0e1ff070b62fb03e5a7cca58667ebd4,These lowest-price-ever October Prime Day deals could save you up to $400,https://nypost.com/2026/10/06/shopping/october-prime-day-deals-at-lowest-price-ever-per-our-tracking/,Carrie Berk,2026-10-06T12:00:00Z,shipping rates,We did the tracking: these Amazon products are at their lowest prices *ever.*,New York Post,Unknown,Market Report,2026-10-07T22:51:52.928306Z
5f4361d551e5df5ed2c328c1a01e45da,Picture this: Samsung’s Frame TV is 36% off for Prime Big Deal Days,https://nypost.com/2026/10/06/shopping/samsung-55-inch-frame-tv-is-36-off-for-prime-big-deal-days/,Nishka Dhawan,2026-10-06T11:30:00Z,shipping rates,Is it artwork or a TV?,New York Post,Unknown,News,2026-10-07T22:51:52.928334Z
2184c57edcf0d1cb156605ac95104696,Ceragon Brings New E-Band Innovation and a Portfolio Built to Scale to India Mobile Congress 2026,https://www.prnewswire.com/news-releases/ceragon-brings-new-e-band-innovation-and-a-portfolio-built-to-scale-to-india-mobile-congress-2026-302899598.html,,2026-10-06T10:00:00Z,shipping rates,"ROSH HA'AIN, Israel, Oct. 6, 2026 /PRNewswire/ -- Ceragon (NASDAQ: CRNT), a leading solutions provider of end-to-end wireless connectivity, is heading to India Mobile Congress (IMC) 2026 with new technology and live demonstrations focused on some of operators…",PRNewswire,India,News,2026-10-07T22:51:52.928362Z
e258dfe9b2a2f83d570a8db795df9375,(PR) ASUS Republic of Gamers Ships ROG Rapture GT-BN98 Router,https://www.techpowerup.com/353419/asus-republic-of-gamers-ships-rog-rapture-gt-bn98-router,TheLostSwede,2026-10-06T09:32:41Z,shipping rates,"ASUS Republic of Gamers (ROG) today announced that the ROG Rapture GT-BN98 quad-band WiFi 8 gaming router is now shipping, delivering ultra-high reliability and next-generation performance for demanding network environments. In today's multi-device environmen…",Techpowerup.com,Unknown,News,2026-10-07T22:51:52.928409Z
7554f85b23a1f58dbee7d72e4e47ee68,Brent Once Again Toiling Around $100 Mark,https://www.rigzone.com/news/brent_once_again_toiling_around_100_mark-06-oct-2026-184779-article/,Andreas Exarheas,2026-10-06T09:09:27Z,shipping rates,"Brent is once again toiling around $100 per barrel as its reasons for trading much beyond the psychological three-digit mark are being eroded, PVM Oil Associates Analyst John Evans said.",Rigzone,Unknown,Market Report,2026-10-07T22:51:52.928444Z
d622dff7459a7090c34b6f8f1a727841,Nouriel Roubini: The world is in turmoil but the global economy has been chugging along—how come?,https://www.livemint.com/opinion/online-views/nouriel-roubini-world-is-in-turmoil-but-the-global-economy-has-been-chugging-along-how-come-11791196008961.html,Nouriel Roubini,2026-10-06T09:00:40Z,shipping rates,"Tariffs, high oil prices and wars have spelt high uncertainty, yet economic activity has broadly kept pace so far. The most important explanation for this resilience is a positive supply shock in the shape of AI investment. If this goes wrong, the world will …",Livemint,Global,Market Report,2026-10-07T22:51:52.928488Z
3b935f031030e16f07cb6f4b6520ee6c,"Nikkei Tops 70,000 at Close, Hits Three-Month High as Wall Street Rally and Cheaper Oil Lift Tokyo Stocks",https://www.ibtimes.com.au/japan-nikkei-closes-above-70000-1876319,Tony Jackson,2026-10-06T08:02:29Z,shipping rates,"Japan's Nikkei 225 climbed above 70,000 to a three-month high, supported by Wall Street gains, lower oil prices and expectations of a less aggressive Federal Reserve.",Ibtimes.com.au,Japan,Market Report,2026-10-07T22:51:52.928510Z
0f42f6b1141585b1baff370faabd490b,khanoumi-mcp added to PyPI,https://pypi.org/project/khanoumi-mcp/,sepehr@nextofx.com,2026-10-06T07:55:28Z,shipping rates,"Unofficial read-only MCP server for Khanoumi: search cosmetics, skin and hair care and perfume, compare prices, shades and reviews, find deals.",Pypi.org,Unknown,Analysis/Opinion,2026-10-07T22:51:52.928535Z
daa9fcc8b2d579abb8f26fa16a4ae17e,These big screens are big deals — Save on October Prime Day TV deals,https://nypost.com/shopping/amazon-prime-big-deal-days-tv-deals-october-2026/,Nishka Dhawan,2026-10-06T07:30:00Z,shipping rates,TV deals from under $200.,New York Post,Unknown,News,2026-10-07T22:51:52.928564Z
e64d74cb3e6657c87f5b0e3e77e203e9,"Acer Predator X27U 27"" WQHD 240Hz OLED Monitor for $350 + free shipping",https://www.dealnews.com/Acer-Predator-X27-U-27-WQHD-240-Hz-OLED-Monitor-for-350-free-shipping/22248904.html,,2026-10-06T07:09:09Z,shipping rates,"Promo code ""VUSHS55"" brings this Acer Predator X27U monitor down to just $350 at AliExpress. That's $200 cheaper than Amazon's best price. The OLED panel keeps its motion clarity even at lower refresh rates like 120Hz, unlike LCD panels, which typically lose …",Dealnews.com,Unknown,Market Report,2026-10-07T22:51:52.928605Z
16e422084244b3fc08c18644e255f526,Festive bookings build up; auto dealers see strong Oct despite high base,https://www.business-standard.com/industry/auto/festive-bookings-build-up-auto-dealers-see-strong-oct-despite-high-base-126100600442_1.html,Sohini Das,2026-10-06T06:55:51Z,shipping rates,"Auto dealers expect deferred purchases to convert into festive deliveries from mid-October, while higher PV inventory and EV supply constraints remain key monitorables",Business Standard,Unknown,News,2026-10-07T22:51:52.928640Z
67c2649b9e2544c40e4b0a966d7efb93,Oil gains as traders weigh Gulf tensions against exports,https://www.rte.ie/news/business/2026/1006/1594150-world-oil-pri/,RTÉ News,2026-10-06T06:25:19Z,shipping rates,"Oil prices made slight gains today as security concerns in the Middle East kept a geopolitical risk premium in the market, even as resilient regional crude exports and a G7 emergency stockpile release eased supply concerns.",RTE,Unknown,Market Report,2026-10-07T22:51:52.928673Z
8841e813bac6a7b329c930ba72300b87,The Ghost Army That Lost Bab al-Mandeb,https://activistpost.com/the-ghost-army-that-lost-bab-al-mandeb/,Editor,2026-10-06T01:00:00Z,shipping rates,"Ansarallah-led government forces have liberated the entire west coast of Yemen from Saudi-backed forces, triggering an Israeli media meltdown. Meanwhile, Iran’s Islamic Revolutionary Guard Corps (IRGC) have taken out a series of US assets and began firing new…",Activistpost.com,Unknown,News,2026-10-07T22:51:52.928720Z
0aeb4d73a6bf0438593a11d64d888594,DJI Osmo Pocket 4 and 4P Firmware Roundup,https://www.newsshooter.com/2026/10/05/dji-osmo-pocket-4-and-4p-firmware-roundup/,Erik Naso,2026-10-06T00:43:13Z,shipping rates,"DJI has pushed two rounds of firmware to its Osmo Pocket gimbal cameras since August. On the dual-lens Osmo Pocket 4P, this covers versions 01.01.71.20 (August 19, 2026) and 01.01.71.31 (September 2026). The single-lens Osmo Pocket 4 runs its own version numb…",Newsshooter,Unknown,News,2026-10-07T22:51:52.928763Z
452e28ee1fd757f62d9a8ed6b3b51097,Why America's Gulf Allies Are Rethinking Aid - And Why It Matters,https://www.hoover.org/research/why-americas-gulf-allies-are-rethinking-aid-and-why-it-matters,"October 6, 2026",2026-10-06T00:00:00Z,shipping rates,"As the current conflict in the Gulf grinds on without resolution, pressure is mounting not just on defense systems, but also on aid budgets. Arab Gulf state aid budgets have historically been important alongside those from the European Union, United Kingdom, …",Hoover.org,USA,News,2026-10-07T22:51:52.928792Z
5514d29fc695587e865e87f4cc157f50,TORM plc announces secondary public offering of its class A common shares by a selling shareholder,https://www.prnewswire.com/news-releases/torm-plc-announces-secondary-public-offering-of-its-class-a-common-shares-by-a-selling-shareholder-302898999.html,,2026-10-05T22:27:00Z,shipping rates,"HELLERUP, Denmark, Oct. 5, 2026 /PRNewswire/ -- TORM plc (the ""Company"" or ""TORM"") (NASDAQ: TRMD) or (NASDAQ: TRMD A) today announces the commencement of a secondary public offering of 6,329,874 of the Company's Class A common shares by OCM Njord Holdings S.à…",PRNewswire,Unknown,News,2026-10-07T22:51:52.928836Z
81cfcc274369ac85e97b9d5372d8fa19,GameSir Cyclone 2 Wireless Controller for Nintendo Switch 2 / iPhone / Android White $30.4 + Free Shipping (5 replies),https://slickdeals.net/f/20104656-gamesir-cyclone-2-wireless-controller-for-nintendo-switch-2-iphone-android-white-30-4-free-shipping,BML6182,2026-10-05T22:18:02Z,shipping rates,"GameSir Cyclone 2 Wireless Controller for Nintendo Switch 2 / iPhone / Android White $30.4 + Free Shipping

GameSir via AliExpress. Ship from US warehouse.

Apply coupon JJZ05D for $5 off at checkout.",Slickdeals.net,Unknown,News,2026-10-07T22:51:52.928876Z
e55f93b2cf0d886d065e4eb5405ad304,The 5 best credit cards for Target purchases,https://thepointsguy.com/credit-cards/best-credit-cards-target-purchases/,Benji Stawski,2026-10-05T21:30:06Z,shipping rates,"These cards that will help you maximize your Target purchases with discounts or bonus points. Earn cash back, points or miles.",The Points Guy,Unknown,News,2026-10-07T22:51:52.928906Z
e0167b28d9efffbd623864267e609f3f,"Diwali gifting gets pricier as pistachio, almond rates surge on US-Iran war, higher freight and weak rupee",https://economictimes.indiatimes.com/news/india/diwali-gifting-gets-pricier-as-pistachio-almond-rates-surge-on-us-iran-war-higher-freight-and-weak-rupee/articleshow/134716178.cms,Jayashree Bhosale,2026-10-05T19:16:50Z,shipping rates,"Prices for nuts and dry fruits have increased significantly this festive season due to supply issues. Sourcing challenges from key suppliers like Iran and Afghanistan have caused price surges. Additionally, rising freight costs and a weaker rupee have further…",The Times of India,Unknown,Market Report,2026-10-07T22:51:52.928999Z
89a0f2b5544532f1d1e8c390ba1e2379,How to be the email they open on Black Friday,https://woocommerce.com/posts/black-friday-email-marketing/,Melisa Pacheco,2026-10-05T18:28:45Z,shipping rates,Black Friday is when inboxes go from manageable to overwhelming. The emails that cut through are more specific to the customer and the moment. Here's how to stand out.,Woocommerce.com,Unknown,News,2026-10-07T22:51:52.929032Z
b47a184471e89d2bcfcadeb7522f5304,"Amazon, Target and Walmart all have big October sales, but which one is the best?",https://thepointsguy.com/deals/october-sales-amazon-target-walmart/,Lyndsey Matthews,2026-10-05T16:55:47Z,shipping rates,"Amazon, Target and Walmart all have major sales this October. Here's how they compare and how to find the best deals.",The Points Guy,Unknown,News,2026-10-07T22:51:52.929131Z
842be806fdf9eccd85fd2f2a15f46416,"Saudi Arabia's East-West pipeline is flowing as normal, Bloomberg reports citing sources",https://freerepublic.com/focus/f-news/4398014/posts,Newsquawk,2026-10-05T16:55:30Z,shipping rates,"The East-West line is the Kingdom's bypass of the Strait of Hormuz, carrying crude from the eastern fields to Red Sea export capacity, and headlines confirming it is flowing normally tend to appear only when some disruption or threat to Gulf transit is alread…",Freerepublic.com,Unknown,Market Report,2026-10-07T22:51:52.929197Z
30e8ac3dffacc06f6fc08e259d4447e7,U.S. shale executives have no idea when the oil market will go off a cliff,https://fortune.com/2026/10/05/strategic-petroleum-reserve-minimum-level-spr-tank-bottoms-crude-oil-prices/,Jason Ma,2026-10-05T16:36:49Z,shipping rates,"While more than half see substantial margin remaining, one-third of oil executives think the SPR is already below or nearly at tank bottoms.",Fortune,Unknown,Market Report,2026-10-07T22:51:52.929230Z
5398d3673b96c5964d72987639045c30,Opinion: Oil’s New Problem Isn’t Supply. It’s Logistics,https://gcaptain.com/opinion-oils-new-problem-isnt-supply-its-logistics/,Reuters,2026-10-05T16:13:33Z,shipping rates,"Middle East crude exports recently climbed to their highest levels since the start of the Iran war as more Gulf producers resume transit through the Strait of Hormuz – despite the continued threat of Iranian attacks. Yet oil prices remain stubbornly elevated,…",gcaptain.com,Unknown,Analysis/Opinion,2026-10-07T22:51:52.929268Z
6e047af4288a14c3add716f97f42cb4f,9 Terrifying Truths About Long-Term Economic Crises,https://activistpost.com/9-terrifying-truths-about-long-term-economic-crises/,Editor,2026-10-05T16:00:00Z,shipping rates,"Why preparation matters less than adaptation, and why the next crisis will not resemble the last My father kept his layoff notice from 1982 taped inside his toolbox until he died. The letterhead—blue, corporate, indifferent—arrived on a Tuesday in March, six …",Activistpost.com,Unknown,News,2026-10-07T22:51:52.929319Z
832b8e82d9e2fc347cf9090947a1dd84,How Small Businesses Can Use AI for Marketing - Timesceo,https://www.timesceo.com/how-small-businesses-can-use-ai-for-marketing/,Admin_timesceo,2026-10-05T15:22:21Z,shipping rates,"Learn how small businesses can use AI for marketing to automate tasks, attract customers, create content, and improve marketing results efficiently.",Timesceo.com,Unknown,Market Report,2026-10-07T22:51:52.929349Z
cf504af21571d739a4e7aaf37ddf614e,Show HN: I wrote a book to help developers to improve their writing,https://refactoringenglish.com/,mtlynch,2026-10-05T13:45:48Z,shipping rates,I've been writing online about software and entrepreneurship for the last decade. You may remember me as the guy who quit his job at Google to bootstrap my own business (https://news.ycombinator.com/item?id=16483241) or the guy who spent $46k on a website red…,Refactoringenglish.com,Unknown,News,2026-10-07T22:51:52.929437Z
0a10b4e67ef5f8c888037d24cd3f6b55,How GLP-1 users are forcing retailers to rethink everything,https://www.retaildive.com/news/glp1-users-apparel-retailers-rethink-everything-returns-davids-bridal/831835/,Kaarin Moore,2026-10-05T13:40:00Z,shipping rates,"Wide adoption of the medication has changed consumer behavior — from how shoppers think about sizing, to how they shop online. Can retail keep up?",Retail Dive,Unknown,News,2026-10-07T22:51:52.929474Z
aed94ea9a215fc9230331498ec8e4ffd,KINGROON 10KG Mix color PLA Filament 1KG/Roll 1.75mm $59.80 + Free Shipping,https://slickdeals.net/f/20101119-kingroon-10kg-mix-color-pla-filament-1kg-roll-1-75mm-59-80-free-shipping,shivster1796,2026-10-05T13:11:30Z,shipping rates,"KINGROON 10KG Mix color PLA Filament 1KG/Roll 1.75mm $59.80 + Free Shipping 
 
KINGROON via AliExpress. Ship from US warehouse. 
 
Apply coupon VUSHS09 or JJX09D for $9 off at checkout. 
 
10 KG Mix...",Slickdeals.net,Unknown,News,2026-10-07T22:51:52.929538Z
5de891e92135921b8fe60f2108a22f0b,ASEAN+3: Navigating Shocks Through Stronger Foundations and Deeper Financial Integration,https://www.prnewswire.com/news-releases/asean3-navigating-shocks-through-stronger-foundations-and-deeper-financial-integration-302898349.html,,2026-10-05T12:30:00Z,shipping rates,"SINGAPORE, Oct. 5, 2026 /PRNewswire/ -- AMRO today released its ASEAN+3 Financial Stability Report (AFSR) 2026 and the ASEAN+3 Regional Economic Outlook (AREO) October Update, highlighting the region's solid performance despite the Middle East energy shock. G…",PRNewswire,Singapore,Analysis/Opinion,2026-10-07T22:51:52.929563Z
c886417cb214433260379edc5fda6bd8,From debris mitigation to orbital sustainability: The next stage of space governance,https://www.thespacereview.com/article/5330/1,info@thespacereview.com (Graham Turnock),2026-10-05T12:00:00Z,shipping rates,Concerns about the growth of orbital debris have led to the development of best practices to mitigate its growth. Graham Turnock explains why those approaches alone are insufficient when considering orbital sustainability.,The Space Review,Unknown,News,2026-10-07T22:51:52.929602Z
012f747d35defdd95509231a6634ce0c,New Flyer secures additional order of 100 transit buses for Washington Metro,https://financialpost.com/globe-newswire/new-flyer-secures-additional-order-of-100-transit-buses-for-washington-metro,GlobeNewswire,2026-10-05T11:31:24Z,shipping rates,"ST. CLOUD, Minn., Oct. 05, 2026 (GLOBE NEWSWIRE) — (TSX: NFI, OTC: NFYEF, TSX: NFI.DB) NFI Group Inc. (NFI), a leading manufacturer of buses and motorcoaches and a provider of comprehensive aftermarket parts and service solutions, subsidiary New Flyer of Amer…",Financial Post,Unknown,Market Report,2026-10-07T22:51:52.929643Z
fdc3c4d785b585311bbbb0d0f2d521df,Article: The Platform Engineering Playbook for Production LLMs,https://www.infoq.com/articles/platform-engineering-playbook-production-llms/,Aditya Mulik,2026-10-05T11:00:00Z,shipping rates,"In this article, author discusses his experience with AI agent hallucinations in an inventory recommendation system and how this problem was solved by treating the LLM stack as a platform infrastructure concern instead of as an application one. He makes a cas…",InfoQ.com,Unknown,News,2026-10-07T22:51:52.929692Z
ad568798cb04a1d8760aa02102b78e5b,Iran War: Saudi-Backed Forces Launch Major Yemen Campaign; More on Oil Transits and Economic Conditions,https://www.nakedcapitalism.com/2026/10/iran-war-saudi-backed-forces-launch-major-yemen-campaign-more-on-oil-transits-and-economic-conditions.html,Yves Smith,2026-10-05T10:54:12Z,shipping rates,"Today's Iran war news: As the Saudis double down on failure with a new Yemen offensive, the debate over the state of oil and the economy continues.",Nakedcapitalism.com,Unknown,News,2026-10-07T22:51:52.929728Z
bf15fd83e60e491d9fc4a495ecca366d,Best Buy Techtober Home Office & Gaming Accessories Deals: Up to 50% off + free shipping,https://www.dealnews.com/Best-Buy-Techtober-Home-Office-Gaming-Accessories-Deals-Up-to-50-off-free-shipping/22246162.html,,2026-10-05T10:33:59Z,shipping rates,"Best Buy's Techtober sale covers a wide mix of home office and gaming accessories, including keyboards, mice, headsets, docking stations, and a gaming chair. The pictured GTPlayer Ergonomic Gaming Chair is $110, down from $180, while the Corsair Vanguard 96 k…",Dealnews.com,Unknown,News,2026-10-07T22:51:52.929777Z
8af3701cbdc0171879b5d4c26ff26016,Best Buy Techtober Monitor Deals: Up to 50% off + free shipping,https://www.dealnews.com/Best-Buy-Techtober-Monitor-Deals-Up-to-50-off-free-shipping/22246147.html,,2026-10-05T10:18:54Z,shipping rates,"Best Buy's Techtober sale covers 27 monitor deals spanning budget FHD screens to high-end OLED gaming displays. The pictured LG 27U41YA-B 27"" 1080p HDR Monitor is 50% off, down to $124.99. Plus, the Dell SE2726HS 27"" monitor is $109.99, while the Alienware AW…",Dealnews.com,Unknown,News,2026-10-07T22:51:52.929821Z
7b4484527f4f077e4cafb200abad5985,Volare Shipping Shares Jump on First Trading Day,https://biztoc.com/x/9bfff3d9e831e4b0,wsj.com,2026-10-05T09:43:48Z,shipping rates,The listing comes as tanker rates have surged to record highs since the conflict in the Middle East upended oil markets.,Biztoc.com,Unknown,Market Report,2026-10-07T22:51:52.929848Z
cc1e33bdf4219b036d328654f98cc83a,"Nikkei Nears 70,000 as AI Shares Rally on Fed Pause Hopes",https://newsonjapan.com/article/150948.php,News On Japan,2026-10-05T08:38:36Z,shipping rates,"Tokyo stocks surged on October 5, with the Nikkei 225 closing at 69,947, up 1,637 points, after briefly recovering the 70,000 level for the first time in about three months, as weak U.S. jobs data reduced expectations for an October Federal Reserve rate hike …",Newsonjapan.com,Japan,News,2026-10-07T22:51:52.929881Z
d1c77da27765983f8c3712a34d5c3bc9,"$100/barrel crude on screen, $145/barrel in physical market: Kotak Securities sees two prices",https://economictimes.indiatimes.com/industry/energy/oil-gas/100/barrel-crude-on-screen-145/barrel-in-physical-market-kotak-securities-sees-two-prices/articleshow/134689596.cms,ANI,2026-10-05T07:49:16Z,shipping rates,"Crude oil’s physical market price could reach nearly $145 a barrel even if benchmark prices show $100, as soaring VLCC shipping costs widen the gap, Kotak Securities’ Anindya Banerjee said. He expects India to remain protected by ample refining capacity and d…",The Times of India,India,Market Report,2026-10-07T22:51:52.929903Z
6c3b76645963802e0ec684ced300fe08,"8 New Tech Products Worth a Look: AI Headphones, a Camera Phone, and More",https://the-gadgeteer.com/2026/10/04/new-tech-products/,Rei Padla,2026-10-04T23:00:00Z,shipping rates,"The problem with new tech is not a shortage of announcements. It is figuring out which products solve a real daily annoyance, and which ones are interesting only until the next press release lands. These eight products caught our attention…",The Gadgeteer,Unknown,Market Report,2026-10-07T22:51:52.930001Z
72f4b03477f6ffbe5bce9f7507c26b94,"Fewer babies, smaller market: How Singapore baby-care brands are adapting",https://www.channelnewsasia.com/singapore/baby-care-brand-hegen-tollyjoy-6409976,,2026-10-04T22:00:00Z,shipping rates,"Homegrown brands are widening product ranges, adding services and expanding abroad as costs climb and the domestic customer base shrinks.",CNA,Singapore,Market Report,2026-10-07T22:51:52.930020Z
da1d16fa81fee255c77fac61622de923,5-Pk 1-Kg Nexaforge 1.75mm 3D Printer Filament Multicolor Bundle (PLA or PETG) $38 + Free S&H,https://slickdeals.net/f/20092251-5-pk-1-kg-nexaforge-1-75mm-3d-printer-filament-multicolor-bundle-pla-or-petg-38-free-s-h,DealzRGood4U,2026-10-04T19:49:43Z,shipping rates,Nexaforge Global Store via AliExpress has *5-Pk 1-Kg Nexaforge* *1.75mm* *3D Printer Filament Multicolor Bundle (PLA or PETG)* on sale from $43.03 - $5 when you apply promo code USDEALS5 at checkout...,Slickdeals.net,Global,News,2026-10-07T22:51:52.930057Z
8168c02c7d1ebe2adaf0598dc69ddc77,"Despite G7, fuel inflation will remain",https://economictimes.indiatimes.com/opinion/et-commentary/despite-g7-fuel-inflation-will-remain/articleshow/134679923.cms,ET Bureau,2026-10-04T19:11:20Z,shipping rates,"G7's recent decision to release 100 million barrels of oil from reserves is unlikely to significantly alleviate fuel inflation as it overlaps with earlier commitments. Despite political pressures ahead of midterm elections, supply disruptions and high global …",The Times of India,Global,News,2026-10-07T22:51:52.930103Z
efa0a41db8afe91f9da5f914ab694a37,W-KING T11 100W RMS Portable Bluetooth Speaker IPX6 $101.20 + Free Shipping (0 replies),https://slickdeals.net/f/20096394-w-king-t11-100w-rms-portable-bluetooth-speaker-ipx6-101-20-free-shipping,shivster1796,2026-10-04T15:09:17Z,shipping rates,"W-KING T11 100W RMS Portable Bluetooth Speaker IPX6 $101.20 + Free Shipping

W-KING via AliExpress.Ship from US warehouse.

Apply coupon VUSHS15 or USHS15 for $15 off at checkout.

Final Price: $101.2",Slickdeals.net,Unknown,News,2026-10-07T22:51:52.930154Z
45efea24a970404e8ef88394793be721,FIREBAT AM02 Mini PC Ryzen 5 6600H 16GB 512GB Win11 $275.80 + Free Shipping,https://slickdeals.net/f/20096358-firebat-am02-mini-pc-ryzen-5-6600h-16gb-512gb-win11-275-80-free-shipping,shivster1796,2026-10-04T15:05:26Z,shipping rates,"FIREBAT AM02 Mini PC Ryzen 5 6600H 16GB 512GB Win11 $275.80 + Free Shipping 
 
FIREBAT via AliExpress. Ship from US warehouse. 
 
Apply coupon JJX40D for $40 off at checkout. 
 
Final Price: $275.80...",Slickdeals.net,Unknown,News,2026-10-07T22:51:52.930192Z
61523e8cfe57787f8f41045b9ca6720f,Private Equity Firms Double Down on Fossil Fuels,https://oilprice.com/Energy/Energy-General/Private-Equity-Firms-Double-Down-on-Fossil-Fuels.html,Felicity Bradstock,2026-10-04T15:00:00Z,shipping rates,"Despite pressure from some governments and consumers for a global energy transition, private equity firms continue to invest heavily in some of the world’s largest greenhouse gas emitters. Following the Covid-19 pandemic, several companies, banks, and even en…",OilPrice.com,Global,News,2026-10-07T22:51:52.930238Z
3902ae355eb7ddf6fb5c30d0e0ee59b5,"Trimui Brick Pro 3.95"" IPS Handheld Game Console 5000mAh Long Battery No Card $62.6 + Free Shipping (0 replies)",https://slickdeals.net/f/20096340-trimui-brick-pro-3-95-ips-handheld-game-console-5000mah-long-battery-no-card-62-6-free-shipping,BML6182,2026-10-04T14:58:57Z,shipping rates,"Trimui Brick Pro 3.95"" IPS Handheld Game Console 5000mAh Long Battery No Card $62.6 + Free Shipping

Trimui via AliExpress. Ships from US warehouse for fast delivery.

Apply coupon JJX09D or VUSH",Slickdeals.net,Unknown,News,2026-10-07T22:51:52.930275Z
0b91567c98f5fb76782caa68416508d3,"QRONGE X1 4500W peak 60V 28.8Ah 14/12"" Fat Tire Spark Electric Dirt Bike $830 + Free Shipping",https://slickdeals.net/f/20095626-qronge-x1-4500w-peak-60v-28-8ah-14-12-fat-tire-spark-electric-dirt-bike-830-free-shipping,travisshyn,2026-10-04T12:14:40Z,shipping rates,"QRONGE X1 4500W peak 60V 28.8Ah 14/12"" Fat Tire Spark Electric Dirt Bike $830+ Free Shipping 
 
*QRONGE *via AliExpress. _Ships from US Warehouse_. 
 
*Apply *coupon JJX80D for $80 off at checkout. 
...",Slickdeals.net,Unknown,News,2026-10-07T22:51:52.930309Z
581fad79fa675b803bbd3dfaeb5fc2dd,RVPOZWER 100W Bifacial 18BB Solar Panel IP68 23.5% Efficiency 100W 1Pcs $39.7 + Free Shipping,https://slickdeals.net/f/20095608-rvpozwer-100w-bifacial-18bb-solar-panel-ip68-23-5-efficiency-100w-1pcs-39-7-free-shipping,travisshyn,2026-10-04T12:10:43Z,shipping rates,"RVPOZWER 100W Bifacial 18BB Solar Panel IP68 23.5% Efficiency 100W 1Pcs $39.7 + Free Shipping 
 
*RVPOZWER *via AliExpress. _Ships from US warehouse_. 
 
*Apply *coupon JJX05D for $5 off at checkout....",Slickdeals.net,Unknown,News,2026-10-07T22:51:52.930343Z
5ca0f5e6d5e42485469c4953c8f7d88d,Vseebox V6 Max 4GB+64GB Vsee Box Time Shift with Parental Control 6K Ultra HD $214.6 + Free Shipping (2 replies),https://slickdeals.net/f/20095605-vseebox-v6-max-4gb-64gb-vsee-box-time-shift-with-parental-control-6k-ultra-hd-214-6-free-shipping,travisshyn,2026-10-04T12:06:39Z,shipping rates,"Vseebox V6 Max 4GB+64GB Vsee Box Time Shift with Parental Control 6K Ultra HD $214.6 + Free Shipping 
 
vSeeBox via AliExpress. Ships from US warehouse. 
 
Apply coupon JJX23D or VUSHS23 for $23 off a ...",Slickdeals.net,Unknown,News,2026-10-07T22:51:52.930379Z
6cd6896c47747bfeb2607d72c1993ad0,Autel MK808S Car Diagnostic Tool OBD2 Scanner $251 + Free Shipping,https://slickdeals.net/f/20095593-autel-mk808s-car-diagnostic-tool-obd2-scanner-251-free-shipping,travisshyn,2026-10-04T12:03:09Z,shipping rates,"Autel MK808S Car Diagnostic Tool OBD2 Scanner $251 + Free Shipping

Autel via AliExpress. Ships from local warehouse.

Apply coupon JJX40D for $40 off at checkout.

Final Price: $250.6

Backup: VUSHS3",Slickdeals.net,Unknown,News,2026-10-07T22:51:52.930412Z
eaf0226c3707825cddc2e736449536b8,Iraq Says It Transported 2 Million Barrels of Crude Through Strait of Hormuz,https://english.aawsat.com/business/5325598-iraq-says-it-transported-2-million-barrels-crude-through-strait-hormuz,,2026-10-04T07:30:23Z,shipping rates,"Iraq's state-owned Oil Tanker Company transported 2 million barrels of Iraqi crude aboard a very large crude carrier (VLCC) through the Strait of Hormuz, in what its director general described on Saturday as the company's first such operation in ‌decades. The…",Aawsat.com,Unknown,News,2026-10-07T22:51:52.930458Z
394a403ef40278a2b69f6653aa5be254,"There isn't a single Wi-Fi 8 device on the market, yet this Asus router is already outperforming everything you currently own — here's what you need to know",https://www.techradar.com/pro/there-isnt-a-single-wi-fi-8-device-on-the-market-yet-this-router-is-already-outperforming-everything-you-currently-own-heres-what-you-need-to-know,Efosa Udinmwen,2026-10-04T00:10:00Z,shipping rates,"Asus's first Wi-Fi 8 gaming router delivers stronger range, faster backhaul, smarter software, and measurable gains for existing Wi-Fi 7 devices.",TechRadar,Unknown,Market Report,2026-10-07T22:51:52.930498Z
a1dd8a499bef2d96aa3c4e3ed06fb0c6,Valeton GP-5 Super Compact Multi-Effects Processor NAM/IR Loader Pedal; free s&h $52.74 (2 replies),https://slickdeals.net/f/20093703-valeton-gp-5-super-compact-multi-effects-processor-nam-ir-loader-pedal-free-s-h-52-74,Tico22,2026-10-03T22:23:56Z,shipping rates,"On sale for $57.74. Total drops to $52.74 + tax after using $5 promo code GSD05E. ($4 backup codes: VUSH04 or USHS04). 4.9 user rating. Free shipping from US warehouse.

That's $12 less than the",Slickdeals.net,Brazil,News,2026-10-07T22:51:52.930516Z
ce7ff7a2ab0ba598008adb4ea15f07e0,"MHPOWOS 400W Portable Solar Panel for Power Stations, Foldable w/Kickstands; free s&h $211.29 (4 replies)",https://slickdeals.net/f/20093463-mhpowos-400w-portable-solar-panel-for-power-stations-foldable-w-kickstands-free-s-h-211-29,Tico22,2026-10-03T20:36:18Z,shipping rates,"On sale for $234.29. Total drops to $211.29 + tax after using $23 promo code GSD23E. (Backup codes: VUSH23 or USHS23). Free shipping from US warehouse.

4.9 user rating. This same model sells for $380",Slickdeals.net,Unknown,News,2026-10-07T22:51:52.930555Z
6576efa2f1c7ac5fe500f77ad6ee10af,"Show HN: Local pretrained classifiers, GPU not needed",https://github.com/nicobrenner/jeffy,nico,2026-10-03T20:19:09Z,shipping rates,"I was curious about what classifiers could do. It turns out, a lot, sometimes even play Doom

Comments URL: https://news.ycombinator.com/item?id=49947404
Points: 1
# Comments: 0",Github.com,Unknown,Analysis/Opinion,2026-10-07T22:51:52.930582Z
58deacade0526143481cec42408de2e4,Lenovo Yoga Mini Review: Core Ultra X7 358H and Arc B390 in a 0.65-Liter Puck,https://www.storagereview.com/review/lenovo-yoga-mini-review,Dylan Bryan,2026-10-03T18:57:06Z,shipping rates,"The Lenovo Yoga Mini is a 130mm aluminum puck, 48.6mm tall and about 600 grams, that fits Intel’s 16-core Core Ultra X7 358H, 32GB of LPDDR5X-8533, and Arc B390 graphics into 0.65 liters. That is the same Panther Lake silicon Intel has been shipping in this y…",Storagereview.com,Unknown,Analysis/Opinion,2026-10-07T22:51:52.930619Z
0e64173994b11c68d7161dd62df57d44,NITECORE’s $20 electronic whistle repeats SOS after a 10-second hold,https://the-gadgeteer.com/2026/10/03/nitecores-20-electronic-whistle-repeats-sos-after-a-10-second-hold/,Vincent Nguyen,2026-10-03T18:00:00Z,shipping rates,NITECORE’s NWE10 can keep sending an SOS after you let go of its button. Hold it for about 10 seconds and the rechargeable electronic whistle enters an automatic mode that repeats roughly every three minutes. That leaves you free to…,The Gadgeteer,Unknown,News,2026-10-07T22:51:52.930666Z
60f882f64cfcf4d6dcf86bc7673e8474,DJI Osmo Mobile 7 3-Axis Phone Gimbal with Built-in Tripod $41.70 + Free Shipping,https://slickdeals.net/f/20092632-dji-osmo-mobile-7-3-axis-phone-gimbal-with-built-in-tripod-41-70-free-shipping,shivster1796,2026-10-03T14:35:25Z,shipping rates,"DJI Osmo Mobile 7 3-Axis Phone Gimbal with Built-in Tripod $41.70 + Free Shipping 
 
Ship from US warehouse. 
 
Apply coupon JJX05D for $5 off at checkout. 
 
Final Price: $41.70 
 
Backup: VUSHS04...",Slickdeals.net,Unknown,News,2026-10-07T22:51:52.930700Z
a6de31eb695937041bebab863a298de6,XHDATA D808 Portable Multiband Radio with SSB & Air Band $56.80 + Free Shipping​,https://slickdeals.net/f/20092617-xhdata-d808-portable-multiband-radio-with-ssb-air-band-56-80-free-shipping,shivster1796,2026-10-03T14:32:08Z,shipping rates,"XHDATA D808 Portable Multiband Radio with SSB & Air Band $56.80 + Free Shipping​ 
 
Ship from US warehouse. 
 
Apply coupon JJX09D or VUSHS09 for $9 off at checkout. 
 
Final Price: $56.80 
 
Prices...",Slickdeals.net,Unknown,Market Report,2026-10-07T22:51:52.930738Z
07a828dacccc39714f7870a4e17e6d79,ANNKE 12MP PoE Security Camera Kit with 8 Cameras & 2TB HDD $481 + Free Shippingâ (0 replies),https://slickdeals.net/f/20092614-annke-12mp-poe-security-camera-kit-with-8-cameras-2tb-hdd-481-free-shipping,shivster1796,2026-10-03T14:30:38Z,shipping rates,"ANNKE 12MP PoE Security Camera Kit with 8 Cameras & 2TB HDD $481 + Free Shipping​

Arwibon via AliExpress. Ship from US warehouse.

Apply coupon JJX80D for $80 off at checkout.

2T Final Price:",Slickdeals.net,Unknown,News,2026-10-07T22:51:52.930780Z
91fe4deae34ce3381a403be1995cac0f,"URLIFE E20 peak 1000W 20"" Fat Tire Electric Bike 48V 13Ah Removable Battery 28MPH 7-Speed green $324 + Free Shipping",https://slickdeals.net/f/20092605-urlife-e20-peak-1000w-20-fat-tire-electric-bike-48v-13ah-removable-battery-28mph-7-speed-green-324-free-shipping,shivster1796,2026-10-03T14:29:07Z,shipping rates,"URLIFE E20 peak 1000W 20"" Fat Tire Electric Bike 48V 13Ah Removable Battery 28MPH 7-Speed green $324 + Free Shipping 
 
URLIFE via AliExpress. Ship from US warehouse. 
 
Apply coupon JJX55D or...",Slickdeals.net,Unknown,News,2026-10-07T22:51:52.930817Z
143cb5b724cd6fc4eac5e0de33011482,OSCAL PowerMax 1800 SE 1024Wh 1800W Portable Power Station $254.80 + Free Shipping (4 replies),https://slickdeals.net/f/20092602-oscal-powermax-1800-se-1024wh-1800w-portable-power-station-254-80-free-shipping,shivster1796,2026-10-03T14:27:05Z,shipping rates,"OSCAL PowerMax 1800 SE 1024Wh 1800W Portable Power Station $254.80 + Free Shipping

Ship from US warehouse.

Apply coupon JJX40D for $40 off at checkout.

Final Price: $254.80

Backup: VUSHS35 or USHS",Slickdeals.net,Unknown,News,2026-10-07T22:51:52.930852Z
b0a040e596ac1f6d2f56b97d1b6db523,model-audit-lite added to PyPI,https://pypi.org/project/model-audit-lite/,,2026-10-03T13:15:55Z,shipping rates,"Lightweight safety audit for Hugging Face models: file-distribution audit, a conversion-integrity diff (chat_template + safety-probe regressions between a source and a converted repo), and a small known-pattern prompt-injection probe suite.",Pypi.org,Unknown,News,2026-10-07T22:51:52.930887Z
6a6d575d75405155c43bc79f758e9bf0,Burning Oil… Burning Man… The Mad Max Matrix Plot Accelerates As World’s Energy Supply Go Up In Flames,https://activistpost.com/burning-oil-burning-man-the-mad-max-matrix-plot-accelerates-as-worlds-energy-supply-go-up-in-flames/,Editor,2026-10-03T13:04:00Z,shipping rates,The Titanic was ‘unsinkable’.  The Towers were ‘indestructable’.  The world’s energy supply was ‘unshakable’.  You know who’s laughing their asses off at these statements?  J.P. Morgan and the other Jekyll Island creatures who miraculously ‘missed the boat’ i…,Activistpost.com,Unknown,Market Report,2026-10-07T22:51:52.930934Z
b043f1934b68aec3c2757d34698fe544,"ECO-WORTHY 2Pack 48V 314AH LiFePO4 Battery Backup 32.15kWh 200A BMS 7"" Display $3569 AC + Free Shipping (3 replies)",https://slickdeals.net/f/20092254-eco-worthy-2pack-48v-314ah-lifepo4-battery-backup-32-15kwh-200a-bms-7-display-3569-ac-free-shipping,travisshyn,2026-10-03T12:33:34Z,shipping rates,"ECO-WORTHY 2Pack 48V 314AH LiFePO4 Battery Backup 32.15kWh 200A BMS 7"" Display $3569 AC + Free Shipping

ECO-WORTHY via AliExpress. Ships from US warehouse.

Apply coupon JJX80Dfor $80 off at che",Slickdeals.net,Unknown,News,2026-10-07T22:51:52.930969Z
b7a886fd83697137ada2d913fda4acef,EASUN POWER 4KW 110V Hybrid Solar Inverter 24V 140A MPPT 350VDC $178 AC + Free Shipping (0 replies),https://slickdeals.net/f/20092239-easun-power-4kw-110v-hybrid-solar-inverter-24v-140a-mppt-350vdc-178-ac-free-shipping,travisshyn,2026-10-03T12:29:45Z,shipping rates,"EASUN POWER 4KW 110V Hybrid Solar Inverter 24V 140A MPPT 350VDC $178 AC + Free Shipping

EASUN POWER via AliExpress. Ships from US warehouse.

Apply coupon JJX23D or VUSHS23 for $23 off at checkout

F",Slickdeals.net,Unknown,News,2026-10-07T22:51:52.931004Z
3534b089913e6638196500bb83534717,Whales can’t hear each other in the noisy ocean. This inventor has a solution 200 years in the making.,https://www.popsci.com/environment/boat-propeller-whales-noise-pollution/,Mack DeGeurin,2026-10-03T12:01:00Z,shipping rates,"A new type of boat propeller could turn down the volume.
The post Whales can’t hear each other in the noisy ocean. This inventor has a solution 200 years in the making. appeared first on Popular Science.",Popular Science,Unknown,News,2026-10-07T22:51:52.931052Z
ee0a8509148d4d1d910782ccbec4259a,ZoomInfo Ships Agent Teams Inside Its Existing Platform With No New Fee – the First GTM Data Vendor to Bundle Agent Orchestration,https://forkast.news/zoominfo-ships-agent-teams-inside-its-existing-platform-with-no-new-fee-the-first-gtm-data-vendor-to-bundle-agent-orchestration/,Dana Ellison,2026-10-03T09:25:02Z,shipping rates,"ZoomInfo, the publicly traded GTM data and intelligence platform, announced Agent Teams on October 1, a native AI agent orchestration layer built directly into its existing GTM Studio environment. The feature requires no new SKU, no separate contract, and no …",Forkast.news,Unknown,News,2026-10-07T22:51:52.931124Z
63101c72f3bde0ebf4b6cdf10f395dcc,Cuisinart 3-Cup Mini Prep Plus Food Chopper for $22 + free shipping,https://www.dealnews.com/Cuisinart-3-Cup-Mini-Prep-Plus-Food-Chopper-for-22-free-shipping/22238562.html,,2026-10-03T09:09:20Z,shipping rates,"With promo code ""266300"", this Cuisinart Mini Prep Plus Food Chopper drops to $22 today only, down from $45. Its chopping performance rates very good in Consumer Reports testing and it's at the best price we could find by at least $3. Buy Now at HSN
 Feature…",Dealnews.com,Unknown,Market Report,2026-10-07T22:51:52.931168Z
8ba02a6eb9a494e4921e0c6ed363db13,Why Muse May Never Need Ads,https://www.mbi-deepdives.com/no-ads-muse/,fredcavazza,2026-10-03T05:47:01Z,shipping rates,"It didn’t take too long for the app layer to start to respond to Muse. Amazon, of course, already blocked Muse. While it remains to be seen how such dispute gets resolved, we are starting to see app layers amping up their shipping speed. Just yesterday, DoorD…",Mbi-deepdives.com,Unknown,News,2026-10-07T22:51:52.931212Z
0c458a28eb1dc955620e9b46b5078522,"The $1 Million Tanker Was Just The Start: Every Crude Freight Index Hits Record High As Hormuz ""Works"" Too Well",https://biztoc.com/x/0a00462544688652,zerohedge.com,2026-10-06T18:54:43Z,freight rates,"The $1 Million Tanker Was Just The Start: Every Crude Freight Index Hits Record High As Hormuz ""Works"" Too Well
 
Just when we thought crude tanker rates couldn't go any higher, they did - again.
A week ago, a record million dollars a day charter for a supert…",Biztoc.com,Unknown,Market Report,2026-10-07T22:51:53.478426Z
e404015c021a5376f43e25f6a0d49006,Transportation Leaders See AI Moving From Experiment to Operating Model at the Descartes Innovation Forum,https://logisticsviewpoints.com/2026/10/06/transportation-leaders-see-ai-moving-from-experiment-to-operating-model-at-the-descartes-innovation-forum/,Jim Frazer,2026-10-06T17:24:39Z,freight rates,"For the past few years, transportation executives have had to manage through one disruption after another: excess capacity, collapsing rates, driver shortages, rising fuel costs, fraud, cargo theft, shifting regulations, and increasingly demanding customers. …",Logisticsviewpoints.com,Unknown,Market Report,2026-10-07T22:51:53.478550Z
64d09f591b3d877fc8e1508460f34cfb,/C O R R E C T I O N -- Upstage AI/,https://www.prnewswire.com/news-releases/upstage-launches-studio-advancing-intelligent-document-processing-from-data-extraction-to-business-action-302899734.html,,2026-10-06T17:12:00Z,freight rates,"In the news release, Upstage Launches Studio, Advancing Intelligent Document Processing from Data Extraction to Business Action, issued 06-Oct-2026 by Upstage AI over PR Newswire, we are advised by the company that additional hyperlinks have been added to the…",PRNewswire,Unknown,News,2026-10-07T22:51:53.478597Z
8af201c9c4ad6bf2e43056e37c0aa0d5,The Hidden Cost of Saudi Arabia’s Oil Export Recovery,https://oilprice.com/Energy/Crude-Oil/The-Hidden-Cost-of-Saudi-Arabias-Oil-Export-Recovery.html,Tom Kool,2026-10-06T16:05:00Z,freight rates,Brent holds near $100 as recovering Gulf oil flows collide with record freight costs and mounting tanker risks. Asia’s Product Market Loses Its Chinese Safety Valve - China has been at the forefront of this month’s refined product rally after the country’s Mi…,OilPrice.com,China,Market Report,2026-10-07T22:51:53.478696Z
fe498413f6b8af1bfbe3bfd408dd754f,"Texas's Most Dangerous Highways for Truck Accidents, According to New Analysis",https://www.prnewswire.com/news-releases/texass-most-dangerous-highways-for-truck-accidents-according-to-new-analysis-302898918.html,,2026-10-06T14:36:00Z,freight rates,"A new analysis of TxDOT data byby Angel Reyes & Associates ranks stretches of Texas highway by truck crash and fatality rates, with the Permian Basin leading both lists DALLAS, Oct. 6, 2026 /PRNewswire/ -- A new analysis by personal injury law firm Angel Reye…",PRNewswire,Unknown,Analysis/Opinion,2026-10-07T22:51:53.478824Z
9929750ef424ec5be224305dbbcd358e,Comdata Launches Integrated Fuel and Factoring Platform Built For Trucking,https://financialpost.com/pmn/business-wire-news-releases-pmn/comdata-launches-integrated-fuel-and-factoring-platform-built-for-trucking,Business Wire,2026-10-06T13:47:55Z,freight rates,"Industry veterans unite to give trucking fleets deep diesel savings and same-day1 invoice funding in one seamless solution BRENTWOOD, Tenn. — Comdata announced today the launch of Comdata MAX, an integrated fuel card and freight factoring platform. Comdata MA…",Financial Post,Unknown,News,2026-10-07T22:51:53.478908Z
73517d940f45091362d97ba32ce33ff5,"Trucks, tractors power H1 auto growth, but September shows fortunes diverging",https://www.thehindubusinessline.com/companies/trucks-tractors-power-h1-auto-growth-but-september-shows-fortunes-diverging/article71551541.ece,Amit Vijay  Mohile,2026-10-06T13:37:58Z,freight rates,"India’s truck and tractor markets have grown by nearly a fifth in the first half of FY27, signalling strength across freight and farm-linked demand. But, September has revealed a widening split in momentum.",BusinessLine,India,Market Report,2026-10-07T22:51:53.478927Z
cf3a1f74435177eff0e08492958d6152,"Disneyland Raises Prices on Some Park Tickets & Lightning Lanes, Surprisingly Skips Increases on Others",https://www.disneytouristblog.com/disneyland-raises-prices-on-some-park-tickets-lightning-lanes-surprisingly-skips-increases-on-others/,Tom Bricker,2026-10-06T10:12:44Z,freight rates,"Price increases have hit Disneyland! Overnight, Disney raised rates on Lightning Lanes and regular park admission for October 2026 through 2027. However, the more interesting story is arguably what did not go up at all, with some products and tiers completely…",Disneytouristblog.com,Unknown,Market Report,2026-10-07T22:51:53.479008Z
52bcf25822a0c05faae7005eae7a46c0,SP 500 closes in on record high as tech rallies,https://financialpost.com/investing/sp-500-near-record-high-tech-rallies,Bloomberg News,2026-10-05T19:31:03Z,freight rates,"A rally in giant technology companies drove stocks higher, overshadowing concerns about still-elevated oil prices and bond yields. Read on",Financial Post,Unknown,Market Report,2026-10-07T22:51:53.479104Z
7ac8e74003b725c25ae2707ce4aed460,US stocks: Nasdaq hits record as megacap gains offset elevated Treasury yields,https://economictimes.indiatimes.com/markets/us-stocks/wall-street-guide/us-stocks-nasdaq-hits-record-as-megacap-gains-offset-elevated-treasury-yields/articleshow/134707900.cms,ETMarkets.com,2026-10-05T13:56:20Z,freight rates,"On Monday, the S&P 500 gained ground and the Nasdaq Composite hit a historic high, propelled by heavyweight stocks. The technology sector led this upward trend, thanks to impressive performance from Nvidia, Meta Platforms, Microsoft, and Tesla. However, the D…",The Times of India,Unknown,News,2026-10-07T22:51:53.479384Z
baf68bd9db1c4754b0d48f7139c1786b,Rising dry-fruit prices push consumers towards cashews,https://www.thehindubusinessline.com/economy/agri-business/rising-dry-fruit-prices-push-consumers-towards-cashews/article71546513.ece,V  Sajeev Kumar,2026-10-05T10:53:24Z,freight rates,"Drop in output in origins, higher freight rates push up prices of varieties such as pistachios, almonds; trade sees reduced offtake on higher prices this festive season",BusinessLine,Unknown,Market Report,2026-10-07T22:51:53.479518Z
40ef2c0f1322ce3fa4b871a7531876d4,Double Trouble at the Dinner Table: When will food prices normalise for Indians,https://economictimes.indiatimes.com/news/economy/indicators/food-inflation-india-2026-when-will-food-prices-fall-economists-weigh-on-double-trouble-at-the-dinner-table/articleshow/134611076.cms,Manvi Pant,2026-10-05T04:38:45Z,freight rates,"India’s food inflation: Food prices are rising unevenly, impacting household budgets, while inflation is projected to persist in upcoming months. Economists expect food inflation to reach up to 7% in the near future due to various factors. Weather risks, part…",The Times of India,India,Market Report,2026-10-07T22:51:53.479641Z
9d9b270621041905b358c31376a26613,"Airlines take aim at energy companies, grateful for $5.7 million Govt funding; should NZ subsidise airlines?",https://www.nzherald.co.nz/business/companies/airlines/airlines-take-aim-at-energy-companies-but-grateful-after-new-57-million-govt-funding-should-nz-give-subsidies-to-airlines/premium/RCWN3AROKFA5JJ7JRYHV7OFNHM/,John Weekes,2026-10-05T04:00:00Z,freight rates,"Airline boss says smart, transparent system is better than 'throwing money' around.",New Zealand Herald,Unknown,News,2026-10-07T22:51:53.479673Z
d020a8939af7de0f0f65cc86798fcece,Saudi Arabia Unexpectedly Cuts Oil Prices To Asia,https://gcaptain.com/saudi-arabia-unexpectedly-cuts-oil-prices-to-asia/,Reuters,2026-10-05T01:09:57Z,freight rates,By Yomna Ehab and Siyi Liu Oct 5 (Reuters) – Saudi Arabia has unexpectedly cut November crude oil prices for Asia while it raised those for northwest Europe and the...,gcaptain.com,Unknown,Market Report,2026-10-07T22:51:53.479712Z
be1e100b9d4bf22774a647f3f6129c55,"US-China truce extension lifts 4Q freight rates, tightens capacity",https://www.digitimes.com/news/a20261002PD229/donald-trump-capacity-xi-jinping-market-demand.html?chid=10,Yunnie Cheng,2026-10-04T23:45:18Z,freight rates,"After US President Donald Trump met Chinese President Xi Jinping, the two sides agreed to extend their trade truce, a move the market read positively. Industry participants expect previously delayed China-US shipments to be released gradually, pushing freight…",Digitimes,China,Market Report,2026-10-07T22:51:53.479728Z
56d71238d0afee14c4e4374b6d277821,RBI may hike repo rate by 25 bps as inflation and oil risks mount: Sunil Sanghai,https://economictimes.indiatimes.com/markets/stocks/news/rbi-may-hike-repo-rate-by-25-bps-as-inflation-and-oil-risks-mount-sunil-sanghai/articleshow/134672762.cms,ET CONTRIBUTORS,2026-10-04T09:40:04Z,freight rates,"The RBI could raise the repo rate by 25 basis points in October and signal further tightening as inflation, elevated crude prices and a narrowing rate gap with the US pressure the rupee. Strong reserves and a manageable current account provide crucial buffers.",The Times of India,Unknown,Market Report,2026-10-07T22:51:53.479843Z
3ad51995efb7aa754d6b71d0e75fd9d8,Truckload’s mixed signals,https://biztoc.com/x/bc938f2e15677454,finance.yahoo.com,2026-10-04T01:42:59Z,freight rates,"Chart of the Week: Accepted SONAR Tender Volume Index, National Truckload Index – USA SONAR: ASTVI.USA, NTI.USA
The truckload market is giving mixed signals. Spot rates are rising quickly, but the freight carriers are actually moving is not. The Accepted SONA…",Biztoc.com,Unknown,Market Report,2026-10-07T22:51:53.479883Z
bae939e3ed3a014c139d17d0a8dc3e3d,"G7 to release 100 million barrels of oil and diesel, will it curb prices?",https://www.aljazeera.com/news/2026/10/3/g7-to-release-100-million-barrels-of-oil-and-diesel-will-it-curb-prices,Priyanka Shankar,2026-10-03T09:27:38Z,freight rates,Global energy prices have been soaring due to the US and Israel's war on Iran and Russia's war on Ukraine.,Al Jazeera English,Russia,Market Report,2026-10-07T22:51:53.479927Z
aa74a906a4e77c64e07b88f98008ff82,"RI bolsters safety management, oversight of overloaded vehicles",https://en.antaranews.com/news/433988/ri-bolsters-safety-management-oversight-of-overloaded-vehicles,"Muhammad Harianto, Raka Adji",2026-10-03T09:16:25Z,freight rates,The Indonesian Ministry of Transportation is bolstering safety management systems for public transport operators (SMK PAU) and stepping up oversight against ...,Antaranews.com,Indonesia,News,2026-10-07T22:51:53.479955Z
91dddd9bfe7fab02117b14778a89e9d9,"Nayara Energy hikes petrol by Rs 5, diesel by Rs 3",https://www.moneycontrol.com/news/business/nayara-energy-hikes-petrol-by-rs-5-diesel-by-rs-3-14043773.html,Pti,2026-10-03T08:22:04Z,freight rates,The latest increase comes amid renewed pressure on fuel retailers from higher global energy prices and follows a series of price adjustments by Nayara this year as refiners grapple with the impact of geopolitical disruptions on crude and product markets.,Moneycontrol,Global,Market Report,2026-10-07T22:51:53.479988Z
637e7fc17c46fe055caa6db98c38363e,"Nayara Energy raises petrol price by Rs 5, diesel by Rs 3",https://economictimes.indiatimes.com/industry/energy/oil-gas/nayara-energy-raises-petrol-price-by-rs-5-diesel-by-rs-3/articleshow/134653793.cms,ET Online,2026-10-03T06:55:44Z,freight rates,"Nayara Energy has raised petrol prices by Rs 5 a litre and diesel by Rs 3 across its more than 7,000 fuel stations as higher crude and refined-product prices squeeze margins. The move could widen the price gap with state-run retailers, which have largely kept…",The Times of India,Unknown,Market Report,2026-10-07T22:51:53.480030Z
4327985c642e5d640120fe6320009a95,"Nayara Energy hikes petrol by ₹5, diesel by ₹3",https://www.thehindubusinessline.com/markets/commodities/nayara-energy-hikes-petrol-by-5-diesel-by-3/article71539877.ece,PTI,2026-10-03T06:54:50Z,freight rates,The latest increase comes amid renewed pressure on fuel retailers from higher global energy prices and follows a series of price adjustments by Nayara this year as refiners grapple with the impact of geopolitical disruptions on crude and product markets,BusinessLine,Global,Market Report,2026-10-07T22:51:53.480067Z
6af94e543b688401ddcb419703c33c44,"Nayara Energy increases petrol price by ₹5 per litre, diesel by ₹3",https://www.business-standard.com/industry/news/nayara-energy-increases-petrol-price-by-5-per-litre-diesel-by-3-126100300246_1.html,Press Trust of India,2026-10-03T06:49:22Z,freight rates,"Nayara Energy, India's largest private fuel retailer, has raised petrol prices by Rs 5 per litre and diesel by Rs 3 with immediate effect, seeking to narrow the gap between retail prices and rising international oil and refined-product costs, people familiar …",Business Standard,India,Market Report,2026-10-07T22:51:53.480091Z
d5106fa6f83f50136c32da05bd81581d,India-to-US Shippers Scramble for Space Amid Container Capacity Crunch,http://wwd.com/sourcing-journal/logistics/india-us-vessel-space-container-shipping-msc-one-maersk-freight-rates-1239305261/,Glenn Taylor,2026-10-02T17:47:05Z,freight rates,"Ocean carrier network redesigns on the trade lane cut shipping capacity just as Indian exports saw strong summer growth, pushing spot rates to roughly $11,000 per 40-foot container.",WWD,India,Market Report,2026-10-07T22:51:53.480124Z
ac8f91fc437083259076fedb29bf6bd6,"Excruciating $1,000 cost of filling truck with diesel pushes drivers to the brink as Trump's hated Iran war triggers fuel price spike",https://www.dailymail.com/news/article-16178351/Excruciating-cost-truck-diesel-drivers-brink-Trumps-Iran-war-fuel-price-spike.html,Ananya Swaroop,2026-10-02T15:18:38Z,freight rates,One of the many side effects of President Donald Trump's stance on the war with Iran is the skyrocketing gas prices in America that is effecting everyday businesses.,Dailymail.com,USA,Market Report,2026-10-07T22:51:53.480146Z
22fe1a9d1a09825836a52411d7508bf3,A modest repo rate hike will be in order,https://www.thehindubusinessline.com/opinion/a-modest-repo-rate-hike-will-be-in-order/article71537802.ece,Rahul Mazumdar & Indranil  Mondal,2026-10-02T14:55:13Z,freight rates,"The MPC cannot disregard the broader tightening bias globally. Also, a hike will help RBI stay ahead of the inflation curve",BusinessLine,Global,News,2026-10-07T22:51:53.480178Z
a247eb8eac7846683218329f1cae8cf7,Trump vs Europe as US presses for release of emergency diesel stocks,https://www.aljazeera.com/news/2026/10/2/trump-vs-europe-as-us-presses-for-release-of-emergency-diesel-stocks,Priyanka Shankar,2026-10-02T13:16:44Z,freight rates,Europe's leaders are mulling proposals to respond to Trump's diesel demands.,Al Jazeera English,Unknown,News,2026-10-07T22:51:53.480206Z
92f56ac874bbe6ea0a5601b40bc563ec,Trials begin on automobile rake movement through Vallarpadam rail siding,https://www.thehindubusinessline.com/economy/logistics/trials-begin-on-automobile-rake-movement-through-vallarpadam-rail-siding/article71536439.ece,V  Sajeev Kumar,2026-10-02T12:49:02Z,freight rates,"The rake was unloaded and cleared in three hours and 15 minutes without affecting normal terminal operations, according to senior port officials.",BusinessLine,Unknown,News,2026-10-07T22:51:53.480240Z
bbd7b6ac77a0819af9551990772d89a3,"African nations begin to stock up rice on El Nino fears, Ukraine and Iran wars",https://www.thehindubusinessline.com/economy/agri-business/african-nations-begin-to-stock-up-rice-on-el-nino-fears-ukraine-and-iran-wars/article71534367.ece,Subramani Ra Mancombu,2026-10-02T12:25:17Z,freight rates,"African nations stockpile rice amid El Niño fears and wars, boosting Indian exports while freight and weather pressures raise global prices.",BusinessLine,India,Market Report,2026-10-07T22:51:53.480258Z
a3f307442e3a84f462ac0f21c6fe5672,Maruti Suzuki trials automobile rake movement through Vallarpadam rail siding,https://www.thehindubusinessline.com/economy/logistics/maruti-suzuki-trials-automobile-rake-movement-through-vallarpadam-rail-siding/article71536439.ece,V  Sajeev Kumar,2026-10-02T09:33:28Z,freight rates,"Cochin Port Authority has permitted Maruti Suzuki India Ltd (MSIL) to handle automobile rake movements through the ICTT rail siding at Vallarpadam, with the first trial rake carrying 119 cars successfully handled at the terminal.",BusinessLine,India,News,2026-10-07T22:51:53.480333Z
e10e39c98f26b11006f6d964826f2451,"Indian chemical sector recovery begins, but return on capital may take 2-3 years to recover: Equirus",https://economictimes.indiatimes.com/industry/indl-goods/svs/chem-/-fertilisers/indian-chemical-sector-recovery-begins-but-return-on-capital-may-take-2-3-years-to-recover-equirus/articleshow/134636250.cms,ANI,2026-10-02T09:32:47Z,freight rates,"India's chemicals sector is showing signs of recovery after a downturn in recent years. Median revenue across 72 listed companies grew by 22 percent year-on-year in the first quarter of FY27. However, established and newly commissioned plants operate at low c…",The Times of India,India,News,2026-10-07T22:51:53.480360Z
8fe864eab40ae02e5638b637c7cc71f5,Government extends RoDTEP export tax refund scheme by three months till December 31,https://economictimes.indiatimes.com/news/economy/policy/government-extends-rodtep-export-tax-refund-scheme-by-three-months-till-december-31/articleshow/134634817.cms,ANI,2026-10-02T07:57:42Z,freight rates,"The government has extended the RoDTEP scheme until December 31, 2026, to support exporters amid challenges. This extension maintains the existing reimbursement rates and value caps for various export units. The RoDTEP scheme reimburses taxes and duties that …",The Times of India,Unknown,Market Report,2026-10-07T22:51:53.480403Z
b1d29c3542205fdbe4dbb1004482de92,India needs integrated energy storage policy to build resilience against geopolitical shocks: S&P Global,https://economictimes.indiatimes.com/industry/energy/power/india-needs-integrated-energy-storage-policy-to-build-resilience-against-geopolitical-shocks-sp-global/articleshow/134631883.cms,ANI,2026-10-02T04:35:43Z,freight rates,Gauri Jauhar emphasizes the importance of energy resilience for India's future energy security and storage policies. An integrated framework for storage across various energy sources is essential for long-term stability. India's refining sector plays a crucia…,The Times of India,India,News,2026-10-07T22:51:53.480462Z
7ea1ac148b553b115079c5dd5beb4605,"'Snowball effect' hitting as companies react to rates rise, growing costs",https://www.abc.net.au/news/2026-10-02/regional-business-face-financial-turmoil-interest-rate-hike-qld/107221342,Olivia Nunes-Malek,2026-10-02T03:28:46Z,freight rates,"After multiple interest rate rises, regional business owners are being forced to choose between absorbing the costs or passing it onto their customers.",ABC News (AU),Unknown,Market Report,2026-10-07T22:51:53.480494Z
422ce50e97d721bf49264e76d4758df3,5 Energy ETFs That Have Soared in 2026,https://oilprice.com/Energy/Energy-General/5-Energy-ETFs-That-Have-Soared-in-2026.html,Alex Kimani,2026-10-02T00:00:00Z,freight rates,"With three quarters of the current year in the books, the U.S. stock market is on track for a fourth consecutive year of double-digit gains, with massive AI infrastructure spending coupled with exceptionally strong corporate earnings growth giving the market …",OilPrice.com,Unknown,Market Report,2026-10-07T22:51:53.480534Z
c23aae3a24a84b8a3b01c91dc8ccab3c,"Hapag-Lloyd Lifts Earnings Outlook, but Israel Sends ZIM Deal Back to the Drawing Board",http://wwd.com/sourcing-journal/logistics/hapag-lloyd-lifts-earnings-outlook-israel-zim-acquisition-freight-rates-1239299442/,Glenn Taylor,2026-10-01T20:52:00Z,freight rates,"Strong demand and elevated spot rates lifted the Hapag's annual forecast, but the carrier must now submit a more detailed merger proposal to Israeli regulators.",WWD,Unknown,Analysis/Opinion,2026-10-07T22:51:53.480565Z
e446422e59cd15098111ce60e12f942a,Asia-North America Air Cargo Demand Surges as Q4 Capacity Tightens,http://wwd.com/sourcing-journal/logistics/asia-north-america-air-cargo-demand-iata-q4-capacity-china-eu-de-minimis-1239302680/,Glenn Taylor,2026-10-01T20:40:23Z,freight rates,"Demand on the trade lane jumped 13.2 percent in August, while China's e-commerce air freight to Europe plunged 40 percent following the EU's July de minimis change.",WWD,China,News,2026-10-07T22:51:53.480581Z
6ca8566781e4ae9f0c2c4aaa10a701ab,Resilience Doesn’t Equal Security- Lloyd’s List,https://gcaptain.com/resilience-doesnt-equal-security-lloyds-list/,Lori Ann LaRocco,2026-10-01T17:53:57Z,freight rates,Strait of Hormuz transit data for the month of September reveals how the oil and container markets are tactically adjusting to the U.S./Israel war on Iran.,gcaptain.com,Unknown,Market Report,2026-10-07T22:51:53.480638Z
6f89764b88f9ddad5a9234c9b16dd0c7,Oil Is Again Flowing Out of Hormuz,http://foreignpolicy.com/2026/10/01/oil-strait-hormuz-iran-trump-war-gulf-gas-diesel-prices/,Keith Johnson,2026-10-01T17:48:13Z,freight rates,But the continued shortfall of refined products means little relief at the pump.,Foreign Policy,Unknown,News,2026-10-07T22:51:53.480664Z
fdce7e2d85923e13afb4dbb84d680181,Mumbai’s toll bill gets costlier for goods vehicles: New rates kick in at 5 entry points,https://timesofindia.indiatimes.com/city/mumbai/mumbais-toll-bill-gets-costlier-for-goods-vehicles-new-rates-kick-in-at-5-entry-points/articleshow/134624161.cms,Chittaranjan Tembhekar,2026-10-01T17:06:45Z,freight rates,"Mumbai has increased its entry toll, affecting various commercial vehicles crossing city entry points. Transporters are voicing concern over the additional cost, which may contribute to higher freight charges. The revised rates will have a significant impact …",The Times of India,India,Market Report,2026-10-07T22:51:53.480688Z
6ef6b58b77f031e6f0cde015a3e6902f,"October 2026 rule changes: No PUC, no fuel, higher Mumbai tolls, UPI charges and 4 more updates",https://economictimes.indiatimes.com/news/new-updates/october-2026-rule-changes-no-puc-no-fuel-higher-mumbai-tolls-upi-charges-and-4-more-updates/articleshow/134622696.cms,Trending Desk,2026-10-01T15:43:49Z,freight rates,"October 2026 brings seven rule and policy changes that could affect motorists, businesses and consumers across India. The updates include Delhi’s no-PUC, no-fuel rule, higher toll rates for commercial vehicles entering Mumbai, UPI charges on certain merchant …",The Times of India,India,Market Report,2026-10-07T22:51:53.480710Z
ff950fe2b5748fa6240e67dae5e580cc,"India Emphasizes That Shipping Chaos, Not Supply, Is Driving High Oil Prices",https://oilprice.com/Latest-Energy-News/World-News/India-Emphasizes-That-Shipping-Chaos-Not-Supply-Is-Driving-High-Oil-Prices.html,Charles Kennedy,2026-10-01T14:30:00Z,freight rates,"Oil prices are high not because the world is short on oil but because the trade routes have been severely disrupted, driving up freight and other costs, India’s Oil Minister Hardeep Singh Puri said.   “There's no supply shortage in the world. The world has 10…",OilPrice.com,India,Market Report,2026-10-07T22:51:53.480731Z
e774d13b4e3434f98b2a4da53874842a,Genesis of the transshipment scam,https://www.thehindubusinessline.com/opinion/genesis-of-the-transshipment-scam/article71533170.ece,Biswajit Dhar,2026-10-01T14:27:21Z,freight rates,"The Trump administration’s transshipment scam report released last month is an acknowledgment that his “Liberation Day” tariffs, unleashed on the world in April 2025 and in many later rounds, have failed. The burden of this report is that Chinese businesses c…",BusinessLine,China,Market Report,2026-10-07T22:51:53.480750Z
45a26fbf1976cad64a99ac398cf225e1,Nordic American Tankers CEO on the state of global shipping & freight rates,https://biztoc.com/x/a11c0f7de44ef335,youtube.com,2026-10-01T14:23:48Z,freight rates,Nordic American Tankers chairman & CEO Herbjorn Hansson discusses how demand is solidly holding up for the company's ...,Biztoc.com,USA,Market Report,2026-10-07T22:51:53.480768Z
189417b96d955b12c6529dff44553470,Disruption on supply routes driving up prices: Oil Minister,https://www.thehindubusinessline.com/economy/disruption-on-supply-routes-driving-up-prices-oil-minister/article71533147.ece,BL New Delhi Bureau,2026-10-01T13:36:08Z,freight rates,"Oil Minister Puri says no crude shortage globally; price hikes stem from disrupted routes and high freight, with India diversifying supply sources.",BusinessLine,India,Market Report,2026-10-07T22:51:53.480783Z
ff1a2ee0388a665316d0e45591b6d8a5,YMX Logistics and Outrider Establish Strategic Partnership to Accelerate Autonomous Yard Operations,https://www.prnewswire.com/news-releases/ymx-logistics-and-outrider-establish-strategic-partnership-to-accelerate-autonomous-yard-operations-302895923.html,,2026-10-01T12:47:00Z,freight rates,"Five-year commercial agreement simplifies enterprise adoption and scaling of Outrider self-driving yard trucks for YMX customers HENDERSON, Nev., and HENDERSON, Colo., Oct. 1, 2026 /PRNewswire/ -- YMX Logistics, a leading national provider of integrated yard …",PRNewswire,Unknown,News,2026-10-07T22:51:53.480834Z
85f82b18c2d02745b6e9f57bec712236,"India’s tea exports could decline 20% this year amid higher freight rates, logistics disruptions",https://www.thehindubusinessline.com/economy/agri-business/indias-tea-exports-could-decline-20-this-year-amid-higher-freight-rates-logistics-disruptions/article71532730.ece,Mithun Dasgupta,2026-10-01T12:24:38Z,freight rates,"India’s tea exports may fall about 20% this year due to soaring freight costs and logistics disruptions, despite steady demand.",BusinessLine,India,Market Report,2026-10-07T22:51:53.480853Z
18e98f35b713cd10056bfa4e66df5226,McCORMICK REPORTS SOLID THIRD QUARTER PERFORMANCE AND REAFFIRMS 2026 OUTLOOK,https://www.prnewswire.com/news-releases/mccormick-reports-solid-third-quarter-performance-and-reaffirms-2026-outlook-302895836.html,,2026-10-01T10:30:00Z,freight rates,"HUNT VALLEY, Md., Oct. 1, 2026 /PRNewswire/ -- McCormick & Company, Incorporated (NYSE:MKC), a global leader in flavor, today reported financial results for the third quarter ended August 31, 2026 and reaffirmed its outlook for fiscal 2026. Net Sales increase…",PRNewswire,Global,Analysis/Opinion,2026-10-07T22:51:53.480891Z
76080cd12ab63b05415e675dc01d0bc7,JPM Flags 'Remarkable Recovery' for Oil Market,https://www.rigzone.com/news/jpm_flags_remarkable_recovery_for_oil_market-01-oct-2026-184745-article/,Andreas Exarheas,2026-10-01T10:23:46Z,freight rates,"The Middle East's oil export arteries are flowing again, analysts at J.P. Morgan said.",Rigzone,Unknown,Market Report,2026-10-07T22:51:53.480917Z
23084801fe1332bbe1f1f7dd0455e5ec,"At 52-week lows: RIL, ONGC, M&M, Airtel, PB Fintech, 69 other BSE500 stocks",https://www.business-standard.com/markets/news/at-52-week-lows-ril-ongc-m-m-airtel-pb-fintech-69-other-bse500-stocks-on-thursday-126100100567_1.html,Deepak Korgaonkar,2026-10-01T08:40:25Z,freight rates,"The foreign institutional investors remained net sellers for the fifth consecutive session, offloading equities worth more than ₹10,148 crore on Wednesday, September 30, 2026.",Business Standard,Unknown,News,2026-10-07T22:51:53.480958Z
e4133216dd7c2119403f147f8be0ec0f,16 U.S. Trucking Companies File for Bankruptcy as Record Diesel Prices Squeeze Industry,https://www.naturalnews.com/2026-10-01-trucking-companies-file-bankruptcy-record-diesel-cost.html,Sterling Ashworth,2026-10-01T06:00:00Z,freight rates,"More than a dozen American trucking companies filed for bankruptcy in the past month, according to an industry news report. Some 16 firms, accounting for more than 250 jobs, filed for Chapter 7 or Chapter 11 proceedings, FreightWaves reported on Sept. 22, 202…",Naturalnews.com,USA,Market Report,2026-10-07T22:51:53.480981Z
ec76032476cb7bcd12594f496e1c9068,Higher entry/ exit toll for commercial vehicles in Mumbai to come into effect on October 1,https://www.thehindubusinessline.com/news/national/higher-entry-exit-toll-for-commercial-vehicles-in-mumbai-to-come-into-effect-on-october-1/article71531188.ece,PTI,2026-10-01T04:45:22Z,freight rates,"Mumbai toll hike for commercial vehicles from Oct 1 raises costs, with transporters warning higher freight will hit consumers.",BusinessLine,India,News,2026-10-07T22:51:53.481000Z
55d08eaede78c082ea99d9d3e86980bb,Iran’s Disappearing Oil Is Becoming Everyone’s Problem,https://oilprice.com/Energy/Crude-Oil/Irans-Disappearing-Oil-Is-Becoming-Everyones-Problem.html,Natalia Katona,2026-10-01T00:00:00Z,freight rates,"Iranian oil is disappearing from the market just as its biggest buyer returns for more. China’s recovering crude demand is colliding with the loss of a supplier that sustained its independent refiners through the crisis, forcing them to compete for increasing…",OilPrice.com,China,Market Report,2026-10-07T22:51:53.481015Z
e68c24cf7d824da1eaf918dc04bb63ec,Swiss glaciers suffer another year of record ice loss,https://www.npr.org/2026/09/30/nx-s1-5981403/swiss-glaciers-climate-change,Imogen Foulkes,2026-09-30T23:00:00Z,freight rates,"Switzerland's glaciers are disappearing at a record pace. More than 5% of their ice has vanished this year alone — threatening water supplies, ecosystems and communities across Europe.",NPR,Unknown,News,2026-10-07T22:51:53.481058Z
17cee734b149746364aaa1954be38e3c,Dover Operating Companies to Present Latest Technologies and Solutions at Premier Convenience and Fuel Retail Trade Show,https://www.prnewswire.com/news-releases/dover-operating-companies-to-present-latest-technologies-and-solutions-at-premier-convenience-and-fuel-retail-trade-show-302894574.html,,2026-09-30T20:15:00Z,freight rates,"DOWNERS GROVE, Ill., Sept. 30, 2026 /PRNewswire/ -- Dover (NYSE: DOV) today announced that several of its operating companies will showcase innovative technologies and solutions at the upcoming National Association of Convenience Stores Trade Show (""NACS Show…",PRNewswire,Unknown,News,2026-10-07T22:51:53.481123Z
a4a4b2d1928a58868bdb481903a23bc2,Mumbai entry/exit toll for commercial vehicles to rise from October 1; transporters fume,https://economictimes.indiatimes.com/news/mumbai-news/mumbai-entry/exit-toll-for-commercial-vehicles-to-rise-from-october-1-transporters-fume/articleshow/134600412.cms,PTI,2026-09-30T17:54:40Z,freight rates,"Mumbai's toll charges for commercial vehicles will increase from October 1, according to the Maharashtra State Road Development Corporation. Transporters are concerned that these hikes will ultimately raise freight charges for consumers. The new toll rates wi…",The Times of India,India,Market Report,2026-10-07T22:51:53.481148Z
8096d076f8f5d25fdd15d1bca8dd1c52,Europe Gets Hit by Another Energy-Driven Inflation Shock,https://oilprice.com/Energy/Energy-General/Europe-Gets-Hit-by-Another-Energy-Driven-Inflation-Shock.html,Charles Kennedy,2026-09-30T17:00:00Z,freight rates,"Europe’s latest energy shock is rapidly feeding into consumer prices, with inflation accelerating across some of the euro area’s largest economies and leaving the European Central Bank facing an increasingly uncomfortable policy dilemma. September data show p…",OilPrice.com,Unknown,Market Report,2026-10-07T22:51:53.481191Z
0fba15e0ac9bfcdf51edb063a4459862,AIMTC seeks total toll exemption for heavy commercial vehicles at Mumbai entry points,https://timesofindia.indiatimes.com/city/mumbai/aimtc-seeks-total-toll-exemption-for-heavy-commercial-vehicles-at-mumbai-entry-points/articleshow/134598796.cms,Manthan K Mehta,2026-09-30T16:34:45Z,freight rates,AIMTC is opposing the proposed increase in toll rates scheduled for October 1. They are seeking total exemption from toll charges for heavy commercial vehicles. The organization argues that rising operational costs already burden transporters and consumers al…,The Times of India,India,Market Report,2026-10-07T22:51:53.481213Z
49f625c0edea5b5680afe30b6df58cb8,Dow Edges Higher at Open as Cooler Inflation Data and Strong Hiring Ease Fears of an October Fed Rate Hike,https://www.ibtimes.com.au/wall-street-opens-higher-cooler-inflation-fed-rate-hike-1876084,Tony Jackson,2026-09-30T13:46:15Z,freight rates,"US stocks opened higher after cooler-than-expected inflation and stronger private payrolls reduced expectations of an October Federal Reserve rate hike, while oil prices and Treasury yields remained volatile.",Ibtimes.com.au,Unknown,Market Report,2026-10-07T22:51:53.481250Z
70e7ebb3227a9559e9eeb58d7d739354,WTI Discount to Brent Deepens,https://www.rigzone.com/news/wti_discount_to_brent_deepens-30-sep-2026-184736-article/,Andreas Exarheas,2026-09-30T11:40:33Z,freight rates,"'The spread is not just the result of Brent acquiring more geopolitical premium', Standard Chartered Bank Energy Research Head Emily Ashford said.",Rigzone,Unknown,News,2026-10-07T22:51:53.481281Z
42e086eb93e236903c6270b8c54d6822,"Analysts Cut China's Q4 Crude Import Forecasts by 400,000 Bpd",https://oilprice.com/Latest-Energy-News/World-News/Analysts-Cut-Chinas-Q4-Crude-Import-Forecasts-by-400000-Bpd.html,Tsvetana Paraskova,2026-09-30T11:30:00Z,freight rates,China is not expected to materially boost its crude oil imports through the end of the year as oil prices surged above $100 per barrel again and independent refiners struggle to procure cheaper supply amid the near-disappearance of Iranian barrels. China is o…,OilPrice.com,China,Analysis/Opinion,2026-10-07T22:51:53.481294Z
8cefec023d55419a368a27e3e386bc9e,TERI study finds CNG has lower lifecycle environmental burden than EVs under India's current power mix,https://economictimes.indiatimes.com/industry/energy/oil-gas/teri-study-finds-cng-has-lower-lifecycle-environmental-burden-than-evs-under-indias-current-power-mix/articleshow/134589691.cms,ANI,2026-09-30T09:42:05Z,freight rates,"As India steps up efforts to accelerate electric mobility and reduce its dependence on imported crude oil, a new study by The Energy and Resources Institute (TERI) has found that compressed natural gas (CNG) currently has a lower overall lifecycle environment…",The Times of India,India,News,2026-10-07T22:51:53.481321Z
2c62a2f1521816956535293ce7836654,"The embassy, the Vertical Corridor and the WSJ, the cabinet measures, complaints about opinion polls, the foundations at Maximos Mansion, and Saint Kyriakos the (non-)hermit",https://en.protothema.gr/2026/09/30/the-embassy-the-vertical-corridor-and-the-wsj-the-cabinet-measures-complaints-about-opinion-polls-the-foundations-at-maximos-mansion-and-saint-kyriakos-the-non-hermit/,Αλεξία Αμβράζη,2026-09-30T04:44:16Z,freight rates,"Hello all. I owe you some information I promised on the matter that surfaced a few days ago, when a WSJ report claimed that the US ambassador in Athens, Guilfoyle, said at a lunch at her residence, in front of ministers and Greek and American officials, somet…",Protothema.gr,USA,Analysis/Opinion,2026-10-07T22:51:53.481343Z
c3e41531cd291adbdbc773acdfd6648c,Nifty 50 logs worst September performance in 8 years as 40 stocks slide,https://www.business-standard.com/markets/news/nifty-50-logs-worst-september-performance-in-8-years-as-40-stocks-slide-126093000095_1.html,Heena Ojha,2026-09-30T01:46:02Z,freight rates,"The sell-off was driven by high US bond yields, a strong dollar, FPI outflows, crude oil concerns and weakening domestic growth signals.",Business Standard,Unknown,News,2026-10-07T22:51:53.481378Z
27c49523bc83c5bf3981fd4b9f7cfea0,Revolut’s commercial real estate lending chief exits,https://thenextweb.com/news/revolut-property-lending-exit-ipo,Cristian Dina,2026-10-06T15:59:24Z,charter rates,"Duncan Batty, hired from M&G Investments in January 2025 to build Revolut’s commercial real estate lending business, has left the company, with his departure appearing in Companies House filings and confirmed by a spokesperson. Neither a reason nor a successo…",The Next Web,Unknown,News,2026-10-07T22:51:54.106650Z
6a2f51d8571024aceea8dd65cea5b512,Tankers Sought as Iraq Pushes On with Hormuz Oil Exports,https://www.rigzone.com/news/wire/tankers_sought_as_iraq_pushes_on_with_hormuz_oil_exports-06-oct-2026-184778-article/,Salma El Wardany & Khalid Al-Ansary,2026-10-06T08:10:15Z,charter rates,"Iraq is set to hire additional tankers, with at least two arriving over the next few days as the country looks for greater control over moving its oil through the heavily contested Strait of Hormuz.",Rigzone,Unknown,News,2026-10-07T22:51:54.106771Z
ae9469cc011b1db34c305a3b374a7cbe,ASX 200 Rises for Third Day as Property Stocks Rebound Despite Consumer Sentiment Plunge After RBA Hike,https://www.ibtimes.com.au/australian-shares-rise-consumer-confidence-collapse-1876308,Mike Clair,2026-10-06T06:23:14Z,charter rates,"Australian shares extended their recovery, with the S&P/ASX 200 rising 0.57% as property stocks and miners advanced despite sharply weaker consumer confidence following the RBA's rate hike.",Ibtimes.com.au,Australia,News,2026-10-07T22:51:54.106790Z
5a35058292bf84b6ebe286f986013d3e,LeBron James Took a Helicopter to New York After His First Sixers Scrimmage and a Full-Season Commute Could Cost $804K,https://wealthofgeeks.com/lebron-james-took-a-helicopter-to-new-york-after-his-first-sixers-scrimmage-and-a-full-season-commute-could-cost-804k/,Mija Markovic,2026-10-05T12:17:06Z,charter rates,"LeBron James finished his first public scrimmage as a Philadelphia 76er on Saturday, praised the progress of his new team and then headed for Manhattan ... Read More",Wealthofgeeks.com,Unknown,News,2026-10-07T22:51:54.106875Z
f554bbd7f3830aea07bf47b298df40d7,"Cancer experts issue call for 250,000 volunteers to record diets in bid to discover why UK has one of the fastest-rising rates",https://www.gbnews.com/health/cancer-volunteers-record-diets-rates,Bill Bowkett,2026-10-05T08:01:19Z,charter rates,A major new research initiative is being launched to tackle the alarming surge in bowel cancer amongst younger adults across Britain. The Prospect-UK trial will recruit a quarter of a million participants nationwide.Researchers from King's College London have…,Gbnews.com,UK,Market Report,2026-10-07T22:51:54.106963Z
abe8c7493b10bb817350765a73c1b7a4,"Exclusive — President of Cyprus: ‘Sky Is the Limit’ for Bilateral Relations with USA, Trump Has ‘Unique Advantage’ in Negotiations Because ‘You Know Where You Stand’ with POTUS",https://www.breitbart.com/politics/2026/10/04/exclusive-president-of-cyprus-sky-is-the-limit-for-bilateral-relations-with-usa-trump-has-unique-advantage-in-negotiations-because-you-know-whe/,Matthew Boyle,2026-10-04T23:38:28Z,charter rates,"NEW YORK — President of Cyprus Nikos Christodoulides told Breitbart News exclusively on the sidelines of the United Nations General Assembly that American President Donald Trump has a “unique advantage” in world affairs.
The post Exclusive — President of Cypr…",Breitbart News,USA,News,2026-10-07T22:51:54.107004Z
fc17a5a543eca022f74ae4f675998673,Retention Marketing: How to Build a Retention-First Growth Engine | Gameball Blog,https://www.gameball.co/blog/retention-marketing,Gameball Staff,2026-10-04T19:31:12Z,charter rates,"Retention marketing works when it runs like a channel, with an owner, a budget and a forecast. This guide covers the four retention loops (lifecycle email, loyalty, referral and win-back), how to size each one, and the holdout test that proves the revenue is …",Gameball.co,Unknown,Analysis/Opinion,2026-10-07T22:51:54.107047Z
4e95ecd9dcaca28e9fa0fc9ee58a4d91,The City That Brought Down an ICE Airline,https://prospect.org/2026/10/02/ice-airline-omni-air-chicago-trump-third-country-deportation-flights/,Gillian Brockell,2026-10-02T14:54:18Z,charter rates,"In Chicago, progressive alderpeople held up a city contract until a private equity firm was forced to dispatch Omni Air International, protecting thousands of immigrants from deportation.
The post The City That Brought Down an ICE Airline appeared first on Th…",The American Prospect,Global,News,2026-10-07T22:51:54.107094Z
a5d34d2bcb7371cbf51a78e70cdbb517,"GHA Discovery D$5 App Booking Bonus Extended Until December 31, 2026",https://loyaltylobby.com/2026/10/02/gha-discovery-d5-app-booking-bonus-extended-until-december-31-2026/,John Ollila,2026-10-02T06:14:35Z,charter rates,"Global Hotel Alliance (GHA) continues to offer an app booking bonus that was briefly suspended last year and is now active through December 31, 2026 (originally scheduled to expire on June 30 and then on September 30). GHA Discovery members who book using the…",Loyaltylobby.com,Global,News,2026-10-07T22:51:54.107157Z
efdc4f8b87da63f3876dc68c0de5a513,6 ASX REITs just hit 52-week lows. Do any brokers say buy?,https://www.fool.com.au/2026/10/02/6-asx-reits-just-hit-52-week-lows-do-any-brokers-say-buy/,Bronwyn Allen,2026-10-02T05:07:30Z,charter rates,"Several ASX real estate investment trusts (REITs) have hit 52-week lows as the property sector underperforms the market on Friday. …
The post 6 ASX REITs just hit 52-week lows. Do any brokers say buy? appeared first on The Motley Fool Australia.",Motley Fool Australia,Australia,Market Report,2026-10-07T22:51:54.107179Z
1580c6440a2d8fefdbeb6bfc4c3ef307,Everyone’s Asking the Wrong Questions About AI and Education,https://www.nakedcapitalism.com/2026/10/everyones-asking-the-wrong-questions-about-ai-and-education.html,Yves Smith,2026-10-01T14:08:56Z,charter rates,The debate over AI in schools overlooks whether disadvantaged students have the means to learn.....but still puts too much faith in AI.,Nakedcapitalism.com,Unknown,News,2026-10-07T22:51:54.107257Z
72718d859f3aae05bb844ecbb0ba9b59,Agility and FORT Robotics Announce Strategic Partnership to Advance Humanoid Robot Safety,https://www.prnewswire.com/news-releases/agility-and-fort-robotics-announce-strategic-partnership-to-advance-humanoid-robot-safety-302895323.html,,2026-10-01T11:00:00Z,charter rates,"New Offboard Safety Bridge Extends Agility and FORT's Safety Architecture to Digit 5 SALEM, Ore. and PHILADELPHIA, Oct. 1, 2026 /PRNewswire/ -- Agility Robotics, a leading humanoid robotics and physical AI company, and FORT Robotics, a safety platform buildin…",PRNewswire,Unknown,News,2026-10-07T22:51:54.107306Z
1686b5f077c4c9d026b88993b895e082,When Care Gets a Charter,https://urbanomnibus.net/2026/09/when-care-gets-a-charter/,Sasha Portis,2026-09-30T18:59:39Z,charter rates,"Will a new Business Improvement District bring stability and support to East Harlem's placekeepers, or does it spell the end of community stewardship and power?
The post When Care Gets a Charter appeared first on Urban Omnibus.",Urbanomnibus.net,Unknown,News,2026-10-07T22:51:54.107393Z
63f6dc4ad476f49d44b7fe374c1f4cc1,"Sensex today | Stock Market Highlights: Stock markets fall for 3rd day; Nifty down 96 points, Sensex slips to 72,480",https://www.thehindubusinessline.com/markets/sensex-nifty50-today-stock-market-highlights-30-september-2026/article71523523.ece,"Team BL, KS Badri Narayanan",2026-09-30T10:58:42Z,charter rates,"Sensex, Nifty, Share Prices Highlights: Market benchmark indices Sensex and Nifty ended lower on Wednesday, extending losses for the third straight day, as firm crude oil prices, elevated global bond yields and foreign fund outflows made investors jittery.",BusinessLine,Global,Market Report,2026-10-07T22:51:54.107430Z
6d9e9b93f4aaee96d328af94e56caaaa,Charter Hall Shares Soar 6.4% as Australian Property Stocks Stage Massive Rally on Hopes RBA Hikes Are Over,https://www.ibtimes.com.au/charter-hall-shares-rally-rba-rate-hikes-1876082,Tony Jackson,2026-09-30T06:52:08Z,charter rates,"Charter Hall shares rose 6.4% as falling bond yields and dovish RBA signals sparked a broad rebound in Australian property stocks, despite persistent sector risks.",Ibtimes.com.au,Australia,News,2026-10-07T22:51:54.107448Z
5e1168c3186af66f11b7d2510cd70339,Oil tanker ablaze after sea-drone attack off Russian Black Sea coast,https://www.rt.com/news/646852-sochi-oil-tanker-drone-attack/,RT,2026-10-06T22:39:16Z,maritime transport,"A Liberian-flagged oil tanker has caught fire off Russia’s Black Sea coast after being attacked by unmanned boats near Sochi, the Russian Transport Ministry has said.",RT,Russia,News,2026-10-07T22:51:54.976868Z
14106eed4f69730bb0d6c3d9e14e947b,Lamu boat Artisans face Health risks working without basic protective gear,https://mjengohub.co.ke/articles/alerts/lamu-boat-artisans-face-health-risks-working-without-basic-protective-gear,Faith Benter,2026-10-06T20:48:07Z,maritime transport,Informal boatbuilders across Lamu handle toxic chemical resins and fiberglass dust without protective masks or gloves.,Mjengohub.co.ke,Unknown,News,2026-10-07T22:51:54.976910Z
5781083ae1ef2526c54f4637d6296d3f,South Korean Operator Emerges as New Force in Arctic LNG Shipping,https://gcaptain.com/south-korean-operator-emerges-as-new-force-in-arctic-lng-shipping/,Malte Humpert,2026-10-06T18:06:23Z,maritime transport,"New company takes on four Arc4 LNG carriers as Seoul looks to expand Busan’s role in Arctic shipping. A newly established South Korean ship manager is emerging as a potential new player in Arctic LNG shipping, taking control of four ice-class LNG carriers whi…",gcaptain.com,South Korea,News,2026-10-07T22:51:54.976949Z
44da6df1459903e2906fb431a4382b0c,Hormuz ship attacks surge: Are increased oil exports sustainable?,https://www.aljazeera.com/news/2026/10/6/hormuz-ship-attacks-surge-are-increased-oil-exports-sustainable,Usaid Siddiqui,2026-10-06T14:15:09Z,maritime transport,Gulf oil flows surge despite escalating ship attacks in the critical Strait of Hormuz energy corridor.,Al Jazeera English,Unknown,News,2026-10-07T22:51:54.977037Z
1d106e4f643bed556dd81aef0bb3edcd,Boats 'set for people smugglers' seized at airport,https://www.bbc.co.uk/news/articles/cme8r9267dpko,https://www.facebook.com/bbcnews,2026-10-06T09:26:19Z,maritime transport,The National Crime Agency says it is the first time the detection of small boat equipment has been made in air freight.,BBC News,Unknown,News,2026-10-07T22:51:54.977067Z
4c96296af6d09658cd9cddf0688299f6,The US said China was priming a trade superweapon. Then it vanished,https://economictimes.indiatimes.com/news/international/world-news/the-us-said-china-was-priming-a-trade-superweapon-then-it-vanished/articleshow/134720404.cms,Reuters,2026-10-06T01:11:16Z,maritime transport,"LOGINK, originally a project to improve cargo logistics, has seen its international efforts falter significantly. The platform lost key partnerships, withdrew from an international association, and is currently embroiled in legal disputes. Its operations hub …",The Times of India,China,News,2026-10-07T22:51:54.977170Z
9524ffaf42f8abee4a1cfd18b7a542e9,Here’s How Trump’s Using The Graham Act To Trap Russia And Crush Iran,https://oilprice.com/Energy/Crude-Oil/Heres-How-Trumps-Using-The-Graham-Act-To-Trap-Russia-And-Crush-Iran.html,Simon Watkins,2026-10-05T17:00:00Z,maritime transport,The signing of the Lindsey O. Graham Sanctioning Russia and Iran Act of 2026 by President Trump on 18 September gives him a huge economic lever to effect massive political change in what is effectively a turbocharged version of the ‘tariff diplomacy’ he has u…,OilPrice.com,Russia,News,2026-10-07T22:51:54.977203Z
1437321653141652a277012ebef4a014,Show HN: Open-Source Instinct,https://github.com/mariagorskikh/open-instinct,mariagorskikh,2026-10-05T16:15:36Z,maritime transport,"We’ve all heard that Instinct raised $1 billion to bring personal AI agents to everyone.But I think anyone can build their own Instinct for a specific group of people. You know your audience, understand what they need, and know how to reach them.So I built an…",Github.com,Unknown,News,2026-10-07T22:51:54.977250Z
0950976cc4eb7d822f7489ca2b5141cd,"NAHA PORT AUTHORITY, CRUISE PORT NAHA G.K., MSC CRUISES AND ROYAL CARIBBEAN GROUP BEGIN CONSTRUCTION OF NEW CRUISE TERMINAL AT NAHA PORT, OKINAWA",https://www.prnewswire.com/news-releases/naha-port-authority-cruise-port-naha-gk-msc-cruises-and-royal-caribbean-group-begin-construction-of-new-cruise-terminal-at-naha-port-okinawa-302898538.html,,2026-10-05T15:14:00Z,maritime transport,"The new terminal will support the long-term development of tourism in Okinawa, strengthen regional connectivity, and enhance the guest experience. NAHA, OKINAWA, Japan, Oct. 5, 2026 /PRNewswire/ -- Naha Port Authority, Cruise Port Naha G.K., Royal Caribbean G…",PRNewswire,Japan,News,2026-10-07T22:51:54.977288Z
b044263224b441ec65bc3b13951de211,Nicaragua and the US Hemispheric Doctrine,https://www.globalresearch.ca/nicaragua-us-hemispheric-doctrine/5942679,Stephen Sefton,2026-10-05T15:02:19Z,maritime transport,"Due to its geographical location in the middle of the Central American isthmus, Nicaragua’s stability and security have been an essential factor for the economic development of the region. 
This reality was demonstrated during the failed coup attempt of 2018 …",Globalresearch.ca,USA,News,2026-10-07T22:51:54.977316Z
f535b9c8eee03518d0506d8b604b1280,From Residue to Resource – the Rise and Risks of Marine Biofuels,https://gcaptain.com/from-residue-to-resource-the-rise-and-risks-of-marine-biofuels/,gCaptain,2026-10-05T13:27:34Z,maritime transport,"By Mark Smith, Director – Decarbonisation, NorthStandard While corn, sugarcane, wheat, or vegetable oils can be converted into fuel, their use for foodis driving demand to develop waste or bi-products from agricultural, forestry, food-processing and other bio…",gcaptain.com,Unknown,News,2026-10-07T22:51:54.977386Z
795ecba78f468ffc78a6731d397e83a8,"Loving, lustful portraits from New York’s West Village",https://www.dazeddigital.com/art-photography/article/71118/1/stanley-stellar-dont-worry-boys-photo-book-interview-new-york-queer?utm_source=Link&utm_medium=Link&utm_campaign=RSSFeed&utm_term=loving-lustful-portraits-from-new-york-s-west-village,Madeleine Pollard,2026-10-05T11:17:00Z,maritime transport,"‘It was a total sexual world down there’: Stanley Stellar’s new photo book, Don’t Worry Boys, presents his ‘affectionate and beautiful’ pictures of gay men in Manhattan in the 1970s and 80s",Dazed,Unknown,News,2026-10-07T22:51:54.977427Z
feeaf43b4bc8227f44953c6a31f941d3,"Alfa Laval initiates full integration of Desmet to strengthen oils, fats and biofuel segments",https://www.prnewswire.com/news-releases/alfa-laval-initiates-full-integration-of-desmet-to-strengthen-oils-fats-and-biofuel-segments-302898131.html,,2026-10-05T06:18:00Z,maritime transport,"LUND, Sweden, Oct. 5, 2026 /PRNewswire/ -- Alfa Laval is initiating the process of fully integrating Desmet, bringing the two organizations and capabilities closer together as one strong global partner in process engineering solutions for the oils, fats and b…",PRNewswire,Global,News,2026-10-07T22:51:54.977478Z
c062db1dfff633d530262ada67f9d57c,Oil refiners have the leverage,https://www.irishtimes.com/world/2026/10/05/oil-refiners-us-and-china-have-the-leverage-amid-rising-fuel-prices/,Denis Staunton,2026-10-05T05:39:33Z,maritime transport,Donald Trump’s recent threat to halt diesel exports would have had calamitous consequences for Europe,The Irish Times,Unknown,News,2026-10-07T22:51:54.977514Z
4aa695eeef5d13f44def14b1750d54d1,APM Terminals calls for bankable green infrastructure projects,https://punchng.com/apm-terminals-calls-for-bankable-green-infrastructure-projects/,Punch Newspapers,2026-10-05T00:21:09Z,maritime transport,"APM Terminals Nigeria calls for collaboration to develop bankable green infrastructure projects to decarbonise the country’s maritime sector and boost the

Read More: https://punchng.com/apm-terminals-calls-for-bankable-green-infrastructure-projects/",The Punch,Unknown,News,2026-10-07T22:51:54.977563Z
90eda26ddcfde71b80a46f8bbe4ab867,NPA plans export reforms to boost foreign exchange,https://punchng.com/npa-plans-export-reforms-to-boost-foreign-exchange/,Punch Newspapers,2026-10-04T23:38:31Z,maritime transport,"The Nigerian Ports Authority has concluded plans to remove bottlenecks hampering non-oil exports to boost foreign exchange inflows into the economy.

Read More: https://punchng.com/npa-plans-export-reforms-to-boost-foreign-exchange/",The Punch,Unknown,News,2026-10-07T22:51:54.977602Z
9b812bb64d0f61440877aa6bd485b503,"Dwindling volunteer numbers put seafarers' rights at risk, charity says",https://www.abc.net.au/news/2026-10-05/seafarers-workers-rights-australian-ports/107208444,Violette Storm,2026-10-04T20:51:20Z,maritime transport,"Without volunteers at regional ports, seafarers would not be able to set foot on Australian soil between journeys.",ABC News (AU),Australia,News,2026-10-07T22:51:54.977616Z
e85b9cc485e8a1e8bf035064e1eac5b7,Mission Samudra: Keralam eyes port-led economic rise,https://www.thehindubusinessline.com/economy/logistics/mission-samudra-keralam-eyes-port-led-economic-rise/article71544827.ece,V  Sajeev Kumar,2026-10-04T18:39:36Z,maritime transport,Kerala’s Mission Samudra aims to transform the state into a global maritime hub with a ₹400-crore integrated logistics ecosystem centered on ports and multimodal connectivity.,BusinessLine,Global,News,2026-10-07T22:51:54.977657Z
f5773a1034965d72ca9e784f75e7de1e,"Uniper, Biotrend Plan to Produce Biogas in Turkiye for Europe",https://www.rigzone.com/news/uniper_biotrend_plan_to_produce_biogas_in_turkiye_for_europe-04-oct-2026-184764-article/,Jov Onsat,2026-10-04T11:00:00Z,maritime transport,'The cooperation with Biotrend could open up a new source of renewable gas for European markets while further diversifying Uniper's portfolio'.,Rigzone,Unknown,Market Report,2026-10-07T22:51:54.977686Z
ead69436c42cca7b417a7855c41cf8d0,Port unions seek urgent measures to protect Indian seafarers on conflict routes,https://www.thehindubusinessline.com/economy/logistics/port-unions-seek-urgent-measures-to-protect-indian-seafarers-on-conflict-routes/article71543162.ece,BL Kochi Bureau,2026-10-04T07:34:45Z,maritime transport,Federation warns urgent maritime security and compensation measures are needed to protect Indian seafarers amid war-affected routes and port privatization concerns.,BusinessLine,India,News,2026-10-07T22:51:54.977706Z
aece6a32c72eba7f901de2a53c86f0e4,Mitsotakis: We will support society through the energy crisis,https://en.protothema.gr/2026/10/04/mitsotakis-we-will-support-society-through-the-energy-crisis/,Αλεξία Αμβράζη,2026-10-04T07:27:25Z,maritime transport,"Excerpt: In his Sunday message, Mitsotakis says heating oil measures will be announced before 15 October, with the situation reviewed every fortnight, while also addressing the storm damage in Crete and New Democracy's 52nd anniversary
The post Mitsotakis: We…",Protothema.gr,Unknown,Analysis/Opinion,2026-10-07T22:51:54.977792Z
7e94c130784ae3bb1a99f7bd487e61b9,"Affordable Kiwi holidays, councils and keeping pace with population growth – Letters",https://www.nzherald.co.nz/nz/letters-affordable-kiwi-holidays-councils-and-keeping-pace-of-population-growth/premium/UKKD6RAMPBDLRBSASTJZEBYSD4/,NZ Herald,2026-10-03T16:00:00Z,maritime transport,OPINION: Affordable Kiwi holidays are still there - but will they always be?,New Zealand Herald,Unknown,Analysis/Opinion,2026-10-07T22:51:54.977821Z
d0404482f3dc28e7f2186482d92868b4,"Police officers spot strange objects underwater, then make remarkable ancient discovery",https://www.foxnews.com/travel/police-officers-spot-strange-objects-underwater-remarkable-ancient-discovery,,2026-10-03T14:00:40Z,maritime transport,Police divers in Sardinia stumbled upon intact Roman artifacts on the seabed during a routine underwater safety operation off Porto Rotondo's coast.,Fox News,Unknown,News,2026-10-07T22:51:54.977858Z
d40bab128ebb709a510769d3dd0cc56d,Transporters protest illegal checkpoints along Lagos ports corridor,https://dailypost.ng/2026/10/03/transporters-protest-illegal-checkpoints-along-lagos-ports-corridor/,Sunday Dennis,2026-10-03T07:18:04Z,maritime transport,"The National Executive Council of the Council of Maritime Transport Unions and Associations, COMTUA, has accused the Lagos State Trucks and Cargo Operations Committee, LASTCOC, of disregarding a resolution reached at a peace meeting convened by the Commission…",Daily Post Nigeria,Unknown,News,2026-10-07T22:51:54.977907Z
ebb54fbdd5dbe940041d3d9dd6d16adc,SCI to help India achieve ambition of becoming top shipping nation: Sonowal,https://www.business-standard.com/industry/news/sci-to-help-india-achieve-ambition-of-becoming-top-shipping-nation-sonowal-126100300208_1.html,Press Trust of India,2026-10-03T06:21:10Z,maritime transport,"India is no longer content to only own ships but is determined to build them domestically, Union Minister Sarbananda Sonowal said, stressing that the country's largest commercial shipping company SCI will help India achieve its ambition of becoming a top ship…",Business Standard,India,News,2026-10-07T22:51:54.977934Z
1b7148e2d574bbe12d7adf505e84adaf,Sumati Morarjee: The woman who sailed against the tide,https://www.livemint.com/opinion/columns/sumati-morarjee-the-woman-who-sailed-against-the-tide-11790838218558.html,Sundeep Khanna,2026-10-03T00:30:42Z,maritime transport,"Sumati Morarjee looked upon shipping as more than just a business activity, seeing in it the potential for cultural exchange and for carrying Indian thought and spirituality to the world.",Livemint,India,News,2026-10-07T22:51:54.977954Z
4170bc73f37eeb35698797bd87edb3cc,"Three Dead, Two Missing After Rescue Boat Capsizes Off South Africa",https://gcaptain.com/three-dead-two-missing-after-rescue-boat-capsizes-off-south-africa/,Mike Schuler,2026-10-02T17:59:40Z,maritime transport,"Three seafarers have died and two remain missing after a rescue boat capsized during an emergency response from the South African emergency towing vessel Umkhuseli. The incident occurred Wednesday, September 30,...",gcaptain.com,South Africa,News,2026-10-07T22:51:54.977989Z
d0c6df9f30c21fc523186c09838f373b,"Europe to release huge share of its diesel reserves, says Trump, as G7 puts 100 million barrels on the market",https://en.protothema.gr/2026/10/02/europe-to-release-huge-share-of-its-diesel-reserves-says-trump-as-g7-puts-100-million-barrels-on-the-market/,Αλεξία Αμβράζη,2026-10-02T14:53:29Z,maritime transport,"US President says Europe has agreed to release a large share of its strategic diesel reserves, while the G7 says 100 million barrels will reach the market over the next four months
The post Europe to release huge share of its diesel reserves, says Trump, as G…",Protothema.gr,Unknown,Market Report,2026-10-07T22:51:54.978032Z
fdb5d46fa90c58bcf5af3d5c81b3dc1d,From Strategic Logic to Practical Implementation: A Phased Agenda for U.S.-ROK Shipbuilding Cooperation,https://www.rand.org/pubs/commentary/2026/10/from-strategic-logic-to-practical-implementation-a.html,"Miyeon Oh, Brittany Clayton",2026-10-02T13:35:00Z,maritime transport,"U.S.-ROK cooperation on shipbuilding should be structured so that it strengthens U.S. maritime industrial capacity, makes commercial sense for Korean shipbuilders, and survives the political and regulatory constraints on both sides.",Rand.org,South Korea,News,2026-10-07T22:51:54.978064Z
6c6a8996d9fb44004bc74da013735cdd,Trump’s Iran crackdown collides with NATO ally seeking access to America’s prized fighter jet,https://www.foxnews.com/world/trumps-iran-crackdown-collides-nato-ally-seeking-access-americas-prized-fighter-jet,,2026-10-02T10:00:09Z,maritime transport,"U.S.-sanctioned Iranian airlines made at least 83 flights into Turkey after a key Treasury deadline, the Foundation for Defense of Democracies says.",Fox News,USA,News,2026-10-07T22:51:54.978088Z
1780825dc9a30f5024c760f1cec07436,BRICS talks energy resilience. Time to make it real,https://www.rt.com/india/646632-brics-talks-energy-resilience-time/,RT,2026-10-02T07:45:52Z,maritime transport,India’s Russian oil policy offers the Global South nations a practical path on energy security Read Full Article at RT.com,RT,India,News,2026-10-07T22:51:54.978108Z
270e01f0178594930f22e476c5055bc0,Indonesia's Anak Krakatau volcano spawns two new islands after eruption,https://www.business-standard.com/world-news/indonesia-s-anak-krakatau-volcano-spawns-two-new-islands-after-eruption-126100200287_1.html,Bloomberg,2026-10-02T06:10:50Z,maritime transport,"The formations, discovered following a 25-hour eruption in early September, sit hundreds of meters off opposite sides of Anak Krakatau - one to the northwest and the other to the southeast",Business Standard,Indonesia,News,2026-10-07T22:51:54.978153Z
b09f9fc0e683b448a4d03c4c8b819db2,Erma Tech Group co-signs nine Waterborne Technology Roadmaps for Europe to 2050,https://www.naftemporiki.gr/english/2169613/erma-tech-group-co-signs-nine-waterborne-technology-roadmaps-for-europe-to-2050/,Νατάσα Στασινού,2026-10-02T04:49:04Z,maritime transport,"Erma Tech Group President Eleni Polychronopoulou has co-signed the nine Waterborne Technology Roadmaps for Europe to 2050, together with 18 other leading representatives of the European waterborne sector.
The event…
Erma Tech Group co-signs nine Waterborne Te…",Naftemporiki.gr,Unknown,News,2026-10-07T22:51:54.978202Z
9aa55cc6b4e9a0517b688d30f0fbe79d,Misinterpreting the 'Greater Israel Project',https://www.americanthinker.com/blog/2026/10/misinterpreting-the-greater-israel-project/,,2026-10-02T04:00:00Z,maritime transport,By Matthew G. Andersson,Americanthinker.com,Unknown,News,2026-10-07T22:51:54.978229Z
c893739f91e9e378699f4626d6a5197e,"Putin sees ‘very big potential’ in India ties, backs joint use of global trade corridors",https://economictimes.indiatimes.com/news/india/putin-sees-very-big-potential-in-india-ties-backs-joint-use-of-global-trade-corridors/articleshow/134631286.cms,ANI,2026-10-02T03:44:30Z,maritime transport,"Vladimir Putin highlighted significant potential for economic collaboration with India, particularly in transport and shipping corridors. He expressed readiness for joint maritime initiatives following successful pilot voyages with China and South Korea. Puti…",The Times of India,China,News,2026-10-07T22:51:54.978253Z
c57819689c047de8e1e223ce01b461b0,TFL employee 'shouts out free Palestine' by ticket barriers - before handing out flag stickers,https://www.dailymail.com/news/article-16176937/TFL-employee-shouts-free-Palestine-ticket-barriers-handing-flag-stickers.html,Francine Wolfisz,2026-10-02T00:46:26Z,maritime transport,The Transport for London was seen handing over a window sticker that featured the Palestinian Authority flag entwined with the logo of the RMT Union at an unnamed underground station.,Dailymail.com,UK,News,2026-10-07T22:51:54.978291Z
1578549cd7e3cd2f99a4866b7d7adcf6,West Africa: A new frontier for crystal meth production,https://punchng.com/west-africa-a-new-frontier-for-crystal-meth-production/,Punch Newspapers,2026-10-02T00:23:34Z,maritime transport,"The densely forested interior and vast coastlines of West Africa have emerged as a primary global frontier in the production and movement of methamphetamine. Or, as it is commonly known, Crystal Meth. Production and usage of the highly destructive drug has sp…",The Punch,Global,News,2026-10-07T22:51:54.978337Z
a3bdca2e0e1d5b2d67cf7cde505f7066,U.S. Targets Iran’s Rail and Shadow Banking Networks as Maritime Blockade Tightens,https://gcaptain.com/u-s-targets-irans-rail-and-shadow-banking-networks-as-maritime-blockade-tightens/,gCaptain,2026-10-01T19:58:53Z,maritime transport,"The Trump administration expanded its economic campaign against Iran on Thursday, targeting the country’s rail system, major industrial companies and a Russia-linked shadow banking network that U.S. officials say has...",gcaptain.com,Russia,News,2026-10-07T22:51:54.978368Z
d6151d795e5d3406bed5c4a638e320a0,Middle East Oil Exports Stage a Remarkable Comeback,https://oilprice.com/Energy/Energy-General/Middle-East-Oil-Exports-Stage-a-Remarkable-Comeback.html,RFE/RL staff,2026-10-01T19:00:00Z,maritime transport,"Exports of crude oil from the Middle East hit their highest level in September since the war with Iran began, reinforcing a trend of increased supplies despite Iranian attacks on shipping in the Strait of Hormuz, according to analysis of shipping and commodit…",OilPrice.com,Unknown,Analysis/Opinion,2026-10-07T22:51:54.978406Z
1d3a2c548293538a05c0aecef5eecddd,Salvage Work Begins on WWII ‘Time Bomb’ Wreck in Thames Estuary,https://gcaptain.com/salvage-work-begins-on-wwii-time-bomb-wreck-in-thames-estuary/,Mike Schuler,2026-10-01T16:33:05Z,maritime transport,"More than 80 years after the SS Richard Montgomery sank in the Thames Estuary with roughly 1,400 tons of explosives still aboard, marine contractors have begun one of the most delicate interventions...",gcaptain.com,Unknown,News,2026-10-07T22:51:54.978482Z
55aa4da38ef8d469e5f046ea72d95bcc,Boluda Shipping Selects Pulse Mobile from TMEIC to Drive New Generation of Connected Port Operations,https://www.prnewswire.com/news-releases/boluda-shipping-selects-pulse-mobile-from-tmeic-to-drive-new-generation-of-connected-port-operations-302896264.html,,2026-10-01T16:12:00Z,maritime transport,"Latest milestone in Boluda's digital transformation introduces new model for managing truck-terminal interactions that addresses evolving industry forces like growing truck volumes, limited space and pressure to improve efficiency and sustainability Pulse Mob…",PRNewswire,Unknown,News,2026-10-07T22:51:54.978534Z
82c2b4205a24dda4381187056ca22cbf,"Oil Exports Find A Way Past Iranian Attacks, But Refinery Bottleneck Persists",https://www.rferl.org/a/iran-oil-exports-hormuz-refinery-market/33867914.html,Ray Furlong,2026-10-01T15:51:38Z,maritime transport,"Exports of crude oil from the Middle East hit their highest level in September since the war with Iran began, reinforcing a trend of increased supplies despite Iranian attacks on shipping in the Strait of Hormuz, according to analysis of shipping and commodit…",Radio Free Europe/ Radio Liberty,Unknown,Analysis/Opinion,2026-10-07T22:51:54.978573Z
3bf5da82a2429f59b24fdcf00329bb90,From Science to Strategy: Dr. Yomna Badr's Journey from Pharmacy to Marketing Leadership - Identity Magazine,https://identity-mag.com/from-science-to-strategy-dr-yomna-badrs-journey-from-pharmacy-to-marketing-leadership/,Joumana Mounib,2026-10-01T14:19:02Z,maritime transport,"In a healthcare and consumer market this competitive, the ability to connect scientific knowledge with business strategy is a real advantage. For Dr. Yomna Badr, that connection has driven more than 18 years of growth across the pharmaceutical, cosmeceutical …",Identity-mag.com,Unknown,Market Report,2026-10-07T22:51:54.978617Z
9540cb3e287d11e7c2d4acb0b7e2e825,"Using GIS, remote-sensing and linear modeling to prioritize spatially explicit action against erosion and sediment transport within Lake Victoria watershed in Kenya",https://journals.plos.org/plosone/article?id=10.1371/journal.pone.0359542,Nickson Erick Otieno,2026-10-01T14:00:00Z,maritime transport,"Watershed degradation from human encroachment is a worldwide phenomenon and a keystone driver of erosion, transport and deposition of sediment material into downstream lakes and other water bodies. Despite global recognition of the growing scale of these link…",Plos.org,Global,News,2026-10-07T22:51:54.978677Z
6620468f4b309566e1394281d6fe1a63,Iran War Highlights 2 Challenges for Japan in a Taiwan Contingency,https://thediplomat.com/2026/10/iran-war-highlights-2-challenges-for-japan-in-a-taiwan-contingency/,Hiroaki Kato,2026-10-01T12:54:00Z,maritime transport,"Japan can use the Iran war to reexamine its security framework, with particular attention to preparations for a contingency involving Taiwan.",The Diplomat,Japan,News,2026-10-07T22:51:54.978703Z
ae6ecd6961dc894cf058997c04721d45,The Next Front,https://www.theatlantic.com/magazine/2026/11/baltic-defense-russia/688692/?utm_source=feed,Isaac Stanley-Becker,2026-10-01T11:00:00Z,maritime transport,The Baltics are getting ready for a Russian attack.,The Atlantic,Russia,News,2026-10-07T22:51:54.978718Z
fd7449c130fc0e8e7d285f44892fe627,UK Sanctions Five LNG Carriers in New Russia Package,https://gcaptain.com/uk-sanctions-five-lng-carriers-in-new-russia-package/,Malte Humpert,2026-10-01T10:30:25Z,maritime transport,"The United Kingdom has sanctioned five liquefied natural gas carriers as part of a new package of measures targeting Russia's efforts to expand a maritime ""shadow fleet"" for LNG exports, including three Russian-built Arc7 ice-class vessels intended to support…",gcaptain.com,Russia,News,2026-10-07T22:51:54.978748Z
695d602883af6a30fc53b8f7230c3555,Iran War: The Narrative War Continues to Confuse and Confuddle,https://www.nakedcapitalism.com/2026/10/iran-war-the-narrative-war-continues-amidst-false-flags-and-big-explosions.html,Nat Wilson Turner,2026-10-01T10:05:06Z,maritime transport,"America has narrative dominance over the Strait, but does that translate into diesel at pumps around the world?",Nakedcapitalism.com,USA,News,2026-10-07T22:51:54.978767Z
497fbe843b90dccaead919d8bfca7ff0,Guidance: General Trade Licence: Maritime Transportation of Liquefied Natural Gas (LNG) - Japan,https://www.gov.uk/government/publications/general-trade-licence-maritime-transportation-of-liquefied-natural-gas-lng-japan,Department for Business and Trade,2026-10-01T09:06:48Z,maritime transport,The General Trade Licence for the maritime transport of Liquefied Natural Gas (LNG) to Japan authorises UK businesses to carry out certain activities prohibited under Russia (Sanctions) (EU Exit) Regulations 2019 (‘the Russia Regulations’),Www.gov.uk,Russia,News,2026-10-07T22:51:54.978798Z
e34b98a4923826247284b1f889c5f398,Guidance: General Trade Licence: Maritime Transportation of Liquefied Natural Gas (LNG) - South Korea,https://www.gov.uk/government/publications/general-trade-licence-maritime-transportation-of-liquefied-natural-gas-south-korea,Department for Business and Trade,2026-10-01T09:06:00Z,maritime transport,The General Trade Licence for the maritime transport of Liquefied Natural Gas (LNG) to South Korea authorises UK businesses to carry out certain activities prohibited under Russia (Sanctions) (EU Exit) Regulations 2019 (‘the Russia Regulations’),Www.gov.uk,Russia,News,2026-10-07T22:51:54.978828Z
0c38ed1e85fe1fb6196dce5b07926da9,Skeptical Science New Research for Week #40 2026,https://skepticalscience.com/new_research_2026_40.html,,2026-10-01T05:37:09Z,maritime transport,"Open access notables

Centuries of global heating from Carbon Majors: Dependence on future emissions pathways, Frierson & Henrie, PLOS Climate

We perform simulations that attribute the amount of global warming due to corporations, governments and other entit…",Skepticalscience.com,Global,News,2026-10-07T22:51:54.978924Z
9b007cf15e445ed045c5bb0c70bfeb75,Hellenic Shipyards Association joins Waterborne European Technology Platform,https://www.naftemporiki.gr/english/2169063/hellenic-shipyards-association-joins-waterborne-european-technology-platform/,Αλεξία Σωτηρίου,2026-10-01T05:12:39Z,maritime transport,"The Hellenic Shipyards Association (HSA) joined Waterborne, the European Technology Platform for waterborne transport, marking an important milestone for Greece’s shipbuilding and ship repair industry.
The development signals Greece’s dynamic…
Hellenic Shipya…",Naftemporiki.gr,Greece,News,2026-10-07T22:51:54.979013Z
0017d388f075a1b94f0aff9c95f1bf4f,Adani Ports' Colombo West terminal doubles capacity to 3.2 million TEUs with $750 million investment,https://economictimes.indiatimes.com/industry/renewables/adani-ports-colombo-west-terminal-doubles-capacity-to-3-2-million-teus-with-750-million-investment/articleshow/134607899.cms,,2026-10-01T04:32:00Z,maritime transport,Adani Ports and Special Economic Zone has successfully completed the expansion of the Colombo West International Terminal. This expansion doubled the terminal's capacity to 3.2 million TEUs following a USD 750 million investment. Sri Lankan Prime Minister Dr.…,The Times of India,Global,News,2026-10-07T22:51:54.979063Z
2bc72afb3746534c3002d011a38edec9,Canada Makes Major Investment in Marine Safety as Ship Traffic Grows,https://gcaptain.com/canada-makes-major-investment-in-marine-safety-as-ship-traffic-grows/,Mike Schuler,2026-10-01T04:04:57Z,maritime transport,Canada is committing C$1.2 billion (USD $843 million) to ocean protection and marine safety as the federal government prepares for a significant increase in commercial vessel traffic tied to new...,gcaptain.com,Unknown,News,2026-10-07T22:51:54.979122Z
52cef5d36555934437a4c6673adec802,Japan Has Been Here Before: The 1987 Persian Gulf Crisis,https://thediplomat.com/2026/10/japan-has-been-here-before-the-1987-persian-gulf-crisis/,TSURUTA Jun,2026-10-01T01:03:00Z,maritime transport,"When the Gulf was last closed to tankers, Tokyo faced the same dilemma it faces today.",The Diplomat,Japan,News,2026-10-07T22:51:54.979144Z
f850a7e68a6937d68b922221b147da50,Truck operators seek reforms to Lekki call-up system,https://punchng.com/truck-operators-seek-reforms-to-lekki-call-up-system/,Punch Newspapers,2026-09-30T23:54:15Z,maritime transport,"Truck operators in Lagos are calling for a review of the Lekki call-up system to address traffic challenges and improve cargo evacuation from the ports.

Read More: https://punchng.com/truck-operators-seek-reforms-to-lekki-call-up-system/",The Punch,Unknown,Analysis/Opinion,2026-10-07T22:51:54.979174Z
45e4168e8e4c21b4b4826317a207c09f,Are the Houthis winning against Saudi Arabia?,https://www.dw.com/en/are-the-houthis-winning-against-saudi-arabia/a-79492476,Kersten Knipp,2026-09-30T17:23:00Z,maritime transport,"It's unclear how the Saudis can defuse the threat presented by the Houthis in next-door Yemen or who they can turn to for help. The US isn't interested, the Europeans are hedging and nobody wants open conflict with Iran. Last week, some students in Saudi Arab…",DW (English),Unknown,News,2026-10-07T22:51:54.979220Z
4c19bb40fe839796a0a1dd0e5fab6032,Europe’s energy security has a Black Sea opportunity,https://www.politico.eu/sponsored-content/europes-energy-security-has-a-black-sea-opportunity/,BLACK SEA PETROLEUM,2026-09-30T11:00:00Z,maritime transport,A second Libyan crude delivery and plans to expand the Kulevi Oil Refinery show how Black Sea Petroleum (BSP) could broaden Europe’s fuel supply options.,POLITICO.eu,Unknown,News,2026-10-07T22:51:54.979261Z
629d9359475c42c0d5fac3c93d1a2c7f,Navios Partners takes delivery of newbuild MR2 tanker,https://www.naftemporiki.gr/english/2168484/navios-partners-takes-delivery-of-newbuild-mr2-tanker/,Ελίζα Καραγιώργη,2026-09-30T06:38:32Z,maritime transport,"Navios Maritime Partners, owned by Angeliki Frangou, has announced the delivery of the newbuild oil products tanker Nave Harmony, as part of its policy to renew and strengthen its fleet…
Navios Partners takes delivery of newbuild MR2 tanker - Η ΝΑΥΤΕΜΠΟΡΙΚΗ",Naftemporiki.gr,Unknown,News,2026-10-07T22:51:54.979307Z
163474fcd643887f975f9398b5eae533,"75-day traffic & power block: From October 1, 8 Mumbai-bound trains to be short-terminated as CSMT redevelopment resumes",https://economictimes.indiatimes.com/industry/transportation/railways/75-day-traffic-power-block-from-october-1-8-mumbai-bound-trains-to-be-short-terminated-as-csmt-redevelopment-resumes/articleshow/134582131.cms,ET Online,2026-09-30T05:14:46Z,maritime transport,"Central Railway will impose a 75-day traffic and power block at CSMT from October 1 to December 15 for redevelopment work, affecting platforms 14 and 15. Eight long-distance trains will be short-terminated at Dadar and Thane during the period. The block is pa…",The Times of India,India,News,2026-10-07T22:51:54.979377Z
92c7e37d2f6513ca29fc41d338cff43d,All-purpose ebike promises real riding comfort in and out of town,https://newatlas.com/bicycles/lemmo-utility-ebike-long-tail-suspension/,Abhimanyu Ghoshal,2026-10-06T22:01:36Z,cargo shipping,Berlin-based ebike startup Lemmo has been shaking up the European market with a small selection of handsome mid-range models since 2022. It's now got something in the works for families and more adventurous riders with a versatile SUV ebike that promises to t…,New Atlas,Unknown,Market Report,2026-10-07T22:51:55.454679Z
bef87794e8c30459fbaeffade294e53d,Men’s Cargo Pants only $12 at Walmart!,https://moneysavingmom.com/mens-cargo-pants-deal/,Sarah,2026-10-06T19:04:19Z,cargo shipping,Need new pants? Don’t miss this great price on men’s cargo pants! Walmart has these George Men’s and Big Men’s Cargo Pants for only $12 right now! Available in five colors in a variety of sizes. Choose free in-store pickup to avoid shipping costs. Or shipping…,Moneysavingmom.com,Unknown,News,2026-10-07T22:51:55.454730Z
486f5b135ee45b621954df9259ef2092,12-Piece Automotive Electrical Disconnect Pliers Kit for $20 w/ Prime + free shipping,https://www.dealnews.com/12-Piece-Automotive-Electrical-Disconnect-Pliers-Kit-for-20-w-Prime-free-shipping/22249952.html,,2026-10-06T18:50:51Z,cargo shipping,"This 12-piece Dntorx electrical disconnect pliers kit is $19.54, down from its $22.99 regular price and its lowest price ever at Amazon. The set includes 12 double-ended tools with different tip angles for separating push-tab connectors on sensors, wiring har…",Dealnews.com,Unknown,News,2026-10-07T22:51:55.454779Z
55d113464af58e6b66297e41cd078c1d,US EIA lifts Brent forecast to $98 as Iran war tightens global supplies,https://economictimes.indiatimes.com/markets/us-stocks/wall-street-guide/us-eia-lifts-brent-forecast-to-98-as-iran-war-tightens-global-supplies/articleshow/134748141.cms,ETMarkets.com,2026-10-06T18:22:59Z,cargo shipping,The US Energy Information Administration has revised its oil price forecasts for the coming years due to supply issues. Global benchmark Brent crude is expected to average approximately $98 a barrel in 2026. Retail diesel prices are projected to remain high i…,The Times of India,Global,Analysis/Opinion,2026-10-07T22:51:55.454820Z
a42265ba80dbc535fac60cae2528af9f,NATO nation decries drone strikes on merchant vessels off its coast,https://www.rt.com/news/646831-bulgaria-black-sea-attack/,RT,2026-10-06T17:13:51Z,cargo shipping,"Bulgarian Prime Minister Rumen Radev has condemned a twin attack on merchant ships off the country’s coast, which resulted in the sinking of one ship and heavy damage to another",RT,Unknown,News,2026-10-07T22:51:55.454899Z
41f3fc754c8e956351424ae24eaf7411,War in Ukraine Escalates With Drone Strikes on Cargo Ships,https://gcaptain.com/war-in-ukraine-escalates-with-drone-strikes-on-cargo-ships/,Bloomberg,2026-10-06T16:20:43Z,cargo shipping,"Attacks on commercial vessels off the Black Sea’s western coast are on the rise, threatening already-choked trade flows in the region while testing NATO’s readiness to react.",gcaptain.com,Ukraine,News,2026-10-07T22:51:55.454928Z
4c2c540ea18235d04240b8d82923d8b1,Merchant ship crew missing after drone sinks vessel in Bulgaria’s Black Sea,https://nypost.com/2026/10/06/world-news/crew-missing-after-drone-sinks-ship-in-bulgarias-black-sea/,Reuters,2026-10-06T15:48:15Z,cargo shipping,"Two ships were hit in the attack, Bulgaria's Prime Minister Rumen Radev said in a televised statement.",New York Post,Unknown,News,2026-10-07T22:51:55.454988Z
ec585b1009152d0717f1b0dcf3b6f9f2,Lee Men's Extreme Motion Crossroad Cargo Shorts for $13 w/ Prime + free shipping,https://www.dealnews.com/Lee-Mens-Extreme-Motion-Crossroad-Cargo-Shorts-for-13-w-Prime-free-shipping/22249774.html,,2026-10-06T15:45:34Z,cargo shipping,"At Amazon, get these Lee Men's Extreme Motion Crossroad Cargo Shorts for $13. It's the best price we've seen for these Lee shorts. Shipping is free. Buy Now at Amazon",Dealnews.com,Unknown,News,2026-10-07T22:51:55.455023Z
faa701c1deb697c5cf9aee21ca9f00e1,Bulgaria searches for missing crew after drones hit two ships in Black Sea,https://www.aljazeera.com/news/2026/10/6/bulgaria-says-two-commercial-vessels-were-hit-in-drone-attack-in-its-waters,Al Jazeera Staff,2026-10-06T14:50:01Z,cargo shipping,Bulgaria launches search operation after Togo-flagged Alfa Watan sinks at scene of attack.,Al Jazeera English,Unknown,News,2026-10-07T22:51:55.455109Z
83e1904101c2a52301421038b09a6d54,Black Sea drone strike sinks cargo ship off Bulgaria sparking search for missing crew,https://www.dailymail.com/news/article-16187151/Black-Sea-drone-strike-sinks-cargo-ship-Bulgaria.html,Will Hallowell,2026-10-06T14:07:13Z,cargo shipping,It is not clear who carried out the attacks but Bulgarian prime minister Rumen Radev described as a gross violation of international law.,Dailymail.com,Global,News,2026-10-07T22:51:55.455164Z
2e93e1281ad6b5e152e383d1cd6ad5eb,Ukraine War Escalates as Black Sea Drone Strikes Hit Cargo Ships,https://www.insurancejournal.com/news/international/2026/10/06/888104.htm,Admin,2026-10-06T13:57:06Z,cargo shipping,"Russian attacks on commercial vessels off the Black Sea’s western coast are on the rise, threatening to add strain to already-choked trade flows in the region. “Commercial ships — and innocent crews — are being targeted, with lives already lost …",Insurance Journal,Russia,News,2026-10-07T22:51:55.455195Z
233e1dd2628d6d7e46947e14a2fadaf2,"Reuters Reports Gulf Oil Exports Reached 80% of Pre-War Level as Standard Chartered Shows Bigger Hit to Hormuz Transits, Shift to Other Routes",https://www.nakedcapitalism.com/2026/10/reuters-reports-gulf-oil-exports-reached-80-of-pre-war-level-as-standard-chartered-shows-bigger-hit-to-hormuz-transits-shift-to-other-routes.html,Yves Smith,2026-10-06T13:55:16Z,cargo shipping,More on the debate over Persian Gulf oil exports as the Saudis launch an offensive to try to retake territory liberated by Ansar Allah.,Nakedcapitalism.com,Unknown,Market Report,2026-10-07T22:51:55.455235Z
d42b7b8a935460bc19b71dfbe95c7446,Civilian cargo ship sinks and crew is missing after Black Sea drone attack,https://www.bbc.com/news/articles/c8ly0v5r602eo,Emer Moreau,2026-10-06T11:53:24Z,cargo shipping,"Two injured crew members from one of the ships have been sent for treatment [Petko Momchilov / Reuters]

A civilian cargo ship has sunk and its crew is missing after being attacked by drones in the Black Sea, Bulgarian officials say.A second vessel - carryin…",BBC News,Unknown,News,2026-10-07T22:51:55.455321Z
234702eb7f5ed8b223a03afc14c3aa89,Bulgaria searches for crew after drones hit 2 ships in Black Sea,https://www.hurriyetdailynews.com/bulgaria-indexes-for-crew-after-drones-hit-2-ships-in-black-sea-227792,hurriyetdailynews.com,2026-10-06T11:19:58Z,cargo shipping,"Bulgarian authorities launched a major search operation on Oct. 6 for the missing crew of a ship that sank in the Black Sea after drones struck two merchant vessels, in an attack Prime Minister Rumen Radev called “absolutely unacceptable.”",Hurriyet Daily News,Unknown,News,2026-10-07T22:51:55.455366Z
130f005ee5314cb498c012ca3da0f1de,Bulgarian PM says drone attack on 2 commercial vessels is 'blatant violation of international law',https://abcnews.com/International/wireStory/bulgarian-pm-drone-attack-2-commercial-vessels-blatant-137025648,The Associated Press,2026-10-06T10:43:20Z,cargo shipping,"Two commercial vessels have been hit by drones in the Black Sea, Bulgarian Prime Minister Rumen Radev",Abcnews.com,Global,News,2026-10-07T22:51:55.455401Z
ec01542d2edc1ff2925ada0c205a0460,15 Cu. Ft. DUMOS Waterproof Car Roof Bag Cargo Carrier (Yellow) $29.93 + Free Shipping w/ Prime or on $35+,https://slickdeals.net/f/20109270-15-cu-ft-dumos-waterproof-car-roof-bag-cargo-carrier-yellow-29-93-free-shipping-w-prime-or-on-35,NeedMoCoffee,2026-10-06T09:27:15Z,cargo shipping,"Amazon [amazon.com] has *15 Cu. Ft. **DUMOS Waterproof Car Roof Bag Cargo Carrier (Yellow)* on sale for *$29.93*. Shipping is free w/ Prime or on orders $35+.[LIST][*]*Includes:* 
* Roof cargo bag 
*...",Slickdeals.net,Unknown,News,2026-10-07T22:51:55.455437Z
1342bab5ba96c8ef711c97635ab07fd5,Saudi-backed forces 'run over surrendering Houthi rebels using armoured vehicles' as battle rages over Red Sea shipping route,https://www.dailymail.com/news/article-16186083/Saudi-backed-forces-drive-surrendering-Houthi-rebels.html,Will Hallowell,2026-10-06T08:34:16Z,cargo shipping,Footage on social media shows the moment the Iran-backed rebels are mown down seconds after throwing their hands in the air to give themselves up.,Dailymail.com,Unknown,News,2026-10-07T22:51:55.455474Z
44735d680a43605d418d56b3fbf2776d,The crown jewel in Elon Musk's empire,https://www.businessinsider.com/starlink-elon-musk-business-empire-crown-jewel-2026-10#article,Tom Carter,2026-10-06T08:15:01Z,cargo shipping,"From the front lines of Ukraine to the remote Pacific, the world is increasingly reliant on Starlink.",Business Insider,Ukraine,News,2026-10-07T22:51:55.455493Z
d9d97b9a1b328a16f55c02a88201e6fd,"HD Hyundai Delivers World's First ""Lashing-Free"" Container Ship",https://www.prnewswire.com/news-releases/hd-hyundai-delivers-worlds-first-lashing-free-container-ship-302899537.html,,2026-10-06T07:59:00Z,cargo shipping,"Applied to a 13,000-TEU container ship built and delivered for a French shipping company Increases on-deck cargo capacity by more than 10% while enhancing container stability Recognized as a key technology enabling automation and unmanned operations not only …",PRNewswire,Unknown,News,2026-10-07T22:51:55.455542Z
f388877ab003a87856595ca8c28f9bf0,"HD Hyundai Delivers World's First ""Lashing-Free"" Container Ship",https://www.prnewswire.co.uk/news-releases/hd-hyundai-delivers-worlds-first-lashing-free-container-ship-302899537.html,,2026-10-06T07:59:00Z,cargo shipping,"Applied to a 13,000-TEU container ship built and delivered for a French shipping company Increases on-deck cargo capacity by more than 10% while enhancing container stability Recognized as a key technology enabling automation and unmanned operations not only …",PR Newswire UK,Unknown,News,2026-10-07T22:51:55.455578Z
fefa44f913d53982c7b5e35a474d9f75,Autel Level 2 50A WiFi EV Charger for $450 w/ Prime + free shipping,https://www.dealnews.com/products/Autel/Autel-Level-2-50-A-Wi-Fi-EV-Charger/540920.html,,2026-10-06T07:24:38Z,cargo shipping,"Home EV owners with Level 2 charging needs will find the 50A output tops up most vehicles overnight, and the WiFi connectivity lets you schedule charging and track usage from your phone. At $450, that's $149 off the $599 list price for Prime members. Deal end…",Dealnews.com,Unknown,News,2026-10-07T22:51:55.455623Z
d941c61ae964621fda10d469b844e5df,Maritime Sovereignty: Worth more than a penny at the pump,https://www.americanthinker.com/blog/2026/10/maritime-sovereignty-worth-more-than-a-penny-at-the-pump/,,2026-10-06T04:00:00Z,cargo shipping,"By Robert PipkenBy hollowing out our domestic maritime infrastructure, we invite the exact vulnerabilities that lead to supply chain ruin.",Americanthinker.com,Unknown,News,2026-10-07T22:51:55.455676Z
537ba62712a740491b850d7f842fe229,Tuffy Compact Underseat Lockbox for 20-27 Jeep Gladiator JT for $159 + free shipping,https://www.dealnews.com/Tuffy-Compact-Underseat-Lockbox-for-20-27-Jeep-Gladiator-JT-for-159-free-shipping/22247306.html,,2026-10-06T00:33:59Z,cargo shipping,"This Tuffy lockbox is $159.20, down from its $199 list price. It's made from 16-gauge steel with a pick-resistant lock, and it mounts under the seat of a Gladiator JT without any vehicle modification required. Shipping is free.  Buy Now at Quadratec
 Feature…",Dealnews.com,Unknown,News,2026-10-07T22:51:55.455790Z
89db7a705dc875035e1bfcee702bce41,"US left envies French horrors, teachers unions vs. kids and other commentary",https://nypost.com/2026/10/05/opinion/us-left-envies-french-horrors-teachers-unions-vs-kids-and-other-commentary/,Post Editorial Board,2026-10-05T23:37:06Z,cargo shipping,"“France is once again supplying footage of burning vehicles, smashed businesses, and streets full of tear gas,” as rioters “wave Algerian and Palestinian flags,” as a “symptom of a much larger, unspoken failure,” notes Jens Heycke at Guerre and Shalom.",New York Post,Unknown,Analysis/Opinion,2026-10-07T22:51:55.455829Z
2e73755d0d2da9e5ce461b7d80a8a49f,"Global Cruise Market Set to Reach USD 38.48 Billion by 2034 as Experiential Tourism, Fleet Expansion and Luxury Cruise Demand Strengthen, says Maximize Market Research",https://www.prnewswire.com/news-releases/global-cruise-market-set-to-reach-usd-38-48-billion-by-2034-as-experiential-tourism-fleet-expansion-and-luxury-cruise-demand-strengthen-says-maximize-market-research-302898467.html,,2026-10-05T21:45:00Z,cargo shipping,"PUNE, India, Oct. 5, 2026 /PRNewswire/ -- The Global Cruise Market was valued at USD 19.41 Billion in 2025 and is projected to grow at a CAGR of 7.9% from 2026 to 2034, reaching USD 38.48 Billion by 2034, according to a new analysis by Maximize Market Researc…",PRNewswire,India,Analysis/Opinion,2026-10-07T22:51:55.455851Z
13431f81ba67670de0c50e9fc11fb37b,"Turkish Cargo Ship Sunk By Drone Strike Off Romania, Two Sailors Killed",https://biztoc.com/x/eb9c9fbe3efa9493,zerohedge.com,2026-10-05T21:34:00Z,cargo shipping,"Turkish Cargo Ship Sunk By Drone Strike Off Romania, Two Sailors Killed
 
There's no doubt that the tit-for-tat war on Black Sea shipping is getting nastier. For several months now, both Russian and Ukrainian forces have traded drone and missile attacks on po…",Biztoc.com,Russia,News,2026-10-07T22:51:55.455881Z
a8878e75548d70e308b45a07da361906,adidas Men's Trefoil Essentials Woven Cargo Pants for $23 + free shipping w/ $49,https://www.dealnews.com/adidas-Mens-Trefoil-Essentials-Woven-Cargo-Pants-for-23-free-shipping-w-49/22247071.html,,2026-10-05T21:18:07Z,cargo shipping,Dick's Sporting Goods offers the adidas Men's Trefoil Essentials Woven Cargo Pants for $22.97.  That's a $27 low.  ScoreCard members get free shipping with orders of $49 or more. (Not a member? It's free to join.) Pickup may also be available. Buy Now at Dick…,Dealnews.com,Unknown,News,2026-10-07T22:51:55.455928Z
947bccfe69540530ee7bf80023d599d6,Frugal Fashion Deals at Walmart Deals Week!,https://www.southernsavers.com/frugal-fashion-deals-at-walmart-deals-week/,Whitney,2026-10-05T18:30:11Z,cargo shipping,"If you’re shopping for affordable fashion, Walmart Deals Week is a good time to check out the latest Walmart fashion deals. There are discounts across women’s clothing, men’s clothing, shoes, accessories, activewear, and more, with plenty of everyday styles t…",Southernsavers.com,Unknown,News,2026-10-07T22:51:55.455972Z
684f82a122cbe9f07aba3c4b5284172e,Dibrugarh's river trade returns after 70 years: First post-Independence cargo from Assam heads to Bangladesh,https://timesofindia.indiatimes.com/india/dibrugarhs-river-trade-returns-after-70-years-first-post-independence-cargo-from-assam-heads-to-bangladesh/articleshow/134712469.cms,Trisha Mahajan,2026-10-05T17:31:58Z,cargo shipping,"Dibrugarh on Monday resumed international river trade after nearly seven decades, with Union Shipping Minister Sarbananda Sonowal flagging off a barge",The Times of India,Global,News,2026-10-07T22:51:55.456011Z
14b643e3fe17eecee8e40352b88e5227,Historic Sail: Dibrugarh to Dhaka Direct After 70 Years,https://southasiaviews.com/north-east-india/assam/historic-sail-dibrugarh-to-dhaka-direct-after-70-years/,Editor,2026-10-05T16:59:50Z,cargo shipping,"Dibrugarh, Oct 5: After seven decades of silence, Dibrugarh is a port again.   In a historic first since Independence, a cargo vessel loaded with 540 MT of methanol set sail from Bogibeel Terminal on Monday for Bangladesh — reviving a river route that died wi…",Southasiaviews.com,Unknown,News,2026-10-07T22:51:55.456056Z
57d70a74d32d367e802f9e07bc0aa38d,First international cargo leaves Assam’s Bogibeel for Dhaka since independence,https://www.thehindubusinessline.com/economy/logistics/first-international-cargo-leaves-assams-bogibeel-for-dhaka-since-independence/article71548571.ece,BL Kolkata Bureau,2026-10-05T16:55:02Z,cargo shipping,"The vessel will travel about 768 kilometres down National Waterway-2 on the Brahmaputra River in India to the Indo-Bangladesh border, then continue along the Indo-Bangladesh Protocol Route (IBPR)",BusinessLine,India,News,2026-10-07T22:51:55.456080Z
0cfe69946e98fa3fbd7ae70406f187e7,Two dead as Russian drone sinks grain ship in Black Sea,https://www.rte.ie/news/2026/1005/1594099-ukraine-russia/,RTÉ News,2026-10-05T16:20:54Z,cargo shipping,Ukrainian President Volodymyr Zelensky has said a Russian drone attack caused a fire on board a commercial vessel that later sank in the Black Sea.,RTE,Russia,News,2026-10-07T22:51:55.456100Z
237a1b49c3753d6a6460e72713f6cc80,Saudi coalition backs Yemen government offensive with 100 warplanes taking part in dawn strikes against Iran-backed Houthis,https://www.dailymail.com/news/article-16183687/Saudi-coalition-backs-Yemen-government-offensive-100-warplanes-taking-dawn-strikes-against-Iran-backed-Houthis.html,Imogen Garfinkel,2026-10-05T15:31:08Z,cargo shipping,Yemen's military backed by Saudi jets attacked Houthi targets on Monday as they launched an ambitious campaign to recapture all territory from the Iran-backed group.,Dailymail.com,Unknown,News,2026-10-07T22:51:55.456153Z
e4bdaf49816feaedf72db91a79c50964,AstroAI Digital Tire Pressure Gauge for $7 + free shipping w/ Prime,https://www.dealnews.com/products/Astro-AI/Astro-AI-Digital-Tire-Pressure-Gauge/100462.html,,2026-10-05T14:10:40Z,cargo shipping,"This AstroAI tire gauge is $6.58, down from $12.99 at Amazon. It's calibrated to within ±1 PSI and can switch between four pressure units with a single button. Buy Now at Amazon
 Features
 <ul> <li>backlit LCD display</li> <li>measures up to 150-PSI</li> </…",Dealnews.com,Unknown,News,2026-10-07T22:51:55.456199Z
e78b61151a37157a3003431b6eb64dae,"Port of Corner Brook, LOGISTEC and NEAS Strengthen Canada's Arctic Supply Chain Resiliency",https://www.prnewswire.com/news-releases/port-of-corner-brook-logistec-and-neas-strengthen-canadas-arctic-supply-chain-resiliency-302898459.html,,2026-10-05T13:44:00Z,cargo shipping,"CORNER BROOK, NL and MONTRÉAL, Oct. 5, 2026 /PRNewswire/ -- The Port of Corner Brook and marine terminal operator LOGISTEC, an Enstructure company, marked the launch of Nunavut Eastern Arctic Shipping's (NEAS) new Liner Service to Western Newfoundland with th…",PRNewswire,Unknown,News,2026-10-07T22:51:55.456252Z
44d4595a88cb3992fce5684a6feced8a,"Port of Corner Brook, LOGISTEC and NEAS Strengthen Canada's Arctic Supply Chain Resiliency",https://www.prnewswire.com/news-releases/port-of-corner-brook-logistec-and-neas-strengthen-canada-s-arctic-supply-chain-resiliency-848989280.html,,2026-10-05T13:44:00Z,cargo shipping,"CORNER BROOK, NL and MONTRÉAL, Oct. 5, 2026 /CNW/ -- The Port of Corner Brook and marine terminal operator LOGISTEC, an Enstructure company, marked the launch of Nunavut Eastern Arctic Shipping's (NEAS) new Liner Service to Western Newfoundland with the arriv…",PRNewswire,Unknown,News,2026-10-07T22:51:55.456299Z
8ce6b6e615de8b50746227e0cb845cce,First cargo vessel from Dibrugarh to Bangladesh since Independence flagged off,https://economictimes.indiatimes.com/industry/transportation/shipping-/-transport/first-cargo-vessel-from-dibrugarh-to-bangladesh-since-independence-flagged-off/articleshow/134702547.cms,PTI,2026-10-05T11:20:30Z,cargo shipping,"A momentous occasion unfolded as the cargo vessel 'DLB Patkai' set sail from Bogibeel Terminal in Dibrugarh, heading to Dhaka. This significant shipment is the first direct trade from Upper Assam to an international market since Independence. Carrying methano…",The Times of India,Global,Market Report,2026-10-07T22:51:55.456370Z
a8381804bf2c97a0c37aaa369d3116be,Dibrugarh sends first international cargo from Bogibeel to Bangladesh since Independence,https://economictimes.indiatimes.com/industry/transportation/shipping-/-transport/dibrugarh-sends-first-international-cargo-from-bogibeel-to-bangladesh-since-independence/articleshow/134702547.cms,Bikash Singh,2026-10-05T11:20:30Z,cargo shipping,"A momentous occasion unfolded as the cargo vessel 'DLB Patkai' set sail from Bogibeel Terminal in Dibrugarh, heading to Dhaka. This significant shipment is the first direct trade from Upper Assam to an international market since Independence. Carrying methano…",The Times of India,Global,Market Report,2026-10-07T22:51:55.456411Z
ff5e4e7693052afa69d421b90e77a32c,"Aramco Cuts Asia Oil Prices to Six-Year Low, Raises Prices for Europe",https://oilprice.com/Latest-Energy-News/World-News/Aramco-Cuts-Asia-Oil-Prices-to-Six-Year-Low-Raises-Prices-for-Europe.html,Irina Slav,2026-10-05T08:00:00Z,cargo shipping,"Saudi Aramco has raised oil prices for European-bound cargoes in November but has cut prices for Asian buyers to the lowest in six years, Reuters reported today, noting analysts had expected price hikes. According to the pricing information, Aramco will be of…",OilPrice.com,Unknown,Market Report,2026-10-07T22:51:55.456489Z
bb523dc7e27b0104ef5cd6bc6d4c8a55,"NX Group Launches ""US 5-Day Cross"" for U.S. Delivery Within 5 Days, Expanding ""NX Ocean Fast Track"" Capabilities",https://www.prnewswire.com/news-releases/nx-group-launches-us-5-day-cross-for-us-delivery-within-5-days-expanding-nx-ocean-fast-track-capabilities-302898035.html,,2026-10-05T07:00:00Z,cargo shipping,"TOKYO, Oct. 5, 2026 /PRNewswire/ -- NIPPON EXPRESS HOLDINGS, INC. has launched ""US 5-Day Cross,"" a delivery option that enhances post-arrival distribution capabilities as part of its ""NX Ocean Fast Track"" high-speed ocean freight service from Asia to North Am…",PRNewswire,Japan,News,2026-10-07T22:51:55.456526Z
e02334a4e76808a9b7e84a79285ed5e2,"Vevor 44"" Mechanic Garage Creeper for $45 + free shipping",https://www.dealnews.com/products/Vevor/Vevor-44-Mechanic-Garage-Creeper/540153.html,,2026-10-05T00:10:08Z,cargo shipping,"Vevor offers its Vevor 44"" Mechanic Garage Creeper for $45 via promo code ""VVFUUS10"".  That's a $41 low.  Shipping is free.  Deal ends October 15th. Buy Now at VEVOR
 Features
 <ul> <li>300-lb. weight capacity</li> <li>adjustable headrest</li> <li>side-moun…",Dealnews.com,Unknown,News,2026-10-07T22:51:55.456624Z
40b7daa3defe348a0f7c3208ec93c339,Russia strikes data center and logistics hub in Ukraine – MOD (VIDEO),https://www.rt.com/russia/646700-russia-strikes-ukraine-mod/,RT,2026-10-04T15:44:42Z,cargo shipping,"Russia says it struck a data center, logistics hub and military supply ships in Ukraine as both sides intensify long-range attacks Read Full Article at RT.com",RT,Russia,News,2026-10-07T22:51:55.456687Z
25d01582f02ab7c13b720d72989dfa11,"Police recover $400,000 worth of stolen almonds after cargo heist - Dexerto",https://www.dexerto.com/entertainment/police-recover-400000-worth-of-stolen-almonds-after-cargo-heist-3415351/,Callum Doyle,2026-10-04T14:45:48Z,cargo shipping,"Police in California have recovered an estimated $400,000 worth of stolen almonds  after a cargo shipment went missing in Kerman.",Dexerto,Unknown,News,2026-10-07T22:51:55.456720Z
4e12f509a22554a27464bdf1c729a8b1,"Explainer: Who are the Houthis, Iran's allies in Yemen?",https://economictimes.indiatimes.com/news/international/world-news/explainer-who-are-the-houthis-irans-allies-in-yemen/articleshow/134676191.cms,Reuters,2026-10-04T13:50:04Z,cargo shipping,"Yemen's Saudi-backed government has initiated a military counteroffensive against the Iran-backed Houthis, seeking to recover lost territory. The renewed warfare has increased tensions in the region, jeopardizing Red Sea shipping routes and disrupting energy …",The Times of India,Unknown,News,2026-10-07T22:51:55.456768Z
d97d78d1518eaefc604cbe1ecc73d3ec,Pakistan braces for protest by Imran Khan's party after talks with government fail,https://economictimes.indiatimes.com/news/international/world-news/pakistan-braces-for-protest-by-imran-khans-party-after-talks-with-government-fail/articleshow/134670798.cms,PTI,2026-10-04T06:41:26Z,cargo shipping,"Pakistan is preparing for a protest by Imran Khan’s Pakistan Tehreek-e-Insaf party following unsuccessful government negotiations. The planned long march is set to occur on October 4, with significant participation from Khyber Pakhtunkhwa. Key demands include…",The Times of India,Unknown,News,2026-10-07T22:51:55.456818Z
2e4f78a9fa59365afffd13766887b8d7,"Zelenskyy Says Ukraine Will Respond As Putin Vows To Escalate Air Strikes, Warns Foreigners",https://www.rferl.org/a/putin-zelenskyy-kyiv-russia-ukraine-war-infrastructure/33869793.html,RFE/RL,2026-10-03T22:02:24Z,cargo shipping,"Russia has vowed to intensify its relentless strikes against Kyiv and warned foreign diplomats and other visitors to leave the country or be exposed to “mortal danger,” while Ukraine's leader said his country will respond to the Kremlin's deadly air campaign.",Radio Free Europe/ Radio Liberty,Russia,News,2026-10-07T22:51:55.456848Z
3737d60adbe36bf9e2e39bb1a5b80546,"The Expanse: Osiris Reborn feels incredibly Xbox 360, for better and for worse",https://www.techradar.com/gaming/the-expanse-osiris-reborn-feels-incredibly-xbox-360-for-better-and-for-worse,Tom Regan,2026-10-03T22:00:00Z,cargo shipping,The Expanse: Osiris Reborn disappoints in my hour-and-a-half hands-on demo.,TechRadar,Unknown,News,2026-10-07T22:51:55.456877Z
565d8a2a44e36f7447cfb2c231316cbf,Alaska and Hawaiian expand 'Atmos Communities' with 6 new options to save and earn,https://thepointsguy.com/loyalty-programs/alaska-airlines-hawaiian-atmos-communities/,Sean Cudahy,2026-10-03T21:00:26Z,cargo shipping,"Atmos Communities are groups inside the loyalty program that offer smaller perks, such as a free checked bag or bonus points for flying to certain cities.",The Points Guy,Unknown,News,2026-10-07T22:51:55.456911Z
b9329da0eb60b2ec991c7995a32cfa53,Amazon - Cargo Jogger/Sweatpants $12.97,https://www.dealcatcher.com/deals/clothing-accessories/mens/cargo-414941,Dealcatcher,2026-10-03T13:51:17Z,cargo shipping,"How to Get This Deal

   Apply coupon code IIN60DUX at checkout.

Important Exclusions

   Free shipping is not included.",Dealcatcher.com,Unknown,News,2026-10-07T22:51:55.457004Z
af10d95d0f18b6bf98de7770000c0ff4,"Hai An Lines starts container service connecting Chennai with ports in China, Malaysia and Vietnam",https://www.thehindubusinessline.com/news/hai-an-lines-starts-container-service-connecting-chennai-with-ports-in-china-malaysia-and-vietnam/article71540515.ece,BL Chennai Bureau,2026-10-03T12:03:29Z,cargo shipping,"Hai An Lines launches Chennai-to-China/Vietnam/Malaysia container service, boosting regional trade and maritime links for India–Vietnam growth.",BusinessLine,China,News,2026-10-07T22:51:55.457023Z
3653ae9a3d603eb6c16913ce8f7fa5e0,Getting Oil Through Hormuz Is a Risky Job,https://www.rigzone.com/news/wire/getting_oil_through_hormuz_is_a_risky_job-03-oct-2026-184762-article/,Alex Longley,2026-10-03T12:00:01Z,cargo shipping,The transits are a lifeline to gulf energy producers and a boon to shipowners and commodity traders who stand to reap billions of dollars from the trade.,Rigzone,Unknown,News,2026-10-07T22:51:55.457054Z
a39e2d37427b6a56f143b5676304ba7a,E-commerce boom puts lithium battery shipments under sharper air-cargo safety lens,https://www.thehindubusinessline.com/news/e-commerce-boom-puts-lithium-battery-shipments-under-sharper-air-cargo-safety-lens/article71540240.ece,T E Raja Simhan,2026-10-03T11:57:05Z,cargo shipping,IATA white paper warns e-commerce growth and undeclared lithium batteries heighten air-cargo safety risks across the global supply chain.,BusinessLine,Global,News,2026-10-07T22:51:55.457087Z
0baa457cd9b80e3d75e1939f5d90b390,"$29.99: JanSport 32L Agave Hiking Backpack w/ Universal 3L Hydration System or 15‘’ Laptop Sleeve, Cargo Green at Woot!",https://slickdeals.net/f/20091801-29-99-jansport-32l-agave-hiking-backpack-w-universal-3l-hydration-system-or-15-laptop-sleeve-cargo-green-at-woot,pennysave,2026-10-03T07:52:16Z,cargo shipping,"Woot! has JanSport Agave Hiking Backpack - 32 Liter Daypack with Universal 3L Hydration System or 15 Inch Laptop Sleeve, Cargo Green for $29.99.
Shipping is free for Amazon Prime Members , or is other",Slickdeals.net,Unknown,News,2026-10-07T22:51:55.457145Z
ea4a49dc36bbdf560a62d808a0621a6f,Saudi Arabia plans assault on Houthis to break Red Sea chokehold,https://economictimes.indiatimes.com/news/international/world-news/saudi-arabia-plans-assault-on-houthis-to-break-red-sea-chokehold/articleshow/134651063.cms,Reuters,2026-10-03T02:53:13Z,cargo shipping,"Saudi Arabia is preparing for an offensive against Houthi militants in Yemen, focusing on securing the Bab el-Mandeb Strait. The operation is expected to include coordinated attacks from multiple fronts alongside Yemeni ground forces. Over 100,000 Yemeni troo…",The Times of India,Unknown,News,2026-10-07T22:51:55.457226Z
860773e3171f7458a9bc00de4c0bca15,Trump must close this Turkish loophole that allows Iran to skirt sanctions,https://nypost.com/2026/10/02/opinion/trump-must-close-this-turkish-loophole-that-allows-iran-to-skirt-sanctions/,"Ahmad Sharawi, Sinan Ciddi",2026-10-03T02:28:01Z,cargo shipping,"Washington has done well targeting Tehran’s shipping, banking and financial networks.",New York Post,Turkey,News,2026-10-07T22:51:55.457254Z
d14a4fc8a185672a53fb4aa6c0f4a991,5 Indians rescued after Kuwait-flagged tanker hit by projectile in Hormuz,https://www.business-standard.com/external-affairs-defence-security/news/5-indians-rescued-after-kuwait-flagged-tanker-hit-by-projectile-in-hormuz-126100300062_1.html,ANI,2026-10-03T02:14:09Z,cargo shipping,The Indian Embassy in Oman coordinated the rescue of five Indian nationals aboard the crude oil tanker MT Kazimah III after it was struck by a projectile in the Strait of Hormuz,Business Standard,India,News,2026-10-07T22:51:55.457275Z
2621106d6c7a18971cbf782a047850fb,4-Piece All-Weather Car Floor Mats for $20 + free shipping w/ Prime,https://www.dealnews.com/4-Piece-All-Weather-Car-Floor-Mats-for-20-free-shipping-w-Prime/22235550.html,,2026-10-03T00:16:16Z,cargo shipping,"This BDK floor mat set is $5 off the regular price at Amazon. The rubber mats come as a 4-piece set with raised channels designed to trap water, mud, and dirt, and they're trimmable for a custom fit across cars, trucks, SUVs, and vans. Shipping is free for Pr…",Dealnews.com,Unknown,News,2026-10-07T22:51:55.457340Z
14fd3d2de7ee51d7a7d1d089e808b899,"Greece approves €6.6bn of private investment set to create 21,000 jobs",https://en.protothema.gr/2026/10/02/greece-approves-e6-6bn-of-private-investment-set-to-create-21000-jobs/,Αλεξία Αμβράζη,2026-10-02T19:07:29Z,cargo shipping,"The 22 projects in the two latest rounds of the major investments scheme top €513 million, yet Greek business investment still trails the EU average by 4.21 percentage points and approvals do not guarantee delivery
The post Greece approves €6.6bn of private i…",Protothema.gr,Greece,News,2026-10-07T22:51:55.457385Z
35baebbb72ca67945aeaff004532a0ea,"eBay Used Car, Truck & Motorcycle Parts Sale: Extra 10% off + shipping varies",https://www.dealnews.com/eBay-Used-Car-Truck-Motorcycle-Parts-Sale-Extra-10-off-shipping-varies/22235185.html,,2026-10-02T19:03:56Z,cargo shipping,"Enter promo code ""SALVAGED10"" at checkout for 10% off eligible used parts across categories like car & truck parts, tires, engines, lighting, and motorcycle gear on eBay. The discount is capped at $75 per order, with no minimum purchase required, and the code…",Dealnews.com,Unknown,News,2026-10-07T22:51:55.457431Z
773bff3073e371160a99c5121bb6923b,US Coast Guard Says Intercepted Vessel Carrying Fuel for Cuba,https://sputnikglobe.com/20261002/us-coast-guard-says-intercepted-vessel-carrying-fuel-for-cuba-1124827562.html,Sputnik International,2026-10-02T18:51:58Z,cargo shipping,WASHINGTON (Sputnik) - The United States Coast Guard (USCG) on Friday announced that it has seized a vessel shipping a fuel cargo to Cuba.,Sputnikglobe.com,USA,News,2026-10-07T22:51:55.457448Z
370aa95bad92519477a3491f8c07c952,Fanttik X9 Ultra Portable Tire Inflator for Pickup Trucks & RVs for $153 in cart + free shipping,https://www.dealnews.com/Fanttik-X9-Ultra-Portable-Tire-Inflator-for-Pickup-Trucks-RVs-for-153-in-cart-free-shipping/22235092.html,,2026-10-02T18:00:54Z,cargo shipping,"To get this deal, add it to cart and proceed to checkout where you'll see an extra 10% come off the price.  At $153, that's $47 off list and the best price we could find. It combines a tire inflator, a 92.5 Wh power station, and a flashlight in one unit.  It …",Dealnews.com,Unknown,News,2026-10-07T22:51:55.457494Z
e4e9e4df1fbf01ab84f03cb3561b08ca,Port Congestion Ties Up 12% of Global Global Container Shipping Capacity,https://gcaptain.com/port-congestion-ties-up-12-of-global-global-container-shipping-capacity/,Mike Schuler,2026-10-02T17:23:34Z,cargo shipping,Global shipping is not running short of ships. The bigger problem is that a growing share of them are getting caught in congestion. Roughly 12% of global container ship capacity...,gcaptain.com,Global,News,2026-10-07T22:51:55.457547Z
4511dca40a89bb2f1f9071f4f2585f31,Saudis Plan Assault on Houthis to Break Red Sea Chokehold,https://gcaptain.com/saudis-plan-assault-on-houthis-to-break-red-sea-chokehold/,Reuters,2026-10-02T17:07:10Z,cargo shipping,"Saudi Arabia is planning an offensive against Iran-backed Houthi militants in Yemen, with options being considered including a coastal push to secure the Red Sea shipping route or an assault on multiple fronts, regional and Western officials told Reuters.",gcaptain.com,Unknown,News,2026-10-07T22:51:55.457592Z
75edb9513161f2ed8f1d1e4117daedba,Fanttik X8 Apex Portable Tire Inflator Air Compressor for $72 + free shipping,https://www.dealnews.com/Fanttik-X8-Apex-Portable-Tire-Inflator-Air-Compressor-for-72-free-shipping/22235006.html,,2026-10-02T16:55:59Z,cargo shipping,"This Fanttik X8 Apex tire inflator is $72 when you add it to cart and proceed for an extra 10% off in checkout.  that's $28 off list and the lowest price ever on Amazon. It automatically shuts off once it hits the preset pressure, and offers 4 inflation modes…",Dealnews.com,Unknown,News,2026-10-07T22:51:55.457638Z
64eb59a38d39b7e5da3b3cac78a91892,Fanttik Automotive & Portable Power Deals at Amazon: Up to 32% off + extra 10% off + free shipping w/ Prime,https://www.dealnews.com/Fanttik-Automotive-Portable-Power-Deals-at-Amazon-Up-to-32-off-extra-10-off-free-shipping-w-Prime/22234981.html,,2026-10-02T16:32:40Z,cargo shipping,"This sale at Amazon takes up to 32% off Fanttik tools and automotive accessories, with an extra 10% deducted at checkout. The selection includes tire inflators, electric bike pumps, jump starters, car accessories, and more, with prices starting at $17.99 befo…",Dealnews.com,Unknown,Market Report,2026-10-07T22:51:55.457683Z
55d5f1dc21d6b41ba5e90b138303b969,U.S. Coast Guard Intercepts ‘Dark Fleet’ Fuel Shipment to Cuba,https://gcaptain.com/u-s-coast-guard-intercepts-dark-fleet-fuel-shipment-to-cuba/,Mike Schuler,2026-10-02T15:53:35Z,cargo shipping,The U.S. Coast Guard has intercepted a vessel carrying fuel to Cuba after an international enforcement operation found large quantities of fuel concealed inside the ship’s ballast tanks. The Coast Guard...,gcaptain.com,Global,News,2026-10-07T22:51:55.457728Z
449c515a721366ef533f36f1d5d78654,LNG Shipments Through Hormuz Hit Highest Level Since Iran War Began,https://oilprice.com/Energy/Energy-General/LNG-Shipments-Through-Hormuz-Hit-Highest-Level-Since-Iran-War-Began.html,Charles Kennedy,2026-10-02T15:00:00Z,cargo shipping,"A total of 21 LNG cargoes are estimated to have exited the Strait of Hormuz in September, the highest monthly number since the Iran war began, yet well below pre-war levels, shipping data compiled by Reuters showed on Friday. Shipment analytics firm Kpler has…",OilPrice.com,Unknown,Market Report,2026-10-07T22:51:55.457770Z
36d16a8e7361837e74b4dfb6c2b76a5c,The Carbon Cost of Culture: How the Art World Is Confronting Its Shipping Emissions,https://observer.com/2026/10/art-logistics-carbon-footprint/,"Alexander Bradford, Alexander Bradford",2026-10-02T12:00:08Z,cargo shipping,"Alexander Bradford, who leads business development and sustainability at global fine art logistics company Gander & White, explores how the art world is beginning to confront the carbon footprint of its shipping practices. Bradford offers an insider’s look at…",Observer,Global,News,2026-10-07T22:51:55.457851Z
abafd8f1bcbf96e847bb475e8af6f245,"No Lights, No Radio: Getting Oil Through Strait of Hormuz Is a Risky Job",https://www.insurancejournal.com/news/international/2026/10/02/887743.htm,Admin,2026-10-02T11:55:13Z,cargo shipping,The tanker captain summoned his years of experience when he saw the blast in front of him. He veered his 300-meter-long ship around the vessel ahead and could see a fire had started. He called the US Navy to tell …,Insurance Journal,Unknown,News,2026-10-07T22:51:55.457894Z
a64d0e4c7d0e03a5419f4a479daaa70c,"No Lights, No Radio: Getting Oil Through Hormuz Is a Risky Job",https://gcaptain.com/no-lights-no-radio-getting-oil-through-hormuz-is-a-risky-job/,Bloomberg,2026-10-02T11:45:47Z,cargo shipping,The tanker captain summoned his years of experience when he saw the blast in front of him. He veered his 300-meter-long ship around the vessel ahead and could see a fire had started. He called the US Navy to tell them of the attack.,gcaptain.com,Unknown,News,2026-10-07T22:51:55.457936Z
26c567543a6004b4aabfe3461f795f7d,JERA CEO Warns LNG Prices Have Further to Climb,https://oilprice.com/Latest-Energy-News/World-News/JERA-CEO-Warns-LNG-Prices-Have-Further-to-Climb.html,Tsvetana Paraskova,2026-10-02T10:30:00Z,cargo shipping,"The biggest Japanese LNG importer and largest power producer, JERA, does not expect the shipping hurdles for Qatari supply at the Strait of Hormuz to end in time for the winter.  “We don’t expect Qatar LNG coming back to the market soon,” Yukio Kani, chairman…",OilPrice.com,Japan,Market Report,2026-10-07T22:51:55.457983Z
5c88b20e8dd3e96afa5eeeb2d189e832,The Collapse of the Saudi-American Alliance?,https://activistpost.com/the-collapse-of-the-saudi-american-alliance/,Editor,2026-10-02T09:54:00Z,cargo shipping,"Late last week sudden, unexpected developments in the Middle East forced me to refocus my attention to the ongoing conflict in that region. The Houthi forces of Yemen—the widely used name for Ansar Allah–launched a sweeping ground offensive against the Saudi …",Activistpost.com,USA,News,2026-10-07T22:51:55.458039Z
4f544b25a6a06c67736d7f2d4ba68047,Next-generation general cargo vessel ‘Rijnvliet’ arrives at Thessaloniki port,https://www.naftemporiki.gr/english/2169732/next-generation-general-cargo-vessel-rijnvliet-arrives-at-thessaloniki-port/,Ελίζα Καραγιώργη,2026-10-02T09:40:32Z,cargo shipping,"The next-generation general cargo vessel ‘Rijnvliet’, combining diesel and electric propulsion with Econowind’s VentoFoils system, has arrived at the port of Thessaloniki,.
The VentoFoils – mechanical sails resembling aircraft wings…
Next-generation general c…",Naftemporiki.gr,Unknown,News,2026-10-07T22:51:55.458090Z
e707bf7310f280a1ea91c5b499f4df1b,Government extends RELIEF scheme to shield exporters from West Asia logistics disruption,https://www.thehindubusinessline.com/economy/government-extends-relief-scheme-to-shield-exporters-from-west-asia-logistics-disruption/article71536338.ece,BL New Delhi Bureau,2026-10-02T08:52:40Z,cargo shipping,Department of Commerce extends Component II of RELIEF (Resilience & Logistics Intervention for Export Facilitation) via September 30 notification under the Export Promotion Mission,BusinessLine,Unknown,News,2026-10-07T22:51:55.458189Z
2f04a4984dfb2882ea375aa2b8b24749,"The 4 types of Ponant cruise ships, explained",https://thepointsguy.com/cruise/ponant-cruise-ship-class-guide/,Gene Sloan,2026-10-05T13:30:55Z,vessel charter,The Ponant fleet comprises 13 vessels that break down into four types. Here's a guide to each of the classes so you can choose the best ship for your style.,The Points Guy,Unknown,News,2026-10-07T22:51:55.867180Z
423d7d34a54cb4fe7c2c2ce3d65d0e23,"This Week’s Weird and Wonderful—October 2, 2026",https://bringatrailer.com/2026/10/02/this-weeks-weird-and-wonderful-october-2-2026/,bringatrailer,2026-10-02T23:55:54Z,vessel charter,"Welcome to the Weekly Weird and Wonderful, a curated list of the most interesting and unusual vehicles on BaT this week. For the sake of brevity, we can only feature a handful, but there's plenty of popcorn left in the tin—nearly 1,300 auctions are currently …",Bringatrailer.com,Unknown,Market Report,2026-10-07T22:51:55.867231Z
eea8f58509ff42f8f71c69196e41c97d,JOHN MACLEOD: Happy 80th birthday to the Waverley! How a bunch of nerds bought the grand old lady of the Clyde for £1... and saved her from the scrapheap,https://www.dailymail.com/news/article-16176693/JOHN-MACLEOD-Happy-birthday-Waverley-nerds-bought-Clyde-saved-scrapheap.html,John Macleod,2026-10-01T18:43:42Z,vessel charter,"Essentially, the beloved paddle steamer Waverley - launched at the A & J Inglis shipyard, by the Kelvin estuary, 80 years ago today - is in the happiness business.",Dailymail.com,Unknown,News,2026-10-07T22:51:55.867318Z
706bdc1514d925e90ea10617ab97ee11,"‘Below Deck’ Season 13 Cast Photos, Trailer & Premiere Date Set At Bravo",https://deadline.com/gallery/below-deck-season-13-cast-photos-bravo/,Armando Tinoco,2026-09-30T14:55:07Z,vessel charter,"Bravo has set the premiere date for Below Deck Season 13 for Monday, October 12 at 8 p.m. ET. The reality series sees Captain Kerry Titheradge as he embarks aboard a new motor yacht, Azul V, in Phuket, Thailand. Aboard the yacht will be Chief Stew Fraser Olen…",Deadline,Unknown,News,2026-10-07T22:51:55.867417Z
2faad45847bded4ac8e1384505316a2a,"Ozari Health Launches Ozari One: Compounded Tirzepatide Online for $125 a Month, Same Price at Every Dose",https://www.manilatimes.net/2026/10/07/tmt-newswire/globenewswire/ozari-health-launches-ozari-one-compounded-tirzepatide-online-for-125-a-month-same-price-at-every-dose/2440390,Globenewswire,2026-10-06T22:09:59Z,shipping market,"The LegitScript-certified telehealth platform's new plan bills $375 every three months for compounded tirzepatide with B12, filled by one of three named US-licensed 503A compounding pharmacies, with the provider visit and free shipping included, no membership…",The Manila Times,Unknown,News,2026-10-07T22:51:56.444790Z
cb8e06653321e308c6538f03acdedb0d,G7’s 100 Million Barrel Release Is Mostly Already Priced In,https://oilprice.com/Energy/Crude-Oil/G7s-100-Million-Barrel-Release-Is-Mostly-Already-Priced-In.html,Alex Kimani,2026-10-06T22:00:00Z,shipping market,"Following pressure from U.S. President Donald Trump, G7 leaders announced on Friday a coordinated release of 100 million barrels of emergency oil stocks through the IEA, to begin immediately and be completed over four months. Previously, Trump threatened to b…",OilPrice.com,Unknown,News,2026-10-07T22:51:56.444888Z
26c4337eb27d80d8117db0805a4d1f00,vivo X Fold6 review,https://www.gsmarena.com/vivo_x_fold6-review-3006.php,,2026-10-06T21:04:01Z,shipping market,Getting a foldable normally comes with a number of compromises. With the thickness split between the two parts you normally have to live with a...,GSMArena.com,Unknown,Analysis/Opinion,2026-10-07T22:51:56.444917Z
d41bda06f504d5f0b39ed051e09f3e79,"October Prime Day 2026 Tech Deals Under $100: Bose, Samsung, Sony",http://www.billboard.com/culture/product-recommendations/october-prime-day-2026-tech-audio-under-100-discounts-1236354987/,Rudie Obias,2026-10-06T20:50:53Z,shipping market,"October Prime Day 2026: Billboard rounded up the best tech and audio deals under $100 on Amazon: Here's how to find, shop, and buy discounts online.",Billboard,Unknown,News,2026-10-07T22:51:56.444951Z
cf807537732e5b9a9df169c076109d00,Best October Prime Day Apple AirPods Pro Deals Online (2026),http://www.billboard.com/culture/product-recommendations/apple-deals-airpods-pro-october-prime-day-2026-discounts-1236354926/,Rudie Obias,2026-10-06T20:07:39Z,shipping market,"October Prime Day 2026: Apple's popular AirPods Pro, alongside Beats earbuds and headphones, are on sale. How to shop every Apple AirPod Pro sale here",Billboard,Unknown,News,2026-10-07T22:51:56.444989Z
678c65abb374343ce4da292306a458d4,Oil Steady as Middle East Exports Rise,https://www.rigzone.com/news/wire/oil_steady_as_middle_east_exports_rise-06-oct-2026-184788-article/,"M. Gindis, K. Matsuyama, P. Burkhardt",2026-10-06T20:06:08Z,shipping market,Crude prices stabilized as stronger Gulf exports competed with mounting concerns over attacks on tankers and tight global supplies.,Rigzone,Global,Market Report,2026-10-07T22:51:56.445017Z
713c5824e4ebea0e33421c232370f015,Red Light Therapy Devices Are Trending — Get Yours for Over 50% Off During October Prime Day,http://wwd.com/shop/shop-beauty/amazon-prime-big-deal-days-red-light-deals-sales-oct-2026-1239315598/,Stanislava Datskovska,2026-10-06T19:59:42Z,shipping market,"From red light blankets to targeted acne spot treatments, these are the only LED deals you should be focusing on for the duration of Amazon's Prime Big Deal Days.",WWD,Unknown,News,2026-10-07T22:51:56.445126Z
1186ee772ccc2b7b5fb11957197be5ed,My Encounter With A Group of High School Socialists (VANITY),https://freerepublic.com/focus/f-chat/4398179/posts,Myself,2026-10-06T18:37:39Z,shipping market,"This is long, but I think it is important. We are fighting Leftists in the government and media who exclaim the virtues of Socialism, but we forget that there are legions of young people that the Left has been mercilessly (and without consequence to them) ind…",Freerepublic.com,Unknown,News,2026-10-07T22:51:56.445224Z
82df1162dab89bb2da8789c888537b28,"[Prime, SnS] $8.82* | 24oz 365 by Whole Foods Market Pacific Rim Whole Bean Coffee at Amazon",https://slickdeals.net/f/20115495-prime-sns-8-82-24oz-365-by-whole-foods-market-pacific-rim-whole-bean-coffee-at-amazon,phoinix,2026-10-06T17:54:29Z,shipping market,"Amazon [amazon.com] has *24oz 365 by Whole Foods Market Pacific Rim Whole Bean Coffee* for $9.28 - 5% when you check out via Subscribe & Save = *$8.82*. 
*Shipping is free* with Prime or on $35+...",Slickdeals.net,Unknown,Market Report,2026-10-07T22:51:56.445299Z
01cee6082e309b04f2c23f4cbf0807cc,Best October Prime Day Mattress and Bedding Deals (2026),https://www.wired.com/story/prime-day-mattress-deals-10-06-2026/,Molly Higgins,2026-10-06T16:43:34Z,shipping market,"From Birch’s organic mattress to my favorite cooling sheets, these are the Amazon Prime Day discounts worth a look.",Wired,Unknown,News,2026-10-07T22:51:56.445363Z
007f5eeca863d9586f97c94c152afadf,Trump’s Red-Dye Diesel Plan Has a Major Flaw,http://foreignpolicy.com/2026/10/06/red-dye-diesel-trump-hormuz-prices-iran-war/,Keith Johnson,2026-10-06T16:11:52Z,shipping market,"Cutting fuel taxes for truckers might bring a little relief, but it won’t add any new supplies.",Foreign Policy,Unknown,News,2026-10-07T22:51:56.445397Z
1ba794b6bad4fb9be2f592470b8edc55,Centrifuge flags transparency gap as only 29.2% of tokenized assets show verifiable onchain data,https://cryptobriefing.com/centrifuge-onchain-verifiable-data-tokenized-assets/,Kaye Quema,2026-10-06T15:50:44Z,shipping market,"The transparency gap in tokenized assets could hinder institutional adoption and risk management, impacting the broader DeFi ecosystem.
The post Centrifuge flags transparency gap as only 29.2% of tokenized assets show verifiable onchain data appeared first on…",Crypto Briefing,Unknown,News,2026-10-07T22:51:56.445493Z
81614141378f962f844767108be69ef7,"Don't Miss These 14 Prime Day Apple Watch Deals, Including $100 Off the Apple Watch Ultra 4 - CNET",https://www.cnet.com/deals/best-october-prime-day-apple-watch-deals-2026-10-06/,Sneha Iyer,2026-10-06T15:15:22Z,shipping market,"Don't Miss These 14 Prime Day Apple Watch Deals, Including $100 Off the Apple Watch Ultra 4 - CNETcnet.com",CNET,Unknown,News,2026-10-07T22:51:56.445581Z
97a32b6c4887ae4cc351a7702fc721e2,Gulf Producers Say Importers Should Share the Cost of Hormuz Workarounds,https://oilprice.com/Latest-Energy-News/World-News/Gulf-Producers-Say-Importers-Should-Share-the-Cost-of-Hormuz-Workarounds.html,Charles Kennedy,2026-10-06T14:30:00Z,shipping market,The top executives of some of the biggest Gulf oil-producing companies called for external investments into new routes to bypass the Strait of Hormuz and create and expand crude and fuel storage capacity outside the region and closer to consumers. “While the …,OilPrice.com,Unknown,News,2026-10-07T22:51:56.445660Z
78f1aae08e47533727c3e99af442d7c2,Amazon - 365 by Whole Foods Market Organic Sweet Chili Sauce 9 Fl Oz $3.58,https://www.dealcatcher.com/deals/grocery/soups-sauces-canned-goods/by-whole-foods-market-organic-sweet-chili-sauce-fl-oz-417358,Dealcatcher,2026-10-06T14:19:38Z,shipping market,"How to Get This Deal
   Select the ""Subscribe & Save"" option on the product page.
   Choose your preferred delivery frequency.

Free shipping is included with S",Dealcatcher.com,Unknown,Market Report,2026-10-07T22:51:56.445719Z
1d986cd3246f232cd6672199337857a9,"10 years after Brexit, Britain knocking on the door it had slammed shut",https://en.protothema.gr/2026/10/06/10-years-after-brexit-britain-knocking-on-the-door-it-had-slammed-shut/,Αλεξία Αμβράζη,2026-10-06T14:17:23Z,shipping market,"Burnham's willingness to discuss rejoining the EU has drawn fierce reaction at home, but the cost of Britain's isolation, from defence funding to trade and tourism, is proving too large to ignore
The post 10 years after Brexit, Britain knocking on the door it…",Protothema.gr,UK,News,2026-10-07T22:51:56.445766Z
29f83d8122794d0c4636d77121ab4cfb,How Much of Your Customer Support Can AI Really Resolve? The Best Get About 70%. The Median Is 48%. Here’s the Real Data From 13 Vendors,https://www.saastr.com/how-much-of-your-customer-support-can-ai-really-resolve-the-best-get-about-70-the-median-is-48-heres-the-real-data-from-13-vendors/,Jason Lemkin,2026-10-06T14:10:55Z,shipping market,"Exactly how many support and related issues can AI Agents really, truly resolve today?  It’s a good test of just exactly where the latest models and agents are. Now $100M ARR AI CX for ecommerce leader Gorgias (where SaaStr Fund led the seed) has now publishe…",Saastr.com,Unknown,News,2026-10-07T22:51:56.445855Z
4460e266373484973c15bd1b88118742,How Oslo’s Museums Are Confronting the Contradictions in Their Collections,https://observer.com/2026/10/oslo-museums-face-contradictions-collections-colonialism-diversity/,"Naima Morelli, Naima Morelli",2026-10-06T14:00:16Z,shipping market,"Across the city's major art museums, directors including Astrup Fearnley's Solveig Øvstebø describe reworking permanent collections and curatorial frameworks to reflect a more diverse, contemporary understanding of identity.",Observer,Norway,News,2026-10-07T22:51:56.445899Z
9c27b6bbb363e8a2620617571ea70fa1,poordjaevin added to PyPI,https://pypi.org/project/poordjaevin/,,2026-10-06T13:28:57Z,shipping market,"A local-first typed decision layer with calibrated confidence, including an optional Devin ACP backend.",Pypi.org,Unknown,News,2026-10-07T22:51:56.445964Z
9b39fb9a2ac6b5c7c4a8c21c692cbd30,Shoten’s Debut ‘Tribute’ Lens Honors the World’s First f/1.1 Lens,https://petapixel.com/2026/10/06/shotens-debut-tribute-lens-honors-the-worlds-first-f-1-1-lens/,Jeremy Gray,2026-10-06T13:09:28Z,shipping market,"Shoten Koubou's first interchangeable lens, the Shoten Tribute 01 -- LTM 50mm f/1.1, is a gorgeous new lens for Leica M-Mount. At around 115,000 yen, or about $730, it's a modern twist on a classic Japanese-made portrait prime.
[Read More]",PetaPixel,Japan,News,2026-10-07T22:51:56.445994Z
a2562e53a1454dd65599f6e463dd4132,SJ Fall Summit: When The Alternatives Become the First Choice for Logistics,http://wwd.com/sourcing-journal/logistics/highline-commerce-flavorcloud-veho-sourcing-journal-summit-2026-1239302220/,Roy Stephen Canivel,2026-10-06T13:00:00Z,shipping market,"Top officials of Highline Commerce, FlavorCloud, and Veho share what gives them an edge in logistics.",WWD,Unknown,News,2026-10-07T22:51:56.446026Z
9c7159da6e12ba0820e115818d16288a,Weekly Rupee View: Rupee remains vulnerable,https://www.thehindubusinessline.com/portfolio/technical-analysis/weekly-rupee-viewrupee-remains-vulnerable/article71551525.ece,,2026-10-06T12:48:54Z,shipping market,Dollar strength and heavy FPI selling keep the local currency under pressure,BusinessLine,Unknown,Analysis/Opinion,2026-10-07T22:51:56.446049Z
b70bdbecf77aee8cf5e66faea0ab8bee,Trump’s Fact-free Diatribe on the Price of Oil,https://www.globalresearch.ca/trump-fact-free-diatribe-price-oil/5942812,Kurt Nimmo,2026-10-06T12:30:41Z,shipping market,"Another day and another fact-free diatribe by the president of the United States. 
Trump went on his Truth Social (where truth is a rare commodity) and said Democrats have closed down the nation’s refinery capacity, and this is the reason …
The post Trump’s F…",Globalresearch.ca,USA,News,2026-10-07T22:51:56.446126Z
03a4500a03644cf4a490d02fa4b5da4d,A Proposal for Addressing the AI Memory Supply Shortage,https://ipwatchdog.com/2026/10/06/proposal-addressing-ai-memory-supply-shortage/,Alexandros Kazimirov,2026-10-06T12:15:05Z,shipping market,"In economic theory, corporate value creation can be attributed to many factors and conflicting preferences. Prioritizing different factors produces a set of different outcomes and the outcome that is seemingly most efficient becomes the accepted norm. Sometim…",IPWatchdog.com,Unknown,News,2026-10-07T22:51:56.446176Z
051d62fd1de4fe41285b64c5c1434eaa,"Current price of oil as of October 6, 2026",https://fortune.com/article/price-of-oil-10-06-2026/,Joseph Hostetler,2026-10-06T11:45:00Z,shipping market,"When oil prices change, it affects your energy costs—and even the price of everyday items. Here’s why.",Fortune,Unknown,Market Report,2026-10-07T22:51:56.446252Z
4aa89908ca26ed7b0011cb77cd0d0aae,PubX Raises $5 Million And Buys Digital Governance Startup Compliant,http://www.adexchanger.com/ai/pubx-raises-5-million-and-buys-digital-governance-startup-compliant/,Allison Schiff,2026-10-06T11:00:37Z,shipping market,"Andrew Mole, the CEO and co-founder of UK-based agentic AI ad startup pubX, has a theory about why agentic ad tech has a tendency to hallucinate. In his view, it’s not the LLM’s fault. Hallucinations happen when a large language model queries a demand-side pl…",AdExchanger,Unknown,Analysis/Opinion,2026-10-07T22:51:56.446293Z
c64205351af98f9b1e605b5b68e9bbc8,"These LED products are game-changers for anti-aging and hair growth, now on sale",https://nypost.com/2026/10/06/shopping/top-anti-aging-irestore-led-products-to-invest-in-this-prime-day/,Victoria McDonnell,2026-10-06T11:00:00Z,shipping market,Your beauty routine deserves a glow-up.,New York Post,Unknown,News,2026-10-07T22:51:56.446324Z
972d456fc4c06793538ccb9d424808dc,Books that just WORK for me,https://modernmrsdarcy.com/545-episode/,Anne,2026-10-06T10:57:54Z,shipping market,"Reading in retirement has given Debbie Day more time to explore what makes a book ""click"" for her, and she's joining Anne today to talk all about it.
The post Books that just WORK for me appeared first on Modern Mrs Darcy.",Modernmrsdarcy.com,Unknown,News,2026-10-07T22:51:56.446360Z
b267af37102d2116ce19b65c94545a42,Links 10/6/2026,https://www.nakedcapitalism.com/2026/10/links-10-6-2026.html,Conor Gallagher,2026-10-06T10:55:52Z,shipping market,"Our daily links: Fed review of AI credit, plague, Putin goes after Finnish bathrooms, US-Mexico border heats up, and prediction markets for the past.",Nakedcapitalism.com,Unknown,Analysis/Opinion,2026-10-07T22:51:56.446385Z
0bd532f8f3090c2d329defbb41009d4b,Radar Trends to Watch: October 2026,https://www.oreilly.com/radar/radar-trends-to-watch-october-2026/#BlogPosting,Mike Loukides,2026-10-06T10:54:20Z,shipping market,"In addition to the nearly constant stream of model releases, in September we’ve seen price drops, new kinds of models, proofs of long-standing problems in mathematics, and continued investigations into models escaping their sandboxes. (Axios reports investiga…",Oreilly.com,Unknown,Market Report,2026-10-07T22:51:56.446428Z
504482fb1f7d7716e33daf5f0d12b846,These Prime Big Deal Day finds are under $100 — and totally underrated,https://nypost.com/shopping/amazon-prime-big-deal-days-deals-under-100-october-2026/,Miska Salemann,2026-10-06T10:45:00Z,shipping market,Get ready to load your cart!,New York Post,Unknown,News,2026-10-07T22:51:56.446459Z
88198511e42619c6d2c95eedf4864574,Moment Energy and its shipping containers packed with old EV batteries,https://www.technologyreview.com/2026/10/06/1145221/2026-climate-tech-companies-to-watch-moment-energy-shipping-containers-packed-old-ev-batteries/,Emma Foehringer Merchant,2026-10-06T10:35:00Z,shipping market,"Demand for energy storage is surging, with capacity expected to grow eightfold in the next decade. To meet that demand, Moment Energy wants to shortcut a supply chain that now flows largely through China, by domestically repurposing EV batteries into new grid…",MIT Technology Review,China,News,2026-10-07T22:51:56.446527Z
c7c92fbca3ae9dcdf8ae6eae8e019fc9,Ion Exchange Resins Market worth $2.97 billion by 2031 - Exclusive Report by MarketsandMarkets™,https://www.prnewswire.com/news-releases/ion-exchange-resins-market-worth-2-97-billion-by-2031---exclusive-report-by-marketsandmarkets-302899458.html,,2026-10-06T10:15:00Z,shipping market,"DELRAY BEACH, Fla., Oct. 6, 2026 /PRNewswire/ -- According to MarketsandMarkets™, the Ion Exchange Resins Market is projected to reach USD 2.97 billion by 2031 from USD 2.34 billion in 2026, at a CAGR of 4.8%. Browse 218 market data Tables and 45 Figures spre…",PRNewswire,Unknown,Market Report,2026-10-07T22:51:56.446572Z
9c96a92d42415058bda2888830c909bf,You can still reach your 2026 reading goals with October Prime Day Kindle deals,https://nypost.com/shopping/amazon-prime-big-deal-days-kindle-deals-october-2026/,Angela Tricarico,2026-10-06T10:00:00Z,shipping market,"If you only buy one thing from this sale, make it a Kindle.",New York Post,Unknown,News,2026-10-07T22:51:56.446600Z
bb9857e36f465a955ad46c469cf3f203,Get cheeky: Spanx and Olay Just teamed up for Prime Day,https://nypost.com/2026/10/06/shopping/spanx-and-olay-launch-77-prime-day-bundle/,Victoria McDonnell,2026-10-06T10:00:00Z,shipping market,Face and booty are now happy.,New York Post,Unknown,News,2026-10-07T22:51:56.446623Z
dc5d717d29f595811267a89c47ec338b,Gold Auctions on eBay Live for Deals from $1 + free shipping,https://www.dealnews.com/Gold-Auctions-on-eBay-Live-for-Deals-from-1-free-shipping/22249117.html,,2026-10-06T09:11:05Z,shipping market,"If you're in the market for gold coins and bullion, eBay Live is a good spot to shop. You can take part in live auctions, where bids start as low as a buck. Independent sellers like Rock River Coins, PCB Hobby, and Profile Coins and Collectibles run themed se…",Dealnews.com,Unknown,Market Report,2026-10-07T22:51:56.446694Z
47191ad31423094e5e54c238bf3fdca1,Global Market: Gulf oil flows rebound to 81% of pre-war levels in September,https://economictimes.indiatimes.com/markets/us-stocks/wall-street-guide/global-market-gulf-oil-flows-rebound-to-81-of-pre-war-levels-in-september/articleshow/134730619.cms,Anupam Nagar,2026-10-06T08:52:14Z,shipping market,"Gulf oil flows excluding Iran recovered to 81% of pre-war levels in September, supported by a sharp rebound in Saudi Arabian exports. Crude and condensate shipments reached 91% of pre-war levels, while refined fuel exports remained weaker. Volatile daily flow…",The Times of India,Global,Market Report,2026-10-07T22:51:56.446812Z
4cf734d8a03bce21e28a9b6562b91f1d,October Prime Day headphone deals are music to our ears — Save up to 60%,https://nypost.com/shopping/amazon-prime-big-deal-days-headphone-deals-october-2026/,Angela Tricarico,2026-10-06T08:30:00Z,shipping market,Many of the headphones our team has tried and loved are on sale today.,New York Post,Unknown,News,2026-10-07T22:51:56.446845Z
a92dd252235f34ba63aa81572c51b46a,These 25+ October Prime Day vacuum deals are editor-tested and approved,https://nypost.com/shopping/amazon-prime-big-deal-days-vacuum-deals-october-2026/,Nishka Dhawan,2026-10-06T08:15:00Z,shipping market,Deals up to 84% off.,New York Post,Unknown,News,2026-10-07T22:51:56.446890Z
da37112e55b0a959a7fd5765bf487f2e,Gift Cards Deals at Amazon: Up to 20% off w/ Prime + free shipping,https://www.dealnews.com/Gift-Cards-Deals-at-Amazon-Up-to-20-off-w-Prime-free-shipping/22248983.html,,2026-10-06T07:50:17Z,shipping market,"Amazon's takes up to 20% off a selection of gift cards to popular dining, retail, and entertainment brands for Prime Day. Options include restaurant cards from Dave & Buster's, Domino's, and Applebee's, as well as retail cards from Old Navy, H&M, and adidas. …",Dealnews.com,Unknown,News,2026-10-07T22:51:56.446960Z
501a27095d9e0d7beb3dd89c00525324,51+ October Prime Day beauty deals I’m shopping as a beauty writer,https://nypost.com/shopping/amazon-prime-big-deal-days-beauty-deals-october-2026/,Victoria McDonnell,2026-10-06T07:45:00Z,shipping market,"I test all things beauty, and this is truly what to stock up on.",New York Post,Unknown,News,2026-10-07T22:51:56.446991Z
2d2fe4caaa3ec63638eaedebe074e60e,Three Agent Platforms Announced Without Prices — The Infrastructure Pricing Gap,https://forkast.news/three-agent-platforms-announced-without-prices-the-infrastructure-pricing-gap/,Blair Hayes,2026-10-06T05:26:17Z,shipping market,"Three of the biggest names in agent infrastructure shipped product announcements in the last two weeks. Meta launched its Enterprise Platform on September 28, bundling the Muse agent, Meta Business Agent, Muse API, and Muse Code into a single enterprise play.…",Forkast.news,Unknown,Market Report,2026-10-07T22:51:56.447175Z
c6e524b803f31704e55bc5851c75bf70,Google Cloud to shut down Blockchain Node Engine and hand customers to Quicknode,https://cryptobriefing.com/google-cloud-blockchain-node-engine-quicknode/,Estefano Gomez,2026-10-06T04:36:12Z,shipping market,"Google Cloud's exit from blockchain nodes may reshape infrastructure dynamics, boosting Quicknode's market position and influencing future partnerships.
The post Google Cloud to shut down Blockchain Node Engine and hand customers to Quicknode appeared first o…",Crypto Briefing,Unknown,Market Report,2026-10-07T22:51:56.447218Z
c15b395ff2c3e1a3ff659a4acf067677,Crude oil price gains on reports of Houthi attacks on Saudi sites,https://www.thehindubusinessline.com/markets/commodities/crude-oil-price-gains-on-reports-of-houthi-attacks-on-saudi-sites/article71549941.ece,BL Mangaluru Bureau,2026-10-06T04:15:22Z,shipping market,"At 9.35 am on Tuesday, December Brent oil futures were at $100.58 up by 0.26%, and November crude oil futures on WTI (West Texas Intermediate) were at $89.61, up by 0.20%",BusinessLine,Unknown,Market Report,2026-10-07T22:51:56.447250Z
e4553cc99894a8de43a08762824fb9e4,[Prime] Intel Core Ultra 7 270k Plus $424.83 Delivered @ Amazon Germany via AU,https://www.ozbargain.com.au/node/977891,cheapderp,2026-10-06T02:33:32Z,shipping market,Long (long) time lurker first time poster. Just starting a new Intel build and saw this. I've been out of the PC parts game for a long time and it seems Intel is out of favour but apparently …,Ozbargain.com.au,Germany,News,2026-10-07T22:51:56.447322Z
9788d2b0c86829a96b989b9363dc8911,Oil Price Today (October 6): Crude oil below $101 as supply concerns ease but Houthi attack keeps traders on edge,https://economictimes.indiatimes.com/markets/commodities/news/oil-price-today-october-6-crude-oil-below-101-as-supply-concerns-ease-but-houthi-attack-keeps-traders-on-edge/articleshow/134721048.cms,Veer Sharma,2026-10-06T02:17:56Z,shipping market,"Brent crude futures gained 20 cents to $100.54 a barrel, while US West Texas Intermediate crude futures rose 12 cents, or 0.13%, to $89.50 a barrel. Oil was little changed after Monday’s decline as traders continued to assess a modest reduction in supply-side…",The Times of India,Unknown,News,2026-10-07T22:51:56.447371Z
f7ceb52d776d94e327078ef0f7d05374,Oil prices slip as traders weigh strong Mideast exports against Gulf tensions,https://economictimes.indiatimes.com/markets/commodities/news/oil-prices-slip-as-traders-weigh-strong-mideast-exports-against-gulf-tensions/articleshow/134720871.cms,Reuters,2026-10-06T02:02:58Z,shipping market,"Oil prices slipped as a result of heightened crude exports from the Middle East, alongside a stockpile release by the G7. Brent crude futures decreased to $100.28 a barrel, while US West Texas Intermediate dropped to $89.33. The recent Houthi attacks on Saudi…",The Times of India,Unknown,Market Report,2026-10-07T22:51:56.447416Z
4d2832ddb236cf959166df2103983028,TikTok Kicks Off Agentic Commerce Push With AI Shopping Assistant,https://www.pymnts.com/commerce/social-commerce/2026/tiktok-kicks-off-agentic-commerce-push-with-ai-shopping-assistant/,PYMNTS,2026-10-05T23:55:24Z,shipping market,"TikTok has introduced an in-app checkout solution and an artificial intelligence (AI) shopping assistant, saying in a Monday (Oct. 5) press release that these are the first of several agentic commerce experiences the company is adding to its platform. The in-…",pymnts.com,Unknown,News,2026-10-07T22:51:56.447512Z
3ecab5c5ede419ac11a1c2dbded0b841,TikTok adds an AI shopping assistant and one-click checkout to its app,https://thenextweb.com/news/tiktok-ai-shopping-assistant-buy-direct-checkout,Ana Maria Constantin,2026-10-05T22:23:11Z,shipping market,"TikTok is adding an AI shopping assistant and one-click checkout to its app. The two features let users buy directly from brands without leaving TikTok, the company said in an announcement at Advertising Week New York on Monday. Buy Direct is an in-app checko…",The Next Web,Unknown,News,2026-10-07T22:51:56.447604Z
f178075cb20f7ceed32151f8c161bc7b,G7 Oil Stocks Release Is A Band-Aid Fix in Broken Fuel Market,https://oilprice.com/Energy/Energy-General/G7-Oil-Stocks-Release-Is-A-Band-Aid-Fix-in-Broken-Fuel-Market.html,Tsvetana Paraskova,2026-10-05T22:00:00Z,shipping market,"Crude oil prices and middle distillate cracks slumped at the end of last week as the G7 group of nations announced the release of 100 million barrels of oil stocks over four months, including a front-loaded substantial diesel release within the first 20 days …",OilPrice.com,Unknown,Market Report,2026-10-07T22:51:56.447645Z
dcd8c3fb47f4ffc3c00bc13fc4e4e281,The Only Fashion & Beauty Brands You Should Be Shopping During Amazon’s October Prime Day,http://wwd.com/shop/shop-fashion/amazon-prime-big-deal-days-fashion-beauty-sales-oct-2026-1239312389/,Stanislava Datskovska,2026-10-05T21:45:56Z,shipping market,"We round up Prime Big Deal Days markdowns that are actually worth your time, spanning luxury LED masks, designer handbags, and more gems found at Amazon.",WWD,Unknown,News,2026-10-07T22:51:56.447684Z
a2391a971ad6f871f676fddbe7d5eb9b,Interdependence and Its Limits | Sinification: September 2026,https://sinocism.com/p/interdependence-and-its-limits-sinification,James Farquharson,2026-10-05T21:06:50Z,shipping market,US-China | Global Order | Brazil | India | Russia and North Korea | Economy | AI and Tech | State and Society,Sinocism.com,China,News,2026-10-07T22:51:56.447718Z
b7bc899bd3041d6ddcec057302d3f034,How Christina Zhu turned Sam’s Club into Walmart’s unlikely growth engine in China,https://fortune.com/2026/10/05/walmart-china-sams-club-growth-christina-zhu-consumer-slump-fast-delivery/,Nicholas Gordon,2026-10-05T20:22:32Z,shipping market,"Walmart China’s first native Chinese CEO is leaning on Sam’s Club, smaller portion sizes, and an ultrafast delivery network to drive growth in a strained consumer economy.",Fortune,China,News,2026-10-07T22:51:56.447738Z
870cadb237992195c5b26e84fb8e0eea,Oil Slides on Saudi Price Cut,https://www.rigzone.com/news/wire/oil_slides_on_saudi_price_cut-05-oct-2026-184777-article/,"M. Gindis, K. Matsuyama, P. Burkhardt",2026-10-05T20:07:58Z,shipping market,Crude prices declined as Saudi Arabia cut Asian prices and Hormuz oil flows improved.,Rigzone,Unknown,Market Report,2026-10-07T22:51:56.447809Z
1d432d8890083bb596ee346889c622ad,Aviat Advances India Strategy with License-to-Manufacture Partnership,https://www.prnewswire.com/news-releases/aviat-advances-india-strategy-with-license-to-manufacture-partnership-302897985.html,,2026-10-05T20:05:00Z,shipping market,"License-to-manufacture model strengthens Aviat's ability to serve India's growing microwave market AUSTIN, Texas, Oct. 5, 2026 /PRNewswire/ -- Aviat Networks, Inc. (NASDAQ: AVNW), the expert in wireless transport and access solutions, today announced a licens…",PRNewswire,India,Market Report,2026-10-07T22:51:56.447830Z
9eb888eed644c420291960b88474d401,"OpenSSH Ships on Every Mac, Linux Server and Windows. Its Creator Trusts No One",https://zbruceli.org/blog/the-man-who-trusts-no-one/,zbruceli,2026-10-05T19:25:20Z,shipping market,"OpenSSH creator Theo de Raadt was pushed out of NetBSD, lost a DARPA grant and fought half of open source. Now his paranoid code guards the world's servers.",Zbruceli.org,Unknown,News,2026-10-07T22:51:56.447864Z
2b082d72352a48fc2819f408e062d618,Saudi-Backed Yemeni Forces Expel Houthis From Several Areas Around Key Strait,https://www.huffpost.com/entry/saudi-backed-yemeni-forces-expel-houthis-key-strait-iran_n_6ac3ec19e4b0f45fd4cdf612,HuffPost,2026-10-05T18:38:19Z,shipping market,The Saudi-led coalition fighting in Yemen says it has recaptured key areas around the Bab el-Mandeb Strait from Houthi rebels.,HuffPost,Unknown,News,2026-10-07T22:51:56.447899Z
6d72aa13d6f4f838c4e9c6ad4e0258c9,TikTok rolls out an AI shopping assistant and one-click checkout | TechCrunch,https://techcrunch.com/2026/10/05/tiktok-rolls-out-an-ai-shopping-assistant-and-one-click-checkout/,Aisha Malik,2026-10-05T18:29:33Z,shipping market,TikTok describes its new Shopping Assistant as a conversational AI agent designed to help users discover and purchase products.,TechCrunch,Unknown,News,2026-10-07T22:51:56.447977Z
9008d7026440999d38bdc3198e5f8876,SEC Clears 3x Leveraged Bitcoin and Ethereum Funds for Trading,https://decrypt.co/380108/sec-clears-3x-leveraged-bitcoin-ethereum-funds,Jose Antonio Lanz,2026-10-05T18:12:28Z,shipping market,"The agency approved a Cboe rule letting six Volatility Shares funds that triple the daily moves of Bitcoin, Ethereum, gold, silver, oil, and natural gas list on a U.S. exchange.",Decrypt,Unknown,Market Report,2026-10-07T22:51:56.448008Z
9b42f29ceb149df6d018480e2948f10e,"Mideast oil exports top prewar levels, but ship attacks increase",https://www.nbcnews.com/business/energy/hormuz-oil-exports-increase-ship-attacks-rcna601597,Reuters,2026-10-05T18:00:39Z,shipping market,"Tanker attacks in the Strait of Hormuz are increasing, as Saudi Arabia drives Middle East oil exports past prewar levels.",NBC News,Unknown,News,2026-10-07T22:51:56.448039Z
650250159ce3d92ca2779d933fd84fe5,Gulf oil exports tops pre-war levels amid ships facing ‘unpredictable’ threats,https://nypost.com/2026/10/05/world-news/gulf-oil-exports-exceeded-pre-war-levels-as-ships-face-threats/,Reuters,2026-10-05T17:36:21Z,shipping market,"Led by Saudi Arabia, Gulf oil exports hit 18.3 million barrels-per-day in September, topping pre-war levels despite rising tanker attacks in Hormuz.",New York Post,Unknown,News,2026-10-07T22:51:56.448079Z
fa6d114c349d49d02bda6973b1730acc,To supply two million tons of liquefied natural gas to Thailand. Agreement between ADNOC and Gulf Group,https://www.voiceofemirates.com/en/business/oil-and-gas/2026/10/05/to-supply-two-million-tons-of-liquefied-natural-gas-to-thailand-agreement-between-adnoc-and-gulf-group/,Sami Zarqa,2026-10-05T15:44:52Z,shipping market,"Abu Dhabi, UAE - ADNOC announced on Monday the signing of a multi-year sale and purchase agreement with Gulf Group, the energy and infrastructure company",Voiceofemirates.com,Unknown,News,2026-10-07T22:51:56.448446Z
20c4a76b0f163437e79a9a5f0a00c9c4,Google Acknowledges Some Android Apps Don’t Run Well on Intel-Based Googlebooks,https://www.thurrott.com/?p=342440,Laurent Giret,2026-10-05T15:39:10Z,shipping market,"If Google promised the best of ChromeOS and Android on the new Googlebook laptops that have just started shipping in select markets, the company has now acknowledged some app compatibility issues on Intel-powered devices.
The post Google Acknowledges Some And…",Thurrott.com,Unknown,Market Report,2026-10-07T22:51:56.448489Z
e7034de1e554f18f09c3e435fb0f6cd0,What to know as the fighting in Yemen escalates while US-Iran tensions remain high,https://abcnews.com/International/wireStory/fighting-yemen-escalates-us-iran-tensions-remain-high-137033030,"SAMY MAGDY Associated Press, FATMA KHALED Associated Press, MUNIR AHMED Associated Press",2026-10-06T14:01:18Z,Suez Canal,Saudi Arabia and its allies in the Yemeni government have launched a military campaign to reclaim territory near the Bab al-Mandeb Strait from Houthi rebels,Abcnews.com,Unknown,News,2026-10-07T22:51:56.894879Z
949f1ccfc1b771c5540a69691c205368,The trial and humiliation of Sami Abu Shehadeh,https://mondoweiss.net/2026/10/the-trial-and-humiliation-of-sami-abu-shehadeh/,Abdaljawad Omar,2026-10-05T14:40:53Z,Suez Canal,"Palestinians with Israeli citizenship are no longer asked to pledge allegiance, but to renounce their own history. Palestinian Knesset candidate Sami Abu Shehadeh did exactly that before Israel's Supreme Court, and was pushed out anyway.",Mondoweiss,Unknown,News,2026-10-07T22:51:56.895222Z
94b7402b44300926f91f3db56e47b12b,Houthis Claim Strike on Aramco Facility in Riyadh as Yemen Fighting Escalates,https://oilprice.com/Latest-Energy-News/World-News/Houthis-Claim-Strike-on-Aramco-Facility-in-Riyadh-as-Yemen-Fighting-Escalates.html,Charles Kennedy,2026-10-05T13:30:00Z,Suez Canal,"Despite reports of surging oil flows out of the Strait of Hormuz, tensions in the Middle East remain high as the fresh Saudi-Houthi escalation threatens to unravel recent success in restoring oil exports. This weekend, the Iran-aligned Houthis claimed a missi…",OilPrice.com,Unknown,Market Report,2026-10-07T22:51:56.895270Z
694f1b8784a133b7b86485c5313e4f70,Replenishing crude stocks could take two years - Aramco,https://www.rte.ie/news/business/2026/1005/1594071-replenishing-crude-stocks-could-take-two-years-aramco/,RTÉ News,2026-10-05T13:20:33Z,Suez Canal,"The squeeze on crude oil and refined fuels is set to tighten, and it could take up to two years to refill global stockpiles drawn on as an emergency measure, the chief executive of the world's biggest oil company Saudi Aramco said today.",RTE,Global,News,2026-10-07T22:51:56.895309Z
edeaf40ff8249953dcabf1190c4f1392,Securing energy and trade flows in geo-economic conflicts,https://www.politico.eu/sponsored-content/securing-energy-and-trade-flows-in-geo-economic-conflicts/,"Mouza Hasan Almarzooqi, director of the Economic Studies Department, TRENDS Research and Advisory",2026-10-05T04:00:00Z,Suez Canal,The Straight of Hormuz’s closure this year highlighted the fragility of trade routes and the Middle East’s importance for supplying the world. What can be done to be better in securing exports?,POLITICO.eu,Unknown,News,2026-10-07T22:51:56.895350Z
9c429d9c06f74e6e40b650501d33ae78,"U.S. waives $320 million in Egypt military aid conditions, citing Iran war role",https://www.naturalnews.com/2026-10-03-us-waives-320m-in-egypt-military-aid-conditions.html,Willow Tohi,2026-10-03T06:00:00Z,Suez Canal,"The United States waived human-rights conditions on $320 million in Foreign Military Financing for Egypt in fiscal year 2025. Secretary of State Marco Rubio cited Egypt’s mediation role after Operation Epic Fury, the U.S.-Israeli campaign against Iran launche…",Naturalnews.com,USA,News,2026-10-07T22:51:56.895379Z
9a188d75015f449a83983bc905bfaef0,Africa’s Unseen Solar Energy Revolution,https://cleantechnica.com/2026/10/02/solar-energy-africa-wildlife-national-geographic-documentary/,Tina Casey,2026-10-02T12:09:23Z,Suez Canal,"The larger-than-life continent of Africa has emerged as a hotspot for solar energy developers, especially in the distributed resources sector.
The post Africa’s Unseen Solar Energy Revolution appeared first on CleanTechnica.",CleanTechnica,Unknown,News,2026-10-07T22:51:56.895443Z
434af44e7422bd413e94f3fa3d0ab9db,"Saudi-led coalition says power station attacked in Medina, blames Houthis",https://www.aljazeera.com/news/2026/10/1/saudi-led-coalition-says-power-station-attacked-in-medina-blames-houthis,Al Jazeera Staff,2026-10-01T19:03:14Z,Suez Canal,"At the same time in Yemen, the Saudi-backed government army says it is inflicting heavy losses on the Houthis in Taiz.",Al Jazeera English,Unknown,News,2026-10-07T22:51:56.895560Z
f3f7a3cba90d18ef2844de4bb140430a,Premier Alliance Prepares for Asia-N Europe Services Return to Suez,https://gcaptain.com/premier-alliance-prepares-for-asia-n-europe-services-return-to-suez/,The Loadstar,2026-10-01T17:42:26Z,Suez Canal,"October will see almost all global ocean carriers make a tentative return to Suez transits on Asia-Europe sailings, after revised pro forma shipping schedules show the Premier Alliance is set to send one of its vessels on the route through the Red Sea and Egy…",gcaptain.com,Egypt,News,2026-10-07T22:51:56.895601Z
288875347f75a96b912ec5f91c69239e,Analysts Look at WTI-Brent Spread,https://www.rigzone.com/news/analysts_look_at_wtibrent_spread-01-oct-2026-184747-article/,Andreas Exarheas,2026-10-01T11:45:22Z,Suez Canal,Rigzone talks to analysts from the PRICE Futures Group and B. Riley Wealth.,Rigzone,Unknown,News,2026-10-07T22:51:56.895626Z
a735f1c51bd784925a6451e781f41301,PPA S.A. shows resilience; €106.7 million in investments,https://www.naftemporiki.gr/english/2168456/ppa-s-a-shows-resilience-e106-7-million-in-investments/,Γιάννα Βαρδαλαχάκη,2026-09-30T04:38:50Z,Suez Canal,"Piraeus Port Authority S.A. (PPA S.A.) announced its financial results for the first half of 2026, highlighting resilient revenue performance and a smaller year-on-year decline in profitability compared with the…
PPA S.A. shows resilience; €106.7 million in i…",Naftemporiki.gr,Greece,News,2026-10-07T22:51:56.895724Z
a345a2786eda0138bcb68c00449f3207,Eisenhower and Washington Both Spoke Out Against War,https://original.antiwar.com/rep-john-j-duncan-jr/2026/09/29/eisenhower-and-washington-both-spoke-out-against-war/,"Rep. John J. Duncan, Jr.",2026-09-30T00:00:22Z,Suez Canal,"“God help the Nation when it has a President who doesn’t know as much about the military as I do.” ~ President Dwight D. Eisenhower speaking to his White House Staff Secretary, Gen. Andrew Goodpaster These words are quoted in a book about Eisenhower’s foreign…",Antiwar.com,Unknown,News,2026-10-07T22:51:56.895770Z
d77d49c24685d1d028d15e77ee4b8997,3PL Study: Nearshoring and AI Are Changing What Shippers Expect From 3PLs,http://wwd.com/sourcing-journal/logistics/3pl-study-nike-nearshoring-ai-third-party-logistics-cscmp-penske-1239316246/,Glenn Taylor,2026-10-06T20:13:37Z,Panama Canal,Nike’s reported push to move more production to North America reflects a broader shift among shippers as geopolitical disruptions drive sourcing diversification and put new demands on 3PLs.,WWD,USA,Market Report,2026-10-07T22:51:57.334865Z
e43e73adf69a7dd0c65a18033bc7b309,"SILVERSEA UNVEILS 103 NEW SAILINGS FOR 2028-2029, INCLUDING NEW S.A.L.T. CULINARY VOYAGES AND A SOUTH AMERICA CIRCUMNAVIGATION",https://www.prnewswire.com/news-releases/silversea-unveils-103-new-sailings-for-2028-2029-including-new-salt-culinary-voyages-and-a-south-america-circumnavigation-302900199.html,,2026-10-06T18:37:00Z,Panama Canal,"From Carnival in Rio to truffle season in Tuscany, Silversea's newest sailings place guests at the heart of the world's most captivating cultural moments across 56 countries MIAMI, Oct. 6, 2026 /PRNewswire/ -- Silversea, the leading experiential luxury and ex…",PRNewswire,USA,News,2026-10-07T22:51:57.334967Z
76420a851297393f6d07341cbde6b37a,"Jeffrey Archer lived a life more curious, colourful and at times outrageous than any he could have concocted on the page",https://www.dailymail.com/news/article-16186453/Jeffrey-Archer-life-obituary-writer-Tory-MP-prison.html,Fred Kelly,2026-10-06T10:49:10Z,Panama Canal,"By the time of his death yesterday, Jeffrey Archer had not only sold more than 320million books, but lived a life more curious, colourful and outrageous than any he could have concocted on the page.",Dailymail.com,Unknown,News,2026-10-07T22:51:57.335048Z
bbae160993761bb2867022a688bac94c,Coronado Island,https://mvdirona.com/2026/10/coronado-island/,MVDirona,2026-10-05T13:00:09Z,Panama Canal,"Coronado Island in San Diego boasts one of the best beaches in the US, and has been a beach resort town since the Hotel del Coronado was built in 1888. With 750 rooms, it was the largest resort in the world at the time. Visitors reached the hotel on the Coron…",Mvdirona.com,Unknown,News,2026-10-07T22:51:57.335099Z
bc3c78936069698d9f426e4cb30d85e5,Why Are the Giant Trees of the Tropics Dying? And Why Is One Species Thriving?,https://www.kuriositas.com/2026/10/why-are-giant-trees-of-tropics-dying.html,noreply@blogger.com (Admin),2026-10-03T08:15:05Z,Panama Canal,"When the Panama Canal was created, so was an island.  The island of Barro Colorado sprang into
being when the surrounding mountainous terrain was turned into a lake thanks to
the canal.  Since then, the island has
become on of the most studied on the planet, …",Kuriositas.com,Panama,News,2026-10-07T22:51:57.335277Z
2ff292a765984065ca6bb9490debf728,Toward A Better America,https://www.americanthinker.com/articles/2026/10/toward-a-better-america/,,2026-10-03T04:00:00Z,Panama Canal,"Photo Credit:ChatGPT
 
 ChatGPT for American ThinkerBy David PrenticeUntil the midterms, we will be watching a massively coordinated attack denigrating all the good that has happened since Trump won in 2024",Americanthinker.com,USA,News,2026-10-07T22:51:57.335299Z
de97271fe90dbc056180e28d5d49d566,Claude-Shaped Science,https://www.anthropic.com/research/claude-shaped-science,Anthropic,2026-10-02T13:38:03Z,Panama Canal,"Matthew Schwartz describes what happened when he stopped fighting Claude and allowed Claude to find “Claude-shaped” problems. This led him to build BootLoops, a toolkit for exact calculations in quantitative science, which he has been applying across scientif…",Anthropic.com,Unknown,News,2026-10-07T22:51:57.335380Z
c5a7b81b379bb41d217231056acbfa1a,High-season escape to Panama ️ Turkish Airlines flights from Italy from €572,https://www.fly4free.com/flight-deals/europe/turkish-airlines-flights-from-italy-to-panama-e572/,Maria Shvab,2026-10-02T13:00:39Z,Panama Canal,"Dreaming of a tropical escape without breaking the bank? This incredible deal on Turkish Airlines flights from Italy to Panama, starting from just €572 return, is your ticket to paradise. Imagine landing in a destination where lush rainforests meet golden bea…",Fly4free.com,Turkey,News,2026-10-07T22:51:57.335421Z
a1f0be1c2c058a6d02df40c2c008ac2a,UN Says Global Fuel Subsidies Could Top $1 Trillion,https://oilprice.com/Latest-Energy-News/World-News/UN-Says-Global-Fuel-Subsidies-Could-Top-1-Trillion.html,Tsvetana Paraskova,2026-10-02T09:30:00Z,Panama Canal,"Fuel subsidies amid the oil price shock could exceed $1 trillion this year, the United Nations said, warning that many governments are running out of fiscal resources to sustain subsidies, fuel tax reductions, or price caps.  Estimates in a United Nations Dev…",OilPrice.com,Global,News,2026-10-07T22:51:57.335465Z
565d1cc24466ff7349cefe796a03757a,Luxury cruising is changing. These new ships show where it’s headed,https://cnaluxury.channelnewsasia.com/experiences/new-luxury-cruise-ships-2026-295551,,2026-10-01T23:24:41Z,Panama Canal,"From Four Seasons’ first superyacht-style vessel to the world’s largest sailing yacht, a new generation of luxury ships is promising more space, privacy and personalised experiences.",CNA,Unknown,News,2026-10-07T22:51:57.335558Z
549bff88049a2eb1eb82210be725c4f3,U.S. exports of propane reached records in the first half of 2026,https://www.eia.gov/todayinenergy/detail.php?id=68244,,2026-10-01T14:00:00Z,Panama Canal,"U.S. propane exports increased to 2 million barrels per day (b/d) in the first half of 2026, 11% more than during the same period in 2025. Increased U.S. propane production and changing trade flows, particularly increased exports to India and other countries …",Eia.gov,India,News,2026-10-07T22:51:57.335585Z
17a8f87d275bf389f5e8b1f59b7801cd,Global Shipping Faces A Perfect Storm,https://biztoc.com/x/a7a5eff76a47c746,tippinsights.com,2026-09-30T19:46:58Z,Panama Canal,"Conflict in the Red Sea, the closure of the Strait of Hormuz, and climate-driven draft limits at the Panama Canal are squeezing global shipping at once, leaving operators with few options for rerouting.
Before the US-Israeli war on Iran began on February 28, …",Biztoc.com,Panama,News,2026-10-07T22:51:57.335624Z
48c034c38f266db720a59611b0bafe80,The impacts of this year’s record-shattering El Niño,https://skepticalscience.com/impacts-record-shattering-el-nino.html,,2026-09-30T06:05:35Z,Panama Canal,"This is a re-post from The Climate Brink
The 2026-27 El Niño is on track to be the strongest event in the instrumental record. The latest (September 2026) runs of the 14 seasonal forecast models that I track over at the Climate Dashboard put the event’s peak …",Skepticalscience.com,Unknown,Analysis/Opinion,2026-10-07T22:51:57.335707Z
9cfea3695eacc55aec9978e8721a0e39,The Future of Shipbuilding in Southeast Asia,https://thediplomat.com/2026/09/the-future-of-shipbuilding-in-southeast-asia/,Maxwell Abbott,2026-09-30T00:19:00Z,Panama Canal,There are significant opportunities – and risks.,The Diplomat,Unknown,News,2026-10-07T22:51:57.335737Z
84aac393914919e67584232a0c8b957e,Port Of Savannah Ocean Terminal Renovation Passes 60% — $29 Million Overpass Already Rerouting Truck Traffic,https://freerepublic.com/focus/f-bloggers/4397360/posts,Georgia Record,2026-09-30T00:02:45Z,Panama Canal,"Renovations to Ocean Terminal at the Port of Savannah are now more than 60% complete, with the project on track to make Savannah one of the most capable container ports on the East Coast, the Georgia Ports Authority announced Tuesday at its board of directors…",Freerepublic.com,Unknown,News,2026-10-07T22:51:57.335791Z
8af52b127fcd2df62347ed33fd454e69,Remembering The False Gloom And Doom Of The 1992 Elections—And The Upcoming Midterms,https://victorhanson.com/remembering-the-false-gloom-and-doom-of-the-1992-elections-and-the-upcoming-midterms/,"September 30, 2026",2026-09-30T00:00:00Z,Panama Canal,"In 1992, Bill Clinton won the presidential election partly on the basis of his campaign’s false accusation that George H. W. Bush had overseen “the worst economic performance since the Great Depression.” Or so claimed Clinton’s running mate Al Gore.",Victorhanson.com,Unknown,News,2026-10-07T22:51:57.335841Z
b9b55f93ff4cb9574ce744c6c2e78507,Bulgarian tankers struck in Black Sea as shipping fears mount,https://biztoc.com/x/5df8e55a5df28a84,semafor.com,2026-10-06T22:40:48Z,Black Sea shipping,"Drones struck two tankers in the Black Sea near Bulgaria on Tuesday, in the first attack on shipping in the NATO member’s exclusive economic zone.
The strikes come amid wars in Europe and the Middle East in which commercial shipping is regularly targeted, rai…",Biztoc.com,Unknown,News,2026-10-07T22:51:57.808911Z
1bc49bd497f238b3aaa2da27c82841e5,Crew missing after drone sinks ship in Black Sea off Bulgaria,https://www.abc.net.au/news/2026-10-07/crew-missing-after-drone-sinks-ship-in-black-sea/107235430,,2026-10-06T17:14:47Z,Black Sea shipping,"Bulgaria's prime minister says the Russian war in Ukraine risks becoming a ""global conflict"" if it was not brought to an end, after drones struck two vessels in the Black Sea.",ABC News (AU),Russia,News,2026-10-07T22:51:57.809003Z
34c31a35e8d1c246056ab8e9b442493d,IMO Chief Decries Rising Toll on Seafarers Caught in Conflict,https://gcaptain.com/imo-chief-decries-rising-toll-on-seafarers-caught-in-conflict/,Mike Schuler,2026-10-06T15:44:57Z,Black Sea shipping,"Five seafarers were killed during the rescue of a hijacked ship off Somalia last week, prompting International Maritime Organization Secretary-General Arsenio Dominguez to issue yet another statement mourning merchant mariners...",gcaptain.com,Global,News,2026-10-07T22:51:57.809205Z
b5621f9040075668b3ee49d0223092c4,Trump blames Ukraine for US fuel price surge (VIDEO),https://www.rt.com/news/646744-trump-blame-ukraine-fuel-prices/,RT,2026-10-06T11:27:08Z,Black Sea shipping,Trump says Ukrainian attacks on Russian refineries are driving US fuel prices higher as record costs squeeze consumers ahead of the midterms Read Full Article at RT.com,RT,Russia,Market Report,2026-10-07T22:51:57.809408Z
4779d6c471289f905b9c1964d75d217c,"MEA condemns Black Sea attack that killed two seafarers, expresses grave concern over strikes on commercial shipping",https://economictimes.indiatimes.com/news/india/mea-condemns-black-sea-attack-that-kills-two-seafarers-expresses-grave-concern-over-strikes-on-commercial-shipping/articleshow/134738843.cms,ET Online,2026-10-06T11:24:49Z,Black Sea shipping,"India has condemned the attack on the commercial vessel MV ROYAD MAMMADOV that resulted in two fatalities. All three Indian nationals aboard the ship have been reported safe, with one receiving medical attention. The Ministry of External Affairs emphasized th…",The Times of India,India,Market Report,2026-10-07T22:51:57.809434Z
e79e4ec62dc09250cf3d21162ee3a3eb,Pack your bags — These edit-approved October Prime Day luggage and travel deals are steals,https://nypost.com/shopping/amazon-prime-big-deal-days-luggage-travel-deals-october-2026/,Miska Salemann,2026-10-06T09:30:00Z,Black Sea shipping,Prime Day travel deals just landed — here’s what our editors take everywhere.,New York Post,Unknown,News,2026-10-07T22:51:57.809593Z
fb6d303a186edbaa3bbe13a09faf2600,"All 3 Indians safe after vessel attacked in Black Sea, 2 foreigners killed",https://www.business-standard.com/world-news/all-3-indians-safe-after-vessel-attacked-in-black-sea-2-foreigners-killed-126100600059_1.html,ANI,2026-10-06T02:29:14Z,Black Sea shipping,"The vessel, MV ROYAD MAMMADOV, was attacked in the Black Sea, following which some crew members were injured and taken to Romania for medical treatment",Business Standard,India,News,2026-10-07T22:51:57.809669Z
21a10133be6f1b0958f953f429956577,All three Indians safe after commercial vessel attacked in Black Sea; 2 foreign nationals killed,https://economictimes.indiatimes.com/news/india/all-three-indians-safe-after-commercial-vessel-attacked-in-black-sea-2-foreign-nationals-killed/articleshow/134720665.cms,ANI,2026-10-06T01:40:01Z,Black Sea shipping,"A commercial vessel named MV ROYAD MAMMADOV was attacked in the Black Sea, resulting in casualties. Three Indian nationals were among the crew members, with one sustaining injuries during the incident. The Indian Embassy in Romania confirmed the safety of the…",The Times of India,India,News,2026-10-07T22:51:57.809698Z
e09bd0f1357a4c3a9a291e69fb0d1a70,20 Best Vintage Band T-Shirts Under $25 for October Prime Day 2026,https://consequence.net/2026/10/best-vintage-band-t-shirts-october-prime-day-2026/,Alex Krinsky,2026-10-05T21:07:25Z,Black Sea shipping,"The Beatles, Black Sabbath, John Coltrane, Olivia Rodrigo, and Talking Heads are among the artists in the sale.
20 Best Vintage Band T-Shirts Under $25 for October Prime Day 2026
Alex Krinsky",Consequence.net,Unknown,News,2026-10-07T22:51:57.809763Z
f70ddd61b34f3087a9784d6d584025b5,Saudi Aramco boss admits global oil stockpiles are 'scarily thin' amid mounting chaos in Middle East,https://www.dailymail.com/news/article-16183767/Saudi-oil-boss-stockpiles-low-chaos-Middle-East.html,Will Hallowell,2026-10-05T12:13:37Z,Black Sea shipping,"After G7 nations agreed to release more of their inventories to ease supply concerns, Aramco boss Amin Nasser has warned that the 'system is already straining'.",Dailymail.com,Global,News,2026-10-07T22:51:57.809982Z
795610bbd2e9ac1be14f89fd99787afc,Houthis launch fresh strikes on Saudi oil sites as Western-backed government forces vow to retake all territory from Yemeni rebels,https://www.dailymail.com/news/article-16182151/Houthis-fresh-strikes-Saudi-oil-sites.html,Will Hallowell,2026-10-04T15:34:27Z,Black Sea shipping,"Yahya Saree, Yemen's Houthi military spokesman, said on Sunday that the group had launched a ballistic missile and drone attack on Saudi energy giant Aramco's sites in capital Riyadh.",Dailymail.com,Unknown,News,2026-10-07T22:51:57.810180Z
ff3ed6adf1fdb48239b7f19e0b552bd1,Houthis launch new attack on Riyadh oil refinery as Saudis hit back with counter-strikes on Yemen as conflict hiking world oil prices intensifies,https://www.dailymail.com/news/article-16180567/Houthis-attack-Riyadh-oil-refinery-Saudis-Yemen-conflict.html,Francine Wolfisz,2026-10-03T17:41:55Z,Black Sea shipping,"Thick black smoke and flames erupted around an oil refinery in the Saudi capital as the Houthis launched a fresh attack, furthering fears of escalating oil prices around the world.",Dailymail.com,Unknown,Market Report,2026-10-07T22:51:57.810291Z
1ccb21d303de3ddd97dba7515f9f8842,'Most comprehensive plan': Ukraine confirms India playing role in mediating energy truce in Black Sea,https://timesofindia.indiatimes.com/india/most-comprehensive-plan-ukraine-confirms-india-playing-role-in-mediating-energy-truce-in-black-sea/articleshow/134659507.cms,Yashasvi Vasistha,2026-10-03T12:28:02Z,Black Sea shipping,"Ukraine has expressed readiness to explore India's comprehensive proposal for ending the ongoing Russia-Ukraine conflict. During recent communications, Ukrainian Foreign Minister Andrii Sybiha emphasized the importance of India's mediation role. India's exter…",The Times of India,India,News,2026-10-07T22:51:57.810393Z
0ef360874a28422b799415cb05d244db,Russia rejects limited Black Sea truce,https://www.hurriyetdailynews.com/russia-rejects-limited-black-sea-truce-227650,hurriyetdailynews.com,2026-10-03T07:51:29Z,Black Sea shipping,"Russia has rejected a limited Black Sea ceasefire as Türkiye and the United Nations seek to arrange talks, with the Kremlin insisting on a broader settlement while saying it remains open to dialogue.",Hurriyet Daily News,Russia,News,2026-10-07T22:51:57.810418Z
5b0bd981b036884baf6f4377a6747553,Mahmoud Khalil: “We Can’t Afford to Stay Silent”,https://theintercept.com/2026/10/02/mahmoud-khalil-ice-palestine/,The Intercept Briefing,2026-10-02T13:00:00Z,Black Sea shipping,"Taken by ICE last year for protesting Israel, Khalil speaks on how his fight is bigger than whether he gets to stay in this country.
The post Mahmoud Khalil: “We Can’t Afford to Stay Silent” appeared first on The Intercept.",The Intercept,Unknown,News,2026-10-07T22:51:57.810479Z
9d896c51dce09800473c40a414b772e4,Oil Prices Come Under Pressure,https://www.rigzone.com/news/oil_prices_come_under_pressure-02-oct-2026-184757-article/,Andreas Exarheas,2026-10-02T09:36:44Z,Black Sea shipping,"Analysts at BMI, a unit of Fitch Solutions, noted that oil prices have 'come under pressure' heading into the fourth quarter.",Rigzone,Unknown,Market Report,2026-10-07T22:51:57.810545Z
2115c886ad7f91995a1be54d017a554a,Turkey and UN Broker New Talks on Russia-Ukraine Black Sea Truce,https://gcaptain.com/turkey-and-un-broker-new-talks-on-russia-ukraine-black-sea-truce/,Bloomberg,2026-10-01T17:27:39Z,Black Sea shipping,"(Bloomberg) — Turkey and the United Nations have set up fresh talks in Russia and Ukraine to discuss a Black Sea ceasefire, trying to coalesce scattered efforts to protect grain...",gcaptain.com,Russia,News,2026-10-07T22:51:57.810681Z
7d26e3c0a8c0ea057c55a77f5b5cadb9,‘Everyone Is Depleted’,http://foreignpolicy.com/2026/10/01/yemen-houthis-saudi-arabia-war-humanitarian-crisis-aid/,John Haltiwanger,2026-10-01T14:47:39Z,Black Sea shipping,Yemen was already in crisis. Then civil war broke out again.,Foreign Policy,Unknown,News,2026-10-07T22:51:57.810709Z
e6e882f69603d14ea60f8e5212cc10e8,All Hell Set To Break Loose by the End of September,https://www.lewrockwell.com/2026/09/no_author/all-hell-set-to-break-loose-by-the-end-of-september/,No Author,2026-09-30T04:01:00Z,Black Sea shipping,"Window of Supreme Risk: September 30 to November 3. West Asia is about to burn. The sociopath President of the United States completely disregarded the Chinese solution to end the Iran drama, presented in person at the White House by President Xi Jinping this…",Lewrockwell.com,China,News,2026-10-07T22:51:57.810766Z
82b5f996537d977a4504e31c3293d3a4,Yemen’s government is on the attack against the Houthis. What has changed?,https://www.aljazeera.com/news-analysis/2026/10/6/yemen-government-is-on-the-attack-against-the-houthis-what-has-changed,Abubakr Al-Shamahi,2026-10-06T19:43:05Z,Red Sea shipping,"Yemeni forces are trying to reverse Houthi gains, aided by heavier air power and renewed international support.",Al Jazeera English,Global,News,2026-10-07T22:51:58.335387Z
02640d7e556761a12c4c7dafe1929df6,Gulf Oil Flows Rise to Average 81% of Pre-war Rate in September,https://gcaptain.com/gulf-oil-flows-rise-to-average-81-of-pre-war-rate-in-september/,Reuters,2026-10-06T17:41:15Z,Red Sea shipping,"Gulf oil flows excluding Iran surged to over 81% of pre-war levels in September, data showed, led by a recovery in Saudi exports despite attacks on the kingdom's oil infrastructure and escalating Iranian attacks on regional shipping, while Iranian exports fel…",gcaptain.com,Unknown,News,2026-10-07T22:51:58.335482Z
285a07586c64344d02dcefb41aa95582,The U.S. Military Struggles to Protect Its Bases Amid Failing Iran War,https://theintercept.com/2026/10/06/iran-war-uk-fairford-overseas-bases/,Nick Turse,2026-10-06T17:25:09Z,Red Sea shipping,"From Jordan to Kuwait to the United Kingdom, U.S. outposts are increasingly vulnerable to attack.
The post The U.S. Military Struggles to Protect Its Bases Amid Failing Iran War appeared first on The Intercept.",The Intercept,UK,News,2026-10-07T22:51:58.335521Z
f53c4b7b2df7a39a84cd02aaae042cb6,What would it take for the Yemen offensive to succeed?,https://www.aljazeera.com/opinions/2026/10/6/what-would-it-take-for-the-yemen-offensive-to-succeed,Abdulla Banndar Al-Etaibi,2026-10-06T16:46:06Z,Red Sea shipping,Territorial gains alone will not be enough to change the trajectory of the war.,Al Jazeera English,Unknown,News,2026-10-07T22:51:58.335550Z
7dfe3a2b6a8234fbe5a5856108f682aa,"Oil Is Moving Through The Strait Of Hormuz, But It's A Dangerous Trip",https://www.jalopnik.com/2278710/oil-moving-strait-hormuz-dangerous/,staff@jalopnik.com (Amber DaSilva),2026-10-06T14:27:10Z,Red Sea shipping,"Plus, ChargePoint's attempts to keep up with EV sales, Porsche's pursuit of profits, and Lucid's construction backlog.",Jalopnik,Unknown,News,2026-10-07T22:51:58.335774Z
00ed0792f9a010adbc15b761637c0330,Yemen conflict escalating into regional war,https://www.rt.com/news/646801-yemen-war-escalates/,RT,2026-10-06T13:18:42Z,Red Sea shipping,Saudi-backed Yemeni forces are fighting Houthis for Bab el-Mandeb as Türkiye and Pakistan prepare intervention under “Muslim NATO” framework Read Full Article at RT.com,RT,Unknown,News,2026-10-07T22:51:58.335949Z
304bf326ca62bf356b4f629cd19f6567,Yemen's Houthis claim new attack on Riyadh airport,https://www.rte.ie/news/2026/1006/1594191-houthis-claim-new-attack-on-riyadh-airport/,RTÉ News,2026-10-06T09:46:06Z,Red Sea shipping,"Yemen's Houthis have claimed an attack on the main airport in the Saudi capital while also denying losing territory to government forces, as fighting intensified.",RTE,Unknown,News,2026-10-07T22:51:58.336097Z
eb3159b509deffe1326e281a917377a9,Yemen's Houthis claim new attack on Riyadh airport,https://www.rte.ie/news/2026/1006/1594191-yemen-saudi-arabia/,RTÉ News,2026-10-06T09:46:06Z,Red Sea shipping,"Yemen's Houthis have claimed an attack on the main airport in the Saudi capital while also denying losing territory to government forces, as fighting intensified.",RTE,Unknown,News,2026-10-07T22:51:58.336135Z
863a3f6b41c5d1f62b8b5b4a032aa441,Former ambassador on Saudi-Yemeni push to retake control of Red Sea shipping lanes,https://www.npr.org/2026/10/06/nx-s1-5991658/former-ambassador-on-saudi-yemeni-push-to-retake-control-of-red-sea-shipping-lanes,A Martínez,2026-10-06T08:50:02Z,Red Sea shipping,"NPR's A Martinez speaks with Michael Ratney, former U.S. ambassador to Saudi Arabia, about the new military offensive launched by Saudi Arabia and Yemeni forces against the Iran-backed Houthis.",NPR,Unknown,News,2026-10-07T22:51:58.336218Z
bb0121c29b882b63e7968f8062eddd3d,Yemen war: What’s the latest on the battlefield?,https://www.aljazeera.com/news/2026/10/6/yemen-war-whats-the-latest-on-the-battlefield,,2026-10-06T08:27:51Z,Red Sea shipping,The internationally recognised government retakes territories from the Houthis as fighting rages on the western coast.,Al Jazeera English,Global,News,2026-10-07T22:51:58.336289Z
f630fe548d7a5576a067280c77dd2a9e,"Oil Prices Fall as Middle East Exports Recover, Shipping Risks Persist",https://biztoc.com/x/c3a41d9b687ba3f6,wsj.com,2026-10-06T08:21:01Z,Red Sea shipping,Prices fell Tuesday as traders assessed recovering crude exports against fresh shipping incidents around Hormuz and increased tensions around the Red Sea.,Biztoc.com,Unknown,Market Report,2026-10-07T22:51:58.336320Z
3d51e7020faf7265fac466eb110f1590,"Pakistan, Turkey deploy troops to Saudi Arabia under Mecca Defense Pact as Yemen forces retake key port",https://www.naturalnews.com/2026-10-06-pakistan-turkey-deploy-troops-to-saudi-arabia.html,Willow Tohi,2026-10-06T06:00:00Z,Red Sea shipping,"Saudi Arabia, Turkey and Pakistan activated the Mecca Defense Pact on Monday, agreeing to rapid troop deployment to counter Houthi attacks. Saudi-backed Yemeni government forces retook the port city of Mokha and secured areas around the strategic Bab al-Mande…",Naturalnews.com,Turkey,News,2026-10-07T22:51:58.336418Z
61d86246d147d81cb00267f1243c7ff9,'He Lies as He Breathes': Trump Heavily Mocked Over Prez's 'Iran Nuclear Threat' Claim — as Conflict Rages on Despite Previous Timeline,https://radaronline.com/p/trump-mocked-iran-nuclear-threat-claim-timeline-war/,Christian Spencer,2026-10-05T23:40:00Z,Red Sea shipping,"Donald Trump was mocked after claiming he eliminated Iran’s nuclear threat in one night, despite earlier comments about the conflict lasting four to six weeks.",Radaronline.com,Unknown,Analysis/Opinion,2026-10-07T22:51:58.336583Z
b2cb0993e224a437014964495b0a93d9,‘Muslim NATO’ activates force deployment over Houthi attacks on Saudi Arabia,https://www.rt.com/news/646743-saudi-fighter-jets-houthis/,RT,2026-10-05T21:12:14Z,Red Sea shipping,"Saudi Arabia, Türkiye and Pakistan activate collective-defense commitments as escalating fighting in Yemen spills into a wider confrontation Read Full Article at RT.com",RT,Unknown,News,2026-10-07T22:51:58.336670Z
f3cf87a8ad1c5ecd97ea1f2d096d7c52,Trump Had a Practice Run for Iran. He Messed It Up Too.,https://newrepublic.com/post/216207/trump-iran-houthis-strait,Hafiz Rashid,2026-10-05T18:03:48Z,Red Sea shipping,"President Trump’s ill-advised, poorly executed war in Iran was foreshadowed months before.The Washington Post reports that the Trump administration’s handling of Yemen’s Houthi militia attacking ships in the area in 2025 had Pentagon leaders raising concerns …",The New Republic,Unknown,Market Report,2026-10-07T22:51:58.336807Z
3607f6ed59e4d5ab5b74248612db61f2,"Saudi-backed Yemeni forces expel the Houthis from several areas around key strait, officials say",https://economictimes.indiatimes.com/news/defence/saudi-backed-yemeni-forces-expel-the-houthis-from-several-areas-around-key-strait-officials-say/articleshow/134714158.cms,AP,2026-10-05T17:47:13Z,Red Sea shipping,"Forces of Yemen's internationally recognized government began a major offensive Monday against the Iranian-backed Houthi rebels on the country's Red Sea coast, under an intensified air campaign by the Saudi-led coalition.",The Times of India,Global,News,2026-10-07T22:51:58.336879Z
4171d98cea6691a53b3e8575fd5c0787,Yemeni Government Pushes Back Against Houthis Near Bab el-Mandeb Strait,https://www.breitbart.com/middle-east/2026/10/05/yemeni-government-pushes-back-against-houthis-near-bab-el-mandeb-strait/,John Hayward,2026-10-05T17:26:37Z,Red Sea shipping,"The internationally-recognized government of Yemen said on Monday that its forces staged a successful counterattack against the Iran-backed Houthi insurgency and recaptured key positions around the Bab el-Mandeb Strait, a vital chokepoint along the Red Sea sh…",Breitbart News,Global,News,2026-10-07T22:51:58.336968Z
42739ab44a4865c5336792ae1362a14c,West Asia crude exports exceed pre-war levels despite tanker attacks,https://www.business-standard.com/world-news/west-asia-crude-exports-exceed-pre-war-levels-despite-tanker-attacks-126100501375_1.html,Reuters,2026-10-05T17:21:58Z,Red Sea shipping,West Asia crude exports exceeded pre-war levels on four days in late September even as tanker attacks increased in and around the Strait of Hormuz,Business Standard,Unknown,News,2026-10-07T22:51:58.337002Z
a92b48cc44b00b5f1117d393c0b61be2,Saudi-backed Yemeni govt forces secure control of Bab el-Mandeb Strait,https://www.business-standard.com/world-news/saudi-backed-yemeni-govt-forces-secure-control-of-bab-el-mandeb-strait-126100501355_1.html,Reuters,2026-10-05T17:00:56Z,Red Sea shipping,"Houthis make advances in Taiz; UN says war has displaced 184,000",Business Standard,Unknown,News,2026-10-07T22:51:58.337029Z
d631bff4310e622a130ee9f3bea0d316,Saudi-Backed Forces Claim Control of Bab el-Mandeb Strait,https://gcaptain.com/saudi-backed-forces-claim-control-of-bab-el-mandeb-strait/,Reuters,2026-10-05T16:04:23Z,Red Sea shipping,"Saudi-backed Yemeni government forces have secured effective control of the Bab el-Mandeb Strait, Yemen's Information Minister Moammar al-Eryani told Reuters on Monday, though fighting continues with Houthi forces in the area.",gcaptain.com,Unknown,News,2026-10-07T22:51:58.337170Z
8000aec7f816b8dd30110c78a4b7f3c0,Do “News Reports” Have Any Value?,https://www.globalresearch.ca/do-news-reports-have-any-value/5942665,Dr. Paul Craig Roberts,2026-10-05T15:07:11Z,Red Sea shipping,"Update: This statement by the Iranian commander directly contradicts the claims of US Central Command, the US Treasury Secretary, and the London Telegraph: see this.
***
I have come to the conclusion that journalism in the West has been …
The post Do “News Re…",Globalresearch.ca,UK,Market Report,2026-10-07T22:51:58.337250Z
4d89be9413fbff5984811ba4f95aa326,Yemeni government forces say they have 'secured' Bab al-Mandab Strait,https://www.bbc.co.uk/news/articles/cw8rzd6lp0xpo,https://www.facebook.com/bbcnews,2026-10-05T14:37:17Z,Red Sea shipping,"Houthi-run media deny the government has made advances in the Dhubab area, which overlooks the strategic Red Sea waterway.",BBC News,Unknown,News,2026-10-07T22:51:58.337281Z
77375f8ee3d4c0eec33036c473ded2e7,Aramco CEO Warns Oil Inventories Are ‘Scarily Thin’,https://oilprice.com/Latest-Energy-News/World-News/Aramco-CEO-Warns-Oil-Inventories-Are-Scarily-Thin.html,Michael Kern,2026-10-05T14:30:00Z,Red Sea shipping,"Saudi Aramco CEO Amin Nasser warned Monday that the world has lost nearly 3 billion barrels of gross oil supply since the Iran war began, equivalent to roughly half the crude and products that normally would have moved through the Strait of Hormuz over the sa…",OilPrice.com,Brazil,News,2026-10-07T22:51:58.337307Z
ae00f3bb1d1d025637b5f9793b19a931,Middle East Oil Exports Top Pre-War Levels for Part of September But Tanker Attacks Increase,https://gcaptain.com/middle-east-oil-exports-top-pre-war-levels-for-part-of-september-but-tanker-attacks-increase/,Reuters,2026-10-05T13:18:47Z,Red Sea shipping,"Gulf oil exporters topped pre-war levels for about half of September, shipping data showed on Monday, though attacks on tankers and logistical constraints cloud the outlook for sustained higher flows.",gcaptain.com,Unknown,Analysis/Opinion,2026-10-07T22:51:58.337378Z
15d211680663a3ff82a59865c6ac743c,Battle with Iran-backed Houthis in Yemen tempers news on oil flow,https://www.cbsnews.com/live-updates/iran-war-trump-us-oil-prices-yemen-red-sea-houthis-bab-el-mandeb/,Frank  Andrews,2026-10-05T11:34:37Z,Red Sea shipping,"Brent Crude hovers around $100 a barrel despite news of increased Mideast oil flows, as Iran's Houthi allies battle over control of Red Sea shipping lanes.",CBS News,Unknown,News,2026-10-07T22:51:58.337500Z
4589bbadd9128589a5bdfac29dfa09c6,Tensions rise as Yemen army launches broad strikes against Houthis,https://www.hurriyetdailynews.com/tensions-rise-as-yemen-army-launches-broad-strikes-against-houthis-227737,hurriyetdailynews.com,2026-10-05T11:09:57Z,Red Sea shipping,"The Saudi-led military coalition announced on Oct. 5 its participation in the new Yemen government offensive targeting the Iran-backed Houthis, with 100 warplanes used in dawn strikes to provide air cover for ground forces.",Hurriyet Daily News,Unknown,News,2026-10-07T22:51:58.337538Z
421a7ca3d3c164576fc4750605a0fc81,"Yemen war: What’s the latest, as government forces claim advances?",https://www.aljazeera.com/news/2026/10/5/yemen-war-escalates-whats-the-latest-on-the-battlefield,Al Jazeera Staff,2026-10-05T09:38:26Z,Red Sea shipping,"After launching major military offensive to reclaim Houthi-held areas, Yemen's government says it has taken key district",Al Jazeera English,Unknown,News,2026-10-07T22:51:58.337608Z
91edfcfaa2b8ec62083e9f1f8ae5478d,Houthis seize another town in Yemen as they advance toward key city Taiz,https://www.business-standard.com/world-news/houthis-seize-another-town-in-yemen-as-they-advance-toward-key-city-taiz-126100500384_1.html,AP,2026-10-05T08:16:54Z,Red Sea shipping,"The Iran-backed Houthi rebels captured more territory in southwestern Yemen, taking a key town in a blow to the Saudi-backed government forces as they advanced Monday toward a strategic provincial capital in the region.
The fall of the town of Turbah came on …",Business Standard,Unknown,News,2026-10-07T22:51:58.337655Z
4238d504997d0311bb83e2095fd8c8be,Saudi-led coalition says its jets are bombing Yemen's Iran-backed Houthi rebels,https://www.yahoo.com/news/world/articles/iran-backed-houthis-seize-another-072001134.html,AHMED AL-HAJ and SAMY MAGDY,2026-10-05T07:20:01Z,Red Sea shipping,"ADEN, Yemen (AP) — Forces of Yemen’s internationally recognized government began a major offensive Monday against the Iranian-backed Houthis rebels on the country's Red Sea coast, under an intensified air campaign by the Saudi-led coalition.
 The offensive ca…",Yahoo Entertainment,Global,News,2026-10-07T22:51:58.337701Z
7094b38395b106f0027f38fb2dffeffd,Yemen launches major military operation against Houthis,https://www.dw.com/en/yemen-launches-major-military-operation-against-houthis/a-79542723,Shakeel Sobhan,2026-10-05T06:18:00Z,Red Sea shipping,Yemen's internationally recognized government announced a new military offensive to retake Houthi-held territory after rebels cut a key road linking the city of Taiz with Aden. Yemen's Saudi-backed government on Sunday announced a new military operation to re…,DW (English),Global,News,2026-10-07T22:51:58.337749Z
3a9da895c321facd9bff12cc0d5197a7,U.S. Deploys Patriots to Shield Saudi Oil and Qatari Gas Facilities,https://www.naturalnews.com/2026-10-05-us-deploys-patriots-shield-saudi-oil-qatari-gas.html,Garrison Vance,2026-10-05T06:00:00Z,Red Sea shipping,"The United States has deployed two additional Patriot missile batteries to the Persian Gulf region, sending one to Saudi Arabia and one to Qatar to defend key energy infrastructure against potential Iranian strikes, according to U.S. officials and a regional …",Naturalnews.com,USA,News,2026-10-07T22:51:58.337777Z
12520e4fadc95aec7c051933f00e44f8,Middle East oil exports recover to pre-Iran war levels despite Hormuz attacks,https://www.dw.com/en/middle-east-oil-exports-recover-to-pre-iran-war-levels-despite-hormuz-attacks/a-79542680,Shakeel Sobhan,2026-10-05T05:35:00Z,Red Sea shipping,"Gulf crude exports returned to pre-war levels in September, with producers increasingly relying on alternative routes and ship-to-ship transfers to bypass Hormuz. Iranian exports remain below the pre-war average.",DW (English),Unknown,News,2026-10-07T22:51:58.337816Z
6e993edc872b23cb5e1e7abb325314fe,Yemen's government declares major operation against Houthis,https://www.abc.net.au/news/2026-10-05/yemeni-government-launches-offensive-to-seize-all-areas-from-ira/107228550,,2026-10-05T02:50:43Z,Red Sea shipping,"The Houthis have withstood a series of attacks over the years by Saudi Arabia, the UAE and their Western allies, and have updated their weaponry with the help of Iran.",ABC News (AU),Unknown,News,2026-10-07T22:51:58.337851Z
3b2500c74ea460f5a69044c305179bad,Middle East Crude Oil Exports Exceed Pre-War Levels But Attacks Increase,https://gcaptain.com/middle-east-crude-oil-exports-exceed-pre-war-levels-but-attacks-increase/,Reuters,2026-10-05T01:26:11Z,Red Sea shipping,"By Florence Tan SINGAPORE, Oct 5 (Reuters) – Crude oil exports from the Middle East rose above pre-war levels in four of the seven days of the final week of September, shipping data showed...",gcaptain.com,Singapore,News,2026-10-07T22:51:58.337881Z
1af28cb59a0080cfe116bb54fee6768f,Yemen's armed forces say it is conducting strikes against Houthis in Sanaa,https://economictimes.indiatimes.com/news/defence/yemens-armed-forces-say-it-is-conducting-strikes-against-houthis-in-sanaa/articleshow/134677848.cms,Reuters,2026-10-04T16:13:20Z,Red Sea shipping,"Yemen's armed forces recently conducted strikes against the Iran-aligned Houthis in the capital Sanaa and Saada. The armed forces targeted what they referred to as vital targets in these locations. Following a previous truce in 2022, hostilities have resumed …",The Times of India,Unknown,News,2026-10-07T22:51:58.337930Z
6ab4cd0d886c7ccc95271f482a21ff45,Houthis claim retaliatory strikes on Saudi oil facilities (VIDEOS),https://www.rt.com/news/646705-houthis-claim-strikes-aramco/,RT,2026-10-04T14:19:43Z,Red Sea shipping,The Houthis claimed missile and drone strikes on Saudi Aramco facilities in retaliation for attacks on targets across Yemen Read Full Article at RT.com,RT,Unknown,News,2026-10-07T22:51:58.338010Z
6f62e29c6cc2637c660c637d68f0695a,Why is fighting intensifying in Yemen’s Taiz governorate?,https://www.aljazeera.com/news/2026/10/4/why-is-fighting-intensifying-in-yemens-taiz-governorate,Al Jazeera Staff,2026-10-04T13:31:15Z,Red Sea shipping,Fighting escalates in Taiz governorate as Yemen's government and Houthis battle for control of key strategic locations.,Al Jazeera English,Unknown,News,2026-10-07T22:51:58.338094Z
b1acb7d19eb4819c97d559a4032cdcca,"Iran War: Team Trump at Camp David, Iran Flexes, Riyadh Burns",https://www.nakedcapitalism.com/2026/10/iran-war-trump-camp-david-iran-missile-test-ansar-allah-riyadh-hit.html,Nat Wilson Turner,2026-10-04T10:07:44Z,Red Sea shipping,POTUS Trump met with his war council at Camp David this weekend as Iran flexed new missile capabilities and the Saudis and Ansar Allah exchanged hits on one another's capital cities.,Nakedcapitalism.com,Unknown,News,2026-10-07T22:51:58.338142Z
c2d659a97c1cdcfeb6566f8afb5aed95,Iran vows to keep Strait of Hormuz closed until the US meets its demands as G7 approves emergency release of diesel and crude oil reserves amid global crisis,https://www.dailymail.com/news/article-16181721/Iran-vows-Strait-Hormuz-closed-US-meets-demands.html,Noor Qurashi,2026-10-04T08:32:06Z,Red Sea shipping,Tehran pointed to seven conditions set out in an agreement from June - insisting the country's position remains 'completely clear and firm'.,Dailymail.com,Global,News,2026-10-07T22:51:58.338183Z
58e4d4fbc7266853fc55ba91e7903178,Inside the ‘kill box’: The Yemenis who stayed behind in Houthi-held Mocha,https://www.aljazeera.com/features/2026/10/4/inside-the-kill-box-the-yemenis-who-stayed-behind-in-houthi-held-mocha,,2026-10-04T08:31:29Z,Red Sea shipping,Yemenis trapped in the Red Sea port city speak of deteriorating conditions there.,Al Jazeera English,Unknown,News,2026-10-07T22:51:58.338218Z
23930436dc1504789e5238e9fcf25981,Houthis claim strike on Saudi Aramco in Riyadh,https://www.hurriyetdailynews.com/houthis-claim-strike-on-saudi-aramco-in-riyadh-227668,hurriyetdailynews.com,2026-10-04T05:37:47Z,Red Sea shipping,"Yemen's Houthi group on Oct. 3 claimed a coordinated missile and drone strike targeting Saudi Aramco facilities in Riyadh, marking a fresh escalation against Gulf energy infrastructure.",Hurriyet Daily News,Unknown,News,2026-10-07T22:51:58.338325Z
1e2de956e8915be47c6c8965586c3fb7,Houthis target Saudi oil facility as hostilities escalate in Yemen,https://www.abc.net.au/news/2026-10-04/houthi-saudi-yemen-iraq-middle-east-hostilities/107226524,,2026-10-03T22:40:11Z,Red Sea shipping,Yemen's Iran-aligned Houthis say they targeted a Saudi Arabian oil company in retaliation for Saudi attacks on Yemen.,ABC News (AU),Unknown,News,2026-10-07T22:51:58.338358Z
16d6c32f9e5594d778133373eff26f22,Iran Is Losing Some of Its Leverage Over the Strait of Hormuz,https://oilprice.com/Energy/Energy-General/Iran-Is-Losing-Some-of-Its-Leverage-Over-the-Strait-of-Hormuz.html,RFE/RL staff,2026-10-03T19:00:00Z,Red Sea shipping,"The flow of crude from the Persian Gulf has recovered to near-prewar levels, but the latest data shows that much of the oil is reaching markets through routes and shipping arrangements that did not exist before the war, raising the question of whether Iran is…",OilPrice.com,Unknown,Market Report,2026-10-07T22:51:58.338398Z
98aa2af55a17c1e63a59bef04d815097,Yemen hits 20 Houthi targets as US deploys another carrier to West Asia,https://www.business-standard.com/world-news/yemen-hits-20-houthi-targets-as-us-deploys-another-carrier-to-west-asia-126100201077_1.html,Agencies,2026-10-02T16:57:21Z,Red Sea shipping,"Fighting intensifies in Yemen's Taiz province as the US deploys another aircraft carrier and 10,000 sailors and Marines amid heightened tensions with Iran",Business Standard,Unknown,News,2026-10-07T22:51:58.338629Z
f206ac7995ecefb1373c70137d0ea837,"Iran just got handed a defeat in Hormuz: Crude exports are back to prewar levels even after Tehran repeatedly declared it closed(Ha,Ha,Ha!)",https://freerepublic.com/focus/f-news/4397698/posts,MSN,2026-10-02T16:41:36Z,Red Sea shipping,"Is the Strait of Hormuz, one of the world’s most important chokepoints, returning to normal? Crude oil exports through the strait have returned to prewar levels, according to CNBC-cited data. Seven-day averages, as of last Monday, were 13.5 million barrels pe…",Freerepublic.com,Unknown,News,2026-10-07T22:51:58.338681Z
3f047bb1e64fe61adae24b231c9ff7d3,China widens military footprint with Laos air base,https://economictimes.indiatimes.com/news/defence/china-widens-military-footprint-with-laos-air-base/articleshow/134643373.cms,AFP,2026-10-02T16:35:08Z,Red Sea shipping,China recently opened its first overseas air force base in Laos to enhance military training and influence. The base will train Laotian air force pilots and potentially house Chinese military assets. This move reflects China's ambition to expand its military …,The Times of India,China,News,2026-10-07T22:51:58.338701Z
b4ccc484f0ec04cc9f68f79c77035cf2,Three in four households go hungry in parts of Yemen amid fighting: UN,https://www.aljazeera.com/news/2026/10/2/three-in-four-households-go-hungry-in-parts-of-yemen-amid-fighting-un,Al Jazeera Staff,2026-10-02T16:06:25Z,Red Sea shipping,World Food Programme warns of 'devastating' impact as conflict displaces thousands and cuts off food supplies.,Al Jazeera English,Unknown,News,2026-10-07T22:51:58.338732Z
ef721496210904764b2998cedf91e517,Trump's 'massive' deal to cut gas prices unravels in its own fine print: economist,https://www.rawstory.com/trump-gas-prices-2678016686/,Bennito Kelty,2026-10-06T22:23:16Z,Strait of Hormuz,"President Donald Trump's boast that allies agreed to a ""massive"" fuel release falls apart on close inspection, according to an economist.Justin Wolfers, an economist at the University of Michigan, argued in an article for his Platypus Economics newsletter on …",Raw Story,Unknown,Market Report,2026-10-07T22:51:58.837661Z
090bd64db732675ba576aac4b464f1e9,"World’s Running Out Of Cushion To Blunt Iran War’s Oil Shock, Top Execs Say",https://dailycaller.com/2026/10/06/world-oil-supplies-running-low-top-execs,Paris Apodaca,2026-10-06T21:23:40Z,Strait of Hormuz,The global oil market is burning through its remaining supply cushion as wars in the Middle East and Ukraine drain inventories.,The Daily Caller,Ukraine,Market Report,2026-10-07T22:51:58.837736Z
927da6fd04acaed97b92e80a678f88ed,Chang’e-6 soil reveals metallic iron in lunar samples; it may preserve clues to Moon’s lost magnetic field,https://timesofindia.indiatimes.com/science/space/change-6-soil-from-the-moons-far-side-contained-a-form-of-metallic-iron-never-seen-before-in-natural-lunar-samples-trapped-in-tiny-impact-glass-grains-it-may-preserve-a-record-of-the-moons-lost-magnetic-field/articleshow/134698405.cms,TOI Science Desk,2026-10-06T21:20:00Z,Strait of Hormuz,"Recent analysis of lunar soil samples returned by China's Chang’e-6 mission revealed a unique form of iron. This iron, γ-Fe, exhibits exceptional magnetic properties, which could provide insights into the Moon's ancient magnetic field. Researchers suggest tha…",The Times of India,China,Analysis/Opinion,2026-10-07T22:51:58.837752Z
8e97a69b8e0f71d2e0a035e2aa90a247,"Ships’ captains paid $100,000 a month to transit Strait of Hormuz",https://biztoc.com/x/7604d89880109c19,ft.com,2026-10-06T21:12:29Z,Strait of Hormuz,Salaries and bonuses spiral for seafarers willing to risk perilous trip through waterway in face of Iranian attacks,Biztoc.com,Unknown,News,2026-10-07T22:51:58.837789Z
60bbf922bb8b938426c2bd765a9b0d1b,Stocks climb as oil prices retreat under US$100 per barrel,https://www.channelnewsasia.com/world/stocks-climb-oil-prices-retreat-under-us100-barrel-6437626,,2026-10-06T21:01:02Z,Strait of Hormuz,"LONDON: Stock markets firmed Tuesday (Oct 6) as oil prices retreated on easing supply worries, helping to temper concerns about rising government borrowing costs.On Wall Street, the technology-focused Nasdaq index advanced 0.8 per cent, coming off a record hi…",CNA,UK,Market Report,2026-10-07T22:51:58.837830Z
3906db1aacfac3ad14da08c65df68f3a,Europe's Power Grid Is Digitalizing Faster Than Regulators Can Keep Up,https://oilprice.com/Energy/Energy-General/Europes-Power-Grid-Is-Digitalizing-Faster-Than-Regulators-Can-Keep-Up.html,Haley Zaremba,2026-10-06T21:00:00Z,Strait of Hormuz,"The global energy landscape is undergoing a rapid transformation as the age of electrification takes hold and the runway growth of artificial intelligence introduces new challenges and possibilities for energy production and use, as well as the ways that our …",OilPrice.com,Global,News,2026-10-07T22:51:58.837878Z
3503bc47fea7456616d9df17f5604813,"A storm cut off an Outer Banks couple from most of their wedding guests; they posted an open invitation online, and more than 400 strangers showed up with food, music and cameras to celebrate",https://timesofindia.indiatimes.com/world/us/a-storm-cut-off-an-outer-banks-couple-from-most-of-their-wedding-guests-they-posted-an-open-invitation-online-and-more-than-400-strangers-showed-up-with-food-music-and-cameras-to-celebrate/articleshow/134749936.cms,TOI World Desk,2026-10-06T20:55:46Z,Strait of Hormuz,"Amidst the storm, Kimberly Laprad and Jayden Sink transformed their wedding on Hatteras Island into a community affair when their guests were unable to make it. Inviting locals resulted in an impressive turnout of 500 to 800 attendees who came together to sup…",The Times of India,Unknown,News,2026-10-07T22:51:58.837936Z
f6d99987ac2ff5fe5dfaec0fcd2d1767,"US could play role in united Ireland push after Trump's backing, Irish PM says",https://www.foxnews.com/world/us-could-play-role-united-ireland-push-after-trumps-backing-irish-pm-says,,2026-10-06T20:51:10Z,Strait of Hormuz,Irish Prime Minister Micheál Martin said the United States could potentially help in a future push for a united Ireland after Trump backed it.,Fox News,USA,News,2026-10-07T22:51:58.837958Z
de5eb7a28d6b1348f2a6d8375fb1fced,Trump draws backlash for suggesting Iran could 'take out' LA,https://www.abc.net.au/news/2026-10-07/californians-blast-trump-remark-iran-could-take-out-los-angeles/107236972,,2026-10-06T20:41:55Z,Strait of Hormuz,"California Governor Gavin Newsom condemned the comments made by Trump at a rally in Nebraska, calling the president ""deranged and dangerous"".",ABC News (AU),Unknown,Analysis/Opinion,2026-10-07T22:51:58.837986Z
64be5b211723eb482424666a444dc692,Chart: A look at the S&P 500's remarkable and defiant trip a new record,https://www.cnbc.com/2026/10/06/chart-a-look-at-the-sp-500s-remarkable-and-defiant-trip-a-new-record.html,"Deena Zaidi, Sean Conlon",2026-10-06T20:41:31Z,Strait of Hormuz,"The S&P 500 returned to an intraday record Tuesday as tech gains, easing oil prices and Treasury yields helped stocks overcome months of market shocks.",CNBC,Unknown,Market Report,2026-10-07T22:51:58.838016Z
a8863f9ef64ec02f75bad44ea496afd6,"Trump OKs dyed-diesel tax break, helping farmers and truckers save BIGLY",https://www.theblaze.com/news/trump-oks-dyed-diesel-tax-break-helping-farmers-and-truckers-save-bigly,Joseph MacKinnon,2026-10-06T20:30:00Z,Strait of Hormuz,"President Donald Trump has taken a major step to shield American truckers and farmers from the high cost of fuel.On Monday, Trump signed an executive order allowing them to use dyed diesel without paying a federal penalty.'The president listened to farmers an…",TheBlaze,USA,News,2026-10-07T22:51:58.838044Z
c31aa72f70f1eb7418fa5cd88545ac32,How to Avoid Disaster in the Next Iran War,http://foreignpolicy.com/2026/10/06/iran-war-hormuz-oil-missile-defense-drones-gulf/,Stacie Pettyjohn and Philip Sheers,2026-10-06T20:27:22Z,Strait of Hormuz,Recent war games highlight how Washington can improve its air defenses so the next round of fighting isn’t worse.,Foreign Policy,Unknown,News,2026-10-07T22:51:58.838079Z
1a6fe567e808a361a416524aaa122010,"In Rejinagar, police detain last time’s winner hours after by-election starts",https://timesofindia.indiatimes.com/city/kolkata/in-rejinagar-police-detain-last-times-winner-hours-after-by-election-starts/articleshow/134749885.cms,"Sukumar Mahato,Rohit Khanna",2026-10-06T20:19:26Z,Strait of Hormuz,Rejinagar bypoll hit by rigging claims and police interference; AJUP chief Humayun Kabir detained as opposition seeks repoll; EC seeks report.,The Times of India,Unknown,Market Report,2026-10-07T22:51:58.838132Z
f2ac5c840c4a10fe6f267c8edd2ecb08,Police pay tributes to former DGP,https://timesofindia.indiatimes.com/city/lucknow/police-pay-tributes-to-former-dgp/articleshow/134749880.cms,The Times Of India,2026-10-06T20:16:10Z,Strait of Hormuz,"UP Police HQ in Lucknow held a condolence meeting for retired IPS Dr Trinath Mishra, ex-DGP Manipur and former CRPF chief, who died Oct 1 at 83.",The Times of India,Unknown,News,2026-10-07T22:51:58.838168Z
506e9df809d8055f0bd0a99593b8e195,Rs 460cr released for payment of honorarium to 1.28L Shiksha Mitras,https://timesofindia.indiatimes.com/city/lucknow/rs-460cr-released-for-payment-of-honorarium-to-1-28l-shiksha-mitras/articleshow/134749878.cms,The Times Of India,2026-10-06T20:15:41Z,Strait of Hormuz,"UP govt releases Rs 460.23 crore to pay honorarium to 1.28 lakh Shiksha Mitras for Sept-Oct 2026-27, after raising monthly pay from Rs 10,000 to Rs 18,000.",The Times of India,Unknown,Market Report,2026-10-07T22:51:58.838199Z
99724975eb9ef55e081be9eb2c65acb7,"CM Mann assures SIT probe in Anandpur Sahib case, promises timely SGPC elections",https://timesofindia.indiatimes.com/city/chandigarh/cm-mann-assures-sit-probe-in-anandpur-sahib-case-promises-timely-sgpc-elections/articleshow/134749872.cms,Vibhor Mohan,2026-10-06T20:13:49Z,Strait of Hormuz,Punjab CM Bhagwant Mann orders SIT probe into alleged Sri Anandpur Sahib sexual assault by ex-SGPC member; reiterates early SGPC elections pledge.,The Times of India,Unknown,Market Report,2026-10-07T22:51:58.838229Z
491690be46a109c23df6dad758a1f0de,Two youths killed as truck rams bike in Maharajganj,https://timesofindia.indiatimes.com/city/lucknow/two-youths-killed-as-truck-rams-bike-in-maharajganj/articleshow/134749870.cms,TNN,2026-10-06T20:13:11Z,Strait of Hormuz,"Two youths, Jigar Shah and Azad, died after a speeding truck hit their bike in Maharajganj; police review CCTV to trace the driver who fled.",The Times of India,Unknown,Analysis/Opinion,2026-10-07T22:51:58.838279Z
346f84e41351bbd2be145a878d52bea4,Antique miniature paintings of Banaras on display,https://timesofindia.indiatimes.com/city/lucknow/antique-miniature-paintings-of-banaras-on-display/articleshow/134749868.cms,The Times Of India,2026-10-06T20:12:36Z,Strait of Hormuz,"Banaras Gharana miniature paintings exhibition opens at Kokoro Art Gallery, Lucknow; 39 natural pigment works span five generations, open Oct 7–28.",The Times of India,Unknown,News,2026-10-07T22:51:58.838317Z
4b9130f8cfb08c5f82395d8b9692298e,"‘Harf’ describes life, work of ‘Khuda-e-Sukhan’ Mir",https://timesofindia.indiatimes.com/city/lucknow/harf-describes-life-work-of-khuda-e-sukhan-mir/articleshow/134749865.cms,The Times Of India,2026-10-06T20:11:11Z,Strait of Hormuz,"‘Harf’ at Lucknow Museum explored Mir Taqi Mir’s life and poetry, highlighting his Lucknow years, major works, and lasting influence ahead of Koshala Lit Fest.",The Times of India,Unknown,News,2026-10-07T22:51:58.838355Z
5305e554a9470fd37f7ada993a8cd74b,KU academic council clears 23 major policy proposals,https://timesofindia.indiatimes.com/city/chandigarh/ku-academic-council-clears-23-major-policy-proposals/articleshow/134749856.cms,Jaskaran Singh,2026-10-06T20:09:37Z,Strait of Hormuz,"KU Academic Council approves 23 proposals on NEP 2020 reforms, research partnerships, skill policy 2026, international students, new BSc Robotics, and curriculum updates.",The Times of India,Global,News,2026-10-07T22:51:58.838389Z
4341eb95141500efed6c904a46f0fd92,"Patient falls from hospital’s 2nd floor, dies; probe ordered",https://timesofindia.indiatimes.com/city/lucknow/patient-falls-from-hospitals-2nd-floor-dies-probe-ordered/articleshow/134749854.cms,The Times Of India,2026-10-06T20:09:22Z,Strait of Hormuz,"60-year-old liver patient dies after falling from 2nd floor at Maharshi Devraha Baba Medical College, Deoria; district panel probes accident vs jump.",The Times of India,Unknown,News,2026-10-07T22:51:58.838427Z
916baedcefaf0b14fb0fb68ab1137d44,"Teen girl raped by uncle & his 2 aides, forced to undergo abortion",https://timesofindia.indiatimes.com/city/lucknow/teen-girl-raped-by-uncle-his-2-aides-forced-to-undergo-abortion/articleshow/134749850.cms,The Times Of India,2026-10-06T20:08:28Z,Strait of Hormuz,"Kanpur: Class 9 girl, 15, alleges rape by maternal uncle and two aides; family claims she was forced into a secret abortion. Police investigating, accused absconding.",The Times of India,Unknown,News,2026-10-07T22:51:58.838462Z
218f886ea365fafd70fe79dd882f80d1,Cabinet nod for B’luru police force to split into 5 units,https://timesofindia.indiatimes.com/city/bengaluru/cabinet-nod-for-bluru-police-force-to-split-into-5-units/articleshow/134749844.cms,Times News Network,2026-10-06T20:07:26Z,Strait of Hormuz,"Karnataka cabinet approves splitting Bengaluru police into five commissionerates—Central, East, West, North, South—under a chief commissioner; 1,022 new posts.",The Times of India,Unknown,Market Report,2026-10-07T22:51:58.838501Z
a886b3d6d0803fbac94c41e12ca5c28e,Woman constable duped of ₹24 lakh on promise of govt jobs for sons,https://timesofindia.indiatimes.com/city/lucknow/woman-constable-duped-of-24-lakh-on-promise-of-govt-jobs-for-sons/articleshow/134749843.cms,TNN,2026-10-06T20:07:24Z,Strait of Hormuz,Lucknow woman constable duped of ₹24.45 lakh by fraudsters promising govt clerical jobs for her sons; cybercrime police registered FIR against 3.,The Times of India,Unknown,News,2026-10-07T22:51:58.838539Z
f98f35ad15f403ea804666c9b6d8bdce,Nandini milk set to cost Rs 8 more from Nov 1,https://timesofindia.indiatimes.com/city/bengaluru/nandini-milk-set-to-cost-rs-8-more-from-nov-1/articleshow/134749841.cms,Times News Network,2026-10-06T20:07:15Z,Strait of Hormuz,"Karnataka cabinet clears Rs 8/litre Nandini milk price hike from Nov 1, pending EC nod; toned milk may rise from Rs 46 to Rs 54 per litre.",The Times of India,Unknown,News,2026-10-07T22:51:58.838569Z
6a8d9d7bb1cd7817adde92bb8c983e27,"TOI, NBT to host city’s grandest Garba gala",https://timesofindia.indiatimes.com/city/lucknow/toi-nbt-to-host-citys-grandest-garba-gala/articleshow/134749840.cms,The Times Of India,2026-10-06T20:07:05Z,Strait of Hormuz,"Times Garba Utsav: TOI and NBT host Lucknow’s grand Garba gala at Ekana Stadium Oct 16-18, with dance, music, food festival, shopping and showcases.",The Times of India,Unknown,News,2026-10-07T22:51:58.838606Z
4b17681964d4494e440531bd242efb90,Mitro Sangho pandal to replicate Akshardham Temple,https://timesofindia.indiatimes.com/city/lucknow/mitro-sangho-pandal-to-replicate-akshardham-temple/articleshow/134749836.cms,Namra Zubair,2026-10-06T20:06:39Z,Strait of Hormuz,"Mitro Sangho Durga Puja in Lucknow (Oct 17–20) to feature an Akshardham Temple-themed pandal by Kolkata artisans, costing Rs 16 lakh.",The Times of India,Unknown,News,2026-10-07T22:51:58.838641Z
fd83661cf4745fb4e80302f903762edd,Taste the good life of Bengal at La Touche rd pandal,https://timesofindia.indiatimes.com/city/lucknow/taste-the-good-life-of-bengal-at-la-touche-rd-pandal/articleshow/134749831.cms,Namra Zubair,2026-10-06T20:05:02Z,Strait of Hormuz,"La Touche Road Puja Sangsad Society marks 85th Durga Puja (Oct 15-21) at Hewett Road with ‘Bonidhi Badi’ theme, 11-ft idol, bhog and events.",The Times of India,Unknown,News,2026-10-07T22:51:58.838702Z
7cdea82a9e1af635cb32e8535b49af7e,"Crackdown on hookah service: 42 held in Kaiserbagh cafe raid, owners on the run",https://timesofindia.indiatimes.com/city/lucknow/crackdown-on-hookah-service-42-held-in-kaiserbagh-cafe-raid-owners-on-the-run/articleshow/134749826.cms,"TNNLucknow: In one of the biggest crackdowns on hookah service in the city in recent years, Kaiserbagh police on Tuesday detained 42 people during a raid at Cafe Tales, located on the fourth floor above City Hotel, where hookahs were allegedly being served to customers.",2026-10-06T20:01:53Z,Strait of Hormuz,"Lucknow police raid Kaiserbagh’s Cafe Tales, detain 42 and seize 14 hookahs; owners absconding. Action under BNS and COTPA after HC ruling.",The Times of India,Unknown,News,2026-10-07T22:51:58.838784Z
d51d67bf823dda395eaeddbaa4bb5952,Ease of voting becomes a divide between 2 Nandigram blocks,https://timesofindia.indiatimes.com/city/kolkata/ease-of-voting-becomes-a-divide-between-2-nandigram-blocks/articleshow/134749825.cms,"Dwaipayan Ghosh,Suman Mandal",2026-10-06T20:01:44Z,Strait of Hormuz,"Nandigram bypoll saw 80.8% turnout by 7pm amid voter intimidation claims; BJP’s Suvendu Adhikari predicts win as Congress alleges rigging, seeks repoll.",The Times of India,Unknown,News,2026-10-07T22:51:58.838822Z
6851edca930118166d3868ea475ab7a5,HC fumes as 5 of 6 muck sites near Dharamshala on forest land,https://timesofindia.indiatimes.com/city/chandigarh/hc-fumes-as-5-of-6-muck-sites-near-dharamshala-on-forest-land/articleshow/134749812.cms,Sanjeev Verma,2026-10-06T20:01:36Z,Strait of Hormuz,"Himachal Pradesh HC questions muck dumping near Dharamshala as 5 of 6 proposed sites are on forest land, seeks affidavits and non-forest alternatives by Dec 2.",The Times of India,Unknown,News,2026-10-07T22:51:58.838855Z
d2a4b9a8b370cd9b203ba5834b0a2b68,"89-yr-old held in ‘digital arrest’ for 22 days, duped of ₹16L",https://timesofindia.indiatimes.com/city/lucknow/89-yr-old-held-in-digital-arrest-for-22-days-duped-of-16l/articleshow/134749823.cms,TNN,2026-10-06T20:00:42Z,Strait of Hormuz,"Lucknow: Fraudsters posing as ATS kept an 89-year-old under “digital arrest” for 22 days, threatening him and duping him of ₹16.09 lakh via bank transfers.",The Times of India,Unknown,News,2026-10-07T22:51:58.838893Z
ffbc69353a88d1737636742b35c1e2b2,CBI raid at my camp office part of BJP's poll preparation: CM Mann,https://timesofindia.indiatimes.com/city/chandigarh/cbi-raid-at-my-camp-office-part-of-bjps-poll-preparation-cm-mann/articleshow/134749810.cms,Times News Network,2026-10-06T20:00:34Z,Strait of Hormuz,Punjab CM Bhagwant Mann says CBI raid at his camp office is BJP poll strategy; AAP leaders accuse Centre of misusing ED/CBI ahead of elections.,The Times of India,Unknown,News,2026-10-07T22:51:58.838924Z
37ed831f2dfbb9b2a4b5a1bfe0a2cce4,CBI searches Mann’s camp office after filing FIR against OSD,https://timesofindia.indiatimes.com/city/chandigarh/cbi-searches-manns-camp-office-after-filing-fir-against-osd/articleshow/134749808.cms,"राजशेखर  झा,Vibhor Mohan",2026-10-06T20:00:30Z,Strait of Hormuz,"CBI files FIR against Punjab CM Bhagwant Mann’s OSD Rajbir Ghuman, searches 8 locations including Chandigarh camp office in alleged cash-for-transfer graft case.",The Times of India,Unknown,News,2026-10-07T22:51:58.838966Z
bf5331d47a75b0463e889d53d2cc26c0,"Dhillon hits back at Mann: ‘CBI probe ordered by court, not BJP’",https://timesofindia.indiatimes.com/city/chandigarh/dhillon-hits-back-at-mann-cbi-probe-ordered-by-court-not-bjp/articleshow/134749805.cms,Times News Network,2026-10-06T20:00:19Z,Strait of Hormuz,"Punjab BJP chief Kewal Singh Dhillon says CBI probe into allegations against Punjab govt was ordered by Punjab and Haryana High Court, not BJP; urges AAP to cooperate.",The Times of India,Unknown,News,2026-10-07T22:51:58.839005Z
308908c2827dbf97629fab1baee93333,2 killed after pickup crashes into tree in Sirsa,https://timesofindia.indiatimes.com/city/chandigarh/2-killed-after-pickup-crashes-into-tree-in-sirsa/articleshow/134749801.cms,Kumar Mukesh,2026-10-06T20:00:13Z,Strait of Hormuz,Two Punjab milk supply workers died in Sirsa after their pickup hit a roadside tree while avoiding an animal; both were declared dead at Dabwali hospital.,The Times of India,Unknown,News,2026-10-07T22:51:58.839038Z
b3673c535831e2bb41efd3f3182e2d34,"Wisconsin homeowner vows to fight proposed data-center power line after utility offered $81,000 plus $50,000 to clear a 1,000-by-75-foot corridor and remove six outbuildings",https://timesofindia.indiatimes.com/world/us/wisconsin-homeowner-vows-to-fight-proposed-data-center-power-line-after-utility-offered-81000-plus-50000-to-clear-a-1000-by-75-foot-corridor-and-remove-six-outbuildings/articleshow/134749793.cms,TOI World Desk,2026-10-06T20:00:02Z,Strait of Hormuz,"Wisconsin homeowner vows to fight proposed data-center power line after utility offered $81,000 plus $50,000 to clear a 1,000-by-75-foot corridor and remove six outbuildings",The Times of India,Unknown,News,2026-10-07T22:51:58.839077Z
740da8c6950c91dae92ce265b25ced83,China Refiners Flock to Iraqi Crude,https://www.rigzone.com/news/wire/china_refiners_flock_to_iraqi_crude-06-oct-2026-184784-article/,"Yongchang Chin, Rong Wei Neo",2026-10-06T20:00:01Z,Strait of Hormuz,China's independent refiners are turning to Iraqi crude.,Rigzone,China,News,2026-10-07T22:51:58.839088Z
c1c3588d4b795bd3201f897a26efbfc8,Leopard caught on camera after 50 days of fear in Barabanki village,https://timesofindia.indiatimes.com/city/lucknow/leopard-caught-on-camera-after-50-days-of-fear-in-barabanki-village/articleshow/134749821.cms,The Times Of India,2026-10-06T19:59:59Z,Strait of Hormuz,"Leopard sighted on camera in Sharifabad village, Barabanki after 50 days; forest department installs night-vision trap cameras and reactivates cage.",The Times of India,Unknown,News,2026-10-07T22:51:58.839136Z
973ef954df9d5efc152e84acd4f6d908,Man gets life term for killing woman,https://timesofindia.indiatimes.com/city/lucknow/man-gets-life-term-for-killing-woman/articleshow/134749817.cms,The Times Of India,2026-10-06T19:59:18Z,Strait of Hormuz,"Barabanki court sentenced Naseem to life for killing a 21-year-old woman in 2019 and dumping her body in a well; convicted under IPC 302, 201, 364, fined ₹1.40 lakh.",The Times of India,Unknown,News,2026-10-07T22:51:58.839174Z
57dca90de8e881de3a5c6910f80be0ab,Slipper left behind by killer helped cops crack teacher couple’s murder,https://timesofindia.indiatimes.com/city/lucknow/slipper-left-behind-by-killer-helped-cops-crack-teacher-couples-murder/articleshow/134749816.cms,TNN,2026-10-06T19:58:26Z,Strait of Hormuz,"Slipper clue led Sultanpur police to arrest school bus driver and aide for murdering teacher couple; CCTV sabotage, phone location and weapons recovered.",The Times of India,Unknown,News,2026-10-07T22:51:58.839212Z
959c4d4e6e32de4795e70b59431a4925,"Sooryavanshi steals the show, even without playing",https://timesofindia.indiatimes.com/city/lucknow/sooryavanshi-steals-the-show-even-without-playing/articleshow/134749815.cms,Fazal Khan,2026-10-06T19:58:08Z,Strait of Hormuz,"Lucknow’s Ekana crowd of 45,000 turns up for 15-year-old Vaibhav Sooryavanshi vs West Indies, with fans buying his T-shirts despite him missing XI.",The Times of India,Unknown,News,2026-10-07T22:51:58.839247Z
655b79d6cfa357481bf3c5362d17502e,Solar plant contractor shot dead in Sirsa; money dispute suspected,https://timesofindia.indiatimes.com/city/chandigarh/solar-plant-contractor-shot-dead-in-sirsa-money-dispute-suspected/articleshow/134749799.cms,Kumar Mukesh,2026-10-06T19:54:44Z,Strait of Hormuz,"Solar plant contractor Subhash Chandra, 45, shot dead at a Sirsa plant near Jamal village; police probe suspects money dispute and search for assailants.",The Times of India,Unknown,News,2026-10-07T22:51:58.839281Z
0f417e3362420ab6d1049e34ee69c29d,"Not their birthplace, but Hisar shaped two hockey stars",https://timesofindia.indiatimes.com/city/chandigarh/not-their-birthplace-but-hisar-shaped-two-hockey-stars/articleshow/134749788.cms,Kumar Mukesh,2026-10-06T19:51:31Z,Strait of Hormuz,"Hisar’s HAU Giri Centre and coach Azad Singh Malik shaped hockey stars Savita Punia and Deepika Seharawat, from early training to India glory.",The Times of India,India,News,2026-10-07T22:51:58.839346Z
1ddda8ed4ad0df9be093e5bcfb5c64f5,‘Wilfully misleading’: HC sends notice to Punjab chief secretary in DA case,https://timesofindia.indiatimes.com/city/chandigarh/wilfully-misleading-hc-sends-notice-to-punjab-chief-secretary-in-da-case/articleshow/134749780.cms,Jagpreet.Singh,2026-10-06T19:51:15Z,Strait of Hormuz,"Punjab & Haryana HC issues notice to Punjab chief secretary in DA case, citing “wilfully misleading” claims as Supreme Court appeals remain under defect.",The Times of India,Unknown,News,2026-10-07T22:51:58.839386Z
24316fb80000e59aa46434c8c4063a9b,Punjab accounts for 31% of farm fires as MP crosses 100,https://timesofindia.indiatimes.com/city/chandigarh/punjab-accounts-for-31-of-farm-fires-as-mp-crosses-100/articleshow/134749776.cms,Neel Kamal,2026-10-06T19:49:41Z,Strait of Hormuz,"Punjab logged 88 stubble-burning cases (30.6% of 287 across 7 states) by Oct 6; MP hit 118. FIR filed, Rs 1.40 lakh fines, 13 red entries, notices to 36 officials.",The Times of India,Unknown,News,2026-10-07T22:51:58.839416Z
ebe1313f720c13c2e5c35d287b054863,HC orders probe into ‘missing’ envelope in central varsity professor recruitment case,https://timesofindia.indiatimes.com/city/chandigarh/hc-orders-probe-into-missing-envelope-in-central-varsity-professor-recruitment-case/articleshow/134749772.cms,Jagpreet.Singh,2026-10-06T19:47:17Z,Strait of Hormuz,Punjab and Haryana HC orders Chandigarh DGP probe into missing sealed envelope with selection committee recommendations in Central University of Punjab professor recruitment.,The Times of India,Unknown,News,2026-10-07T22:51:58.839458Z
666d497d65897a3625fbd9a46fd61091,"Maharashtra drought panchnamas to be complete by Oct 12, says minister Bharne",https://timesofindia.indiatimes.com/city/pune/maharashtra-drought-panchnamas-to-be-complete-by-oct-12-says-minister-bharne/articleshow/134749767.cms,Anurag.Bende,2026-10-06T19:45:56Z,Strait of Hormuz,Maharashtra to complete drought panchnamas by Oct 12; 44% done so far. Report for NDRF relief to be sent to Centre; 19 tehsils under review.,The Times of India,Unknown,Analysis/Opinion,2026-10-07T22:51:58.839485Z
22b6a8ac419297251f934c166ae3c497,27 leprosy patients get reconstructive care at Wardha medical camp,https://timesofindia.indiatimes.com/city/nagpur/27-leprosy-patients-get-reconstructive-care-at-wardha-medical-camp/articleshow/134749760.cms,Times News Network,2026-10-06T19:44:38Z,Strait of Hormuz,"Wardha medical camp provided reconstructive surgery and rehabilitation to 27 leprosy patients, including nerve decompression, prosthetics and therapeutic footwear.",The Times of India,Unknown,News,2026-10-07T22:51:58.839519Z
8c896cc2e1c41f1869bf44a321481d01,"ANTF to probe Rajjit Hundal’s benami properties, bank accounts",https://timesofindia.indiatimes.com/city/chandigarh/antf-to-probe-rajjit-hundals-benami-properties-bank-accounts/articleshow/134749756.cms,Barinderjit Saluja,2026-10-06T19:44:22Z,Strait of Hormuz,"Mohali court extends dismissed ex-AIG Rajjit Hundal’s remand by 2 days as ANTF probes alleged benami properties, bank accounts and NDPS financial links.",The Times of India,Unknown,News,2026-10-07T22:51:58.839559Z
03007b5c61f9a79589c41d4506727d9e,Maharashtra’s critical soybean crop faces collapse in Marathwada drought,https://timesofindia.indiatimes.com/city/pune/maharashtras-critical-soybean-crop-faces-collapse-in-marathwada-drought/articleshow/134749755.cms,Sandip Dighe,2026-10-06T19:44:02Z,Strait of Hormuz,"Marathwada drought triggers near-total soybean crop failure in Maharashtra; crop-cutting tests show nil yields in places, threatening farmer incomes and economy.",The Times of India,Unknown,News,2026-10-07T22:51:58.839598Z
1a28d471b3dbc51f293b6af9b1179a9f,"Waris Punjab De meets guv, says party registration being blocked",https://timesofindia.indiatimes.com/city/chandigarh/waris-punjab-de-meets-guv-says-party-registration-being-blocked/articleshow/134749742.cms,Times News Network,2026-10-06T19:41:47Z,Strait of Hormuz,"Akali Dal (Waris Punjab De) delegation met Punjab Governor Gulab Chand Kataria, alleging delays in party registration and political occupation of govt houses.",The Times of India,Unknown,News,2026-10-07T22:51:58.839668Z
30b91953f942c036648cd9f5ba69124c,"In 1987, ancient glass sponge reefs were found alive off Canada's Pacific coast in B.C.'s Hecate Strait after being thought extinct for 40 million years; they survive today in three sounds",https://timesofindia.indiatimes.com/science/nature/in-1987-ancient-glass-sponge-reefs-were-found-alive-off-canadas-pacific-coast-in-b-c-s-hecate-strait-after-being-thought-extinct-for-40-million-years-they-survive-today-in-three-sounds/articleshow/134749703.cms,TOI Science Desk,2026-10-06T19:41:37Z,Strait of Hormuz,"In 1987, Canadian scientists discovered ancient glass sponge reefs alive in British Columbia’s Hecate Strait, overturning the belief that these reef-building animals had vanished 40 million years ago. More than 9,000 years old, the reefs survive today in Heca…",The Times of India,UK,News,2026-10-07T22:51:58.839723Z
aa09e59cf02dfc670a937b2a4c2f302c,Veggie Prices Spiral By Over 250% As Drought Squeezes Supply,https://timesofindia.indiatimes.com/city/nagpur/veggie-prices-spiral-by-over-250-as-drought-squeezes-supply/articleshow/134749738.cms,Abhishek Choudhari,2026-10-06T19:38:52Z,Strait of Hormuz,"Nagpur’s Kalamna APMC sees steep drought-driven price spikes: lemon +265%, onion +220%, garlic +149%, tur +47% year-on-year as supplies drop.",The Times of India,Unknown,Market Report,2026-10-07T22:51:58.839755Z
44f9699a533f7558e03c909a704fa7ca,"Groundwater levels drop by 42% in Nagpur division, Chandrapur worst hit at 73%",https://timesofindia.indiatimes.com/city/nagpur/groundwater-levels-drop-by-42-in-nagpur-division-chandrapur-worst-hit-at-73/articleshow/134749727.cms,Abhishek Choudhari,2026-10-06T19:37:51Z,Strait of Hormuz,"Groundwater in Maharashtra’s Nagpur division fell 42% below the five-year Sept average; Chandrapur worst at 73%, raising drinking water and rabi crop concerns.",The Times of India,Unknown,News,2026-10-07T22:51:58.839794Z
f657cba9380fe7f5b13b13e9aaac23f8,"Dispute over ‘qawwali’ seats leads to murder of Sena councillor, NCP worker in Buldhana dist",https://timesofindia.indiatimes.com/city/nagpur/dispute-over-qawwali-seats-leads-to-murder-of-sena-councillor-ncp-worker-in-buldhana-dist/articleshow/134749724.cms,Dhananjay Sable I TNN,2026-10-06T19:37:39Z,Strait of Hormuz,"Two killed, seven injured in Deulgaon Raja, Buldhana, after a qawwali seating dispute escalated into an armed clash; 20 arrested, cross murder cases filed.",The Times of India,Unknown,News,2026-10-07T22:51:58.839834Z
af8e987e81e1708583c8ce6b8af270a3,Over 84% Varanasi farmers registered for digital ID,https://timesofindia.indiatimes.com/city/varanasi/over-84-varanasi-farmers-registered-for-digital-id/articleshow/134749720.cms,Times News Network,2026-10-06T19:37:19Z,Strait of Hormuz,"Varanasi registers 84.67% of targeted farmers for digital Farmer IDs, linking land records and enabling direct access to PM-Kisan, subsidies, insurance and DBT.",The Times of India,Unknown,News,2026-10-07T22:51:58.839868Z
7d2deb28472409f51265a8990ddf02dc,BHU sets up committee to address student grievances,https://timesofindia.indiatimes.com/city/varanasi/bhu-sets-up-committee-to-address-student-grievances/articleshow/134749719.cms,The Times Of India,2026-10-06T19:37:13Z,Strait of Hormuz,"BHU forms Coordination Committee on Student Matters to address student grievances on campus issues like security, hostels, exams, and facilities for 1 year.",The Times of India,Unknown,News,2026-10-07T22:51:58.839900Z
d5e6d86b3fb7f4eaf3208706c102925f,SP fields Sanjayan Tripathi in MLC poll after BJP snub,https://timesofindia.indiatimes.com/city/varanasi/sp-fields-sanjayan-tripathi-in-mlc-poll-after-bjp-snub/articleshow/134749718.cms,The Times Of India,2026-10-06T19:37:07Z,Strait of Hormuz,"SP’s Sanjayan Tripathi files fresh nomination for Gorakhpur-Faizabad Teachers’ MLC poll after BJP denial; inducted by Akhilesh, replacing SP’s nominee.",The Times of India,Unknown,News,2026-10-07T22:51:58.839936Z
fe856f9c9158dd6572a7228db83f4e5f,Woman married to HIV positive man lodges FIR,https://timesofindia.indiatimes.com/city/varanasi/woman-married-to-hiv-positive-man-lodges-fir/articleshow/134749717.cms,Rajeev Dikshit,2026-10-06T19:37:02Z,Strait of Hormuz,"Varanasi woman files FIR alleging marriage arranged without disclosing groom’s HIV status, plus assault, dowry harassment, threats and blackmail; probe underway.",The Times of India,Unknown,News,2026-10-07T22:51:58.839974Z
116894fe9c2e385490c061ce5abd5679,10 bldgs demolished near Kutchehri Golghar crossing for road widening,https://timesofindia.indiatimes.com/city/varanasi/10-bldgs-demolished-near-kutchehri-golghar-crossing-for-road-widening/articleshow/134749716.cms,Rajeev Dikshit,2026-10-06T19:36:59Z,Strait of Hormuz,Varanasi: 10 buildings demolished near Kutchehri Golghar crossing under Rs 317 crore Kutchehri-Sandaha four-lane project to ease traffic and cut travel time.,The Times of India,Unknown,News,2026-10-07T22:51:58.840008Z
349edd16c0693732e4de2bd289d53313,Varanasi to host Namo Book Fest: Kashi Edition on Oct 7-8,https://timesofindia.indiatimes.com/city/varanasi/varanasi-to-host-namo-book-fest-kashi-edition-on-oct-7-8/articleshow/134749714.cms,The Times Of India,2026-10-06T19:36:50Z,Strait of Hormuz,"Varanasi hosts Namo Book Fest: Kashi Edition Oct 7-8 at Rudraksh Convention Centre, showcasing 500+ books on PM Modi’s life and policies.",The Times of India,Unknown,News,2026-10-07T22:51:58.840043Z
42f93b9f19dd21043ef9084c22e030ff,UP Tourism launches ‘Visit My State’ campaign with women entrepreneurs,https://timesofindia.indiatimes.com/city/varanasi/up-tourism-launches-visit-my-state-campaign-with-women-entrepreneurs/articleshow/134749712.cms,The Times Of India,2026-10-06T19:36:44Z,Strait of Hormuz,"UP Tourism’s ‘Visit My State’ Oct 7-9 takes 50 women entrepreneurs to Varanasi-Sarnath, boosting new travel narratives, Banarasi saree revival and local livelihoods.",The Times of India,Unknown,News,2026-10-07T22:51:58.840085Z
7c7ad048048bb6a47218febd071276fa,"Minor thwarts rape, smashes drunk dad’s skull with cricket bat",https://timesofindia.indiatimes.com/city/nagpur/minor-thwarts-rape-smashes-drunk-dads-skull-with-cricket-bat/articleshow/134749711.cms,Soumitra Bose,2026-10-06T19:35:59Z,Strait of Hormuz,Nagpur: Police probe father’s death after 17-year-old allegedly hit him with a cricket bat while resisting sexual assault; autopsy raises questions on others’ role.,The Times of India,Unknown,News,2026-10-07T22:51:58.840140Z
4abf4c7940e4031ddab6849cfeb64877,"Child Molester Caught & Thrashed, Succumbs",https://timesofindia.indiatimes.com/city/nagpur/child-molester-caught-thrashed-succumbs/articleshow/134749708.cms,Soumitra Bose,2026-10-06T19:35:40Z,Strait of Hormuz,"Nagpur Pardi mob assault: 35-year-old accused in POCSO case dies after residents thrash him; police probe underway, CCTV scanned, autopsy awaited.",The Times of India,Unknown,News,2026-10-07T22:51:58.840172Z
4c4592831fac9603aff5de7acd5e6278,City’s 5-year-old math wiz adds fourth world record to his name,https://timesofindia.indiatimes.com/city/nagpur/citys-5-year-old-math-wiz-adds-fourth-world-record-to-his-name/articleshow/134749701.cms,Sumukh Kulkarni,2026-10-06T19:34:47Z,Strait of Hormuz,"Nagpur’s 5-year-old Arahant Thool earns fourth world record, solving 55 double-digit sums in 3:54, with daily training in mental math and speaking.",The Times of India,Unknown,Market Report,2026-10-07T22:51:58.840207Z
e76b7c6d05cd96f25a2e484d50a2e660,"All 14 talukas of Amravati declared drought-hit, farmers face nature’s double blow",https://timesofindia.indiatimes.com/city/nagpur/all-14-talukas-of-amravati-declared-drought-hit-farmers-face-natures-double-blow/articleshow/134749697.cms,Anil Jadhav,2026-10-06T19:33:57Z,Strait of Hormuz,"Amravati district declared drought-hit as all 14 talukas face crop losses after floods and early monsoon end; govt promises relief, surveys and water plans.",The Times of India,Unknown,News,2026-10-07T22:51:58.840246Z
0415dc5b0d60f5a795ca8d4defbf338d,"SC seeks report on Chambal sand mining, calls impact on ecosystem ‘disastrous’",https://timesofindia.indiatimes.com/city/jaipur/sc-seeks-report-on-chambal-sand-mining-calls-impact-on-ecosystem-disastrous/articleshow/134749689.cms,Ashish Mehta,2026-10-06T19:33:30Z,Strait of Hormuz,"Supreme Court seeks CEC report on Chambal riverbed sand mining, calls ecosystem impact “disastrous”; Rajasthan, MP, UP to file compliance affidavits.",The Times of India,Unknown,Market Report,2026-10-07T22:51:58.840283Z
bf277caf4a8aa76cdf2f1d800c83af2c,"Chandrapur bans inter-district, out-of-state fodder movement amid drought",https://timesofindia.indiatimes.com/city/nagpur/chandrapur-bans-inter-district-out-of-state-fodder-movement-amid-drought/articleshow/134749688.cms,Mazhar Ali,2026-10-06T19:33:19Z,Strait of Hormuz,"Chandrapur district bans inter-district and out-of-state fodder transport and sales from Oct 1, 2026 amid Trigger-1 drought fears; exemptions apply.",The Times of India,Unknown,News,2026-10-07T22:51:58.840315Z
1af7b5cb7167565366b197b6fd160221,Kota teen stabbed to death; 5 booked for revenge attack,https://timesofindia.indiatimes.com/city/jaipur/kota-teen-stabbed-to-death-5-booked-for-revenge-attack/articleshow/134749686.cms,Rajiv Saxena,2026-10-06T19:33:12Z,Strait of Hormuz,"Kota teen Bhuvnesh Nagara, 18, a first-year BTech student, was stabbed to death in Anantpura; five accused booked in revenge attack.",The Times of India,Unknown,News,2026-10-07T22:51:58.840346Z
e5d5cc78005bcba85ca7f927b904cf56,Pali med college sends seniors off campus for 15 days to prevent ragging,https://timesofindia.indiatimes.com/city/jaipur/pali-med-college-sends-seniors-off-campus-for-15-days-to-prevent-ragging/articleshow/134749683.cms,Times News Network,2026-10-06T19:32:34Z,Strait of Hormuz,"Maharana Pratap Govt Medical College, Pali sends senior MBBS students on 15-day leave and bars campus entry to curb ragging for new batch.",The Times of India,Unknown,News,2026-10-07T22:51:58.840378Z
d298db02a72b323c91607cb041401541,Swine Flu Surge In City: 147 Fresh Cases In Sept,https://timesofindia.indiatimes.com/city/nagpur/swine-flu-surge-in-city-147-fresh-cases-in-sept/articleshow/134749682.cms,Sarfaraz Ahmed,2026-10-06T19:32:21Z,Strait of Hormuz,"Nagpur swine flu cases surged with 147 new infections in September, taking the district total to 273 and deaths to 5; dengue cases rose to 82.",The Times of India,Unknown,News,2026-10-07T22:51:58.840407Z
428077f6b21b7423b7e60c7c494ad476,"3 kids injured as roof plaster falls in Udaipur school, building locked",https://timesofindia.indiatimes.com/city/jaipur/3-kids-injured-as-roof-plaster-falls-in-udaipur-school-building-locked/articleshow/134749680.cms,Claude D’Souza,2026-10-06T19:32:05Z,Strait of Hormuz,"3 children injured after roof plaster collapses at Govt Primary School in Narda village, Udaipur; building closed, classes moved to nearby temple.",The Times of India,Unknown,News,2026-10-07T22:51:58.840440Z
c2e4bdbca7fea3b723c0bd23e21050ed,Woman held for allegedly extorting Rs 90 lakh by threatening false rape case,https://timesofindia.indiatimes.com/city/gurgaon/woman-held-for-allegedly-extorting-rs-90-lakh-by-threatening-false-rape-case/articleshow/134749676.cms,Nikhil Sharma,2026-10-06T19:31:53Z,Strait of Hormuz,"Gurgaon police arrested a 24-year-old MBA graduate for allegedly extorting Rs 90 lakh by threatening a false rape case; Rs 95 lakh frozen, Rs 50,000 recovered.",The Times of India,Unknown,News,2026-10-07T22:51:58.840477Z
80c207ab2732eaa6594447238935efe2,"Gosikhurd 96.74% Full, Nag Reservoirs Below 80%; NMC Revives Alternate Water Plan",https://timesofindia.indiatimes.com/city/nagpur/gosikhurd-96-74-full-nag-reservoirs-below-80-nmc-revives-alternate-water-plan/articleshow/134749674.cms,Proshun Chakraborty,2026-10-06T19:31:47Z,Strait of Hormuz,Nagpur’s Gosikhurd dam is 96.74% full while Totladoh is at 50.52%; NMC revives a 50+ km pipeline plan and drafts a two-year water strategy.,The Times of India,Unknown,News,2026-10-07T22:51:58.840515Z
9202798d9441aa86567d556d2dd54c10,Janambhumi to Karmabhumi Yatra: Seva Yatris start reaching Kashi,https://timesofindia.indiatimes.com/city/varanasi/janambhumi-to-karmabhumi-yatra-seva-yatris-start-reaching-kashi/articleshow/134749672.cms,Rajeev Dikshit,2026-10-06T19:31:41Z,Strait of Hormuz,"Seva Yatris of Janambhumi to Karmabhumi Yatra reach Kashi via multiple routes; welcomed at nine points by UP ministers, MLAs, MLC and Mayor Ashok Tiwari.",The Times of India,Unknown,News,2026-10-07T22:51:58.840547Z
f658fe052c3ce54aa8d34aa87d5452d3,"Fisheries college, aqua park to bring blue revolution in Gorakhpur",https://timesofindia.indiatimes.com/city/varanasi/fisheries-college-aqua-park-to-bring-blue-revolution-in-gorakhpur/articleshow/134749669.cms,The Times Of India,2026-10-06T19:31:26Z,Strait of Hormuz,"UP plans Fisheries College, WorldFish-backed research centre, aqua park and wholesale fish market in Gorakhpur to boost aquaculture, cold chain and jobs.",The Times of India,Unknown,Market Report,2026-10-07T22:51:58.840576Z
5221198f9738072da81ef74288c7d4e5,Air tank explosion leaves two injured in Gorakhpur,https://timesofindia.indiatimes.com/city/varanasi/air-tank-explosion-leaves-two-injured-in-gorakhpur/articleshow/134749668.cms,TNN,2026-10-06T19:31:20Z,Strait of Hormuz,"Air compressor tank explosion at a vehicle washing centre in Gorakhpur’s Jungle Kaudia injures two workers; one hand severed, probe underway.",The Times of India,Unknown,News,2026-10-07T22:51:58.840614Z
9dbc8422724d062a37e89e4d5ab0d86c,"2,000 hold rally in support of expelled SP member",https://timesofindia.indiatimes.com/city/varanasi/2000-hold-rally-in-support-of-expelled-sp-member/articleshow/134749667.cms,The Times Of India,2026-10-06T19:31:17Z,Strait of Hormuz,"Over 2,000 Kshatriya community members rallied in Bansgaon backing expelled SP leader Anshuman Singh after Gorakhpur slap row; memo sought fair probe, case review.",The Times of India,Unknown,Analysis/Opinion,2026-10-07T22:51:58.840640Z
bf34bfaeabfc027051d25334fc0c6c4f,"CNG cylinder explodes in Faridabad while refueling dumper, 3 injured",https://timesofindia.indiatimes.com/city/gurgaon/cng-cylinder-explodes-in-faridabad-while-refueling-dumper-3-injured/articleshow/134749665.cms,Samad Hoque,2026-10-06T19:31:03Z,Strait of Hormuz,"CNG cylinder on Tata dumper explodes during refueling at BPCL station on Surajkund Road, Faridabad; 3 injured, major mishap averted, probe underway.",The Times of India,Unknown,News,2026-10-07T22:51:58.840673Z
f9c37c13bc9132a1f181f7c3d093c5e4,"Confronted for breaking barricades, man tries to run over MCG gunman with bulldozer",https://timesofindia.indiatimes.com/city/gurgaon/confronted-for-breaking-barricades-man-tries-to-run-over-mcg-gunman-with-bulldozer/articleshow/134749664.cms,Nikhil Sharma,2026-10-06T19:30:39Z,Strait of Hormuz,Gurgaon: MCG gunman says man tried to run him over with an earthmover after barricades were broken on civic land in Nathupur; FIR filed under BNS and PDPP Act.,The Times of India,Unknown,News,2026-10-07T22:51:58.840706Z
8fd661953856c4da8b833d42812ab4c1,Iraq Builds 2027 Budget on $58 Oil—and a Very Large Deficit,https://oilprice.com/Latest-Energy-News/World-News/Iraq-Builds-2027-Budget-on-58-Oiland-a-Very-Large-Deficit.html,Julianne Geiger,2026-10-06T19:30:00Z,Strait of Hormuz,"Iraq is building its 2027 budget around $58 oil, a far cry below what the country actually needs to balance its books. The draft budget assumes crude exports of roughly 4 million barrels per day, including Kurdistan, with total spending of 217 trillion dinars…",OilPrice.com,Unknown,News,2026-10-07T22:51:58.840752Z
702f8e1621999d4c014a980116e42e8b,Sub-station brawl sparks hunger strike in Hat village,https://timesofindia.indiatimes.com/city/chandigarh/sub-station-brawl-sparks-hunger-strike-in-hat-village/articleshow/134749627.cms,Vijender Kumar,2026-10-06T19:24:58Z,Strait of Hormuz,"Hat village, Jind farmers start rotational hunger strike after alleged assault at power sub-station; demand arrests named in FIR and improved electricity supply.",The Times of India,Unknown,News,2026-10-07T22:51:58.840785Z
4721c79fed48d1f6e418377eb3a374a4,GAIL India eyes minority stake in US LNG project amid supply security push,https://economictimes.indiatimes.com/industry/energy/oil-gas/gail-india-eyes-minority-stake-in-us-lng-project-amid-supply-security-push/articleshow/134749248.cms,Kalpana Pathak,2026-10-06T19:12:50Z,Strait of Hormuz,"State-run GAIL India is in talks with three to four US LNG export projects to secure long-term supplies and may acquire a minority stake in one, industry executives said. The move comes after Strait of Hormuz disruptions exposed India's import vulnerabilities…",The Times of India,India,News,2026-10-07T22:51:58.840812Z
842b87732cbf65f5ace8a47361c0b01a,NY Fed Reports Global Supply Chain Pressures Reach 4-Month High,https://www.pymnts.com/supply-chain/2026/new-york-federal-reserve-reports-global-supply-chain-pressures-reach-4-month-high/,PYMNTS,2026-10-06T18:50:00Z,Strait of Hormuz,"Global supply chain pressures inched up in September, reaching their highest level since the recent peak seen in May, according to the Federal Reserve Bank of New York’s Global Supply Chain Pressure Index (GSCPI). The GSCPI rose to 1.28 in September, up from …",pymnts.com,Global,Market Report,2026-10-07T22:51:58.840857Z
30873f23f85e2c4f1e5fed394bab13ad,World's biggest oil CEO shares stark oil price warning as pressure builds and supplies run dry,https://biztoc.com/x/aa484c7bcb864608,thestreet.com,2026-10-06T18:25:04Z,Strait of Hormuz,"Drivers, travelers, and households continue to feel the crippling effects of the oil shock, even as the immediate disruption around the Strait of Hormuz starts to ease.
Saudi Aramco CEO Amin Nasser is warning that the global oil market has lost much of the bu…",Biztoc.com,Global,Market Report,2026-10-07T22:51:58.840900Z
a90a7659c28d70928a48d10c440b98a9,Kick streamer TokyoHarri goes viral after associate is punched in Shibuya amid ‘offensive language’ claims,https://timesofindia.indiatimes.com/world/us-streamers/kick-streamer-tokyoharri-goes-viral-after-associate-is-punched-in-shibuya-amid-offensive-language-claims/articleshow/134747907.cms,Sumit Roy,2026-10-06T18:08:16Z,Strait of Hormuz,"TokyoHarri went viral after his associate was punched during a livestream in Shibuya. A tourist appeared to hit him before leaving, while TokyoHarri chased after him. Social media users claimed offensive language was used before the attack, but those claims r…",The Times of India,Japan,News,2026-10-07T22:51:58.840978Z
4a825fd082a9c17c4226a72f169177b5,Greek PM announces €95m electricity subsidy for energy-intensive industry,https://en.protothema.gr/2026/10/06/greek-pm-announces-e95m-electricity-subsidy-for-energy-intensive-industry/,Αλεξία Αμβράζη,2026-10-06T18:04:14Z,Strait of Hormuz,"Cement, food, paper and plastics producers will benefit under a European framework, with details due within days. The prime minister said Greece borrows more cheaply than the G7 economies and proposed a joint EU response
The post Greek PM announces €95m elect…",Protothema.gr,Greece,News,2026-10-07T22:51:58.841021Z
7993a7306b08e332bade94a38ec4fb35,"BenDaDonnn vows legal action after arrest, claims ‘racial profiling’ and questions $7,000 bond",https://timesofindia.indiatimes.com/world/us-streamers/bendadonnn-vows-legal-action-after-arrest-claims-racial-profiling-and-questions-7000-bond/articleshow/134747234.cms,Sumit Roy,2026-10-06T18:00:01Z,Strait of Hormuz,BenDaDonnn has broken his silence after being arrested in College Station and charged with evading arrest or detention. He says he was racially profiled and wrongfully detained and plans legal action. Police say he refused commands and tried to get away. His …,The Times of India,Unknown,News,2026-10-07T22:51:58.841074Z
c8762401a98c09321ffc2b703940f319,Republican stopped cold mid-sentence as CNN host fact-checks claims to his face,https://www.rawstory.com/trump-economy-2678015000/,Erik De La Garza,2026-10-06T17:47:20Z,Strait of Hormuz,"Rep. Ryan Mackenzie (R-PA) was abruptly stopped mid-sentence Tuesday when CNN's Manu Raju confronted him with a blunt fact-check about rising fuel prices.The moment unfolded on ""Inside Politics"" when the Pennsylvania Republican, who won his battleground distr…",Raw Story,Unknown,Market Report,2026-10-07T22:51:58.841136Z
d03068eff48617dc77c53b714e88af9a,Ukrainian MP put on ‘kill list’ over call for peace with Russia,https://www.rt.com/russia/646844-ukrainian-lawmaker-hate-list/,RT,2026-10-06T21:13:54Z,shipping sanctions,Ukrainian lawmaker Alexey Goncharenko has been expelled from his parliamentary group and blacklisted on the notorious Mirotvorets database after suggesting Kiev is losing the conflict,RT,Russia,News,2026-10-07T22:51:59.365711Z
9cab0ab81b0afd2b483a184887cf8904,Judge Barker (E.D. Tex.) Disassembles Two SAD Scheme Cases,https://blog.ericgoldman.org/archives/2026/10/judge-barker-e-d-tex-disassembles-two-sad-scheme-cases.htm,Eric Goldman,2026-10-05T18:26:50Z,shipping sanctions,"Judge J. Campbell Barker (E.D. Tex.) issued two rulings involving SAD Scheme patent cases last week. The cases are: Shangyou Jiayi Lighting Product Co., Ltd. v. Schedule A Defendants, 2026 WL 2948520 (E.D. Tex. Sept. 30, 2026) and Haiying Liu ...
The post Jud…",Ericgoldman.org,Unknown,News,2026-10-07T22:51:59.366098Z
0d10c645f10e0e5b6b11f748a8eae4f5,"SOF Weekly Brief – Oct 5, 2026",https://smallwarsjournal.com/2026/10/05/sof-weekly-brief-oct-5-2026/,SWJED,2026-10-05T10:34:57Z,shipping sanctions,"Access SOF News HERE.   SOF Weekly Brief – Oct 5, 2026 October 5, 2026 John Friberg Update Curated news, analysis, and commentary on special operations, intelligence, irregular warfare, national defense, and global conflicts. Photo / Image: MARSOC Marine from…",Smallwarsjournal.com,Global,Analysis/Opinion,2026-10-07T22:51:59.366322Z
3f07c29e242a524cd2e99b3dc3a2a66e,Shadow Fleet Traffic on Northern Sea Route Surges as Arctic Safety Concerns Grow,https://gcaptain.com/shadow-fleet-traffic-on-northern-sea-route-surges-as-arctic-safety-concerns-grow/,Malte Humpert,2026-10-05T08:06:34Z,shipping sanctions,"The number of shadow-fleet vessels carrying Russian oil and LNG through the Northern Sea Route has surged this summer, according to a new analysis by the Bellona Environmental Transparency Center, raising concerns about the ability to respond to accidents in …",gcaptain.com,Russia,Analysis/Opinion,2026-10-07T22:51:59.366344Z
2d5474b07fb9842afb92542e5089b9ed,"Iran oil minister resigns, replaced by top executive amid US blockade on Tehran’s exports",https://www.thehindubusinessline.com/news/world/iran-oil-minister-resigns-replaced-by-top-executive-amid-us-blockade-on-tehrans-exports/article71545742.ece,ANI,2026-10-05T03:45:33Z,shipping sanctions,"In response to Tehran restricting commercial shipping traffic and firing upon vessels deemed to have made unauthorised passages, Washington instituted a counterblockade targeting Iranian ports to halt petroleum exports",BusinessLine,Unknown,News,2026-10-07T22:51:59.366392Z
40172484d699b3e883ec6d75d40b07c9,"Iran oil minister resigns, replaced by top executive amid US blockade on Tehran's exports",https://economictimes.indiatimes.com/news/international/world-news/iran-oil-minister-resigns-replaced-by-top-executive-amid-us-blockade-on-tehrans-exports/articleshow/134684948.cms,ANI,2026-10-05T03:40:44Z,shipping sanctions,"Iranian Oil Minister Mohsen Paknejad has resigned, with National Iranian Oil Company chief Hamid Bovard appointed as acting minister. The resignation comes as the US intensifies its naval blockade and sanctions targeting Iran’s oil revenues amid the ongoing M…",The Times of India,Unknown,News,2026-10-07T22:51:59.366443Z
3cb0bf8b84d1c60d3be07059fcdd4f35,"Persian Gulf oil flows return to prewar levels, but Iran could resort to a ‘scorched earth campaign’ as U.S. deploys more ships and Marines to Mideast",https://fortune.com/2026/10/04/persian-gulf-oil-flows-prewar-levels-iran-scorched-earth-campaign-us-aircraft-carrier-marines/,Jason Ma,2026-10-04T20:03:10Z,shipping sanctions,"""That is what everyone who actually follows this region and its dynamics is worried about.""",Fortune,Unknown,News,2026-10-07T22:51:59.366484Z
731f27054f9b6bd94b12ece1e51877e3,"No military solution to Middle East war, Iran tells US",https://punchng.com/no-military-solution-to-middle-east-war-iran-tells-us/,Punch Newspapers,2026-10-04T19:21:08Z,shipping sanctions,"Iran’s top diplomat says there is no military solution to its conflict with the US, insisting only negotiations can end the war focused on the Hormuz Strai

Read More: https://punchng.com/no-military-solution-to-middle-east-war-iran-tells-us/",The Punch,Unknown,News,2026-10-07T22:51:59.366528Z
f3bb5c43253807ec79666722140aab05,"'Iran signed NPT, India did not...situation is very different': Jaishankar highlights distinctions, deepening global energy crises amid West Asia turmoil",https://economictimes.indiatimes.com/news/india/iran-signed-npt-india-did-not-situation-is-very-different-jaishankar-highlights-distinctions-deepening-global-energy-crises-amid-west-asia-turmoil/articleshow/134678289.cms,ANI,2026-10-04T17:04:08Z,shipping sanctions,"External Affairs Minister S Jaishankar said India's non-signatory status under the NPT gives it a different position from Iran, which is an NPT signatory, while stressing that India's immediate concern is the impact of the West Asia conflict on energy and tra…",The Times of India,India,News,2026-10-07T22:51:59.366559Z
0130711b88554b82c5c5999c81cf39b5,Iran reviewing US response to diplomatic proposal presented at UN: Kazem Gharibabadi,https://economictimes.indiatimes.com/news/defence/iran-reviewing-us-response-to-diplomatic-proposal-presented-at-un-kazem-gharibabadi/articleshow/134677905.cms,ANI,2026-10-04T16:17:49Z,shipping sanctions,"Iran is currently evaluating a diplomatic proposal put forth to the United States aimed at easing rising regional tensions. This proposal was conveyed by Iranian Foreign Minister Abbas Araghchi via diplomatic channels. In related news, a commercial tanker in …",The Times of India,USA,Analysis/Opinion,2026-10-07T22:51:59.366580Z
f69c6649c5dee7e695771642984ba7fa,"Japan sanctions Garantex, freezing assets of exchange tied to $96B in crypto transactions",https://cryptobriefing.com/japan-sanctions-garantex-crypto-exchange/,John Chen,2026-10-04T12:23:46Z,shipping sanctions,"Japan's sanctions on Garantex highlight global efforts to curb illicit crypto activities, emphasizing increased compliance burdens for businesses.
The post Japan sanctions Garantex, freezing assets of exchange tied to $96B in crypto transactions appeared firs…",Crypto Briefing,Japan,News,2026-10-07T22:51:59.366616Z
77e17fa531a215f5a491b6cb9430b11f,Iran tells US there is no military solution to Middle East war,https://www.channelnewsasia.com/world/iran-us-war-middle-east-no-military-solution-6430636,,2026-10-04T10:12:00Z,shipping sanctions,"TEHRAN: Iran's top diplomat insisted on Sunday (Oct 4) that there would be no military solution to the United States' war against the Islamic Republic, with talks on ending the conflict apparently at an impasse.A cam",CNA,USA,News,2026-10-07T22:51:59.366642Z
62721e41b9d9c59ba306f477f6b0cf63,Iran tells U.S. there is no military solution to Middle East war,https://www.yahoo.com/news/world/articles/iran-tells-us-no-military-094635228.html,Sébastien RICCI,2026-10-04T09:46:35Z,shipping sanctions,"Ships anchored off the coast of Musandam governorate in Oman near the Strait of Hormuz on Friday (-)
Iran's top diplomat insisted on Sunday that there would be no military solution to the United States' war against the Islamic republic, with talks on ending …",Yahoo Entertainment,USA,News,2026-10-07T22:51:59.366704Z
6f9f5c75040c941566845ca2db4ac8f8,Iran FM rejects military solution to conflict with US,https://www.hurriyetdailynews.com/iran-fm-rejects-military-solution-to-conflict-with-us-227682,hurriyetdailynews.com,2026-10-04T09:16:00Z,shipping sanctions,Iranian Foreign Minister Abbas Araghchi said on Oct. 4 no military solution exists to his country's conflict with the United States as negotiations reach an apparent impasse.,Hurriyet Daily News,USA,News,2026-10-07T22:51:59.366724Z
87e406a8f8129f5b7a3eadfa70e676e6,Conflict with US can’t be solved by military action — Iran,https://punchng.com/conflict-with-us-cant-be-solved-by-military-action-iran/,Punch Newspapers,2026-10-04T09:07:36Z,shipping sanctions,"Iran’s Foreign Minister says there is no military solution to the conflict with the US, only negotiations, warning of a stronger response if attacked.

Read More: https://punchng.com/conflict-with-us-cant-be-solved-by-military-action-iran/",The Punch,Unknown,News,2026-10-07T22:51:59.366769Z
b43d273a576d6da635ba182311604a71,The Iran War can only End if Israel and the US Stop trying to Strangle Iran,https://www.juancole.com/2026/10/israel-trying-strangle.html,Middle East Monitor,2026-10-04T04:06:12Z,shipping sanctions,"Oil exports, payment channels, investment and transport links provide the means to reconstruct infrastructure and plan beyond emergency survival",Juancole.com,Unknown,News,2026-10-07T22:51:59.366845Z
54d742e99aa3b0571661332c52ef62db,"Three U.S. carriers, a chokepoint standoff, and Iran",https://www.israelnationalnews.com/news/434034,Amine Ayoub,2026-10-03T19:18:37Z,shipping sanctions,"Tehran’s maritime squeeze, Washington’s midterm political clock, and the rejection of Iran’s ceasefire offer have pushed the Strait of Hormuz to the brink. Navigating this standoff requires clear-eyed analysis of real operational limits, Arab diplomatic reali…",Israelnationalnews.com,Unknown,Analysis/Opinion,2026-10-07T22:51:59.366883Z
6c8d21586d1297429089192eed1b20a1,"India needs competitive capabilities, import diversification: PK Mishra",https://economictimes.indiatimes.com/news/india/india-needs-competitive-capabilities-import-diversification-pk-mishra/articleshow/134664195.cms,ET Bureau,2026-10-03T17:56:59Z,shipping sanctions,P K Mishra emphasized India's approach to economic resilience during the Kautilya Economic Conclave. He noted the importance of maintaining substantial stocks and diversifying procurement strategies. Mishra highlighted the growth in the number of countries fr…,The Times of India,India,News,2026-10-07T22:51:59.366911Z
da7923916ce68bad1f86cd013427f193,"India's answer to a risk-priced world is openness, not fragility: PK Mishra",https://www.business-standard.com/economy/news/india-s-answer-to-a-risk-priced-world-is-openness-not-fragility-pk-mishra-126100300818_1.html,Aathira Varier,2026-10-03T14:28:34Z,shipping sanctions,"Mishra says India must remain open while limiting vulnerability, balancing resilience costs with energy security, competitive manufacturing and diversified trade",Business Standard,India,News,2026-10-07T22:51:59.366929Z
0207fe569a01afd9318e5f0bbe625d05,"Sanctions, tariffs turn into policy instruments, sometimes weaponised: P K Mishra",https://www.thehindubusinessline.com/news/sanctions-tariffs-turn-into-policy-instruments-sometimes-weaponised-p-k-mishra/article71540085.ece,PTI,2026-10-03T09:58:03Z,shipping sanctions,"India’s export controls, sanctions, and supply risks prompt resilience through diversified energy, minerals, and macroeconomic safeguards, says P K Mishra.",BusinessLine,India,News,2026-10-07T22:51:59.366950Z
4e981dc574d1fc9fbe6ebf7472cd932f,"Sanctions, tariffs turn into policy instruments, sometimes weaponised: P K Mishra",https://economictimes.indiatimes.com/news/economy/policy/sanctions-tariffs-turn-into-policy-instruments-sometimes-weaponised-p-k-mishra/articleshow/134654818.cms,PTI,2026-10-03T08:00:19Z,shipping sanctions,P K Mishra highlighted the impact of geopolitical tensions on global markets and economic vulnerabilities. He mentioned that India is diversifying its energy imports to reduce vulnerabilities and ensure economic stability. The need for macroeconomic resilienc…,The Times of India,India,Market Report,2026-10-07T22:51:59.366970Z
888b8711d03bc5f6aa4bab1bd1f4a194,"Sanctions, tariffs sometimes weaponised as policy tools: PK Mishra",https://www.business-standard.com/economy/news/sanctions-tariffs-sometimes-weaponised-as-policy-tools-pk-mishra-126100300326_1.html,Press Trust of India,2026-10-03T07:50:03Z,shipping sanctions,"Principal Secretary to the prime minister, P K Mishra, on Saturday said export restrictions, sanctions and tariffs become instruments of economic policy and they are sometimes even weaponised.
The top government functionary also said that wars disrupt energy …",Business Standard,Unknown,News,2026-10-07T22:51:59.367022Z
ca1813075ef4cf43b6a36630a3b182cc,Europe's Diesel Problem,https://www.americanthinker.com/articles/2026/10/europe-s-diesel-problem/,,2026-10-03T04:00:00Z,shipping sanctions,"Photo Credit:
 
 National ArchivesBy Toth IstvanAn unexpected global diesel crisis has emerged against the backdrop of armed conflicts in Ukraine and the Middle East.",Americanthinker.com,Ukraine,News,2026-10-07T22:51:59.367043Z
430118ce59cf3b5b5e30981e00a6f67c,DOJ Seeks $61M in Iranian Oil Proceeds Laundered Through Binance Accounts,https://activistpost.com/doj-seeks-61m-in-iranian-oil-proceeds-laundered-through-binance-accounts/,Editor,2026-10-03T01:00:00Z,shipping sanctions,The U.S. Department of Justice has filed to forfeit $61 million in crypto it says was generated from Iranian black-market oil sales. The U.S. Department of Justice said Monday it is seizing and seeking to forfeit $61 million in cryptocurrency that it alleges …,Activistpost.com,Unknown,Market Report,2026-10-07T22:51:59.367129Z
a6249eb133853e9e1c080569d860e759,"Current price of oil as of Oct. 2, 2026",https://fortune.com/article/price-of-oil-10-02-2026/,Joseph Hostetler,2026-10-02T13:20:12Z,shipping sanctions,"When oil prices change, it affects your energy costs—and even the price of everyday items. Here’s why.",Fortune,Unknown,Market Report,2026-10-07T22:51:59.367213Z
7bcebc522879af2281850cef6b086e38,Iran War: Narratives Continue to Diverge Under ‘President of Peace’ Trump,https://www.nakedcapitalism.com/2026/10/iran-war-narratives-president-of-peace-trump-netanyahu-missiles.html,Nat Wilson Turner,2026-10-02T10:01:45Z,shipping sanctions,"The narrative battles to control perceptions of the Iran War continue as does the kinetic battle to control traffic through the Strait of Hormuz, the American pressure on Iran's economy and the Saudi Arabia conflict with Yemen.",Nakedcapitalism.com,USA,News,2026-10-07T22:51:59.367331Z
0ac0fdddc6944e0f0ddb81e5a2dcf37d,"The inauguration of PASOK (and of the… psychiatric hospital), Maximos Mansion keeps its distance from the market’s “peace processes,” Alexis, Hades and Mount Athos, the banks and their loans",https://en.protothema.gr/2026/10/02/the-inauguration-of-pasok-and-of-the-psychiatric-hospital-maximos-mansion-keeps-its-distance-from-the-markets-peace-processes-alexis-hades-and-mount-athos-the/,Newsroom,2026-10-02T07:11:00Z,shipping sanctions,"New round of deals in Greek shipping & the best customer for Russian oil
The post The inauguration of PASOK (and of the… psychiatric hospital), Maximos Mansion keeps its distance from the market’s “peace processes,” Alexis, Hades and Mount Athos, the banks an…",Protothema.gr,Russia,Market Report,2026-10-07T22:51:59.367405Z
5e8c994c922bdc9a0c53a15b33b03760,"Show HN: Grist, open source coding harness",https://grist.lol/,pranav6226,2026-10-01T23:37:11Z,shipping sanctions,"I built a coding harness on top of the new Opencode v2, it started with the the idea of using the new jev model for routing easy tasks to cheaper models such as deepseek and hard tasks to models such as Opus 5.5. In total in separated it into 4 rungs - easy, …",Grist.lol,Unknown,News,2026-10-07T22:51:59.367451Z
d2ab6a97fd6177aac7ed4c6d32bddbe8,Report: Rubio Kicks Iran Diplomats Out After They 'Overstayed Their Welcome' in NYC,https://www.breitbart.com/middle-east/2026/10/01/report-rubio-kicks-iran-diplomats-out-after-they-overstayed-their-welcome-in-nyc/,Frances Martel,2026-10-01T23:30:12Z,shipping sanctions,"The Washington, DC, outlet Axios reported on Thursday that Secretary of State Marco Rubio personally ordered Iranian diplomats, allegedly in the United States to attend last week's U.N. General Assembly, to leave the country after low-level discussions with t…",Breitbart News,USA,Market Report,2026-10-07T22:51:59.367477Z
b5b8d7093c175643aa7d5ff19af246eb,UK Hits Eight Russian Ships in New Sanctions Package,https://gcaptain.com/uk-hits-eight-russian-ships-in-new-sanctions-package/,Mike Schuler,2026-10-01T21:37:13Z,shipping sanctions,"The United Kingdom has imposed sanctions on eight ships as part of a broader package targeting Russian energy revenues, maritime logistics and individuals accused of supporting Moscow’s war in Ukraine....",gcaptain.com,Russia,News,2026-10-07T22:51:59.367504Z
20d5c6d07268ad3339ad37df7041aff0,"Iranian negotiators kicked out of US as talks stall, Trump lays out 'possible' timeline for more strikes",https://www.foxnews.com/politics/iranian-negotiators-kicked-out-us-talks-stall-trump-lays-possible-timeline-more-strikes,,2026-10-01T14:50:22Z,shipping sanctions,"Marco Rubio ordered Iran's delegation to leave New York after talks stalled, as President Donald Trump warned ramped-up bombing is ""possible.""",Fox News,Unknown,News,2026-10-07T22:51:59.367595Z
ed986d2562a8f5762a873d6271a758c9,"Current price of oil as of Oct. 1, 2026",https://fortune.com/article/price-of-oil-10-01-2026/,Joseph Hostetler,2026-10-01T13:23:31Z,shipping sanctions,"When oil prices change, it affects your energy costs—and even the price of everyday items. Here’s why.",Fortune,Unknown,Market Report,2026-10-07T22:51:59.367623Z
cacdbf74ad3f0660dda0b141df1706a8,Iran indicates it's received an official US response to its latest offer on ending the war,https://abcnews.com/International/wireStory/iran-received-official-us-response-latest-offer-ending-136882729,AAMER MADHANI Associated Press,2026-10-01T07:26:27Z,shipping sanctions,"Iranian officials say they have received an official U.S. response to Tehran's own proposal to end the seven-month war, which U.S. President Donald Trump rejected days earlier",Abcnews.com,Unknown,News,2026-10-07T22:51:59.367690Z
f1444e11acf94b5b005fbd5df0d632d0,Iran indicates it has received official response to latest ceasefire offer,https://www.thehindubusinessline.com/news/world/iran-indicates-it-has-received-official-response-to-latest-ceasefire-offer/article71531238.ece,AP- PTI,2026-10-01T05:32:34Z,shipping sanctions,"Iran says it has received a US response to its ceasefire proposal, urging a win-win deal amid sanctions, economy turmoil, and protests.",BusinessLine,Unknown,News,2026-10-07T22:51:59.367750Z
17983f7ecff7ef0436bf2e680bcb4cb5,"Why the Iran War Equation Is Changing, and Why a Third War May Be Closer Than It Seems",https://www.juancole.com/2026/10/equation-changing-closer.html,Mohammad Amin Ahmadi,2026-10-01T04:15:25Z,shipping sanctions,"if negotiations fail, Iran could also consider military action to break the blockade and reopen its export routes",Juancole.com,Unknown,News,2026-10-07T22:51:59.367784Z
d03a7c541356c450c1985a7214784dda,Iran receives official US response to latest proposal to end 7-month war,https://www.business-standard.com/world-news/iran-receives-official-us-response-to-latest-proposal-to-end-7-month-war-126100100079_1.html,AP,2026-10-01T02:04:10Z,shipping sanctions,"Iranian officials indicated Wednesday they have received an official US response to Tehran's latest proposal to end the seven-month war, which US President Donald Trump had publicly rejected just days earlier.
The officials did not say what the response conta…",Business Standard,Unknown,News,2026-10-07T22:51:59.367832Z
9e0dc1ca6d4c9feeeae8e8f5d9d43294,The West tried to rein in Russian oil. What went wrong?,https://www.rt.com/business/646486-western-sanctions-russian-oil/,RT,2026-09-30T21:33:18Z,shipping sanctions,"Western sanctions targeted Russia’s oil revenues, but surging prices have pushed Moscow’s crude export earnings to $2.75 billion a week, the highest since 2022",RT,Russia,Market Report,2026-10-07T22:51:59.367853Z
a93223605b86a36ba457f953d8927b27,De-dollarization alert! U.S. doubling down on weaponization of the dollar,https://freerepublic.com/focus/f-news/4397462/posts,Enter Stage Right,2026-09-30T20:58:37Z,shipping sanctions,"The U.S. government continues to ratchet up its use of the dollar as a foreign policy tool, even as the weaponization of the dollar has accelerated de-dollarization. Last Monday, U.S. Treasury Secretary Scott Bessent announced plans to effectively ground Iran…",Freerepublic.com,Unknown,News,2026-10-07T22:51:59.367902Z
29fac4f4761ce7261fc77f35052fec2a,Iran indicates it’s received an official US response to its latest offer on ending the war,https://nypost.com/2026/09/30/world-news/iran-indicates-its-received-an-official-us-response-to-its-latest-offer-on-ending-the-war/,Associated Press,2026-09-30T20:47:46Z,shipping sanctions,"Iran has received an official U.S. response to its latest proposal to end the seven-month war, despite President Trump's public rejection.",New York Post,Unknown,News,2026-10-07T22:51:59.367941Z
de7cc00bed4e3745ca08cd4819230dae,"Medication prices skyrocket in Iran as US blockade, sanctions hit hard",https://nypost.com/2026/09/30/world-news/medication-prices-skyrocket-in-iran-as-us-blockade-sanctions-hit-hard/,Associated Press,2026-09-30T19:15:39Z,shipping sanctions,Iran’s pharmaceutical industry is vulnerable because of its reliance on imports.,New York Post,Unknown,Market Report,2026-10-07T22:51:59.367971Z
e4da87bdb36f56411e460d9225d4a1cb,Iran Receives Official US Response to Its Offer to End the War as Three Ships Are Hit in Strait of Hormuz,https://www.ibtimes.com.au/iran-receives-us-response-war-end-proposal-1876104,Scott Lance,2026-09-30T16:19:19Z,shipping sanctions,"Iran has received a US response to its proposal to end the war, while negotiations remain uncertain amid continued tensions in the Strait of Hormuz and new sanctions.",Ibtimes.com.au,Unknown,News,2026-10-07T22:51:59.368025Z
0af19c0e18fdff140482849f4a90773e,"Current price of oil as of Sept. 30, 2026",https://fortune.com/article/price-of-oil-09-30-2026/,Joseph Hostetler,2026-09-30T13:45:29Z,shipping sanctions,"When oil prices change, it affects your energy costs—and even the price of everyday items. Here’s why.",Fortune,Unknown,Market Report,2026-10-07T22:51:59.368053Z
58dbf79a86185fbdecbd1d6b8bcbabd4,Russia posts highest crude export earnings since 2022 – Bloomberg,https://www.rt.com/business/646473-russia-crude-exports-boom/,RT,2026-09-30T10:35:25Z,shipping sanctions,"Russia’s seaborne crude exports generated $2.75 billion in a week as higher prices and shipments boosted revenues despite Western sanctions, Bloomberg has reported",RT,Russia,Market Report,2026-10-07T22:51:59.368125Z
ff885bd46cc846632b22ac16f48b5975,"Iran War: The Narrative War Over Hormuz, Meetings in NY, Abu Dhabi, Riyadh, London",https://www.nakedcapitalism.com/2026/09/iran-war-the-narrative-war-over-hormuz-continues-big-meeting-in-uae.html,Nat Wilson Turner,2026-09-30T10:00:19Z,shipping sanctions,"The Trump 2.0 regime seems to be succeeding in its efforts to convince the oil markets that they have cracked open the Hormuz Strait and are escorting an ever-increasing amount of crude oil past the Iranian blockade. For their part, the Iranian claims to have…",Nakedcapitalism.com,UK,Market Report,2026-10-07T22:51:59.368168Z
f9d3ee8b53899cee4ca486a8cb9ac6e4,Iranians face soaring prices for medicine as the US blockade and sanctions hit hard,https://abcnews.com/Business/wireStory/iranians-face-soaring-prices-medicine-us-blockade-sanctions-136878849,"NASSER KARIMI Associated Press, AMIR-HUSSEIN RADJY Associated Press",2026-09-30T05:44:05Z,shipping sanctions,"Medication prices are soaring in Iran and some treatments have become hard to find, leaving patients and their families scrambling as a U.S. blockade and stepped-up sanctions squeeze the country’s pharmaceuticals industry",Abcnews.com,Unknown,Market Report,2026-10-07T22:51:59.368211Z
cc126123591b08878a50e6b3ad9f500d,"Iranians face soaring medicine prices as US blockade, sanctions hit hard",https://www.business-standard.com/world-news/iranians-face-soaring-medicine-prices-as-us-blockade-sanctions-hit-hard-126093000220_1.html,AP,2026-09-30T05:03:24Z,shipping sanctions,"Medication prices are soaring in Iran and some treatments have become hard to find, leaving patients and their families scrambling as a US blockade and stepped-up sanctions squeeze the country's pharmaceuticals industry.
Some medicines have more than tripled …",Business Standard,Unknown,Market Report,2026-10-07T22:51:59.368254Z
b0ca7fc9051867c0b521d141824b78da,"Iran's medicines soar in price as US blockade, sanctions squeeze pharmaceutical supplies",https://economictimes.indiatimes.com/news/international/world-news/irans-medicines-soar-in-price-as-us-blockade-sanctions-squeeze-pharmaceutical-supplies/articleshow/134581473.cms,AP,2026-09-30T04:34:51Z,shipping sanctions,"Medication prices in Iran have surged drastically due to US sanctions and ongoing conflict, creating significant hardships. Families are struggling to find essential medications, impacting their financial stability and well-being. Pharmaceutical imports have …",The Times of India,Unknown,Market Report,2026-10-07T22:51:59.368300Z
f33b75253bc166a4abc166e01ec551bb,Oil Price Today (September 30): Crude oil at $104 as Trump rejects easing Iran sanctions. What are experts saying?,https://economictimes.indiatimes.com/markets/commodities/news/oil-price-today-september-30-crude-oil-at-104-as-trump-rejects-easing-iran-sanctions-what-are-experts-saying/articleshow/134577453.cms,Veer Sharma,2026-09-30T02:12:01Z,shipping sanctions,"Brent crude futures rose $1.14, or 1.11%, to $103.73, while US West Texas Intermediate crude gained 15 cents, or 0.30%, to $89.50 a barrel. Brent is on track for a monthly gain of around 14%, which would be its biggest rise since July. WTI is set for a 4% mon…",The Times of India,Unknown,Market Report,2026-10-07T22:51:59.368363Z
1dea24460271aa734f2b0bc43428e52e,marketiv added to PyPI,https://pypi.org/project/marketiv/,hello@marketdx.lab.ai,2026-10-06T09:25:07Z,export bans,"The MarketIV financial impact graph, in Python — news→market impact (why, who, direction, ripple) across stocks, commodities, FX, crypto, and private companies.",Pypi.org,Unknown,Market Report,2026-10-07T22:51:59.892832Z
a5faf229cc7d2b1d7ebe6cc4df956024,Are the EU's new rules on AI enough to protect Europeans?,https://www.thelocal.com/20261006/are-the-eus-new-rules-on-ai-enough-to-protect-europeans,AFP,2026-10-06T07:08:09Z,export bans,AI agents going rogue and ever-louder doomsday warnings have led many in Europe to wonder: are the EU's artificial intelligence rules enough to protect against the potential dangers?,Thelocal.com,Unknown,News,2026-10-07T22:51:59.892879Z
7d54381e9c835e307289521855490322,EU vows AI rules will protect Europeans. Will they?,https://economictimes.indiatimes.com/news/international/business/eu-vows-ai-rules-will-protect-europeans-will-they/articleshow/134725459.cms,AFP,2026-10-06T06:26:15Z,export bans,"The EU says its AI Act is strong enough to address risks from advanced AI systems, including loss-of-control incidents, but lawmakers and experts warn of gaps around liability, enforcement capacity and access to cutting-edge models. Concerns are also growing …",The Times of India,Unknown,News,2026-10-07T22:51:59.892937Z
3d3dc81380f2a8c1e683bf32f2904cf1,EU vows AI rules will protect Europeans. Will they?,https://www.digitaljournal.com/article/eu-vows-ai-rules-will-protect-europeans-will-they/,AFP,2026-10-06T06:15:09Z,export bans,"The European Union insists that, yes, its law known as the AI Act is powerful enough since it forces companies to assess and mitigate risks, under threat of massive fines or even bans.
The post EU vows AI rules will protect Europeans. Will they? appeared firs…",Digital Journal,Unknown,News,2026-10-07T22:51:59.892986Z
baa59faa0b6f94aaa919268d96c39843,"Tencent scores 100,000 offshore AI chip deal with Oracle for $7 billion despite climbing prices",https://www.tomshardware.com/tech-industry/data-centers/tencent-scores-100-000-offshore-ai-chip-deal-with-oracle-for-usd7-billion-despite-climbing-prices-per-hour-costs-estimated-to-be-43-percent-under-standard-h100-rental-rates,Shane Downing,2026-10-05T13:20:00Z,export bans,"Tencent is reportedly renting 100,000 AI chips from Oracle data centers in Southeast Asia for about $7 billion over five years.",Tom's Hardware UK,Unknown,Market Report,2026-10-07T22:51:59.893069Z
15a5716185a345c78a0ef8b83cd6c933,How to Fix Our Global Malaise,http://foreignpolicy.com/2026/10/05/global-malaise-international-order-economics-civic-life-hope-citizenship-community/,Gordon Brown,2026-10-05T08:00:16Z,export bans,Focusing on local communities can have a surprising international effect.,Foreign Policy,Global,News,2026-10-07T22:51:59.893097Z
ad158d15327634f21b9a5edc15a85bb9,'Handful' of G20 countries reject U.S. stance on industrial capacity,https://www.cnbc.com/2026/10/03/handful-of-g20-countries-reject-us-stance-on-industrial-capacity-.html,Cnbc,2026-10-03T08:58:39Z,export bans,The rejection from the vast majority of G20 countries follows the Trump administration's imposition of tariffs of 10% or 12.5% on goods from 59 countries.,CNBC,Unknown,News,2026-10-07T22:51:59.893225Z
7766cb0179b932cbf2d5afa6f46962df,"Vast majority of G20 countries reject US stance on excess industrial capacity, forced labour",https://www.thehindubusinessline.com/news/world/vast-majority-of-g20-countries-reject-us-stance-on-excess-industrial-capacity-forced-labour/article71539637.ece,Reuters,2026-10-03T04:17:57Z,export bans,"G20 ministers mostly reject US calls to curb excess capacity, while Mexico and Argentina back the US on forced labor in supply chains.",BusinessLine,Unknown,News,2026-10-07T22:51:59.893265Z
0c7ab0e63086249d0a3129794a3a6570,"ANDREW NEIL: Burnham's rendezvous with reality is coming - sooner rather than later. When it does, ministers will have no idea what's hit them",https://www.dailymail.com/debate/article-16179399/ANDREW-NEIL-Burnham-rendezvous-reality-soon-MPs.html,Andrew Neil,2026-10-03T00:17:00Z,export bans,A potential catastrophe for Britain is festering in the cornfields of Kansas.,Dailymail.com,UK,News,2026-10-07T22:51:59.893298Z
b0e97960a6c8bdc2175ef6b4baa41e44,Almonty Secures Corrective Disclosure from Pure Tungsten Following Successful Settlement Confirming Tiger Kim Held No Leadership Role at Almonty at Any Time,https://financialpost.com/pmn/business-wire-news-releases-pmn/almonty-secures-corrective-disclosure-from-pure-tungsten-following-successful-settlement-confirming-tiger-kim-held-no-leadership-role-at-almonty-at-any-time,Business Wire,2026-10-02T21:06:58Z,export bans,"DILLON, Mont. — Almonty Industries Inc. (“Almonty” or the “Company“) (NASDAQ: ALM) (Frankfurt: ALI1), a leading global producer of tungsten concentrate, today noted that Pure Tungsten Inc. (“Pure Tungsten”) has published a clarification on its website regardi…",Financial Post,Global,News,2026-10-07T22:51:59.893377Z
9aa17ee9a40189bdde206602084f4bea,Trump on diesel: We’re not going to be doing the export ban,https://cryptobriefing.com/trump-on-diesel-were-not-going-to-be-doing-the-export-ban/,Estefano Gomez,2026-10-02T20:03:11Z,export bans,"Trump's decision against a diesel export ban eases market fears, signaling a preference for alternative strategies to manage fuel prices.
The post Trump on diesel: We’re not going to be doing the export ban appeared first on Crypto Briefing.",Crypto Briefing,Unknown,Market Report,2026-10-07T22:51:59.893420Z
ed883b4b47efdf87837ab94e53510beb,G7 to release 100 million barrels of oil in bid to curb soaring prices,https://www.abc.net.au/news/2026-10-03/g7-to-release-100m-barrels-oil-in-bid-to-curb-soaring-prices/107224282,,2026-10-02T19:50:53Z,export bans,The announcement from French President Emmanuel Macron came after US President Donald Trump ramped up pressure on Europe to release reserves.,ABC News (AU),Unknown,Market Report,2026-10-07T22:51:59.893450Z
90ab9425936ba8ba02f58a83544e842c,The Trauma Plot to Destroy America,http://foreignpolicy.com/2026/10/02/traumatized-catherine-liu-united-states-capitalism-exploitation-class-inequality/,Gregory Jones-Katz,2026-10-02T18:00:31Z,export bans,A new book examines how narratives about psychological harm have come to dominate public life.,Foreign Policy,USA,News,2026-10-07T22:51:59.893471Z
b4e7e57ab8d287094c4d6b589d39f89f,"G7 to Release Up to 100 Million Barrels of Diesel, Crude",https://gcaptain.com/g7-to-release-up-to-100-million-barrels-of-diesel-crude/,Bloomberg,2026-10-02T16:58:02Z,export bans,The Group of Seven nations and its partners are to release as much as 100 million barrels of emergency oil and diesel stocks amid pressure from the Trump administration to quell rising fuel prices.,gcaptain.com,Unknown,Market Report,2026-10-07T22:51:59.893504Z
4f6b715675c3f95b8a9d7cd847cd7215,G7 to release 100 million barrels from oil reserves,https://www.hurriyetdailynews.com/g7-to-release-100-million-barrels-from-oil-reserves-227643,hurriyetdailynews.com,2026-10-02T15:52:34Z,export bans,The Group of Seven (G7) agreed on Oct. 2 to release 100 million barrels of crude oil and fuel from emergency reserves over four months to ease rising energy prices.,Hurriyet Daily News,Unknown,Market Report,2026-10-07T22:51:59.893549Z
7073d5905920b0623bfb3c92807b359e,"Trump says Europe will release ""massive amount"" of diesel oil from stockpiles",https://www.cbsnews.com/news/trump-europe-diesel-oil-release/,Kathryn  Watson,2026-10-02T15:02:28Z,export bans,"A joint statement from G7 world leaders confirmed there will be a ""coordinated release"" of 100 million barrels, to begin ""immediately.""",CBS News,Unknown,News,2026-10-07T22:51:59.893580Z
689e3ad2eb4f4a0349cf65826d0d6ff4,G7 Leaders’ Statement on global energy security and market stability,https://www.gov.uk/government/news/g7-leaders-statement-on-global-energy-security-and-market-stability,"Foreign, Commonwealth & Development Office",2026-10-02T14:28:57Z,export bans,G7 Leaders’ Statement on global energy security and market stability,Www.gov.uk,Global,Market Report,2026-10-07T22:51:59.893611Z
f88e48f4b714f65851b98c1fac96145d,President Trump says Europe has agreed to release a “massive amount” of their diesel oil,https://cryptobriefing.com/president-trump-says-europe-has-agreed-to-release-a-massive-amount-of-their/,Estefano Gomez,2026-10-02T14:18:34Z,export bans,"The European diesel release may ease U.S. supply pressures, reducing the likelihood of export bans and stabilizing market expectations.
The post President Trump says Europe has agreed to release a “massive amount” of their diesel oil appeared first on Crypto …",Crypto Briefing,Unknown,Market Report,2026-10-07T22:51:59.893657Z
fa49fb37957b2910c2da1e30303114f9,Trump says Europe agrees to release diesel reserves 'immediately',https://www.wsbradio.com/news/business/trump-europe-agrees/26MX4R57GMYZ7HKDC4U5PL3LAE/,Associated Press,2026-10-02T14:12:56Z,export bans,"The Group of Seven rich democracies say they've agreed to release 100 million barrels of oil and fuel products, starting with “substantial” amounts of diesel after the fuel recently hit record high prices in the U.S. Trump and his Republican Party face pressu…",WSB Radio,Unknown,Market Report,2026-10-07T22:51:59.893702Z
abb7f047274b89f301e0c187e054d860,G7 countries say they will release '100 million barrels' of diesel and crude,https://www.channelnewsasia.com/world/g7-countries-say-they-will-release-100-million-barrels-diesel-and-crude-6427026,,2026-10-02T12:56:00Z,export bans,The United States has upped pressure on Europe to release its strategic reserves by threatening a diesel export ban.,CNA,USA,News,2026-10-07T22:51:59.893749Z
5087b27cb0ae76a0dbf731c8658df857,"Car Sales September 2026: Maruti, Hyundai, Kia report strong growth, SUVs boom",https://timesofindia.indiatimes.com/auto/cars/car-sales-september-2026-maruti-hyundai-kia-report-strong-growth-suvs-boom/articleshow/134631813.cms,TIMESOFINDIA.COM,2026-10-02T04:32:01Z,export bans,"September marked a significant month for Indian car manufacturers as they experienced strong sales across various segments. Maruti Suzuki led the market with over 236,000 units sold, followed by Tata Motors, which saw substantial electric vehicle sales growth…",The Times of India,India,Market Report,2026-10-07T22:51:59.893799Z
34ebe468b2d170a5bb982d66c9670027,Watch: 22-year-old slaps woman cop after she hits him for misbehaving,https://timesofindia.indiatimes.com/city/patna/watch-22-year-old-slaps-woman-cop-after-she-hits-him-for-misbehaving/articleshow/134631746.cms,TOI City Desk,2026-10-02T04:30:25Z,export bans,A 22-year-old man was arrested in Patna after misbehaving with a women police personnel team on patrol. The incident occurred around 8.30 pm on Wednesday near Khemnichak-Subhashnagar More. Police had noticed three youths engaging in suspicious activities and …,The Times of India,Unknown,News,2026-10-07T22:51:59.893846Z
5aa5fe73700c87935fa09fcd78b65d2a,More than 1 million bats emerge from CNN founder Ted Turner's New Mexico ranch; ancient lava tubes shelter one of North America's largest bat populations,https://timesofindia.indiatimes.com/world/us/more-than-1-million-bats-emerge-from-cnn-founder-ted-turners-new-mexico-ranch-ancient-lava-tubes-shelter-one-of-north-americas-largest-bat-populations/articleshow/134617427.cms,TOI World Desk,2026-10-01T12:01:26Z,export bans,"Every summer evening, more than 1 million Mexican free-tailed bats can emerge from ancient lava tubes on a New Mexico ranch, streaming into the desert sky",The Times of India,USA,News,2026-10-07T22:51:59.893921Z
a3e63eeec8fac6aaa58d9bdab2342625,LandGate Expands Global Grid Intelligence Platform with European Data Center Mapping Coverage,https://www.prnewswire.com/news-releases/landgate-expands-global-grid-intelligence-platform-with-european-data-center-mapping-coverage-302895905.html,,2026-10-01T11:27:00Z,export bans,"Now tracking 2,100+ facilities across 10 key European markets, LandGate delivers site-level spatial data via GIS, API, MCP Server, or direct data export. LONDON, Oct. 1, 2026 /PRNewswire/ -- LandGate, the leading provider of data and grid intelligence for ene…",PRNewswire,UK,Market Report,2026-10-07T22:51:59.893965Z
44bd512d13d22e3bb0957891af9aab32,Gary Neville calls for Manchester City owners to be removed after dragging Premier League ‘through the mud’,https://www.101greatgoals.com/football/premier-league/gary-neville-calls-manchester-city-owners-removed/,Mitch Fretton,2026-10-01T11:13:29Z,export bans,Gary Neville has had his say on Manchester City's current situation after being found guilty of 114 financial breaches.,101 Great Goals,Unknown,News,2026-10-07T22:51:59.894004Z
3b293044c66520d96f7d27efd522cc29,LandGate Expands Global Grid Intelligence Platform with European Data Center Mapping Coverage,https://www.prnewswire.com/news-releases/landgate-expands-global-grid-intelligence-platform-with-european-data-center-mapping-coverage-302895881.html,,2026-10-01T11:03:00Z,export bans,"Now tracking 2,100+ facilities across 10 key European markets, LandGate delivers site-level spatial data via GIS, API, MCP Server, or direct data export. DENVER, Oct. 1, 2026 /PRNewswire/ -- LandGate, the leading provider of data and grid intelligence for ene…",PRNewswire,Global,Market Report,2026-10-07T22:51:59.894043Z
fa1596baf57407575fa54d03baaf1d17,US crude oil production hits record highs amid diesel export ban talks,https://cryptobriefing.com/us-crude-oil-production-hits-record-highs-amid-diesel-export-ban-talks/,Estefano Gomez,2026-09-30T15:07:47Z,export bans,"The surge in U.S. crude production may reduce the need for diesel export bans, impacting market expectations and future policy decisions.
The post US crude oil production hits record highs amid diesel export ban talks appeared first on Crypto Briefing.",Crypto Briefing,Unknown,Market Report,2026-10-07T22:51:59.894078Z
1ce0263c1f4f930d841413f0685d82dc,HRIC – HRIC Digital Rights Report – August 2026,https://news.hrichina.org/p/hric-digital-rights-report-august,CC,2026-09-30T14:46:34Z,export bans,"Devastating flash floods along the Nepal–Tibet border in late August exposed the human cost of China’s information controls. While more than 1,000 people were confirmed dead and thousands remained missing across the affected region, Chinese authorities minimi…",Hrichina.org,China,Market Report,2026-10-07T22:51:59.894095Z
9a9492c91282c66a572b4ff8382efa18,Canada has ‘backup plans’ in case Trump bans diesel exports,https://financialpost.com/commodities/energy/canada-has-backup-plans-in-case-trump-bans-diesel-exports,Bloomberg News,2026-09-30T12:18:34Z,export bans,"Energy minister Tim Hodgson said Canada has contingency plans for disruptions to diesel supply, including a U.S. ban on exports. Read more.",Financial Post,Unknown,News,2026-10-07T22:51:59.894147Z
cd4df9f94178568be7096164c68bf306,India steps up as the world’s refiner,https://www.thehindubusinessline.com/opinion/india-steps-up-as-the-worlds-refiner/article71528273.ece,Richa Mishra,2026-09-30T11:28:20Z,export bans,"India is turning into a dependable energy partner, as it has emerged as a major global refining hub, with an annual output of 267 mmt of refined petroleum products across 23 refineries",BusinessLine,India,News,2026-10-07T22:51:59.894170Z
30d4bc9ef34790282c1c37ca1fd8dc34,G20 trade ministers are meeting in Wisconsin. Many will be discussing deals without their U.S. host,https://www.cbc.ca/news/politics/g20-trade-ministers-meeting-summit-trump-tariffs-9.7363275,Katie Simpson,2026-09-30T08:00:00Z,export bans,"Most of the officials attending the G20 trade ministers' meeting in Milwaukee, Wisc., find themselves in challenging positions, largely because of U.S. President Donald Trump's global tariff agenda. It makes for a potentially unusual summit, with high-level m…",CBC News,Global,News,2026-10-07T22:51:59.894220Z
929daf5a46401b139548c08944fb0fb9,"Trump, 80, Claims Iran War Ended Eight Months Before He Started It",https://newrepublic.com/post/216295/donald-trump-iran-war-ended-eight-months,Edith Olmsted,2026-10-06T22:07:19Z,import tariffs,"President Donald Trump falsely claimed Tuesday that his military campaign against Iran ended eight months before he started it.In the latest installment of Senior Moment or Shocking Admission?, the president offered an outrageous defense against anyone compla…",The New Republic,Unknown,News,2026-10-07T22:52:00.464929Z
21ee0d5a3c0990d9173552bbaddbf9db,Why the Hell Is Kash Patel’s FBI Making Campaign Ads?,https://newrepublic.com/post/216292/kash-patel-fbi-campaign-ads-donald-trump,Edith Olmsted,2026-10-06T20:01:33Z,import tariffs,"Kash Patel’s Federal Bureau of Investigation slammed Michigan Senate candidate Abdul El-Sayed in a wildly partisan, and likely illegal, propaganda video Tuesday.In a two-minute video posted on social media, the supposedly non-partisan agency decried “democrat…",The New Republic,Unknown,News,2026-10-07T22:52:00.464992Z
c82636c3c197ecfc083051a591365e11,Trump Bans Dem Governor From Speaking at Rally in His Home State,https://newrepublic.com/post/216290/trump-bans-democratic-governor-wes-moore-speaking-rally-maryland,Hafiz Rashid,2026-10-06T19:53:21Z,import tariffs,President Trump is preventing Maryland’s Democratic Governor Wes Moore from speaking at an event in Baltimore County in the state on Tuesday. Defense firm Andruil Industries is announcing that they are building a 2-million-square-foot submarine manufacturing …,The New Republic,Unknown,News,2026-10-07T22:52:00.465044Z
4de18f35c392335726b4ee10c7d55648,Man Arrested After Impersonating ICE Agent at Polling Site,https://newrepublic.com/post/216288/man-arrested-impersonating-ice-agent-polling-site,Sophie Jager,2026-10-06T19:39:18Z,import tariffs,"A man was arrested Sunday for allegedly impersonating an Immigration and Customs Enforcement officer and intimidating voters at a Miami polling site for Brazil’s presidential elections.According to his arrest report, 46-year-old Danilo Alves Silva was aggress…",The New Republic,Brazil,Market Report,2026-10-07T22:52:00.465069Z
69dd8ec26a49d51df3f40eb3e6452be0,Silicon Over Sundresses: Import Spending on Semiconductors Dwarfs Fashion,http://wwd.com/business-news/technology/ai-impact-semiconductor-surge-fashion-trade-decline-1239316298/,Evanclarkwwd,2026-10-06T18:56:51Z,import tariffs,"Semiconductor imports hit $90.5 billion, up 84 percent, as AI reshapes the economy. Meanwhile, fashion imports dip 6.6 percent, reflecting careful inventory moves.",WWD,Unknown,News,2026-10-07T22:52:00.465108Z
ad3300b018a86e6042935ab06311fe9a,Democratic Senators Demand Answers on That Diamond Ring Trump Got,https://newrepublic.com/post/216285/democratic-senators-demand-answers-diamond-ring-trump-gift,Hafiz Rashid,2026-10-06T18:37:31Z,import tariffs,President Trump accepted a diamond ring as a gift in June and seems to have stashed it away somewhere. Democratic Senators Elizabeth Warren and Richard Blumenthal are asking what happened to  the “18-karat gold ring encrusted with 321 diamonds and 75 gemstone…,The New Republic,Unknown,News,2026-10-07T22:52:00.465208Z
5b7ff6bb672607f1de58a3050dd03e75,"Trade deficit hits $105.6 billion, widest since just before Trump tariffs enacted last year",https://biztoc.com/x/041fee29d8deb63a,cnbc.com,2026-10-06T18:11:06Z,import tariffs,"The U.S. trade deficit widened sharply in August amid an influx of goods related to the artificial intelligence build-out and the vagaries of import tariffs, the Commerce Department reported Tuesday.
Imports swelled 4.3% for the month, pushing the total imbal…",Biztoc.com,Unknown,Market Report,2026-10-07T22:52:00.465261Z
50bf27c455b6d83aefbae94c9e8c27e9,The Joint Chiropractic Expands Growth Opportunities Through Strategic Territory Reacquisition,https://www.prnewswire.com/news-releases/the-joint-chiropractic-expands-growth-opportunities-through-strategic-territory-reacquisition-302900080.html,,2026-10-06T17:55:00Z,import tariffs,"Texas agreement builds on a series of 2026 territory reacquisitions representing over 150 additional growth opportunities across multiple markets, advancing The Joint's transition to a pure-play franchisor SCOTTSDALE, Ariz., Oct. 6, 2026 /PRNewswire/ -- The J…",PRNewswire,Unknown,Market Report,2026-10-07T22:52:00.465306Z
8716c52b847fbf71070e30933e0a142f,US trade deficit widens as imports hit record high,https://www.straitstimes.com/business/economy/record-imports-push-us-trade-balance-deep-into-the-red-in-august,The Straits Times,2026-10-06T15:21:32Z,import tariffs,"US trade deficit widens to record US$105.6 billion as imports hit a high in August, with trade set to weigh on third-quarter growth. Read more at straitstimes.com.",The Straits Times,Unknown,News,2026-10-07T22:52:00.465357Z
fb152d546d4d43c8a8d19f1965306473,Gaping hole blown into Trump's tariff strategy as trade deficit surges,https://www.rawstory.com/trump-trade-deficit/,Travis Gettys,2026-10-06T13:43:51Z,import tariffs,"The U.S. trade deficit jumped to its widest level in 17 months in August, a setback for President Donald Trump's push to use tariffs to close it.The deficit, which measures how much more the United States buys from abroad than it sells, climbed 13.7 percent f…",Raw Story,USA,News,2026-10-07T22:52:00.465384Z
63866c3b8b94ab2faae6d995624a081f,Canada's trade surplus with U.S. nearly doubles to $11.2 billion,https://financialpost.com/news/economy/canada-trade-surplus-u-s-surges-ahead-tariffs,Paula Tran,2026-10-06T13:23:22Z,import tariffs,Canada's trade surplus with the United States grew to $11.2 billion in August as exports surged ahead of U.S. tariffs. Read more,Financial Post,USA,News,2026-10-07T22:52:00.465407Z
45fccbfbcf3969df9b07e67e5254ce29,"Trade deficit hits $105.6 billion, widest since just before Trump tariffs enacted last year",https://biztoc.com/x/4092f0ddc080373f,cnbc.com,2026-10-06T13:22:23Z,import tariffs,"The U.S. trade deficit widened sharply in August amid an influx of goods related to the artificial intelligence buildout and the vagaries of import tariffs, the Commerce Department reported Tuesday.
Imports swelled 4.3% for the month, pushing the total imbala…",Biztoc.com,Unknown,Market Report,2026-10-07T22:52:00.465454Z
bc8eddd8d8316c6064e218dccb4a286f,"Trade deficit hits $105.6 billion, widest since just before Trump tariffs enacted last year",https://www.cnbc.com/2026/10/06/trade-deficit-hits-105point6-billion-widest-since-just-before-trump-tariffs-enacted-last-year.html,Jeff Cox,2026-10-06T13:07:57Z,import tariffs,That marked a 13.7% jump from July and was ahead of the Dow Jones consensus estimate for $102 billion.,CNBC,Unknown,News,2026-10-07T22:52:00.465486Z
717fe950b1fd7aeb818fa74094e58570,US trade deficit widens in August amid strong imports,https://economictimes.indiatimes.com/news/international/world-news/us-trade-deficit-widens-in-august-amid-strong-imports/articleshow/134741064.cms,Reuters,2026-10-06T12:49:32Z,import tariffs,"The US trade deficit increased by 13.7% in August, reaching $105.6 billion. This rise reflects strong domestic demand and increased imports. Imports rose by 4.3% to $420.8 billion, with goods imports jumping 5.3%. Exports also saw a small increase of 1.4% to …",The Times of India,Unknown,News,2026-10-07T22:52:00.465532Z
2dfba20f3f100c65af3d5874a4ccbd29,"Specialty chemicals: Alkyl, Balaji Amines zoom up to 20% on huge volume",https://www.business-standard.com/markets/news/specialty-chemicals-alkyl-balaji-amines-zoom-up-to-20-on-huge-volume-126100600506_1.html,Deepak Korgaonkar,2026-10-06T08:38:21Z,import tariffs,"The Indian speciality chemicals industry is expected to maintain a stable growth trajectory, supported by structural demand drivers, policy support and globalisation, said Balaji Amines.",Business Standard,India,News,2026-10-07T22:52:00.465638Z
5c8182f97af5b8b0ff2a6efef7632535,Coleman advocates reforms to boost manufacturing capacity,https://punchng.com/coleman-advocates-reforms-to-boost-manufacturing-capacity/,Punch Newspapers,2026-10-06T00:10:47Z,import tariffs,"Coleman Technical Industries has called for urgent policy reforms to enable Nigerian manufacturers to fully utilise their production capacity and compete g

Read More: https://punchng.com/coleman-advocates-reforms-to-boost-manufacturing-capacity/",The Punch,Unknown,News,2026-10-07T22:52:00.465727Z
86d4b8e961dac846055e88b6fabe9e16,Hyundai commits US$500m to hybrid SUV production in Alabama,https://www.inautonews.com/hyundai-commits-us500m-to-hybrid-suv-production-in-alabama,Steve James,2026-10-05T23:27:02Z,import tariffs,"Hyundai will invest US$500 million to build hybrid powertrains and vehicles, including the Tucson Hybrid and Santa Fe EREV, at its Montgomery, Alabama plant.",Inautonews.com,Unknown,News,2026-10-07T22:52:00.465761Z
98ff24297f5c4ff2a77d3e818b22078d,Cubans See Hope in Reforms But Worry Over How the US May Thwart Them,https://truthout.org/articles/cubans-see-hope-in-reforms-but-worry-over-how-the-us-may-thwart-them/,Rodrigo Acuña,2026-10-05T19:41:33Z,import tariffs,Residents of Havana discuss the obstacles facing the revival of the Cuban economy amid the US fuel blockade.,Truthout,Unknown,News,2026-10-07T22:52:00.465835Z
1b0d57b272307e5736a8412f5fedd19d,"[Ilya Somin] My New Lawfare Article on Why ""The President Doesn't Have Unlimited Power to Impose Import Bans""",https://reason.com/volokh/2026/10/05/my-new-lawfare-article-on-why-the-president-doesnt-have-unlimited-power-to-impose-import-bans/,Ilya Somin,2026-10-05T17:54:39Z,import tariffs,"Today, Lawfare published my new article ""The President Doesn't Have Unlimited Power to Impose Import Bans."" Here is an excerpt:…",Reason,Unknown,News,2026-10-07T22:52:00.465893Z
3d8050ba0d4c3bcf5c6f0c95f54413d7,2026 Peak Season Outlook: Inflation Won’t Stop Holiday Spending,http://wwd.com/sourcing-journal/industry-news/holiday-season-outlook-inflation-wont-stop-holiday-spending-1239310126/,Arthur Zaczkiewicz,2026-10-05T15:10:39Z,import tariffs,Kenco’s 2026 Peak Season Consumer Report aligns with other surveys showing the households are expecting to spend the same or more this coming holiday season.,WWD,Unknown,Analysis/Opinion,2026-10-07T22:52:00.465928Z
55f5e0ed46108fc7cd4c8fb2701ec832,"AerCap Holdings N.V. to Release Third Quarter 2026 Financial Results on October 28, 2026",https://www.prnewswire.com/news-releases/aercap-holdings-nv-to-release-third-quarter-2026-financial-results-on-october-28-2026-302892996.html,,2026-10-05T12:00:00Z,import tariffs,"DUBLIN, Oct. 5, 2026 /PRNewswire/ -- AerCap Holdings N.V. (""AerCap"" or the ""Company"") (NYSE: AER) today announced it will host a conference call and webcast for investors and analysts on Wednesday, October 28, 2026 at 8:30 a.m. Eastern Time to review its thir…",PRNewswire,Unknown,Analysis/Opinion,2026-10-07T22:52:00.465998Z
a02f0c6d4bbe2a02b67308ebc2d323f5,"AerCap Leased, Purchased and Sold 204 Assets in the Third Quarter 2026",https://www.prnewswire.com/news-releases/aercap-leased-purchased-and-sold-204-assets-in-the-third-quarter-2026-302897295.html,,2026-10-05T11:00:00Z,import tariffs,"DUBLIN, Oct. 5, 2026 /PRNewswire/ -- AerCap Holdings N.V. (""AerCap"") (NYSE: AER) has announced its major business transactions during the third quarter 2026: Signed 85 lease agreements, including 16 widebody aircraft, 45 narrowbody aircraft, 13 engines and 11…",PRNewswire,Unknown,News,2026-10-07T22:52:00.466046Z
c5db39d062b77c318f00e0ccadb756a2,Geely EX2 exported from Tg Malim – Proton eMas 5 local content now high enough for ASEAN exports?,https://paultan.org/2026/10/05/geely-ex2-exported-from-tg-malim-proton-emas-5-local-content-now-high-enough-for-asean-exports/,Jonathan Lee,2026-10-05T10:39:23Z,import tariffs,"Our BM colleague and Tanjong Malim resident Farid Awaludin strikes again, this time with photos of several units of the Proton eMas 5 leaving the national carmaker’s factory. Except that these cars were no ordinary […]
The post Geely EX2 exported from Tg Mali…",Paul Tan's Automotive News,Unknown,News,2026-10-07T22:52:00.466099Z
373c02a8a55037ae8a31d2945c0b20e4,International Petroleum Corporation Announces Results of Normal Course Issuer Bid,https://financialpost.com/globe-newswire/international-petroleum-corporation-announces-results-of-normal-course-issuer-bid-102,GlobeNewswire,2026-10-05T08:33:01Z,import tariffs,"TORONTO, Oct. 05, 2026 (GLOBE NEWSWIRE) — International Petroleum Corporation (IPC or the Corporation) (TSX, Nasdaq Stockholm: IPCO) is pleased to announce that IPC repurchased a total of 98,397 IPC common shares (ISIN: CA46016U1084) during the period of Sept…",Financial Post,Global,News,2026-10-07T22:52:00.466240Z
1c0222b7c9860c18b571e2e3a31d1bad,Rupee headed to 100? How much the psychological red line matters,https://economictimes.indiatimes.com/news/economy/policy/rupee-headed-to-100-how-much-the-psychological-red-line-matters-as-rupee-record-low-against-dollar-high-us-yields-fed-rate-hike-india-impact/articleshow/134692130.cms,ET Online,2026-10-05T08:21:32Z,import tariffs,"India's rupee has slipped past ₹96 as high US Treasury yields, elevated oil prices and foreign portfolio outflows strengthen the dollar. The IMF says India can allow the exchange rate to act as a shock absorber, while the RBI weighs intervention against reser…",The Times of India,India,Market Report,2026-10-07T22:52:00.466262Z
8594dece7d1c53c21184c8bd32f37b40,"Indonesia, Chile explore green mining and critical minerals ties",https://en.antaranews.com/news/434120/indonesia-chile-explore-green-mining-and-critical-minerals-ties,Cindy Frishanti Octavia,2026-10-05T06:33:37Z,import tariffs,Indonesian Deputy Foreign Minister Arif Havas Oegroseno proposed a Green Minerals Partnership Memorandum of Understanding (MoU) between Indonesia and Chile to ...,Antaranews.com,Indonesia,News,2026-10-07T22:52:00.466355Z
d205cf96ebd3fafa9d6727fa9860e4c1,"EU, China to hold Beijing talks to avert trade war",https://www.hurriyetdailynews.com/eu-china-to-hold-beijing-talks-to-avert-trade-war-227721,hurriyetdailynews.com,2026-10-05T06:23:13Z,import tariffs,EU trade chief Maros Sefcovic will head to Beijing on Oct. 8 for two days of make-or-break meetings with Chinese officials to try to stave off a trade war.,Hurriyet Daily News,China,News,2026-10-07T22:52:00.466368Z
e4e25010c22c7947fa36f08e3d250f90,"EU, China to hold Beijing talks to avert trade war",https://www.channelnewsasia.com/world/eu-china-talks-trade-war-6432076,,2026-10-05T03:13:39Z,import tariffs,The European Union has toughened its stance towards Beijing to defend businesses against what it believes is unfair competition in critical sectors including cars.,CNA,China,News,2026-10-07T22:52:00.466383Z
be8da00f431abd2c636039ed3a6a796a,"EU, China to hold Beijing talks this week to avert trade war",https://economictimes.indiatimes.com/news/international/world-news/eu-china-to-hold-beijing-talks-this-week-to-avert-trade-war/articleshow/134683979.cms,AFP,2026-10-05T02:13:02Z,import tariffs,"EU trade chief Maros Sefcovic is set to visit Beijing for crucial discussions regarding trade relations. As European leaders express concerns about unfair competition from Chinese industries, a potential trade war looms. The EU aims to reduce its significant …",The Times of India,China,News,2026-10-07T22:52:00.466404Z
dbb024a2734d5a5654e38bca49b202de,"Japan Markets Face BOJ, Yen and AI Test in First Full Week of October",https://newsonjapan.com/article/150947.php,News On Japan,2026-10-04T21:51:08Z,import tariffs,"Japanese markets open the week of October 5 with investors focused on Prime Minister Sanae Takaichi’s policy speech, the Bank of Japan’s next rate signal, the yen’s weakness, elevated bond yields and whether the artificial intelligence-led rally in Tokyo stoc…",Newsonjapan.com,Japan,Market Report,2026-10-07T22:52:00.466431Z
87e8145c87e8867fdd296ae2c46f867b,Europe’s Diesel Woes Just Got Even Worse,https://oilprice.com/Energy/Crude-Oil/Europes-Diesel-Woes-Just-Got-Even-Worse.html,Irina Slav,2026-10-04T21:00:00Z,import tariffs,"China this week announced it will suspend all fuel exports this month to keep its domestic market supplied. Also this week, President Donald Trump demanded that Germany and France release 120 million barrels of diesel from their storage or get hit with a U.S.…",OilPrice.com,China,Market Report,2026-10-07T22:52:00.466466Z
3ddab05233e21347600a1369797bbae0,'US deal could spur further liberalisation',https://economictimes.indiatimes.com/news/economy/foreign-trade/us-deal-could-spur-further-liberalisation/articleshow/134680310.cms,Deepshikha Sikarwar and Kirtika Suneja,2026-10-04T20:52:40Z,import tariffs,"India's economic growth remains strong, with foreign direct investment continuing to show promising figures. Arvind Panagariya emphasizes the need for deeper trade liberalization, increased privatization, and judicial reforms. He highlights the importance of …",The Times of India,India,News,2026-10-07T22:52:00.466493Z
75011acdb54b7627d30b1aef85b6f97a,The GOP's slipping numbers show the one thing Americans won't tolerate,https://www.rawstory.com/robert-reich-2677997917/,Robert Reich,2026-10-04T13:28:48Z,import tariffs,"The last time Kansas elected a Democrat to the Senate was 1932. Yet on Friday, Democratic Senate candidate Adam Hamilton received his second endorsement from a Republican former Kansas governor in less than a month, in his race against Republican incumbent Se…",Raw Story,USA,News,2026-10-07T22:52:00.466522Z
75cdbc89dbe2af581e298797b037d65a,saggio added to PyPI,https://pypi.org/project/saggio/,warith.harchaoui@sev7n.io,2026-10-04T09:35:00Z,import tariffs,"What it costs to run your code, per unit of work, with every number saying how far it can be trusted: money, time, energy, carbon, water, and any dimension you register.",Pypi.org,Unknown,News,2026-10-07T22:52:00.466553Z
894c3f248698f7d7ad8af03e2eb8fd8f,Russian crude to remain part of energy mix: Jaishankar to Panel,https://economictimes.indiatimes.com/industry/energy/oil-gas/russian-crude-to-remain-part-of-energy-mix-jaishankar-to-panel/articleshow/134663691.cms,Jatin Takkar and Dipanjan Roy Chaudhury,2026-10-03T17:12:38Z,import tariffs,"As traditional oil suppliers face challenges, India's significant reliance on Russia for crude oil came into focus. External Affairs Minister S. Jaishankar highlighted the critical nature of sustaining robust relations with Moscow, amid growing external press…",The Times of India,India,News,2026-10-07T22:52:00.466607Z
8d7ea3517be610c6ea729abf7ba36875,"Pakistan's inflation remains in double digits as fuel, power costs bite",https://economictimes.indiatimes.com/news/international/world-news/pakistans-inflation-remains-in-double-digits-as-fuel-power-costs-bite/articleshow/134656426.cms,ANI,2026-10-03T10:08:56Z,import tariffs,"Pakistan's inflation eased to 10.3 per cent in September 2026, down from 11.1 per cent in August, but remained above the government's projections as rising electricity and fuel costs continued to offset the relief from lower food inflation. The figures releas…",The Times of India,Unknown,News,2026-10-07T22:52:00.466654Z
6263d234e16c0bc73aa5c850ac743df0,Trump’s Illegal Campaign Ads Are an Admission of Defeat,https://newrepublic.com/post/216153/trump-illegal-campaign-ads-2026,Jason Linkins,2026-10-03T10:00:00Z,import tariffs,"This week, one of the most talked-about stories has been President Donald Trump’s decision to spend taxpayer money on campaign ads that the administration is misleadingly characterizing as “public service announcements.” The move is vintage Trump in that the …",The New Republic,Unknown,News,2026-10-07T22:52:00.466703Z
d44047f6bcad5677e093403c4a471893,G20 struggles to address excess goods,https://www.arkansasonline.com/news/2026/oct/03/g20-struggles-to-address-excess-goods/,Claire Savage And Matt Sedensky The Associated Press,2026-10-03T06:55:43Z,import tariffs,"MILWAUKEE -- G20 trade ministers failed to reach an agreement Thursday to curb the flooding of markets with overproduced, underpriced goods, a practice the Trump administration says undercuts American manufacturers.",Arkansas Online,USA,Market Report,2026-10-07T22:52:00.466719Z
91cd0e5a94b061edda7928a945c95d16,"Asian carmakers besting US rivals at home, China poised to strike",https://www.digitaljournal.com/article/asian-carmakers-besting-us-rivals-at-home-china-poised-to-strike/,AFP,2026-10-03T01:30:10Z,import tariffs,"The analyst said that Asian brands are expected to account for more than half of US new vehicle sales in the third quarter, for the second quarter in a row, ""approaching record-high market share levels.""
The post Asian carmakers besting US rivals at home, Chi…",Digital Journal,China,Market Report,2026-10-07T22:52:00.466733Z
18f09cf9186564a4576dfed35d0dca8c,U.S border officers turned back Campobello-bound truck because it carried booze,https://www.cbc.ca/news/canada/new-brunswick/us-border-campobello-truck-alcohol-9.7367521,Sam Farley,2026-10-02T22:03:59Z,import tariffs,There are renewed calls for year-round ferry service to Campobello Island after a truck carrying alcohol was forced to use the Deer Island ferry instead of the highway through Maine.,CBC News,Unknown,News,2026-10-07T22:52:00.466769Z
4aacc019d842bbc37a9dd24c6ca9c220,Canadian manufacturing loses momentum amid U.S. trade tensions,http://lfpress.com/business/manufacturing/canadian-manufacturing-loses-momentum-amid-u-s-trade-tensions/,Jonathan Juha,2026-10-02T19:32:55Z,import tariffs,"S&P says the sector expanded for a sixth straight month in September, but weaker demand and higher costs are weighing on growth.",The London Free Press,Unknown,News,2026-10-07T22:52:00.466801Z
d79f17c5dbfda24917e267c750a672f4,India's crude imports hit 2026 high in September as Gulf supplies surge despite Hormuz risks,https://economictimes.indiatimes.com/industry/energy/oil-gas/indias-crude-imports-hit-2026-high-in-september-as-gulf-supplies-surge-despite-hormuz-risks/articleshow/134645709.cms,Sanjeev Chaudhary,2026-10-02T19:12:59Z,import tariffs,"India’s crude oil imports rose to a 2026-high of 5.26 million barrels per day in September as Gulf supplies surged, with Iraq becoming the country’s second-largest supplier after Russia. Increased flows through the Strait of Hormuz have offered Indian refiner…",The Times of India,India,News,2026-10-07T22:52:00.466828Z
6b5cf9a7f0e14bb11c38bf5bae6f0997,New $26-million investment to help GTA businesses amid U.S. tariff tensions,https://www.cbc.ca/news/canada/toronto/gta-investment-us-tariff-rtri-9.7367268,Eleanor Yuneun Park,2026-10-02T18:59:24Z,import tariffs,"Over 30 businesses across the GTA are receiving a boost of investment from the federal government, amid the tariff war with the U.S.",CBC News,Unknown,News,2026-10-07T22:52:00.466861Z
ea65d331525cf23a18d56a28e1690122,Environmental groups sue Trump for raising your fuel costs,http://electrek.co/2026/10/02/environmental-groups-sue-trump-for-raising-your-fuel-costs/,Jameson Dow,2026-10-02T16:42:43Z,import tariffs,"A coalition of environmental groups has filed a lawsuit against the Department of Transportation’s moves to lower fuel economy standards, which the Department of Energy says will increase gas prices by 76 cents a gallon.



 more…",Electrek,Unknown,Market Report,2026-10-07T22:52:00.466902Z
0ff7505186ff4fbc16ea9d1e0e697b6d,"The Coming U.S. Midterm Elections will be a Referendum on the Trump Administration 2.0, about Foreign Wars, Fiscal Deficits and the Cost of Living",https://www.globalresearch.ca/midterm-elections-referendum-trump-foreign-wars-fiscal-deficits-cost-living/5942430,Prof Rodrigue Tremblay,2026-10-02T14:52:33Z,import tariffs,"“Totalitarianism in power invariably replaces all first-rate talents, regardless of their sympathies, with those crackpots and fools whose lack of intelligence and creativity is still the best guarantee of their loyalty.“ —Hannah Arendt (1906-1975), German-Am…",Globalresearch.ca,Germany,News,2026-10-07T22:52:00.466954Z
355c48703730470b4d469bf7bfc16e4c,Why Kenya’s green export potential remains largely untapped - report | The Eastleigh Voice,https://eastleighvoice.co.ke/business/407442/why-kenyas-green-export-potential-remains-largely-untapped-report,Alfred Onyango,2026-10-02T11:26:55Z,import tariffs,"Low-carbon footprint machinery and intermediate goods account for less than one per cent of Kenya’s GDP, leaving manufacturers and exporters heavily.",Eastleighvoice.co.ke,Unknown,Market Report,2026-10-07T22:52:00.466993Z
4f0a6f7597c0c835d6dbff234df7663c,Canadian travellers face alcohol being confiscated at U.S. border after Trump's import ban,https://nationalpost.com/news/canada/canadian-travellers-face-alcohol-being-confiscated-at-u-s-border-after-trumps-import-ban,Ellie Hutchings,2026-10-02T10:00:33Z,import tariffs,The Canadian Snowbird Association is advising travellers to avoid taking certain products to the U.S. as a precaution 'until clearer guidance is available',National Post,Unknown,News,2026-10-07T22:52:00.467030Z
344c0af6b3db9364de9427a407411f0f,Trump's trade war redraws a border New Brunswick and Maine had learned to ignore,https://financialpost.com/feature/trade-war-tests-maine-new-brunswick-economies,Andrew Rankin,2026-10-02T10:00:20Z,import tariffs,"The economies of this province and state have become intertwined over the generations, but now tariffs from both sides are testing that relationship",Financial Post,Unknown,News,2026-10-07T22:52:00.467065Z
e89249a1020895bf44b965bbac7346f5,"Trump Says Tariffs Are Bringing Manufacturing And Factories Back To US, 60,000 Jobs Added",https://news.abplive.com/business/trump-tariffs-us-manufacturing-jobs-truck-industry-peterbilt-1869382,Abp Live Business,2026-10-02T08:01:04Z,import tariffs,"Trump said the US had added 60,000 manufacturing jobs this year, following a period of decline. He also claimed that heavy truck manufacturing had risen by around 31 per cent.",Abplive.com,Unknown,News,2026-10-07T22:52:00.467099Z
b7c9212c120e41c18efd92d65d7e3e43,"Tariff policies bringing factories, jobs back to America, says Trump",https://www.business-standard.com/world-news/tariff-policies-bringing-factories-jobs-back-to-america-says-trump-126100200255_1.html,ANI,2026-10-02T06:10:18Z,import tariffs,Trump cited the expansion of truck manufacturing as proof that his trade measures are yielding results,Business Standard,USA,News,2026-10-07T22:52:00.467132Z
309ec61326c193206453e8dc47280842,Europe’s China shock is hollowing out industry and shifting politics to the right,https://www.irishtimes.com/business/economy/2026/10/02/europes-china-shock-is-hollowing-out-industry-and-shifting-politics-to-the-right/,Eoin Burke-Kennedy,2026-10-02T05:00:00Z,import tariffs,Europe’s industrial base is weakening while support for the far right is growing,The Irish Times,China,News,2026-10-07T22:52:00.467153Z
96fa4a7384e3585466a0faa03f604289,Trump launches midterms campaign blitz amid record low approval ratings,https://www.aljazeera.com/news/2026/10/2/trump-launches-midterms-campaign-blitz-amidst-record-low-approval-ratings,Al Jazeera Staff,2026-10-02T01:39:08Z,import tariffs,"In a series of campaign-style rallies, Trump seeks to boost Republican odds amid Iran war and rising fuel costs.",Al Jazeera English,Unknown,News,2026-10-07T22:52:00.467185Z
e2c34b12598dae69d43c16e5bc50d030,"G20 trade ministers deadlock on excess capacity, forced labour as US seeks tougher rules",https://economictimes.indiatimes.com/news/international/world-news/g20-trade-ministers-deadlock-on-excess-capacity-forced-labour-as-us-seeks-tougher-rules/articleshow/134629989.cms,AP,2026-10-02T01:14:59Z,import tariffs,"G20 trade ministers met in Milwaukee but failed to reach an agreement on overproduction of goods. The Trump administration accused various countries, especially China, of flooding markets, affecting competition. Tensions between the US and Canada escalated af…",The Times of India,China,Market Report,2026-10-07T22:52:00.467201Z
12ff196373570a6a10dc63c5941c70a2,G20 trade talks yield little progress while tensions simmer,https://abcnews.com/Business/wireStory/g20-trade-talks-yield-progress-tensions-simmer-136934053,"CLAIRE SAVAGE Associated Press, MATT SEDENSKY Associated Press",2026-10-01T23:46:21Z,import tariffs,"G20 trade ministers have failed to agree on curbing the flooding of global markets with overproduced, underpriced goods",Abcnews.com,Global,Market Report,2026-10-07T22:52:00.467228Z
e46387249d7f5661d6cdbdd43b012c5d,Trump Sneaks Massive Blow to His Allies Into Latest Executive Order,https://newrepublic.com/post/216135/donald-trump-sneaks-blow-beef-executive-order,Edith Olmsted,2026-10-01T19:45:44Z,import tariffs,"In the past, members of the Republican Party have accused Democrats of waging a war on meat. Now, it appears that the bleeding-heart environmentalists at the Trump administration won’t stop sabotaging the beef industry.President Donald Trump signed an executi…",The New Republic,Unknown,News,2026-10-07T22:52:00.467278Z
10219a63007e8b2b06c767994861f8af,"Layoffs are down, but employers aren't rushing to hire for the holidays",https://finance.yahoo.com/economy/articles/us-weekly-jobless-claims-fall-124022508.html,By Lucia Mutikani,2026-10-01T16:11:59Z,import tariffs,"By Lucia Mutikani WASHINGTON, Oct 1 (Reuters) - New applications for US unemployment benefits drifted close to 57-year lows last week and layoffs decreased in September, suggesting labor market stability persisted even as employers remained cautious about boo…",Yahoo Entertainment,Unknown,Market Report,2026-10-07T22:52:00.467363Z
1da6cf855e36522a876f9533c72393fb,"Trump 'loves' Canadians, especially Gretzky, but thinks Canada's leaders are 'very bad'",https://nationalpost.com/news/trump-loves-canadians-especially-gretzky-but-thinks-canadas-leaders-are-very-bad,Ellie Hutchings,2026-10-01T15:18:32Z,import tariffs,"Donald Trump has claimed he ""love(s) the Canadian people"" but that the nation's leaders ""have taken advantage"" of the U.S. for too long.",National Post,Unknown,News,2026-10-07T22:52:00.467397Z
4d1120d23ff2b2b7babf2d6a3681010f,"BRICS Disaster: China Slaps Massive 55% Tariff on Brazilian Beef, But Leftist Lula Doesn’t Complain",https://www.breitbart.com/latin-america/2026/10/01/brics-disaster-china-slaps-massive-55-tariff-on-brazilian-beef-but-leftist-lula-doesnt-complain/,John Hayward,2026-10-01T13:33:30Z,import tariffs,"China’s Ministry of Commerce (MOFCOM) announced a massive 55% tariff on beef imports from Brazil, which is nominally a partner in the China-dominated BRICS economic bloc.
The post BRICS Disaster: China Slaps Massive 55% Tariff on Brazilian Beef, But Leftist L…",Breitbart News,China,News,2026-10-07T22:52:00.467437Z
cfb204be8a2b2e86190de37093322f55,How Tech Rules,https://www.nybooks.com/articles/2026/10/22/how-tech-rules-silicon-empires-srnicek/,Ben Tarnoff,2026-10-01T12:00:00Z,import tariffs,"One of the hallmarks of the modern corporation is the separation of ownership from control. The firm is owned by shareholders but led by managers, who answer to shareholders only indirectly. Actually, it’s weirder than that. The corporation owns itself. Share…",The New York Review of Books,Unknown,News,2026-10-07T22:52:00.467480Z
0864b00e363d55a4d344ca9fadacc319,Govt considers cutting import duties on pulses to cool prices: Report,https://www.business-standard.com/economy/news/govt-considers-cutting-import-duties-on-pulses-to-cool-prices-report-126100100856_1.html,Reuters,2026-10-01T11:13:55Z,import tariffs,India may cut import duties on lentils and yellow peas to boost supplies and curb food inflation as weak monsoon raises concerns over domestic pulse output,Business Standard,India,Market Report,2026-10-07T22:52:00.467495Z
b12c0cc6ae9b6ebba5ab764f4f395b81,America’s Lindsey Graham Sanctioning Russia and Iran Act reflects much of what’s wrong with today’s war-ravaged world,https://www.livemint.com/opinion/online-views/americas-lindsey-graham-sanctioning-russia-and-iran-act-reflects-much-of-what-s-wrong-with-today-s-war-ravaged-world-11790783969563.html,Indira Rajaraman,2026-10-01T08:30:24Z,import tariffs,"It's a rare case of third parties at risk of penalties for trading with specified countries despite no formal declaration of war against them. India’s oil import needs have put it in a tight spot. While a shift to clean energy is a worthy aim, New Delhi will …",Livemint,India,Market Report,2026-10-07T22:52:00.467522Z
47265888a9a6fbe84cfe90a0fcedd8bf,Debate: Should we put a pause on data centre development? Lynn Boylan vs Malcolm Byrne,https://www.irishtimes.com/opinion/2026/10/01/debate-should-we-put-a-pause-on-data-centre-development-lynn-boylan-vs-malcolm-byrne/,"Lynn Boylan, Malcolm Byrne",2026-10-01T05:00:01Z,import tariffs,"Our electricity grid is under pressure, leading to calls for a moratorium on data centres",The Irish Times,Unknown,News,2026-10-07T22:52:00.467579Z
896d1acf3250a5cfc27bb073b43e4dd3,Vietnam extends fuel tax relief measures until end-2026,https://www.channelnewsasia.com/business/vietnam-extends-fuel-tax-relief-measures-until-end-2026-6423271,,2026-10-01T03:22:49Z,import tariffs,"HANOI, Oct 1 : Vietnam is extending a package of fuel-tax relief measures to the end of 2026, after having introduced them earlier this year to help stabilise the domestic market amid supply concerns due to war in the Middle East.• Extending the package would…",CNA,Unknown,Market Report,2026-10-07T22:52:00.467618Z
07ed9b3e6b3b46a808a091f6956f3f34,The Mesabi Steel Plant: Trump’s Tariffs in Action,https://freerepublic.com/focus/f-news/4397491/posts,American Thinker,2026-10-01T02:54:16Z,import tariffs,(Artist's concept of the new Mesabi Metallics steel plant to be built in Minnesota)Monday’s news cycle brought an exciting story for both the manufacturing industry and America’s heartland: Mesabi Metallics has announced a new $15-billion steel mill to be bui…,Freerepublic.com,USA,News,2026-10-07T22:52:00.467647Z
b3058c3e865cbb547b8cbbe8e6c3abc2,"Phillips New York Sessions: 6 Lots to Watch, From a Voutilainen 28Sport to an F.P. Journe Octa Lune",https://www.hautetime.com/phillips-new-york-sessions-fall-2026-lots-to-watch/,Adrienne Faurote,2026-10-01T02:10:20Z,import tariffs,"Phillips’ New York Sessions online watch sale runs Oct. 1–9, 2026. Our six picks, from a Voutilainen 28Sport to a Patek 5270J.
The post Phillips New York Sessions: 6 Lots to Watch, From a Voutilainen 28Sport to an F.P. Journe Octa Lune appeared first on Haute…",Hautetime.com,Unknown,News,2026-10-07T22:52:00.467696Z
0783c8f78cce296aa071a792ec54c250,"Cross-border electricity tariffs undermine power system efficiency, decarbonization and reliability in North America",https://www.nature.com/articles/s41467-026-77773-w,"Siyuan Wang, Fengqi You",2026-10-01T00:00:00Z,import tariffs,"Analysis of a decade of New York power-market data and simulations shows that tariffs on Canadian electricity imports could raise prices and emissions, diminish economic benefits, and weaken grid reliability during peak demand and extreme weather.",Nature.com,USA,Analysis/Opinion,2026-10-07T22:52:00.467712Z
457a7201ab127f511a6f8ccb7594d682,Trump says 'very bad' Canada is being 'taught a little lesson' as trade action escalates,https://www.cbc.ca/news/world/trump-canada-taught-a-lesson-9.7364455,John Paul Tasker,2026-09-30T23:21:04Z,import tariffs,"U.S. President Donald Trump's war of words with Canada continued Wednesday as he veered off a prepared script at an event marking Hispanic Heritage Month in the States to chastise Canadian leaders for being what he called ""very bad.""",CBC News,Unknown,News,2026-10-07T22:52:00.467751Z
8ceb9630e5e714aea2cefa43743e4035,South Korea unveils major energy investment plans in US,https://www.channelnewsasia.com/business/south-korea-unveils-major-energy-investment-plans-in-us-6422746,,2026-09-30T21:18:14Z,import tariffs,"SEOUL, Oct 1 : South Korea officially unveiled comprehensive implementation plans on Thursday for three major energy initiatives in the US, advancing a $350 billion strategic investment package designed to secure critical exemptions from punishing US import t…",CNA,South Korea,News,2026-10-07T22:52:00.467788Z
66f5015da7794d20055a2335e210d192,Would Better U.S.-China Ties Harm India?,http://foreignpolicy.com/2026/09/30/india-us-china-ties-trump-xi-summit-tariffs/,Michael Kugelman,2026-09-30T20:56:17Z,import tariffs,Washington and New Delhi have more to focus on than Beijing.,Foreign Policy,China,News,2026-10-07T22:52:00.467799Z
ccc1134d930d40a9a9c0aa597ec6e756,"How Regulation, Immigration Policy, and Tariffs Made Your BLT More Expensive",https://reason.com/video/2026/09/30/how-regulation-immigration-policy-and-tariffs-made-your-blt-more-expensive/,Eric Boehm,2026-09-30T19:52:23Z,import tariffs,"A BLT is simple. The market that makes it possible isn’t. Now bacon rules, farm labor restrictions, and tomato tariffs are making lunch more expensive.",Reason,Unknown,Market Report,2026-10-07T22:52:00.467834Z
f072ca9c44ea59948687987741391906,shockbench-flow added to PyPI,https://pypi.org/project/shockbench-flow/,nuinashco@users.noreply.github.com,2026-09-30T18:10:31Z,import tariffs,"Benchmark for online decision algorithms on a dynamic supply graph under calibrated, partially observable disruptions",Pypi.org,Unknown,News,2026-10-07T22:52:00.467865Z
51449202bd62b8d41c5ca7edf88f76e5,"Scotch whisky gets cheaper? Johnnie Walker, J&B prices fall 10-15% after India-UK trade agreement, says report",https://www.livemint.com/companies/news/scotch-whisky-gets-cheaper-johnnie-walker-j-b-prices-fall-10-15-after-india-uk-trade-agreement-says-report-11790787929321.html,Garvit Bhirani,2026-09-30T17:46:18Z,import tariffs,"Scotch whisky prices in India have reportedly fallen 10-15% after the India-UK trade deal cut tariffs on British whisky. Johnnie Walker Black Label and J&amp;B are among brands seeing price cuts in key states, as per the report.",Livemint,India,Market Report,2026-10-07T22:52:00.467883Z
e273ec2d942ebc3421d353076cbc0a1b,Trump-Xi China Deals Set Eight Goals. Military Safeguards Remain Incomplete,https://military.com/trump-xi-china-deals-set-eight-goals-military-safeguards-remain-incomplete,Haley Fuller,2026-09-30T17:19:58Z,import tariffs,"Eight U.S.-China summit outcomes include trade and AI talks, while a military crisis agreement, rare-earth supplies and Taiwan remain unresolved.",Military.com,China,News,2026-10-07T22:52:00.467897Z
3f92aa44a8a4be06f89cf84988c8b108,"Target Class Action Lawsuit Claims Retailer Kept $994,000,000 Tariff Refund From Shoppers",https://dailyhodl.com/2026/09/30/target-class-action-lawsuit-claims-retailer-kept-994000000-tariff-refund-from-shoppers/,Daily Hodl Agent,2026-09-30T15:30:20Z,import tariffs,A major retailer is facing claims it hiked prices to cover import tariffs and then kept nearly a billion dollars in government refunds instead of giving that money back to shoppers. The class action complaint says Target raised prices on goods to offset tarif…,The Daily Hodl,Unknown,Market Report,2026-10-07T22:52:00.467968Z
4e9102661e8859ffef56e2b873473658,"MSME body calls for handholding, support as India signs more FTAs",https://www.business-standard.com/industry/news/msme-body-calls-for-handholding-support-as-india-signs-more-ftas-126093001195_1.html,Shubham Kumar,2026-09-30T13:42:36Z,import tariffs,"Laghu Udyog Bharati says smaller firms need marketing, technology and export support to tap new markets and benefit from India's expanding network of free trade agreements",Business Standard,India,Market Report,2026-10-07T22:52:00.467983Z
ce1c5f971775dfd03d58fcca2c1f97ce,Trump's tariffs are back in court — again,https://finance.yahoo.com/economy/policy/articles/trump-tariffs-back-court-again-090029904.html,"Elisabeth Buchwald, CNN",2026-09-30T13:08:31Z,import tariffs,"Containers are seen at the container terminal of Nanjing Port, in China's eastern Jiangsu province on September 8, 2026. Most Chinese goods shipped to the United States have faced a minimum 12.5% tax. - AFP/Getty Images
Here we go again: President Donald Tru…",Yahoo Entertainment,China,News,2026-10-07T22:52:00.468002Z
52a7810fba560a5b5fbb2e8e34782379,Govt sees 114 pct US tariff potential to boost solar panel market,https://en.antaranews.com/news/433615/govt-sees-114-pct-us-tariff-potential-to-boost-solar-panel-market,"Shofi Ayudiana, Resinta Sulistiyandari",2026-09-30T12:12:42Z,import tariffs,The Indonesian government views the US tariffs of up to 114 percent on Indonesian solar panel products as an opportunity to strengthen domestic demand and ...,Antaranews.com,Indonesia,Analysis/Opinion,2026-10-07T22:52:00.468034Z
3ac88ba268b104e4317c9f98f09cc32b,How Far Will the Canada-EU Lovefest Go?,http://foreignpolicy.com/2026/09/30/canada-european-union-membership-trump-ottowa-brussels/,Dimitar Bechev,2026-09-30T11:53:49Z,import tariffs,"Both Ottawa and Brussels have good reasons to improve ties, but the EU will need to become more flexible.",Foreign Policy,Unknown,News,2026-10-07T22:52:00.468062Z
43c569e01f37dfa56b09bd5136934c1a,Navigating the US tariff threat — India’s dual test on energy and exports,https://www.thehindubusinessline.com/opinion/navigating-the-us-tariff-threat-indias-dual-test-on-energy-and-exports/article71527962.ece,"Anup Kumar  Mishra , Manoj  Kumar & Rahul  Ranjan",2026-09-30T11:38:36Z,import tariffs,"The US’ fresh tariff threat puts renewed pressure on India’s exports. The US House of Representatives has approved a Bill that could allow President Trump to levy tariffs up to 100 per cent on nations that purchase Russian energy, including India. The propose…",BusinessLine,India,News,2026-10-07T22:52:00.468091Z
f98b1b1050b935aec7f14958a62e12c8,Transcript: Trump Fury at Canada Takes Dark Turn as GOPers Sound Alarm,https://newrepublic.com/article/216011/transcript-trump-fury-canada-takes-dark-turn-gopers-sound-alarm,The Daily Blast With Greg Sargent,2026-09-30T10:56:49Z,import tariffs,"The following is a lightly edited transcript of the September 30 episode of the Daily Blast podcast. Listen to it here.Greg Sargent: This is The Daily Blast from The New Republic, produced and presented by the DSR Network. I’m your host, Greg Sargent.This wee…",The New Republic,Unknown,Market Report,2026-10-07T22:52:00.468148Z
c695f74f6beac27d358f8c6b76730e25,India Inc credit quality remains strong despite H2 FY27 headwinds: Icra,https://www.business-standard.com/industry/news/india-inc-credit-quality-remains-strong-despite-h2-fy27-headwinds-icra-126093000768_1.html,Vrinda Goel,2026-09-30T10:10:39Z,import tariffs,"India Inc's credit ratio rose to 3.2 times in H1 FY27, while strong balance sheets and liquidity buffers are expected to cushion companies from crude, inflation and tariff risks",Business Standard,India,News,2026-10-07T22:52:00.468171Z
45aac1f69defea1996071d8cc8c5588c,Trump's tariffs are back in court — again,https://www.cnn.com/2026/09/30/economy/trumps-tariffs-are-back-in-court-again,"Elisabeth Buchwald, CNN",2026-09-30T09:00:29Z,import tariffs,"Containers are seen at the container terminal of Nanjing Port, in China's eastern Jiangsu province on September 8, 2026. Most Chinese goods shipped to the United States have faced a minimum 12.5% tax. - AFP/Getty Images

Here we go again: President Donald Tr…",CNN,China,News,2026-10-07T22:52:00.468190Z
fd65623575c3680a5ce329958882f16a,"India Boosts Middle East Oil Imports, Cuts Russian Flows",https://oilprice.com/Latest-Energy-News/World-News/India-Boosts-Middle-East-Oil-Imports-Cuts-Russian-Flows.html,Irina Slav,2026-09-30T08:30:00Z,import tariffs,"India has ramped up its crude oil imports from the Middle East while reducing purchases of Russian crude, Indian media have reported, citing data from Kpler. The country, however, is not planning to completely suspend Russian oil imports despite the U.S. thre…",OilPrice.com,India,Market Report,2026-10-07T22:52:00.468213Z
2b08d4789f3de3a1b337f5792f23ecec,"An Army Study Showed Shock Gloves Caused 'Intense Pain' and Terrified Victims—Then ICE Ordered 6,000 Pairs of Them",https://www.commondreams.org/news/ice-glove-intense-pain,Stephen Prager,2026-10-06T19:54:31Z,trade restrictions,"When US Immigration and Customs Enforcement ordered 6,000 pairs of shock gloves this summer, the agency knew that they could cause such ""intense pain"" that victims stopped fighting immediately and became fearful of more shocks.That's according to The Associat…",Common Dreams,Unknown,News,2026-10-07T22:52:01.046268Z
722db3b026390e35fa135190b5ddf123,Factories of future: Built on 25 years of reform & execution,https://economictimes.indiatimes.com/news/economy/policy/factories-of-future-built-on-25-years-of-reform-execution/articleshow/134749432.cms,ET CONTRIBUTORS,2026-10-06T19:15:32Z,trade restrictions,"India's industrial sector has seen significant growth under Modi's leadership, emphasising infrastructure development and reforms. The Vibrant Gujarat Summit initiated a strategic approach to enhance ease of doing business. Recent trade agreements have expand…",The Times of India,India,News,2026-10-07T22:52:01.046306Z
003f138afd93c39867bbe94cb55241bb,Why banks and offshore hubs like Dubai are winners of the Senate killing the Clarity Act,https://activistpost.com/why-banks-and-offshore-hubs-like-dubai-are-winners-of-the-senate-killing-the-clarity-act/,Editor,2026-10-06T19:00:00Z,trade restrictions,"One expert believes that the failure to pass the bill is a win for the banks that staunchly oppose stablecoin yields, while a global crypto lawyer believes overseas jurisdictions benefit. U.S. banks and overseas crypto hubs such as the United Arab Emirates (U…",Activistpost.com,Global,Market Report,2026-10-07T22:52:01.046352Z
80c91355f7b33460244fbe9c9296244a,"Delhi traffic advisory issued for Oct 7 BJP event marking PM Modi's 25 years in public life: Check routes to avoid, restrictions and other details",https://economictimes.indiatimes.com/news/new-updates/delhi-traffic-advisory-issued-for-oct-7-bjp-event-marking-pm-modis-25-years-in-public-life-check-routes-to-avoid-restrictions-and-other-details/articleshow/134749079.cms,Trending Desk,2026-10-06T18:53:34Z,trade restrictions,"Traffic restrictions will be implemented on key roads in Delhi from 5 am to 1 pm on Wednesday. The restrictions are due to a BJP programme marking Prime Minister Modi's 25 years in public life. Traffic will be regulated or diverted on several major routes, in…",The Times of India,Unknown,News,2026-10-07T22:52:01.046406Z
8aea14436db1a9a8ff4cbd5775493c4b,LQDA SHAREHOLDER INVESTIGATION: SueWallSt Notifies Investors of Potential Securities Claims Involving Liquidia Corporation,https://www.prnewswire.com/news-releases/lqda-shareholder-investigation-suewallst-notifies-investors-of-potential-securities-claims-involving-liquidia-corporation-302900091.html,,2026-10-06T18:39:00Z,trade restrictions,A court finding that Yutrepia infringed two valid claims of United Therapeutics' '327 patent has put the drug's PH-ILD indication and broader availability at risk. SueWallSt notifies investors of a pending investigation into potential securities law violation…,PRNewswire,Unknown,News,2026-10-07T22:52:01.046461Z
0d78aa812b056542cf91829faa717d6d,Ms. Global: Sweden Ends Reproductive Health Support for Liberia; U.K. Bans Trans People From Bathrooms and More,https://msmagazine.com/2026/10/06/ms-global-sweden-germany-afd-united-kingdom-nepal-violence/,Maya Olson,2026-10-06T18:01:40Z,trade restrictions,"The U.S. ranks as the 31st most dangerous country for women, 55th in maternal mortality, 43rd in closing the gender pay gap, 84th in women’s political representation, and painfully lacks paid family leave and equal access to healthcare. But Ms. has always und…",Ms. Magazine,Global,News,2026-10-07T22:52:01.046512Z
1a530d30a765e2709041e3383a8b696d,Wall Street Expected To Have Its Best Year Ever As Americans Drown In Debt,https://dailycaller.com/2026/10/06/wall-street-profits-2026-household-debt,Paris Apodaca,2026-10-06T17:49:14Z,trade restrictions,Money is flooding Wall Street as Americans thirst for financial relief amid war-fueled inflation and soaring household debt.,The Daily Caller,USA,News,2026-10-07T22:52:01.046533Z
a77d032fd640a69a6979e47746e5f7ab,"Oil prices stable as market weighs supply risks, rising Middle East exports",https://www.channelnewsasia.com/business/oil-prices-stable-market-weighs-supply-risks-rising-middle-east-exports-6437246,,2026-10-06T17:12:26Z,trade restrictions,"NEW YORK, Oct 6 : Oil prices were steady on Tuesday after recovering earlier losses, as the market weighed increases in Middle Eastern crude exports and a planned Group of Seven release of emergency diesel and crude stockpiles against supply concerns related …",CNA,Unknown,Market Report,2026-10-07T22:52:01.046580Z
a9ebee3d06a893360e60413cf59029d0,"Regional drought pushed Lake Hartwell low enough to expose trash usually hidden underwater; 148 volunteers across 14 sites in five counties removed about 8,300 pounds, including a record 36 tires",https://timesofindia.indiatimes.com/science/nature/regional-drought-pushed-lake-hartwell-low-enough-to-expose-trash-usually-hidden-underwater-148-volunteers-across-14-sites-in-five-counties-removed-about-8300-pounds-including-a-record-36-tires/articleshow/134703511.cms,TOI Science Desk,2026-10-06T17:01:01Z,trade restrictions,"In a remarkable display of community spirit, volunteers have gathered over 8,300 pounds of litter from the shores of Lake Hartwell, driven by an ongoing drought that has unveiled hidden debris. Amid concerns regarding the Clemson Lower Diversion Dam Saddle Di…",The Times of India,Unknown,News,2026-10-07T22:52:01.046637Z
89be68aff523881df9dfdbc69450ddc6,"DEAL: Pixel 11 Pro, Year of Unlimited Service for $774",https://www.droid-life.com/2026/10/06/deal-pixel-11-pro-year-of-unlimited-service-for-774/,Tim,2026-10-06T16:44:36Z,trade restrictions,"Mint Mobile is hosting a very solid deal on the Pixel 11 Pro, coupling it with 12 months of Unlimited service at a deeply discounted cost. With the hardware at $550 off, and service cost cut by 50%, the grand total for a Pixel 11 Pro with 1 year of Unlimited …",Droid Life,Unknown,News,2026-10-07T22:52:01.046680Z
4c463212fe93075fbc76a5f7c723e000,These 6 current US senators were born outside the country,https://www.businessinsider.com/senators-born-outside-the-us#article,Tristin Hoffman,2026-10-06T16:38:25Z,trade restrictions,"Unlike the president and vice president, US senators do not need to be natural-born citizens in order to take office.",Business Insider,Unknown,News,2026-10-07T22:52:01.046712Z
41b3cc0399675f99c563267b29a90817,Genius Group Restarts Bitcoin Buying With 10 BTC Purchase,http://www.newsbtc.com/news/bitcoin/genius-group-restarts-bitcoin-buying-with-10-btc-purchase/,NewsBTC Editorial Team,2026-10-06T16:00:32Z,trade restrictions,"TL;DR Genius Group has restarted Bitcoin purchases, buying 10 BTC for approximately $854,000. The company paid an average of $85,364 per Bitcoin across purchases made between October 2 and October 5. The renewed buying follows the removal of a court injunctio…",newsBTC,Unknown,News,2026-10-07T22:52:01.046757Z
90ad12656c820c6f6a7b29091f1c5ced,Christophe Pettus: The Deep End,https://thebuild.com/blog/the-deep-end/,Christophe Pettus,2026-10-06T16:00:00Z,trade restrictions,"Dive deeper into connection pooling with five more PostgreSQL poolers: Odyssey, pgagroal, Supavisor, PgDoorman, and ProxySQL, plus where your cloud already…

(I consult on PostgreSQL through PGX Inc..)",Thebuild.com,Unknown,News,2026-10-07T22:52:01.046797Z
f8ac2bc1496bd3d5c59a65d504bd94c4,Apple Ordered to Pay $184 Million USD More in Masimo Watch Patent Case,https://www.iphoneincanada.ca/2026/10/06/apple-ordered-to-pay-184-million-usd-more-in-masimo-watch-patent-case/,John Quintet,2026-10-06T15:51:04Z,trade restrictions,"Apple has been ordered to pay another $184 million USD to medical technology company Masimo in its long-running Apple Watch patent dispute, pushing the total bill from a $634 million USD jury verdict to about $818 million USD, according to Bloomberg Law. US D…",iPhone in Canada,Unknown,News,2026-10-07T22:52:01.046844Z
8197617ddd46436f2c9c5b26020a19ff,"Polymarket promo code NYPMAX1: Deposit $10, get $25 for Brewers vs. Padres",https://nypost.com/2026/10/06/betting/polymarket-promo-code-nypmax1-deposit-10-get-25-for-brewers-vs-padres/,Sean Treppedi,2026-10-06T15:30:00Z,trade restrictions,"Deposit $10, get a $25 trading bonus with Polymarket promo code NYPMAX1 for Brewers vs. Padres.",New York Post,Unknown,Market Report,2026-10-07T22:52:01.046871Z
76823dc6ca432e806d6a001523b7cf27,"Droptica: Drupal vs Contentful, Sanity, and Storyblok",https://www.droptica.com/blog/drupal-vs-contentful-sanity-and-storyblok/,,2026-10-06T15:14:30Z,trade restrictions,"Choosing a CMS for catalogues, multilingual pages, and integrations means comparing how each platform handles relationships, editorial work, and delivery—not just content types on a slide.Drupal vs Contentful, Sanity, and Storyblok take different paths: integ…",Droptica.com,Unknown,Analysis/Opinion,2026-10-07T22:52:01.046912Z
52fac55bb6b04fe3a6896e40a6382180,"A Dozen Seafarers Injured in Strait of Hormuz Tanker Attack, India Says",https://gcaptain.com/a-dozen-seafarers-injured-in-strait-of-hormuz-tanker-attack-india-says/,Mike Schuler,2026-10-06T15:14:14Z,trade restrictions,"Twelve seafarers were injured after a Panama-flagged oil tanker was struck by a projectile while transiting the Strait of Hormuz, according to India’s Ministry of External Affairs, marking one of...",gcaptain.com,India,News,2026-10-07T22:52:01.046934Z
f187d443a62622c4847225be6aaeaff1,Joe Rogan Says Money Is So Deeply Entangled In Politics That Removing It Entirely 'Seems Ridiculous To People',https://www.yahoo.com/entertainment/tv/articles/joe-rogan-says-money-deeply-120009994.html,Adrian Volenik,2026-10-06T14:43:05Z,trade restrictions,"Money has become such an accepted part of U.S. politics that the idea of removing it altogether sounds almost absurd, according to comedian and podcaster Joe...",Yahoo Entertainment,Unknown,News,2026-10-07T22:52:01.046972Z
1d094301744d29a1dd981b4c4b58c70a,Why James Dolan doesn't deserve blame in Knicks' contract standoff with Karl-Anthony Towns,https://www.cbssports.com/nba/news/karl-anthony-towns-contract-knicks-james-dolan-second-apron/,Brad Botkin,2026-10-06T14:33:27Z,trade restrictions,"Dolan is an easy target for attacks like this, but in this case, the Knicks are simply doing smart business",CBS Sports,Unknown,News,2026-10-07T22:52:01.047005Z
508dec3f3b4530313f519232152d7eaf,"Superform Activates Earn Strategies for Tokenized Stocks on Base, Powered by Aave",https://dailyhodl.com/2026/10/06/superform-activates-earn-strategies-for-tokenized-stocks-on-base-powered-by-aave/,Chainwire,2026-10-06T14:30:18Z,trade restrictions,"New York, New York, 6th October 2026, Chainwire
The post Superform Activates Earn Strategies for Tokenized Stocks on Base, Powered by Aave appeared first on The Daily Hodl.",The Daily Hodl,Unknown,Market Report,2026-10-07T22:52:01.047037Z
90801efd5e10eb61f0affd3516b00c98,Iran's Medicine Shortages Fuel Black Market for Essential Drugs,https://www.rferl.org/a/iran-medicine-shortage-black-market/33871303.html,Behnaz Jalalipour,2026-10-06T14:20:49Z,trade restrictions,"Iran’s worsening medicine shortages are driving patients to a booming black market, where essential drugs can cost several times official prices. Cancer and chronic disease patients face soaring costs, while authorities struggle with imports, currency shortag…",Radio Free Europe/ Radio Liberty,Unknown,Market Report,2026-10-07T22:52:01.047080Z
be5c5b22d28392d90c77508e4cfa8970,What’s new in security for Ubuntu 26.10?,https://ubuntu.com/blog/ubuntu-26-10-security,Ijlal Loutfi (Ijlal Loutfi),2026-10-06T14:19:19Z,trade restrictions,"Ubuntu 26.10 “Stonking Stingray” arrives at a time when AI tools are accelerating vulnerability discovery. Patching faster is essential, but the resilience of the underlying operating system must also limit what an attacker can achieve before a fix is availab…",Ubuntu.com,Unknown,News,2026-10-07T22:52:01.047142Z
ef6fb9ee3afdd65c7ffeae4ce036d0c6,Fault lines in GDP growth,https://www.thehindubusinessline.com/opinion/fault-lines-in-gdp-growth/article71551424.ece,MC  Singhi,2026-10-06T14:03:14Z,trade restrictions,"The Indian economy after the pandemic has so far maintained a sustained growth of over 7 per cent at constant prices, and has continued to be among the fastest-growing large economies. The growth has largely been driven by domestic consumption and key infrast…",BusinessLine,India,Market Report,2026-10-07T22:52:01.047166Z
0ce44190bacd757674256d5cc3608081,"Daily unhealthy food purchase and associated factors among adolescents in urban Dire Dawa, eastern Ethiopia: A community-based cross-sectional study",https://journals.plos.org/plosone/article?id=10.1371/journal.pone.0359580,"Bira Belay, Alamiya Abdo",2026-10-06T14:00:00Z,trade restrictions,Background Unhealthy food consumption is a growing concern among adolescents in low- and middle-income countries. Evidence on unhealthy food purchase in eastern Ethiopia remains limited. This cross-sectional study assessed the prevalence of daily unhealthy fo…,Plos.org,Brazil,Market Report,2026-10-07T22:52:01.047190Z
d5ea5c8fc9cd4ce2a36a48d53d51d9a1,GPC: An expressive and tractable deep generative model for genetic variation data,https://journals.plos.org/plosgenetics/article?id=10.1371/journal.pgen.1012321,"Prateek Anand, Anji Liu, Meihua Dang, Boyang Fu, Xinzhu Wei, Guy Van den Broeck, Sriram Sankararaman",2026-10-06T14:00:00Z,trade restrictions,"Author summary Human genetic data are essential for studying disease, but they are also deeply personal, and privacy rules often prevent researchers from sharing them. One way around this is to create artificial genomes: synthetic data that reproduce the stat…",Plos.org,Unknown,News,2026-10-07T22:52:01.047241Z
7d36550bf378cd63a6bc406d867b762f,Franco-German leaders demand EU readies China ‘kill switch’,https://www.rt.com/news/646811-eu-china-trade-kill-switch/,RT,2026-10-06T13:46:04Z,trade restrictions,France and Germany are pressing Brussels for sweeping new trade powers as the EU prepares for negotiations with China Read Full Article at RT.com,RT,China,News,2026-10-07T22:52:01.047257Z
8ee47ad67919ae0a3f87c537c7d83560,$340M HYPE Unlock Today: Can Hyperliquid Absorb the Biggest Token Release of the Week?,https://bitcoinfoundation.org/news/altcoins/340m-hype-unlock-today-can-hyperliquid-absorb-the-biggest-token-release-of-the-week/,Yuri Molchan,2026-10-06T13:27:17Z,trade restrictions,"Hyperliquid faces one of its tightest supply tests as roughly $340 million of HYPE enters the unlock process. Around 3.75 million tokens are becoming available,...
The post $340M HYPE Unlock Today: Can Hyperliquid Absorb the Biggest Token Release of the Week?…",Bitcoinfoundation.org,Unknown,News,2026-10-07T22:52:01.047304Z
5b52b172317bd2638e93db42343c639d,US Midterm Elections: Why the Trump Regime Isn’t Worried. “They Have A Plan”?,https://www.globalresearch.ca/us-midterm-why-trump-regime-isnt-worried/5942799,Greg Guma,2026-10-06T12:35:45Z,trade restrictions,"Polls suggest that Democrats could win majorities in the US House, maybe even the Senate this fall. 
Republicans running for seats, even in so-called safe “red states,” are certainly concerned about unpopular Trump policies and the judgement of voters. 
Yet ……",Globalresearch.ca,Unknown,News,2026-10-07T22:52:01.047355Z
5ff719037051ceb4364f53379e5f5dcd,"Manufacturing Sentiment Rises In Q2 FY27, 95% Report Stable Or Higher Output: FICCI",https://www.freepressjournal.in/business/manufacturing-sentiment-rises-in-q2-fy27-95-report-stable-or-higher-output-ficci,Fpj Web Desk,2026-10-06T12:13:30Z,trade restrictions,"Indian manufacturing sentiment improved in Q2 FY27, with stronger production, orders, exports and hiring plans, while growing costs remained a concern, according to FICCI’s survey.",Free Press Journal,India,Market Report,2026-10-07T22:52:01.047471Z
370595ae78c378ac74fe4831455dbc98,"India's manufacturing sentiment improved in Q2FY27, shows Ficci Survey",https://www.business-standard.com/economy/news/india-s-manufacturing-sentiment-improved-in-jul-sep-shows-ficci-survey-126100600792_1.html,"Gulveen Aulakh, Prachi Pisal",2026-10-06T11:25:18Z,trade restrictions,"India's manufacturing sentiment improved in the July-September quarter as factories reported higher capacity utilisation and higher or same levels of production as compared to the previous quarter, according to the latest edition of the FICCI Manufacturing Su…",Business Standard,India,Market Report,2026-10-07T22:52:01.047495Z
aa6066f8fa696046e08c878cfde99264,"Dems have edge in midterms, poll shows. And, Paramount-Warner Bros. merger to close",https://www.npr.org/2026/10/06/g-s1-146626/up-first-newsletter-election-day-skydance-christa-pike-russia-plague-scare,Brittney Melton,2026-10-06T11:19:25Z,trade restrictions,"Polls are showing that Democrats have a clear advantage heading into the midterms, but that doesn't tell the whole story. And, today, a mega merger between Paramount and Warner Bros. is set to close.",NPR,Unknown,News,2026-10-07T22:52:01.047534Z
8eb81f4e550c6ca9c4080f25fc92a7a0,What voters in 6 key states could tell us about the 2026 midterms,https://www.npr.org/2026/10/06/g-s1-146559/morning-edition-2026-midterms-election-voters-states,Majd Al-Waheidi,2026-10-06T11:00:00Z,trade restrictions,"<em>Morning Edition</em> is heading to Maine, Texas, North Carolina, Georgia, Ohio and Michigan to hear what voters say is shaping their choices ahead of the midterm elections.",NPR,Unknown,News,2026-10-07T22:52:01.047567Z
87f2193971560f6c6bd159ec4e0406c7,Nomad Foods to Host an Analyst and Investor Day,https://www.prnewswire.com/news-releases/nomad-foods-to-host-an-analyst-and-investor-day-302899199.html,,2026-10-06T10:45:00Z,trade restrictions,"Raises 2026 Organic Revenue Outlook; Return to Growth Expected in the Third Quarter Introduces Multi-Year Value Creation Plan Targeting Sustainable Revenue and Earnings Growth WOKING, England, Oct. 6, 2026 /PRNewswire/ -- Nomad Foods Limited (NYSE: NOMD), Eur…",PRNewswire,Unknown,Analysis/Opinion,2026-10-07T22:52:01.047606Z
39d09b0251da5b73ccac2725ef023d73,How Much More Trump Trouble Can Indonesia’s Prabowo Take?,http://foreignpolicy.com/2026/10/06/indonesia-prabowo-trump-tariffs-trade-gaza-board-of-peace-controversy/,Derek Grossman,2026-10-06T10:08:23Z,trade restrictions,Jakarta’s attempts to align with Washington face a growing backlash at home.,Foreign Policy,Indonesia,News,2026-10-07T22:52:01.047631Z
b6c1a21d6ffb6d39070c84d71ecebad3,It’s Time to Bring Back Congress’s Nerd Squad,https://newrepublic.com/article/215564/bring-back-office-technology-assessment,Grant Tudor,2026-10-06T10:00:00Z,trade restrictions,"In the autumn of 2001, a new national security threat arrived by mail. Envelopes carrying a fine, nearly invisible powder had begun traveling through the postal system. One letter reached a tabloid’s newsroom in Boca Raton, Florida, killing a photo editor wit…",The New Republic,Unknown,News,2026-10-07T22:52:01.047677Z
2640736b986843b9cd75f9f180e954ec,They’re the Most Hated Thing in America. A Strange New Industry Has Cropped Up to Change Your Mind.,https://slate.com/life/2026/10/ai-tech-jobs-job-data-centers-pr-public-relations.html,Christina Cauterucci,2026-10-06T09:40:00Z,trade restrictions,Some would say they’re doing the devil’s work. They say they’re just doing their jobs.,Slate Magazine,USA,News,2026-10-07T22:52:01.047701Z
ef111af04639715f4182a79ec514788f,Election 2026: Herald experts pick which Chris won the TVNZ Leaders’ Debate,https://www.nzherald.co.nz/nz/politics/election-2026-herald-experts-pick-which-chris-won-the-tvnz-leaders-debate/premium/Y76GEYLRXZDY5ECGS5SNLZU7QA/,"Thomas Coughlan, Audrey Young, Adam Pearse, Shayne Currie",2026-10-06T09:09:28Z,trade restrictions,Christopher Luxon and Chris Hipkins went head-to-head in TVNZ's first Leaders' Debate.,New Zealand Herald,Unknown,News,2026-10-07T22:52:01.047737Z
3b8378b7363aaefaa8302efff23aa6a5,"India’s factories power up as demand, output and hiring improve in Q2: FICCI survey",https://economictimes.indiatimes.com/news/economy/indicators/indias-factories-power-up-as-demand-output-and-hiring-improve-in-q2-ficci-survey/articleshow/134730243.cms,ANI,2026-10-06T08:49:00Z,trade restrictions,"Manufacturing sentiment in India improved noticeably in the second quarter of FY27, reflecting increased expectations for production and demand. About 95 percent of manufacturers reported stable or higher production levels compared to the previous quarter. Ca…",The Times of India,India,Market Report,2026-10-07T22:52:01.047762Z
021c79d8fba58ce73e68cd6e69b54e40,Mumbai airports restrict cargo shipments on Russian airlines,https://www.rt.com/india/646783-adani-mumbai-russian-airlines/,RT,2026-10-06T08:46:02Z,trade restrictions,"Cargo booked on Russian carriers at Mumbai airports has been delayed or rerouted amid compliance concerns over US sanctions, disrupting shipments handled by Aeroflot and Volga-Dnepr",RT,India,News,2026-10-07T22:52:01.047783Z
ed7309593bc3cd5f91599cc2d0836c85,"Show HN: Niquests – Concurrent HTTP in Python, no async or threading code",https://niquests.readthedocs.io/en/latest/user/quickstart.html#lazy-responses-and-manual-scheduling,mesahm,2026-10-06T08:42:27Z,trade restrictions,"Eager to get started? This page gives a good introduction to getting started with Niquests. First, make sure that: Niquests is installed, Niquests is up-to-date. Let’s get started with some simple ...",Readthedocs.io,Unknown,News,2026-10-07T22:52:01.047828Z
c10accef211cd21dcfd40f2103df2256,Niranjan Rajadhyaksha: Governments can’t borrow endlessly—and the bill often gets publicly shared,https://www.livemint.com/opinion/online-views/niranjan-rajadhyaksha-governments-can-t-borrow-endlessly-bill-gets-publicly-shared-11791195880305.html,Niranjan Rajadhyaksha,2026-10-06T06:27:54Z,trade restrictions,"Even the US, which issues the global reserve currency, can't pile up debt infinitely. Other governments must be much more wary of a public debt overload. Where the central bank can’t let a government go insolvent, inflation is the only way out.",Livemint,Global,News,2026-10-07T22:52:01.047876Z
f44d595be85a7f03026cd09e88619678,Is sloth meat edible?,https://www.lifesciencesworld.com/is-sloth-meat-edible/,Ava Reynolds,2026-10-06T04:47:36Z,trade restrictions,"Is Sloth Meat Edible? A Deep Dive While technically possible to consume, is sloth meat edible? The answer is complex. Sloth meat presents significant ethical, conservation, and practical hurdles that render its consumption generally unadvisable and, in many r…",Lifesciencesworld.com,Unknown,News,2026-10-07T22:52:01.047921Z
11331af834212cd26ba66eb59caf8a5c,SEC Issues Statement on Fair Value Measurement and Disclosure Considerations for Private Assets,https://clsbluesky.law.columbia.edu/2026/10/06/sec-issues-statement-on-fair-value-measurement-and-disclosure-considerations-for-private-assets/,renholding,2026-10-06T04:01:48Z,trade restrictions,"Investment in private assets continues to grow, including for an increasing number of registrants that are required to subsequently measure these investments at fair value, such as registered closed-end funds, interval funds, tender offer funds, business deve…",Columbia.edu,Unknown,News,2026-10-07T22:52:01.047973Z
e18e25193d84f121cc34c57e0b1eb59f,OKX eyes emerging markets with yield-offering stablecoin savings and payments app,https://cointelegraph.com/news/okx-money-stablecoin-savings-payments-emerging-markets,Cointelegraph by Ezra Reguerra,2026-10-06T03:40:00Z,trade restrictions,"OKX is launching a stablecoin savings and payments app across emerging markets, offering up to 10% APY on eligible USDG balances.",Cointelegraph,Unknown,Market Report,2026-10-07T22:52:01.048003Z
d866844f18256430831538068ccc3cfb,Cubs BCB After Dark: Would you give Ian Happ a qualifying offer?,https://www.bleedcubbieblue.com/chicago-cubs-discussion/235800/cubs-bcb-after-dark-would-you-give-ian-happ-a-qualifying-offer,Josh Timmers,2026-10-06T03:23:55Z,trade restrictions,The late-night/early-morning spot for Cubs fans asks if Ian Happ should get a qualifying offer.,Bleed Cubbie Blue,Unknown,News,2026-10-07T22:52:01.048034Z
cd55a2fcb8af01bc9857be10fd2c0993,Do people still eat muskrat?,https://www.lifesciencesworld.com/do-people-still-eat-muskrat/,Ava Reynolds,2026-10-06T03:06:53Z,trade restrictions,"Do People Still Eat Muskrat? A Look at a Historic Delicacy Yes, people still eat muskrat! While not a mainstream culinary choice, muskrat remains a traditional food in certain regions, particularly during specific seasons, carrying a rich history and unique c…",Lifesciencesworld.com,Unknown,News,2026-10-07T22:52:01.048080Z
12fc9cd40f71af676d44098643909565,NYSE’s Parent Just Filed to Tokenize 63 US Stocks on a Crypto-Native Exchange — And the SEC Already Gave It Permission,https://forkast.news/nyses-parent-just-filed-to-tokenize-63-us-stocks-on-a-crypto-native-exchange-and-the-sec-already-gave-it-permission/,Nolan Pratt,2026-10-06T02:52:59Z,trade restrictions,"The most conservative institution in US market infrastructure just filed to tokenize 63 of America’s most recognizable stocks on a crypto-native exchange. Intercontinental Exchange, the parent company of the New York Stock Exchange, and OKX announced OKXICE, …",Forkast.news,USA,Market Report,2026-10-07T22:52:01.048106Z
5e03af64c45a44adcf8c32e33314d7f5,CETA Amendment Bill: A tax for good health | InsightWireNG,https://insightwirenews.com/ceta-amendment-bill-a-tax-for-good-health/,Chioma Obinna,2026-10-06T01:09:39Z,trade restrictions,"Something strange happened to Enugu-based paediatrician, Dr. Chiwetalu Odoh, last Christmas eve. Summoned to the Children's Emergency Unit at the hospital in Enugu, he expected to meet a critically ill child. Instead, he found a little girl, her mother and he…",Insightwirenews.com,Unknown,Analysis/Opinion,2026-10-07T22:52:01.048211Z
46f84cacdc6662edfc0d9117ddeb84d2,Oil prices slip as traders weigh strong Mideast exports against Gulf tensions,https://www.channelnewsasia.com/business/oil-prices-slip-traders-weigh-strong-mideast-exports-against-gulf-tensions-6434746,,2026-10-06T00:43:08Z,trade restrictions,"Oct 6 : Oil prices down on Tuesday as resilient Middle Eastern crude exports and a G7 emergency stockpile release eased supply concerns, though attacks by Yemen's Houthis on Saudi targets kept traders wary of risks to Gulf supplies.Brent crude futures lost 4 …",CNA,Unknown,Market Report,2026-10-07T22:52:01.048300Z
51a99479657f86a85fc5eecd9a01e74f,"Kraken parent joins Singapore Gulf Bank, opening 24/7 institutional dollar rails",https://cryptoslate.com/kraken-parent-joins-singapore-gulf-bank-opening-24-7-institutional-dollar-rails/,Liam 'Akiba' Wright,2026-10-06T00:30:28Z,trade restrictions,"Payward's SGB Net link supports round-the-clock US-dollar funding in eligible jurisdictions, while SGB customer-trade pricing is planned for coming months.
The post Kraken parent joins Singapore Gulf Bank, opening 24/7 institutional dollar rails appeared firs…",CryptoSlate,Singapore,News,2026-10-07T22:52:01.048334Z
80430f110bc904e600f84a478588fa2e,"Disneyland Unveiled A New Way To Buy Pins, And As A Trader, I’m Intrigued",https://www.cinemablend.com/theme-parks/disneyland-unveiled-new-way-buy-pins-pros-cons,Danielle Bruncati,2026-10-06T00:30:00Z,trade restrictions,Time to break out those credit cards!,CinemaBlend,Unknown,News,2026-10-07T22:52:01.048364Z
395f2eac5af2b177a8c11f979cf27f05,Russian gold floods Hong Kong as Western sanctions redraw bullion trade,https://www.cnbc.com/2026/10/06/russia-gold-hong-kong-china-western-sanctions.html,Lee Ying Shan,2026-10-05T23:14:39Z,trade restrictions,The surge underscores how Russia's gold trade has been rerouted after its invasion of Ukraine in 2022 shut its producers out of major Western markets.,CNBC,Russia,Market Report,2026-10-07T22:52:01.048381Z
89275a1866eb7facf2cf488f5c6de542,Cboe Global Markets Reports Trading Volume for September 2026,https://www.prnewswire.com/news-releases/cboe-global-markets-reports-trading-volume-for-september-2026-302898878.html,,2026-10-05T20:30:00Z,trade restrictions,"CHICAGO, Oct. 5, 2026 /PRNewswire/ -- Cboe Global Markets, Inc. (Cboe: CBOE), a leading global markets operator and pioneer in equity and index derivatives, today reported September trading volume statistics across its global business lines and provided guida…",PRNewswire,Global,Market Report,2026-10-07T22:52:01.048521Z
6d051cf0b8b78fb410736e4bcdfc3b5c,Can Fashion Make the Business Case for Sustainability?,http://wwd.com/sourcing-journal/sustainability/fashion-business-case-sustainabilty-ny-climate-week-1239313906/,Jasmin Chua,2026-10-05T20:15:53Z,trade restrictions,"At New York Climate Week, fashion leaders made the case for sustainability as a driver of customer loyalty, material innovation, risk management and long-term growth.",WWD,Unknown,News,2026-10-07T22:52:01.048557Z
091edaf83fdac0004521b2938debead1,Who Will Own the Moon?,https://reason.com/2026/10/05/who-will-own-the-moon/,Jeff Greason,2026-10-05T18:46:49Z,trade restrictions,"Rainer Zitelmann's book argues that private ownership and competition, not government control, should shape the future of the moon and space.",Reason,Unknown,News,2026-10-07T22:52:01.048615Z
1bb37dab96c90c7f59b49d9af6bfae77,"Newsom Vetoes Recycled-Content Labeling Bill, Citing Tariff Pressures",http://wwd.com/sourcing-journal/trade/california-newsom-veto-ab2253-greenwashing-recycled-content-labels-1239313109/,Alexandra Harrell,2026-10-05T18:01:07Z,trade restrictions,California Gov. Gavin Newsom vetoed a bill expanding recordkeeping requirements for recycled-content claims for apparel and other products.,WWD,Unknown,News,2026-10-07T22:52:01.048650Z
63eeeddb29efac01018ca83b63defba4,"NFL ‘Monday Night Football’ betting promos: Get over $5K in sportsbook, prediction market bonuses for Falcons vs. Saints",https://nypost.com/2026/10/05/betting/nfl-monday-night-football-betting-promos-get-over-5k-in-sportsbook-prediction-market-bonuses-for-falcons-vs-saints/,Mike Turay,2026-10-05T18:00:00Z,trade restrictions,"Discover every sportsbook and prediction market promo to use for Week 4, ""Monday Night Football"" between the Falcons and Saints.f",New York Post,Unknown,Analysis/Opinion,2026-10-07T22:52:01.048686Z
22c4d5eb52dba376b2cfe85f3b920568,Karl-Anthony Towns on chances of signing extension with Knicks before season: 'It don't look good',https://sports.yahoo.com/nba/article/karl-anthony-towns-on-chances-of-signing-extension-with-knicks-before-season-it-dont-look-good-173514657.html,Dan Devine,2026-10-05T17:35:14Z,trade restrictions,The All-Star big man continues to sound pessimistic about his odds of signing a new deal before the start of the 2026-27 NBA season.,Yahoo Entertainment,Unknown,News,2026-10-07T22:52:01.048763Z
c369bd8ff518acf98221950cdd9c6388,"Adani airports stops handling Russian cargo, say agents",https://economictimes.indiatimes.com/industry/transportation/airlines-/-aviation/adani-airports-stops-handling-russian-cargo-say-agents/articleshow/134713448.cms,Arindam Majumder,2026-10-05T17:18:10Z,trade restrictions,Adani Airports has suspended handling cargo related to Russian carriers at Mumbai airport due to sanctions compliance concerns. This decision has led to a dispute with representatives from Aeroflot and Volga Dnepr regarding previously arranged shipments. Curr…,The Times of India,India,News,2026-10-07T22:52:01.048791Z
95b223d6032f7859d450b592de384568,Karl-Anthony Towns says extension negotiations with Knicks 'don't look good' as two sides remain apart on deal,https://www.cbssports.com/nba/news/karl-anthony-towns-knicks-extension-negotiations/,Robby Kalland,2026-10-05T16:37:52Z,trade restrictions,"Towns expected a contract to be quickly worked out easily after his playoff showcase, but it's now clear that will not come before the season begins",CBS Sports,Unknown,News,2026-10-07T22:52:01.048857Z
2f9231eb3d6dc82a6666104e5511b5aa,"Novig promo code NYPOST: Deposit $10, get $50 in trade credits for Falcons vs. Saints",https://nypost.com/2026/10/05/betting/novig-promo-code-nypost-deposit-10-get-50-in-trade-credits-for-falcons-vs-saints/,Mike Turay,2026-10-05T16:30:00Z,trade restrictions,"Novig promo code NYPOST unlocks $50 in trade credits for new users following a $10 deposit for ""MNF"".",New York Post,Unknown,News,2026-10-07T22:52:01.048887Z
d83b04336dba195f2b2bad7a91498e43,Airlines urge govt to unlock delayed ECLGS funds,https://www.thehindubusinessline.com/economy/logistics/airlines-urge-govt-to-unlock-delayed-eclgs-funds/article71547925.ece,BL New Delhi Bureau,2026-10-05T16:21:38Z,trade restrictions,Airlines urge faster ECLGS 5.0 disbursement as lenders delay funds amid liquidity strains and geopolitical pressures.,BusinessLine,Unknown,News,2026-10-07T22:52:01.048917Z
95900ae489032ac563c831241e4277cd,"Sitharaman sees a ‘plateau’, but India-US trade deal may not be at a dead end yet: GTRI",https://economictimes.indiatimes.com/news/economy/foreign-trade/sitharaman-sees-a-plateau-but-india-us-trade-deal-may-not-be-at-a-dead-end-yet-gtri/articleshow/134708656.cms,ET Online,2026-10-05T14:21:24Z,trade restrictions,"As India and the US engage in talks for a bilateral trade deal, uncertainties loom over tariff treatments. Finance Minister Nirmala Sitharaman mentioned that the scope for concessions is limited, indicating a plateau. Ajay Srivastava from GTRI cautioned again…",The Times of India,India,News,2026-10-07T22:52:01.048969Z
4336d65d7859f1392b502a4a08ecdfb1,Donroe Trump’s 10-Day Immoral Crescendo,https://www.globalresearch.ca/donroe-trump-10-day-immoral-crescendo/5942670,Ron Ridenour,2026-10-05T14:07:14Z,trade restrictions,"September 16-25: The mass media of Denmark, where I live, was saturated with jubilation for many of Donroe Trump’s victories, resulting in my becoming nauseously depressed.
September 16-18: President Donald Trump imposed 100%-500% tariffs for firms or countri…",Globalresearch.ca,Unknown,News,2026-10-07T22:52:01.049014Z
6235dd06b5c3f7eb72e7c5daa784568a,Assessment and decomposition of excessive red meat consumption among hypertensive adults: A Wagstaff decomposition analysis,https://journals.plos.org/plosone/article?id=10.1371/journal.pone.0359650,"Saba Karimi, Sara Kaveh, Sara Emamgholipour sefiddashti, Samaneh Akbarpour, Sajjad Dorri, Yosra Azizpour",2026-10-05T14:00:00Z,trade restrictions,"Introduction Red meat consumption is an important dietary factor in hypertension management, yet its distribution may vary across socioeconomic groups. This study examines wealth-related inequality in red meat consumption among hypertensive adults in Iran.   …",Plos.org,Unknown,Analysis/Opinion,2026-10-07T22:52:01.049056Z
f8fa9366518b247083f2b9e54da089fb,Federation of Indian Airlines seeks Centre's intervention for faster release of ECLGS 5.0 funds,https://economictimes.indiatimes.com/industry/transportation/airlines-/-aviation/federation-of-indian-airlines-seeks-centres-intervention-for-faster-release-of-eclgs-5-0-funds/articleshow/134707202.cms,ET Online,2026-10-05T13:39:58Z,trade restrictions,Indian airlines have requested the Civil Aviation Ministry's assistance in securing timely credit disbursements under ECLGS 5.0. The Federation of Indian Airlines aims to alleviate the severe financial strain caused by rising fuel costs and other factors. ECL…,The Times of India,India,News,2026-10-07T22:52:01.049085Z
30884a7dfd1737ed23bc326a2580f734,"Polymarket promo code NYPMAX1: Deposit $10, get $25 for Falcons vs. Saints ‘MNF’",https://nypost.com/2026/10/05/betting/polymarket-promo-code-nypmax1-deposit-10-get-25-for-falcons-vs-saints/,Mike Turay,2026-10-05T13:30:00Z,trade restrictions,"Deposit $10, get a $25 trading bonus with Polymarket promo code NYPMAX1 for Falcons vs. Saints.",New York Post,Unknown,Market Report,2026-10-07T22:52:01.049128Z
ecdb59bc643fc835a2802cf5aed10cd4,"Huawei and Qualcomm sign patent cross-licensing deal for 5G, AI and other tech",https://www.gsmarena.com/huawei_and_qualcomm_sign_patent_crosslicensing_deal_for_5g_ai_and_other_tech-news-74900.php,Peter,2026-10-05T13:11:02Z,trade restrictions,"Huawei and Qualcomm just signed a broad, multi-year cross-licensing agreement that covers 5G, compute, AI and networking technologies developed by the two companies. This is the first 5G licensing agreement between the two.

As part of the deal, Qualcomm will…",GSMArena.com,Unknown,News,2026-10-07T22:52:01.049179Z
45a4e8e2cc17939a6d8ec267507084b9,The People Who Refuse to Let Their Gadgets Die,https://www.theatlantic.com/technology/2026/10/meet-the-upgrade-holdouts/688874/?utm_source=feed,Alexandra Tremayne-Pengelly,2026-10-05T12:59:05Z,trade restrictions,What if you never upgraded at all?,The Atlantic,Unknown,News,2026-10-07T22:52:01.049202Z
48ff1057f1d2d32cfcf162fc8159ced3,US warships have ‘fled’ Strait of Hormuz – IRGC,https://www.rt.com/news/646746-iran-us-flee-waters/,RT,2026-10-05T12:48:28Z,trade restrictions,Iran’s IRGC says US warships withdrew from the Strait of Hormuz and nearby waters as the naval blockade and diplomatic deadlock continue Read Full Article at RT.com,RT,Unknown,News,2026-10-07T22:52:01.049239Z
55659b2f5f57f3375041f4d475d36ddd,Top 10 NBA point guards heading into 2026-27 season,https://www.thebiglead.com/top-10-nba-point-guards-heading-into-2026-27-season/,Arnab Mondal,2026-10-05T12:40:18Z,trade restrictions,"Ranking the upcoming season's top 10 NBA point guards based on scoring, playmaking, efficiency, availability and recent success",The Big Lead,Unknown,News,2026-10-07T22:52:01.049269Z
e6b25eb929bf7cca948e31bd5b962e2f,What is in Jhalanath Khanal’s 15-point special proposal?,https://english.khabarhub.com/2026/05/570786/,Khabarhub,2026-10-05T12:00:41Z,trade restrictions,"KATHMANDU: The first gathering of the ‘Socialist Awakening Campaign’, launched under the leadership of former Prime Minister Jhalanath Khanal, has adopted a 15-point special proposal covering contemporary politics, livelihoods, disaster management and the res…",Khabarhub.com,Unknown,News,2026-10-07T22:52:01.049318Z
019ada241ddb8f8976c060e2e7d2acbc,"FF EAI Robotics Ecosystem Inc. (NASDAQ: FFR) Highlights FFAI Weekly Investor Update: FF EAI Robotics Sales and Shipments Reach a Record 265 Units in September and 817 Units Cumulatively, No. 1 in U.S. Robotics Deliveries",https://www.prnewswire.com/news-releases/ff-eai-robotics-ecosystem-inc-nasdaq-ffr-highlights-ffai-weekly-investor-update-ff-eai-robotics-sales-and-shipments-reach-a-record-265-units-in-september-and-817-units-cumulatively-no-1-in-us-robotics-deliveries-302898144.html,,2026-10-05T11:30:00Z,trade restrictions,"In September, sales and shipments of FF EAI Robotics devices reached 265 units, setting a new monthly record. Cumulative sales and shipments for Q3 reached 575 units, and from the end of February through the end of September, they totaled 817 units. On Octobe…",PRNewswire,Unknown,Market Report,2026-10-07T22:52:01.049411Z
f1ac22b1c26c2a1c05cecf4b7e7eaca1,"Huawei and Qualcomm sign patent deal covering 5G, AI and networking",https://thenextweb.com/news/huawei-qualcomm-patent-deal-5g-ai,Ana-Maria Stanciuc,2026-10-05T11:19:50Z,trade restrictions,"Huawei and Qualcomm have agreed to a multi-year patent licensing deal covering 5G, AI, computing and networking, and announced the agreement today.  “This agreement not only demonstrates the value of Huawei’s innovations, but also recognizes Qualcomm’s founda…",The Next Web,Unknown,Market Report,2026-10-07T22:52:01.049454Z
a38530f1be3bce7b9bf1c00e8bad6992,Insmed Announces CFO Transition,https://www.prnewswire.com/news-releases/insmed-announces-cfo-transition-302897548.html,,2026-10-05T11:00:00Z,trade restrictions,"—Sara Bonstein Will Step Down as CFO on October 30 After Nearly Seven Years of Dedicated Leadership— —Company Reaffirms Full-Year 2026 Financial Guidance— —Company Announces Third-Quarter 2026 Financial Results Conference Call to Be Held on Thursday, October …",PRNewswire,Unknown,News,2026-10-07T22:52:01.049498Z
c5350b52641cd5a0636b53d4a897197e,Is the US still hegemonic?,https://blogs.lse.ac.uk/europpblog/2026/10/05/is-the-us-still-hegemonic/,Blog Team,2026-10-05T08:41:17Z,trade restrictions,"Are countries in Europe and elsewhere across the world turning away from the United States? Robert H. Wade writes that while the US remains the world’s most powerful country, Donald Trump’s second presidency has coincided with a marked decline in its global l…",Lse.ac.uk,USA,News,2026-10-07T22:52:01.049596Z
f60a5866636d73ecef86b41b846e822b,Digest: Apple Plans to Block Hundreds of Data Firms; Paramount & WBD Unite Under Skydance,https://www.exchangewire.com/blog/2026/10/05/digest-paramount-wbd-unite-under-skydance-apple-plans-to-block-hundreds-of-data-firms/,Sheila Obeng-King,2026-10-05T08:00:00Z,trade restrictions,"In today’s Digest, we discuss Apple moving to block hundreds of programmatic data firms, Skydance uniting Paramount and Warner Bros. Discovery, and the EU preparing to classify Microsoft Azure and Amazon Web Services as DMA gatekeepers.
The post Digest: Apple…",ExchangeWire,Unknown,News,2026-10-07T22:52:01.049692Z
7c1b3f797d34031048e9dd5348825cee,Zcash NU7 Goes Live on Testnet as 25-Second Blocks Move Closer to Mainnet,https://bitcoinfoundation.org/news/blockchain-news/zcash-nu7-goes-live-on-testnet-as-25-second-blocks-move-closer-to-mainnet/,Yevheny Serhiienko,2026-10-05T07:40:06Z,trade restrictions,"Zcash has implemented network hard fork NU7 on its testnet, introducing faster 25-second block times, updated features to shielded transactions, and other improvements.  NU7 became...
The post Zcash NU7 Goes Live on Testnet as 25-Second Blocks Move Closer to …",Bitcoinfoundation.org,Unknown,News,2026-10-07T22:52:01.049739Z
d86b4c22f5440620a80ff3689c868a8d,Oil falls as Middle East crude exports rise,https://www.rte.ie/news/business/2026/1005/1594005-world-oil-prices/,RTÉ News,2026-10-05T07:32:21Z,trade restrictions,"Oil prices fell today as rising Middle East crude exports and a release of oil stocks by the Group of Seven nations boosted supplies, offsetting concerns about further damage to Gulf oil infrastructure as the US-Israeli war on Iran drags on.",RTE,Unknown,Market Report,2026-10-07T22:52:01.049773Z
cb07ec3825705d2f7e9e13fe114fa9dd,Unearthing the Ground: Architecture and the Politics of Waste,https://www.archdaily.com/1185414/unearthing-the-ground-architecture-and-the-politics-of-waste,Diogo Borges Ferreira,2026-10-05T07:30:00Z,trade restrictions,"In 1948, Robert Moses established the Fresh Kills Landfill on the western shore of Staten Island. The site, chosen for its remote marshland and cheap land value, was meant to be temporary, but by 1955 it was the largest landfill in the world, receiving up to …",ArchDaily,Unknown,News,2026-10-07T22:52:01.049820Z
280574d01327be2d258232baa1452532,View: India-China thaw faces major economic tests,https://economictimes.indiatimes.com/news/india/view-india-china-thaw-faces-major-economic-tests/articleshow/134689470.cms,Reuters,2026-10-05T07:19:39Z,trade restrictions,"India and China are working to improve their diplomatic relations following past military tensions over border disputes. Recent measures include relaxed restrictions on foreign direct investment and increased export activity from India to China. However, Indi…",The Times of India,China,Analysis/Opinion,2026-10-07T22:52:01.049832Z
bb0a03c9eb69bcf8f2d9509004edf9a8,Ex-EU officials call for sanctions on Israeli E1 project,https://www.rte.ie/news/europe/2026/1005/1593992-eu-officials-e1/,Tony Connelly,2026-10-05T06:29:36Z,trade restrictions,"More than 500 former EU prime ministers, diplomats and senior officials have called on the bloc to impose sanctions on those involved in a new Israeli settlement construction project in the West Bank which critics say will thwart the possibility of a two-stat…",RTE,Unknown,News,2026-10-07T22:52:01.049879Z
