article_id,title,link,creator,pubdate,category,description,source,country,article_type,scrape_timestamp
6f223957c16f88a048dda1c1c8103bbb,Are Hormuz ships more willing to defy Iran or the US? What data shows,https://www.aljazeera.com/news/2026/8/20/are-hormuz-ships-more-willing-to-defy-iran-or-the-us-what-data-shows,,2026-08-20T08:43:17Z,dry bulk shipping,Most ships are trying to mask identities while trying to cross the strait. But more seem scared of Iran than of the US.,Al Jazeera English,Unknown,News,2026-08-21T12:50:57.743676Z
b47b56c8cda3bb8e0352a1d014991edb,"Oil flows nearly tripled before US-Iran MoU expired, analysis shows",https://www.aljazeera.com/economy/2026/8/20/oil-flows-nearly-tripled-before-us-iran-mou-expired,John Power,2026-08-20T07:38:22Z,dry bulk shipping,"Some 374 million barrels of oil exited the Gulf during 60-day window covered by MoU, Kpler data shows.",Al Jazeera English,Unknown,Analysis/Opinion,2026-08-21T12:50:57.743716Z
4d062b607a3add633da5ececdbe54f8a,Inside the fraud scandal that's rocked the $15 billion trading card industry,https://www.businessinsider.com/anthony-curcio-trading-fraud-scandal-psa-2026-8#article,David Kushner,2026-08-19T08:19:01Z,dry bulk shipping,The ballad of Anthony Curcio: Football hero. Bank robber. Children's book author. Trading card fraudster.,Business Insider,Unknown,Market Report,2026-08-21T12:50:57.743750Z
012206ed8b4b89d50703ebd54f79e7ae,Inside the fraud scandal that's rocked the $15 billion trading card industry,https://www.businessinsider.com/anthony-curcio-trading-fraud-scandal-psa-2026-8,David Kushner,2026-08-19T08:19:01Z,dry bulk shipping,The ballad of Anthony Curcio: Football hero. Bank robber. Children's book author. Trading card fraudster.,Business Insider,Unknown,Market Report,2026-08-21T12:50:57.743800Z
218d36876b3a52988fe6f6a2c0acda86,"A cotton T-shirt takes roughly 2,700 litres of water to produce, about what one person drinks in two and a half years, and most of that water is pulled from irrigation-stressed river basins in Central and South Asia thousands of kilometres from where the shirt is eventually sold",https://spacedaily.com/sd-a-cotton-t-shirt-takes-roughly-2-700-litres-of-water-to-produce-about-what-one-person-drinks-in-two-and-a-half-years-and-most-of-that-water-is-pulled-from-irrigation-stressed-river-basins-in-centra/,Life Signs,2026-08-16T07:56:37Z,dry bulk shipping,"The water crisis hidden in your closet begins thousands of kilometres away, in drought-stricken river basins where cotton farmers drain aquifers to grow the shirt on your back.
The post A cotton T-shirt takes roughly 2,700 litres of water to produce, about wh…",Space Daily,Unknown,News,2026-08-21T12:50:57.744063Z
5c9087f420d1fdc3327dd2046439bff1,Hormuz traffic slows further after US threatens more economic pressure on Iran,https://economictimes.indiatimes.com/news/international/world-news/hormuz-traffic-slows-further-after-us-threatens-more-economic-pressure-on-iran/articleshow/133244610.cms,Reuters,2026-08-14T14:33:18Z,dry bulk shipping,Transit through the Strait of Hormuz has nearly stopped after two ships were attacked. The United States stated it can maintain a naval blockade of Iran indefinitely. Iran has resumed attacks on ships it accuses of violating transit rules. The US plans to inf…,The Times of India,USA,News,2026-08-21T12:50:57.744096Z
5bb465a1aaedb4d23d54a65a34a6a16a,Are chinchillas expensive to maintain?,https://www.lifesciencesworld.com/are-chinchillas-expensive-to-maintain/,Ava Reynolds,2026-08-20T02:24:34Z,bulk carrier,"Are Chinchillas Expensive To Maintain? Maintaining a chinchilla can be a moderate expense, but careful planning and understanding of their specific needs can help manage costs effectively. The initial investment in a chinchilla and its habitat is the most sig…",Lifesciencesworld.com,Unknown,News,2026-08-21T12:50:58.465741Z
5ee02b334368dbb781fadd557a2cbbde,Indian Railways is eyeing logistics. Can its parcel app get it there?,https://www.livemint.com/industry/railways-eyes-door-to-door-logistics-play-with-integrated-parcel-app-11787109583535.html,Subhash Narayan,2026-08-20T00:30:16Z,bulk carrier,"Railways is moving beyond station-to-station parcels with door-to-door delivery, private logistics partners and potentially scheduled parcel trains to target e-commerce, MSME and other cargo now moving by road.",Livemint,India,News,2026-08-21T12:50:58.465793Z
dbdb153efb02f880a7345474fccea020,Understanding and suppressing gas evolution in lithium metal batteries with ether-based electrolytes,https://www.nature.com/articles/s41557-026-02219-1,"Samantha T. Hung, Yuchun Wang, Ziman Cai, Chongzhen Wang, Zirui Shao, Juanjuan Sun, Haoran Li, Jinding Liang, Lu Bai, Erxiao Wu, Ulderico Ulissi, Xiaolin Yan, Fangyun Chen, Falin Zhu, Junhao He, Xiaonan Luo, Na Liu, Hansen Wang, Chuying Ouyang",2026-08-20T00:00:00Z,bulk carrier,Gas evolution compromises the safety and commercial viability of high-energy lithium metal batteries. Now it has been shown that CH4 generated by ether-based electrolyte decomposition at the Li anode dominates gas evolution. A facile anode activation strategy…,Nature.com,Unknown,News,2026-08-21T12:50:58.465850Z
8a5ab960a5dac76e558a8f1ad93fae0e,"New Ecommerce Tools: August 19, 2026",https://www.practicalecommerce.com/new-ecommerce-tools-august-19-2026,Sig Ueland,2026-08-19T12:39:43Z,bulk carrier,"New rollouts this week include page builders, warehousing, dropshipping, real-time tracking, listing tools, installment payments, drone deliveries, ecommerce insurance, and more.
The post New Ecommerce Tools: August 19, 2026 appeared first on Practical Ecomme…",Practical Ecommerce,Unknown,News,2026-08-21T12:50:58.465911Z
18fd171679ce6bc58d1182aa2aa12287,Shiprocket lifts off: The fire that fuels the new logistics engine,https://economictimes.indiatimes.com/news/company/corporate-trends/shiprocket-share-price-ipo-d-street-listing-lifts-off-the-fire-that-fuels-the-new-logistics-engine-as-indias-quick-commerce-e-commerce-boom/articleshow/133342775.cms,ET Online,2026-08-19T09:14:51Z,bulk carrier,"Shiprocket’s strong stock market debut reflects surging investor confidence in India’s tech-driven e-commerce infrastructure. As rapid D2C expansion, SMB digitization, and quick commerce transform Tier-2 and Tier-3 markets, Shiprocket’s neutral API aggregatio…",The Times of India,India,Market Report,2026-08-21T12:50:58.465934Z
0eda36cff641e88c0923df17f10830a5,Oil prices spike as ships in Strait of Hormuz hit by fresh strikes,https://www.abc.net.au/news/2026-08-19/oil-prices-spike-as-ships-in-strait-of-hormuz-hit/107055414,Jasper Wells,2026-08-19T08:28:18Z,bulk carrier,"Three ships travelling through the contested Strait of Hormuz have been hit in recent days, according to British maritime officials, with casualties reported.",ABC News (AU),UK,Market Report,2026-08-21T12:50:58.465965Z
f4da47e2da7444b01eafa8899351fda0,Show HN: Made an open source budgeting application (Coinvane),https://github.com/JKJWL/Coinvane,JKJWL,2026-08-19T07:47:13Z,bulk carrier,"Article URL: https://github.com/JKJWL/Coinvane
Comments URL: https://news.ycombinator.com/item?id=49358323
Points: 2
# Comments: 1",Github.com,Unknown,Analysis/Opinion,2026-08-21T12:50:58.465991Z
d9429cddf7dcad487673705fd705801d,Iran Warns of “Strategic Surprises” from New Offensive Doctrine,https://www.naturalnews.com/2026-08-19-iran-warns-strategic-surprises-new-offensive-doctrine.html,Garrison Vance,2026-08-19T06:00:00Z,bulk carrier,"Iran warned its adversaries Monday, Aug. 17, to “anticipate strategic surprises” as a senior Islamic Revolutionary Guard Corps (IRGC) official said the country is shifting from a defensive military posture to an offensive one. Yadollah Javani, head of the IRG…",Naturalnews.com,Unknown,News,2026-08-21T12:50:58.466046Z
5dcd73bde6ee04e195140cb39f4b1638,"The harrowing reality of cut-price 'flash deal' cocaine: Step-by-sobering-step, the Daily Mail exposes the routes, corruption and innocent victims behind Britain's drugs market",https://www.dailymail.com/news/article-16062073/The-harrowing-reality-cut-price-flash-deal-cocaine-Step-sobering-step-Daily-Mail-exposes-routes-corruption-innocent-victims-Britains-drugs-market.html,Fred Kelly,2026-08-19T01:50:35Z,bulk carrier,"At 1.32pm on Tuesday September 26, 2023, soldiers from the elite Army Ranger Wing of the Irish Defence Force prepared to board a rogue bulk carrier in the Atlantic Ocean.",Dailymail.com,UK,Market Report,2026-08-21T12:50:58.466084Z
2a10a7198ea8a00951f9315c659c4650,An Atomically Dispersed Copper-Catalyst Lights the Way to Selective N-Demethylations,https://www.nature.com/articles/s41467-026-76282-0,"Wenhao Su, Suman Pradhan, Jun Hu, Peng Ren, Nils Rockstroh, Alina Skorynina, Piotr Kuśtrowski, Susanna Monti, Giovanni Barcaro, Chaoqin Zeng, Jabor Rabeah, Aleksander Jaworski, Laura Simonelli, Adam Slabon, Shoubhik Das",2026-08-19T00:00:00Z,bulk carrier,"Herein, the authors present a noble-metal-free, recyclable, and structurally defined heterogeneous photocatalytic platform for selective N-demethylation based on atomically dispersed Cu sites supported on functionalized graphitic carbon nitride.",Nature.com,Unknown,News,2026-08-21T12:50:58.466126Z
6ea061943dac1d1db5e76c27a3fe0134,The Top 7 SMS Marketing Platforms for 2026,https://customerthink.com/the-top-7-sms-marketing-platforms-for-2026/,Jeremy Boudinet,2026-08-18T22:48:04Z,bulk carrier,"Texting your customers in 2026 is no longer optional. From eCommerce businesses to restaurants to enterprise tech companies, the rise of text SMS marketing as a crucial channel in customer communications strategies is being well-documented. The old vanguards …",Customer Think,Unknown,Market Report,2026-08-21T12:50:58.466169Z
861d369122df0758b6463f11405bf327,UK says ship hit by projectile off Oman,https://biztoc.com/x/2fcc131c4bb6c870,breakingthenews.net,2026-08-18T15:11:15Z,bulk carrier,"The United Kingdom Maritime Trade Operations (UKMTO) reported on Tuesday that a bulk carrier was hit by an unknown projectile near the coast of Oman.""A third party has reported that a bulk carrier was...",Biztoc.com,UK,Market Report,2026-08-21T12:50:58.466200Z
17bcdd2f79ef7d6aac1cbff8ec701c2c,Seafarer Killed in Latest Strait of Hormuz Attack on Commercial Shipping,https://gcaptain.com/seafarer-killed-in-latest-strait-of-hormuz-attack-on-commercial-shipping/,Mike Schuler,2026-08-18T14:46:42Z,bulk carrier,"Two bulk carriers have been struck by projectiles in separate attacks while transiting the Strait of Hormuz, resulting in two crew casualties, including one seafarer killed aboard the Liberia-flagged Minoan Dignity....",gcaptain.com,Unknown,News,2026-08-21T12:50:58.466244Z
40271698f9fed3929fd5f554db5d4307,The malaria parasite Plasmodium falciparum Vps15 is a Phosphatidylinositol 3-kinase interactor important for host-cell cytosol delivery to the food vacuole and apicoplast and mitochondrion dynamics,https://journals.plos.org/plospathogens/article?id=10.1371/journal.ppat.1014526,"Alexandra Bourgeois, Louis-David Martin, Harpreet Kaur, Dominic Gagnon, Joel B. Dacks, Dave Richard",2026-08-18T14:00:00Z,bulk carrier,"Author summary The malaria parasite causes one of the most devastating infectious diseases in the world. In humans, the parasite invades and then develops inside red blood cells. To cover some of its nutritional needs and generate space for its growth, the pa…",Plos.org,Unknown,News,2026-08-21T12:50:58.466305Z
3ed14b072d2c0b8d5e2a611f66ef1daa,“Minoan Dignity”: Chief engineer of Greek-owned ship killed after attack in the Strait of Hormuz,https://en.protothema.gr/2026/08/18/minoan-dignity-chief-engineer-of-greek-owned-ship-killed-after-attack-in-the-strait-of-hormuz/,Newsroom,2026-08-18T12:34:00Z,bulk carrier,"The attack took place on Monday, August 17, while the vessel was transiting the Strait of Hormuz - International association INTERCARGO expresses its deep sorrow over the loss of the seafarer
The post “Minoan Dignity”: Chief engineer of Greek-owned ship kille…",Protothema.gr,Greece,News,2026-08-21T12:50:58.466355Z
f6bb3553b0ec3e3ed78fc09ce60d7b61,Greek-owned bulk carrier hit off Novorossiysk in the Black Sea; all 21 crew members rescued — see photos,https://en.protothema.gr/2026/08/18/greek-owned-bulk-carrier-hit-off-novorossiysk-in-the-black-sea-all-21-crew-members-rescued-see-photos/,admin,2026-08-18T11:34:29Z,bulk carrier,"The “ANNA S,” operated by Neptune Tradebulk, was hit about 20 nautical miles from the Russian port – The crew abandoned the vessel and was picked up by another commercial ship
The post Greek-owned bulk carrier hit off Novorossiysk in the Black Sea; all 21 cre…",Protothema.gr,Russia,News,2026-08-21T12:50:58.466387Z
08d729957071c2ef95b844bec087e538,"Hormuz crossings rise slightly from weekend, remain in single digits",https://www.business-standard.com/world-news/hormuz-crossings-rise-slightly-from-weekend-remain-in-single-digits-126081800155_1.html,Reuters,2026-08-18T04:11:33Z,bulk carrier,"Six commodity ships ​transited the strait ​on Monday, of which three were exiting the ​Gulf and three were entering, Kpler shiptracking data showed, compared with the 10-day average of 11 ships",Business Standard,Unknown,News,2026-08-21T12:50:58.466429Z
390487b418511e913a17e35e17d07ebf,"Iran war: Hormuz crossings rise slightly from weekend, remain in single digits, data shows",https://economictimes.indiatimes.com/news/international/world-news/iran-war-strait-of-hormuz-crossings-rise-slightly-from-weekend-remain-in-single-digits-data-shows/articleshow/133310235.cms,Reuters,2026-08-18T03:08:23Z,bulk carrier,"Ship crossings via the Strait of Hormuz were low on Monday.  Six commodity ships transited the strait, a slight increase from the weekend.  No large crude carriers or LNG tankers passed through the waterway.  Some vessels may have bypassed tracking by switchi…",The Times of India,Unknown,News,2026-08-21T12:50:58.466484Z
983c6011ac744fc07037aeaae6f33cc4,Bridging ambient- and high-pressure superconductivity in La2LnNi2O7 films,https://www.nature.com/articles/s41563-026-02695-3,"Motoki Osada, Chieko Terakura, Shusaku Imajo, Jean-Baptiste Morée, Akiko Kikkawa, Masamichi Nakajima, Hsiao-Yi Chen, Yusuke Nomura, Koichi Kindo, Ryotaro Arita, Yoshinori Tokura, Atsushi Tsukazaki",2026-08-18T00:00:00Z,bulk carrier,"Lanthanide substitution, ultrahigh magnetic field measurements and high-pressure studies are utilized to compare and contrast ambient- and high-pressure superconductivity in bilayer nickelate films.",Nature.com,Unknown,News,2026-08-21T12:50:58.466522Z
2b2b0d22e7b3690aa3260ca066865105,Edge-on perovskite detectors with suppressed shallow traps for counting X-ray photons at medical computed tomography fluxes,https://www.nature.com/articles/s41566-026-01992-2,"Shaojie Wang, Mingze Li, Allen Wood, Jian Wang, Hua Zhou, Zhijun Li, He Liu, Jinsong Huang",2026-08-18T00:00:00Z,bulk carrier,"The researchers use an edge-on device configuration and chloride alloying to increase the response speed of perovskite photon-counting detectors. A response time of 37 ns is achieved, and detectors with a pixel size of 200 × 200 µm2 can count 120-kVp X-ray ph…",Nature.com,Unknown,News,2026-08-21T12:50:58.466572Z
6e3af442bf9e1ef48ffaf51d8638d042,Trump threatens to 'bomb' Oman if they get in way of Hormuz deal,https://economictimes.indiatimes.com/news/defence/trump-threatens-to-bomb-oman-if-they-get-in-way-of-hormuz-deal/articleshow/133296632.cms,ET Online,2026-08-17T12:14:18Z,bulk carrier,"US President Donald Trump has threatened military action against Oman if it interferes with the US blockade of Iranian ships in the Strait of Hormuz, Fox News reported. Trump said the blockade was putting pressure on Iran but gave no timeline for resolving th…",The Times of India,Unknown,Market Report,2026-08-21T12:50:58.466617Z
35277b7ad63cf63d5529fee5a25fe431,Iran blames US presence for Gulf waters pollution after oil spills,https://www.vanguardngr.com/2026/08/iran-blames-us-presence-for-gulf-waters-pollution-after-oil-spills/,Henry Oduah,2026-08-17T10:22:42Z,bulk carrier,"Iran's foreign ministry on Monday blamed pollution in Gulf waters on US military operations in the region, after several oil spills were reported.
The post Iran blames US presence for Gulf waters pollution after oil spills appeared first on Vanguard News.",Vanguard,Unknown,Market Report,2026-08-21T12:50:58.466655Z
b364ef9c0d88f858366b9b0e3de2c1db,War in Lebanon Escalates,https://www.rigzone.com/news/wire/war_in_lebanon_escalates-17-aug-2026-184384-article/,"A. Shahla, M. Del Valle & A. Odenheimer",2026-08-17T08:17:46Z,bulk carrier,"Lebanon saw its deadliest day of fighting in months, heaping pressure on stalled U.S.-Iran negotiations while Washington prepares fresh economic measures.",Rigzone,Unknown,News,2026-08-21T12:50:58.466687Z
cf8bbb0fcdb90b7b32985dbde0eb645f,The Navy and the Midterms,https://www.americanthinker.com/articles/2026/08/the-navy-and-the-midterms/,,2026-08-17T04:00:00Z,bulk carrier,"Photo Credit:
 
 National ArchivesBy Joseph Ford CottoIn this pivotal midterm year, Trump’s record of action demonstrates why voters who value national security should turn out in November.",Americanthinker.com,Unknown,Market Report,2026-08-21T12:50:58.466721Z
0644d87ee74f6d80c8f430078c8d994c,"Seahawks Work Out 2-Time 1,000-Yard Rusher After RBs Miss Opener",https://heavy.com/sports/nfl/seattle-seahawks/seahawks-anthony-hankerson-workout-rb-injuries/,Duncan Day,2026-08-17T00:29:45Z,bulk carrier,"The Seattle Seahawks haven’t had luck keeping enough healthy running backs on the field.They took a look at another option with proven college production today.NFL reporter Aaron Wilson reported that the Seahawks worked out Anthony Hankerson, a 22-year-old ru…",Heavy.com,Unknown,Market Report,2026-08-21T12:50:58.466780Z
9cb69421e715af4688d4fff4295bd860,Iran says Qatar holding 3 missing pilots; Doha dismisses claims,https://economictimes.indiatimes.com/news/international/world-news/iran-says-qatar-holding-3-missing-pilots-doha-dismisses-claims/articleshow/133268628.cms,ET Online,2026-08-16T00:38:35Z,bulk carrier,"Iran war news: Tehran claims Qatar holds three missing pilots, which Qatar denies.  The UAE accused Iran of attacking a vessel in the Strait of Hormuz.  Israeli airstrikes in southern Lebanon killed eleven people on Saturday.  Iran-backed Houthis attacked a R…",The Times of India,Unknown,News,2026-08-21T12:50:58.466827Z
0506bae2aec4c05bde3d41b66a776c92,Hormuz Ship Attacks Mount As US Vows To Cripple Iran Economy,https://gcaptain.com/hormuz-ship-attacks-mount-as-us-vows-to-cripple-iran-economy/,Bloomberg,2026-08-15T21:38:43Z,bulk carrier,"By Arsalan Shahla, Catherine Lucey and Sara Gharaibeh Aug 15, 2026 (Bloomberg) –More ships have come under attack in the Strait of Hormuz as talks to end the war in the...",gcaptain.com,Unknown,News,2026-08-21T12:50:58.466867Z
6fe75fda3b57f491fe09a844d144c382,UAE Says Iran Attacked Another ADNOC Vessel In Hormuz,https://gcaptain.com/uae-says-iran-attacked-another-adnoc-vessel-in-hormuz/,Reuters,2026-08-15T19:25:07Z,bulk carrier,"CAIRO, Aug 15 (Reuters) – The United Arab Emirates said on Saturday Iran had attacked an Abu Dhabi National Oil Company vessel while it was transiting the Strait of Hormuz a day...",gcaptain.com,Unknown,Market Report,2026-08-21T12:50:58.466907Z
cd59e8db8cfd4c0193e4fb3bda32856e,Hormuz ship attacks mount as US vows to cripple Iran economy,https://economictimes.indiatimes.com/news/defence/hormuz-ship-attacks-mount-as-us-vows-to-cripple-iran-economy/articleshow/133266552.cms,Bloomberg,2026-08-15T17:55:27Z,bulk carrier,"The Strait of Hormuz has seen an uptick in ship attacks, causing grave concerns as peace negotiations remain stagnant. Recently, two vessels from the Abu Dhabi National Oil Co were targeted while navigating this crucial passage. In response, the United States…",The Times of India,USA,News,2026-08-21T12:50:58.466935Z
49d4581c8f271fbae88dbb260c361b1a,Trump Tells Americans To Accept High Gas Prices As Iran Remains Defiant On Strait Of Hormuz,https://www.huffpost.com/entry/trump-tells-americans-to-accept-high-gas-prices-as-iran-remains-defiant-on-strait-of-hormuz_n_6a8099aee4b05886dff51fac,HuffPost,2026-08-15T17:04:42Z,bulk carrier,"“The Strait of Hormuz cannot be seized by a tweet or an aircraft carrier, by issuing an order or by delivering an election speech,” said Iran’s Deputy Foreign Minister Kazem Gharibabadi.",HuffPost,USA,Market Report,2026-08-21T12:50:58.466956Z
80c572eb5de18c1ea0931b58cfb16cf3,"Iran, Oman home in on Hormuz Strait deal as ship attacks mount",https://economictimes.indiatimes.com/news/defence/iran-oman-home-in-on-hormuz-strait-deal-as-ship-attacks-mount/articleshow/133265965.cms,Bloomberg,2026-08-15T16:57:28Z,bulk carrier,"Iran and Oman are nearing a deal on managing the Strait of Hormuz. This agreement aims to ensure safe passage through the vital waterway. The United States is preparing new economic measures against Iran. Regional conflicts involving Israel, Hezbollah, and Ha…",The Times of India,USA,News,2026-08-21T12:50:58.466983Z
bf60dd1f438f296593fcfe42e4d706c7,"Iran says Qatar is holding pilots, Israeli strikes kill 9 in Lebanon, and other Middle East news",https://abcnews.com/International/wireStory/iran-qatar-holding-pilots-israeli-strikes-kill-9-135667602,The Associated Press,2026-08-15T16:26:58Z,bulk carrier,Iran says Qatar is holding three of its pilots who went missing in March,Abcnews.com,Unknown,News,2026-08-21T12:50:58.467013Z
e1ea16d4009ed73d281b0f479ea10357,"Iran says Qatar is holding pilots, Israeli strikes kill 9 in Lebanon, and other Middle East news",https://abcnews.com/Business/wireStory/iran-qatar-holding-pilots-israeli-strikes-kill-9-135667603,The Associated Press,2026-08-15T16:25:36Z,bulk carrier,Iran says Qatar is holding three of its pilots who went missing in March,Abcnews.com,Unknown,News,2026-08-21T12:50:58.467035Z
01c5d2f1cd940422dfaeb7035f3195a6,"Iran, Oman home in on Hormuz Strait deal as ship attacks mount",https://fortune.com/2026/08/15/iran-oman-hormuz-strait-deal-shipping-map-routes-attacks/,"Arsalan Shahla, Sara Gharaibeh, Catherine Lucey, Bloomberg",2026-08-15T15:16:40Z,bulk carrier,The finalization of a “shipping map” forms part of a broader accord to govern traffic through the strait and constitutes an independent arrangement between the two states.,Fortune,Unknown,News,2026-08-21T12:50:58.467075Z
2d0e55ff4db08c3f0b6a755d0f3d369d,"Iran, Oman edge closer to Hormuz shipping routes deal as war continues",https://www.business-standard.com/world-news/iran-oman-edge-closer-to-hormuz-shipping-routes-deal-as-war-continues-126081501311_1.html,Bloomberg,2026-08-15T14:03:41Z,bulk carrier,"The move follows a series of attacks in Hormuz, through which a fifth of the world's oil and gas transited before the war",Business Standard,Unknown,News,2026-08-21T12:50:58.467106Z
c0d2ef430631818d5fe4e75df410a0f1,"Vessel attacked in Hormuz, Israeli strikes kill 9 in southern Lebanon",https://www.business-standard.com/world-news/vessel-attacked-in-hormuz-israeli-strikes-kill-9-in-southern-lebanon-126081501220_1.html,AP,2026-08-15T12:56:34Z,bulk carrier,"The United Arab Emirates accused Iran of attacking a vessel in the Strait of Hormuz, while the Iran-backed Houthis struck a Red Sea port in Yemen.
In Southern Lebanon, nine people were killed in Israeli airstrikes, some of the deadliest since a shaky truce be…",Business Standard,Unknown,Market Report,2026-08-21T12:50:58.467150Z
abe90b96f0f13c0d46e4bf71c2b2d959,Iran rebuffs Trump's claim over Strait of Hormuz amid report of another ship being struck,https://www.cnbc.com/2026/08/15/iran-rebuffs-trumps-claim-over-hormuz-amid-report-of-ship-strike.html,Azhar Sukri,2026-08-15T11:00:36Z,bulk carrier,"Iran's deputy foreign minister says Hormuz ""will remain Iranian"" after Trump's claim that the waterway would soon become U.S. territory.",CNBC,Unknown,Market Report,2026-08-21T12:50:58.467181Z
6f9dbaced239e908670e4c4eb2981f8f,Iran rejects ‘delusions’ after Trump says he wants the Strait of Hormuz to be a U.S. territory,https://www.nbcnews.com/world/iran/iran-rejects-delusions-trump-strait-hormuz-us-territory-rcna592666,Amin Khodadadi,2026-08-15T10:47:14Z,bulk carrier,Iran called on the U.S. to “accept the reality of defeat” after President Donald Trump said he would declare the Strait of Hormuz a “territory” of the U.S.,NBC News,Unknown,News,2026-08-21T12:50:58.467226Z
d2654f0aaa6d376a254a2875bab2b237,Iran defiant on Strait of Hormuz as Trump tells Americans to accept high fuel prices,https://www.irishtimes.com/world/middle-east/2026/08/15/iran-defiant-on-strait-of-hormuz-as-trump-tells-americans-to-accept-high-fuel-prices/,,2026-08-15T08:43:47Z,bulk carrier,"Iran has not decided to resume peace talks, foreign minister  says",The Irish Times,USA,Market Report,2026-08-21T12:50:58.467241Z
6ef00c97e4b49c6411983201dc0365ab,Iran calls on US to accept defeat over Strait of Hormuz,https://www.rte.ie/news/2026/0815/1587983-iran-us-war/,RTÉ News,2026-08-15T07:46:40Z,bulk carrier,"Iran called on the US to accept defeat while President Donald Trump blasted Tehran as ""very evil"" and told Americans to brace for continued high fuel prices as a result of the war.",RTE,USA,Market Report,2026-08-21T12:50:58.467258Z
d8e89999ce042926f2d27f864942d5d1,Trump says brace for fuel price rise amid Iran deadlock,https://www.rte.ie/news/middle-east/2026/0815/1587983-iran-us-war/,RTÉ News,2026-08-15T07:46:40Z,bulk carrier,"Iran has called on the US to accept defeat while President Donald Trump blasted Tehran as ""very evil"" and told Americans to brace for continued high fuel prices as a result of the war.",RTE,USA,Market Report,2026-08-21T12:50:58.467274Z
a63d5eb56d0945b04df13b60a8c18532,"Israeli strike kills 7 in Lebanon, and other news from the Middle East",https://apnews.com/article/iran-israel-lebanon-uae-us-hormuz-august-15-2026-ba738b9fb8803f28313a19df8bbcac19,The Associated Press,2026-08-15T07:31:45Z,bulk carrier,"A vessel owned by Abu Dhabi's ADNOC was attacked in the Strait of Hormuz, according to Emirati state media. The attack marks the third such incident in a week. The UK Maritime Trade Operations center reported a bulk carrier hit by an unknown projectile, but i…",Associated Press,Unknown,Market Report,2026-08-21T12:50:58.467321Z
6c0897392791d831db6075a3948fd228,Oil Slick Reaches Iran Coast After Suspected Ship Strike,https://www.newser.com/story/394681/oil-slick-reaches-iran-coast-after-suspected-ship-strike.html,Bob Cronin with Newser.AI,2026-08-14T19:45:00Z,bulk carrier,"Oil now coats beaches on Iran's Qeshm Island, and satellite imagery points back to a bulk carrier reportedly struck in the Strait of Hormuz earlier this month. BBC analysts and a maritime monitoring service said the slick appears to stem from the Liberia-flag…",Newser,Unknown,Market Report,2026-08-21T12:50:58.467365Z
e82b5f4291a144c5ed172c5c3eea64e8,Two Slicks Appear in Gulf as Huge Oil Spill Off Oman Threatens Disaster,https://gcaptain.com/two-slicks-appear-in-gulf-as-huge-oil-spill-off-oman-threatens-disaster/,Reuters,2026-08-14T17:28:27Z,bulk carrier,"Two slicks have appeared in Iranian waters, satellite imagery and video verified by Reuters show, as tit-for-tat attacks on oil tankers and other vessels by Iran and the United States spark concerns about environmental damage to the Gulf.",gcaptain.com,USA,News,2026-08-21T12:50:58.467392Z
29ab77aacc2915c55a49f3f1354d26fc,Two slicks appear in Gulf as huge oil spill off Oman threatens disaster...,https://www.jpost.com/middle-east/article-905546,the jerusalem post | jpost.com,2026-08-14T15:00:15Z,bulk carrier,"One slick appeared off the southern tip of Weshm Island, while a smaller one was spotted near Sirri Island in the center of the Gulf.",The Jerusalem Post,Unknown,News,2026-08-21T12:50:58.467425Z
ed3cd3b96301a3607e6b13ce5005a759,3 Reasons Why the MCU X-Men Need to Be Younger Characters,http://comicbook.com/movies/list/3-reasons-why-the-mcu-x-men-need-to-be-younger-characters/,Clay Pitman,2026-08-14T15:00:00Z,bulk carrier,"The MCU’s X-Men are closer than ever, and after the first big character reveal in Spider-Man: Brand New Day and several casting rumors, it looks like the upcoming team of mutants is set to be incredibly young. While this might seem odd to some fans based on t…",ComicBook.com,Unknown,News,2026-08-21T12:50:58.467471Z
b7b0244db4524d4c974ec1a45f20704f,Two Slicks Appear in Gulf as Huge Oil spill off Oman Threatens Disaster,https://www.insurancejournal.com/news/international/2026/08/14/881583.htm,Admin,2026-08-14T13:56:20Z,bulk carrier,"Two slicks have appeared in Iranian waters, satellite imagery and video verified by Reuters show, as tit-for-tat attacks on oil tankers and other vessels by Iran and the United States spark concerns about environmental damage to the Gulf. A potential …",Insurance Journal,USA,News,2026-08-21T12:50:58.467500Z
181f92758a9313082f19bb942fc83fe1,FirstSpear Friday Focus: Siege-R Optimized Vest,https://soldiersystems.net/2026/08/14/firstspear-friday-focus-siege-r-optimized-vest/,Eric G,2026-08-14T09:45:00Z,bulk carrier,"The SIEGE-R OPTIMIZED VEST is one of FirstSpear’s most proven platforms, built for users who require armor protection and expanded load-carrying capability without the excessive bulk of traditional load-bearing systems. Utilizing the proven form, fit, and fun…",Soldiersystems.net,Unknown,News,2026-08-21T12:50:58.467547Z
426d0ae4fcc979f3bd6ce3482873f8b2,Iran-backed Houthis clash with Yemeni forces and other Mideast developments,https://abcnews.com/International/wireStory/iran-backed-houthis-clash-yemeni-forces-mideast-developments-135605001,The Associated Press,2026-08-14T06:33:39Z,bulk carrier,Clashes between Iran-backed Houthi rebels and government forces in Yemen raged overnight,Abcnews.com,Unknown,News,2026-08-21T12:50:58.467577Z
a6ab99b128163f4318fbf8e7ca419873,TMC the metals Q2 Earnings Call Highlights,https://www.marketbeat.com/instant-alerts/tmc-the-metals-q2-earnings-call-highlights-2026-08-13/?utm_source=yahoofinance&amp;utm_medium=yahoofinance,MarketBeat,2026-08-14T04:04:00Z,bulk carrier,TMC the metals (NASDAQ:TMC) said its two U.S. seabed-mining applications are advancing through regulatory milestones while its offshore collection system mov...,MarketBeat,Unknown,News,2026-08-21T12:50:58.467609Z
0c235e230e7630d6cca9f67fa67ac308,Oil Pollution Reaches the Shores of Persian Gulf (Karma),https://freerepublic.com/focus/f-news/4391719/posts,https://english.mathrubhumi.com/amp/news,2026-08-14T00:28:06Z,bulk carrier,"Oil pollution on the southern shores of Qeshm Island, which has also reached the island’s mangrove forests, has heightened concerns about environmental consequences on both sides of the Strait of Hormuz, as an oil leak from a stranded tanker has also reached …",Freerepublic.com,Unknown,News,2026-08-21T12:50:58.467655Z
04caaeb158c5d421ce1d159079aa15d3,Strait of Hormuz Shipping Slows After Vessel Attack,https://oilprice.com/Latest-Energy-News/World-News/Strait-of-Hormuz-Shipping-Slows-After-Vessel-Attack.html,Tsvetana Paraskova,2026-08-19T09:30:00Z,panamax,"Commodity vessel traffic at the Strait of Hormuz further slowed on Wednesday as operators continue to avoid the area amid heightened security concerns and uncertainties about how far Iran’s control could extend. As of early Wednesday, ship-tracking data on Kp…",OilPrice.com,Unknown,News,2026-08-21T12:50:59.650649Z
47042cb279531412c9dd31c0e13a6442,Hormuz traffic slows as uncertainty over waterway persists,https://www.thehindubusinessline.com/economy/logistics/hormuz-traffic-slows-as-uncertainty-over-waterway-persists/article71363498.ece,Reuters,2026-08-19T05:42:39Z,panamax,"On Tuesday, US President Donald Trump said no talks were taking place with Iran and insisted ‌the Strait of Hormuz was open, contradicting ​Iran's assertion that it remained shut to shipping",BusinessLine,Unknown,News,2026-08-21T12:50:59.650703Z
15929aa0795a07403fa700d52995d343,UAE suspend Iran trade after ballistic missiles detected,https://www.rte.ie/news/2026/0819/1588442-middle-east/,RTÉ News,2026-08-19T05:35:17Z,panamax,"The United Arab Emirates' defense ministry has said that it had ⁠detected two ballistic missiles launched from Iran, the first such incident reported since a 4 May strike on the Fujairah port.",RTE,Unknown,Market Report,2026-08-21T12:50:59.650743Z
7bee1242cef26452b5aaf3a037a99bc3,"In 2006, engineers reused 250,000 cubic yards of dredged sand to restore Elders Point East in Jamaica Bay. 10 years later, the approach had restored 40 acres of wetlands and helped reverse marsh-island erosion",https://economictimes.indiatimes.com/news/international/us/science-in-2006-engineers-reused-250000-cubic-yards-of-dredged-sand-to-restore-elders-point-east-in-jamaica-bay-10-years-later-the-approach-had-restored-40-acres-of-wetlands-and-helped-reverse-marsh-island-erosion/articleshow/133328398.cms,Global Desk,2026-08-18T18:54:54Z,panamax,"A New York Harbor dredging project became an opportunity to restore Jamaica Bay’s declining marsh islands. Beginning in 2006, the U.S. Army Corps of Engineers used 250,000 cubic yards of dredged sand to rebuild Elders Point East Island and restore 40 acres of…",The Times of India,Unknown,News,2026-08-21T12:50:59.650845Z
3b5f6571b6b68ab0d308d382170ef0f1,Panama Canal Marks 112 Years With an Eye on the Future,https://gcaptain.com/panama-canal-marks-112-years-with-an-eye-on-the-future/,Mike Schuler,2026-08-17T15:53:02Z,panamax,"The Panama Canal marked its 112th anniversary over the weekend with vessel traffic on the rise, even as officials prepare for a strengthening El Niño that is again putting pressure...",gcaptain.com,Panama,News,2026-08-21T12:50:59.650980Z
f05d738cc6e790cf10e33e239d6cb921,Secretary of War visits USS Gridley (DDG 101),https://www.globalsecurity.org/military/library/news/2026/08/mil-260817-southcom01.htm,John Pike,2026-08-17T12:00:00Z,panamax,"Hegseth is in Panama this week for Panamax 2026 where he reaffirmed U.S. commitment to the Americas Counter Cartel Coalition mission to dismantle dangerous narco-terrorists that threaten the safety, security, and sovereignty of the Western Hemisphere.",Globalsecurity.org,USA,News,2026-08-21T12:50:59.651005Z
74ac9e2d415b5c845c192cb08fccbc8b,Secretary of War visits USS Gridley (DDG 101),https://www.globalsecurity.org/military/library/news/2026/08/mil-260817-usn02.htm,John Pike,2026-08-17T12:00:00Z,panamax,"The Honorable Pete Hegseth, Secretary of War, visited the Arleigh Burke-class guided-missile destroyer USS Gridley (DDG 101) while the ship was pier side in Panama City, Panama, August 13, 2026.",Globalsecurity.org,Panama,News,2026-08-21T12:50:59.651037Z
63e67e7d52dc5e70de202624a6283435,Navigator Gas Sees U.S. Gas Export Boom Driving Handysize Demand,https://gcaptain.com/navigator-gas-sees-u-s-gas-export-boom-driving-handysize-demand/,Capital Link,2026-08-19T16:16:21Z,handysize,Navigator Gas posted the strongest quarterly results in its 25-year history as booming U.S. gas exports and longer trade routes helped lift vessel earnings and terminal volumes to record levels.,gcaptain.com,Unknown,News,2026-08-21T12:51:00.530279Z
b6fe28206c20287336f472686999294d,"Core industries growth slows to 5.4% in July as iron ore, power ease",https://www.business-standard.com/economy/news/core-industries-growth-slows-to-5-4-in-july-as-iron-ore-power-ease-126082001018_1.html,Himanshi Bhardwaj,2026-08-20T12:11:02Z,iron ore,"Six of the nine core sectors recorded growth in July, while natural gas, crude oil and fertilisers contracted; refinery products returned to growth after three months",Business Standard,Unknown,News,2026-08-21T12:51:01.362301Z
2c24e72b546fa304c8eed24b0cc0585d,"India's core sector growth rises by 5.4% in July on coal, refinery products",https://www.business-standard.com/industry/news/india-s-core-sector-growth-rises-by-5-4-in-july-on-coal-refinery-products-126082000946_1.html,Press Trust of India,2026-08-20T12:05:17Z,iron ore,"Production growth of nine key infrastructure sectors rose to 5.4 per cent in July following an increase in output of coal, refinery products, cement, electricity and iron ore.
The core sectors' growth was 3.2 per cent in July 2025 and 6 per cent in June 2026.…",Business Standard,India,News,2026-08-21T12:51:01.362517Z
c6c5b0912d57988ec4f081b222049485,"India’s infrastructure output grows 5.4% in July, down from revised 6% in June",https://economictimes.indiatimes.com/news/economy/indicators/core-sector-growth-gains-further-steam-rises-to-5-4-in-july/articleshow/133376030.cms,ET Online,2026-08-20T11:40:16Z,iron ore,India's infrastructure output grew 5.4% year-on-year in July 2026. This growth moderated from the revised 6% expansion recorded in June. The July figure shows a 0.6 percentage-point slowdown from the previous month. Data covers nine key infrastructure sectors…,The Times of India,India,News,2026-08-21T12:51:01.362551Z
f534a66ba9106e1f966397990b007226,"Barometers end with substantial gains; Nifty settles above 24,200",https://www.business-standard.com/markets/capital-market-news/barometers-end-with-substantial-gains-nifty-settles-above-24-200-126082000835_1.html,Capital Market,2026-08-20T10:46:10Z,iron ore,"As per provisional closing data, the barometer index, the S&P BSE Sensex surged 628.04 points or 0.82% to 77,537.72. The Nifty 50 index gained 153.55 points or 0.64% to 24,231.85. Over the past four consecutive trading sessions, the Sensex declined 1.49%, whi…",Business Standard,Unknown,Market Report,2026-08-21T12:51:01.362594Z
061f5b24605980d681015ec6e3c33436,Singapore police say they are looking into iron ore trader Radiant World,https://www.channelnewsasia.com/singapore/singapore-police-say-they-are-looking-iron-ore-trader-radiant-world-6330141,,2026-08-20T10:39:04Z,iron ore,"SINGAPORE: Singapore's police force said on Thursday (Aug 20) it has received reports about Radiant World, one of the world's largest iron traders, and that it is looking into the matter.It declined to comment on who filed the reports and what any complaints …",CNA,Singapore,Analysis/Opinion,2026-08-21T12:51:01.362619Z
662c0e115ee13bf41cc495cd4c966a5d,"New railway projects to cut oil imports by 13 cr litres & CO2 emissions by 65 cr kg, equal to planting 2.6 cr trees; All about Rs 9,450 cr multitracking projects",https://economictimes.indiatimes.com/industry/transportation/railways/new-railway-projects-to-cut-oil-imports-by-13-cr-litres-co2-emissions-by-65-cr-kg-equal-to-planting-2-6-cr-trees-all-about-rs-9450-cr-multitracking-projects/articleshow/133372480.cms,Trending Desk,2026-08-20T09:40:25Z,iron ore,The Cabinet Committee on Economic Affairs has approved four major railway projects aimed at improving freight movement and passenger connectivity across several states. The projects will add around 410 kilometres to the Indian Railways network and are expecte…,The Times of India,India,News,2026-08-21T12:51:01.362648Z
cd0c1ea618cb19f1e96c61d18f72f6af,"Radiant World lays off staff amid lender credit suspensions, say sources",https://www.straitstimes.com/business/radiant-world-lays-off-staff-as-lenders-back-away-sources-say,,2026-08-20T09:36:30Z,iron ore,Radiant World has laid off staff as lenders withdraw credit amid allegations and scrutiny over invoicing and trading improprieties in iron ore deals. Read more at straitstimes.com. Read more at straitstimes.com.,The Straits Times,Unknown,Market Report,2026-08-21T12:51:01.362684Z
ca262e4145947bdfe42d68ac77ea1f7e,Coal India plans Singapore trading hub in hunt for critical mineral assets: Sources,https://economictimes.indiatimes.com/industry/indl-goods/svs/metals-mining/coal-india-plans-singapore-trading-hub-in-hunt-for-critical-mineral-assets-sources/articleshow/133371009.cms,Reuters,2026-08-20T08:35:18Z,iron ore,"Coal India is establishing its first overseas trading office in Singapore. This move aims to diversify into trading iron ore and critical minerals. The company is evaluating opportunities in Africa, Chile, and Canada for mineral assets. Efforts are underway t…",The Times of India,India,Market Report,2026-08-21T12:51:01.362713Z
0c865e2d6f720c1dd59d236b4952f18f,Coal India plans Singapore trading hub in hunt for critical minerals assets,https://www.business-standard.com/companies/news/coal-india-plans-singapore-trading-hub-in-hunt-for-critical-minerals-assets-126082000553_1.html,Reuters,2026-08-20T08:30:41Z,iron ore,The move comes as Indian ‌state-run companies step up efforts to secure overseas supplies of critical minerals such as lithium and bauxite in order to reduce dependence on China,Business Standard,China,Market Report,2026-08-21T12:51:01.362727Z
172a671eb8d8e16dbf26b793c98fe5ba,DAILY CURRENT AFFAIRS IAS | UPSC Prelims and Mains Exam – 19th August 2026,https://iasbaba.com/2026/08/daily-current-affairs-ias-upsc-prelims-and-mains-exam-19th-august-2026/,IASbaba,2026-08-20T07:35:13Z,iron ore,"Archives (PRELIMS  Focus)       (MAINS Focus)  
The post DAILY CURRENT AFFAIRS IAS | UPSC Prelims and Mains Exam – 19th August 2026 appeared first on IASbaba.",Iasbaba.com,Unknown,Market Report,2026-08-21T12:51:01.362799Z
34893b247ec091266a5a4bdb4a9a8865,Singapore police look into iron ore trader Radiant World,https://biztoc.com/x/d6f80c5d46622b9d,ft.com,2026-08-20T06:10:29Z,iron ore,Company has fast become one of the biggest players in global commodities market,Biztoc.com,Singapore,Market Report,2026-08-21T12:51:01.362829Z
778cba3d3819adee3e62eb3324ff1318,MagIron Demonstrates Excellent Direct Reduction Pellet Quality in Latest Test Program,https://www.prnewswire.com/news-releases/magiron-demonstrates-excellent-direct-reduction-pellet-quality-in-latest-test-program-302856056.html,,2026-08-20T05:33:00Z,iron ore,"GILBERT, Minn., Aug. 20, 2026 /PRNewswire/ -- MagIron LLC (""MagIron"" or the ""Company"") is pleased to announce excellent results from its first full pot-grate pellet test program, further demonstrating the ability of MagIron's Minnesota iron resources to produ…",PRNewswire,Unknown,Market Report,2026-08-21T12:51:01.362880Z
70d134b9fa502a125736ad0d0091f94e,"Türkiye, Syria sign phosphate cooperation accord",https://www.hurriyetdailynews.com/turkiye-syria-sign-phosphate-cooperation-accord-225818,hurriyetdailynews.com,2026-08-20T05:25:06Z,iron ore,"Türkiye and Syria signed a memorandum of understanding on phosphate resources, setting out a framework for a possible joint project covering production, field development and transport infrastructure.",Hurriyet Daily News,Unknown,News,2026-08-21T12:51:01.362945Z
624c9a9ff92053f4a9fb075c06c0207f,Sensex jumps 537 pts; IT shares advance,https://www.business-standard.com/markets/capital-market-news/sensex-jumps-537-pts-it-shares-advance-126082000283_1.html,Capital Market,2026-08-20T05:21:22Z,iron ore,"At 10:30 IST, the barometer index, the S&P BSE Sensex gained 536.66 points or 0.70% to 77,446.27. The Nifty 50 index jumped 132.80 points or 0.55% to 24,210.85.",Business Standard,Unknown,Market Report,2026-08-21T12:51:01.362978Z
e28b9a8642519d96f9fd592b7c670ee2,Market opens higher in early trade; breadth strong,https://www.business-standard.com/markets/capital-market-news/market-opens-higher-in-early-trade-breadth-strong-126082000190_1.html,Capital Market,2026-08-20T04:20:29Z,iron ore,"At 09:30 IST, the barometer index, the S&P BSE Sensex gained 493.55 points or 0.64% to 77,403.23. The Nifty 50 index jumped 112.75 points or 0.47% to 24,191.05.",Business Standard,Unknown,Market Report,2026-08-21T12:51:01.363005Z
90925cdb0c4c3b96cd39f3f1815b69bb,Is Netherite stronger than obsidian?,https://www.lifesciencesworld.com/is-netherite-stronger-than-obsidian/,Ava Reynolds,2026-08-20T04:09:39Z,iron ore,"Is Netherite Stronger Than Obsidian? A Deep Dive into Minecraft’s Mightiest Materials Netherite is, without a doubt, significantly stronger than obsidian in Minecraft, offering superior durability, enchantability, and knockback resistance, making it the undis…",Lifesciencesworld.com,Unknown,News,2026-08-21T12:51:01.363055Z
665d8c797667d18b50ea089b404000e1,GIFT Nifty signals positive start as Wall Street rebounds; oil stays elevated,https://www.business-standard.com/markets/capital-market-news/gift-nifty-signals-positive-start-as-wall-street-rebounds-oil-stays-elevated-126082000134_1.html,Capital Market,2026-08-20T03:34:28Z,iron ore,GIFT Nifty:,Business Standard,Unknown,News,2026-08-21T12:51:01.363079Z
f5251ea16fa718166421704656228e71,Why is the Fortescue share price on a rollercoaster today?,https://www.fool.com.au/2026/08/20/why-is-the-fortescue-share-price-on-a-rollercoaster-today/,Bernd Struben,2026-08-20T01:16:34Z,iron ore,"Investors have been alternately sending Fortescue shares lower then higher today. But why?
The post Why is the Fortescue share price on a rollercoaster today? appeared first on The Motley Fool Australia.",Motley Fool Australia,Australia,News,2026-08-21T12:51:01.363104Z
53ca340c4c49d3a6e68b2ebfbca3f543,Copper Just Overtook Iron Ore at BHP Group (BHP). Is Its Portfolio Finally Re-Rating?,https://finance.yahoo.com/markets/commodities/articles/copper-just-overtook-iron-ore-010149340.html,Jeff Lewis,2026-08-20T01:01:49Z,iron ore,BHP Group Limited (NYSE:BHP) delivered the clearest evidence yet that its earnings center has shifted. Copper generated $18.19 billion of underlying EBITDA i...,Yahoo Entertainment,Unknown,News,2026-08-21T12:51:01.363139Z
544d33a8ccb0a121eb65b2e7099e44a3,Meet the FIFO workers keeping mining towns dancing all night,https://www.abc.net.au/news/2026-08-20/fly-in-fly-out-djs-western-australia-regional-towns/107010826,Mietta Adams,2026-08-19T21:15:42Z,iron ore,Nightclubs and other venues in Western Australia's far north are hiring fly-in-fly-out DJs to attract audiences and keep them coming.,ABC News (AU),Australia,News,2026-08-21T12:51:01.363175Z
952f9905a6863f61dcfb4542864774fe,"A Federal Nuclear Power Push Is Reviving Uranium Mining, and Tribes Downstream Are Watching Their Drinking Water",https://www.medicaldaily.com/uranium-mining-revival-tribal-drinking-water-southwest-477538,Joseph James,2026-08-19T19:50:15Z,iron ore,Federal efforts to restart domestic uranium production are raising water concerns for Southwest tribes living near the nation's last uranium mill.,Medical Daily,Unknown,News,2026-08-21T12:51:01.363213Z
9fb844e9b872b01eea2dc8e9f3ee2d5f,"Copper Backwardation Collapses After 20,000 Tons Hit LME Warehouses",https://oilprice.com/Metals/Commodities/Copper-Backwardation-Collapses-After-20000-Tons-Hit-LME-Warehouses.html,Michael Kern,2026-08-19T19:00:00Z,iron ore,"Trafigura Group and several other traders delivered more than 20,000 tons of copper into LME warehouses on Tuesday, the biggest one-day build in on-warrant stock since April, and the squeeze that had gripped the London market for the past week came apart. The…",OilPrice.com,UK,Market Report,2026-08-21T12:51:01.363256Z
5286889fd4a7f4498ef69a199ac6ac0a,"Cabinet approves 5 rail and road projects worth ₹13,041 crore",https://www.thehindubusinessline.com/news/national/cabinet-approves-5-rail-and-road-projects-worth-13041-crore/article71365077.ece,BL New Delhi Bureau,2026-08-19T16:20:14Z,iron ore,"The proposed projects are essential routes for transportation of commodities such as coal, iron ore, cement, iron and steel, container, automobile, foodgrains",BusinessLine,Unknown,News,2026-08-21T12:51:01.363298Z
9cdc8b07f6875d74bdd8239aecc78055,"Coking coal market poised to be volatile in the short-term on China mine mishap, steel output dip",https://www.thehindubusinessline.com/markets/commodities/coking-coal-market-poised-to-be-volatile-in-the-short-term-on-china-mine-mishap-steel-output-dip/article71365273.ece,Subramani Ra Mancombu,2026-08-19T16:16:57Z,iron ore,"Coking coal market faces short-term volatility due to China's mine regulations, steel output decline, and continued Indian demand growth.",BusinessLine,China,Market Report,2026-08-21T12:51:01.363308Z
1f8a891d35b94c1996d38ed772775cec,"Cabinet clears ₹13,041 crore rail, highway projects across five states",https://www.business-standard.com/economy/news/cabinet-clears-13-041-crore-rail-highway-projects-across-five-states-126081901428_1.html,Dhruvaksh Saha,2026-08-19T16:02:13Z,iron ore,"Four railway projects will add about 410 km to the network, while the 82-km NH-22 project in Bihar will improve connectivity to the India-Nepal border",Business Standard,India,News,2026-08-21T12:51:01.363329Z
32e01df12cc41eb8dcfdce298ca06f91,Altius Renews Normal Course Issuer Bid,https://financialpost.com/pmn/business-wire-news-releases-pmn/altius-renews-normal-course-issuer-bid-7,Business Wire,2026-08-19T15:25:09Z,iron ore,"ST. JOHN’S, Newfoundland and Labrador — Altius Minerals Corporation (TSX: ALS) (OTCQX: ATUSF) (“Altius” or the “Corporation”) is pleased to announce that it has renewed its Normal Course Issuer Bid (“NCIB”) by which it may purchase at market price up to 587,4…",Financial Post,Unknown,Market Report,2026-08-21T12:51:01.363368Z
c6e0d1f801a0c548d4bb0acdbc1f121e,"Centre clears ₹9,450 crore for 410-km rail projects across four states",https://www.business-standard.com/economy/news/centre-clears-9-450-crore-for-410-km-rail-projects-across-four-states-126081901271_1.html,Hemant Kumar Rout,2026-08-19T14:29:24Z,iron ore,"Four multitracking projects across West Bengal, Odisha, Andhra Pradesh and Tamil Nadu will add nearly 410 km to the railway network and ease congestion",Business Standard,Unknown,News,2026-08-21T12:51:01.363405Z
f4bf500b55daff68b2da113a1d02cedc,"Cabinet clears 4 railway projects worth ₹9,450 cr, to add 410 km to network",https://www.business-standard.com/industry/news/cabinet-clears-4-railway-projects-worth-9-450-cr-to-add-410-km-to-network-126081901166_1.html,Akshita Singh,2026-08-19T13:36:18Z,iron ore,"The projects will add about 410 km to the Indian Railways network and are scheduled for completion by 2030-31, the government said in a statement",Business Standard,India,News,2026-08-21T12:51:01.363428Z
7745f80c143ca38c0b2d8e5fd4dc4bd2,"Railway projects worth ₹9,450 crore approved across West Bengal, Odisha, Tamil Nadu, Andhra Pradesh",https://www.thehindubusinessline.com/economy/logistics/railway-projects-worth-9450-crore-approved-across-west-bengal-odisha-tamil-nadu-andhra-pradesh/article71364581.ece,PTI,2026-08-19T11:46:23Z,iron ore,"The projects are expected to ease congestion, improve passenger and freight connectivity, and expand rail capacity across key eastern and southern corridors.",BusinessLine,Unknown,News,2026-08-21T12:51:01.363469Z
7eb2fabbf7e0fae1883a5e351f48425e,Cabinet approves one highway and four railway multi-tracking projects,https://economictimes.indiatimes.com/industry/transportation/railways/cabinet-approves-one-highway-and-four-railway-multi-tracking-projects/articleshow/133346848.cms,ET Bureau,2026-08-19T11:31:35Z,iron ore,"The CCEA approved highway and railway projects valued at Rs 13,041 crore.  These initiatives will significantly enhance freight and passenger movement across various regions.  A Bihar highway upgrade will connect the India-Nepal border to economic centers.  F…",The Times of India,India,News,2026-08-21T12:51:01.363496Z
8908312c5821419a9e14081399271535,"PyroGenesis Announces $1.4 Million Contract to Supply Two Plasma Torches to European Mining, Metallurgy & Materials Entity",https://financialpost.com/globe-newswire/pyrogenesis-announces-1-4-million-contract-to-supply-two-plasma-torches-to-european-mining-metallurgy-materials-entity,GlobeNewswire,2026-08-19T11:03:13Z,iron ore,"Contract includes 300 kW and 40 kW plasma torches MONTREAL, Aug. 19, 2026 (GLOBE NEWSWIRE) — PyroGenesis Inc. (“PyroGenesis” or the “Company”) (TSX: PYR) (OTCQX: PYRGF) (FRA: 8PY1), a leader in ultra-high temperature processes and engineering innovation, and …",Financial Post,Unknown,News,2026-08-21T12:51:01.363545Z
ab7272c2993b55dde81e35428eb14976,"Cabinet clears Rs 13,041 crore rail & road projects; Howrah-Chennai line to be quadrupled",https://economictimes.indiatimes.com/industry/transportation/railways/cabinet-clears-rs-13041-crore-rail-road-projects-howrah-chennai-line-to-be-quadrupled/articleshow/133343759.cms,ET Online,2026-08-19T09:52:48Z,iron ore,"The Union Cabinet approved five infrastructure projects totaling Rs 13,041 crore.  Four railway projects will enhance capacity on key eastern and southern routes.  These upgrades aim to boost freight movement and passenger train operations significantly.  A n…",The Times of India,Unknown,News,2026-08-21T12:51:01.363594Z
52a359101ed9478a7c59402520b99456,The hidden energy debt: Why our renewable transition may be built on sand,https://www.naturalnews.com/2026-08-19-the-hidden-energy-debt-why-our-renewable-transition-may-be-built-on-sand.html,Lance D Johnson,2026-08-19T06:00:00Z,iron ore,"Every solar panel begins its life not in the sun, but in the dark. Before a single photon is converted into electricity, before the first kilowatt-hour reaches the grid, an enormous amount of energy has already been consumed. Quartz must be mined from the ear…",Naturalnews.com,Unknown,News,2026-08-21T12:51:01.363641Z
0ed27b9ff8bcca95037a45c55ee2c899,ASX 200 Slips Today as Gold Miners Slide and Bond Yields Surge After CSL's Blockbuster Earnings Rally,https://www.ibtimes.com.au/asx-200-dips-gold-price-drop-bond-yield-surge-1874258,Tony Jackson,2026-08-19T05:24:29Z,iron ore,"The ASX 200 fell 0.27% as gold prices dropped and bond yields surged, overshadowing gains from CSL and BHP. Investors focus on wage data and corporate earnings amid volatile market conditions.",Ibtimes.com.au,Unknown,Market Report,2026-08-21T12:51:01.363675Z
e94e0484c90d637b749b0666d2890b1e,"Would I invest $5,000 into Rio Tinto shares this week?",https://www.fool.com.au/2026/08/19/would-i-invest-5000-into-rio-tinto-shares-this-week/,Grace Alvino,2026-08-19T02:37:06Z,iron ore,"The shares have already run hard, but I still see plenty to like in the years ahead.
The post Would I invest $5,000 into Rio Tinto shares this week? appeared first on The Motley Fool Australia.",Motley Fool Australia,Australia,News,2026-08-21T12:51:01.363691Z
a99bedd9d4c023f7187a7d04245f2d30,"Marie Curie and her husband Pierre spent nearly four years boiling down seven tonnes of pitchblende in a leaky Paris shed with no ventilation to isolate one-tenth of a gram of radium chloride, and the notebooks she kept during those years are still so radioactive they are stored in lead-lined boxes at the Bibliothèque nationale",https://spacedaily.com/b-marie-curie-and-her-husband-pierre-spent-nearly-four-years-boiling-down-seven-tonnes-of-pitchblende-in-a-leaky-paris-shed-with-no-ventilation-to-isolate-one-tenth-of-a-gram-of-radium-chloride-and-th/,Brendan Brown,2026-08-19T02:18:45Z,iron ore,"If you want to see Marie Curie’s lab notebooks today, you have to sign a form first. It says you understand the risk. Then you put on protective clothing and a librarian brings out a lead-lined box. Inside are ordinary-looking hardback notebooks filled with n…",Space Daily,Unknown,News,2026-08-21T12:51:01.363777Z
bc67121ffececa98a96eaaa472b3afec,Lloyds Metals plans to launch TMT bars,https://timesofindia.indiatimes.com/city/nagpur/lloyds-metals-plans-to-launch-tmt-bars/articleshow/133331587.cms,Shishir Arya,2026-08-18T19:12:29Z,iron ore,"Lloyds Metals (LMEL) plans to launch TMT steel bars in 6+ months, using Surjagarh iron ore and Ghugus plant; targeting central & south India markets.",The Times of India,India,Market Report,2026-08-21T12:51:01.363793Z
2c68674b7f0f91a357c8826eef55eca1,(FY 2026) Earnings Call Highlights: Record Copper Output and 27% EBITDA ..,https://biztoc.com/x/f54ca97278e49470,finance.yahoo.com,2026-08-18T17:17:02Z,iron ore,"This article first appeared on GuruFocus.
Release Date: August 18, 2026
For the complete transcript of the earnings call, please refer to the full earnings call transcript.
Positive Points
- Record production at Western Australia Iron Ore and around 2 million…",Biztoc.com,Australia,News,2026-08-21T12:51:01.363818Z
d04167e066c4b7271af63c7daeec1b28,BHP Finds Its New Metal Machine,https://app.moby.co/home/news/news-bhp-finds-its-new-metal-machine?utm_source=yahoo_finance&amp;utm_medium=rss,Mark Nichols,2026-08-18T15:38:02Z,iron ore,"Copper overtook iron ore as the miner’s biggest profit engine, helping lift earnings, cash flow and dividends to their strongest levels in years.",Moby.co,Unknown,News,2026-08-21T12:51:01.363857Z
07f379ed1fc2bfb266e756a24be229a5,Sweden’s betrayal of Raoul Wallenberg,https://www.israelnationalnews.com/news/431890,Rabbi Shmuley Boteach,2026-08-18T15:27:07Z,iron ore,"He rescued tens of thousands of Jews, redeemed Sweden’s compromised wartime reputation, and became one of history’s greatest humanitarians. Then Stockholm abandoned its own diplomat to Stalin’s prisons-and left his desperate mother to fight largely alone. Op-…",Israelnationalnews.com,Unknown,News,2026-08-21T12:51:01.363904Z
8c99f8fd377453d966edc337566c7b5f,BHP Group H2 Earnings Call Highlights,https://www.marketbeat.com/instant-alerts/bhp-group-h2-earnings-call-highlights-2026-08-18/?utm_source=yahoofinance&amp;utm_medium=yahoofinance,MarketBeat,2026-08-18T13:03:34Z,iron ore,"BHP Group (NYSE:BHP) reported higher earnings, cash flow and shareholder returns for fiscal 2026, supported by stronger copper prices, record iron ore produc...",MarketBeat,Unknown,Market Report,2026-08-21T12:51:01.363935Z
36eb7fe206a7e7d91cc19d6122af0e4b,Drive for Nuclear Power Boosts Uranium Industry — And Tribal Health Concerns in Southwest,https://kffhealthnews.org/public-health/tribal-health-concerns-utah-uranium-mining-industry/,Melissa Bailey,2026-08-18T09:00:00Z,iron ore,Federal efforts to revive uranium mining in the West and decrease reliance on Russian uranium are raising concerns about drinking water for tribal communities reckoning with the industry’s deadly legacy.,Kffhealthnews.org,Russia,News,2026-08-21T12:51:01.363966Z
e7ba4d1e8f0658fbaa273e608e03692f,MCX plans India coal and ore exchanges to boost price discovery,https://www.bloomberg.com/news/articles/2026-08-17/mcx-plans-india-coal-mineral-exchanges-to-boost-price-discovery,Bloomberg,2026-08-18T08:20:35Z,iron ore,"Sellers and buyers will be allowed to trade physical delivery contracts through centralized electronic platforms, creating a more transparent pricing system and improving supply chain efficiency",Bloomberg,India,News,2026-08-21T12:51:01.363986Z
722654dfa48fd7916768d9fcbd47faae,"MCX planning to invest ₹200 cr to start coal, minerals trading platforms",https://www.business-standard.com/markets/news/mcx-planning-to-invest-200-cr-to-start-coal-minerals-trading-platforms-126081800456_1.html,Bloomberg,2026-08-18T06:54:33Z,iron ore,"India's largest commodity exchange is seeking licenses to start coal and minerals exchanges, Managing Director Praveena Rai said",Business Standard,India,Market Report,2026-08-21T12:51:01.364004Z
da994dd2176562b7017ae5ab6dac5ba6,"$186M cleanup transforms Minnesota lake, creates 14-acre fish habitat",https://timesofindia.indiatimes.com/world/us/in-2020-a-186-million-cleanup-began-at-minnesotas-spirit-lake-four-years-later-1-3-million-cubic-yards-had-been-remediated-and-a-14-acre-fish-spawning-bay-created/articleshow/133304654.cms,TOI World Desk,2026-08-18T05:41:56Z,iron ore,"US News: For over a century, the industrial engines of Minnesota’s Iron Range drove the economy of Duluth. Raw iron ore moved down through the St. Louis River .",The Times of India,Unknown,News,2026-08-21T12:51:01.364044Z
84af8f2fb2f1b022af6bee7723dcf292,Copper is new king for Australia's BHP as profit jumps 30%,https://asia.nikkei.com/business/markets/commodities/copper-is-new-king-for-australia-s-bhp-as-profit-jumps-30,Staff Writer,2026-08-18T03:49:08Z,iron ore,Red metal overtakes iron ore in full-year earnings of world's largest listed miner,Nikkei.com,Australia,News,2026-08-21T12:51:01.364057Z
d3503b85b60a3f50047f53334ec701f1,BHP’s copper profits outstrip iron ore for first time,https://biztoc.com/x/40ee63bc0d343043,ft.com,2026-08-18T00:59:30Z,iron ore,"Annual earnings surge to $33bn, driven by booming demand for data centres and energy networks",Biztoc.com,Unknown,News,2026-08-21T12:51:01.364090Z
e762f0c2cfe23f282a8b8030e3f75246,BHP Rides High On Strong Demand For Copper And Iron Ore,https://www.forbes.com/sites/timtreadgold/2026/08/17/bhp-rides-high-on-strong-demand-for-copper-and-iron-ore/,"Tim Treadgold, Contributor, 
 Tim Treadgold, Contributor
 https://www.forbes.com/sites/timtreadgold/",2026-08-18T00:52:19Z,iron ore,"Strong demand for copper and steady demand for iron ore underpinned a 30% profit increase by the world's biggest mining company, BHP",Forbes,Unknown,News,2026-08-21T12:51:01.364123Z
c400dc917fa4c0dd4b105667d1dcfd78,PM Carney announces largest clean energy investment in North American history,https://www.pm.gc.ca/en/news/news-releases/2026/08/17/prime-minister-carney-announces-largest-clean-energy-investment-north,,2026-08-18T00:25:26Z,iron ore,Canada is starting from a position of strength. We have what the world wants.,Pm.gc.ca,USA,News,2026-08-21T12:51:01.364140Z
d11a8cb135b14f653fd76a7a8b4bf07e,BHP ready for global copper boom as red metal takes crown from iron ore,https://thewest.com.au/business/mining/bhp-ready-for-global-copper-boom-as-red-metal-again-takes-crown-from-iron-ore-c-22738348,Daniel Newell,2026-08-17T23:24:29Z,iron ore,The Big Australian is riding high on a bumper profit from record copper prices and claimed victory over the unions which infiltrated its Pilbara iron ore empire.,The West Australian,Australia,Market Report,2026-08-21T12:51:01.364152Z
a3c9e953e6fb7a304c02f1efbb280b2d,BHP Group posts record FY26 earnings and flags copper-led future,https://www.fool.com.au/2026/08/18/bhp-group-posts-record-fy26-earnings-and-flags-copper-led-future/,James Mickleboro,2026-08-17T23:07:11Z,iron ore,"The mining giant has delivered a record result thanks partly to its copper operations.
The post BHP Group posts record FY26 earnings and flags copper-led future appeared first on The Motley Fool Australia.",Motley Fool Australia,Australia,News,2026-08-21T12:51:01.364169Z
7883e2d6006091ed4d55f96acdcf3bab,BHP Group H2 Earnings Call Highlights,https://www.marketbeat.com/instant-alerts/bhp-group-h2-earnings-call-highlights-2026-08-17/?utm_source=yahoofinance&amp;utm_medium=yahoofinance,MarketBeat,2026-08-17T23:03:28Z,iron ore,"BHP Group (NYSE:BHP) reported higher earnings, record copper and Western Australia Iron Ore production, and a full-year dividend of $8.7 billion for fiscal 2...",MarketBeat,Australia,Market Report,2026-08-21T12:51:01.364181Z
fb480e0bbbba6d4a089c377e06d34780,Deterra Royalties posts profit rise and boosts dividend in FY26 results,https://www.fool.com.au/2026/08/18/deterra-royalties-posts-profit-rise-and-boosts-dividend-in-fy26-results/,James Mickleboro,2026-08-17T22:22:45Z,iron ore,"Here's what the company reported for the financial year and how big that dividend will be.
The post Deterra Royalties posts profit rise and boosts dividend in FY26 results appeared first on The Motley Fool Australia.",Motley Fool Australia,Australia,Market Report,2026-08-21T12:51:01.364195Z
103943d94dd0950f5573ca172e32fecc,Canada puts $10B behind landmark $70B electricity build,https://www.digitaljournal.com/article/canada-puts-10b-behind-landmark-70b-electricity-build/,Digital Journal Staff,2026-08-17T21:11:02Z,iron ore,"Ottawa says the Churchill Falls and Gull Island projects would add 14,000 megawatts and new transmission across Labrador
The post Canada puts $10B behind landmark $70B electricity build appeared first on Digital Journal.",Digital Journal,Unknown,News,2026-08-21T12:51:01.364229Z
369c2110782a477653be7b59cfedcd1b,"MMDR Bill tweak: NMDC flags ₹15,786 crore Karnataka tax exposure",https://www.business-standard.com/industry/news/mmdr-bill-tweak-nmdc-flags-15-786-crore-karnataka-tax-exposure-126081701240_1.html,Saket Kumar,2026-08-17T18:00:37Z,iron ore,"NMDC's ₹15,786-crore contingent liability highlights the uncertainty around Karnataka's retrospective mineral tax and the potential impact of the amended mining law",Business Standard,Unknown,News,2026-08-21T12:51:01.364270Z
0f39c8ff855f9407583c1dd7a4b0a17c,UCC Environmental Deepens Mining and Steel Presence with Cast Steel Products Acquisition,https://www.prnewswire.com/news-releases/ucc-environmental-deepens-mining-and-steel-presence-with-cast-steel-products-acquisition-302853095.html,,2026-08-17T17:34:00Z,iron ore,"WAUKEGAN, Ill., Aug. 17, 2026 /PRNewswire/ -- UCC Environmental (UCC), a global leader in sustainable engineered solutions for air pollution control, water and wastewater treatment, solids handling, and wear-resistant performance parts, today announced the ac…",PRNewswire,Global,News,2026-08-21T12:51:01.364320Z
a2a8a7f772c5dc6a5cd5ee368f30c6bf,U.S. Copper Imports Hit a 12-Year Record as LME Stocks Crash,https://oilprice.com/Metals/Commodities/US-Copper-Imports-Hit-a-12-Year-Record-as-LME-Stocks-Crash.html,Michael Kern,2026-08-17T17:00:00Z,iron ore,"U.S. importers hauled in more than 200,000 tonnes of refined copper in July, the biggest monthly volume in at least 12 years. Add that to what's already sitting in Comex warehouses, LME-registered stock and private port storage, and the country's copper stock…",OilPrice.com,Unknown,Market Report,2026-08-21T12:51:01.364362Z
f8164a62400b9bc3263a317e0504e569,"Odisha records 5,721 lightning deaths in 18 years, mineral belts hit hard",https://www.business-standard.com/india-news/odisha-records-5-721-lightning-deaths-in-18-years-mineral-belts-hit-hard-126081701490_1.html,Hemant Kumar Rout,2026-08-17T16:21:27Z,iron ore,"Researchers found higher fatalities in several mineral-rich districts and a strong link between population density and lightning mortality, calling for targeted mitigation",Business Standard,Unknown,News,2026-08-21T12:51:01.364400Z
beb63439f1f6e147ae610908b7645844,"In 130 days, deep beneath the Ore Mountains bacteria turned uranium-contaminated mine water into a chemical trap, removing 95% of the dissolved metal and forming a rare compound that can remain stable for decades",https://economictimes.indiatimes.com/news/international/us/in-130-days-deep-beneath-the-ore-mountains-bacteria-turned-uranium-contaminated-mine-water-into-a-chemical-trap-removing-95-of-the-dissolved-metal-and-forming-a-rare-compound-that-can-remain-stable-for-decades/articleshow/133295819.cms,Global Desk,2026-08-17T12:30:49Z,iron ore,"Deep underground, bacteria may offer a new answer to uranium contamination. In a 130-day laboratory experiment, microbes fed with glycerol removed about 95% of dissolved uranium from contaminated mine water. The bacteria did more than trap the radioactive met…",The Times of India,Unknown,News,2026-08-21T12:51:01.364461Z
8d7c1e224c66893f9a7b494d7b637304,China’s recovery sputters as consumption and output lose steam in July,https://cryptobriefing.com/china-recovery-sputters-consumption-output/,Editorial Team,2026-08-17T12:05:47Z,iron ore,"China's economic slowdown could strain global markets, impacting commodities and industries reliant on Chinese consumer demand.
The post China’s recovery sputters as consumption and output lose steam in July appeared first on Crypto Briefing.",Crypto Briefing,China,Market Report,2026-08-21T12:51:01.364477Z
409f2bde06f3be1ede3e490fce5411ed,Major Quebec-N.L. energy announcement nears as Churchill Falls momentum builds,https://www.cbc.ca/news/canada/newfoundland-labrador/new-churchill-falls-deal-announced-wakeham-carney-frechette-9.7309135,,2026-08-17T11:18:22Z,iron ore,"Prime Minister Mark Carney is in St. John’s on Monday to announce a new agreement on Churchill Falls and other electricity projects in Labrador, alongside N.L. Premier Tony Wakeham and Quebec Premier Christine Fréchette.",CBC News,Unknown,News,2026-08-21T12:51:01.364522Z
d28fa4b465d14fcd348cfcd32a7b291e,PyroGenesis Provides Corporate Update on Fumed Silica Business Line,https://financialpost.com/globe-newswire/pyrogenesis-provides-corporate-update-on-fumed-silica-business-line,GlobeNewswire,2026-08-17T11:05:39Z,iron ore,"New developments include additional commercial and joint venture discussions MONTREAL, Aug. 17, 2026 (GLOBE NEWSWIRE) — PyroGenesis Inc. (“PyroGenesis” or the “Company”) (TSX: PYR) (OTCQX: PYRGF) (FRA: 8PY1), a leader in ultra-high temperature processes and e…",Financial Post,Unknown,News,2026-08-21T12:51:01.364568Z
5108198704afc6291d889a547a4f3685,Coal India weighs more iron ore bids as it plans a pelletization plant,https://www.livemint.com/companies/news/coal-india-iron-ore-mines-gadadharpur-pelletization-plant-11786946489380.html,Dipali Banka,2026-08-17T10:17:51Z,iron ore,"The coal miner plans to bid for more iron ore blocks, but only where the economics work, as it prepares to enter pelletization after winning an Odisha mine at a 114% premium.",Livemint,India,News,2026-08-21T12:51:01.364587Z
e37a9f30c33b6788b43fe449c59759d4,"N.L., Quebec to sign new Churchill Falls agreement worth billions — with help from Ottawa",https://www.cbc.ca/news/canada/newfoundland-labrador/n-l-quebec-to-sign-new-churchill-falls-agreement-worth-billions-with-help-from-ottawa-9.7309135,,2026-08-17T08:42:01Z,iron ore,"Prime Minister Mark Carney is in St. John’s on Monday to announce a new agreement on Churchill Falls and other electricity projects in Labrador, alongside N.L. Premier Tony Wakeham and Quebec Premier Christine Fréchette.",CBC News,Unknown,News,2026-08-21T12:51:01.364633Z
81713427a1c59327eb0f74d79a411a94,Architect of current GST system says its 'working exactly as intended',https://www.abc.net.au/news/2026-08-17/former-wa-senator-mathias-cormann-defends-current-gst-system/107046214,Callum Liddelow and Kathryn Bermingham,2026-08-17T07:47:28Z,iron ore,"Former WA senator Mathias Cormann has defended the current GST system as fit for purpose, after a landmark interim report by the Productivity Commission found the carve-up was costly and unfair.",ABC News (AU),Unknown,Market Report,2026-08-21T12:51:01.364667Z
3b96161f3b4cb7538bb8e1e83d770192,"China’s new-home prices decline faster in July, raising concerns about never-ending property downturn",https://cryptobriefing.com/china-home-prices-decline-july-property-downturn/,Editorial Team,2026-08-17T07:41:29Z,iron ore,"China's prolonged property downturn threatens broader economic stability, impacting GDP, employment, and global commodity markets.
The post China’s new-home prices decline faster in July, raising concerns about never-ending property downturn appeared first on…",Crypto Briefing,China,Market Report,2026-08-21T12:51:01.364683Z
e3f79fae90e5419a9405b5279f1c3ca3,China’s economy shows sluggish start in second half of 2026,https://cryptobriefing.com/china-economy-sluggish-second-half-2026/,Editorial Team,2026-08-17T07:16:51Z,iron ore,"China's economic slowdown may strain global commodity markets and increase fiscal pressure on local governments, impacting global growth.
The post China’s economy shows sluggish start in second half of 2026 appeared first on Crypto Briefing.",Crypto Briefing,China,Market Report,2026-08-21T12:51:01.364697Z
36a983fc583614b18d7fd43e22f2588e,"NMDC shares decline 4% after Q1 results. Should you buy, sell or hold the stock?",https://economictimes.indiatimes.com/markets/stocks/news/nmdc-shares-decline-4-after-q1-results-should-you-buy-sell-or-hold-the-stock/articleshow/133287154.cms,Veer Sharma,2026-08-17T05:06:04Z,iron ore,"NMDC shares fell 4% despite a 2% YoY rise in Q1FY27 profit to Rs 2,007 crore, while revenue increased 2% to Rs 6,795 crore. Iron ore production jumped 26% to 151.17 lakh tonnes, but sales rose just 2% to 117.30 lakh tonnes. Ore transferred for pellet job work…",The Times of India,Unknown,News,2026-08-21T12:51:01.364745Z
c2d48dced761f15780da8f0c097d74c7,"Weekly policy watch: Jobs, core sector output, PMI, forex reserves in focus",https://www.business-standard.com/economy/news/weekly-policy-watch-unemployment-infra-output-pmo-services-manufacturing-126081700244_1.html,Rimjhim Singh,2026-08-17T05:00:08Z,iron ore,"India's policy calendar this week will track jobs, infrastructure activity, business growth and forex reserves",Business Standard,India,Market Report,2026-08-21T12:51:01.364773Z
922b20326ed7c80de6e59df53aa2c822,Why Australia’s Getting Tough on China Again,http://foreignpolicy.com/2026/08/17/australia-china-getting-tough-trump/,James Curran,2026-08-17T04:01:06Z,iron ore,"Unlike other U.S. allies, Canberra is betting its entire strategic house on Pax Americana.",Foreign Policy,China,News,2026-08-21T12:51:01.364789Z
7aafab31aa764582b63954d271e38ee4,"Stocks in news: Cochin Shipyard, Voltas, Patanjali Foods, and PhysicsWallah",https://economictimes.indiatimes.com/markets/stocks/news/stocks-in-news-cochin-shipyard-voltas-patanjali-foods-and-physicswallah/articleshow/133279798.cms,Debaroti Adhikary,2026-08-17T00:30:00Z,iron ore,"Indian stock markets experienced a range-bound week with minor losses for Sensex and Nifty. Analysts are watching four key factors that will influence Dalal Street's action this week. Cochin Shipyard reported a profit decline, while Voltas saw a significant p…",The Times of India,India,Market Report,2026-08-21T12:51:01.364812Z
3ba6c08a00e23c43a4f99a9e708dbeca,"As solar panel waste grows, extra installation fee proposed to fund recycling",https://www.abc.net.au/news/2026-08-17/solar-panel-waste-growing-recycling-fee-proposed/107023182,Ahmed Yussuf,2026-08-16T18:40:22Z,iron ore,"Solar panel waste is projected to reach about 90,000 tonnes a year by 2030. One of Australia's leading science organisations says a $10 fee per panel could help solve the problem.",ABC News (AU),Australia,News,2026-08-21T12:51:01.364827Z
f10c7d1beca684e9bd04d38c67556bba,Mizzou Track & Field: A year behind the lens,https://www.rockmnation.com/mizzou-track-field-xc/148839/mizzou-track-field-a-year-behind-the-lens,Daniel Murphy,2026-08-16T13:00:00Z,iron ore,"Reflecting on things gained, lost, and learned during the 25/26 season.",Rockmnation.com,Unknown,News,2026-08-21T12:51:01.364853Z
a89273ecd2af1eea62e26dda20fde8d2,Links 8/16/2026,https://www.nakedcapitalism.com/2026/08/links-8-16-2026.html,Haig Hovaness,2026-08-16T10:55:29Z,iron ore,"Our strategic daily links: wood vs. masonry construction, Japan pays attention, extreme weather, Chinese auto exports, Mideast horrors, Ukraine burning, vanishing privacy, Trumpishness, Musk world, hapless Democrats, immigration troubles, Mr. market, AI, and …",Nakedcapitalism.com,China,Market Report,2026-08-21T12:51:01.364867Z
a11936a1a90dcbb5de13cbb9b848d22f,Big Bull's magic: How Rakesh Jhunjhunwala turned Rs 1 crore into Rs 20 crore overnight after the 1989 budget,https://economictimes.indiatimes.com/markets/stocks/news/big-bulls-magic-how-rakesh-jhunjhunwala-turned-rs-1-crore-into-rs-20-crore-overnight-after-the-1989-budget/articleshow/133272063.cms,Debaroti Adhikary,2026-08-16T08:11:03Z,iron ore,"Rakesh Jhunjhunwala, the legendary “Big Bull” of Dalal Street, built his reputation through conviction and contrarian investing. A standout example came in 1989, when widespread fears of an anti-business Union Budget triggered panic selling. At just 29, Jhunj…",The Times of India,Unknown,News,2026-08-21T12:51:01.364916Z
7e1bfc88ec27e70b489a79c6339bdcdb,Who invented charcoal?,https://www.lifesciencesworld.com/who-invented-charcoal/,Ava Reynolds,2026-08-16T05:38:21Z,iron ore,"The Unsung Heroes of Fire: Who Invented Charcoal? – A Deep Dive into Charcoal’s Origins While pinpointing a single inventor of charcoal is impossible, due to its discovery predating recorded history, we can attribute its early production and widespread adopti…",Lifesciencesworld.com,Unknown,News,2026-08-21T12:51:01.364959Z
415de484c582eb6e60ee1e3273c995a3,"NMDC Q1 results: Net profit up 2% to ₹2,005.71 cr",https://www.thehindubusinessline.com/companies/nmdc-q1-results-net-profit-up-2-to-200571-cr/article71351948.ece,PTI,2026-08-16T03:57:57Z,iron ore,"During April-June, the company increased its total income to ₹7,142.54 crore, up 1.5%.",BusinessLine,Unknown,News,2026-08-21T12:51:01.364990Z
d569323db50ac722e283f69d71855854,India Inc throws up a pleasant surprise in Q1 as compared to gloom at the start of the quarter,https://www.thehindubusinessline.com/portfolio/india-inc-throws-up-a-pleasant-surprise-in-q1-as-compared-to-gloom-at-the-start-of-the-quarter/article71350303.ece,Sai Prabhakar,2026-08-15T15:31:30Z,iron ore,"India Inc's Q1 performance shows strong revenue growth, defying initial gloom, despite challenges from rising input costs.",BusinessLine,India,News,2026-08-21T12:51:01.365011Z
3a5267fce7130f5c01b8234565a863df,A 23-Year-Old Founder Built Radiant World Into a $12 Billion-a-Year Trading Giant. Now the DOJ Is Investigating,https://biztoc.com/x/c054dcf17cc69b2e,inc.com,2026-08-15T12:20:06Z,iron ore,Pinkesh Nahar turned Radiant into one of the world’s biggest iron-ore traders. Now U.S. authorities are examining its business amid allegations involving falsified trade documents.,Biztoc.com,Unknown,Market Report,2026-08-21T12:51:01.365052Z
179c7916fba43220b5f520ee9fe00fe4,'They're going to take our GST' sets alarm bells ringing in the west,https://www.abc.net.au/news/2026-08-15/wa-productivity-commission-gst-report-analysis/107040266,Keane Bourke,2026-08-14T21:28:35Z,iron ore,"Premier Roger Cook said ""east coast clowns"" attacked Western Australia's federal GST deal. It set alarm bells ringing in WA government offices, literally, as state political reporter Keane Bourke witnessed.",ABC News (AU),Australia,Market Report,2026-08-21T12:51:01.365067Z
36de07da46a3f3bdf5addc64df773014,Justice Department and CFTC probe Radiant World’s iron ore trading activities,https://cryptobriefing.com/doj-cftc-probe-radiant-world-iron-ore/,Editorial Team,2026-08-14T21:06:37Z,iron ore,"The investigations into Radiant World could reshape trust dynamics in commodity markets, prompting stricter scrutiny and risk management practices.
The post Justice Department and CFTC probe Radiant World’s iron ore trading activities appeared first on Crypto…",Crypto Briefing,Unknown,Market Report,2026-08-21T12:51:01.365111Z
c6822d255b78479185f7496926c23f04,"Inside The Eerie History Of The Dragon’s Triangle, From Shipwrecks And UFOs To Strange Disappearances",https://allthatsinteresting.com/dragons-triangle,William DeLong,2026-08-14T16:00:00Z,iron ore,"The ""Dragon's Triangle"" or ""Devil's Sea"" is an area of the Pacific Ocean south of Japan that's compared to the Bermuda Triangle because of its alleged paranormal activity.
The post Inside The Eerie History Of The Dragon’s Triangle, From Shipwrecks And UFOs To…",Allthatsinteresting.com,Japan,News,2026-08-21T12:51:01.365148Z
186de1e2542d6705d34ded8c581ca925,"NMDC Ltd Q1 profit up 2% to Rs 2,007 crore, production surges 26%",https://timesofindia.indiatimes.com/city/hyderabad/nmdc-ltd-q1-profit-up-2-to-rs-2007-crore-production-surges-26/articleshow/133245663.cms,Swati Bharadwaj,2026-08-14T15:10:08Z,iron ore,"NMDC Q1FY27 profit rises 2% to Rs 2,007 crore as turnover grows to Rs 6,795 crore; iron ore output jumps 26% to 15.12 MT, sales up to 11.73 MT.",The Times of India,Unknown,News,2026-08-21T12:51:01.365178Z
c2013c7779a67a4842c8d7c07fcc1d48,Anglo American signs iron ore supply agreement with CMRG,https://biztoc.com/x/80836498d0ca0810,finance.yahoo.com,2026-08-14T13:07:28Z,iron ore,"Anglo American has reached a year-long iron ore supply agreement with China Mineral Resources Group (CMRG), according to a person familiar with the matter, reported Bloomberg.
The deal, covering deliveries from 1 April 2026 will continue till 31 March 2027 an…",Biztoc.com,China,Market Report,2026-08-21T12:51:01.365197Z
674745f56486a6d8645942500c185c6b,"Underground towns to protect citizens from missiles, so many robots you don't have to speak to another soul, geriatric swingers and drive-thru churches designed for golf carts... do YOU want to live in the cities of the future?",https://www.dailymail.com/home/books/article-16050357/Book-review-build-city-gabriella-bennett-architecture-ukraine-russia-japan.html,Katharine Spurrier,2026-08-14T08:03:02Z,iron ore,"In a thoughtful new book, Gabriella Bennett travels the world to discover the ways in which architecture, building and technology will change our future.",Dailymail.com,Unknown,News,2026-08-21T12:51:01.365241Z
cbc9d0a2b0d865537fb2c1c9c224d643,Today in Germany: A roundup of the latest news on Friday,https://www.thelocal.de/20260814/today-in-germany-a-roundup-of-the-latest-news-on-friday-135,The Local,2026-08-14T06:38:19Z,iron ore,"Wildfire in North Rhine-Westphalia forces evacuation, drought impacts German farmers' grain harvests, Porsche to end production of flagship electric car and more news on Friday, August 14th.",The Local Germany,Germany,News,2026-08-21T12:51:01.365273Z
fbe95e2c23047461c81d327a3b9dacd6,"Jindal Steel targets 21 mt capacity by 2032, new CEO seeks leadership stability",https://www.livemint.com/companies/news/jindal-steel-naveen-jindal-vr-sharma-11786678668792.html,"Dipali Banka, Abhishek Law",2026-08-14T05:30:50Z,iron ore,"Returning MD &amp; CEO V.R. Sharma says the steelmaker will prioritize value-added specialized grades, internal leadership talent, and a measured 20–21 mt expansion rather than chasing volume at any cost.",Livemint,Unknown,News,2026-08-21T12:51:01.365316Z
acbab2d0a62bb7d4f2e59d8791ef977c,3 Stocks That Win If the US-Canada Tariff Pause Becomes a Deal,https://247wallst.com/investing/2026/08/20/3-stocks-that-win-if-the-us-canada-tariff-pause-becomes-a-deal/,Trey Thoelcke,2026-08-20T12:40:30Z,steel production,"A late-night tariff pause between the U.S. and Canada left nothing signed and everything at stake, but three stocks are already pricing in a deal that could...",24/7 Wall St.,Unknown,News,2026-08-21T12:51:01.901366Z
9abeee9b22e7843b9b8d67fd5b378500,1954 Volkswagen Beetle at No Reserve,https://bringatrailer.com/listing/1954-volkswagen-beetle-18/,bringatrailer,2026-08-20T12:40:15Z,steel production,"This 1954 Volkswagen Beetle is powered by a 1955-built 1,192cc flat-four with a single carburetor, and the car was the subject of a refurbishment under prior ownership. Work included a repaint in black and reupholstering the cabin, which has beige cloth uphol…",Bringatrailer.com,Unknown,News,2026-08-21T12:51:01.901601Z
6e62ad5852e8e56ec4b53f692566b4f8,This Is The Bulletproof “Xtinction Level Escape” Travel Trailer,https://silodrome.com/bulletproof-xtinction-level-escape-xle-travel-trailer/,Ben Branch,2026-08-20T12:30:33Z,steel production,"This is the XLE travel trailer from Mammoth Overland, the model name stands for “Xtinction Level Escape,” as it’s an apocalypse proof home-on-wheels with...
The post This Is The Bulletproof “Xtinction Level Escape” Travel Trailer appeared first on Silodrome.",Silodrome.com,Unknown,News,2026-08-21T12:51:01.901657Z
916ad3f4afc5b599026aefe539539274,HMT watches clock ₹35 lakh sale in one day: How Jawaharlal Nehru's 1953 PSU became India's 'Timekeepers to the Nation' before Titan,https://economictimes.indiatimes.com/news/new-updates/hmt-watches-clock-35-lakh-sale-in-one-day-how-it-became-indias-timekeepers-to-the-nation-before-titan/articleshow/133374308.cms,Trending Desk,2026-08-20T10:52:28Z,steel production,"HMT watches clocked ₹35 lakh in sales in a single day in Bengaluru on Independence Day, highlighting the enduring popularity of a brand that began as a machine-tool maker in 1953. HMT entered watchmaking in 1961 with Japan's Citizen Watch Co. and went on to b…",The Times of India,India,News,2026-08-21T12:51:01.901691Z
5ae2b7f3bbb8ae359e9f88f670e2809b,"Greenbrier, SSAB and Alter Help Close the Loop on Steel",https://www.prnewswire.com/news-releases/greenbrier-ssab-and-alter-help-close-the-loop-on-steel-302855860.html,,2026-08-20T10:15:00Z,steel production,"~ Railcars featuring SSAB Zero™ steel goes to Alter Trading, transporting recycled metals back to SSAB ~ ~ Creates a continuous recycling cycle that supports lower-emissions steel production ~ LAKE OSWEGO, Ore., Aug. 20, 2026 /PRNewswire/ -- The Greenbrier Co…",PRNewswire,Unknown,Market Report,2026-08-21T12:51:01.901795Z
80907efc1ade660d7f72ce18dd825f23,"Best Clear Span Tent Manufacturers That Export to the USA: Engineering, Compliance, and Long-Term Reliability",https://ahouseinthehills.com/best-clear-span-tent-manufacturers-that-export-to-the-usa-engineering-compliance-and-long-term-reliability/,Charles Spencer,2026-08-20T09:56:12Z,steel production,"Clear span tents are no longer just event infrastructure. In 2026, they are used for long-term warehouses, aviation hangars, sports facilities, emergency response, and high-end temporary venues where interior columns are not an option. The right manufacturer …",Ahouseinthehills.com,Unknown,Analysis/Opinion,2026-08-21T12:51:01.901842Z
af8da0d92f0d04a3c57a151dae41f2ee,‘Game of Thrones’ Play ‘The Mad King’ Reveals Behind-The-Scenes Secrets in Stage Transformation Video (EXCLUSIVE),https://variety.com/2026/theater/global/game-of-thrones-the-mad-king-behind-the-scenes-video-1236838551/,K.J. Yossman,2026-08-20T09:00:00Z,steel production,"“Game of Thrones: The Mad King” is sharing some of the magic behind the scenes in a new video that shows how the stage at the Royal Shakespeare Theatre in Stratford-Upon-Avon has been transformed for the show, which launched earlier this month. The show’s pro…",Variety,Unknown,News,2026-08-21T12:51:01.901893Z
1d45804ac35018ec1adcf490b6d228ed,Ambani's Rs 2.7 lakh cr underground bet can save India from shocks,https://economictimes.indiatimes.com/industry/energy/power/reliance-coal-gasification-proposal-mukesh-ambanis-rs-2-7-lakh-crore-underground-bet-can-save-india-from-shocks-ril-news/articleshow/133370832.cms,ET Online,2026-08-20T08:44:48Z,steel production,"Reliance Industries has proposed a Rs 2.73 lakh crore, 30-year investment to develop an underground coal gasification complex in Andhra Pradesh. The project could convert deep coal into syngas for hydrogen, methanol, ammonia and synthetic natural gas, helping…",The Times of India,India,News,2026-08-21T12:51:01.901921Z
dd016b1a0c714669c9802d662dbd924c,2027 Genesis GV90,https://www.netcarshow.com/genesis/2027-gv90/,,2026-08-20T08:15:00Z,steel production,"Genesis GV90 embodies a timeless design through understated elegant proportions. The 5,285-millimeter-long body, bold yet gracefully sculpted fenders and prominent 24-inch...",Netcarshow.com,Unknown,News,2026-08-21T12:51:01.901953Z
a23e85268549a2dea64b467b1a5612cf,Lina Bo Bardi's First Exhibition in China and GXN's Reclaimed-Material Community Space: This Week's Review,https://www.archdaily.com/1183601/lina-bo-bardis-first-exhibition-in-china-and-gxns-reclaimed-material-community-space-this-weeks-review,Reyyan Dogan,2026-08-20T06:30:00Z,steel production,"This week's stories explore how architecture engages with questions of culture, access, and collective life, from new cultural institutions and exhibitions to public spaces and housing. This week, the 2026 NCARB by the Numbers report provided a broader perspe…",ArchDaily,China,Analysis/Opinion,2026-08-21T12:51:01.902004Z
43e410eaf68dbe8ed75184f04e00a8e7,The Genesis GV90 takes luxury up a notch with coach doors and all [Images],http://electrek.co/2026/08/19/genesis-gv90-luxury-coach-doors-images/,Peter Johnson,2026-08-20T03:00:00Z,steel production,"Genesis unveiled its first full-size flagship SUV, the GV90, and it’s about as over-the-top as they come. The ultra-luxe electric SUV packs coach doors, a built-in refrigerator, massive digital screens, air suspension, and plenty of other high-end touches.",Electrek,Unknown,News,2026-08-21T12:51:01.902173Z
c24a29c8c22b6225773147a2f153e618,A NEW ICON'S ARRIVAL: GENESIS UNVEILS GV90 FLAGSHIP SUV,https://www.prnewswire.com/news-releases/a-new-icons-arrival-genesis-unveils-gv90-flagship-suv-302855654.html,,2026-08-20T03:00:00Z,steel production,"Genesis' first full-size flagship SUV represents culmination of brand's capabilities GV90 Neolun introduces the world's first independently opening and closing hidden B-pillar coach door, Neolun Arch Gate, for spacious entry and exit, embodying Genesis' philo…",PRNewswire,Unknown,News,2026-08-21T12:51:01.902219Z
979bea7cfc56e02e214d3cba23101a38,Miyaxx releases “Go Easy” video ahead of new album 'Hold Your Ego Out Like a Sun' [Interview],https://earmilk.com/2026/08/19/miyaxx-interview/,Sarah Wagner,2026-08-20T00:39:04Z,steel production,"At dawn and at dusk, in the garden at night, in the rain among the stones, Miyaxx wayfinds through myths with an open-tuned guitar as their compass. The duo’s new…
The post Miyaxx releases “Go Easy” video ahead of new album 'Hold Your Ego Out Like a Sun' [Int…",Earmilk.com,Unknown,Analysis/Opinion,2026-08-21T12:51:01.902259Z
7007813812ba4f5f5bf38d403dd2d268,Asia's hydrogen dreams: Region bets on emerging green technology to improve transportation,https://www.cnbc.com/2026/08/20/asia-hydrogen-trains-green-transport.html,"Jenny Lee, Priyanka Salve",2026-08-20T00:09:09Z,steel production,Asia’s hydrogen train push may be less about rail and more about building a broader hydrogen economy.,CNBC,Unknown,News,2026-08-21T12:51:01.902295Z
35d367a764251f7f3878850122ae1acc,1964 Alfa Romeo 2600 Spider at No Reserve,https://bringatrailer.com/listing/1964-alfa-romeo-2600-spider-19/,bringatrailer,2026-08-19T23:35:18Z,steel production,"This 1964 Alfa Romeo 2600 is one of 2,255 Touring-bodied Spider convertibles built during four years of production. It is powered by a 2,584cc DOHC inline-six fed by triple Solex carburetors and linked to a five-speed manual transmission. Finished in red over…",Bringatrailer.com,Unknown,News,2026-08-21T12:51:01.902339Z
03d13655939eaf75531af202dea9f444,AEW Dynamite Preview: Omega and Ospreay Unite Against Callis,https://bleedingcool.com/comics/aew-dynamite-preview-omega-and-ospreay-unite-against-callis/,El Presidente,2026-08-19T22:17:06Z,steel production,"Greetings, comrades! It is I, your El Presidente, reporting to you live from my luxury viewing box at the Chesapeake Employers Insurance Arena in Baltimore, where I have commandeered the best seat in the house by simply explaining to the arena manager that re…",Bleeding Cool News,Unknown,Analysis/Opinion,2026-08-21T12:51:01.902378Z
c37b9f49215bab2548401af137698deb,UK-based firm eyes Tasmanian smelter in liquidation,https://www.abc.net.au/news/2026-08-20/natrium-redox-technologies-pitch-liberty-bell-bay-smelter/107053940,Emily Smith,2026-08-19T20:13:22Z,steel production,A UK-based green technologies company says the state and federal governments should continue agitating for the best interests of the country when it comes to Liberty Bell Bay's future.,ABC News (AU),Unknown,News,2026-08-21T12:51:01.902412Z
5c80b649e9c04167f6c91fbab78b3256,"The DFW Car and Toy Museum Collection, Offered at No Reserve",https://bringatrailer.com/2026/08/19/the-dfw-car-and-toy-museum-collection-offered-at-no-reserve/,bringatrailer,2026-08-19T20:05:26Z,steel production,"8/19 Update: nearly all of the cars from the massive DFW Toy and Museum Collection have gone live, many have already sold, and the seller has now added three more! Be on the lookout for a 1964 Alfa Romeo 2600 Spider, 1982 HMV FreeWay project car, and a 1961 V…",Bringatrailer.com,Unknown,News,2026-08-21T12:51:01.902455Z
76729d25fff0f93b4f5f0fd473dcee36,US and Canada negotiate trade deal to lower steel and aluminum tariffs to 25%,https://cryptobriefing.com/us-canada-steel-aluminum-tariff-deal/,Editorial Team,2026-08-19T19:52:28Z,steel production,"The trade deal could ease tensions, boost economic cooperation, and influence future USMCA negotiations, impacting North American industries.
The post US and Canada negotiate trade deal to lower steel and aluminum tariffs to 25% appeared first on Crypto Brief…",Crypto Briefing,USA,News,2026-08-21T12:51:01.902484Z
1ce7dbeae123b356efc8f1da9b901bcc,1.8-Powered 1992 Mazda MX-5 Miata Track Car at No Reserve,https://bringatrailer.com/listing/1992-mazda-mx-5-miata-161/,bringatrailer,2026-08-19T19:31:39Z,steel production,This 1992 Mazda MX-5 Miata was modified for track use before the current owner's 2016 purchase. It is powered by a Japanese-market 1.8-liter inline-four linked with a five-speed manual transmission and a limited-slip differential. The exterior wears a matte T…,Bringatrailer.com,Japan,Market Report,2026-08-21T12:51:01.902517Z
ffa6f48d81370f33c77257a7ee325098,This 12.5-Inch Schrade Fixed Blade Is Not Your Typical EDC Knife,https://the-gadgeteer.com/2026/08/19/schrade-needle-magnum-fixed-blade-7-5-inch-blade-leather-sheath/,Rei Padla,2026-08-19T18:30:46Z,steel production,"Buying an affordable fixed blade can involve more guesswork than it should. Product listings often emphasize dramatic styling and broad claims about durability while giving buyers less useful information about the steel, dimensions, handle material, or what a…",The Gadgeteer,Unknown,News,2026-08-21T12:51:01.902564Z
b23fd49d41ab4776a6ef148bf9652942,"In 1940, scientists had no fermentation tanks, so penicillin was grown in hundreds of ceramic vessels modeled on hospital bedpans; the improvised system helped turn Fleming’s discovery into a mass-produced medicine",https://economictimes.indiatimes.com/news/international/us/science-in-1940-scientists-had-no-fermentation-tanks-so-penicillin-was-grown-in-hundreds-of-ceramic-vessels-modeled-on-hospital-bedpans-the-improvised-system-helped-turn-flemings-discovery-into-a-mass-produced-medicine/articleshow/133353346.cms,Global Desk,2026-08-19T17:56:06Z,steel production,"In 1940, scientists working to develop penicillin faced a major obstacle: they had discovered a potentially lifesaving medicine but lacked the industrial equipment needed to produce it in large quantities. Instead of modern fermentation tanks, the Oxford team…",The Times of India,Unknown,News,2026-08-21T12:51:01.902626Z
4654b58eac356d85c6d00b69e6f29504,"2 – 4 Sept. IFLA Europe Conference 2026 in Riga, Latvia",https://landezine.com/2-4-sept-ifla-europe-conference-2026-in-riga-latvia/,Editorial,2026-08-19T17:55:25Z,steel production,"The Association of Latvian Landscape Architects are inviting to this year’s IFLA Europe conference and General Assembly in Riga: From 2–4 September 2026, landscape architects, researchers, students and professionals from across Europe and beyond will gather i…",Landezine.com,Unknown,News,2026-08-21T12:51:01.902674Z
6a41cdaa629e83f8f321da609a7b84e9,"If You’re Interested in Independent Watch Brands, Part 2",https://www.hautetime.com/if-youre-interested-in-independent-watch-brands-part-2/,Andre Frois,2026-08-19T17:35:09Z,steel production,"By popular demand, we're shedding light on more small-batch watchmakers who are making big impressions.
The post If You’re Interested in Independent Watch Brands, Part 2 appeared first on Haute Time.",Hautetime.com,Unknown,News,2026-08-21T12:51:01.902718Z
6b41c1bd7c540b67edf56f862737dc1b,1966 Ford Mustang Convertible K-Code 289,https://bringatrailer.com/listing/1966-ford-mustang-1041/,bringatrailer,2026-08-19T17:07:37Z,steel production,This 1966 Ford Mustang K-code convertible is believed to have been purchased in Southern California and subsequently imported to Mexico by its first owner. It was reportedly refinished in red and remained with the original owner’s family for 36 years before r…,Bringatrailer.com,Unknown,Market Report,2026-08-21T12:51:01.902774Z
a0b21b6560a9eb9e4a368c74e0f0af97,India infrastructure boom creates opportunities for New Zealand firms - Madan Mohan Sethi,https://www.nzherald.co.nz/business/business-reports/infrastructure-report/india-infrastructure-boom-creates-opportunities-for-new-zealand-firms-madan-mohan-sethi/ZHRNUEKSBJANDOVOWUMBS2XQMY/,Dr Madan Mohan Sethi,2026-08-19T16:59:00Z,steel production,An India-New Zealand Infrastructure Summit could link businesses and investors.,New Zealand Herald,India,News,2026-08-21T12:51:01.902793Z
d9b19d1dea677ce1711541bb03df7768,1965 Rambler Marlin 287 at No Reserve,https://bringatrailer.com/listing/1965-rambler-marlin-3/,bringatrailer,2026-08-19T16:08:20Z,steel production,"This 1965 Rambler Marlin is powered by a 287ci V8 linked to a three-speed Flash-O-Matic automatic transmission, and the two-door fastback body has been repainted in turquoise. The cabin is outfitted with white vinyl and black cloth upholstery, a push-button r…",Bringatrailer.com,Unknown,News,2026-08-21T12:51:01.902849Z
7db46197a640594d0f971fe0608e8e17,Tri-Power-Equipped 1958 Chevrolet Impala 348 Convertible,https://bringatrailer.com/listing/1958-chevrolet-impala-81/,bringatrailer,2026-08-19T16:04:20Z,steel production,"This 1958 Chevrolet Impala is a black-over-red convertible that underwent a cosmetic and mechanical refurbishment under prior ownership. It is powered by a 348ci V8 equipped with Tri-Power induction and paired with a two-speed automatic transmission, and it r…",Bringatrailer.com,Unknown,News,2026-08-21T12:51:01.902894Z
2904290d58c15863afb8709b11957221,China lands a rocket booster on the ground for the first time,https://thenextweb.com/news/china-landspace-zhuque-3-booster-land-recovery,Darius Popa,2026-08-19T16:00:23Z,steel production,"The Chinese startup LandSpace recovered the first stage of its Zhuque-3 rocket on Wednesday. It is one of only a handful of private companies to land an orbital-class booster. Reuters reported that the feat places LandSpace alongside SpaceX and Blue Origin, a…",The Next Web,China,Market Report,2026-08-21T12:51:01.902911Z
465491cc7b2a47f8f94bc529e351cfe5,Introducing Apex Optics: Precision Rifle Optics for Duty and Field Use,https://soldiersystems.net/2026/08/19/introducing-apex-optics-precision-rifle-optics-for-duty-and-field-use/,Eric G,2026-08-19T16:00:00Z,steel production,"In military, law enforcement, and professional shooting environments, equipment is judged by performance under pressure, not by specification sheets or marketing claims. An optic either tracks correctly, holds zero, and remains usable under stress, or it does…",Soldiersystems.net,Unknown,Market Report,2026-08-21T12:51:01.902955Z
6a952adabe0be63a9b3be086cb623118,MOZA R5 Pro Bundle: New Budget Benchmark?,https://isrtv.com/moza-r5-pro-bundle-new-budget-benchmark/,Trinity Boyd,2026-08-19T15:51:07Z,steel production,"For years, if you asked us where to start with direct drive on a budget, the answer was easy: the MOZA R3. Solid torque, fair […]
The post MOZA R5 Pro Bundle: New Budget Benchmark? appeared first on Inside Sim Racing.",Isrtv.com,Unknown,News,2026-08-21T12:51:01.902994Z
61a38a4ef8d38bcde02dae21c59389e6,"Swiss Side thinks handling matters as much as aero, while Fulcrum says “we will never go hookless”: What do the brands designing the world’s fastest wheels really care about?",https://road.cc/feature/what-do-brands-designing-worlds-fastest-wheels-really-care-about,Tom Weijand,2026-08-19T15:32:12Z,steel production,"In Part 1 of this double header on all things wheels, we looked at the road bike wheel manufacturers and tyre specialists shaping today’s fastest wheel systems, from aerodynamics and rolling resistance to the ongoing hookless debate. Part 2 takes a step furth…",road.cc,Unknown,News,2026-08-21T12:51:01.903049Z
f3f3f189c203579b0073a92c9f12c0d5,"Swiss Side thinks handling matters as much as aero, while Fulcrum says “we will never go hookless”: What do the brands designing the world’s fastest wheels really care about?",https://road.cc/feature/swiss-side-thinks-handling-matters-as-much-as-aero-while-fulcrum-says-we-will-never-go-hookless-what-do-the-brands-designing-the-worlds-fastest-wheels-really-care-about,Tom Weijand,2026-08-19T15:32:12Z,steel production,"In Part 1 of this double header on all things wheels, we looked at the road bike wheel manufacturers and tyre specialists shaping today’s fastest wheel systems, from aerodynamics and rolling resistance to the ongoing hookless debate. Part 2 takes a step furth…",road.cc,Unknown,News,2026-08-21T12:51:01.903090Z
df0d97a22363daeb5a3a3355689ac044,Introducting my book ‘Hot Type’,https://buzzmachine.com/2026/08/19/introducting-my-book-hot-type/,Jeff Jarvis,2026-08-19T15:00:58Z,steel production,"With the release my new book, Hot Type, this week, I will post some good bits in hopes of enticing you into reading it. Here, from the introduction, is a preview of the many delightful rabbit holes I explored building the story of the invention of the first s…",Buzzmachine.com,Unknown,Analysis/Opinion,2026-08-21T12:51:01.903126Z
9f0cfd424de5366a10b659cda6cd90bb,Jones Act 'Suppresses Domestic Commerce' - End It,https://freerepublic.com/focus/f-chat/4392346/posts,Newsmax,2026-08-19T15:00:51Z,steel production,"Any vessel moving cargo between two American ports must be built in an American shipyard, be American-owned and be three-quarters American-crewed. An American-built cargo ship costs $190 million to $250 million to build; the same vessel costs about $30 millio…",Freerepublic.com,USA,News,2026-08-21T12:51:01.903154Z
1c2ef60eba30cf93b5b60f85277e76e1,Stylized Tableware Essentials by Sipahiro Studio,https://assetstore.unity.com/packages/3d/props/interior/stylized-tableware-essentials-396492,,2026-08-19T14:50:13Z,steel production,"Build cohesive kitchens, cafés, dining rooms, and cozy interiors with 24 stylized, real-scale tableware and flatware props, each with four LODs, collision, and 2K PBR textures.Number of unique meshes: 24Number of prefabs: 24Number of materials: 24Number of te…",Unity.com,Unknown,News,2026-08-21T12:51:01.903199Z
0e8efa797d25ef19c0720474943cfbd1,Avantium’s Green Plastic Dream Needs More Cash,https://app.moby.co/home/news/news-avantiums-green-plastic-dream-needs-more-cash?utm_source=yahoo_finance&amp;utm_medium=rss,Mark Nichols,2026-08-19T14:31:57Z,steel production,"The Dutch renewable chemicals group pushed commercial FDCA deliveries to the end of 2026, while preparing a €55 million equity raise to fund the next phase.",Moby.co,Unknown,News,2026-08-21T12:51:01.903237Z
d3ce15e0b72093b792cf946138e87dfe,Changes in skin properties are consequence but not cause of green spot in 'WA 38' apples,https://journals.plos.org/plosone/article?id=10.1371/journal.pone.0356529,"Moritz Knoche, Bruno Carra, Sara Serra, Bishnu P. Khanal, Grecia Hurtado, Simon Sitzenstock, Stefano Musacchi",2026-08-19T14:00:00Z,steel production,The green spot (GS) disorder impairs appearance and restricts ‘WA 38’ marketing. The objectives of the present study were to characterize GS in developing ‘WA 38’ fruit. Green halos around lenticels were the first GS symptoms visible at 47 days after full blo…,Plos.org,Unknown,Market Report,2026-08-21T12:51:01.903279Z
c1618f703a3d5bad9cc239981c7276cb,“We’re probably the best positioned to adapt to changes”: How does the smallest of bike brands stay afloat in 2026?,https://road.cc/offroad/feature/were-probably-the-best-positioned-to-adapt-to-changes-how-does-the-smallest-of-bike-brands-stay-afloat-in-2026,Liam Mercer,2026-08-19T13:39:12Z,steel production,"For years now, we at off.road.cc and the wider cycling industry have been harping on about the post-COVID difficulties that everyone in all corners of the industry has, and still are facing. Brands from little to astronomical are closing; some are rising from…",road.cc,Unknown,News,2026-08-21T12:51:01.903331Z
603c676e5b96538aafdd0eff5e5b93b1,Austin Roofing Completes Ten-Building Steel Roof Restoration at St. Catharines Storage Facility,https://financialpost.com/globe-newswire/austin-roofing-completes-ten-building-steel-roof-restoration-at-st-catharines-storage-facility,GlobeNewswire,2026-08-19T13:35:16Z,steel production,"Eleven Buildings Remain in Portfolio TORONTO, Aug. 19, 2026 (GLOBE NEWSWIRE) — Austin Roofing & Waterproofing Incorporated, Canada’s largest commercial and industrial roofing contractor, has successfully completed the second phase of its landmark twenty-six (…",Financial Post,Unknown,News,2026-08-21T12:51:01.903384Z
7575d323f593dd4e82e43a7e2fab5e01,"What Is Mid-Century Modern Design? The Complete History, Icons, and Comeback of a Movement That Won’t Quit",https://weandthecolor.com/what-is-mid-century-modern-design-the-complete-history-icons-and-comeback-of-a-movement-that-wont-quit/211410,Dirk Petzold,2026-08-19T13:18:46Z,steel production,"Mid-century modern design refuses to stay in the past. Walk into any furniture showroom right now, from IKEA’s mainline collections to boutique studios charging four figures for a single chair, and you’ll spot tapered legs, walnut veneer, and that specific sh…",Weandthecolor.com,Unknown,News,2026-08-21T12:51:01.903435Z
77d84be2e9dc99419df140f2fdcafe97,"U.S. Stocks Set for Rebound as Oil and Treasury Yields Retreat: Dow Jones, S&P, Nasdaq, Wall Street Futures",https://investorshub.advfn.com/market-news/article/34623/u-s-stocks-set-for-rebound-as-oil-and-treasury-yields-retreat-dow-jones-sp-nasdaq-wall-street-futures,Fiona Craig,2026-08-19T13:13:28Z,steel production,"U. S. stock futures pointed to a stronger opening on Wednesday, suggesting Wall Street could recover some of its recent losses as crude oil prices and Treasu...",Advfn.com,Unknown,Market Report,2026-08-21T12:51:01.903468Z
63d5117c8354b7bd37bfbc85291a1d88,Trekor Updates Status of Aley Niobium and Strengthens Project Team,https://financialpost.com/globe-newswire/trekor-updates-status-of-aley-niobium-and-strengthens-project-team,GlobeNewswire,2026-08-19T12:33:57Z,steel production,"VANCOUVER, British Columbia, Aug. 19, 2026 (GLOBE NEWSWIRE) — Trekor Metals Limited (TSX: TKO; NYSE American: TGB; LSE: TKO) (“Trekor” or the “Company”) is pleased to provide an update on the Company’s wholly-owned Aley niobium project, an advanced-stage deve…",Financial Post,USA,News,2026-08-21T12:51:01.903496Z
622c133a15197ad86c38d12cc80c1284,For Sale: Steve McQueen’s Incredible Scott “Flying Squirrel”,https://silodrome.com/steve-mcqueen-scott-flying-squirrel/,Ben Branch,2026-08-19T12:30:58Z,steel production,"This is a late-1930s-era Scott Flying Squirrel, possibly the greatest-named motorcycle in history, and it comes with a matching sidecar. It formerly belonged to...
The post For Sale: Steve McQueen’s Incredible Scott “Flying Squirrel” appeared first on Silodro…",Silodrome.com,Unknown,News,2026-08-21T12:51:01.903542Z
6f134e7afa3db4e14af7bbe0abb1026f,Pittsburgh Might Just Be the Most Dynamic City in America,https://www.esquire.com/news-politics/a73444112/insiders-guide-pittsburgh/,Michael Clinton,2026-08-19T11:00:00Z,steel production,"The collapse of the steel industry was supposed to kill the Steel City, but my hometown never rusted away. Now it’s having a major moment. On a recent trip home, I investigated how the yinzers pulled it off.",esquire.com,USA,News,2026-08-21T12:51:01.903567Z
4f2ba5414ada600bd5094f538185d9b9,Presentation: Understanding Progressive Collapse: How To Avoid A Cascading Failure,https://www.infoq.com/presentations/progressive-collapse-system-resilience/,Sam Newman,2026-08-19T11:00:00Z,steel production,Sam Newman discusses the concept of progressive collapse in civil engineering and how it applies to distributed systems. Using real-world examples - from the 1968 Ronan Point tower failure to AWS outages - he shares crucial resilience engineering strategies f…,InfoQ.com,Unknown,News,2026-08-21T12:51:01.903616Z
46a0bde856b239304c46e277650e2a90,the nakagin capsule tower and the dream of a home that could change,https://www.designboom.com/architecture/nakagin-capsule-tower-dream-home-change-kisho-kurokawa-tokyo/,thomai tsimpou I designboom,2026-08-19T10:50:49Z,steel production,"the nakagin capsule tower turned metabolist ideas about impermanence into a building of replaceable living pods. 
The post the nakagin capsule tower and the dream of a home that could change appeared first on designboom | architecture & design magazine.",Designboom,Unknown,News,2026-08-21T12:51:01.903657Z
9337e7fa73101c25d765e02ae8d5b45d,Catherine Zeta-Jones Thriller Series ‘Kill Jackie’ Sets October Release Date on Prime Video,https://variety.com/2026/tv/global/catherine-zeta-jones-kill-jackie-release-date-prime-video-1236838064/,Ellise Shafer,2026-08-19T10:19:57Z,steel production,"Catherine Zeta-Jones’ highly anticipated thriller series, “Kill Jackie,” has set a premiere date on Prime Video. The Fremantle and Steel Springs Pictures production will release all eight episodes Oct. 2 on the streamer in in the U.K., Ireland, Netherlands, T…",Variety,Unknown,News,2026-08-21T12:51:01.903708Z
78cdd140c3c6f3aab37584bc40d71413,Desperate Times Call for Turkish Measures,https://www.nakedcapitalism.com/2026/08/desperate-times-call-for-turkish-measures.html,Conor Gallagher,2026-08-19T10:00:01Z,steel production,Türkiye is being called upon for a more active role in against Iran and Russia. Will it oblige and would it make any difference?,Nakedcapitalism.com,Russia,News,2026-08-21T12:51:01.903729Z
1730767b5d39870a892fd9ea1af36151,BCCL stops mining at New Akashkinaree Colliery in Dhanbad after DGMS directive,https://www.thehindubusinessline.com/companies/bccl-stops-mining-at-new-akashkinaree-colliery-in-dhanbad-after-dgms-directive/article71364029.ece,PTI,2026-08-19T09:53:57Z,steel production,"DGMS revoked permission under the Coal Mines Regulations, 2017, effective August 17, 2026, due to safety concerns from land subsidence",BusinessLine,Unknown,News,2026-08-21T12:51:01.903778Z
6b0bcc8eba56fe01169ac474cb3c97ac,Indian steel mills face margin squeeze as global coking coal prices rise,https://www.thehindubusinessline.com/markets/commodities/indian-steel-mills-face-margin-squeeze-as-global-coking-coal-prices-rise/article71363850.ece,Reuters,2026-08-19T09:37:29Z,steel production,"India, the world's biggest crude steel producer after China, meets 95% of its coking coal needs through imports, with at least half shipped from Australia",BusinessLine,China,Market Report,2026-08-21T12:51:01.903790Z
9a050fddfd5ec7b40931b867b4c803a4,"Zhuque-3 Y2 landmark recovery test marks China's dual-track reusable rocket development, aerospace experts say",https://www.globalsecurity.org/space/library/news/2026/space-260819-globaltimes01.htm,John Pike,2026-08-19T09:07:28Z,steel production,"A rocket that once would have been discarded after completing its mission has now taken a different path - returning from the edge of space back to Earth. In the early hours on Wednesday, the Zhuque-3 Y2 reusable launch vehicle lifted off for a flight test, c…",Globalsecurity.org,China,News,2026-08-21T12:51:01.903813Z
a2947c4b69807fdcb5032d61bbef6de0,"Fur-trimmed kimono and gravity-defying hair: Japan House London announces Tradition/Rebellion: Coming-of-Age Style in Kitakyushu, Japan",https://www.prnewswire.com/news-releases/fur-trimmed-kimono-and-gravity-defying-hair-japan-house-london-announces-traditionrebellion-coming-of-age-style-in-kitakyushu-japan-302855044.html,,2026-08-19T07:58:00Z,steel production,"11 November 2026 – 18 April 2027 Platform sandals, outrageous accessories and purple hair dye – just some of the bold styles that will be on display at Japan House London's world-first exhibition presenting the fashion of Kitakyushu's Coming-of-Age Ceremony K…",PRNewswire,Japan,News,2026-08-21T12:51:01.903847Z
78ae1f4cc5d26ae3de6bafa950d98183,Indian steel mills face margin squeeze as global coking coal prices rise,https://economictimes.indiatimes.com/industry/indl-goods/svs/steel/indian-steel-mills-face-margin-squeeze-as-global-coking-coal-prices-rise/articleshow/133341259.cms,Reuters,2026-08-19T07:40:26Z,steel production,Indian steelmakers face margin pressure from higher coking coal prices.  Supply disruptions in Australia and China raise steelmaking costs significantly.  These increased costs could delay capacity expansion plans for mills.  Higher import demand also contrib…,The Times of India,China,Market Report,2026-08-21T12:51:01.903863Z
e2dc6cf5f65c2c38d0d5fed35cad43db,"China's LandSpace lands rocket booster; joins SpaceX, Blue Origin with reusable tech",https://www.channelnewsasia.com/east-asia/china-landspace-zhuque3-reusable-rocket-spacex-blue-origin-6327146,,2026-08-19T07:30:23Z,steel production,"LandSpace achieved the feat with its Zhuque-3 rocket on Wednesday (Aug 19), delivering China’s first successful ground-based, leg-assisted landing of an orbital-class booster.",CNA,China,News,2026-08-21T12:51:01.903881Z
c4520c20d2923fd7cee44202ec29c39a,Crate Engine: A 385 BHP SVT Mustang Cobra R V8,https://silodrome.com/crate-engine-ford-svt-mustang-cobra-r-v8/,Ben Branch,2026-08-19T06:30:36Z,steel production,"This is a rare Ford SVT Mustang Cobra R V8 engine that remains in completely unused condition – it’s still bolted down to the...
The post Crate Engine: A 385 BHP SVT Mustang Cobra R V8 appeared first on Silodrome.",Silodrome.com,Unknown,News,2026-08-21T12:51:01.903922Z
2d15c5a7baaf1021ce019eb9a2e08343,KA-BAR’s USMC Knife Pairs a 7-Inch Blade With Lasting History,https://the-gadgeteer.com/2026/08/19/ka-bar-usmc-knife-pairs-a-7-inch-blade-with-lasting-history/,Rei Padla,2026-08-19T06:00:21Z,steel production,"A lot of fixed-blade knives look impressive online but become harder to justify once you consider what you’re actually buying. Some lean heavily on tactical styling, while others use complicated designs or unfamiliar materials without offering much history or…",The Gadgeteer,Unknown,News,2026-08-21T12:51:01.903969Z
d97c50e63dc0b7f74bf4e51d9f913ea6,Warning that mammoth nationwide blackout could last 18 MONTHS as power grid's appalling weak spots exposed,https://www.dailymail.com/news/article-16062409/nationwide-blackout-18-months-power-grid.html,Melissa Koenig,2026-08-19T05:05:58Z,steel production,The former head of the Federal Energy Regulatory Commission has laid bare the devastating potential impact of infrastructure vulnerabilities.,Dailymail.com,Unknown,News,2026-08-21T12:51:01.904004Z
e3be0909661aa8588fd0555f450a8648,Shadow Icons: The Underappreciated References Behind Every Great Watch,https://www.fratellowatches.com/?p=382439,Jorg Weppelink,2026-08-19T05:00:21Z,steel production,"Drumming up a list of the watch world’s biggest icons is easy. While we can debate what constitutes a true icon, we can probably agree that such watches defined a category and had a lasting impact on the current watch landscape. That’s not the discussion we w…",Fratellowatches.com,Unknown,News,2026-08-21T12:51:01.904051Z
e667dd494b220d987ad36ee8d531ae50,China's LandSpace lands rocket booster; joins SpaceX and Blue Origin with reusable tech,https://economictimes.indiatimes.com/tech/technology/chinas-landspace-lands-rocket-booster-joins-spacex-and-blue-origin-with-reusable-tech/articleshow/133335622.cms,Reuters,2026-08-19T02:34:28Z,steel production,"The ability to return, recover and reuse a booster is crucial to reduce cost and make ​it easier to put satellites into orbit, turning space exploration into a commercially viable business similar to ​civil aviation.",The Times of India,China,News,2026-08-21T12:51:01.904074Z
31d252a7ed6124904a6be8ecc929fbe0,China’s LandSpace nails rocket booster landing; joins SpaceX and Blue Origin with reusable tech,https://www.thehindubusinessline.com/news/world/chinas-landspace-nails-rocket-booster-landing-joins-spacex-and-blue-origin-with-reusable-tech/article71363119.ece,Reuters,2026-08-19T01:33:13Z,steel production,"Chinese startup LandSpace on Wednesday recovered the first ​stage of its Zhuque-3 rocket, joining SpaceX and Blue ⁠Origin as the only private companies to land an orbital-class booster and narrowing China’s gap with the U.S. in reusable rockets.",BusinessLine,China,News,2026-08-21T12:51:01.904096Z
f19de69dc4f5ae1d33e20eca24b4d917,Energy Cost Before Energy Generation,https://wattsupwiththat.com/2026/08/18/energy-cost-before-energy-generation/,Guest Blogger,2026-08-19T01:00:00Z,steel production,"Energy systems have to satisfy many requirements simultaneously: reliability, affordability, environmental impact, resource requirements, infrastructure needs and their ability to deliver energy when and where society requires it. But before comparing the ene…",Wattsupwiththat.com,Unknown,News,2026-08-21T12:51:01.904144Z
6548f8c8395d26b21389d6498b41a388,32-Years-Owned 1931 Chrysler CD-8 Sport Roadster,https://bringatrailer.com/listing/1931-chrysler-cd-8-3/,bringatrailer,2026-08-19T00:56:52Z,steel production,This 1931 Chrysler CD-8 Sport Roadster was purchased by the current owner in 1994 and underwent a $65k build that was completed the following year and included the installation of an overbored 299ci straight-eight sourced from a 1938 Chrysler Imperial as well…,Bringatrailer.com,Unknown,News,2026-08-21T12:51:01.904188Z
c8a587991a68f492f57f4c5dc5d4c6c8,1972 Maserati Ghibli SS 4.9 Coupe,https://bringatrailer.com/listing/1972-maserati-ghibli-6/,bringatrailer,2026-08-19T00:34:11Z,steel production,"This 1972 Maserati Ghibli is one of 1,170 coupes manufactured during six years of production, approximately 425 of which left the factory with power from a 4.9-liter quad-cam V8. Chassis 2374 is said to have resided in the San Diego area before spending 22 ye…",Bringatrailer.com,Unknown,News,2026-08-21T12:51:01.904230Z
625f37288410b65e64ce7379c9a91b0e,51-Years-Family-Owned 1966 Cadillac DeVille Convertible,https://bringatrailer.com/listing/1966-cadillac-deville-55/,bringatrailer,2026-08-18T23:27:40Z,steel production,"This 1966 Cadillac DeVille convertible was purchased by the seller's father in 1975, and ownership was transferred to the seller in 2014. Finished in white over red upholstery, the car is powered by a 429ci V8 mated to a three-speed automatic transmission. Eq…",Bringatrailer.com,Unknown,News,2026-08-21T12:51:01.904278Z
34e74525152c40e47a8fa758883b6624,"The Outranger Is a 1,450-Pound Fiberglass Base Camp Your Crossover Can Tow",https://hiconsumption.com/motors/motsmann-outranger-off-road-camper-trailer/,Ryan Calder,2026-08-18T23:27:14Z,steel production,Six bolted fiberglass panels and a water system you never winterize.,Hiconsumption.com,Unknown,News,2026-08-21T12:51:01.904305Z
25d5e62ef904960529158796587e9ea8,1968 Austin Mini Cooper S,https://bringatrailer.com/listing/1968-austin-mini-cooper-s-3/,bringatrailer,2026-08-18T23:13:58Z,steel production,"This 1968 Austin Mini Cooper S is a left-hand-drive Mk II example that was sold new in Germany and subsequently imported to the US under previous ownership. Finished in Almond Green with Snowberry White roof over black vinyl upholstery, it is powered by a rep…",Bringatrailer.com,Germany,News,2026-08-21T12:51:01.904347Z
7dde61a3c3b955b22f98508286189155,"Drilling Tools International Targets Global Growth, Debt Reduction Through Rentals and M&A",https://www.marketbeat.com/instant-alerts/drilling-tools-international-targets-global-growth-debt-reduction-through-rentals-and-ma-2026-08-18/?utm_source=yahoofinance&amp;utm_medium=yahoofinance,MarketBeat,2026-08-18T23:02:09Z,steel production,"Drilling Tools International (NASDAQ:DTI) is pursuing a growth strategy centered on rental tools, international expansion and acquisitions while emphasizing...",MarketBeat,Global,News,2026-08-21T12:51:01.904384Z
4caf938dc2979e7c5749831c0ea49564,18k-Mile 2001 Porsche 911 Carrera 4 Coupe,https://bringatrailer.com/listing/2001-porsche-911-carrera-4-coupe-34/,bringatrailer,2026-08-18T22:10:05Z,steel production,"This 2001 Porsche 911 Carrera 4 coupe was registered to its original owner until 2025 and is finished in Lapis Blue Metallic over Black Standard leather. Powered by a 3.4-liter M96 flat-six that drives all four wheels through a six-speed manual transaxle, the…",Bringatrailer.com,Unknown,News,2026-08-21T12:51:01.904428Z
bfaf1371eec555b82a3e2058864eb526,"How ‘A Knight of the Seven Kingdoms,’ ‘Fallout’ and ‘Spider-Noir’ Production Designers Built Out Their Worlds While Honoring the Source Material",https://variety.com/2026/artisans/features/knight-seven-kingdoms-fallout-spider-noir-production-designers-1236837481/,Matthew Minton,2026-08-18T21:57:36Z,steel production,"This year, an unprecedented number of genre and fantasy shows broke into the Emmys race, including “Widow’s Bay,” “A Knight of the Seven Kingdoms,” “It: Welcome to Derry,” “Fallout,” “Spider-Noir” and “Alien: Earth,” which were all recognized across multiple …",Variety,Unknown,News,2026-08-21T12:51:01.904485Z
a4d08464d9908d26d618bf0f8e9481e7,"New report warns High-Speed Rail’s funding could run dry by 2027, flags transparency concerns",https://www.kpbs.org/news/politics/2026/08/18/new-report-warns-high-speed-rails-funding-could-run-dry-by-2027-flags-transparency-concerns,Sarit Laschinsky,2026-08-18T21:28:47Z,steel production,"A recent Inspector General's report says the controversial transportation project's business plan is not providing enough information about delays and cost increases, and warns that High-Speed Rail could run out of money by next December.",KPBS,Unknown,Market Report,2026-08-21T12:51:01.904529Z
a8974c09fdff8cdf4c07edb650b07b3e,1971 Plymouth Sport Fury Dukes of Hazzard Tribute at No Reserve,https://bringatrailer.com/listing/1971-plymouth-fury-3/,bringatrailer,2026-08-18T21:15:50Z,steel production,This 1971 Plymouth Sport Fury sedan was given a makeover under previous ownership in the style of the police cruisers driven by the Sheriff Rosco P. Coltrane character on the TV show The Dukes of Hazzard. It is powered by a 383ci V8 paired with a three-speed …,Bringatrailer.com,Unknown,News,2026-08-21T12:51:01.904574Z
a203c0e4478ff01ae65215f0b5786dac,Breitbart Business Digest: The Trump-Bessent CapEx Boom Is Fueling a U.S. Manufacturing Renaissance,https://www.breitbart.com/economy/2026/08/18/breitbart-business-digest-the-trump-bessent-capex-boom-is-fueling-a-u-s-manufacturing-renaissance/,John Carney,2026-08-18T19:55:51Z,steel production,"Treasury Secretary Scott Bessent spent much of last year predicting that the Trump administration’s policies would set off a boom in capital spending.
The post Breitbart Business Digest: The Trump-Bessent CapEx Boom Is Fueling a U.S. Manufacturing Renaissance…",Breitbart News,Unknown,News,2026-08-21T12:51:01.904624Z
5ee647bcd67c4764690e0bb009c654fb,How the ‘Hacks’ Production Team Created a ’70s Sitcom Set and Overcame Las Vegas-Sized Challenges,https://variety.com/2026/artisans/awards/hacks-70s-sitcom-set-las-vegas-blackout-1236837382/,Jazztangcay,2026-08-18T19:24:00Z,steel production,"In the “Hacks” universe, “Who’s Making Dinner?” is a fictional sitcom celebrating its 50th anniversary at PaleyFest with a screening and party. The story goes that the sitcom was created in the 1970s by Deborah (Jean Smart) alongside her late husband, Frank. …",Variety,Unknown,News,2026-08-21T12:51:01.904675Z
247834c819c0d96db8b5993a9260ccf2,Trump considers tariff reprieve for Canada amid intense trade negotiations,https://cryptobriefing.com/trump-canada-tariff-reprieve-trade-talks/,Editorial Team,2026-08-18T19:18:19Z,steel production,"The potential tariff reprieve could stabilize US-Canada trade relations, mitigating economic disruptions and fostering cooperative negotiations.
The post Trump considers tariff reprieve for Canada amid intense trade negotiations appeared first on Crypto Brief…",Crypto Briefing,Unknown,News,2026-08-21T12:51:01.904725Z
21f6795ef3c36ea742bdb49b647bd7cd,1970 Ford F-100 Custom Flareside at No Reserve,https://bringatrailer.com/listing/1970-ford-f-100-100-2/,bringatrailer,2026-08-18T18:08:14Z,steel production,"This 1970 Ford F-100 Custom Flareside was repainted in Latte Menta in late 2025; the cabin was re-trimmed in brown, and the 390ci V8 was refreshed at that time. In 2026, the suspension and brake systems were overhauled, and the tires and exhaust system were r…",Bringatrailer.com,Unknown,News,2026-08-21T12:51:01.904788Z
38617084210027e2e1b835784e45f7b2,25k-Mile 2003 Porsche 911 Turbo Coupe X50 6-Speed,https://bringatrailer.com/listing/2003-porsche-911-turbo-coupe-123/,bringatrailer,2026-08-18T17:54:08Z,steel production,This 2003 Porsche 911 Turbo coupe was optioned with the X50 Turbo Power Kit and is finished in Arctic Silver Metallic over black full leather upholstery. Power comes from a twin-turbocharged 3.6L flat-six that drives all four wheels via a six-speed manual tra…,Bringatrailer.com,Unknown,News,2026-08-21T12:51:01.904832Z
fbe7aec78247cbccf4c38b8c91372d6a,Tata Sons' capital call: Listed giants find their own growth fuel,https://www.business-standard.com/specials/news/tata-sons-capital-call-listed-giants-find-their-own-growth-fuel-126081801526_1.html,"Sohini Das, Nandini Keshari, Ishita Ayan Dutt",2026-08-18T16:57:20Z,steel production,"In the concluding part, Business Standard examines how listed Tata companies will fund expansion",Business Standard,Unknown,News,2026-08-21T12:51:01.904862Z
068e83b719e1c881352f38625405c771,Crunchyroll Begins Huge Anime And Manga Purge In End Of 16-Year Era,https://screenrant.com/crunchyroll-store-anime-manga-purge/,Evan D. Mullicane,2026-08-18T16:50:44Z,steel production,"Crunchyroll has been hit with controversy after its store updated to remove a massive amount of anime and manga titles, leaving fans uncertain.",Screen Rant,Unknown,News,2026-08-21T12:51:01.904895Z
c7505d16a5fb016cfe46a7e7f6791671,Someone Designed an Off-Grid Modular Home From a Farm Equipment Catalog,https://www.yankodesign.com/2026/08/18/someone-designed-an-off-grid-modular-home-from-a-farm-equipment-catalog/,JC Torres,2026-08-18T16:20:28Z,steel production,"Someone Designed an Off-Grid Modular Home From a Farm Equipment CatalogThe search for affordable, sustainable housing tends to produce two kinds of proposals. The first involves entirely new materials, new manufacturing processes, and supply chains...",Yanko Design,Unknown,News,2026-08-21T12:51:01.904938Z
6f687758a3686f3bf145f997e0e10101,"Keralam Govt to lease land to CSL for Rs 5,000 cr ship block building project, says CM Satheesan",https://economictimes.indiatimes.com/markets/digital-real-estate/realty-news/keralam-govt-to-lease-land-to-csl-for-rs-5000-cr-ship-block-building-project-says-cm-satheesan/articleshow/133326951.cms,PTI,2026-08-18T15:58:14Z,steel production,"The Kerala government has made a significant move by leasing 18.16 acres of land to Cochin Shipyard. This new land allocation will facilitate a ship block building project with an impressive investment of Rs 5,000 crore. The initiative is anticipated to gener…",The Times of India,Unknown,News,2026-08-21T12:51:01.904986Z
39f405a6aed5cf496e96e4c674bbd165,1988 Porsche 911 Carrera Cabriolet G50 Turbo-Look at No Reserve,https://bringatrailer.com/listing/1988-porsche-911-carrera-cabriolet-107/,bringatrailer,2026-08-18T15:10:16Z,steel production,"This black-over-black 1988 Porsche 911 Carrera cabriolet was fitted with steel Turbo-look fender flares under previous ownership. It was acquired by the seller in 2025 and received nearly $20k in work in early 2026, including installation of a Sport Performan…",Bringatrailer.com,Unknown,News,2026-08-21T12:51:01.905068Z
6a590298dea361ab92dc447026c69323,"Mosaic couldn’t find a proper fork for their new 32er, so they created a component company",https://www.singletracks.com/?p=724884,Travis Reill,2026-08-18T15:00:00Z,steel production,"Mosaic Cycles launches Zero Components to manufacture 32-inch gravel forks for their new GT i55 32 titanium gravel bike.
The article Mosaic couldn’t find a proper fork for their new 32er, so they created a component company appeared first on Singletracks Moun…",Singletracks.com,Unknown,News,2026-08-21T12:51:01.905117Z
380d72dce585d355c5b1995b8ae24824,Abundance Has a Landlord: AI Is Shifting Scarcity From Software to Substance,https://www.fairobserver.com/more/science/abundance-has-a-landlord-ai-is-shifting-scarcity-from-software-to-substance/,Usama Malik,2026-08-18T14:26:23Z,steel production,"In 2026, a company whose entire business was knowing things lost roughly 60% of its value over the past year. Gartner sells research. For decades, executives paid subscription fees for access to analysts who had spent careers accumulating industry knowledge, …",Fair Observer,Unknown,News,2026-08-21T12:51:01.905165Z
7c84c1047154e54a614ea8e16dd99d10,1966 Pontiac GTO Hardtop Coupe 4-Speed,https://bringatrailer.com/listing/1966-pontiac-gto-160/,bringatrailer,2026-08-18T14:00:14Z,steel production,"This 1966 Pontiac GTO hardtop coupe was purchased by the seller in California in 2015, and refurbishment work started within the same year and completed in 2021 involved removing the body from the frame, repainting the exterior in the Dodge shade of Octane Re…",Bringatrailer.com,Unknown,News,2026-08-21T12:51:01.905209Z
45ce78e8b712fae7c5b2c09220c79663,Endocrine disruptors: How hormone-disrupting chemicals in everyday products can affect your thyroid and health,https://theconversation.com/endocrine-disruptors-how-hormone-disrupting-chemicals-in-everyday-products-can-affect-your-thyroid-and-health-289778,"Maria Fernanda Barca, Médica, doutora em Endocrinologia e membro do grupo de Tireoide do Hospital das Clínicas da Faculdade de Medicina, Universidade de São Paulo (USP)",2026-08-18T13:37:11Z,steel production,"Dependent on a delicate hormonal balance, the thyroid gland is adversely affected by ultra-processed foods, among other artificial interventions in our diet.",The Conversation Africa,Unknown,News,2026-08-21T12:51:01.905246Z
36efe0e0849a0b95d2f72b8c5da15df0,"In March 1945, USS Trigger sank in the East China Sea; 81 years later, restoration work on USS Silversides uncovered a flood valve that appears to connect the surviving boat to its lost sister",https://economictimes.indiatimes.com/news/international/us/in-march-1945-uss-trigger-sank-in-the-east-china-sea-81-years-later-restoration-work-on-uss-silversides-uncovered-a-flood-valve-that-appears-to-connect-the-surviving-boat-to-its-lost-sister/articleshow/133321709.cms,Global Desk,2026-08-18T13:16:20Z,steel production,"Historic submarine restoration has uncovered a remarkable World War II mystery. Workers found a flood valve stamped with the name USS Trigger, a sister submarine that sank in the East China Sea on March 28, 1945. The valve was discovered inside USS Silverside…",The Times of India,China,News,2026-08-21T12:51:01.905270Z
2539bf037362a04449e17ae9558662b7,U.S. Gold Corp. Provides CEO Update - August 2026,https://www.prnewswire.com/news-releases/us-gold-corp-provides-ceo-update---august-2026-302855961.html,,2026-08-20T12:05:00Z,coal demand,"Advancing the Fully Permitted, Shovel Ready CK Gold Project CHEYENNE, Wyo., Aug. 20, 2026 /PRNewswire/ -- U.S. Gold Corp. (""U.S. Gold,"" the ""Company,"" ""we,"" ""our"" or ""us"") (Nasdaq: USAU), a U.S.-focused development and gold and copper exploration company, is …",PRNewswire,Unknown,News,2026-08-21T12:51:02.439326Z
7844fe8399f0820afc432b6e15dc8b82,"Sensex today | Stock Market Highlights: Sensex, Nifty snap losing streak as IT and financial stocks drive broad-based gains",https://www.thehindubusinessline.com/markets/sensex-nifty50-today-stock-market-highlights-updates-20th-august-2026/article71365156.ece,"Team BL, KS Badri Narayanan",2026-08-20T10:37:26Z,coal demand,"Sensex, Nifty, Share Prices Highlights: Indian equities staged a broad-based rebound on Thursday, with technology and financial stocks leading gains as easing US bond-market concerns improved global risk appetite, while elevated crude prices and regulatory sc…",BusinessLine,India,Market Report,2026-08-21T12:51:02.439363Z
218af1b7b255ae0b3ed1431d20525500,Tata Consumer likely to take 'calibrated' price hikes if cost woes persist; eyes double-digit FY27 growth,https://economictimes.indiatimes.com/industry/cons-products/fmcg/tata-consumer-likely-to-take-calibrated-price-hikes-if-cost-woes-persist-eyes-double-digit-fy27-growth/articleshow/133371678.cms,PTI,2026-08-20T09:09:28Z,coal demand,Tata Consumer Products anticipates sustained double-digit revenue growth through strong consumer demand.  The company's fast-growing food and beverage segments are key drivers of this expansion.  Calibrated price adjustments may occur if commodity and energy …,The Times of India,Unknown,News,2026-08-21T12:51:02.439416Z
51fe403a3e246b2013f347983d7c65d1,Tata Consumer Products confident of double-digit growth in FY27: CEO,https://www.business-standard.com/companies/news/tata-consumer-products-confident-of-double-digit-growth-in-fy27-ceo-126082000616_1.html,Press Trust of India,2026-08-20T08:56:44Z,coal demand,"Tata Consumer Products Ltd (TCPL) expects to maintain double-digit revenue growth in FY27, driven by healthy consumer demand, strong volume-led expansion and continued momentum from its fast-growing food and beverage businesses, MD & CEO Sunil D'Souza said.
T…",Business Standard,Unknown,News,2026-08-21T12:51:02.439465Z
af2d98e66b3713a3384c4f9bd9ede284,ETMarkets Smart Talk | Nifty enters ‘very attractive’ zone as earnings improve: Union AMC’s Sanjay Bembalkar,https://economictimes.indiatimes.com/markets/expert-view/etmarkets-smart-talk-nifty-enters-very-attractive-zone-as-earnings-improve-union-amcs-sanjay-bembalkar/articleshow/133361932.cms,Kshitij Anand,2026-08-20T02:18:36Z,coal demand,"Despite muted foreign flows and persistent geopolitical uncertainties keeping a lid on the broader market, corporate earnings have remained encouraging and several manufacturing segments are showing signs of stronger growth ahead.",The Times of India,Unknown,Market Report,2026-08-21T12:51:02.439563Z
4d0a07459d18f7dc78b4afcd91691253,Washington Lit the Fuse for Africa’s Energy Explosion,https://wattsupwiththat.com/2026/08/19/washington-lit-the-fuse-for-africas-energy-explosion/,Guest Blogger,2026-08-20T01:00:00Z,coal demand,"The boy in Cabo Delgado and the girl in Rivers State are the first generation with a plausible route out of poverty their grandparents never had, and that pathway runs through the hydrocarbons their economies require.
The post Washington Lit the Fuse for Afri…",Wattsupwiththat.com,Unknown,News,2026-08-21T12:51:02.439613Z
4ce2b09257d81226d405a5783bcd4c13,Coal Remains The Undisputed King Of Global Power,https://oilprice.com/Energy/Coal/Coal-Remains-The-Undisputed-King-Of-Global-Power.html,Charles Kennedy,2026-08-20T00:00:00Z,coal demand,"The world is installing wind turbines and solar panels faster than ever, but coal still generates more electricity than any other source, and by a huge margin. The International Energy Agency (IEA) expects coal-fired power plants to generate 10,974 terawatt-h…",OilPrice.com,Global,Market Report,2026-08-21T12:51:02.439655Z
a90bfc22daffd7491fe9b56ddf5a7928,The Strongest El Niño on Record Lands on the Tightest Energy Market in Years,https://oilprice.com/Energy/Energy-General/The-Strongest-El-Nio-on-Record-Lands-on-the-Tightest-Energy-Market-in-Years.html,Michael Kern,2026-08-19T17:00:00Z,coal demand,"Romania spent more than 2 million euros this month detonating rocks and sinking barges in the Danube, trying to shove enough water toward the Cernavoda nuclear plant to keep its reactors cool. It didn’t work.  On Aug. 13, Nuclearelectrica began a controlled s…",OilPrice.com,Unknown,Market Report,2026-08-21T12:51:02.439700Z
f1094b293ef515c47dc01bd2f08dd444,"Bitcoin price hits $69,500 because US just doubled Treasury buybacks to crush long-term yields",https://cryptoslate.com/bitcoin-price-hits-69500-as-over-400m-of-shorts-liquidated-because-us-doubles-treasury-debt-buybacks-to-crush-long-term-yields/,Oluwapelumi Adejumo,2026-08-19T15:37:42Z,coal demand,"Bitcoin and Ethereum surged above $69,500 and $2,000 on Wednesday after the US Treasury doubled planned buybacks of long-dated government debt. On Aug. 19, the Treasury Department said it will raise the maximum size of its liquidity-support operations for 10-…",CryptoSlate,Unknown,News,2026-08-21T12:51:02.439781Z
6c5c4368facb491fc63fad27cd477ff2,Fire Breaks Out at Rosneft-Owned Refinery After Ukrainian Drone Strike,https://oilprice.com/Latest-Energy-News/World-News/Fire-Breaks-Out-at-Rosneft-Owned-Refinery-After-Ukrainian-Drone-Strike.html,Charles Kennedy,2026-08-19T14:30:00Z,coal demand,"Ukraine hit a refinery in Russia’s Bashkortostan region overnight in a drone attack that sparked a fire, as Kyiv continues to pound Russian energy infrastructure to reduce Russian fuel supply. One of the refineries in Ufa, in the Bashkortostan republic, caugh…",OilPrice.com,Russia,News,2026-08-21T12:51:02.439815Z
5b955e13db88091b8c79e26edd988149,"Sensex, Nifty fall for 7th straight session as rising crude oil prices weigh on sentiment",https://www.thehindubusinessline.com/markets/sensex-nifty-fall-for-7th-straight-session-as-rising-crude-oil-prices-impact-market-sentiment/article71364787.ece,Anupama Ghosh,2026-08-19T12:13:57Z,coal demand,"Nifty IT becomes sole gainer sectorally, rising 0.4% and snapping a four-day losing streak on value buying and domestic capital rotation",BusinessLine,Unknown,Market Report,2026-08-21T12:51:02.439887Z
f7d45e9279408046108457d718192f53,Sensex today | Stock Market Highlights: Indian markets decline for seventh straight session; Nifty loses 2.1% in seven days,https://www.thehindubusinessline.com/markets/sensex-nifty50-today-stock-market-highlights-19th-august-2026/article71360276.ece,"Team BL, KS Badri Narayanan",2026-08-19T10:33:24Z,coal demand,"Sensex, Nifty, Share Prices Highlights: Indian equities extended their losing streak on Wednesday as surging crude oil prices and rising global bond yields weakened risk appetite, with the Nifty 50 posting its longest run of daily losses in 11 months.",BusinessLine,India,Market Report,2026-08-21T12:51:02.439905Z
a8d38495418cc0bd7680518aeb852fc9,"Bitcoin near $64,350 as weak liquidity and subdued on-chain activity signal caution",https://economictimes.indiatimes.com/markets/cryptocurrency/crypto-news/bitcoin-near-64350-as-weak-liquidity-and-subdued-on-chain-activity-signal-caution/articleshow/133344028.cms,Surbhi Khanna,2026-08-19T09:53:07Z,coal demand,"Bitcoin remained near the $64,000 mark as analysts flagged caution amid weak spot liquidity and subdued on-chain activity, despite signs of stabilising capital flows. Short covering and improving spot ETF flows provided some support, while experts highlighted…",The Times of India,Unknown,News,2026-08-21T12:51:02.439954Z
1ef3cdf76aeb4bb992a0eeeecbb2a8dd,"Indonesia moves to control mineral, resource prices with 2027 Exchange",https://en.antaranews.com/news/427688/indonesia-moves-to-control-mineral-resource-prices-with-2027-exchange,"Putu Indah Savitri, Yashinta Difa",2026-08-19T09:45:11Z,coal demand,Energy and Mineral Resources (ESDM) Minister Bahlil Lahadalia affirmed that Indonesia will soon have the authority to regulate its own natural resource (SDA) ...,Antaranews.com,Indonesia,Market Report,2026-08-21T12:51:02.440026Z
6f7a716ced6783f5fa3d21003cb969b3,"Silicon Valley is losing the data center fight, risking a repeat of a classic failure",https://www.foxnews.com/opinion/silicon-valley-losing-data-center-fight-risking-repeat-classic-failure,,2026-08-19T09:00:25Z,coal demand,"Silicon Valley faces 71% public opposition to data centers as local groups block $64 billion in projects, outpacing even nuclear energy resistance.",Fox News,Unknown,News,2026-08-21T12:51:02.440072Z
8105114a3c54ddd8757a0a6d73206805,"In 1907, a Belgian chemist named Leo Baekeland heated phenol and formaldehyde in an iron pot in his barn laboratory and produced Bakelite, the first fully synthetic plastic — a lineage of thermoset chemistry that leads directly to the melamine plates a toddler now bangs on a highchair tray without cracking.",https://theartfulage.com/ap-in-1907-a-belgian-chemist-named-leo-baekeland-heated-phenol-and-formaldehyde-in-an-iron-pot-in-his-barn-laboratory-and-produced-bakelite-the-first-fully-synthetic-plastic-a-lineage-of-t/,The Artful Age Editorial Team,2026-08-19T07:55:29Z,coal demand,"In 1907, Belgian-born chemist Leo Baekeland patented Bakelite — the first fully synthetic plastic — after 800 experiments in a Yonkers workshop. The thermoset chemistry he pioneered still lives inside the melamine plate a toddler drops without cracking.
The p…",Theartfulage.com,Unknown,News,2026-08-21T12:51:02.440143Z
7999a6f0d2f63a364848c752b280d421,"Markets fall for seventh straight session; banks, metals drag as crude weighs on sentiment",https://www.thehindubusinessline.com/markets/stock-markets/markets-fall-for-seventh-straight-session-banks-metals-drag-as-crude-weighs-on-sentiment/article71363854.ece,Anupama Ghosh,2026-08-19T07:34:09Z,coal demand,"Investor sentiment remained fragile as persistent geopolitical tensions, higher oil prices and currency weakness intensified pressure on domestic equities.",BusinessLine,Unknown,Market Report,2026-08-21T12:51:02.440193Z
f11e28c814a6cf4f403152b9d9052d13,South Africa to Australia: Why coal profits are surging during Iran war,https://www.aljazeera.com/news/2026/8/19/south-africa-to-australia-why-coal-profits-are-surging-during-iran-war,Shola Lawal,2026-08-19T06:27:30Z,coal demand,"Coal companies are reporting a huge rise in profits, but analysts say global clean energy transition is still on track.",Al Jazeera English,Australia,Market Report,2026-08-21T12:51:02.440206Z
41e9aae2eaeaca76d868eeb7feefc9db,Back In The ‘90s Elon Musk Turned His Dorm Room Into A Club And Charged A $5 Cover To Pay Rent — Now He's The Richest Man Alive And Still Rents,https://finance.yahoo.com/small-business/articles/back-90s-elon-musk-turned-230106361.html,Jeannine Mancini,2026-08-18T23:01:06Z,coal demand,"Long before rockets blasted into orbit and electric cars reshaped the auto industry, Tesla and SpaceX CEO Elon Musk found a far simpler way to cover rent —th...",Yahoo Entertainment,Unknown,News,2026-08-21T12:51:02.440260Z
0acbfb1baa3f9c8d16fd95bd7c71203a,"Ramaco Resources, Inc. Announces Non-Binding Memorandum of Understanding with Indium Corporation",https://www.prnewswire.com/news-releases/ramaco-resources-inc-announces-non-binding-memorandum-of-understanding-with-indium-corporation-302854525.html,,2026-08-18T20:30:00Z,coal demand,"LEXINGTON, Ky., Aug. 18, 2026 /PRNewswire/ -- Ramaco Resources, Inc. (NASDAQ: METC, METCB) (""Ramaco"" or the ""Company"") today announced that it has entered into a non-binding memorandum of understanding (""MOU"") with Indium Corporation relating to the supply of…",PRNewswire,Unknown,News,2026-08-21T12:51:02.440308Z
c473b7e033a8fb47dff0c3a9827ac914,Ramaco Chairman and CEO Randall Atkins to Appear on Fox Business' Making Money with Charles Payne to discuss U.S. Critical Mineral and Brook Mine Development,https://www.prnewswire.com/news-releases/ramaco-chairman-and-ceo-randall-atkins-to-appear-on-fox-business-making-money-with-charles-payne-to-discuss-us-critical-mineral-and-brook-mine-development-302854531.html,,2026-08-18T20:30:00Z,coal demand,"LEXINGTON, Ky., Aug. 18, 2026 /PRNewswire/ -- Ramaco Resources, Inc. (NASDAQ: METC, METCB) (""Ramaco"" or the ""Company"") Ramaco is pleased to announce that its Chairman and CEO, Randall W. Atkins, will be featured in an upcoming interview with Charles Payne on …",PRNewswire,Unknown,Analysis/Opinion,2026-08-21T12:51:02.440354Z
d88f6ff4f7f46300c18303c6e2995ef1,The Publishers’ Plot,https://www.lrb.co.uk/blog/2026/august/the-publishers-plot,Anna Aslanyan,2026-08-18T17:36:16Z,coal demand,"In May 2025, ten people affiliated with Eksmo, Russia’s publishing behemoth, were detained in Moscow. Three of them, Pavel Ivanov, Dmitry Protopopov...",London Review of Books,Russia,News,2026-08-21T12:51:02.440377Z
f9bf9063db7e8c774a08f9a163048628,Aussie Coal Plants to Stay Operational Thanks to a “Souring” Renewable Investment Environment,https://wattsupwiththat.com/2026/08/18/aussie-coal-plants-to-stay-operational-thanks-to-a-souring-renewable-investment-environment/,Eric Worrall,2026-08-18T17:00:00Z,coal demand,"Only the most committed green states are closing coal plants. 
The post Aussie Coal Plants to Stay Operational Thanks to a “Souring” Renewable Investment Environment appeared first on Watts Up With That?.",Wattsupwiththat.com,Unknown,News,2026-08-21T12:51:02.440423Z
388beaaef6b6ef20b94d054e917e8120,"I Paid Off Our $347K House Early by Working a Second Job. Now My Wife Wants the House, Alimony and Half My Retirement in Our Divorce",https://finance.yahoo.com/real-estate/articles/paid-off-347k-house-early-163109024.html,Jeannine Mancini,2026-08-18T16:31:09Z,coal demand,"When the last mortgage payment cleared, it felt like the finish line. Years of late nights, weekend shifts and skipped vacations had finally paid off. Then c...",Yahoo Entertainment,Unknown,News,2026-08-21T12:51:02.440461Z
3b9100bb38c4dd36321e306bb5313338,Presentation: From Fab To Token - The State Of The Market,https://www.infoq.com/presentations/ai-hardware-tokenomics/,Jordan Nanos,2026-08-18T16:00:00Z,coal demand,"Jordan Nanos discusses how semiconductor constraints, data center expansion, and networking bottlenecks impact AI software architecture. Drawing from SemiAnalysis research, he shares insights on benchmark performance, GPU scaling, and tokenomics from chip fab…",InfoQ.com,Unknown,Analysis/Opinion,2026-08-21T12:51:02.440500Z
317e2925214e208b55cbecf47fa32252,Glencore’s planned Australian debut draws interest as investors look past coal,https://www.regionalmedianews.com/news/national/business/glencores-planned-australian-debut-draws-interest-as-investors-look-past-coal/,,2026-08-18T15:13:46Z,coal demand,"By Melanie Burton MELBOURNE, Aug 18 (Reuters) – Glencore could leap into top market indices within six months of listing in Australia as fund managers’ copper appetite may outweigh concerns over thermal coal exposure, analysts and investors said following bri…",Regionalmedianews.com,Australia,Market Report,2026-08-21T12:51:02.440518Z
17553a2e217f1011d1e2f5fa715cc29e,The Next Energy Crisis Could Be a Water Crisis,https://www.nakedcapitalism.com/2026/08/the-next-energy-crisis-could-be-a-water-crisis.html,Yves Smith,2026-08-18T13:57:15Z,coal demand,An overview of the increased stresses on water supplies and their relationship to energy production.,Nakedcapitalism.com,Unknown,Analysis/Opinion,2026-08-21T12:51:02.440592Z
452212820c46e0c0e0cae6b09ca6946a,In-Stock Gas Turbines & Magnetic-Bearing Chiller Systems Powering Global AI Data Center Development,https://www.prnewswire.com/news-releases/in-stock-gas-turbines--magnetic-bearing-chiller-systems-powering-global-ai-data-center-development-302854155.html,,2026-08-18T13:30:00Z,coal demand,"NEW YORK and HOUSTON, Aug. 18, 2026 /PRNewswire/ -- Recently, Xinran Group, in partnership with China Hydrogen Energy Corporation Limited, has launched a high-performance range of gas turbine products for global markets, targeting key regions including the Un…",PRNewswire,China,Market Report,2026-08-21T12:51:02.440608Z
7e6cbe35fbc7f5a761f2857620bfe3fd,How Cellphones Solved A Problem The Power Grid Still Faces,https://www.forbes.com/sites/annademeo/2026/08/18/how-cellphones-solved-a-problem-the-power-grid-still-faces/,"Anna Demeo, Contributor, 
 Anna Demeo, Contributor
 https://www.forbes.com/sites/annademeo/",2026-08-18T13:24:46Z,coal demand,"The electricity grid is at a critical juncture, much like the telecom industry's past shift from landlines to wireless.",Forbes,Unknown,News,2026-08-21T12:51:02.440640Z
72035614cbe811b3d3d916bc2ab1829b,"Kaziranga ESZ row: Residents protest in support of Assam’s 1-km buffer, oppose Gaurav Gogoi’s 10-km demand",https://economictimes.indiatimes.com/news/india/kaziranga-esz-row-residents-protest-in-support-of-assams-1-km-buffer-oppose-gaurav-gogois-10-km-demand/articleshow/133322462.cms,Bikash Singh,2026-08-18T12:34:19Z,coal demand,"Residents from areas around Kaziranga National Park protested in Assam’s Kaliabor on Tuesday, backing the state government’s proposal to reduce the eco-sensitive zone from 10 km to 1 km. Protesters opposed Congress leaders Gaurav Gogoi and Akhil Gogoi, while …",The Times of India,Unknown,News,2026-08-21T12:51:02.440692Z
4f4007f1cde54b75c631f70c5bff71d9,"Power ‘quality’ is why SpaceX’s Terafab is going with on-site gas, analysts say",https://www.facilitiesdive.com/news/power-quality-is-why-spacexs-terafab-is-going-with-on-site-gas-analysts/828086/,Robert Freedman,2026-08-18T12:06:58Z,coal demand,The plan for what’s billed as the world’s largest manufacturing facility would use natural gas turbines and battery storage because silicon chips require a h...,Facilitiesdive.com,Unknown,News,2026-08-21T12:51:02.440734Z
6938aee640894d714cfcde0d2322ba63,Alpha Metallurgical (AMR) Weathers A Rough Quarter On Multiple Fronts,https://finance.yahoo.com/markets/stocks/articles/alpha-metallurgical-amr-weathers-rough-115508588.html,Maham Fatima,2026-08-18T11:55:08Z,coal demand,"On August 7, Alpha Metallurgical Resources (NYSE:AMR) held its second-quarter earnings call, and the numbers told a rougher story than investors likely wante...",Yahoo Entertainment,Unknown,News,2026-08-21T12:51:02.440783Z
73d4140880973f8b105e9588487f2d1e,Romania Prepares for a new peak in electricity consumption. Bușoi: Import prices exceed €200 during peak hours,https://www.mediafax.ro/english/romania-prepares-for-a-new-peak-in-electricity-consumption-busoi-import-prices-exceed-e200-during-peak-hours-23792350,Oana Antipa,2026-08-18T11:32:42Z,coal demand,"Romania is not facing any risks to the security of its electricity supply in the coming days. However, the heatwave will push consumption above 7,000 MW and increase the need for imports, Cristian Bușoi, State Secretary at the Ministry of Energy, told Antena …",Mediafax.ro,Unknown,Market Report,2026-08-21T12:51:02.440832Z
58d57b1ae6aa670e8ed6175c2e417432,Nasdaq Futures Plunge as Rising Bond Yields Drive Chip Selloff,https://www.barchart.com/story/news/3902047/nasdaq-futures-plunge-as-rising-bond-yields-drive-chip-selloff,Oleksandr Pylypenko,2026-08-18T10:44:54Z,coal demand,"September Nasdaq 100 E-Mini futures (NQU26) are down -1.21% this morning as a global bond rout sapped investors’ appetite for risk, triggering a selloff in c...",Barchart.com,Global,News,2026-08-21T12:51:02.440871Z
89562a535587c0cc4e942bba29be0d8c,"Hindustan Copper plans capital investment of over Rs 7,000 cr over next 5-6 yrs",https://economictimes.indiatimes.com/industry/indl-goods/svs/metals-mining/hindustan-copper-plans-capital-investment-of-over-rs-7000-cr-over-next-5-6-yrs/articleshow/133317492.cms,PTI,2026-08-18T09:42:42Z,coal demand,Hindustan Copper plans significant capital investment over the next five to six years. This expansion drive includes exploration and mine revival initiatives. The company is also pursuing strategic partnerships for growth opportunities. Rising domestic copper…,The Times of India,Unknown,News,2026-08-21T12:51:02.440920Z
aac9a635150bb77872639d4863486dad,"Hindustan Copper plans capital investment of ₹7,000 cr in next 5-6 yrs",https://www.business-standard.com/companies/news/hindustan-copper-plans-capital-investment-of-7-000-cr-in-next-5-6-yrs-126081800657_1.html,Press Trust of India,2026-08-18T09:07:01Z,coal demand,"State-owned Hindustan Copper Ltd (HCL) on Tuesday said it is planning capital investment of over Rs 7,000 crore over the next five to six years, as part of an expansion drive that includes exploration, mine revivals and strategic partnerships.
In a regulatory…",Business Standard,Unknown,News,2026-08-21T12:51:02.440967Z
7493acae215e23b0dcb38dac4f93b163,"New report ties energy abundance directly to longer lives, higher incomes",https://www.naturalnews.com/2026-08-18-energy-abundance-tied-longer-lives-higher-incomes.html,Cassie B.,2026-08-18T06:00:00Z,coal demand,"Energy and prosperity are inseparable, as no nation has achieved lasting wealth without abundant power. Poorer nations face stark income and lifespan gaps tied directly to low electricity consumption. Industrial output and farm yields rise sharply with greate…",Naturalnews.com,Unknown,Market Report,2026-08-21T12:51:02.441012Z
8df3b11f59a2b1abc0ac7c445ff3ea3a,"Diesel Crack Spread Screams Economic Red Alert, and Inflation Will Soon Surge",https://www.naturalnews.com/2026-08-18-diesel-crack-spread-screams-economic-red-alert.html,Mike Adams,2026-08-18T06:00:00Z,coal demand,"Diesel at $102 Over Crude: The Economy’s Canary Is Dead, and Inflation Will Follow The most important number in the American economy right now is not the stock market, the jobs report, or even the price of crude oil. It is the diesel crack spread — now $102 o…",Naturalnews.com,USA,Market Report,2026-08-21T12:51:02.441034Z
f4b1e9c123ddd23b8cef94c62e7e43a9,"Global Market: Chinese, Hong Kong stocks slip as AI shares retreat; energy stocks gain",https://economictimes.indiatimes.com/markets/us-stocks/news/global-market-chinese-hong-kong-stocks-slip-as-ai-shares-retreat-energy-stocks-gain/articleshow/133312183.cms,Anupam Nagar,2026-08-18T05:08:35Z,coal demand,"Chinese and Hong Kong stocks declined as investors booked profits in AI and technology shares, while energy stocks gained amid rising Middle East tensions and higher oil prices. Weakening economic indicators and concerns over domestic demand also weighed on s…",The Times of India,China,Market Report,2026-08-21T12:51:02.441053Z
a97c79fd7a4d73f2470d5579f08e6688,Fears millions of Aussies could risk super loss if a major coal mining company expands,https://www.dailymail.com/news/article-16059669/whitehaven-coal-australiansuper-market-forces-coal-expansion.html,Joanna Hynds,2026-08-18T01:20:09Z,coal demand,"Millions of Australians' super could be exposed to losses if a major coal company expands, according to an activist group.",Dailymail.com,Australia,News,2026-08-21T12:51:02.441068Z
2751b7ddc486a763e410f793e8499dc1,Hoping for an Energy-Intensive Future,https://wattsupwiththat.com/2026/08/17/hoping-for-an-energy-intensive-future/,Guest Blogger,2026-08-18T01:00:00Z,coal demand,"The critical point is that developing nations are seeking not marginal improvements but rather fundamental, dramatic transformations in living standards. This necessitates massive investments in infrastructure, industrialization, and agricultural modernizatio…",Wattsupwiththat.com,Unknown,News,2026-08-21T12:51:02.441117Z
71fd29d53c1f48d8e3a9830adf340428,Planned US Data Centers Set to Produce 24M Cars’ Worth Of Carbon Dioxide,https://www.cnet.com/tech/tech-industry/planned-us-data-centers-set-to-produce-24m-cars-worth-of-co2/,Antuan Goodwin,2026-08-18T00:13:34Z,coal demand,Researchers find Big Tech’s most ambitious builds and climate pledges are colliding with its AI power demands.,CNET,Unknown,News,2026-08-21T12:51:02.441186Z
b978c965c459ef95d9346c775727f207,The Next Energy Crisis Could Be a Water Crisis,https://oilprice.com/Energy/Energy-General/The-Next-Energy-Crisis-Could-Be-a-Water-Crisis.html,OilPrice.com,2026-08-17T20:00:00Z,coal demand,"Strategic shortfalls? Maybe in getting cobalt out of the Congo or rare earth powders from China or natural gas from Russia or oil from the Persian Gulf? Or maybe something closer to home. Thanks to climate change (yes, just say it and hope the big boss doesn’…",OilPrice.com,China,News,2026-08-21T12:51:02.441219Z
08508376aed3785cd9ca1452c3ac2742,Teaching Kids Scarcity in an Age of Abundance,https://www.realcleareducation.com/articles/2026/08/16/were_teaching_kids_scarcity_in_an_age_of_abundance_1200678.html,"Nathan Harden, RealClearEducation",2026-08-17T18:14:23Z,coal demand,"Students head back to classrooms this month. Many arrive already convinced their future is hopeless.
In a Lancet Planetary Health study of 10,000 young people across ten countries, 75% said the...",Realcleareducation.com,Unknown,News,2026-08-21T12:51:02.441258Z
a6bc155cd1e165191e25cd503947f394,The Biggest Garbage Heaps in Human History,https://wattsupwiththat.com/2026/08/17/the-biggest-garbage-heaps-in-human-history/,Guest Blogger,2026-08-17T17:00:00Z,coal demand,"So much for the lies about clean, renewable, sustainable energy. Where will all the trash go?  
The post The Biggest Garbage Heaps in Human History appeared first on Watts Up With That?.",Wattsupwiththat.com,Unknown,News,2026-08-21T12:51:02.441293Z
525d0835a55bd9ac4c2c5750ed017eb1,China's Renewables Boom Faces Record Clean Power Curtailments,https://oilprice.com/Latest-Energy-News/World-News/Chinas-Renewables-Boom-Faces-Record-Clean-Power-Curtailments.html,Charles Kennedy,2026-08-17T15:30:00Z,coal demand,Grid constraints and rising coal-fired power generation in China led to soaring curtailment rates of solar and wind power generation in the first half of the year. China curtailed as much as 360 terawatt-hours (TWh) of solar and wind generation between Januar…,OilPrice.com,China,Market Report,2026-08-21T12:51:02.441308Z
53ef7bbea9ccb5981c406d653e61c1d4,"So Far This Year, China Has Wasted Enough Clean Energy to Power Mexico",https://e360.yale.edu/digest/china-renewable-curtailments,,2026-08-17T13:36:00Z,coal demand,"China is leading the world on renewable energy, last year installing more wind and solar capacity than every other country put together. But its buildout has unfolded at such a ferocious pace that China is now generating much more electricity than its power g…",Yale.edu,China,News,2026-08-21T12:51:02.441329Z
2aefb5df57fd6a270e139c063d5798dd,"EV, Battery Sales Help Q2 Cleantech Investment Rebound",https://www.forbes.com/sites/current-climate/2026/08/17/ev-battery-sales-help-q2-cleantech-investment-rebound/,"Alan Ohnsman, Forbes Staff, 
 Alan Ohnsman, Forbes Staff
 https://www.forbes.com/sites/alanohnsman/",2026-08-17T13:15:00Z,coal demand,This week’s Current Climate newsletter also looks at big funds flowing into long-duration battery makers and the impact of a big proposed cut to NOAA’s budget.,Forbes,Unknown,News,2026-08-21T12:51:02.441369Z
2a49a0f2d71d9f69d5312498effa8e98,AI Will Create Enormous Wealth — But Who Benefits? with Erik Brynjolfsson,https://www.kqed.org/news/12095464/ai-will-create-enormous-wealth-but-who-benefits-with-erik-brynjolfsson,Jen Chien,2026-08-17T10:00:00Z,coal demand,"A Stanford economist on challenges and opportunities of the AI boom for workers, markets, and democracy",KQED,Unknown,Market Report,2026-08-21T12:51:02.441425Z
b6cde50f813ffb228947efc432e46028,India's power system just passed a historic tipping point,https://economictimes.indiatimes.com/industry/energy/power/indias-power-system-just-passed-a-historic-tipping-point/articleshow/133289198.cms,Reuters,2026-08-17T06:52:32Z,coal demand,"India’s clean energy capacity has crossed fossil-fuel capacity for the first time, with 331.7 GW of clean capacity versus 302 GW of fossil-fuel capacity, according to Ember and Global Energy Monitor data. However, coal still dominates electricity generation, …",The Times of India,India,News,2026-08-21T12:51:02.441466Z
0972c359a0a5d81bb89a0818f343a2e4,India's power system just passed a historic tipping point,https://www.thehindubusinessline.com/economy/indias-power-system-just-passed-a-historic-tipping-point/article71355096.ece,Reuters,2026-08-17T06:16:30Z,coal demand,"According to the latest capacity data from Ember and Global Energy Monitor (GEM), ​India’s clean energy sources now account for 331.7 GW of installed capacity, compared with 302.0 GW for fossil fuels",BusinessLine,India,News,2026-08-21T12:51:02.441488Z
90e8fdc9885d1c4c1669cb2f83401385,'The climate alarm is blaring',https://theecologist.org/2026/aug/17/climate-alarm-blaring,brendan,2026-08-17T06:00:00Z,coal demand,"'The climate alarm is blaring' 

 
 Channel

 Comment

 
brendan
17th August 2026


 
 Teaser Media",Theecologist.org,Unknown,Analysis/Opinion,2026-08-21T12:51:02.441510Z
6e785fd1044d221cb641db1aeeda715e,$12B of US ratepayers' money wasted on a modeling mistake in PJM,https://newsletter.semianalysis.com/p/12b-of-us-ratepayers-money-wasted,"Robert Boswall, Reyk Knuhtsen, Jeremie Eliahou Ontiveros, Oliver Kennon, Dylan Patel",2026-08-17T05:22:49Z,coal demand,"How America's greatest grid wasted billions and is putting ratepayers at risk by using bad models, no not those models.",Semianalysis.com,USA,News,2026-08-21T12:51:02.441529Z
9415d4285c48f998d80e1d5a67d792ff,Am I a Conspiracy Theorist?,https://wattsupwiththat.com/2026/08/16/am-i-a-conspiracy-theorist/,Guest Blogger,2026-08-17T05:00:00Z,coal demand,"Science advances by challenging consensus, not by bending to it. From Galileo, insisting that the earth was in orbit around the sun and not the other way round, to Barry Marshall, infecting himself with helicobacter pylori to test his hypothesis that it, and …",Wattsupwiththat.com,Unknown,News,2026-08-21T12:51:02.441589Z
564be8d2ef94b58d610f9d97fc58c804,ASX 200 Slides for Fourth Straight Session as Earnings Season Heats Up and Wall Street Pulls Back From Highs,https://www.ibtimes.com.au/australian-shares-dip-earnings-reports-global-tensions-1874142,Tony Jackson,2026-08-17T04:00:10Z,coal demand,Australian shares fell for a fourth session as corporate earnings reports and global tensions impacted markets. Key companies reported mixed results amid resilient consumer demand and cost pressures.,Ibtimes.com.au,Australia,Market Report,2026-08-21T12:51:02.441602Z
eb0baeaef70d194cde484a1f7441145e,Women reclaim campus after dark,https://timesofindia.indiatimes.com/city/chandigarh/women-reclaim-campus-after-dark/articleshow/133281634.cms,TNN,2026-08-16T19:14:15Z,coal demand,Women students at Panjab University held an all-women “Reclaiming Aazadi” night walk to spotlight harassment and demand safer access to campus after dark.,The Times of India,Unknown,News,2026-08-21T12:51:02.441643Z
042f63ed9955228ad71ea5decbf87ef7,"In 1956, solar power was priced at about $1,865 per watt and survived largely because spacecraft needed lightweight power. Decades later, prices fell below 50 cents per watt and solar became the cheapest new electricity",https://economictimes.indiatimes.com/news/international/us/in-1956-solar-power-was-priced-at-about-1865-per-watt-and-survived-largely-because-spacecraft-needed-lightweight-power-decades-later-prices-fell-below-50-cents-per-watt-and-solar-became-the-cheapest-new-electricity/articleshow/133275163.cms,Piyush Shukla,2026-08-16T13:42:29Z,coal demand,"Solar power once cost a staggering $1,865 per watt in inflation-adjusted terms. Today, solar panels can cost only a fraction of a dollar per watt. That extraordinary collapse changed the energy market. The first practical solar cells found a home in spacecraf…",The Times of India,Unknown,Market Report,2026-08-21T12:51:02.441695Z
f342c7967cbf6de08919f6431e9823fa,Battery Storage Grew 66% In 2025. China Now Controls Nearly Half,https://www.forbes.com/sites/rrapier/2026/08/16/battery-storage-grew-66-in-2025-china-now-controls-nearly-half/,"Robert Rapier, Senior Contributor, 
 Robert Rapier, Senior Contributor
 https://www.forbes.com/sites/rrapier/",2026-08-16T12:00:00Z,coal demand,"Global battery storage capacity surged 66% in 2025, with China controlling nearly half the market as electricity demand and grid flexibility needs accelerate.",Forbes,China,Market Report,2026-08-21T12:51:02.441705Z
befe397e5291bfeaf704dfa20ef9c35a,NiSource (NI): A Costly Quarter Masks A Bigger Bet,https://finance.yahoo.com/markets/stocks/articles/nisource-ni-costly-quarter-masks-100126971.html,Maham Fatima,2026-08-16T10:01:26Z,coal demand,"On August 5, NiSource Inc. (NYSE:NI) held its second-quarter earnings call, and the numbers told two different stories at once. Adjusted EPS fell to $0.16 fr...",Yahoo Entertainment,Unknown,News,2026-08-21T12:51:02.441740Z
7746680268e6cc981c0a853e109387aa,South Africa is overlooking solar technology that can keep generating electricity after sunset,https://theconversation.com/south-africa-is-overlooking-solar-technology-that-can-keep-generating-electricity-after-sunset-283857,"Craig McGregor, Professor in Mechanical and Mechatronic Engineering, Stellenbosch University",2026-08-16T06:17:57Z,coal demand,South Africa is one of the best places in the world for concentrating solar power. So why has the country’s energy plan largely ignored it?,The Conversation Africa,South Africa,News,2026-08-21T12:51:02.441788Z
869171b75dbd178fee3e1fba140c6890,Horse reveals methanol-powered range-extender for electric cars,https://www.autocar.co.uk/car-news/technology/horse-reveals-methanol-powered-range-extender-electric-cars,Jesse Crosse,2026-08-16T06:00:00Z,coal demand,"Horse D20 uses clever motor tech and an extremely efficient methanol-burning engine to slash emissions

Alternative powertrain progress may have swung inexorably in favour of BEVs, but there's a big wide world out there where liquid fuels are still in demand.…",Autocar,Unknown,News,2026-08-21T12:51:02.441835Z
76859de516d1bd23f567c33022f8935d,Smart Tugs And Trucks That Don’t Sleep. Automation Rewires US Transport,https://gcaptain.com/smart-tugs-and-trucks-that-dont-sleep-automation-rewires-us-transport/,Reuters,2026-08-16T04:03:49Z,coal demand,"By Gavin Maguire LITTLETON, Colorado, Aug 14 (Reuters) – U.S. transportation has steadily become more efficient through advances in engine technology, infrastructure upgrades and increasingly sophisticated logistics networks. The next wave is...",gcaptain.com,Unknown,News,2026-08-21T12:51:02.441883Z
edd9a920e3ad15fb497e27327d0b72c3,Black Lung Rates Surge as Miners’ Union Demands Action,https://westvirginiawatch.com/2026/08/14/umwa-calls-for-immediate-enforcement-of-silica-rule-as-black-lung-hits-new-high-in-wv-appalachia/,Caity Coyne,2026-08-15T18:47:05Z,coal demand,"Research shows black lung rates rising among miners with as few as 15 years underground, a trend unseen in nearly 40 years.",Westvirginiawatch.com,Unknown,Market Report,2026-08-21T12:51:02.441916Z
bdc47483d05bd2ff63df032024dfeb4c,Freedom to invest with balance sheet strongest in many years,https://www.thehindubusinessline.com/portfolio/personal-finance/freedom-to-invest-with-balance-sheet-strongest-in-many-years/article71348906.ece,Sai Prabhakar,2026-08-15T16:17:56Z,coal demand,"India Inc's strengthened balance sheets offer new investment opportunities, paving the way for future growth amidst evolving economic challenges.",BusinessLine,India,News,2026-08-21T12:51:02.441934Z
71cb33edf7c4e168528bf0ecccd50f8c,So Who's Going to Buy All These Tokens?,https://horse.energy/who_buys_the_tokens.html,,2026-08-15T13:45:24Z,coal demand,"Assume every AI model works exactly as promised. The spending still doesn't pencil out, and the receipts so far point at so-so automation: jobs traded for tokens with the productivity dividend still missing.",Horse.energy,Unknown,News,2026-08-21T12:51:02.441986Z
ba66ca819e5490d2b100941e635d069c,India's coal imports turn steel-centric as metallurgical coal demand rises,https://www.thehindubusinessline.com/economy/indias-coal-imports-turn-steel-centric-as-metallurgical-coal-demand-rises/article71349228.ece,ANI,2026-08-15T10:53:11Z,coal demand,"India imported around 244.2 million tonne of non-coking and metallurgical coal in FY2025-26, broadly unchanged from about 245.3 million tonne in the previous financial year",BusinessLine,India,News,2026-08-21T12:51:02.442005Z
89084505bef5094f424d09d9b9595645,"Burnham government no threat to UK investment in Africa, says BII",https://www.sundaytimes.timeslive.co.za/business/2026-08-15-burnham-govt-no-threat-to-uk-investment-in-africa-says-bii/,Khulekani Magubane,2026-08-15T04:45:22Z,coal demand,British International Investment’s 2026-2031 strategy will see the institution deploy £8bn into all of its markets and £5bn into Africa,TimesLIVE,UK,Market Report,2026-08-21T12:51:02.442038Z
5d390c07bdac79ad28940dcc246a678d,Somali Piracy Surges Amid Hormuz Blockade,https://oilprice.com/Energy/Energy-General/Somali-Piracy-Surges-Amid-Hormuz-Blockade.html,Alex Kimani,2026-08-15T00:00:00Z,coal demand,"The effective closure of the Strait of Hormuz has forced hundreds of commercial ships onto longer routes around Africa, and Somali pirates are moving quickly to exploit the sudden increase in traffic off the continent’s eastern coast. Oil tankers MT Honour 25…",OilPrice.com,Unknown,Market Report,2026-08-21T12:51:02.442078Z
4c1082bff0369fee34ef2523b7734603,Energy Secretary Keeps Coal-Fired Generation Operational in the Midwest,https://www.energy.gov/articles/energy-secretary-keeps-coal-fired-generation-operational-midwest,Energy.gov,2026-08-14T23:00:00Z,coal demand,"Emergency order keeps beautiful, clean coal generation available and reduces energy costs for Americans.",Energy.gov,USA,News,2026-08-21T12:51:02.442104Z
2aef4c7471ddba4002000b4486b84234,India's energy markets to drive demand for exchange-traded instruments; sophisticated hedging to gain value: Report,https://economictimes.indiatimes.com/news/india/indias-energy-markets-to-drive-demand-for-exchange-traded-instruments-sophisticated-hedging-to-gain-value-report/articleshow/133246463.cms,ANI,2026-08-14T16:13:36Z,coal demand,"The ongoing energy transition in India is poised to boost the use of exchange-traded instruments significantly. As the coal and electricity markets become more intricate, sophisticated hedging strategies will be crucial. These financial instruments not only e…",The Times of India,India,Market Report,2026-08-21T12:51:02.442127Z
ff23774b83f42ec2d3373606fa6ed53c,Trump ‘Energy Emergency’ Could Fast-Track Expansion of Louisiana LNG Export Terminal,https://www.insurancejournal.com/news/southcentral/2026/08/14/881621.htm,Admin,2026-08-14T15:39:32Z,coal demand,"Less than two years after opening, a liquefied natural gas terminal near New Orleans is seeking a multi-billion-dollar expansion under a new Trump administration “emergency” permitting process that shortens environmental review and may weaken protections for …",Insurance Journal,USA,Analysis/Opinion,2026-08-21T12:51:02.442151Z
de3ee88fc6964d8bab12ab9ea498fa0a,India's Coal Demand Set to Hit 1.6 Billion Tons by 2030,https://oilprice.com/Latest-Energy-News/World-News/Indias-Coal-Demand-Set-to-Hit-16-Billion-Tons-by-2030.html,Charles Kennedy,2026-08-14T13:30:00Z,coal demand,"India’s coal demand is set to jump to 1.6 billion tons in 2030, from about 1.2 billion tons now, due to higher electricity generation and industrial activity, Indian Coal Secretary Vikram Dev Dutt said on Friday. India, which is the world’s second-biggest coa…",OilPrice.com,India,News,2026-08-21T12:51:02.442176Z
9d18fa12a477e9a84392a057a1a6de52,Drone Strike Sparks Blaze at Key Russian Oil and Fuel Terminal,https://oilprice.com/Latest-Energy-News/World-News/Drone-Strike-Sparks-Blaze-at-Key-Russian-Oil-and-Fuel-Terminal.html,Tsvetana Paraskova,2026-08-14T11:30:00Z,coal demand,"Ust-Luga, the top Russian port for exports of oil and other commodities from the Baltic Sea, caught fire early on Friday following an overnight drone attack from Ukraine. A fire was detected at the port of Ust-Luga as a result of damage from drones, Alexander…",OilPrice.com,Russia,News,2026-08-21T12:51:02.442205Z
6e182b444553d848f51efb6dc2f18d04,"Coal demand to touch 1.6 bn tonnes by 2030; need transparent, market-driven pricing: Official",https://economictimes.indiatimes.com/industry/indl-goods/svs/metals-mining/coal-demand-to-touch-1-6-bn-tonnes-by-2030-need-transparent-market-driven-pricing-official/articleshow/133239361.cms,PTI,2026-08-14T11:09:59Z,coal demand,"India's coal consumption is set to hit 1.6 billion tonnes by 2030, prompting the need for clear market-oriented pricing strategies. Establishing a coal exchange will create a neutral trading ground for buyers and sellers, enabling fair price determination. Th…",The Times of India,India,Market Report,2026-08-21T12:51:02.442227Z
ab172725c0a2286d2a939f16a92c54df,Could Germany run some of its coal-fired power plants longer?,https://economictimes.indiatimes.com/news/international/world-news/could-germany-run-some-of-its-coal-fired-power-plants-longer/articleshow/133238642.cms,Reuters,2026-08-14T11:05:33Z,coal demand,"Germany delayed an interim report on its lignite power exit, raising market expectations. This delay allows for assessing gas plant tenders and potential security of supply risks. The government can extend lignite plant operations until 2033 if needed. German…",The Times of India,Germany,Market Report,2026-08-21T12:51:02.442265Z
8bc9371113c32f043fd5dca4f48f7049,Morning Bid: Stay of execution?,https://finance.yahoo.com/markets/articles/morning-bid-stay-execution-103427910.html,By Mike Dolan,2026-08-14T10:34:27Z,coal demand,"Aug 14 (Reuters) - Even though we're slipping inexorably into the summer holiday doldrums on world markets, bond anxiety was once again a theme of the early...",Yahoo Entertainment,Unknown,Market Report,2026-08-21T12:51:02.442293Z
a9fb602035b900342b4cb62b1ac573e9,"In 1978, Henry Ford II fired Lee Iacocca, father of iconic Ford Mustang. Five years later, he delivered record profits for nearly bankrupt rival Chrysler",https://economictimes.indiatimes.com/news/new-updates/in-1978-henry-ford-ii-fired-lee-iacocca-father-of-iconic-ford-mustang-five-years-later-he-delivered-record-profits-for-nearly-bankrupt-rival-chrysler/articleshow/133235088.cms,Trending Desk,2026-08-14T09:44:37Z,coal demand,"Lee Iacocca helped create the iconic Ford Mustang before Henry Ford II fired him in 1978. Just five years later, Iacocca helped revive nearly bankrupt rival Chrysler, leading the struggling automaker through a major turnaround and to record profits.",The Times of India,Unknown,News,2026-08-21T12:51:02.442338Z
51717b35e7d133d35fce1d29a316b9c3,Vance Says Cheap Oil and Gas Is Top U.S. Priority in Iran War,https://oilprice.com/Latest-Energy-News/World-News/Vance-Says-Cheap-Oil-and-Gas-Is-Top-US-Priority-in-Iran-War.html,Tsvetana Paraskova,2026-08-14T09:20:00Z,coal demand,"Low U.S. gasoline prices are the top priority of the Administration amid the war in Iran, Vice President JD Vance said, as the U.S.-Iran deadlock persists and the U.S. vowed to keep the blockade on Iran indefinitely. “I know that oil is down today and it's wa…",OilPrice.com,Unknown,Market Report,2026-08-21T12:51:02.442380Z
d52fc033fb1500784d7ba6c59724db75,India's coal demand seen at 1.6 billion tonnes by 2030 as govt pushes market-driven trade: Coal Secretary,https://www.thehindubusinessline.com/markets/commodities/indias-coal-demand-seen-at-16-billion-tonnes-by-2030-as-govt-pushes-market-driven-trade-coal-secretary/article71344316.ece,ANI,2026-08-14T06:26:09Z,coal demand,India’s Coal Secretary Vikram Dev Dutt said that the domestic coal production crossed 1 billion tonnes for the first time in 2024-25 and remained above that level for a second consecutive year in 2025-26,BusinessLine,India,Market Report,2026-08-21T12:51:02.442437Z
98417d2df021e5af2bbe3c813ef19f40,Oil Prices Head for 4% Weekly Gain as U.S.-Iran Deadlock Drags On,https://oilprice.com/Latest-Energy-News/World-News/Oil-Prices-Head-for-4-Weekly-Gain-as-US-Iran-Deadlock-Drags-On.html,Irina Slav,2026-08-14T05:40:00Z,coal demand,"Crude oil prices were on course to add 4% this week, as the United States and Iran indicated they are no closer to a peace deal than they were at the start of the war. At the time of writing, Brent crude was trading at $87.12 per barrel, and West Texas Interm…",OilPrice.com,USA,Market Report,2026-08-21T12:51:02.442461Z
e6b228989947b4fafe5c2ae96149b9d2,China appears to have saved us from a global recession,https://www.irishtimes.com/business/economy/2026/08/14/how-china-appears-to-have-saved-us-from-a-global-recession/,Eoin Burke-Kennedy,2026-08-14T05:00:00Z,coal demand,"Beijing’s decision to slash oil imports has kept a lid on prices, avoiding a wider economic fallout",The Irish Times,China,Market Report,2026-08-21T12:51:02.442474Z
10ff112751020ff7745b94714867d2d8,"Ukraine exported about 900,000 tonnes of agricultural products in August: Taras Vysotskyi",https://www.globalsecurity.org/wmd/library/news/ukraine/2026/08/ukraine-260820-govua02.htm,John Pike,2026-08-20T12:00:00Z,grain exports,"From August 1 to 18, Ukraine exported 899.6 thousand tonnes of agricultural products, which is about 31% of the potential export volume under conditions of full access to logistics.",Globalsecurity.org,Ukraine,News,2026-08-21T12:51:02.872740Z
d2c4cfff0e46cd4305292fb3470f7756,Michael Hudson: U.S. War Against Russia Has Blocked Black Sea Grain Transport as Well as the Persian Gulf Oil Trade.,https://www.nakedcapitalism.com/2026/08/michael-hudson-u-s-war-against-russia-has-blocked-black-sea-grain-transport-as-well-as-the-persian-gulf-oil-trade.html,Yves Smith,2026-08-20T07:00:36Z,grain exports,"Russia's blockade of Odessa, which will have a global impact on grain supplies, is not getting the attention it warrants.",Nakedcapitalism.com,Russia,News,2026-08-21T12:51:02.872796Z
c9e49a47b515a686b1efce7159f94b47,Russia and Ukraine Bleed as NATO’s War Threatens to Engulf Europe,https://www.globalresearch.ca/russia-ukraine-bleed-nato-war-threatens-engulf-europe/5936468,Thomas Scripps,2026-08-20T05:57:39Z,grain exports,"This weekend, the Sunday Times reported that Ukraine has used drones made by two UK companies as part of its campaign of strikes on industrial targets in the Russian Federation.
A UK defence source said, 
“Russia has been very effective …
The post Russia and …",Globalresearch.ca,Russia,Market Report,2026-08-21T12:51:02.873001Z
62772b0416e50cd01f6e4e9d2784f9d9,Why Trump’s Blockade Cannot Turn Iran Into an Island,https://www.lewrockwell.com/2026/08/no_author/why-trumps-blockade-cannot-turn-iran-into-an-island/,No Author,2026-08-20T04:01:00Z,grain exports,"The U.S. may blockade Iran on the seas. But it cannot blockade Iran’s geography Iran so far has been running the clock. Now, Iran is speeding up the management of the clock. Even strategic patience has its limits. Tehran kept a nutcracker on the Strait of Hor…",Lewrockwell.com,Unknown,News,2026-08-21T12:51:02.873056Z
7faa411889de8e8d1823ecdf55a279b8,Russia and Ukraine’s Black Sea Grain Exports Grind to a Virtual Halt,https://gcaptain.com/russia-and-ukraines-black-sea-grain-exports-grind-to-a-virtual-halt/,Reuters,2026-08-19T17:00:41Z,grain exports,"Attacks on shipping have shut down more than 97% of Russia and Ukraine's grain export capacity in the Azov and Black Sea basin, cutting off a major source of low-cost supplies and helping to drive up global prices.",gcaptain.com,Russia,Market Report,2026-08-21T12:51:02.873083Z
492ba948491fbc29a8e711cc4dc00cca,Venue row clouds Longowal death anniversary observance in Barnala,https://timesofindia.indiatimes.com/city/chandigarh/venue-row-clouds-longowal-death-anniversary-observance-in-barnala/articleshow/133352690.cms,The Times Of India,2026-08-19T15:43:16Z,grain exports,Uncertainty over Aug 20 Sant Longowal death anniversary venues in Longowal grain market led SAD to shift its event to Bhai Mani Singh Khalsa College.,The Times of India,Unknown,Market Report,2026-08-21T12:51:02.873115Z
1e69b2c4f16dc72f13b3289873b3bd27,Global food security may be collateral in Ukraine war,https://biztoc.com/x/5f86209d49abecd4,ft.com,2026-08-19T04:22:44Z,grain exports,Moscow and Kyiv’s attacks on one another’s agricultural exports could result in a worldwide grain crisis,Biztoc.com,Ukraine,News,2026-08-21T12:51:02.873175Z
abd18610897946845dd865e20fda8d0f,Moscow faces grain shipment challenges as ships attacked near Black Sea ports,https://cryptobriefing.com/moscow-grain-shipment-black-sea-attacks/,Editorial Team,2026-08-18T19:24:25Z,grain exports,"The disruption of grain exports from the Black Sea region threatens global food security, particularly impacting Middle Eastern and African nations.
The post Moscow faces grain shipment challenges as ships attacked near Black Sea ports appeared first on Crypt…",Crypto Briefing,Global,News,2026-08-21T12:51:02.873224Z
c8cb9bfda25da6fa88619c78d6a79ce9,US diesel margins exceed $100 a barrel amid global fuel crunch,https://cryptobriefing.com/us-diesel-margins-exceed-100-barrel/,Editorial Team,2026-08-18T16:29:53Z,grain exports,"The surge in US diesel margins highlights vulnerabilities in global fuel supply chains, potentially impacting agriculture and transportation costs.
The post US diesel margins exceed $100 a barrel amid global fuel crunch appeared first on Crypto Briefing.",Crypto Briefing,Global,News,2026-08-21T12:51:02.873265Z
876f1bbc2454bb3e5947c1f2a5bad638,Germany harvest drops as drought raises food price fears,https://www.dw.com/en/food-prices-in-germany-on-the-rise-as-drought-hits-harvest/a-78408203,Nik Martin,2026-08-18T14:46:00Z,grain exports,"Germany's farmers' association has warned of a below-average harvest after drought and extreme heat damaged crops. DW looks into what lower yields could mean for food prices and grocery bills. 1. How severe is Germany's 2026 harvest decline?

The German Farme…",DW (English),Germany,Market Report,2026-08-21T12:51:02.873303Z
cd624f340cfb87470083a7dc300e2bb6,"Deaths mount, trauma sets in as Russia ramps up missile attacks on Ukraine",https://www.aljazeera.com/news/2026/8/18/putins-illusion-of-victory-russia-ramps-up-missile-attacks-on-ukraine,Mansur Mirovalev,2026-08-18T10:45:37Z,grain exports,Ukrainian families mourn their loved ones as experts lament Washington's elusive promises of military support.,Al Jazeera English,Russia,News,2026-08-21T12:51:02.873358Z
ce8ce049ff7a55ffc88bdfc8ba37ea97,"Russian Strikes on Ukraine’s Danube Ports Disrupt NATO Supply Route, Military Analyst Says",https://www.naturalnews.com/2026-08-18-russian-strikes-ukraine-ports-disrupt-nato-supply-route.html,Chase Codewell,2026-08-18T06:00:00Z,grain exports,"Russian forces have carried out a new round of overnight strikes on the port of Izmail and its railway hub, according to Russia’s Defense Ministry, in what a military analyst described as an attempt to sever the last waterway available to Ukrainian military l…",Naturalnews.com,Russia,News,2026-08-21T12:51:02.873390Z
753680b0409a5b8e2ac692d5ff23ec63,"JPMorgan warns a brutal grocery shock could hit boomers, as USDA says prices may jump 12.3%. Is your nest egg ready?",https://finance.yahoo.com/economy/articles/jpmorgan-warns-brutal-grocery-shock-173000391.html,Thomas Kent,2026-08-17T17:30:00Z,grain exports,“Rising fertilizer prices could lift global food inflation temporarily to 4-5%.”,Yahoo Entertainment,Global,Market Report,2026-08-21T12:51:02.873423Z
9a186a1dab68bde5f0e395cd85a9c0c1,The Dodgers Fall Behind,https://blogs.fangraphs.com/the-dodgers-fall-behind/,Ryan Blake,2026-08-17T16:00:59Z,grain exports,Los Angeles dropped three of four to Milwaukee this weekend in what's been a tough stretch since the All-Star break.,Fangraphs.com,Unknown,News,2026-08-21T12:51:02.873451Z
5b76607909bf8b1ffef7104ff7bfa6a7,"Day 1,636 of WW3: Ukraine may be able to strike Russia with domestically-produced ballistic missiles in three to six months; and Russia strikes a steel plant and ... and a stall selling antiquarian books. This is your Monday Ukraine war thread [News]",https://www.fark.com/comments/14166196/Day-1636-of-WW3-Ukraine-may-be-able-to-strike-Russia-with-domestically-produced-ballistic-missiles-in-three-to-six-months-Russia-strikes-a-steel-plant-a-stall-selling-antiquarian-books-This-is-your-Monday-Ukraine-war-thread,,2026-08-17T12:00:00Z,grain exports,"Day 1,636 of WW3: Ukraine may be able to strike Russia with domestically-produced ballistic missiles in three to six months; and Russia strikes a steel plant and ... and a stall selling antiquarian books. This is your Monday Ukraine war thread",Fark.com,Russia,News,2026-08-21T12:51:02.873482Z
d967a3d582efde9843a0409d7602ba8c,John Gibbons: Ireland needs an agriculture policy. Instead it has an agri-food industry,https://www.irishtimes.com/opinion/2026/08/17/john-gibbons-ireland-does-not-have-an-agriculture-policy-it-has-an-agri-food-industry-which-calls-the-shots/,John Gibbons,2026-08-17T05:05:00Z,grain exports,Denmark no longer has an agriculture minister – Ireland should follow suit,The Irish Times,Unknown,News,2026-08-21T12:51:02.873517Z
a85c39e800cb1876c269089c299614bb,"This Day in Labor History: August 16, 1845",https://www.lawyersgunsmoneyblog.com/2026/08/this-day-in-labor-history-august-16-1845,Erik Loomis,2026-08-16T11:00:00Z,grain exports,"On August 16, 1845, potato blight was first reported in the United Kingdom. This plant disease had probably already spread to Ireland, causing massive upheaval, famine, migration, and the globalization of the Irish labor force. The Irish potato famine is famo…",Lawyersgunsmoneyblog.com,UK,Market Report,2026-08-21T12:51:02.873557Z
3754fa8dbae0841876a0b1029ae155cc,"Ukraineâs massive drone assault on Novorossiysk shuts down major grain terminals, defying U.S. warnings",https://www.naturalnews.com/2026-08-15-ukraines-drone-assault-novorossiysk-shuts-down-grain-terminals.html,Willow Tohi,2026-08-15T06:00:00Z,grain exports,"Ukraine launched a massive drone and missile strike on Russia’s Black Sea port of Novorossiysk, damaging key grain export terminals and a naval base. The attack killed at least three people, including a child, and knocked out two of Russia’s largest grain ter…",Naturalnews.com,Russia,News,2026-08-21T12:51:02.873594Z
84935e6111e7933167cfd500e95578a3,From food shortages to record harvests: How India learnt to feed itself,https://www.business-standard.com/economy/news/from-food-shortages-to-record-harvests-how-india-learnt-to-feed-itself-126081401050_1.html,Akshita Singh,2026-08-15T01:30:30Z,grain exports,"India is celebrating its 80th Independence Day on Saturday. Eight decades after Independence, one measure of the country's economic transformation can be seen in its ability to produce food.",Business Standard,India,News,2026-08-21T12:51:02.873615Z
e079389f0288e5f545b853748ebfbaf8,Hormuz Attacks Push Oil Toward $100 Despite US Crude Build,https://finance.yahoo.com/energy/articles/hormuz-attacks-push-oil-toward-162121010.html,Tom Kool,2026-08-14T16:21:21Z,grain exports,Brent heads toward a 5% weekly gain as stalled US-Iran talks and Hormuz attacks push oil prices toward $100.,Yahoo Entertainment,Unknown,Market Report,2026-08-21T12:51:02.873642Z
ff03d6cd3fffbd979c6c16e3640496a1,Hormuz Attacks Push Oil Toward $100 Despite US Crude Build,https://oilprice.com/Energy/Crude-Oil/Hormuz-Attacks-Push-Oil-Toward-100-Despite-US-Crude-Build.html,Tom Kool,2026-08-14T16:21:21Z,grain exports,"Brent heads toward a 5% weekly gain as stalled US-Iran talks and Hormuz attacks push oil prices toward $100. Friday, August 14, 2026 Crude oil prices are set to post a 5% weekly gain after this week quashed hopes (for the umpteenth time) of a negotiated US-Ir…",OilPrice.com,Unknown,Market Report,2026-08-21T12:51:02.873682Z
9b0ac79d0c4a80234c1bb2236854a31d,NATO fighter jet shoots down a drone over Latvia,https://www.abc.net.au/news/2026-08-14/nato-jets-shoot-down-drone-in-latvian-airspace/107040788,,2026-08-14T12:46:41Z,grain exports,"An Italian NATO fighter jet shot down a drone that entered Latvian airspace, a spokesperson from the alliance has said.",ABC News (AU),Unknown,News,2026-08-21T12:51:02.873712Z
13121d2267fba29f5f87a607d2837a56,Russia Tightening the Noose on Ukraine's NATO Supply Pipeline & Military Logistics - Expert,https://www.globalsecurity.org/wmd/library/news/ukraine/2026/08/ukraine-260814-sputnik02.htm,John Pike,2026-08-14T12:00:00Z,grain exports,"Russian forces are preparing to ""completely choke off Ukraine's last remaining waterway,"" and the latest overnight strikes on Izmail port and its railway hub confirm that intent, military expert Yevgeny Mikhailov tells Sputnik.",Globalsecurity.org,Russia,News,2026-08-21T12:51:02.873737Z
96b86bb9323357c03ce9c694970823ba,Ukraine and Germany discuss joint solutions to support agro-exports amid port blockade,https://www.globalsecurity.org/wmd/library/news/ukraine/2026/08/ukraine-260814-govua01.htm,John Pike,2026-08-14T12:00:00Z,grain exports,"Preserving the harvest, ensuring its export to international markets, and supporting global food security are Ukraine's key tasks under the blockade of seaports.",Globalsecurity.org,Ukraine,Market Report,2026-08-21T12:51:02.873756Z
2606e16bfdf3f788f4284797859a0873,"Ogun Customs intercept N3.57bn contraband, promise smugglers tougher time",https://punchng.com/ogun-customs-intercept-n3-57bn-contraband-promise-smugglers-tougher-time/,Punch Newspapers,2026-08-14T08:05:07Z,grain exports,"Ogun Customs Command intercepts N3.57bn worth of contraband, including cannabis and foreign rice, vowing tougher times for smugglers in the state.

Read More: https://punchng.com/ogun-customs-intercept-n3-57bn-contraband-promise-smugglers-tougher-time/",The Punch,Unknown,News,2026-08-21T12:51:02.873843Z
8eb967be0cf899a6a82ad0799e0cb451,"Ukrainian grain exports down, food prices going up again. Most people don't know that's the fault of...*shakes GOP 8-ball*...transgender vegan Muslims using the wrong bathroom [Obvious]",https://www.fark.com/comments/14163110/Ukrainian-grain-exports-down-food-prices-going-up-again-Most-people-dont-know-thats-fault-ofshakes-GOP-8-balltransgender-vegan-Muslims-using-wrong-bathroom,,2026-08-14T06:22:21Z,grain exports,"Ukrainian grain exports down, food prices going up again. Most people don't know that's the fault of...*shakes GOP 8-ball*...transgender vegan Muslims using the wrong bathroom",Fark.com,Ukraine,Market Report,2026-08-21T12:51:02.873866Z
94fbf4ec4e5d34e146375f2e06be82cd,"Russia is cutting off Ukraine’s grain exports again, threatening a critical harvest and global food security",https://theconversation.com/russia-is-cutting-off-ukraines-grain-exports-again-threatening-a-critical-harvest-and-global-food-security-289718,"Iryna Skubii, Mykola Zerov Fellow in Ukrainian Studies, Senior Research Fellow, School of Historical and Philosophical Studies, The University of Melbourne",2026-08-14T02:28:01Z,grain exports,Ukraine has proposed a deal to halt attacks on civilian targets in the Black Sea – an effort to allow grain shipments to resume from both countries.,The Conversation Africa,Russia,News,2026-08-21T12:51:02.873895Z
8cdd37d166157d7a374593b3cd61b4d2,Soybeans Surging Higher on Wednesday Morning,https://www.barchart.com/story/news/3927731/soybeans-surging-higher-on-wednesday-morning,Austin Schroeder,2026-08-19T12:24:10Z,soybean exports,"Soybeans are showing double digit gains early on the midweek session. Futures fell from the intraday highs on Tuesday, with contracts closing fractionally to...",Barchart.com,Unknown,News,2026-08-21T12:51:03.281937Z
466d00a76c102921567a85b5122017cf,Rapeseed meal exports push India’s oilmeal exports up 18.41% in May,https://www.thehindubusinessline.com/economy/agri-business/rapeseed-meal-exports-push-indias-oilmeal-exports-up-1841-in-may/article71363834.ece,BL Mangaluru Bureau,2026-08-19T09:33:20Z,soybean exports,India exported 3.73 lakh tonnes (lt) of oilmeals during May 2026 against 3.15 lt in May 2025.,BusinessLine,India,News,2026-08-21T12:51:03.281976Z
256c044b64ace40a0cf9bc3fa5d41232,Soybeans Slips off Highs into Tuesday’s Close,https://www.barchart.com/story/news/3916716/soybeans-slips-off-highs-into-tuesdays-close,Austin Schroeder,2026-08-18T21:30:54Z,soybean exports,"Soybeans fell from the intraday highs on Tuesday, with contracts closing fractionally to 6 cents higher, as September was down ¼ cent. The cmdtyView national...",Barchart.com,Unknown,Analysis/Opinion,2026-08-21T12:51:03.282196Z
bcf11851c04e2ca0a3b56fe5ceb2535c,Soybean Gains Extending to Tuesday Morning Following Lower Tour Pod Counts,https://www.barchart.com/story/news/3904494/soybean-gains-extending-to-tuesday-morning-following-lower-tour-pod-counts,Austin Schroeder,2026-08-18T12:22:19Z,soybean exports,Soybeans are trading with early Tuesday 6 to 7 cent gains Futures saw gains of 12 to 23 ½ cents across the board on Monday. Open interest was down 820 contra...,Barchart.com,Unknown,Market Report,2026-08-21T12:51:03.282234Z
6a2d6335f24de4bb9015dfb1347afc75,Did the Commodities Complex See Turnaround Activity Overnight?,https://www.barchart.com/story/news/3901251/did-the-commodities-complex-see-turnaround-activity-overnight,Darin Newsom,2026-08-18T09:59:43Z,soybean exports,"While a few markets saw what could be called Turnaround activity overnight through early Tuesday morning, the bulk of the commodity complex continues to find...",Barchart.com,Unknown,Market Report,2026-08-21T12:51:03.282265Z
212acc67df5d7e9686b8c6fd93de4019,"Soybeans Rally on Monday, with Condition Ratings Slipping",https://www.barchart.com/story/news/3894325/soybeans-rally-on-monday-with-condition-ratings-slipping,Austin Schroeder,2026-08-17T22:01:51Z,soybean exports,Soybeans saw gains of 12 to 23 ½ cents across the board on Monday. The cmdtyView national average Cash Bean price was up 24 1/4 cents at $11.75 1/4. Soymeal...,Barchart.com,Unknown,Analysis/Opinion,2026-08-21T12:51:03.282295Z
d2471d5f75f2b894177343b5dbe8eccd,"Soybeans Rallying to Start the Week, with Bean Oil Leading the Charge",https://www.barchart.com/story/news/3889439/soybeans-rallying-to-start-the-week-with-bean-oil-leading-the-charge,Austin Schroeder,2026-08-17T16:33:57Z,soybean exports,Soybeans with contracts 19 to 20 cents higher across most contracts at midday. The cmdtyView national average Cash Bean price was is 19 1/2 cents at $11.71 1...,Barchart.com,Unknown,Analysis/Opinion,2026-08-21T12:51:03.282324Z
5f2137cb10ca9f6615c92e55e39acb55,Economics of oilseed production: Why India's import dependence persists,https://www.business-standard.com/opinion/columns/economics-of-oilseed-production-why-india-s-import-dependence-persists-126081600759_1.html,Surinder Sud,2026-08-16T17:14:35Z,soybean exports,"The genesis of the persistent rise in imports of edible oils, regardless of steady increase in indigenous production, lies in the demand growing faster than the supplies",Business Standard,India,News,2026-08-21T12:51:03.282344Z
70db4f528b175c491dd7a3333631dcee,Manitoba pork producers bring trade pitch to Iowa fair amid Canada-U.S. tariff tensions,https://www.cbc.ca/news/canada/manitoba/manitoba-pork-canada-us-trade-9.7309045,,2026-08-16T15:18:38Z,soybean exports,Pork is a popular topic at the Iowa State Fair as hungry patrons chow down on barbecue and curious children gaze with wide eyes at the state's biggest pig.,CBC News,Unknown,News,2026-08-21T12:51:03.282378Z
7d686696c8a856e64f1f07c38b29b4aa,"Nigeria must export better, not more under China zero-tariff — FG",https://punchng.com/nigeria-must-export-better-not-more-under-china-zero-tariff-fg/,Punch Newspapers,2026-08-14T17:50:40Z,soybean exports,"Nigeria’s FG says the nation must focus on exporting value-added products, not just raw commodities, under China’s new zero-tariff policy.

Read More: https://punchng.com/nigeria-must-export-better-not-more-under-china-zero-tariff-fg/",The Punch,China,News,2026-08-21T12:51:03.282399Z
9568559a96354202acdfb982ad4bb68f,"Short on land, long on vision: Dutch lead the way on food production",https://www.irishtimes.com/environment/2026/08/20/short-on-land-long-on-vision-dutch-lead-the-way-on-food-production/,John Gibbons,2026-08-20T05:50:00Z,wheat exports,Ireland could learn much from a nursery and research institute in the Netherlands,The Irish Times,Unknown,News,2026-08-21T12:51:03.949936Z
8074d6e25139ed409f5aea77b725ac7f,How Secretary Bessent Is Going Full-Hegseth Retard to No Avail,https://original.antiwar.com/david_stockman/2026/08/19/how-secretary-bessent-is-going-full-hegseth-retard-to-no-avail/,David Stockman,2026-08-20T00:00:11Z,wheat exports,"Six months after Trumpy & Bibi launched Operation Epic Fury against Iran on February 28th, the so-called kinetic campaign has settled into a costly stalemate, at best. And a de facto military defeat as a practical matter. In fact, what began as another furiou…",Antiwar.com,Unknown,News,2026-08-21T12:51:03.950190Z
681c3379fdc7750235f657b08ebccb5d,Wheat Holding Steady so far on Wednesday Morning,https://www.barchart.com/story/news/3927707/wheat-holding-steady-so-far-on-wednesday-morning,Austin Schroeder,2026-08-19T12:24:10Z,wheat exports,"Wheat is trading with mixed action early on Wednesday with CBT holding higher and the hard wheats fading lower. The wheat complex was mixed on Tuesday, with...",Barchart.com,Unknown,Market Report,2026-08-21T12:51:03.950254Z
07616187372a3e88450b36c26bac2094,Trump's 'crack spread' problem is only going to get worse: expert,https://www.rawstory.com/trump-fuel-costs/,Travis Gettys,2026-08-19T12:17:30Z,wheat exports,"President Donald Trump's ""crack spread"" problem isn't going to get better any time soon, according to a new analysis. When Trump touts a possible peace deal with Iran and crude oil prices drop, drivers might assume gas prices will follow. But they usually don…",Raw Story,Unknown,Analysis/Opinion,2026-08-21T12:51:03.950294Z
3fa5339e0423bd76d13dbfd4841c08f4,The curious case of global fertilizer prices,https://www.thehindubusinessline.com/opinion/the-curious-case-of-global-fertilizer-prices/article71357263.ece,CP Chandrasekhar & Jayati Ghosh,2026-08-17T16:05:10Z,wheat exports,Fertilizer prices and use of fertilizer have responded in unexpected ways to the the closure of the Strait of Hormuz,BusinessLine,Global,Market Report,2026-08-21T12:51:03.950456Z
813175cf902eb97a60decd38d02bae7c,"Here’s the best place to hedge severe El Niño shocks to the food supply chain, BofA says",https://www.cnbc.com/2026/08/19/el-nino-food-supply-chain-hedge-bofa.html,Justina Lee,2026-08-19T01:49:04Z,fertilizer exports,"One country appears to be the best place to hedge market impact from severe El Niño shocks to global food supply chains, according to Bank of America.",CNBC,USA,Market Report,2026-08-21T12:51:04.312083Z
4e52d24cb174d248b6b28b75b52c20e9,Weekly Climate and Energy News Roundup #702,https://wattsupwiththat.com/2026/08/17/weekly-climate-and-energy-news-roundup-702/,Guest Blogger,2026-08-17T09:00:00Z,fertilizer exports,"“It is a capital mistake to theorize before one has data.” — Sherlock Holmes (Arthur Conan Doyle)
The post Weekly Climate and Energy News Roundup #702 appeared first on Watts Up With That?.",Wattsupwiththat.com,Unknown,Market Report,2026-08-21T12:51:04.312229Z
faff63b8d45748e484acfedc21acaf45,How Indonesia Can Get Ahead in the Artificial Intelligence Race,https://thediplomat.com/2026/08/how-indonesia-can-get-ahead-in-the-artificial-intelligence-race/,Larry Luckey,2026-08-14T02:08:00Z,fertilizer exports,The country has the abundant land and energy resources needed to power hyperscale data centers. Can it harness them effectively?,The Diplomat,Indonesia,News,2026-08-21T12:51:04.312255Z
44c39436790de52e0985a4c923889a5e,HPQ Silicon’s Novacium to Present HyDRAS™ Research on Hydrogen Production and Aluminum Waste Valorization at COM 2026,https://financialpost.com/globe-newswire/hpq-silicons-novacium-to-present-hydras-research-on-hydrogen-production-and-aluminum-waste-valorization-at-com-2026,GlobeNewswire,2026-08-20T12:03:25Z,bauxite,"Research to be presented at COM 2026 highlights Novacium’s proprietary HyDRAS™ process, which combines black dross and bauxite residue to produce hydrogen while recovering value from aluminum industry waste. MONTREAL, Aug. 20, 2026 (GLOBE NEWSWIRE) — HPQ Sili…",Financial Post,Unknown,News,2026-08-21T12:51:04.684307Z
00e21f94e106910fc7782b9d561fad40,"Man faces court accused of defrauding over $200,000 intended for Indigenous community",https://www.abc.net.au/news/2026-08-19/larry-woosup-alleged-fraud-trial/107054592,Holly Richardson,2026-08-19T06:47:10Z,bauxite,Traditional owners have told a court they never saw any of the money Larry Joe Woosup was accused of taking as part of a deal with a mining company.,ABC News (AU),Unknown,News,2026-08-21T12:51:04.684440Z
e33f9e9a6923f513446ff5e034ac9c52,"Nalco launches pilot plant to recover value-added products, rare earths",https://www.business-standard.com/industry/news/nalco-launches-pilot-plant-to-recover-value-added-products-rare-earths-126081801600_1.html,Hemant Kumar Rout,2026-08-18T17:57:05Z,bauxite,"The facility, developed with IMMT and KIIT, will focus on recovering ferro-titanium alloy, metallic iron and rare earth elements, including scandium, from industrial residue",Business Standard,Unknown,News,2026-08-21T12:51:04.684477Z
c93a1b68c69253352a920abc29c79b32,"Adani Group discusses nuclear, clean energy and ₹80,000 crore projects with Odisha government",https://www.thehindubusinessline.com/news/national/adani-group-discusses-nuclear-clean-energy-and-80000-crore-projects-with-odisha-government/article71343837.ece,PTI,2026-08-14T03:07:03Z,bauxite,"Adani Group discussed nuclear and clean energy projects with Odisha, including two 3,000-MW plants and an ₹80,000-crore coal-to-chemicals project.",BusinessLine,Unknown,News,2026-08-21T12:51:04.684563Z
46c3097e7639547fe4c9ea1047c9e574,Govt shifts critical minerals focus to Indonesia's energy security,https://en.antaranews.com/news/426964/govt-shifts-critical-minerals-focus-to-indonesias-energy-security,"Khaerul Izan, Yashinta Difa",2026-08-14T00:53:31Z,bauxite,"Indonesia is elevating nickel, copper and bauxite from basic export commodities to strategic resources underpinning domestic energy security and a broader ...",Antaranews.com,Indonesia,News,2026-08-21T12:51:04.684591Z
b4473cef6653584f50518077b9719ee0,Canada’s critical minerals challenge: Why processing may matter more than mining,https://www.digitaljournal.com/article/canadas-critical-minerals-challenge-why-processing-may-matter-more-than-mining/,Dr. Tim Sandle,2026-08-19T21:01:56Z,nickel ore,Canada’s transition to a low-carbon economy will require enormous quantities of critical minerals. The GEM analysis serves as a reminder that future supply will not be determined simply by what lies underground. The real challenge will be converting geologica…,Digital Journal,Unknown,Analysis/Opinion,2026-08-21T12:51:05.061428Z
07c805a6830267a57227b3b595538783,"Jaguar Uranium Reports Final Copper Assay Results Including up to 8.54% Copper, Potential 4-km Trend Identified from Huemul Uranium-Copper-Vanadium Project",https://www.prnewswire.com/news-releases/jaguar-uranium-reports-final-copper-assay-results-including-up-to-8-54-copper-potential-4-km-trend-identified-from-huemul-uranium-copper-vanadium-project-302854527.html,,2026-08-18T20:14:00Z,nickel ore,"Channel and rock chip samples from areas of visible uranium-copper-vanadium mineralization observed at surface returned final assay results for copper (up to 8.54%), uranium (up to 2.27%), silver (up to 708 g/t) and vanadium (up to 1.27%)1. Sampling of strike…",PRNewswire,Unknown,Market Report,2026-08-21T12:51:05.061495Z
af12001981eebb04244e0cbb833874f1,"Jaguar Uranium Reports Final Copper Assay Results Including up to 8.54% Copper, Potential 4-km Trend Identified from Huemul Uranium-Copper-Vanadium Project",https://www.prnewswire.com/news-releases/jaguar-uranium-reports-final-copper-assay-results-including-up-to-8-54-copper-potential-4-km-trend-identified-from-huemul-uranium-copper-vanadium-project-302853487.html,,2026-08-18T10:50:00Z,nickel ore,"Channel and rock chip samples from areas of visible uranium-copper-vanadium mineralization observed at surface returned final assay results for copper (up to 8.54%), uranium (up to 2.27%), silver (up to 708 g/t) and vanadium (up to 1.27%)1. Sampling of strike…",PRNewswire,Unknown,Market Report,2026-08-21T12:51:05.061581Z
4d565cbd96bf7db3c5d4514290309401,"Earlier this year, University of Toronto scientists measured hydrogen flowing from billion-year-old Canadian Shield rocks through nearly 15,000 mine boreholes. Today, the site could yield more than 140 tonnes of natural hydrogen each year",https://economictimes.indiatimes.com/news/international/us/earlier-this-year-university-of-toronto-scientists-measured-hydrogen-flowing-from-billion-year-old-canadian-shield-rocks-through-nearly-15000-mine-boreholes-today-the-site-could-yield-more-than-140-tonnes-of-natural-hydrogen-each-year/articleshow/133276414.cms,Piyush Shukla,2026-08-16T16:10:58Z,nickel ore,"Ancient Canadian Shield rocks are quietly producing white hydrogen, a naturally occurring gas that could reshape the clean energy market. Scientists measured hydrogen escaping from mine boreholes near Timmins, Ontario. Each borehole released about 8 kilograms…",The Times of India,Unknown,Market Report,2026-08-21T12:51:05.061653Z
13baba7d06c2a33aa3eaad09469e9c0c,Son of former Mexican president says US revoked his visa​​,https://www.yahoo.com/news/articles/son-former-mexican-president-says-152715467.html,Reuters,2026-08-15T17:58:38Z,nickel ore,"(In Aug. 14 story, corrects to attribute comment in paragraph 8 to a State Department spokesperson instead of to a named individual.)",Yahoo Entertainment,Unknown,Analysis/Opinion,2026-08-21T12:51:05.061684Z
ab80589e4c864e65c21cb1262f84b0b3,Adani’s Kutch Copper sees Rs 750-800 crore quarterly EBITDA this fiscal,https://economictimes.indiatimes.com/industry/indl-goods/svs/metals-mining/adanis-kutch-copper-sees-rs-750-800-crore-quarterly-ebitda-this-fiscal/articleshow/133371435.cms,Nikita Periwal,2026-08-20T08:47:47Z,copper concentrate,"Kutch Copper anticipates stable quarterly operating profit between Rs 750-800 crore this fiscal year. Higher utilization and revenue will offset expected moderation in profit margins for the company. The copper smelter reported Rs 749 crore EBITDA on Rs 10,92…",The Times of India,Unknown,Market Report,2026-08-21T12:51:05.440222Z
f457825b528c094e09dca919ab4c75e4,Copper Shortage Threatens the Green Transition,https://www.economyprism.com/2026/04/copper-shortage-threatens-green.html,Fadolami,2026-08-19T20:22:26Z,copper concentrate,"<strong> The Copper Crunch: The $5 Trillion Metal Shortage Threatening the Green Transition</strong>  — Copper scarcity could slow electrification, raise costs, and res…",Economyprism.com,Unknown,News,2026-08-21T12:51:05.440281Z
aca0218804d4381a5ca836d3369c962f,The Coming Copper Crunch,https://www.forbes.com/sites/arielcohen/2026/08/18/the-coming-copper-crunch/,"Ariel Cohen, Contributor, 
 Ariel Cohen, Contributor
 https://www.forbes.com/sites/arielcohen/",2026-08-18T13:00:00Z,copper concentrate,"AI, Green Tech, and most 21st century innovations increasingly demand huge supplies of copper. Despite climbing demand and profit, producers can't keep up.",Forbes,Unknown,News,2026-08-21T12:51:05.440391Z
6f7f27cc62bd49c6743e2eaa9db838ef,Allonnia and SGS Launch Global D-Solve™ Pilot Program to Accelerate Critical Mineral Production,https://financialpost.com/pmn/business-wire-news-releases-pmn/allonnia-and-sgs-launch-global-d-solve-pilot-program-to-accelerate-critical-mineral-production,Business Wire,2026-08-18T12:02:41Z,copper concentrate,"New collaboration enables mining companies worldwide to validate Allonnia’s biotechnology for upgrading mineral concentrates at SGS’s leading testing facility. BOSTON — Allonnia, the industrial biotechnology company helping mining companies produce more criti…",Financial Post,Global,Market Report,2026-08-21T12:51:05.440442Z
97e674178355ecaf8f375282d3c204b9,The Daily Grind Coffee Pods & Espresso Sale at Woot: Up to 64% off + free shipping w/ Prime,https://www.dealnews.com/The-Daily-Grind-Coffee-Pods-Espresso-Sale-at-Woot-Up-to-64-off-free-shipping-w-Prime/22051856.html,,2026-08-18T10:03:46Z,copper concentrate,"Woot's The Daily Grind sale covers coffee pods, espresso capsules, and tea mixes from brands like Nespresso, Starbucks, and Copper Moon. Copper Moon K-Cups drop to $54.99 from a $107.99 reference price, while 6-packs of NESCAFE Espresso Concentrate are $19.99…",Dealnews.com,Unknown,Market Report,2026-08-21T12:51:05.440487Z
8f7402479c564eeaf9f237e0a67cf083,North America’s Only Cesium Project Moves Closer to Production,https://oilprice.com/Energy/Energy-General/North-Americas-Only-Cesium-Project-Moves-Closer-to-Production.html,Tom Kool,2026-08-18T00:00:00Z,copper concentrate,"Power Metals is advancing what it describes as North America’s only cesium project at a time when America’s defense ambitions are colliding with the reality of critical mineral supply chains. The U.S. imports 100% of its required cesium, a rare mineral used i…",OilPrice.com,USA,News,2026-08-21T12:51:05.440518Z
f9c52e3b35eff926e5076f68637d0caa,North America’s Only Cesium Project Moves Closer to Production,https://finance.yahoo.com/energy/articles/north-america-only-cesium-project-000000475.html,Tom Kool,2026-08-18T00:00:00Z,copper concentrate,Power Metals is advancing the Case Lake project as a potential new North American source of cesium as governments seek secure supplies of strategic critical...,Yahoo Entertainment,USA,News,2026-08-21T12:51:05.440541Z
f9f310ccf27982b84883f6f6550c7775,Southern African states push to keep mineral wealth at home,https://www.rt.com/africa/644334-southern-african-states-push-keep-mineral-wealth-home/,RT,2026-08-17T14:05:06Z,copper concentrate,Southern African states have been urged to curb raw mineral exports amid growing competition for the region’s strategic resources Read Full Article at RT.com,RT,Unknown,News,2026-08-21T12:51:05.440625Z
175d42045593ec22824f3f97b1e5ac9d,Economic Digest: A Snapshot of Nepal’s Business News,https://english.khabarhub.com/2026/15/563313/,Khabarhub,2026-08-15T02:15:25Z,copper concentrate,"KATHMANDU: Economic Digest presents a brief yet comprehensive roundup of major business developments in Nepal, delivered in clear and accessible summaries. The collected reports present a mixed but revealing picture of Nepal’s economy and governance, showing …",Khabarhub.com,Unknown,Market Report,2026-08-21T12:51:05.440671Z
1bef96e1fd44cf52f7022f9f4c974e20,Cargojet to pass large pilot wage increase onto customers,https://finance.yahoo.com/markets/stocks/articles/cargojet-pass-large-pilot-wage-124600024.html,Eric Kulisch,2026-08-20T12:46:00Z,shipping rates,Cargojet expects higher pilot utilization and customer rates to help cover the cost of an expensive new contract for cockpit crews. The post Cargojet to pass...,Yahoo Entertainment,Unknown,Market Report,2026-08-21T12:51:05.997350Z
b5dd54d3472dad1a06cb9a806de1400e,Broker’s Call: TTK Prestige (Buy),https://www.thehindubusinessline.com/markets/brokers-call-ttk-prestige-buy/article71368578.ece,Anjana C Shriram,2026-08-20T12:24:25Z,shipping rates,"Geojit Investments recommends TTK Prestige as a Buy with a target price of ₹749, citing strong domestic growth and improved margins.",BusinessLine,Unknown,News,2026-08-21T12:51:05.997415Z
c31bb19b78cd5863e3246ec74da9ec67,New Social Security forecast is great (and rare) news for US retirees — how to take full advantage now,https://finance.yahoo.com/economy/policy/articles/social-security-forecast-great-rare-121500256.html,Thomas Kent,2026-08-20T12:15:00Z,shipping rates,Retirees might be in for a massive autumnal windfall.,Yahoo Entertainment,Unknown,Analysis/Opinion,2026-08-21T12:51:05.997449Z
d197a576f280a4fd1da8744700ab7b6e,10 Back-to-School Tech Picks for College Students in 2026,https://the-gadgeteer.com/2026/08/20/back-to-school-tech-for-college-students-2026/,Rei Padla,2026-08-20T12:00:46Z,shipping rates,"College tech gets expensive surprisingly fast, especially when every accessory promises to make studying easier. Most of them don’t deserve space in your backpack. The gear worth buying solves a problem you will repeatedly encounter: carrying a laptop all day…",The Gadgeteer,Unknown,News,2026-08-21T12:51:05.997498Z
d8f419c2878de32bd4aea7d3924b7eac,callusguard added to PyPI,https://pypi.org/project/callusguard/,,2026-08-20T10:54:23Z,shipping rates,"Record what your coding agent did, derive guards from it, enforce them, and verify each run stayed in scope. Claude Code and OpenAI Codex.",Pypi.org,Unknown,News,2026-08-21T12:51:05.997529Z
f020b664982c569279d9ad6fd2f9e586,"Utopia Brands Hiring for SEO, Marketing, Commercial and Marketplace Roles – Apply Now!",https://clappakistan.com/utopia-brands-hiring-for-seo-marketing-commercial-and-marketplace-roles-apply-now/,Clap Pakistan,2026-08-20T10:30:34Z,shipping rates,"Utopia Brands Hiring for SEO, Marketing, Commercial and Marketplace Roles – Apply Now!clappakistan.com",Clappakistan.com,Unknown,Market Report,2026-08-21T12:51:05.997588Z
eac835b0c5cfb24b0991fc621ac39a8c,Two Quality Stocks Showing an Entry Point: Trane Technologies and AltaGas,https://thedividendguyblog.com/two-quality-stocks-trane-technologies-altagas/,DivGuy,2026-08-20T10:30:23Z,shipping rates,"Every building has to stay warm in winter and cool in summer. That never changes. What is changing is how much heating and cooling this economy demands, and who gets paid when that demand shows up. Data centers run hot, and the AI buildout is adding cooling l…",Thedividendguyblog.com,Unknown,News,2026-08-21T12:51:05.997638Z
cc9de623374fa267a7d79a28d3391ef2,Nikkei Rebounds 890 Points as U.S. Bond Relief Lifts Risk Appetite,https://newsonjapan.com/article/150446.php,News On Japan,2026-08-20T07:30:29Z,shipping rates,"Tokyo stocks rebounded on August 20, with the Nikkei 225 closing at 66,216.79, up 890.37 points, or 1.36%, as gains in U.S. equities, a sharp rally in South Korean semiconductor shares and easing global bond-market stress encouraged investors to buy back Japa…",Newsonjapan.com,Japan,Market Report,2026-08-21T12:51:05.997693Z
b789bf6740c136bfba87cbe66b0347fa,Systeme.io Reviews & Complaints,https://themattwalshblog.com/systeme-io-reviews-complaints/,Matt Walsh,2026-08-20T06:34:54Z,shipping rates,"Systeme.io is an all-in-one platform for building and marketing an online business. It combines sales funnels, websites, email marketing, automation, online courses, communities, appointment scheduling, affiliate management, and ecommerce in one subscription.…",Themattwalshblog.com,Unknown,Analysis/Opinion,2026-08-21T12:51:05.997756Z
8049175d1ec040835292afe5b56a4a5a,Skeptical Science New Research for Week #34 2026,https://skepticalscience.com/new_research_2026_34.html,,2026-08-20T06:08:59Z,shipping rates,"Open access notables

Marine Heatwaves Overwhelm the Buffering Benefits of Marine Protected Areas: Two Decades of Collapse in a Mediterranean Gorgonian, Zentner et al., Global Change Biology

Marine heatwaves (MHWs) are driving mass mortalities of coastal fou…",Skepticalscience.com,Global,News,2026-08-21T12:51:05.997820Z
299fff34dfd48f94b755e20ebfbd0cad,Bonds steady after US Treasury comes to the rescue,https://www.channelnewsasia.com/business/bonds-steady-after-us-treasury-comes-rescue-6329931,,2026-08-20T02:49:42Z,shipping rates,"SINGAPORE: Global bonds steadied on Thursday (Aug 20) after the US Treasury stepped in to stem a rout in its bond market, soothing investor nerves and sending the dollar lower while stocks climbed.The US Treasury announced overnight it will double buyback siz…",CNA,Singapore,Market Report,2026-08-21T12:51:05.997851Z
3a66a33b505d76f643116ede17f797b3,"Q1 outliers: 26 Nifty 500 stocks post over 50% PAT, revenue growth",https://www.business-standard.com/markets/news/q1-outliers-26-nifty-500-stocks-post-over-50-pat-revenue-growth-126082000092_1.html,"Rex Cano, Saloni Goel",2026-08-20T02:48:04Z,shipping rates,"Favourable base, stronger domestic activity, government capex and operating leverage were seen aiding the SMIDs' Q1 FY27 results.",Business Standard,Unknown,News,2026-08-21T12:51:05.997886Z
bd26bd357b175029c9c84ef7f3ae161e,"Sensex, Nifty set to open higher as global bond markets steady",https://www.thehindubusinessline.com/markets/sensex-nifty-set-to-open-higher-as-global-bond-markets-steady/article71367635.ece,Reuters,2026-08-20T02:45:40Z,shipping rates,"GIFT Nifty futures were at 24,241 points, as of 7:56 am, indicating a ‌positive start for the benchmark Nifty 50 index, which closed at 24,078.3 on ‌Wednesday.",BusinessLine,Global,Market Report,2026-08-21T12:51:05.997919Z
21a2920a62d4a0185963ee4aebe0870e,"Japan's exports surge on chips demand, imports hit record on oil costs",https://finance.yahoo.com/economy/articles/japans-exports-jump-23-monthly-002331518.html,By Makiko Yamazaki,2026-08-20T01:55:28Z,shipping rates,"By Makiko Yamazaki TOKYO, Aug 20 (Reuters) - Japan's imports hit a monthly record in July as elevated oil prices drove up energy costs and inflationary press...",Yahoo Entertainment,Japan,Market Report,2026-08-21T12:51:05.997940Z
b19a2ef1a34fe53204028b86d2c53f6a,Japan's exports jump 23% to monthly record in July,https://www.channelnewsasia.com/business/japans-exports-jump-23-monthly-record-in-july-6329831,,2026-08-20T00:53:07Z,shipping rates,"TOKYO: Japan's exports hit a monthly record in July, underscoring resilient global demand and offering support to an economy increasingly reliant on overseas shipments to counter weak domestic demand.Total exports by value rose 23.2 per cent year-on-year to a…",CNA,Japan,Market Report,2026-08-21T12:51:05.997969Z
74828f77f83f38a17c2401b0dfa341d1,The hidden tax California imposes on the rest of the country,https://nypost.com/2026/08/19/opinion/the-hidden-tax-california-imposes-on-the-rest-of-the-country/,Vince Fong,2026-08-20T00:52:39Z,shipping rates,"When Americans buy groceries, fill up their cars or purchase goods shipped through California's ports, they are paying for a climate mandate they never voted for, imposed by an unelected agency in California.",New York Post,USA,News,2026-08-21T12:51:05.997990Z
79aedd4fe66e43e549d53dce153cca6f,20% - 60% OFF AC Milan and Perth 'Calcio Italiano' 2026 Merch | Derby Tee $19.99 (RRP$49.99) + $9.99 Post ($0 WA C&C) @ Jim Kidd,https://www.ozbargain.com.au/node/971988,jimkiddsports,2026-08-20T00:09:31Z,shipping rates,20% - 60% OFF AC Milan and Perth 'Calcio Italiano' 2026 Merch | Derby Tee $19.99 (RRP $49.99) + $9.99 Post ($0 WA C&C) @ Jim Kidd Sports BONUS AC MILAN 2026 SCARF INCLUDED WITH …,Ozbargain.com.au,Unknown,News,2026-08-21T12:51:05.998031Z
3ba57e4f9d73bef1b8303dcb52ab1a70,Castelion Raises $1 Billion Series C to Scale Production of Low-Cost Hypersonic Weapons,https://www.prnewswire.com/news-releases/castelion-raises-1-billion-series-c-to-scale-production-of-low-cost-hypersonic-weapons-302855711.html,,2026-08-19T22:00:00Z,shipping rates,"Funding drives Blackbeard to maximum production rate and accelerates a new longer-range strike system TORRANCE, Calif., Aug. 19, 2026 /PRNewswire/ -- Castelion, a cutting-edge defense technology company working to restore America's conventional deterrence cap…",PRNewswire,USA,Market Report,2026-08-21T12:51:05.998103Z
8fff47f6cb34826bfde6484233e44320,Ecommerce logistics issues are about visibility and connection,https://woocommerce.com/posts/ecommerce-logistics/,Renzo Bojanovich,2026-08-19T21:38:42Z,shipping rates,"Most ecommerce logistics problems come down to systems that don't talk to each other. Here's how to connect inventory, shipping, and returns using WooCommerce.",Woocommerce.com,Unknown,News,2026-08-21T12:51:05.998137Z
590d7917cfafc4af89be3b0b130f00d3,"ASUS Vivobook 15 Core 7 350 15.6"" Laptop PC for $600 + free shipping",https://www.dealnews.com/ASUS-Vivobook-15-Core-7-350-15-6-Laptop-PC-for-600-free-shipping/22059274.html,,2026-08-19T20:38:08Z,shipping rates,"This ASUS Vivobook 15 is $300 off at Staples, dropping to $600 from its regular $900 price. It pairs 512GB of NVMe SSD storage with a Full HD 15.6"" display and a backlit keyboard with a full numpad, and ASUS rates the battery for up to 10 hours on a charge. F…",Dealnews.com,Unknown,Market Report,2026-08-21T12:51:05.998175Z
15959d16a9dcc6652837a2fce61b07fc,"US stocks: US market rises as yields ease, Moderna lifts healthcare stocks",https://economictimes.indiatimes.com/markets/us-stocks/news/us-stocks-us-market-rises-as-yields-ease-moderna-lifts-healthcare-stocks/articleshow/133358680.cms,Reuters,2026-08-19T20:09:50Z,shipping rates,"US stock markets enjoyed a boost as easing bond yields and a spike in Moderna shares contributed to a favorable trading environment. Despite the Federal Reserve's minutes highlighting inflation concerns and discussions on rate hikes, investors remained optimi…",The Times of India,Unknown,Market Report,2026-08-21T12:51:05.998260Z
78496af8a2985fa4bcd3162e7a0dc941,Heightened Middle East Tensions Boost Crude Oil Prices,https://www.barchart.com/story/news/3936286/heightened-middle-east-tensions-boost-crude-oil-prices,Rich Asplund,2026-08-19T19:13:23Z,shipping rates,"September WTI crude oil (CLU26) closed up +0.89 (+1.05%) on Wednesday, and September RBOB gasoline (RBU26) closed down -0.0466 (-1.41%). Crude oil and gasoli...",Barchart.com,Unknown,Market Report,2026-08-21T12:51:05.998289Z
fe68fb2b0461a0d14395141b1676a75c,BLUETTI AC50B 700W 448Wh LiFePO4 Portable Power Station $144.65 + Free S&H,https://slickdeals.net/f/19892847-bluetti-ac50b-portable-power-station-700w-448wh-lifepo4-battery-144-free-shipping,travisshyn,2026-08-19T18:28:00Z,shipping rates,"BLUETTI US Store via AliExpress has BLUETTI AC50B 700W 448Wh LiFePO4 Portable Power Station for $176.44 - $32 w/ coupon code JJX32B = $144.64. Shipping is free.

Note: Price may fluctuate slightly w",Slickdeals.net,Unknown,News,2026-08-21T12:51:05.998324Z
3937c0071f3f318a7f94c4e8faa76204,GSoC 2026 Wrap-up,https://yashbavadiya.bearblog.dev/gsoc-2026-wrap-up/,Yash Bavadiya,2026-08-19T17:51:00Z,shipping rates,"Improving Effect Widgets for KdenliveOrganization: KDE Community
Project: Kdenlive
Contributor: Yash Bavadiya (@xevrion)
Mentor: Jean-Baptiste Mardelle (@mardelle)
Reviewers: Julius Künzel (@jlskuz), Bernd Jordan (@bjordan)
This is the final post for my Googl…",Bearblog.dev,Unknown,Analysis/Opinion,2026-08-21T12:51:05.998358Z
570a2a0e75fe7c0ba6d3ad8be865cd33,Silicon Data aids Wall Street in pricing AI compute resources,https://cryptobriefing.com/silicon-data-wall-street-ai-compute-pricing/,Editorial Team,2026-08-19T17:40:30Z,shipping rates,"Silicon Data raised $30.5M to build GPU pricing benchmarks as CME Group prepares to launch cash-settled GPU futures contracts on NYMEX in October
The post Silicon Data aids Wall Street in pricing AI compute resources appeared first on Crypto Briefing.",Crypto Briefing,Unknown,News,2026-08-21T12:51:05.998398Z
71f227ff86821d296cc163233c6abae2,When Your Buyer Is an AI Agent,https://www.oreilly.com/radar/when-your-buyer-is-an-ai-agent/#BlogPosting,Rudrendu Paul and Sourav Nandy,2026-08-19T16:00:28Z,shipping rates,"In 2021, Maersk, the world’s largest container shipping company, deployed AI agents from a startup called Pactum to negotiate freight lane contracts with its carrier suppliers. The objective was for AI agents to handle negotiations autonomously rather than me…",Oreilly.com,Unknown,News,2026-08-21T12:51:05.998479Z
27d10013a186b3a56558aa0d08d0d6b3,"Abu Dhabi cuts economic ties with Iran, with Fujairah’s maritime gateway at the epicenter",https://en.protothema.gr/2026/08/19/abu-dhabi-cuts-economic-ties-with-iran-with-fujairahs-maritime-gateway-at-the-epicenter/,Newsroom,2026-08-19T15:59:16Z,shipping rates,"All commercial and financial transactions are frozen until further notice - The decision threatens to block payments, refueling & cargo transshipments, while only six vessels crossed the Strait of Hormuz on Tuesday
The post Abu Dhabi cuts economic ties with I…",Protothema.gr,Unknown,News,2026-08-21T12:51:05.998531Z
46ffca59074ecb1e32ff4ed0c6c8140c,Crude Prices Supported by Dollar Weakness and Middle East Tensions,https://www.barchart.com/story/news/3932190/crude-prices-supported-by-dollar-weakness-and-middle-east-tensions,Rich Asplund,2026-08-19T15:34:00Z,shipping rates,"September WTI crude oil (CLU26) is up +1.42 (+1.67%) on Tuesday, and September RBOB gasoline (RBU26) is down -0.0122 (-0.37%). Crude oil and gasoline prices...",Barchart.com,Unknown,Market Report,2026-08-21T12:51:05.998562Z
1095871e156d589959fdf33f51c307b3,My favorite loyalty program perk? The one that pays me back when my kid outgrows her clothes,https://thepointsguy.com/loyalty-programs/rylee-and-cru/,Carly Helfand,2026-08-19T15:00:28Z,shipping rates,"How I use Rylee + Cru's points, tiers and trade-in credits to score real savings, including up to 30% back on used kids' clothes",The Points Guy,Unknown,News,2026-08-21T12:51:05.998594Z
723cf05f32b7093e5e2372641751617a,grugify added to PyPI,https://pypi.org/project/grugify/,,2026-08-19T14:14:24Z,shipping rates,Compress documents into terse caveman-style text to cut LLM input tokens.,Pypi.org,Unknown,News,2026-08-21T12:51:05.998621Z
03063d11b279493693ed24c126df8cd2,Show HN: NextBlock CMS – open-source fullstack CMS for NextJS 16 and Supabase,https://nextblock.dev,nextblock,2026-08-19T14:01:57Z,shipping rates,"NextBlock™ is the open-source, developer-first Next.js CMS that merges 100% Lighthouse scores with a powerful visual block editor.",Nextblock.dev,Unknown,News,2026-08-21T12:51:05.998660Z
2ce49ad7ec8fcaf8eec7008e62b1bf74,Dow Rises as Target's Earnings Beat Offsets Lowe's Weak Guidance Ahead of Fed Minutes Release Wednesday,https://www.ibtimes.com.au/dow-jones-rises-mixed-retail-earnings-biotech-surge-1874272,Tony Jackson,2026-08-19T13:57:08Z,shipping rates,"The Dow Jones rose as Target's strong earnings offset mixed results from Lowe's and TJX. Biotech stocks surged, and investors awaited Federal Reserve meeting minutes amid bond market volatility.",Ibtimes.com.au,Unknown,Market Report,2026-08-21T12:51:05.998737Z
8d4b7dff992cee6fda352a9b37eb5783,64GB ANBERNIC RG351P Handheld Retro Game Console $33 + Free S/H,https://slickdeals.net/f/19893135-anbernic-rg351p-retro-gaming-handheld-32-50-aliexpress,RevOne,2026-08-19T13:18:44Z,shipping rates,"Anbernic Stateside Store via AliExpress 
* Anbernic RG351P [aliexpress.us] (Purple or White) 
 * *$32.51* w/ code VSUSDEAL6 
 
 
* Alternative Listing: Anbernic RG351P [aliexpress.us] (Purple, Black...",Slickdeals.net,Unknown,News,2026-08-21T12:51:05.998786Z
f2aa55c14bb4251a07305c7f36ff1414,"Adronite launches Codistry AI coding platform, claims half the token cost",https://siliconangle.com/2026/08/19/adronite-launches-codistry-ai-coding-platform-claims-half-the-token-cost/,Duncan Riley,2026-08-19T13:00:35Z,shipping rates,"Adronite Inc. today launched Codistry, an artificial intelligence coding platform for large enterprise codebases. The platform runs on Adronite’s Context Engine, or ACE, which the company has patented. ACE builds a relational map of a codebase and keeps it cu…",SiliconANGLE News,Unknown,News,2026-08-21T12:51:05.998836Z
8842206f63e068054949780976c8b1b0,#230 – Adrian Sticea on Navigating the Decline of WordPress Work on Upwork and the Rise of New Opportunities,https://wptavern.com/podcast/230-adrian-sticea-on-navigating-the-decline-of-wordpress-work-on-upwork-and-the-rise-of-new-opportunities,"WordPress Tavern, WordPress Tavern",2026-08-19T13:00:00Z,shipping rates,"I'm talking today with Adrian Sticea about the decline in freelance WordPress work available through Upwork, highlighted by a viral LinkedIn post and graph showing work drying up from 2023 onward. We get into the many reasons behind this shift, the impact of …",Wptavern.com,Unknown,News,2026-08-21T12:51:05.998890Z
b8b94733b4a82b8bfc9b1d26da67a9d7,Flex LNG Logs Highest Quarterly Revenue in 5 Years,https://www.rigzone.com/news/flex_lng_logs_highest_quarterly_revenue_in_5_years-19-aug-2026-184409-article/,Jov Onsat,2026-08-19T12:13:16Z,shipping rates,"'We are entering an interesting and potentially volatile period for the LNG shipping market, with the balance between continued fleet growth and competition on LNG volumes between Europe and Asia'.",Rigzone,Unknown,Market Report,2026-08-21T12:51:05.998948Z
9eac91b4b77f17080ea2cca3ce35b024,Dave Ramseys explains 3 serious retirement mistakes Americans make after 55. How many are you making?,https://finance.yahoo.com/markets/articles/dave-ramseys-explains-3-serious-111500132.html,Vishesh Raisinghani,2026-08-19T11:15:00Z,shipping rates,"After three decades of financial advice, Ramsey has seen it all, and these are the mistakes he says nearly-retired Americans make.",Yahoo Entertainment,USA,News,2026-08-21T12:51:05.998968Z
4a179e3f2b24c6dc5a63eed4f5555971,BoxHouse Duplex: A 380 Sq. Ft. Foldable Home That Unfolds Into Two Units in a Day,https://tinyhousetalk.com/boxhouse-duplex-foldable-380-sq-ft-two-units/,Alex,2026-08-19T11:00:08Z,shipping rates,"The BoxHouse Duplex ships folded flat and unfolds on site into two complete 190 sq. ft. homes, each with its own entrance, kitchen, bath, and laundry.",Tinyhousetalk.com,Unknown,News,2026-08-21T12:51:05.999000Z
99666a0ca9ba20f34421e24b4b959de4,Opera Reports Second Quarter 2026 Results Beyond the High End of Guidance Ranges,https://www.prnewswire.com/news-releases/opera-reports-second-quarter-2026-results-beyond-the-high-end-of-guidance-ranges-302855091.html,,2026-08-19T11:00:00Z,shipping rates,"Revenue increased 25% year-over-year to $178.1 million, exceeding the guidance range Adjusted EBITDA was $42.4 million, representing a 24% margin and 32% year-over-year growth, also exceeding the guidance range Third quarter 2026 revenue guidance of $181–183 …",PRNewswire,Unknown,Market Report,2026-08-21T12:51:05.999046Z
05bf47d5e9160a5c70981432de4b07ca,"ZIM Reports Strong Results for the Second Quarter of 2026, Benefiting from its Leading Transpacific Position, Agile Commercial Approach and Efficient Cost Structure",https://www.prnewswire.com/news-releases/zim-reports-strong-results-for-the-second-quarter-of-2026-benefiting-from-its-leading-transpacific-position-agile-commercial-approach-and-efficient-cost-structure-302855083.html,,2026-08-19T11:00:00Z,shipping rates,"Revenues Up +9% to $1.8bn, and Net Income Up +170% to $64m, y-o-y Q2 EBITDA and Net Income, adjusted for costs related to the pending Hapag-Lloyd transaction, up +4% to $491m and +226% to $77m, y-o-y, respectively Positive H1 Adjusted Net Income with signific…",PRNewswire,Unknown,Market Report,2026-08-21T12:51:05.999095Z
a895685dc3ed9a6a91cadb9594a06dc8,Target Corporation Reports Second Quarter Earnings,https://www.prnewswire.com/news-releases/target-corporation-reports-second-quarter-earnings-302854584.html,,2026-08-19T10:30:00Z,shipping rates,"MINNEAPOLIS, Aug. 19, 2026 /PRNewswire/ -- Second quarter net sales grew 5.3 percent over last year, with comparable sales growth of 3.8 percent driven by a 3.6 percent increase in comparable traffic. On a two-year basis, second quarter Net Sales compounded a…",PRNewswire,Unknown,Market Report,2026-08-21T12:51:05.999159Z
d05a3186bb9cf2d4ebc7da6180b4851a,"Rupee hits three-week low, traders wary about fall to 96/USD as RBI stands guard",https://www.thehindubusinessline.com/markets/forex/rupee-hits-three-week-low-traders-wary-about-fall-to-96usd-as-rbi-stands-guard/article71364363.ece,Reuters,2026-08-19T10:28:56Z,shipping rates,"Rupee dips to three-week low amid high oil prices and dollar demand, with RBI interventions preventing further decline.",BusinessLine,Unknown,Market Report,2026-08-21T12:51:05.999188Z
a944a87828583e5fe3093cfe5166e85d,The IRS just sent a $43 billion ‘Trump Bump’ to millions of Americans — did you get your check?,https://finance.yahoo.com/economy/policy/articles/irs-just-sent-43-billion-100500366.html,Jing Pan,2026-08-19T10:05:00Z,shipping rates,But only some Americans are getting the maximum amount.,Yahoo Entertainment,USA,News,2026-08-21T12:51:05.999210Z
76e28064a7bb87a5551c906a444d85a0,Global Market: European shares flat as Middle East risks weigh; Fed Minutes in focus,https://economictimes.indiatimes.com/markets/us-stocks/news/global-market-european-shares-flat-as-middle-east-risks-weigh-fed-minutes-in-focus/articleshow/133344247.cms,Anupam Nagar,2026-08-19T09:57:43Z,shipping rates,"European shares were largely flat as Middle East tensions kept investors cautious ahead of the Federal Reserve’s July meeting minutes. Gains in basic resources stocks, supported by higher gold prices, offset technology losses caused by rising bond yields. UK …",The Times of India,Global,Market Report,2026-08-21T12:51:05.999251Z
dbbf1f5af4653fe99e5b2e9bf0eb65ae,Bluetti AC70 768Wh/1000W LiFePO4 Portable Power Station (US Plug/Socket) $216 + Free S&H,https://slickdeals.net/f/19892643-bluetti-ac70-768wh-portable-power-station-1000w-7-outlets-45-min-fast-charge-216-free-shipping-215-6,DealzRGood4U,2026-08-19T09:40:24Z,shipping rates,Bluetti Store via AliExpress has Bluetti AC70 768Wh/1000W LiFePO4 Portable Power Station (US Plug/Socket) on sale for $266 - Extra $50 Off w/ promo code USDEAL050 (apply at final checkout) = $216. Shi,Slickdeals.net,Unknown,News,2026-08-21T12:51:05.999286Z
096982fed57f0fb93304b81b3d8ea1c0,Coinbase establishes Abu Dhabi tokenization hub,https://fortune.com/2026/08/19/coinbase-establishes-abu-dhabi-tokenization-hub/,Melissa Hancock,2026-08-19T09:26:26Z,shipping rates,In this week’s Fortune Gulf Brief.,Fortune,Unknown,News,2026-08-21T12:51:05.999315Z
9aeef154c0827d39b638b8743dca6a26,Nikkei Drops 3.2% as AI Selloff and Bond Yields Hit Tokyo,https://newsonjapan.com/article/150426.php,News On Japan,2026-08-19T09:16:23Z,shipping rates,"Tokyo stocks fell sharply on August 19, with the Nikkei 225 closing at 65,326.42, down 3.2%, its lowest finish since August 4, as renewed selling in artificial intelligence and semiconductor-related shares combined with rising bond yields, higher oil prices a…",Newsonjapan.com,Japan,Market Report,2026-08-21T12:51:05.999343Z
787e53df95477945f03bac0ea29878fb,Full Truck Alliance Co. Ltd. Announces Second Quarter 2026 Unaudited Financial Results,https://www.prnewswire.com/news-releases/full-truck-alliance-co-ltd-announces-second-quarter-2026-unaudited-financial-results-302855087.html,,2026-08-19T08:49:00Z,shipping rates,"GUIYANG, China, Aug. 19, 2026 /PRNewswire/ -- Full Truck Alliance Co. Ltd. (""FTA"" or the ""Company"") (NYSE: YMM), a leading digital freight platform, today announced its unaudited financial results for the second quarter ended June 30, 2026. Second Quarter 202…",PRNewswire,China,News,2026-08-21T12:51:05.999382Z
e38a5fb65d55010f0b73f1a768612a60,"Rupee holds near ₹95.7 as RBI intervention offsets oil, bond yield pressures",https://www.thehindubusinessline.com/markets/forex/rupee-holds-near-957-as-rbi-intervention-offsets-oil-bond-yield-pressures/article71363546.ece,Reuters,2026-08-19T07:53:02Z,shipping rates,"The currency remained resilient despite mounting external pressures, with traders closely watching oil prices, global yields and central bank policy signals.",BusinessLine,Global,Market Report,2026-08-21T12:51:05.999418Z
c982b0bbbe112a2a5050ae64eeb33bde,Flex LNG - Second Quarter 2026 Earnings Release,https://www.prnewswire.com/news-releases/flex-lng---second-quarter-2026-earnings-release-302854948.html,,2026-08-19T05:15:00Z,shipping rates,"HAMILTON, Bermuda, Aug. 19, 2026 /PRNewswire/ -- Flex LNG Ltd. (""Flex LNG"" or the ""Company"") today announced its unaudited financial results for the quarter ended June 30, 2026. Highlights: Vessel operating revenues of $106.8 million for the second quarter 20…",PRNewswire,Unknown,News,2026-08-21T12:51:05.999463Z
b51590859feda0dfb12fd03554d86c02,"Gold edges below $4,400 as traders eye slump in long-dated bonds",https://www.bloomberg.com/news/articles/2026-08-17/gold-holds-two-day-gain-on-reduced-rate-hike-expectations,Bloomberg,2026-08-19T04:47:32Z,shipping rates,"Spot gold lost as much as 0.7% on Tuesday, with a gauge of the dollar steady after hitting a three-month low on Monday",Bloomberg,Unknown,News,2026-08-21T12:51:05.999495Z
1ea3967b4dc7ed2b6ce435dbfa89947c,Best Hydroponic Indoor Garden: Top Picks for 2026,https://ahouseinthehills.com/best-hydroponic-indoor-garden/,Cooper Langley,2026-08-19T04:04:19Z,shipping rates,"Tired of watering plants that still won’t grow? Your kitchen counter could be a tiny farm instead. All it takes is the right setup and a smarter way to grow. The best hydroponic indoor garden makes this possible. No mess, no wasted water, no failed harvests e…",Ahouseinthehills.com,Unknown,News,2026-08-21T12:51:05.999541Z
972180ac9be1729b9b932ba46b359841,"Four Health Systems Automated the Prior Authorization Question, Not the Answer",https://synopulse.com/four-health-systems-automated-the-prior-authorization-question-not-the-answer/,Athithi Verma,2026-08-19T03:55:49Z,shipping rates,"Ochsner, Denver Health and others went live with real-time prior auth checks. The API tells you if you must ask, not whether you get a yes.",Synopulse.com,Unknown,News,2026-08-21T12:51:05.999574Z
816f4f0bdd9d47e9635002082ae16c93,"Gold inches higher, focus on Fed minutes",https://economictimes.indiatimes.com/markets/commodities/news/gold-inches-higher-focus-on-fed-minutes/articleshow/133335242.cms,Reuters,2026-08-19T01:59:17Z,shipping rates,"Gold prices edged up slightly during the early Asian trading session, buoyed by a retreat in U.S. Treasury yields from their recent highs. Market players are now looking ahead to the Federal Reserve's meeting minutes for guidance on upcoming policies. Other p…",The Times of India,Unknown,Market Report,2026-08-21T12:51:05.999615Z
7a294ddf7a360e8ee412b9cac3827d35,"President Tinubu, terminate the dodgy £746M ports deal",https://www.vanguardngr.com/2026/08/president-tinubu-terminate-the-dodgy-746m-ports-deal/,Emmanuel Okogba,2026-08-19T01:01:00Z,shipping rates,"By OBIAGELI ‘OBY’ EZEKWESILI One hundred and fifty two days after President Bola Tinubu signed a £746 million ports financing deal with the United Kingdom at Windsor Castle, neither government has disclosed the terms of the agreement. I initially held back fr…",Vanguard,UK,News,2026-08-21T12:51:05.999660Z
727fee5da17b8811a8cefef6ded7cb20,"Gold inches higher, focus on Fed minutes",https://sg.finance.yahoo.com/news/gold-inches-higher-focus-fed-005910171.html,Reuters,2026-08-19T00:59:10Z,shipping rates,Aug 19 (Reuters) - Gold prices edged higher in early Asian trade on Wednesday as U.S.,Yahoo Entertainment,Unknown,Market Report,2026-08-21T12:51:05.999685Z
bcb64a13e00d04c50c223b5e383ad510,Nvidia’s new financial strategy does not compute,https://www.theverge.com/ai-artificial-intelligence/981668/nvidias-goldman-blackrock-gpu-compute-asset,Elizabeth Lopatto,2026-08-19T00:24:27Z,shipping rates,"April - 1805 Napoleon is master of Europe Only the British fleet stands before him Compute is now an asset class I see it is once again time to talk financial innovation. Apollo, BlackRock, Blackstone, Brookfield, Goldman Sachs, and KKR are all working with N…",The Verge,UK,News,2026-08-21T12:51:05.999731Z
0d0b70fdc5c80f9b903a9a4a5a058773,AI usage patterns in software teams,https://linear.app/data,,2026-08-18T22:08:07Z,shipping rates,"AI usage patterns in software teams: who is adopting AI, how it reshapes where teams spend their time, and how much more they ship.",Linear.app,Unknown,News,2026-08-21T12:51:05.999774Z
013b8a64e1f1d22dc9627ee114ecb946,Crude Prices Gain on Reduced Middle Eastern Oil Supplies,https://www.barchart.com/story/news/3914385/crude-prices-gain-on-reduced-middle-eastern-oil-supplies,Rich Asplund,2026-08-18T19:30:53Z,shipping rates,"September WTI crude oil (CLU26) closed up +0.44 (+0.52%) on Tuesday, and September RBOB gasoline (RBU26) closed up +0.0316 (+0.97%). Crude oil and gasoline p...",Barchart.com,Unknown,Market Report,2026-08-21T12:51:05.999805Z
8aa374b437c31a69781ecec8c29be082,"Pentagon Will Reimburse Egg Freezing Up to $10,000 a Year but Caps Sperm Storage at Only $500",https://www.medicaldaily.com/pentagon-fertility-preservation-pilot-egg-sperm-freezing-reimbursement-477478,Dorothy Brooks,2026-08-18T19:30:08Z,shipping rates,A three-year Defense Department pilot starting in September reimburses fertility preservation for troops facing hazardous orders or long separations.,Medical Daily,Unknown,News,2026-08-21T12:51:05.999841Z
0b41a2741cadc952a434756098ee4643,Ocean Freight Rates Surge +400% — But Demand Isn’t Driving It,https://finance.yahoo.com/economy/articles/ocean-freight-rates-surge-400-191257923.html,FreightWaves Staff,2026-08-18T19:12:57Z,shipping rates,"Ocean freight spot rates have skyrocketed by over 400%, but surprisingly, demand isn’t the primary cause. This SONAR Update breaks down how capacity control...",Yahoo Entertainment,Unknown,Market Report,2026-08-21T12:51:05.999879Z
e00d16f4db895d1d960026a3cbcfba6f,Why Shared Truckload Wins When Truckload Rates Rise,https://finance.yahoo.com/small-business/articles/why-shared-truckload-wins-truckload-190457840.html,FreightWaves Staff,2026-08-18T19:04:57Z,shipping rates,"Shared truckload could cut shipping costs 30% to 40% as truckload rates climb. Flock Freight CEO Pat Dillon breaks down how it works, where it fits between F...",Yahoo Entertainment,Unknown,Market Report,2026-08-21T12:51:05.999908Z
1cbb2401fbb7bcfd5ed4712a45cf8f7f,U.S. Lifts Decade-Old Security Restrictions on Ships Arriving From Nigeria,https://gcaptain.com/u-s-lifts-decade-old-security-restrictions-on-ships-arriving-from-nigeria/,Reuters,2026-08-18T18:40:28Z,shipping rates,"The United States has lifted security restrictions imposed on vessels arriving from Nigeria after more than a decade, the Marine and Blue economy Minister Adegboyega Oyetola said on Tuesday, in a move expected to cut shipping costs and boost the competitivene…",gcaptain.com,USA,News,2026-08-21T12:51:05.999936Z
1db07e125d40404d571ecb90b8b2d70c,Querying raw log data using SQL and PPL with the optimized engine in Amazon OpenSearch Service,https://aws.amazon.com/blogs/big-data/querying-raw-log-data-using-sql-and-ppl-with-the-optimized-engine-in-amazon-opensearch-service/,Kaushik Krishnan,2026-08-18T18:32:05Z,shipping rates,"Learn how to run fast analytical queries directly against raw log and trace data in Amazon OpenSearch Service using PPL and SQL. Follow a single incident investigation, one query at a time, and see how the new optimized engine answers each question directly f…",Amazon.com,Unknown,News,2026-08-21T12:51:05.999985Z
667733303ce7694331a018acd97c5f7d,Opinion: Oil Market Starts Pricing in a Prolonged Hormuz Crisis,https://gcaptain.com/opinion-oil-market-starts-pricing-in-a-prolonged-hormuz-crisis/,Reuters,2026-08-18T18:15:10Z,shipping rates,The oil market is increasingly behaving as though disruptions to Middle East energy supplies are not a temporary shock but a new reality.,gcaptain.com,Unknown,Analysis/Opinion,2026-08-21T12:51:06.000014Z
57b1b7a76f6a32e981faa3f187c7fdf4,"From AirPods to Hokas: 6 back-to-school deals that are actually great for travel, too",https://thepointsguy.com/deals/back-to-school-deals-travel-gear/,Summer Hull,2026-08-18T18:05:22Z,shipping rates,"From AirPods and AirTags to Hokas and backpacks, these back-to-school deals can save you money on gear that's just as useful for your next trip.",The Points Guy,Unknown,News,2026-08-21T12:51:06.000048Z
859984a592cf05bbe91cf21f963d5f94,DJI Osmo 360 8K Action Camera Standard Combo $280 + Free S&H,https://slickdeals.net/f/19886568-dji-osmo-360-8k-action-camera-standard-combo-280-free-s-h,iconian,2026-08-18T16:52:04Z,shipping rates,"GearsPro Store via AliExpress has DJI Osmo 360 8K Action Camera Standard Combo on sale for $319.33 - $40 when you apply promo code VUSDEAL40 at checkout = $279.33. Shipping is free.

Thanks to Deal",Slickdeals.net,Unknown,News,2026-08-21T12:51:06.000082Z
744ae7631195c7a087030003d3469598,Applied Optoelectronics Bets on U.S. Laser Capacity to Capture AI Data Center Demand,https://www.marketbeat.com/instant-alerts/applied-optoelectronics-bets-on-us-laser-capacity-to-capture-ai-data-center-demand-2026-08-18/?utm_source=yahoofinance&amp;utm_medium=yahoofinance,MarketBeat,2026-08-18T16:02:04Z,shipping rates,Applied Optoelectronics (NASDAQ:AAOI) is positioning its laser manufacturing and automated U.S.-based production capabilities as key differentiators as data-...,MarketBeat,Unknown,News,2026-08-21T12:51:06.000119Z
3e0a48e104c8ff36166085c417a74420,Sustainability in Greece: Turning Environmental Responsibility into Long-Term Business Value,https://greeknetwork.gr/2026/08/18/sustainability-in-greece-turning-environmental-responsibility-into-long-term-business-value/,Greek Network,2026-08-18T15:42:54Z,shipping rates,"As environmental regulations become more demanding and stakeholder expectations continue to evolve, sustainability is becoming an increasingly important business priority in Greece. Companies are no longer expected simply to comply with legal requirements. Th…",Greeknetwork.gr,Greece,News,2026-08-21T12:51:06.000166Z
4fe527d23743c6480c44f7c1c5261149,"BLUETTI AC180 Portable Power Station w/200W Solar Panel Kit, 1152Wh LiFePO4 Battery, 1800W Output, 5yr Warranty; free s&h $544.78 (2 replies)",https://slickdeals.net/f/19893309-bluetti-ac180-portable-power-station-w-200w-solar-panel-kit-1152wh-lifepo4-battery-1800w-output-5yr-warranty-free-s-h-544-78,Tico22,2026-08-18T15:29:24Z,shipping rates,"On sale for $674.78. Total drops to $554.78 + tax after using $120 promo code VCF120 or VUSDEAL120. Free shipping from US warehouse.

This same kit is $729 on Amazon.

Discount code also works on the",Slickdeals.net,Unknown,News,2026-08-21T12:51:06.000207Z
e4dcb623f9aa39e93f5f7c275f38dcac,"Sofirn SC13 Rechargeable EDC Flashlight, Choose Color & LED; free s&h; $12.52 (4 replies)",https://slickdeals.net/f/19893228-sofirn-sc13-rechargeable-edc-flashlight-choose-color-led-free-s-h-12-52,Tico22,2026-08-18T15:07:12Z,shipping rates,Sofirn's famous SC13 is on sale for $17.52 (all versions). Total drops to $12.52 + tax after using $2 store code USSC1302 and $3 promo code GSD03C at checkout. (Backup promo codes: VSUSAFF3 or US,Slickdeals.net,Unknown,News,2026-08-21T12:51:06.000243Z
6b09d3dc5f9b97f85d8911b00ae493b1,Kopernik Observatory Seeks Amateur Radio Operators to Track August 19 Balloon Flight,http://www.arrl.org/news/view/kopernik-observatory-seeks-amateur-radio-operators-to-track-august-19-balloon-flight,,2026-08-18T15:01:00Z,shipping rates,"Amateur radio operators in western New York and other northeastern states have an opportunity to help track an educational balloon. Drew Deskur, KA1M, Director of the Kopernik Observatory, a public observatory and informal STEM education center in Vestal, New…",Arrl.org,Unknown,News,2026-08-21T12:51:06.000291Z
12c676e7b1b03c385d590e6619492d7c,How Gulf Oil Is Escaping the Strait of Hormuz,https://oilprice.com/Energy/Crude-Oil/How-Gulf-Oil-Is-Escaping-the-Strait-of-Hormuz.html,Tom Kool,2026-08-18T15:00:00Z,shipping rates,"Gulf oil producers are finding new ways around the Strait of Hormuz, but bypassing the world’s biggest oil chokepoint creates new risks. VLCC Rates Go Ballistic as Hormuz Turns Into a Freight Jackpot - VLCC prices are ballooning out of control (once again), p…",OilPrice.com,Unknown,Market Report,2026-08-21T12:51:06.000332Z
1e3c63d3d616b183a9a1a0da91578477,How Gulf Oil Is Escaping the Strait of Hormuz,https://finance.yahoo.com/energy/articles/gulf-oil-escaping-strait-hormuz-150000576.html,Tom Kool,2026-08-18T15:00:00Z,shipping rates,"Gulf oil producers are finding new ways around the Strait of Hormuz, but bypassing the world’s biggest oil chokepoint creates new risks.",Yahoo Entertainment,Unknown,News,2026-08-21T12:51:06.000363Z
3edddb1a6345b8ce203e83eee3a70653,Refurbished: Bluetti Elite 100 V2 1800W/1024Wh Portable Power Station $286.50 + Free S&H,https://slickdeals.net/f/19888725-cert-refurb-bluetti-elite-100-v2-portable-power-station-1800w-1024wh-289-free-shipping,DealzRGood4U,2026-08-18T14:28:20Z,shipping rates,BLUETTI Store via AliExpress has Bluetti Elite 100 V2 1800W/1024Wh Portable Power Station (Certified Refurbished) for $336.50 - $50 when you apply promo code JJX50B = at checkout = $286.50. Shipping i,Slickdeals.net,Unknown,News,2026-08-21T12:51:06.000398Z
a1f63f9d7449c3b1d72fec74fb27d0b0,3 Massive Yield Dividend Payers To Watch Out For,https://biztoc.com/x/fc83590a57e99471,247wallst.com,2026-08-18T14:10:19Z,shipping rates,"The post 3 Massive Yield Dividend Payers To Watch Out For appeared first on 24/7 Wall St..
High yields on cyclical stocks are seductive for a reason: the headline number looks like a coupon while behaving like a variable payment tied to volatile inputs. When …",Biztoc.com,Unknown,News,2026-08-21T12:51:06.000442Z
e454ca8d3a7f5ba15d6e92a0d26a6d20,"Nasdaq, Dow and S&P 500 open lower, marking third day of declines",https://cryptobriefing.com/nasdaq-dow-sp500-third-day-declines/,Editorial Team,2026-08-18T13:39:13Z,shipping rates,"Rising bond yields and oil prices heighten economic uncertainty, pressuring growth stocks and potentially altering investment strategies.
The post Nasdaq, Dow and S&P 500 open lower, marking third day of declines appeared first on Crypto Briefing.",Crypto Briefing,Unknown,Market Report,2026-08-21T12:51:06.000477Z
1379d5beab5088f97fa97b2b9aad118e,"Gulf-to-China Supertanker Rates Hit $510,000 a Day",https://oilprice.com/Latest-Energy-News/World-News/Gulf-to-China-Supertanker-Rates-Hit-510000-a-Day.html,Charles Kennedy,2026-08-18T13:30:00Z,shipping rates,The daily rate for chartering a supertanker to pick up crude oil from within the Persian Gulf and deliver it to China has surged this week to the highest level in two months as exporters seek vessels to deliver oil to Asian buyers despite a deteriorating secu…,OilPrice.com,China,Market Report,2026-08-21T12:51:06.000491Z
f5630e742f0bb0017371b54424b656b8,Kent Beck: Composable Tests,https://newsletter.kentbeck.com/p/composable-tests,Kent Beck,2026-08-18T13:08:32Z,shipping rates,It's not what I thought,Kentbeck.com,Unknown,News,2026-08-21T12:51:06.000514Z
d5c983c7a035b716b3cfc345d2859d80,Dell Back to School Monitor Deals: Up to $150 off + free shipping,https://www.dealnews.com/Dell-Back-to-School-Monitor-Deals-Up-to-150-off-free-shipping/22052080.html,,2026-08-18T12:46:32Z,shipping rates,"Dell's Back to School Sale covers monitors across its lineup, from budget office displays to UltraSharp and Alienware gaming screens. The Dell UltraSharp 27 4K Thunderbolt Hub Monitor drops to $700, down from $850, while the Alienware 34 240Hz Gaming Monitor …",Dealnews.com,Unknown,News,2026-08-21T12:51:06.000559Z
8f1a78fe99694207996190bbfa03213d,Vuzix Ships High-Bandwidth Optical Interconnect Solution for AI Data Centers,https://www.prnewswire.com/news-releases/vuzix-ships-high-bandwidth-optical-interconnect-solution-for-ai-data-centers-302853549.html,,2026-08-18T12:01:00Z,shipping rates,"Supports high-density, power-efficient optical routing to improve performance inside the data center Evaluates up to 19,200 optical channels over an approximately 30 mm path ROCHESTER, N.Y., Aug. 18, 2026 /PRNewswire/ -- Vuzix® Corporation (NASDAQ: VUZI), a l…",PRNewswire,Unknown,News,2026-08-21T12:51:06.000608Z
e216b2be0570211b0ddb9643f8836470,Tuesday: Hili dialogue,https://whyevolutionistrue.com/2026/08/18/tuesday-hili-dialogue-593/,whyevolutionistrue,2026-08-18T12:00:09Z,shipping rates,"Welcome to The Cruelest Day: Tuesday, August 18, 2026, and it’s National Bad Poetry Day. Finding horrible verse is a hobby of mine, but two names stand out; William McGonagall and Julia A. Moore, the former a Brit and the latter American.  Here in its entiret…",Whyevolutionistrue.com,USA,News,2026-08-21T12:51:06.000634Z
2ce4a3261cafd5f1a9f1dcac88e8462d,Funnelish Review,https://themattwalshblog.com/funnelish-review/,Matt Walsh,2026-08-18T11:36:40Z,shipping rates,"Funnelish is an e-commerce funnel platform for dropshipping businesses, direct-to-consumer brands, and online retailers. It combines a drag-and-drop page builder with custom checkout pages, order bumps, one-click upsells, payment integrations, Shopify synchro…",Themattwalshblog.com,Unknown,Analysis/Opinion,2026-08-21T12:51:06.000670Z
8697cc24215865d0224a4c4c42105114,"Avicena Ships World’s First 1Tbps Evaluation Kits, Extending Its Leadership in microLED Optical Interconnects",https://financialpost.com/pmn/business-wire-news-releases-pmn/avicena-ships-worlds-first-1tbps-evaluation-kits-extending-its-leadership-in-microled-optical-interconnects,Business Wire,2026-08-18T10:09:29Z,shipping rates,"Latest LightBundle™ eKit delivers terabit-class optical connectivity with up to 335 microLED channels operating at 3 Gbps each SUNNYVALE, Calif. — Avicena, the pioneer in microLED-based optical interconnects, today announced that it has begun shipping 1 Tbps …",Financial Post,Brazil,News,2026-08-21T12:51:06.000700Z
7470acd0ae8d5f57ab0e28815b5de1d5,Global bond yields hit multi-decade highs as governments pay the price for U.S.-Iran stalemate,https://www.cnbc.com/2026/08/18/bond-yields-government-us10y-treasury-note-iran.html,Chloe Taylor,2026-08-18T09:45:01Z,shipping rates,International government bond yields followed U.S. Treasury yields higher on Tuesday.,CNBC,Global,News,2026-08-21T12:51:06.000731Z
4aeebf2580da496b11bd71f5deacd4dc,Sneering Trump's honest confession glistens with contempt,https://www.rawstory.com/raw-investigates/trump-uss-lincoln/,John Casey,2026-08-18T09:30:02Z,shipping rates,"For some Americans, the reality of who Donald Trump really is is coming home to roost. And for the sailors trapped aboard the USS Abraham Lincoln
, that moment has already arrived.The Lincoln left San Diego last November. Nine months later, it is still at se…",Raw Story,USA,News,2026-08-21T12:51:06.000777Z
d8fcb54936d334cee7351e733a8e1b20,"Oil Supertanker Earnings on Mideast Route Near $510,000 a Day",https://gcaptain.com/oil-supertanker-earnings-on-mideast-route-near-510000-a-day/,Bloomberg,2026-08-18T09:21:04Z,shipping rates,"Earnings for a supertanker procuring crude oil from within the Persian Gulf to Asia are nearing a two-month high, as exporters hunt for more vessels to deliver the fuel via the Strait of Hormuz even as the security situation remains uncertain.",gcaptain.com,Unknown,News,2026-08-21T12:51:06.000821Z
1d98c6559c828234899959811d264c54,Wells Fargo resets its inflation target for 2026 and 2027,https://www.thestreet.com/economy/wells-fargo-resets-its-inflation-target-for-2026-and-2027-economy-fed-rate,Hillary Remy,2026-08-18T09:03:00Z,shipping rates,Wall Street has spent this year waiting for prices to calm down. The thinking was simple. The war with Iran pushed oil up in February; the shock would wear o...,TheStreet,Unknown,Market Report,2026-08-21T12:51:06.000852Z
0789cb06c96ec92368b374ee39e6d4b0,"Bessent’s $4 billion bond plan is like ‘rearranging deckchairs on the Titanic given the U.S. national debt of $40 trillion,’ ING says",https://fortune.com/2026/08/20/scott-bessent-us-treasury-4-billion-bond-buyback-plan-rearranging-deckchairs-on-the-titanic-ing/,Jim Edwards,2026-08-20T10:47:12Z,freight rates,Everything you need to know before you reach the office this morning.,Fortune,Unknown,News,2026-08-21T12:51:06.464749Z
eecfddfc2e5b6038964d530c9c8aee92,HappyRobot Wants $1.2 Billion to Run Your Freight by Voice,https://forkast.news/happyrobot-wants-1-2-billion-to-run-your-freight-by-voice/,Dana Ellison,2026-08-20T09:19:52Z,freight rates,"Most enterprise AI agent companies are still trying to get their software out of the pilot phase. HappyRobot has 150-plus customers and eight of the 10 largest US freight brokers running its agents in production. On August 4, the San Francisco-based company c…",Forkast.news,Unknown,News,2026-08-21T12:51:06.464875Z
5bed84aea57bd1013dec6eaf1dca6683,"Auto component makers eyeing ₹9,000-10,000 crore market in lightweighting products by FY31: Equirus report",https://www.thehindubusinessline.com/companies/auto-component-makers-eyeing-9000-10000-crore-market-in-lightweighting-products-by-fy31-equirus-report/article71367733.ece,S Ronendra Singh,2026-08-20T04:50:01Z,freight rates,Tighter CAFE-3 fuel-efficiency requirements are expected to increase OEM focus on lightweighting products,BusinessLine,Unknown,Market Report,2026-08-21T12:51:06.464918Z
8c33ab9fe4132c35cb3e92b5d4b6684d,All Aboard: STB Resumes Union Pacific-Norfolk Southern Merger Review,http://wwd.com/sourcing-journal/logistics/union-pacific-norfolk-southern-merger-stb-review-resumes-rail-1239143795/,Glenn Taylor,2026-08-19T21:31:07Z,freight rates,"The Surface Transportation Board said supplemental information from the railroads was sufficient to restart its review, with a final decision not expected until after May 2027.",WWD,USA,Analysis/Opinion,2026-08-21T12:51:06.464987Z
0e86053aeaa378d98b1b7ce417c73da2,"[YMMV] Offer by Subaru - 2026 Subaru Solterra Premium $415/ month lease, see details - Offer end 08/31/2026 (2 replies)",https://slickdeals.net/f/19898802-ymmv-offer-by-subaru-2026-subaru-solterra-premium-415-month-lease-see-details-offer-end-08-31-2026,migdigital,2026-08-19T21:05:29Z,freight rates,"-- Download [subaru.com] Offer Detail

Offer Details
Now through August 31, 2026 lease a new 2026 Solterra for $415/month on a 36-month lease (Premium trim, code TED-11). $915 due at lease signing plu",Slickdeals.net,Unknown,News,2026-08-21T12:51:06.465028Z
d2ee607e5acf1b9da25182e589a9e19e,"The TJX Companies, Inc. Q2 2027 Earnings Call Summary",https://app.moby.co/home/research/tools/earningsCalendar/earnings-the-tjx-companies-inc-q2-2027-earnings-call-summary?utm_source=yahoo_finance&amp;utm_medium=rss,Moby Intelligence,2026-08-19T20:45:35Z,freight rates,"Moby summary of The TJX Companies, Inc.'s Q2 2027 earnings call",Moby.co,Unknown,News,2026-08-21T12:51:06.465054Z
d1101c659f08a9f1299eccb20b111c87,Broker Insurance Frenzy: 3-Digit Cost Hikes Ahead,https://finance.yahoo.com/small-business/articles/broker-insurance-frenzy-3-digit-195336731.html,FreightWaves Staff,2026-08-19T19:53:36Z,freight rates,"Freight broker insurance is in a frenzy, and premium hikes are getting ugly. Thom Albrecht helps break down how the CH Robinson verdict, underwriting pullbac...",Yahoo Entertainment,Unknown,News,2026-08-21T12:51:06.465088Z
fe3ad64a278af2f8073959f9d1815e9d,TJX Companies Q2 Earnings Call Highlights,https://www.marketbeat.com/instant-alerts/tjx-companies-q2-earnings-call-highlights-2026-08-19/?utm_source=yahoofinance&amp;utm_medium=yahoofinance,MarketBeat,2026-08-19T17:02:27Z,freight rates,"TJX Companies (NYSE:TJX) reported second-quarter fiscal 2027 results that exceeded its internal plan, supported by strong comparable-store sales at HomeGoods...",MarketBeat,Unknown,Market Report,2026-08-21T12:51:06.465120Z
b8084810444296b69a16b0b7b804a798," Rogers, AR Sales & Marketing Roles With Multiple Openings - NewsBreak",https://www.newsbreak.com/rogers-ar-daily-brief-373175683/4837824427871-rogers-ar-sales-marketing-roles-with-multiple-openings,Rogers Ar Daily Brief,2026-08-19T15:21:08Z,freight rates,"Rogers is buzzing with brand-heavy sales and retail accounts, especially tied to Walmart and Sam’s. If you’ve got CPG or freight experience, this week’s li",Newsbreak.com,Unknown,Market Report,2026-08-21T12:51:06.465295Z
91d20d14807e07c345c8e20582203b31,Stocks Supported by Lower Bond Yields,https://www.barchart.com/story/news/3931839/stocks-supported-by-lower-bond-yields,Rich Asplund,2026-08-19T15:15:08Z,freight rates,"The S&P 500 Index ($SPX ) (SPY ) is up by +0.58% today, the Dow Jones Industrial Average ($DOWI ) (DIA ) is up by +0.55%, and the Nasdaq 100 Index ($IUXX ) (...",Barchart.com,Unknown,Market Report,2026-08-21T12:51:06.465323Z
7fcf030c54e91a789ec434a9429f057c,Stocks Mixed on Lower Bond Yields and Chip Stock Weakness,https://www.barchart.com/story/news/3930664/stocks-mixed-on-lower-bond-yields-and-chip-stock-weakness,Rich Asplund,2026-08-19T14:13:37Z,freight rates,"The S&P 500 Index ($SPX ) (SPY ) is up by +0.33% today, the Dow Jones Industrial Average ($DOWI ) (DIA ) is up by +0.47%, and the Nasdaq 100 Index ($IUXX ) (...",Barchart.com,Unknown,Market Report,2026-08-21T12:51:06.465351Z
2def6c5467e04acac388564162ec2f6d,Tesla's Cybercab Launch Could Reshape Margins for Uber and Lyft,https://www.marketbeat.com/articles/teslas-cybercab-launch-could-reshape-margins-for-uber-and-lyft/?utm_source=yahoofinance&amp;utm_medium=yahoofinance,"Jeffrey Neal Johnson, MarketBeat",2026-08-19T13:50:00Z,freight rates,"Tesla's planned August Cybercab launch in Austin could pressure ride-hailing economics, with analysts weighing exposure at Uber, Lyft and Tesla amid shifting...",MarketBeat,Unknown,News,2026-08-21T12:51:06.465385Z
c573dd747cda9a49f457bc8c23a8f6a4,"Average ground beef price per pound:

 June 2024: $5.47
 June 2025: $6.12
 June 2026: $6.83 [Tr]",https://freerepublic.com/focus/f-chat/4392267/posts,X.com,2026-08-18T22:37:15Z,freight rates,Average ground beef price per pound:  June 2024: $5.47  June 2025: $6.12  June 2026: $6.83 [Tr] Up 11.5% from 2025 and nearly 25% from 2024,Freerepublic.com,Unknown,News,2026-08-21T12:51:06.465586Z
6fecaf2314ccdae0a2464602e149aafd,ZTO Reports Second Quarter 2026 Unaudited Financial Results,https://www.prnewswire.com/news-releases/zto-reports-second-quarter-2026-unaudited-financial-results-302854342.html,,2026-08-18T22:00:00Z,freight rates,"10.5 Billion Parcels Expanded Market Share to 19.9% Adjusted Net Income Increased 50.3% to RMB3.1 Billion SHANGHAI, Aug. 18, 2026 /PRNewswire/ -- ZTO Express (Cayman) Inc. (NYSE: ZTO and SEHK: 2057), a leading and fast-growing express delivery company in Chin…",PRNewswire,China,Market Report,2026-08-21T12:51:06.465601Z
80db051dbc6023efef64a7e6619578a9,Why the midterm election polls are all wrong... again! Analyst CRAIG KESHISHIAN says a hidden voter surge will change everything,https://www.dailymail.com/debate/article-16061649/poll-midterms-hidden-voter-craig-keshishian.html,Craig Keshishian,2026-08-18T19:13:55Z,freight rates,"On the eve of the 2024 presidential election, I informed the Daily Mail readers that the mainstream media polls were wrong. It's happening again.",Dailymail.com,Unknown,Market Report,2026-08-21T12:51:06.465637Z
8b9ae95382569c60fa16089b0260eaa9,Is Trucking Headed for a Multi-Year Recovery?,https://finance.yahoo.com/economy/policy/articles/trucking-headed-multi-recovery-190158456.html,FreightWaves Staff,2026-08-18T19:01:58Z,freight rates,"The freight market is undergoing its most significant structural shift since deregulation, with 20-25% of for-hire truckload capacity exiting. RXO’s Jared We...",Yahoo Entertainment,Unknown,Market Report,2026-08-21T12:51:06.465738Z
a8be7ff3ca2bfac441584ca5d0f381ec,Einride to deploy 500 Tesla Semis in biggest electric truck order yet,http://electrek.co/2026/08/18/einride-500-tesla-semi-deployment-largest-order/,Fred Lambert,2026-08-18T13:29:22Z,freight rates,"Einride is putting 500 Tesla Semis on US roads, the largest commitment to Tesla’s electric truck that anyone has made public.
That will takes the Swedish freight company from roughly 250 deployed electric trucks to about 750. First deliveries start next month…",Electrek,Unknown,News,2026-08-21T12:51:06.465976Z
2f1ee1de50204a3db48291c8792c69c6,"Atmus Filtration (ATMU) Posts Record Q2 Sales, Lifts Full-Year Top-Line Guidance",https://finance.yahoo.com/markets/stocks/articles/atmus-filtration-atmu-posts-record-131801945.html,Maham Fatima,2026-08-18T13:18:01Z,freight rates,"On August 6, Atmus Filtration Technologies (NYSE:ATMU) reported second-quarter sales of $528 million, up 16.4% from $454 million a year earlier and a company...",Yahoo Entertainment,Unknown,Market Report,2026-08-21T12:51:06.466009Z
0e0e4d85f9ef3171f028b8700b1e36a8,"Commercial vehicle monthly retail sales near one-lakh mark as rural demand, infrastructure drive growth",https://www.thehindubusinessline.com/companies/commercial-vehicle-monthly-retail-sales-near-one-lakh-mark-as-rural-demand-infrastructure-drive-growth/article71359608.ece,T E Raja Simhan,2026-08-18T12:55:05Z,freight rates,"July 2026 saw commercial vehicle sales nearing one lakh, driven by rural demand and infrastructure growth, with Tata Motors leading.",BusinessLine,Unknown,Market Report,2026-08-21T12:51:06.466045Z
225e1912e79ab3cfb70b1b7a473dadd2,"Paper industry's 'measured improvement' masks subdued demand and reliance on cost cuts, experts warn",https://economictimes.indiatimes.com/industry/indl-goods/svs/paper-/-wood-/-glass/-plastic/-marbles/paper-industrys-measured-improvement-masks-subdued-demand-and-reliance-on-cost-cuts-experts-warn/articleshow/133316613.cms,Sutanuka Ghosal,2026-08-18T08:40:15Z,freight rates,India's writing and printing paper industry anticipates measured improvement this fiscal year. Operating margins are projected to expand significantly due to lower hardwood prices. Increased domestic hardwood availability offers relief on a key input cost. De…,The Times of India,India,Market Report,2026-08-21T12:51:06.466070Z
91ea7f739c873e7c60d8beda441f4b3b,Petrobras (PBR) Reports Record Operational Profits Driven by Pre-Salt Production Growth,https://finance.yahoo.com/energy/articles/petrobras-pbr-reports-record-operational-080051252.html,Maham Fatima,2026-08-18T08:00:51Z,freight rates,"On August 6, Petrobras (NYSE:PBR) held its second-quarter 2026 earnings webcast, reporting strong quarterly net profit and gross profit driven by record prod...",Yahoo Entertainment,Unknown,Market Report,2026-08-21T12:51:06.466102Z
5bb66269e16b415737033b3be5c8b764,Global Market: Japan stocks slide as oil spike and rising bond yields weigh on sentiment,https://economictimes.indiatimes.com/markets/us-stocks/news/global-market-japan-stocks-slide-as-oil-spike-and-rising-bond-yields-weigh-on-sentiment/articleshow/133310581.cms,Anupam Nagar,2026-08-18T03:34:57Z,freight rates,"Japan’s Nikkei fell 1.1%, ending its five-session rally as Middle East tensions disrupted oil supplies and revived inflation concerns. Rising crude prices and bond yields pressured equities, while shipping stocks gained on expectations of higher freight rates…",The Times of India,Japan,Market Report,2026-08-21T12:51:06.466132Z
6a9247e268a22e61614e429bc48a3f13,The market for used EVs ‘is so hot’ right now,https://grist.org/transportation/the-market-for-used-evs-is-so-hot-right-now/,Tik Root,2026-08-17T19:29:33Z,freight rates,"Sales of used EV sales continued to surge in July, the latest data show, and “there are so many used EVs available at a good price point.""",Grist,Unknown,Market Report,2026-08-21T12:51:06.466165Z
faf826eb983ba419c683afe4d277668a,Supply Chain Fraud: $111M Theft Shows New Sophistication,https://finance.yahoo.com/economy/policy/articles/supply-chain-fraud-111m-theft-190150925.html,FreightWaves Staff,2026-08-17T19:01:50Z,freight rates,"Freight crime is escalating, with new, sophisticated tactics like ‘bump and run’ causing massive losses for shippers and carriers. U.S. Bank’s Jeff Pape brea...",Yahoo Entertainment,Unknown,News,2026-08-21T12:51:06.466204Z
720c2ebeea31f7718a0dde6e55311757,Strait of Hormuz Crossings Fall as US-Iran Ceasefire Expires,http://wwd.com/sourcing-journal/logistics/strait-of-hormuz-shipping-traffic-falls-us-iran-ceasefire-expires-maersk-hapag-oil-1239127068/,Glenn Taylor,2026-08-17T18:47:06Z,freight rates,Ocean carriers Maersk and Hapag-Lloyd continue using alternative land routes as uncertainty around the shipping corridor drives higher fuel and logistics costs.,WWD,Unknown,News,2026-08-21T12:51:06.466240Z
31abf0fc1454825f78264205c2290e0f,Greek-run oil tanker struck in Black Sea while awaiting Kazakh crude cargo,https://cryptobriefing.com/greek-tanker-attacked-black-sea/,Editorial Team,2026-08-17T15:49:02Z,freight rates,"Rising insurance and freight costs due to repeated attacks in the Black Sea could disrupt global oil supply chains and elevate energy prices.
The post Greek-run oil tanker struck in Black Sea while awaiting Kazakh crude cargo appeared first on Crypto Briefing.",Crypto Briefing,Greece,Market Report,2026-08-21T12:51:06.466273Z
410e5ac68248295432f3790cf2efa0ff,Freightos Shows the AI Freight Payoff Starts With Transactions,https://www.pymnts.com/earnings/2026/freightos-shows-the-ai-freight-payoff-starts-with-transactions/,PYMNTS,2026-08-17T15:14:22Z,freight rates,"Global freight is becoming more digital, and it’s happening just in time for artificial intelligence. That, at least, was the backdrop for Freightos’ second-quarter 2026 results, released Monday (Aug. 17). Transactions on the company’s digital freight marketp…",pymnts.com,Global,Market Report,2026-08-21T12:51:06.466314Z
fbd3b9c2ef46632b2ac966861cee4db5,Bad breakup: GlobalX Airlines revokes lawsuit vs. Ascent Global Logistics,https://finance.yahoo.com/markets/stocks/articles/bad-breakup-globalx-airlines-revokes-141813181.html,Eric Kulisch,2026-08-17T14:18:13Z,freight rates,Global Crossing Airlines is dropping its lawsuit against Ascent Global Logistics as the two companies end their relationship. The post Bad breakup: GlobalX A...,Yahoo Entertainment,Global,News,2026-08-21T12:51:06.466348Z
5b56f599e2df993ae89deb230630e9e8,"Truckload linehaul rates rip higher in July, Cass says",https://finance.yahoo.com/markets/commodities/articles/truckload-linehaul-rates-rip-higher-133252088.html,Todd Maiden,2026-08-17T13:32:52Z,freight rates,"Truckload rates surged in July even as demand remained squishy, monthly data from Cass Information Systems showed. The post Truckload linehaul rates rip high...",Yahoo Entertainment,Unknown,Market Report,2026-08-21T12:51:06.466379Z
f0698dfd4b0c08e9beb828fbdba52741,Here’s What “Iran’s Secret Plan To Escalate The War” Means For Oil Stocks,https://247wallst.com/investing/2026/08/17/heres-what-irans-secret-plan-to-escalate-the-war-means-for-oil-stocks/,AJ Tiarsmith,2026-08-17T11:12:18Z,freight rates,"The Wall Street Journal published a report today, Monday, August 17, 2026, titled “Iran’s Secret Plan to Escalate the War,” the same day the 60-day US-Iran m...",24/7 Wall St.,Unknown,Market Report,2026-08-21T12:51:06.466418Z
f7a74c8cd63194e3b38e713b084975f4,Freightos Reports Second Quarter 2026 Results,https://www.prnewswire.com/news-releases/freightos-reports-second-quarter-2026-results-302852762.html,,2026-08-17T11:00:00Z,freight rates,"Record Revenue of $7.7 Million Exceeded Management Expectations Well-Capitalized with $21M in Cash to Support Breakeven and Growth BARCELONA, Spain, Aug. 17, 2026 /PRNewswire/ -- Freightos Limited (NASDAQ: CRGO), the leading vendor-neutral global freight pric…",PRNewswire,Global,Market Report,2026-08-21T12:51:06.466460Z
2907ec14225fabe9834d8bffc29f89e3,"Trump shrinks South Korea war games, citing ‘very good relationship’ with Kim Jong Un",https://fortune.com/2026/08/17/trump-south-korea-war-games-very-good-relationship-with-kim-jong-un/,Jim Edwards,2026-08-17T10:18:45Z,freight rates,Everything you need to know before you reach the office this morning.,Fortune,South Korea,News,2026-08-21T12:51:06.466485Z
bad587f958fb46f02dfa6236fbaa4b56,Aussie share market slides as retail sector falls,https://www.perthnow.com.au/news/business/aussie-share-market-slides-as-retail-sector-falls-c-22734698,Perthnow,2026-08-17T05:05:42Z,freight rates,Investors remain apprehensive about Australia's consumer retail environment after JB Hi-Fi shares were hammered despite the company's solid full-year profit.,PerthNow,Australia,Market Report,2026-08-21T12:51:06.466497Z
111666eaf4b5e9ec2eebdc524092ef96,How China’s Green Transition is Breaking OPEC’s Leverage,https://www.juancole.com/2026/08/transition-breaking-leverage.html,Foreign Policy in Focus,2026-08-17T04:06:12Z,freight rates,The broader market response has grown notably muted and renewable energy is creating a new kind of independence,Juancole.com,China,Market Report,2026-08-21T12:51:06.466508Z
a834dab2c822ec3f649c4b15eb3a70ec,"Ashok Leyland shares in focus after Q1 results. What are Citi, Nomura analysts saying?",https://economictimes.indiatimes.com/markets/stocks/news/ashok-leyland-shares-in-focus-after-q1-results-what-are-citi-nomura-analysts-saying/articleshow/133285845.cms,Veer Sharma,2026-08-17T03:30:06Z,freight rates,"Ashok Leyland reported a 2% rise in Q1 consolidated profit to Rs 668 crore, while revenue grew 10% to Rs 10,750 crore. Margins declined amid higher material costs. Brokerages remain positive, citing strong commercial-vehicle demand, market-share gains and gro…",The Times of India,Unknown,Market Report,2026-08-21T12:51:06.466552Z
8ab7572a5496d3eb4c5900aa342a5bf4,When SaaS ventures into the shopfloor,https://www.thehindubusinessline.com/specials/emerging-entrepreneurs/when-saas-ventures-into-the-shopfloor/article71354643.ece,Sanjana B,2026-08-16T23:49:45Z,freight rates,"Explore how AI-driven SaaS startups are transforming India's manufacturing sector, enhancing product quality and reducing costs.",BusinessLine,India,News,2026-08-21T12:51:06.466576Z
cbfcdab02148b84898a92b381609febb,"GST cut, stable interest rates keep auto demand resilient, M&M’s Jejurikar",https://www.thehindubusinessline.com/companies/gst-cut-stable-interest-rates-keep-auto-demand-resilient-mms-jejurikar/article71353322.ece,Amit Vijay  Mohile,2026-08-16T15:49:21Z,freight rates,M&M sees room for both ICE and EVs to grow as improved affordability and stronger economic activity sustain vehicle demand despite persistent supply constraints,BusinessLine,Unknown,Market Report,2026-08-21T12:51:06.466612Z
199d1585485c0dd1a96d6d15aec931b3,Rajesh Jejurikar: The old Mahindra was built on icons; the new Mahindra is built on future mobility,https://www.thehindubusinessline.com/companies/rajesh-jejurikar-the-old-mahindra-was-built-on-icons-the-new-mahindra-is-built-on-future-mobility/article71350298.ece,Thomas K Thomas & Amit Vijay  Mohile,2026-08-16T15:23:16Z,freight rates,"Six years after Rajesh Jejurikar took charge of the company’s Auto and Farm sectors, Mahindra is broadening its footprint across SUVs, electric mobility and commercial vehicles while making its core brands bigger than ever",BusinessLine,Unknown,News,2026-08-21T12:51:06.466658Z
7e782de9a6c117ebb819166957a4c030,"India must strengthen shipping capacity, naval protection amid growing chokepoints: GTRI",https://www.thehindubusinessline.com/economy/logistics/india-must-strengthen-shipping-capacity-naval-protection-amid-growing-chokepoints-gtri/article71352225.ece,PTI,2026-08-16T07:17:15Z,freight rates,"India needs to enhance shipping capacity and naval protection due to persistent maritime insecurity and rising trade risks, warns GTRI.",BusinessLine,India,News,2026-08-21T12:51:06.466680Z
8e8f59047c2a4929ecfa20267d73317e,"India must strengthen shipping capacity, naval protection amid growing chokepoints: GTRI",https://economictimes.indiatimes.com/news/economy/foreign-trade/india-must-strengthen-shipping-capacity-naval-protection-amid-growing-chokepoints-gtri/articleshow/133271212.cms,PTI,2026-08-16T06:40:43Z,freight rates,"India must treat maritime insecurity as a long-term trade risk as the Red Sea crisis crosses 1,000 days, GTRI said. Longer shipping routes have raised freight, insurance and working-capital costs, particularly hurting MSME exporters trading with Europe and th…",The Times of India,India,Market Report,2026-08-21T12:51:06.466703Z
3818123c6f4e274cd6c22147a51da681,"The Anti-AI ETF Is Here, and Its Biggest Holdings Are Engines, Trucks and Air Conditioners",https://247wallst.com/investing/etf/2026/08/15/the-anti-ai-etf-is-here-and-its-biggest-holdings-are-engines-trucks-and-air-conditioners/,Omor Ibne Ehsan,2026-08-15T19:35:56Z,freight rates,"A new ETF built on diesel engines, truck fleets, and air conditioners is pitching itself as a refuge from software-heavy portfolios, but its biggest holding...",24/7 Wall St.,Unknown,News,2026-08-21T12:51:06.466739Z
d5f714080cea124a61e4af87bda111bb,"Tariff refunds are juicing corporate profits and GDP as more tailwinds converge to propel growth to a blistering 4.3% pace, top economist says",https://finance.yahoo.com/economy/articles/tariff-refunds-juicing-corporate-profits-190804315.html,Jason Ma,2026-08-15T19:08:04Z,freight rates,"""The bottom line is that the US economy continues to be supported by a growing set of tailwinds.""",Yahoo Entertainment,Unknown,News,2026-08-21T12:51:06.466828Z
785b9552ca833176240c3dd88cf196c3,"Tariff refunds are juicing corporate profits and GDP as more tailwinds converge to propel growth to a blistering 4.3% pace, top economist says",https://fortune.com/2026/08/15/tariff-refunds-corporate-profits-gdp-tailwinds-4-3-percent-q3/,Jason Ma,2026-08-15T19:08:04Z,freight rates,"""The bottom line is that the US economy continues to be supported by a growing set of tailwinds.""",Fortune,Unknown,News,2026-08-21T12:51:06.466856Z
e871db055fbf5d3a450f9438c0a6e898,Australia is spending billions on fuel security. What if some of that went to electric trucks?,https://www.abc.net.au/news/2026-08-16/how-much-might-it-cost-to-electrify-road-freight/106956614,Nathan Morris and Alex Lim,2026-08-15T18:40:53Z,freight rates,The war in Iran has drawn attention to something invisible to most Australians — we use a lot of diesel to keep this country running.,ABC News (AU),Australia,News,2026-08-21T12:51:06.466875Z
e93da214dab8244921d9449399e71d0b,FedEx closes more U.S. locations as it changes how packages move,https://www.thestreet.com/employment/fedex-closes-us-locations-package-delivery-network-2-0,Aparajita Chatterjee,2026-08-15T16:03:00Z,freight rates,"For decades, FedEx built out one of the country's largest delivery networks as Americans sent and ordered more packages. Now the delivery giant is rebuilding...",TheStreet,USA,News,2026-08-21T12:51:06.466895Z
be9dc038700323523c5e640af4cde448,"Red Sea crisis enters 1,000th day, shipping detour continues to squeeze trade",https://www.thehindubusinessline.com/economy/logistics/red-sea-crisis-enters-1000th-day-shipping-detour-continues-to-squeeze-trade/article71349125.ece,T E Raja Simhan,2026-08-15T12:18:39Z,freight rates,"MSME exporters suffered the most. Vulnerable products include textiles, garments, engineering goods, chemicals, leather, carpets, rice, spices, grapes and marine products",BusinessLine,Unknown,News,2026-08-21T12:51:06.466931Z
02146141037a691b729a48766265c51d,UAE's ADNOC says one of its vessels came under attack while transiting Hormuz,https://economictimes.indiatimes.com/news/defence/uaes-adnoc-says-one-of-its-vessels-came-under-attack-while-transiting-hormuz/articleshow/133253801.cms,Reuters,2026-08-15T01:30:56Z,freight rates,"An Abu Dhabi National Oil Company vessel faced an attack while transiting the Strait of Hormuz. No injuries were reported from the incident, and the situation is now under control. This marks the third such attack involving ADNOC vessels in less than a week. …",The Times of India,Unknown,Market Report,2026-08-21T12:51:06.466976Z
e501e8ae532b075026cb3d25ef5d095e,"With 100% Tariffs Looming, Indian Suppliers Lay Plans to Pivot Away from the US Market",http://wwd.com/sourcing-journal/trade/100-percent-russia-tariffs-india-suppliers-trade-sourcing-at-magic-1239125827/,Kate Nishimura,2026-08-14T23:46:34Z,freight rates,Trade negotiations between the United States and India have been fraught with tension bordering on passive aggression over the past year.,WWD,India,Market Report,2026-08-21T12:51:06.466993Z
178918f1a5260ce66db28ea1e00c5542,Asia-US East Coast Freight Rates Hit 2026 Peak. Can the Rally Continue?,http://wwd.com/sourcing-journal/logistics/asia-us-east-coast-freight-rates-hit-2026-high-panama-canal-surcharges-1239125730/,Glenn Taylor,2026-08-14T22:07:55Z,freight rates,Asia-U.S. East Coast ocean spot freight rates hit their highest level of 2026 as resilient demand and Panama Canal surcharges push rates higher.,WWD,Panama,Market Report,2026-08-21T12:51:06.467022Z
41af509a8f2742275a3106f979c5b8ff,"The health subsidies that capped Obamacare premiums have lapsed, and buyers in their late 50s and early 60s face increases that can top $10,000 a year",https://www.newsbreak.com/share/4829014198128-the-health-subsidies-that-capped-obamacare-premiums-have-lapsed-and-buyers-in-their-late-50s-and-early-60s-face-increases-that-can-top-10-000-a-year?s=a2&share_destination_id=NTQ2NDA5MDktMTc4NjczNzU2NDQ4Nw%3D%3D&pd=03hGazFf&hl=en_US&send_time=1786737564&actBtn=bottomBar&_f=app_share&trans_data=%7B%22platform%22%3A1%2C%22cv%22%3A%2226.33.0%22%2C%22languages%22%3A%22en%22%7D&sep=sc_android_new_sharesheet_v2_26q2-v4%2Csc_android_referral_code_referrer-v7%2Csc_share_26q3-v3%2Csc_d2d_recall_boost_exp4-control,David Keller,2026-08-14T20:00:26Z,freight rates,"The health subsidies that capped Obamacare premiums have lapsed, and buyers in their late 50s and early 60s face increases that can top $10,000 a yearnewsbreak.com",Newsbreak.com,Unknown,News,2026-08-21T12:51:06.467063Z
14a5b7429756d7ec95b4008e616558d0,How Americans buy furniture is starting to change,https://www.thestreet.com/retail/americans-buy-furniture-change-wayfair-bobs-retail-tariffs,Aparajita Chatterjee,2026-08-14T17:17:00Z,freight rates,"Furniture retailers have spent years waiting for the housing market to revive demand for sofas, beds, and other big-ticket home purchases. That rebound remai...",TheStreet,USA,Market Report,2026-08-21T12:51:06.467078Z
d95d49161c1c1f2b819f42d11be98337,"Maersk, Hapag-Lloyd Flag Strong Demand from Asia, but Port Infrastructure is Buckling",http://wwd.com/sourcing-journal/logistics/maersk-hapag-lloyd-asia-demand-port-congestion-infrastructure-freight-rates-q2-1239124216/,Glenn Taylor,2026-08-14T13:00:00Z,freight rates,"Far East exports have grown 25 percent since 2024, but terminal capacity has increased just 10 percent in that span, putting pressure on ports and inland logistics networks.",WWD,Unknown,News,2026-08-21T12:51:06.467117Z
6d09013c12c974a3274344a21936614d,Hormuz disruption puts cost pressure on shipping lines even as freight rates rise,https://www.thehindubusinessline.com/economy/hormuz-disruption-puts-cost-pressure-on-shipping-lines-even-as-freight-rates-rise/article71344989.ece,T E Raja Simhan,2026-08-14T12:27:32Z,freight rates,"The disruption around the Strait of Hormuz is putting significant cost pressure on global shipping lines. Maersk and Hapag-Lloyd announced their quarterly financial results on Thursday, reporting higher bunker fuel, insurance, storage, rerouting and inland tr…",BusinessLine,Global,Market Report,2026-08-21T12:51:06.467163Z
0d77bd536b9e85c0686e785fea6c78c3,NZX sharemarket enjoys slight rise ahead of upcoming busy reporting week - Market close,https://www.nzherald.co.nz/business/markets/shares/nzx-sharemarket-enjoys-slight-rise-ahead-of-upcoming-busy-reporting-week-market-close/premium/QGDL3MPVYND2ZJPNKACG2CKZRQ/,BusinessDesk,2026-08-14T06:15:28Z,freight rates,"The S&P/NZX50 Index closed at 13,854.38, up 29.08 points or 0.21%.",New Zealand Herald,Unknown,Market Report,2026-08-21T12:51:06.467189Z
4e380330de7806b067565c8854ebc42a,UAE points finger at Iran as two ADNOC ships attacked in Strait of Hormuz,https://economictimes.indiatimes.com/news/defence/uae-points-finger-at-iran-as-two-adnoc-ships-attacked-in-strait-of-hormuz/articleshow/133229037.cms,Reuters,2026-08-14T04:27:09Z,freight rates,Two Abu Dhabi National Oil Company vessels faced attacks in the Strait of Hormuz. The United Arab Emirates accused Iran of carrying out these hostile attacks. This incident marks the second such attack on ADNOC vessels within a week. Iran's Revolutionary Guar…,The Times of India,Unknown,Market Report,2026-08-21T12:51:06.467232Z
d2e4ef8ce7a75712947efa83e1af8f00,"Frontline: It Screens Cheap - It Isn't, But I'm Still Saying Buy",https://biztoc.com/x/20cc2cb12b559069,seekingalpha.com,2026-08-20T07:41:30Z,charter rates,"Summary
- Frontline is a Buy, driven by robust near-term cash flows and a conservative earnings floor, despite trading near 52-week highs.
- FRO's forward yield is de-risked by high charter coverage and supportive market rates, with a realistic dividend floor…",Biztoc.com,Unknown,Market Report,2026-08-21T12:51:06.931297Z
02dbb42c7dc3b782705caac16e45b013,XP Inc. (XP) Beat Estimates. Is a U.S. Banking Operation Growth or Distraction?,https://finance.yahoo.com/markets/stocks/articles/xp-inc-xp-beat-estimates-005034022.html,Jeff Lewis,2026-08-20T00:50:34Z,charter rates,"XP Inc. (NASDAQ:XP) reported managerial net revenue, a non-GAAP measure, of R$4.884 billion, up 9% and slightly above consensus estimates. IFRS total revenue...",Yahoo Entertainment,Unknown,Market Report,2026-08-21T12:51:06.931335Z
764cc9ee202ec0935130069dd3b17d20,"Elon Musk's X Money Offers a 6% Yield on Cash, but Sen. Elizabeth Warren Wants Answers on Fine Print",https://www.ibtimes.com.au/x-money-6-percent-yield-high-yield-savings-1874271,Tony Jackson,2026-08-19T13:05:11Z,charter rates,"X Money, Elon Musk's financial service, offers a 6% yield on deposits, surpassing traditional banks. Regulatory scrutiny arises over sustainability and insurance coverage, as the service expands to select users.",Ibtimes.com.au,Unknown,News,2026-08-21T12:51:06.931416Z
c332bd7924067d8e9ff880573ac60ade,10 Best California high schools revealed in new US ranking — SoCal takes the top spots,https://nypost.com/2026/08/18/lifestyle/10-best-california-high-schools-revealed-in-new-us-ranking/,Bianca Zalben,2026-08-18T21:07:32Z,charter rates,"In the Golden State, Los Angeles took the top spot, with the SoCal region commanding the 2026-2027 charts.",New York Post,Unknown,News,2026-08-21T12:51:06.931590Z
dd460fec2753463a4c193aa171367f90,Microsoft Flight Simulator (2020): 40th Anniversary Standard Edition (PC Game) $20.99,https://slickdeals.net/f/19894167-microsoft-flight-simulator-2020-40th-anniversary-standard-edition-pc-game-20-99,Eragorn,2026-08-18T18:49:21Z,charter rates,"Steam [steampowered.com] has Microsoft Flight Simulator (2020): 40th Anniversary Edition (PC Game) for the prices below.

Available Options:Standard $20.99
Deluxe $31.49
Premium $41.99

Steam Info:Fro",Slickdeals.net,Unknown,Market Report,2026-08-21T12:51:06.931625Z
486580b3d44797ea4ecf3f855cae4456,Here Are All The Ways You Would Fix IndyCar If You Had The Power,https://www.jalopnik.com/2238978/ways-you-would-fix-indy-car-reader-answers/,staff@jalopnik.com (Brad Brownell),2026-08-18T14:25:00Z,charter rates,There are so many ways to improve the pinnacle of open-wheel racing.,Jalopnik,Unknown,News,2026-08-21T12:51:06.931652Z
97a0011f28f4368330c20d5ed535bc99,Crypto exchange Kraken launches cash back debit card in bid for consumer wallets,https://www.cnbc.com/2026/08/18/kraken-launches-debit-card-in-bid-for-consumer-wallets.html,Tanaya Macheel,2026-08-18T13:00:01Z,charter rates,Kraken is vying for a place in consumer wallets as crypto evolves from an asset class into infrastructure for mainstream financial products.,CNBC,Unknown,News,2026-08-21T12:51:06.931688Z
4ae0c8b4eb4f79e3e43069e692bde023,"Upstart CEO Outlines AI Lending Growth Push, Targets Profitable Home and Auto Expansion",https://www.marketbeat.com/instant-alerts/upstart-ceo-outlines-ai-lending-growth-push-targets-profitable-home-and-auto-expansion-2026-08-18/?utm_source=yahoofinance&amp;utm_medium=yahoofinance,MarketBeat,2026-08-18T12:02:02Z,charter rates,"Upstart (NASDAQ:UPST) CEO Paul Gu said the company is entering a “second leg” of its development, focused on converting its artificial-intelligence lending p...",MarketBeat,Unknown,News,2026-08-21T12:51:06.931731Z
7fbc565b3460c8963c03e7aa04044603,FORT Robotics to Go Public via Business Combination with Newbury Street II Acquisition Corp to Advance the Safety of Physical AI,https://www.prnewswire.com/news-releases/fort-robotics-to-go-public-via-business-combination-with-newbury-street-ii-acquisition-corp-to-advance-the-safety-of-physical-ai-302854023.html,,2026-08-18T11:30:00Z,charter rates,"Creates the first publicly traded company dedicated principally to safe and scalable deployment of physical AI, as a universal safety layer across the robotics industry Broad adoption across more than 600 customers globally, including robotics developers, rob…",PRNewswire,Global,News,2026-08-21T12:51:06.931800Z
41f3d88316038ebaa4c5a9ef14c1588c,FORT Robotics to Go Public via Business Combination with Newbury Street II Acquisition Corp to Advance the Safety of Physical AI,https://www.prnewswire.com/news-releases/fort-robotics-to-go-public-via-business-combination-with-newbury-street-ii-acquisition-corp-to-advance-the-safety-of-physical-ai-302854036.html,,2026-08-18T11:30:00Z,charter rates,"Creates the first publicly traded company dedicated principally to safe and scalable deployment of physical AI, as a universal safety layer across the robotics industry Broad adoption across more than 600 customers globally, including robotics developers, rob…",PRNewswire,Global,News,2026-08-21T12:51:06.931841Z
383aa32769e645805c42191e75caa643,Early Bird Tickets Now on Sale | ICOMIA & Sinoexpo Unveil 2027 ICOMIA World Marinas Conference (Shanghai) Preliminary Programme,https://www.prnewswire.com/news-releases/early-bird-tickets-now-on-sale--icomia--sinoexpo-unveil-2027-icomia-world-marinas-conference-shanghai-preliminary-programme-302853987.html,,2026-08-18T10:33:00Z,charter rates,"SHANGHAI, Aug. 18, 2026 /PRNewswire/ -- The International Council of Marine Industry Associations (ICOMIA) and Conference host Sinoexpo Informa Markets are pleased to announce the Preliminary Conference Programme for the ICOMIA World Marinas Conference 2027 (…",PRNewswire,China,Market Report,2026-08-21T12:51:06.931858Z
e6c068c4c6075ac80c549d7d4af03d42,Superyacht rentals for holidaymakers who aspire to Onassis-style escapes,https://en.protothema.gr/2026/08/18/superyacht-rentals-for-holidaymakers-who-aspire-to-onassis-style-escapes/,admin,2026-08-18T09:46:36Z,charter rates,"Greek charter brokers are offering yachts for every budget this summer, from €2,000 sailing weeks to the world's priciest known superyacht, the hydrogen-powered Breakthrough, currently touring Greek and French Riviera waters at €3.5m a week
The post Superyach…",Protothema.gr,Greece,News,2026-08-21T12:51:06.931901Z
9e413798c9e580008921649b620186f7,U.S. News Reveals 2026-2027 Best High Schools Rankings,https://www.prnewswire.com/news-releases/us-news-reveals-2026-2027-best-high-schools-rankings-302853368.html,,2026-08-18T04:01:00Z,charter rates,"New data highlights top-performing public, charter and STEM schools across all 50 states and major metro areas. WASHINGTON, Aug. 18, 2026 /PRNewswire/ -- U.S. News & World Report, the global authority in education rankings, announced the 2026-2027 Best High S…",PRNewswire,Global,Market Report,2026-08-21T12:51:06.931948Z
3c4dd691731d32bed7e3f4f12360b0c2,Ex-Signature Bank chair launches blockchain-powered instant overseas payments service,https://cryptobriefing.com/ex-signature-bank-chair-n3xt-overseas-payments/,Editorial Team,2026-08-17T19:40:16Z,charter rates,"N3XT's blockchain-based service could reshape global finance by offering regulated, instant cross-border payments, challenging traditional systems.
The post Ex-Signature Bank chair launches blockchain-powered instant overseas payments service appeared first o…",Crypto Briefing,Global,News,2026-08-21T12:51:06.932000Z
b5716f5c607098e7f84a4b86641b2163,Baton Rouge Real Estate Experts Tracy Mathis and Cory DiBenedetto of the Southern Homes Team Explain How to Choose Where to Live in Baton Rouge,https://www.prnewswire.com/news-releases/baton-rouge-real-estate-experts-tracy-mathis-and-cory-dibenedetto-of-the-southern-homes-team-explain-how-to-choose-where-to-live-in-baton-rouge-302852963.html,,2026-08-17T17:00:00Z,charter rates,"Commute, budget, home age, and schools matter more than name recognition when picking an area. BATON ROUGE, La., Aug. 17, 2026 /PRNewswire/ -- How should a buyer decide where to live in Baton Rouge? A HelloNation article lays out the practical factors that sh…",PRNewswire,Unknown,News,2026-08-21T12:51:06.932052Z
0345b239d26a86c6f9870f9e2751dee8,The State of Public Education in 2026 in Five Charts,https://www.rand.org/pubs/commentary/2026/08/the-state-of-public-education-in-2026-in-five-charts.html,"Julia H. Kaufman, Melissa Kay Diliberti, Elizabeth D. Steiner, Benjamin K. Master, Ashley Woo",2026-08-17T12:00:00Z,charter rates,"RAND has spent more than a decade surveying educators across the United States and has expanded this effort to include the perspectives of students and parents. Among the hundreds of survey questions we fielded this past year, the results depicted in these fi…",Rand.org,USA,Analysis/Opinion,2026-08-21T12:51:06.932107Z
b03c8124e6907b3b8d62342eb62c6027,What will TV look like in three years? Media insiders share their predictions,https://www.cnbc.com/2026/08/17/tv-media-insiders-predictions.html,"Alex Sherman, Lillian Rizzo",2026-08-17T11:00:01Z,charter rates,CNBC asked media insiders what they think the TV market — from pay TV subscribers to sports ratings — will look like in three years.,CNBC,Unknown,Analysis/Opinion,2026-08-21T12:51:06.932139Z
bbeadea4cf2791b321b90b9adacfc7be,"Partnering with Fraser Yachts, Wheels Up adds new charter options",https://www.luxurydaily.com/partnering-with-fraser-yachts-wheels-up-adds-new-charter-options/,Luxury Daily News Service,2026-08-17T08:30:41Z,charter rates,"Members of the private aviation firm are gaining access to a 2,300-plus-wide luxury fleet at sea.",Luxurydaily.com,Unknown,News,2026-08-21T12:51:06.932169Z
2b6d70928f519287066470a8fbedd194,Minneapolis mayor is shamed for cringeworthy dancing at state fair... while violent crime rates explode in his city,https://www.dailymail.com/news/article-16056973/Minneapolis-mayor-Jacob-Frey-dancing-crime.html,Melissa Koenig,2026-08-17T00:49:52Z,charter rates,"Minneapolis Mayor Jacob Frey was ridiculed online for his awkward dance moves at a recent state fair, while violent crime rates in the city remain high.",Dailymail.com,Unknown,Market Report,2026-08-21T12:51:06.932202Z
54c42e5128718be645a760235c807283,Trump-linked World Liberty Financial wins OCC bank approval as $112 million DeFi position sits near liquidation,https://cryptoslate.com/trump-linked-world-liberty-financial-wins-occ-bank-approval-as-112-million-defi-position-sits-near-liquidation/,Gino Matos,2026-08-16T09:20:53Z,charter rates,"The Office of the Comptroller of the Currency (OCC) gave World Liberty Financial, a DeFi venture associated with President Donald Trump, preliminary conditional approval to charter a national trust bank built around its roughly $4 billion USD1 stablecoin. Wor…",CryptoSlate,Unknown,News,2026-08-21T12:51:06.932254Z
9edcc3b0cd9fde4bbace558117f2c0d8,Waymo wins California approval to expand robotaxis across 18 counties,http://electrek.co/2026/08/14/waymo-cpuc-approval-california-expansion-18-counties/,Fred Lambert,2026-08-14T19:47:16Z,charter rates,"Waymo says California regulators have signed off on the biggest expansion of its robotaxi service yet, covering 18 counties from Sonoma down to San Diego.
The California Public Utilities Commission approval clears Waymo to charge for fully driverless rides ac…",Electrek,Unknown,News,2026-08-21T12:51:06.932299Z
988022286808416607fc4fd7bf4877f9,"STEVE MOORE, ED POZZUOLI: Stop funding school systems. Let the money follow the child",https://www.foxnews.com/opinion/steve-moore-ed-pozzuoli-stop-funding-school-systems-let-money-follow-child,,2026-08-14T11:00:46Z,charter rates,"New York City spends $36,000 per pupil yet most students fail reading and math, while Louisiana and Florida show school choice drives results.",Fox News,Unknown,News,2026-08-21T12:51:06.932332Z
47d8a64eeb9a86fbaf0bac62cccc9169,"Exclusive - Geert Wilders Writes: We Should be Worried About Demographic Change, Not Climate Change",https://www.breitbart.com/europe/2026/08/14/exclusive-geert-wilders-writes-we-should-be-worried-about-demographic-change-not-climate-change/,Geert Wilders,2026-08-14T09:17:24Z,charter rates,"The media talk about heatwaves, but none dares to mention the demographic wave. While the heat will pass, the change in population won't.
The post Exclusive – Geert Wilders Writes: We Should be Worried About Demographic Change, Not Climate Change appeared fir…",Breitbart News,Unknown,News,2026-08-21T12:51:06.932381Z
3374a205bda57bc4a65672ca2139ffcf,Middle East Oil Crisis Sends Supertanker Prices to Record Highs,https://oilprice.com/Latest-Energy-News/World-News/Middle-East-Oil-Crisis-Sends-Supertanker-Prices-to-Record-Highs.html,Irina Slav,2026-08-20T08:00:00Z,shipbroking,"Demand for tankers from Middle Eastern oil producers has pushed prices to an all-time high, the Financial Times reported today, saying both new and second-hand very large crude carriers reached prices of over $130 million in the second quarter of the year. Ci…",OilPrice.com,Unknown,Market Report,2026-08-21T12:51:07.286393Z
c7bfe0f62977d1ebcf6a5389a8a2531a,Mass Deportation After The Midterms Part 2: Here Is The Machine,https://dailycaller.com/2026/08/20/mass-deportation-after-midterms-jason-killmeyer-ice-dhs-illegal-immigration-congress,Jason Killmeyer,2026-08-20T12:31:37Z,maritime transport,Last week I argued here that mass deportation is not merely an enforcement exercise but a national logistics operation.,The Daily Caller,Unknown,News,2026-08-21T12:51:07.880130Z
bae67d15892a08c29315ed570ab2381e,Canada Wants to Join the “Sovereign Launch” Club,https://spectrum.ieee.org/canadian-rockets,Matthew S. Smith,2026-08-20T12:00:01Z,maritime transport,"In 1962 Canada’s Alouette 1, a 145 kg satellite designed to study the ionosphere, was launched on board NASA’s Thor-Agena launch vehicle. Its launch made Canada the third country in history to have a satellite in orbit. Canada’s presence in space remains stro…",Ieee.org,Unknown,News,2026-08-21T12:51:07.880257Z
2e6a4b594191c7cc825a7c4dd37597bb,Had enough of the city and want to live the good life without spending a fortune? We've spoken to experts across the UK to reveal the little-known and much cheaper places you could pick up a bargain dream home,https://www.dailymail.com/property/article-16066471/experts-reveal-best-swaps-mortgage.html,Ben West,2026-08-20T11:16:35Z,maritime transport,"You've had enough of the hurly burly of the city and want to find a property in a more tranquil, attractive place. However, the most popular beauty spots command high property prices.",Dailymail.com,Unknown,Market Report,2026-08-21T12:51:07.880304Z
54a1a9fe999aab3b4b3f184b234690c9,Why is China carrying out island-reef construction at Lingyang Jiao?,https://www.globalsecurity.org/military/library/news/2026/08/mil-260820-globaltimes01.htm,John Pike,2026-08-20T09:51:16Z,maritime transport,"Some foreign media have recently renewed speculations over China's construction at Lingyang Jiao in the Xisha Islands, questioning its legality and purpose while claiming that the completed first phase could become part of China's ""largest military base"" in t…",Globalsecurity.org,China,News,2026-08-21T12:51:07.880327Z
aafa1af118d07582e704c39089c1859a,Sunbathers look on in shock as packed migrant boat arrives on Spanish beach and dozens of men run ashore and disappear,https://www.dailymail.com/news/article-16066197/Sunbathers-look-shock-packed-migrant-boat-arrives-Spanish-beach-dozens-men-run-ashore-disappear.html,Natalie Penza,2026-08-20T08:49:42Z,maritime transport,"The men on board could be heard cheering as they reached the shore, while stunned sunseekers gathered up their belongings and moved away from the water's edge.",Dailymail.com,Unknown,News,2026-08-21T12:51:07.880367Z
b1747121e3731a2b0c824a70e75688bf,A two-tier ferry industry: Three major players invest while 30 smaller companies fall behind in fleet renewal,https://en.protothema.gr/2026/08/20/a-two-tier-ferry-industry-three-major-players-invest-while-30-smaller-companies-fall-behind-in-fleet-renewal/,admin,2026-08-20T08:16:01Z,maritime transport,"Three companies account for more than 61% of passenger capacity and nearly 69% of vehicle capacity, while 30 smaller operators with 75 vessels struggle to finance fleet renewal
The post A two-tier ferry industry: Three major players invest while 30 smaller co…",Protothema.gr,Unknown,News,2026-08-21T12:51:07.880424Z
7268eb931f4215b6ab5f38b84284f910,"Singapore and India discuss bilateral cooperation on semiconductors, food security at ministerial meeting",https://www.channelnewsasia.com/singapore/singapore-and-india-discuss-bilateral-cooperation-semiconductors-food-security-ministerial-meeting-6330246,,2026-08-20T07:30:06Z,maritime transport,The two countries signed Memorandums of Understanding on food safety and maritime heritage at the fourth India-Singapore Ministerial Roundtable held in Singapore.,CNA,India,News,2026-08-21T12:51:07.880449Z
1b9d14d547bfb3e447e93ebedd4c7712,"US opens secret oil shipping corridor, exporting about 10 million barrels a day amid Iran stalemate: Report",https://www.thehindubusinessline.com/news/world/us-opens-secret-oil-shipping-corridor-exporting-about-10-million-barrels-a-day-amid-iran-stalemate-report/article71368005.ece,ANI,2026-08-20T06:38:33Z,maritime transport,Development comes shortly after US President Donald Trump ruled out extending a fragile 60-day ceasefire agreement with Tehran,BusinessLine,Unknown,Market Report,2026-08-21T12:51:07.880484Z
88f862922633bd5047a3662eb2472ca3,"Bhubaneswar cab, auto drivers’ stir: 113 arrested after violence, 354 vehicles seized",https://timesofindia.indiatimes.com/city/bhubaneswar/bhubaneswar-cab-auto-drivers-stir-113-arrested-after-violence-354-vehicles-seized/articleshow/133365404.cms,Lairenlakpam Warli,2026-08-20T05:49:08Z,maritime transport,Odisha Police arrested 113 individuals for alleged involvement in protest violence. Another sixty detained protesters were released on bonds for good behavior. Police seized 354 vehicles and registered seven FIRs concerning the disturbances. The state transpo…,The Times of India,Unknown,News,2026-08-21T12:51:07.880536Z
91a6a787321148990ba90dcbe6c529ed,Non-Iran Producers Seek New Routes to Transport Oil,https://peoplesreview.com.np/2026/08/20/non-iran-producers-seek-new-routes-to-transport-oil/,People's Review,2026-08-20T03:25:00Z,maritime transport,"By Shashi P.B.B. Malla New Routes bypassing Hormuz? Just six months ago, exporting oil and natural gas from the Persian Gulf was pretty straightforward: produce at the cheapest price possible, export it through the fastest route then available – the Strait of…",Peoplesreview.com.np,Unknown,News,2026-08-21T12:51:07.880586Z
d4960f86d14e8ddf7fcb0a54b8938898,Public funds alone can’t fix infrastructure gap – AltBank,https://punchng.com/public-funds-alone-cant-fix-infrastructure-gap-altbank/,Punch Newspapers,2026-08-19T23:05:03Z,maritime transport,"Public funds alone can’t fix Nigeria’s infrastructure gap. Discover how The Alternative Bank proposes unlocking private capital and non-interest finance to

Read More: https://punchng.com/public-funds-alone-cant-fix-infrastructure-gap-altbank/",The Punch,Unknown,News,2026-08-21T12:51:07.880634Z
a7ced7bee658fb5b7f81f939d83ffe1e,South Korea Tests Arctic Shipping Route to Europe,https://gcaptain.com/south-korea-tests-arctic-shipping-route-to-europe/,Reuters,2026-08-19T18:38:54Z,maritime transport,"South Korea will flag off on Saturday a container ship bound for Europe via the Arctic, testing whether a route opened by melting sea ice can be commercially viable, but risking friction with Western allies, as the voyage requires Russian cooperation.",gcaptain.com,Russia,News,2026-08-21T12:51:07.880698Z
cec2fa5aa193b46befc84f706b0ea1a8,"Crowley, Port Houston Connect Central America and the U.S. Gulf with New Weekly Shipping Service",https://www.prnewswire.com/news-releases/crowley-port-houston-connect-central-america-and-the-us-gulf-with-new-weekly-shipping-service-302854293.html,,2026-08-19T14:00:00Z,maritime transport,"Gulf-Central America Express Service serves apparel, produce and retail sectors Key facts Crowley is launching a weekly Gulf-Central America Express Service connecting Port Houston with Santo Tomás de Castilla, Guatemala, and Puerto Cortés, Honduras. The serv…",PRNewswire,USA,Market Report,2026-08-21T12:51:07.880725Z
723247eee3f420f650137115bd409692,Is Putin's 'Caspian Express' A New Lifeline Between Russia And Iran?,https://www.rferl.org/a/caspian-lifeline-russia-iran-ukraine-shipping/33833672.html,Alex Raufoglu,2026-08-19T13:48:43Z,maritime transport,"The Caspian Sea is emerging as a potentially important logistics corridor in the expanding Russia-Iran partnership, marking a possible change in the military relationship between Moscow and Tehran as they look to move goods beyond the reach of Western naval p…",Radio Free Europe/ Radio Liberty,Russia,News,2026-08-21T12:51:07.880756Z
f714cfc17f2e5210542b89ded110a610,UAE trade embargo could shut Iran’s key economic escape route: Here’s why,https://www.aljazeera.com/news/2026/8/19/uae-trade-embargo-could-shut-irans-key-economic-escape-route-heres-why,,2026-08-19T12:37:40Z,maritime transport,"The UAE announced the embargo, accusing Iran of launching missiles into its territory.",Al Jazeera English,Unknown,News,2026-08-21T12:51:07.880809Z
6ee6a059df33a98e39e0a0ee231dd7bb,Bentley Systems Announces Finalists for the YII Awards 2026,https://financialpost.com/pmn/business-wire-news-releases-pmn/bentley-systems-announces-finalists-for-the-yii-awards-2026,Business Wire,2026-08-19T12:01:44Z,maritime transport,"Prestigious annual awards program recognizes infrastructure professionals who use Bentley software in exceptional ways to drive real-world impact EXTON, Pa. — Bentley Systems, Incorporated (Nasdaq: BSY), the infrastructure engineering software company, today …",Financial Post,Unknown,News,2026-08-21T12:51:07.880856Z
7f3d0b2c5ebef63fc11c3f58542a8312,Is Putin's 'Caspian Express' A New Lifeline Between Russia And Iran?,https://www.globalsecurity.org/wmd/library/news/russia/2026/08/russia-260819-rferl01.htm,John Pike,2026-08-19T12:00:00Z,maritime transport,The Caspian Sea is emerging as a potentially important logistics corridor in the expanding military relationship between Russia and Iran as they look to move goods beyond the reach of Western naval power.,Globalsecurity.org,Russia,News,2026-08-21T12:51:07.880881Z
684c6045984888b9d21b98733ef2746d,"PH Army units in Zambo, Sulu conduct territorial defense drills",https://www.globalsecurity.org/military/library/news/2026/08/mil-260819-pna02.htm,John Pike,2026-08-19T12:00:00Z,maritime transport,"The Philippine Army (PA) on Wednesday announced that its units in the Zamboanga Peninsula and Sulu are conducting two separate inter-agency territorial defense operations exercises (IA-TDOX) as part of ongoing efforts to beef up the ""whole-of-nation territori…",Globalsecurity.org,Unknown,News,2026-08-21T12:51:07.880930Z
ba8ca9b8b6daf6c9c40445c5a88791ab,"New €4.5 million fireboat that operates in rough seas and reaches speeds of 32 knots, reaches Lavrio",https://en.protothema.gr/2026/08/19/new-e4-5-million-fireboat-that-operates-in-rough-seas-and-reaches-speeds-of-32-knots-reaches-lavrio/,admin,2026-08-19T11:54:24Z,maritime transport,"Costing close to €4.5 million per vessel, the firefighting and rescue fast craft represent a significant investment in renewing the Fire Service's floating operational assets, forming part of the wider modernisation of Civil Protection under the ""AEGIS"" progr…",Protothema.gr,Unknown,Market Report,2026-08-21T12:51:07.880977Z
cdcf11b0a34361e60565e1b2c0839d0c,Indonesian Navy foils smuggling of 75.7 tons of illegal tin,https://en.antaranews.com/news/427661/indonesian-navy-foils-smuggling-of-757-tons-of-illegal-tin,"Kasmono, Rahmad Nasution",2026-08-19T07:14:19Z,maritime transport,A joint Indonesian Navy team foiled the alleged smuggling of 75.7 tons of illegal tin sand worth about Rp76.041 billion (US$4.7 million) from East Belitung ...,Antaranews.com,Indonesia,News,2026-08-21T12:51:07.881006Z
e99b2965cd24168ba99915826470984a,The Vietnam Binh Chau (Chau Tan) Late Tang Wreck,https://www.koh-antique.com/client/tangwreck/tangwreck.html,NK Koh,2026-08-19T01:36:40Z,maritime transport,"Archaeological analysis of the Late Tang Dynasty shipwreck discovered in Binh Chau, Vietnam",Koh-antique.com,Unknown,Analysis/Opinion,2026-08-21T12:51:07.881030Z
b715de94fdc76ac6ccf6af710be08350,"On 7 August, Elon Musk said Ship 40’s ocean recovery was “not looking good.” Eleven days later, on 18 August, it was towed intact to waters off Christmas Island — the first Starship upper stage ever recovered intact after returning from space.",https://spacedaily.com/t-ship40-ocean-recovery-christmas-island/,Mission Notes,2026-08-19T01:30:00Z,maritime transport,"After 24 days at sea, recovery crews guided the first intact Starship upper stage to calmer water off Christmas Island, preserving an unprecedented post-flight test article.
The post On 7 August, Elon Musk said Ship 40’s ocean recovery was “not looking good.”…",Space Daily,Unknown,News,2026-08-21T12:51:07.881093Z
5c6322c6d7294ca578f9ece848e80e02,Trump’s Plan for Foreign-Built Navy Ships Runs Into Resistance,https://gcaptain.com/trumps-plan-for-foreign-built-navy-ships-runs-into-resistance/,Mike Schuler,2026-08-19T00:18:04Z,maritime transport,President Donald Trump’s push to open U.S. Navy shipbuilding to foreign yards is running into resistance from American shipbuilders and lawmakers who argue the policy risks sending jobs and critical...,gcaptain.com,USA,News,2026-08-21T12:51:07.881123Z
1623cb12676a10759d1b8715a0fe5bb6,Antiwar Mothers Resist the Reactivation of US Military Bases in Puerto Rico,https://truthout.org/articles/antiwar-mothers-resist-the-reactivation-of-us-military-bases-in-puerto-rico/,Beth Geglia,2026-08-18T17:46:51Z,maritime transport,Activists do not want Puerto Rico to be a launching pad for aggression against fellow Latin American nations.,Truthout,USA,News,2026-08-21T12:51:07.881143Z
a48c4f095e19ec3293c42a20d7e366de,Iran prepares to keep economy alive as US threatens further sanctions,https://www.aljazeera.com/news/2026/8/18/iran-prepares-to-keep-economy-alive-as-us-threatens-further-sanctions,"Edna Mohamed, Maziar Motamedi",2026-08-18T16:21:49Z,maritime transport,Iran’s authorities say they could shift to offensive operations as Washington considers further sanctions.,Al Jazeera English,Unknown,News,2026-08-21T12:51:07.881180Z
18b2c6adfb7d7a9fe1e29fb8af8a3312,"Russia reportedly rearming Iran via Caspian Sea with TNT, ammunition and drone components",https://en.protothema.gr/2026/08/18/russia-reportedly-rearming-iran-via-caspian-sea-with-tnt-ammunition-and-drone-components/,Newsroom,2026-08-18T16:10:49Z,maritime transport,"European document cited by NBC News reveals new Moscow-Tehran supply route – Route remains beyond the reach of Western naval forces
The post Russia reportedly rearming Iran via Caspian Sea with TNT, ammunition and drone components appeared first on ProtoThema…",Protothema.gr,Russia,Market Report,2026-08-21T12:51:07.881208Z
4939c73d2f5df213bdd600e9e9146b6d,"Saudis Offer to Sell Oil Near Oman, a Possible Sign They’re Sailing Dark Through Hormuz",https://gcaptain.com/saudis-offer-to-sell-oil-near-oman-a-possible-sign-theyre-sailing-dark-through-hormuz/,Bloomberg,2026-08-18T16:01:22Z,maritime transport,"Saudi Arabia is offering to sell oil from off the coast of Oman, a sign that the kingdom may be following the United Arab Emirates in shuttling more barrels through the Strait of Hormuz.",gcaptain.com,Unknown,Market Report,2026-08-21T12:51:07.881250Z
9fa2fc8e4f54dbcf0f6c569580e11e3d,"Dear Future Lyntris Stock Investors, Mark Your Calendars for August 19",https://www.barchart.com/story/news/3908875/dear-future-lyntris-stock-investors-mark-your-calendars-for-august-19,Pathikrit Bose,2026-08-18T14:39:02Z,maritime transport,The defense tech company's shares are set to commence trading tomorrow.,Barchart.com,Unknown,Market Report,2026-08-21T12:51:07.881276Z
b1d896d30fc0921a6c4b6dd6189a0667,Home Office ministers and civil servants on frontline of small boat  Channel crossings under fire over plans to spend nearly £4.5million on electric car chargers instead of tackling the crisis - as 250 more migrants arrive,https://www.dailymail.com/news/article-16061297/Ministers-civil-servants-frontline-tacking-small-boats-4-5million-electric.html,David Churchill,2026-08-18T14:05:46Z,maritime transport,Nearly £4.5 million has been earmarked for the Net Zero gadgets to be installed at Home Office buildings to help staff go 'green'.,Dailymail.com,Unknown,News,2026-08-21T12:51:07.881324Z
628f7ed8902b7bf947b50d0d140b49eb,Show HN: Europe Robotics Map – An open source map of robotics companies,https://europeroboticsmap.com/,ahmed_sulajman,2026-08-18T13:07:40Z,maritime transport,"Hey HN! I'm exploring a move into robotics and spent some time researching all the robotics companies/startups around Europe. So far I've managed to find 114 companies. I'm still adding more as I discover them.Understandably, there are fewer remote-friendly r…",Europeroboticsmap.com,Unknown,News,2026-08-21T12:51:07.881376Z
c13c8b0463b9e468796a212e94a71c02,"Vizhinjam Port begins EXIM operations, opens gateway for India's trade",https://www.business-standard.com/industry/news/vizhinjam-port-begins-exim-operations-opens-gateway-for-india-s-trade-126081801128_1.html,Shine Jacob,2026-08-18T13:03:19Z,maritime transport,"The port is set for a Rs 16,000-crore Phase 2 expansion that will raise annual capacity to 5.7 million TEUs by December 2028 and create over 5,000 additional jobs",Business Standard,India,News,2026-08-21T12:51:07.881395Z
5671f32ce322e761b5f7fe80df6b7be8,F-15 Landing Incident Closes Naha Runway,https://newsonjapan.com/article/150412.php,News On Japan,2026-08-18T12:06:10Z,maritime transport,"A Japan Air Self-Defense Force F-15 fighter jet tilted to one side and came to a stop while landing at Naha Airport on August 18, forcing the closure of one of the airport's two runways and causing delays of more than an hour for some arriving commercial flig…",Newsonjapan.com,Japan,News,2026-08-21T12:51:07.881428Z
2eaa4a931e4f28e69d35cd0af57c8b1e,Philippine official fabricates 'iron triangle' narrative over Huangyan Dao; expert rebukes Manila's smear attempt,https://www.globalsecurity.org/military/library/news/2026/08/mil-260818-globaltimes01.htm,John Pike,2026-08-18T12:00:00Z,maritime transport,"Marking another attempt to smear China's legitimate actions over Huangyan Dao, a Philippine Coast Guard (PCG) spokesperson claimed that China's possible ""militarization"" of the island could allow it to dominate much of the South China Sea and threaten freedom…",Globalsecurity.org,China,News,2026-08-21T12:51:07.881450Z
ad20267995e90fd4072f33343df10ed0,India's tanker exports surge over six-fold to USD 1.36 billion in Q1 FY27; UAE leads,https://economictimes.indiatimes.com/news/economy/foreign-trade/indias-tanker-exports-surge-over-six-fold-to-usd-1-36-billion-in-q1-fy27-uae-leads/articleshow/133318178.cms,PTI,2026-08-18T10:01:56Z,maritime transport,"India's tanker exports surged dramatically in the June quarter, soaring six times compared to previous figures. The UAE emerged as the top importer, while Singapore and various Middle Eastern nations also boosted their purchases of Indian tankers. This impres…",The Times of India,India,News,2026-08-21T12:51:07.881477Z
41e017d573544a26056a968199300501,Iran keeps Strait of Hormuz closed until US meets deal conditions,https://cryptobriefing.com/iran-keeps-strait-of-hormuz-closed-until-us-meets-deal-conditions/,Estefano Gomez,2026-08-18T09:15:14Z,maritime transport,"The closure of the Strait of Hormuz exacerbates geopolitical tensions, impacting global oil markets and complicating diplomatic resolutions.
The post Iran keeps Strait of Hormuz closed until US meets deal conditions appeared first on Crypto Briefing.",Crypto Briefing,Global,Market Report,2026-08-21T12:51:07.881512Z
f3e015ae647fcd7d61767619edd5e478,India's tanker exports surge over six-fold to $1.36 billion in Q1 FY27; UAE leads,https://www.thehindubusinessline.com/economy/logistics/indias-tanker-exports-surge-over-six-fold-to-136-billion-in-q1-fy27-uae-leads/article71359639.ece,PTI,2026-08-18T09:09:39Z,maritime transport,"The data showed that export volumes also expanded significantly from 10 vessels to 23 vessels, reflecting increasing international demand for Indian-built tankers and marine transportation assets.",BusinessLine,India,News,2026-08-21T12:51:07.881533Z
f34f8cc958b967b43d0166fa278d782e,"India's tanker exports surge over six-fold to $1.36 bn in Q1, UAE leads",https://www.business-standard.com/economy/news/india-s-tanker-exports-surge-over-six-fold-to-1-36-bn-in-q1-uae-leads-126081800589_1.html,Press Trust of India,2026-08-18T09:02:22Z,maritime transport,"India's tanker exports surged more than six-fold to USD 1.36 billion in the June quarter from USD 221.1 million a year earlier, signalling the country's growing shipbuilding and maritime engineering capabilities, with the UAE emerging as the largest destinati…",Business Standard,India,News,2026-08-21T12:51:07.881559Z
0a2bdb2f1403220b3fd259a3f238cb02,Truckers deliberately shun Onne Port Parks —NPA,https://www.vanguardngr.com/2026/08/truckers-deliberately-shun-onne-port-parks-npa/,Urowayino Jeremiah,2026-08-18T06:27:30Z,maritime transport,"By Godwin Oritse The continuous refusal by truckers to use truck parks provided by the Nigerian Ports Authority (NPA) at Onne Port is creating serious challenges for both the port management and the host community, while also contributing to delays in cargo e…",Vanguard,Unknown,News,2026-08-21T12:51:07.881605Z
84ae77c73c6ba06665bcd8ee10c32cb4,BNPB accelerates aid distribution for NTT quake emergency response,https://en.antaranews.com/news/427479/bnpb-accelerates-aid-distribution-for-ntt-quake-emergency-response,"Adipati, Kenzu",2026-08-18T03:40:06Z,maritime transport,Indonesia&rsquo;s National Disaster Mitigation Agency (BNPB) has mobilized military airlifts and sea routes to speed humanitarian relief to East Nusa Tenggara ...,Antaranews.com,Indonesia,Market Report,2026-08-21T12:51:07.881629Z
e52651f270f7cda2c044f2cc81a913c2,Aegis Logistics in talks to acquire UAE’s Tristar for $1.5 billion,https://economictimes.indiatimes.com/industry/transportation/shipping-/-transport/aegis-logistics-in-talks-to-acquire-uaes-tristar-for-1-5-billion/articleshow/133306137.cms,Arijit Barman and Forum Gandhi,2026-08-18T00:00:00Z,maritime transport,"Aegis Logistics is in advanced discussions to acquire Tristar for $1.5 billion. This consolidation could be one of the industry's largest efforts. Aegis is seeking acquisition financing from lenders for the deal. Tristar operates across many countries, comple…",The Times of India,Unknown,Market Report,2026-08-21T12:51:07.881673Z
9cba95c2800b6d0f3a6b8caaeb3593c6,How the Middle East can become a hub for sustainable aviation fuels,https://www.nature.com/articles/d41586-026-02531-3,"Ying Jiang, Samuel S. Mao",2026-08-18T00:00:00Z,maritime transport,"Building on the region’s oil infrastructure, investment funds and shipping corridors, Gulf nations can thrive in the clean-energy economy.",Nature.com,Unknown,News,2026-08-21T12:51:07.881711Z
dc470a9f9009471808534c05638eeb26,Aegis Logistics in talks to acquire UAE’s Tristar for $1.5 billion,https://economictimes.indiatimes.com/industry/transportation/shipping-/-transport/aegis-logistics-in-talks-to-acquire-uaes-tristar-for-1-5-billion/articleshow/133308925.cms,Arijit Barman and Forum Gandhi,2026-08-18T00:00:00Z,maritime transport,"Aegis Logistics is in advanced discussions to acquire Tristar for $1.5 billion. This consolidation could be one of the industry's largest efforts. Aegis is seeking acquisition financing from lenders for the deal. Tristar operates across many countries, comple…",The Times of India,Unknown,Market Report,2026-08-21T12:51:07.881749Z
adc8713efc8bc33a4edc3bf1f7978acf,Automation Could Start Eating Into U.S. Diesel Demand,https://oilprice.com/Energy/Energy-General/Automation-Could-Start-Eating-Into-US-Diesel-Demand.html,Tsvetana Paraskova,2026-08-17T22:00:00Z,maritime transport,"The rise of automation, AI, and electric trucks can fundamentally change the freight transportation industry in the United States, leading to a revolution in transport fuel demand. Various vehicle and technology companies and U.S. cities and states have launc…",OilPrice.com,USA,News,2026-08-21T12:51:07.881792Z
d59612a3f0f44b548ce341d0b1bd6354,Automation Could Start Eating Into U.S. Diesel Demand,https://finance.yahoo.com/energy/articles/automation-could-start-eating-u-220000294.html,Tsvetana Paraskova,2026-08-17T22:00:00Z,maritime transport,"Diesel supplies about 22% of U.S. transportation energy, making freight automation potentially meaningful for petroleum demand.",Yahoo Entertainment,Unknown,News,2026-08-21T12:51:07.881825Z
9de1d4fd092365a8dcc5fcfc7c9b5a0f,"Iran Offers $30,000 Bounty to Kill US Soldiers",https://freerepublic.com/focus/f-news/4392130/posts,Epoch Times,2026-08-17T20:08:27Z,maritime transport,"Iran announced on Aug. 16 that it will offer a bounty of $30,000 to any individual who “kills or captures a U.S. soldier and hands them over to authorities,” according to Iranian state media. Iranian Army Commander-in-Chief Major General Amir Hatami revealed …",Freerepublic.com,Unknown,News,2026-08-21T12:51:07.881871Z
cc9551a634065ab60cbee2759396230e,Trump Has Opened the Door for Putin to Make a Move on NATO,http://www.rollingstone.com/politics/politics-features/trump-opened-door-putin-move-nato-1235610069/,Ryan Bort,2026-08-17T17:30:00Z,maritime transport,"Vladimir Putin has long wanted to break NATO, and Donald Trump has cleared the way for him to make an incursion into a member nation.",Rolling Stone,Unknown,News,2026-08-21T12:51:07.881903Z
038d926c27d4a15adccfea7954111fcb,Tourists create waves with accounts of seasickness on Aegean ferry crossings,https://en.protothema.gr/2026/08/17/tourists-create-waves-with-accounts-of-seasickness-on-aegean-ferry-crossings/,Αλεξία Αμβράζη,2026-08-17T11:02:51Z,maritime transport,"Tourists describe brutal seasickness and hours of clinging to their seats on rough Cycladic crossings, but experts insist such conditions remain rare and that sailings only proceed once weather is deemed safe
The post Tourists create waves with accounts of se…",Protothema.gr,Unknown,News,2026-08-21T12:51:07.881984Z
fffb92ecb5043a5fcc5bf8135d523d50,'No10 North' means Manchester hogs the limelight but there's MUCH more to this region - these are England's northern cities you must visit instead,https://www.dailymail.com/travel/article-16052655/north-england-cities-visit-manchester-liverpool-hull-leeds-york.html,Thomas Isacke,2026-08-17T07:02:46Z,maritime transport,"'No10 North' has put Manchester firmly in the spotlight - but from Liverpool and Newcastle to York and Leeds, there's a whole host of other northern cities worth exploring.",Dailymail.com,Australia,News,2026-08-21T12:51:07.882048Z
4692e0df13d1b74ccb9eea6ab4a88d0b,Türkiye designates two new marine national parks,https://www.hurriyetdailynews.com/turkiye-designates-two-new-marine-national-parks-225683,hurriyetdailynews.com,2026-08-17T06:05:01Z,maritime transport,"Türkiye has designated two new marine national parks, expanding protection of its coastal and marine ecosystems.",Hurriyet Daily News,Unknown,News,2026-08-21T12:51:07.882083Z
a3299c8494d18933f1c58af1f0c3d922,World War E: The energy wars and the path to personal resilience,https://www.naturalnews.com/2026-08-17-world-war-e-energy-wars-path-resilience.html,Ramon Tomey,2026-08-17T06:00:00Z,maritime transport,"“World War E: The Energy Wars Resetting Civilization” notes that the modern global conflict is an “energy war” fought through pipelines, refineries, tankers and electric grids. Controlling energy flow is the primary goal connecting wars in Ukraine and the Mid…",Naturalnews.com,Ukraine,News,2026-08-21T12:51:07.882118Z
770dfe52dec101329fe6ec9574fccb13,"MPA, Ocean Infinity to trial autonomous and remote marine operations in Singapore port waters",https://www.channelnewsasia.com/singapore/mpa-ocean-infinity-autonomous-marine-operations-port-ipoc-near-miss-reporting-6323091,,2026-08-17T05:47:28Z,maritime transport,"Other initiatives launched at the Singapore Safety@Sea Week include an Integrated Port Operations Command, Control and Communications (IPOC) system, as well as confidential reporting of near misses in the maritime industry.",CNA,Singapore,Market Report,2026-08-21T12:51:07.882147Z
364c09f78b6c582599be8983e75db9f8,"The Incredible Survival Story Of Charles Joughin, The Chief Baker On The Titanic",https://allthatsinteresting.com/charles-joughin,Gina Dimuro,2026-08-16T16:00:00Z,maritime transport,"Charles Joughin saved the lives of several women and children before refusing to board a lifeboat himself, then treaded water in the icy Atlantic until help arrived — and he credited his survival to the ""drop of liqueur"" he had as the ship went down.
The post…",Allthatsinteresting.com,Unknown,News,2026-08-21T12:51:07.882196Z
051a178c5785fb414e0eadfba3afab00,India works out Chabahar handover to Iran amid US sanctions,https://www.thehindubusinessline.com/economy/logistics/india-works-out-chabahar-handover-to-iran-amid-us-sanctions/article71352548.ece,Amiti Sen,2026-08-16T12:50:23Z,maritime transport,"Negotiations on for getting back control of the Shahid Beheshti terminal once the situation improves, sanctions end",BusinessLine,India,News,2026-08-21T12:51:07.882214Z
db9c89f413aee6cd8740bdf0b2e906e5,Australia and Papua New Guinea advance Pukpuk Treaty,https://www.globalsecurity.org/wmd/library/news/australia/2026/australia-260816-audod01.htm,John Pike,2026-08-16T11:39:18Z,maritime transport,"Australia's Deputy Prime Minister and Minister for Defence, Richard Marles, and Papua New Guinea's Minister for Defence, the Hon Elias Kapavore MP, met today in Port Moresby for their first ministerial meeting.",Globalsecurity.org,Australia,News,2026-08-21T12:51:07.882230Z
25e593ff7b0b99cd1b706cb4523cd9f2,UAE uneasy over Mecca defense pact amid 2026 Iran war tensions,https://cryptobriefing.com/uae-uneasy-over-mecca-defense-pact-amid-2026-iran-war-tensions/,Estefano Gomez,2026-08-16T07:22:31Z,maritime transport,"The UAE's exclusion from the Mecca pact may heighten regional instability, impacting Gulf security dynamics and Strait of Hormuz operations.
The post UAE uneasy over Mecca defense pact amid 2026 Iran war tensions appeared first on Crypto Briefing.",Crypto Briefing,Unknown,News,2026-08-21T12:51:07.882270Z
aaaea20bace35779b6d224128a96489a,Africa's low-key high-stakes Strait of Hormuz diplomacy,https://www.dw.com/en/africas-low-key-high-stakes-strait-of-hormuz-diplomacy/a-78376699,David Ehl,2026-08-16T05:31:00Z,maritime transport,African governments have kept a low profile on the international stage during the crisis in the Strait of Hormuz. But that doesn't mean they haven't been engaging with the issue behind the scenes. One of the principal arteries of world trade has been chronica…,DW (English),Global,News,2026-08-21T12:51:07.882360Z
851980e02a6ef32faabf47fc806f76f7,"Trapped with 23 crew and 110,000 tonnes of oil: Indian captain recounts 75 days stranded in Iran war",https://economictimes.indiatimes.com/news/india/trapped-with-23-crew-and-110000-tonnes-of-oil-indian-captain-recounts-75-days-stranded-in-iran-war/articleshow/133269576.cms,ET CONTRIBUTORS,2026-08-16T04:10:00Z,maritime transport,"An Indian oil-tanker captain recounts 75 days stranded with his crew in the Strait of Hormuz during the Iran war. He calls for protected evacuation corridors, enforceable rights to refuse war-zone transit and real-time tracking of seafarers trapped in conflic…",The Times of India,India,News,2026-08-21T12:51:07.882387Z
0981a484d7287c01588517e8ea6411f4,Govt confirms tourism areas in NTT under control after earthquake,https://en.antaranews.com/news/427260/govt-confirms-tourism-areas-in-ntt-under-control-after-earthquake,"Hreeloita Dharma Shanti, Nabil Ihsan",2026-08-16T01:34:48Z,maritime transport,Indonesia&#39;s Tourism Ministry and the Labuan Bajo Flores Tourism Authority Board (BPOLBF) reported that tourism areas and accommodation facilities in East ...,Antaranews.com,Indonesia,Market Report,2026-08-21T12:51:07.882412Z
9545f5e62f807b9ae7dafce4eeb2055b,"Between Cartel Threats And US Airstrikes, Ecuador Fishermen Have Nowhere To Hide",https://gcaptain.com/between-cartel-threats-and-us-airstrikes-ecuador-fishermen-have-nowhere-to-hide/,Reuters,2026-08-15T20:47:12Z,maritime transport,"By Alexandra Valencia and Yury Garcia JARAMIJO/SAN MATEO, Ecuador, August 15 (Reuters) – At first light on Ecuador’s Pacific coast, small fishing boats fan out from the villages of San Mateo and...",gcaptain.com,Brazil,News,2026-08-21T12:51:07.882435Z
7d380f80cf956be9a3a2af4974b1cd34,UAE accuses Iran of third ADNOC vessel attack in Strait of Hormuz,https://cryptobriefing.com/uae-accuses-iran-of-third-adnoc-vessel-attack-in-strait-of-hormuz/,Estefano Gomez,2026-08-15T11:52:48Z,maritime transport,"Escalating tensions in the Strait of Hormuz could destabilize global energy markets and heighten geopolitical risks, impacting international relations.
The post UAE accuses Iran of third ADNOC vessel attack in Strait of Hormuz appeared first on Crypto Briefin…",Crypto Briefing,Global,Market Report,2026-08-21T12:51:07.882515Z
6324865db4b1df2c5a131eea7907c8c5,NSIB to release final Joshua accident report – DG,https://punchng.com/nsib-to-release-final-joshua-accident-report-dg/,Punch Newspapers,2026-08-14T23:37:50Z,maritime transport,"The NSIB is set to release its final report on Anthony Joshua’s fatal road accident within 30-60 days. Get details on the investigation and findings.

Read More: https://punchng.com/nsib-to-release-final-joshua-accident-report-dg/",The Punch,Unknown,Market Report,2026-08-21T12:51:07.882558Z
d862d64eecc3125876e3ec89bc3a9c92,"Asaba highway landing: Jet’s black box overwritten, says NSIB",https://punchng.com/asaba-highway-landing-jets-black-box-overwritten-says-nsib/,Punch Newspapers,2026-08-14T20:05:05Z,maritime transport,"The NSIB has revealed the black box of the private jet that landed on an Asaba highway was overwritten, making investigation difficult. Learn more about th

Read More: https://punchng.com/asaba-highway-landing-jets-black-box-overwritten-says-nsib/",The Punch,Unknown,News,2026-08-21T12:51:07.882599Z
504bfbb4a96b859ae7c173b7de5225e1,Dragon on ice: China pursues quiet conquest of the Arctic,https://www.wnd.com/2026/08/dragon-ice-china-pursues-quiet-conquest-arctic/,RealClearWire,2026-08-14T18:45:00Z,maritime transport,Beijing's intentions are plain: To establish itself 'as a legitimate participant in decisions about the region',Wnd.com,China,News,2026-08-21T12:51:07.882612Z
ee8d79b3ca9663e6129a65c77fa89fc4,Trump’s Tougher Russia Stance Puts Kazakhstan in a Difficult Position,https://oilprice.com/Geopolitics/Asia/Trumps-Tougher-Russia-Stance-Puts-Kazakhstan-in-a-Difficult-Position.html,OilPrice.com,2026-08-14T18:00:00Z,maritime transport,"Since returning to the White House in early 2025, President Donald Trump has consistently argued that the war in Ukraine should end through negotiations. He initially believed that direct engagement with Russian President Vladimir Putin could create condition…",OilPrice.com,Russia,News,2026-08-21T12:51:07.882644Z
e37aae82b6fde6853f7b5740c3e0d1a0,Iranian Attacks Push Hormuz Shipping Toward Tehran-Controlled Route,https://gcaptain.com/iranian-attacks-push-hormuz-shipping-toward-tehran-controlled-route/,Mike Schuler,2026-08-14T17:44:35Z,maritime transport,"Iranian attacks on commercial shipping are pushing more vessels away from the U.S.-coordinated route through Omani waters and toward the northern, Tehran-controlled corridor through the Strait of Hormuz, according to...",gcaptain.com,Unknown,News,2026-08-21T12:51:07.882683Z
67c1dcbea12cd4f042032ff09e3a9005,Iranians Struggle to Afford Groceries as Trump Squeezes Economy,https://military.com/iranians-struggle-to-afford-groceries-as-trump-squeezes-economy,MLT Staff,2026-08-14T13:43:46Z,maritime transport,Trump is betting that intensifying economic pressure on the Islamic Republic will succeed where military force has failed.,Military.com,Unknown,News,2026-08-21T12:51:07.882716Z
897fb708eee889409d604a13da727202,Russia strikes Ukrainian Danube port rail hub – MOD,https://www.rt.com/russia/644240-ukrainian-river-ports-strikes/,RT,2026-08-14T11:02:20Z,maritime transport,Russia’s Defense Ministry has reported fresh strikes on the Ukrainian Danube port of Izmail and its rail infrastructure Read Full Article at RT.com,RT,Russia,Market Report,2026-08-21T12:51:07.882739Z
c649c0f8d90d39d188a5bbe0c5ba9b1c,Russia says hit Ukrainian railway and port facilities in new strikes,https://www.aljazeera.com/news/2026/8/14/russia-says-hit-ukrainian-railway-and-port-facilities-in-new-strikes,Al Jazeera Staff,2026-08-14T09:28:03Z,maritime transport,Kyiv targets Baltic oil hub and warehouse near Moscow with drones.,Al Jazeera English,Russia,News,2026-08-21T12:51:07.882755Z
c4196457f53f762f2caafd01acfce181,The dangerous “Polar Silk Road” in the Arctic bringing China & Russia closer: Moscow needs money & Beijing needs energy,https://en.protothema.gr/2026/08/14/the-dangerous-polar-silk-road-in-the-arctic-bringing-china-russia-closer-moscow-needs-money-beijing-needs-energy/,Newsroom,2026-08-14T08:12:00Z,maritime transport,"CNN sheds light on the rapprochement between Russia & China - Putin & Xi Jinping’s vision and the West’s reservations about their plans
The post The dangerous “Polar Silk Road” in the Arctic bringing China & Russia closer: Moscow needs money & Beijing needs e…",Protothema.gr,China,News,2026-08-21T12:51:07.882794Z
073014fb218b0c7044e44643ffd69835,"Salvage work begins on tanker leaking oil off Oman, risk firm says",https://www.aljazeera.com/economy/2026/8/14/salvage-work-begins-on-tanker-leaking-oil-off-oman-risk-firm-says,John Power,2026-08-14T04:52:45Z,maritime transport,"Environmental NGO Greenpeace warns that spill has rapidly expanded to 1,300 square kilometres, threatening ecosystems.",Al Jazeera English,Unknown,News,2026-08-21T12:51:07.882828Z
e56b0981dd73612667e0a6f70029e5df,"At least 14,000 heat-related deaths recorded in Germany this summer",https://www.thelocal.de/20260820/at-least-14000-heat-related-deaths-recorded-in-germany-this-summer,AFP,2026-08-20T12:50:54Z,cargo shipping,Former health minister Karl Lauterbach says the record-breaking figure is probably an underestimate.,The Local Germany,Germany,News,2026-08-21T12:51:08.362384Z
cda2ed3935cf9f5fe862e050d43cef5d,Strait of Hormuz Latest: US Says Waterway Open as Iran Loses Ground Amid Naval Blockade Standoff,https://www.ibtimes.com.au/escalating-tensions-strait-hormuz-us-iran-standoff-1874306,Anthony Will,2026-08-20T09:59:52Z,cargo shipping,"The Strait of Hormuz remains a focal point of U.S.-Iran tensions, with naval blockades, attacks on vessels, and diplomatic uncertainty impacting global oil and gas trade.",Ibtimes.com.au,Global,News,2026-08-21T12:51:08.362465Z
abae79b8250c538209312ea3d565f3be,Somali pirate menace returns as U.S.-Iran war stokes regional chaos and saps enforcement resources,https://www.cnbc.com/2026/08/20/somali-pirates-return-iran-war.html,CNBC Asia Source,2026-08-20T08:15:38Z,cargo shipping,"Somali piracy incidents have resurged in the Red Sea region in recent times, especially since the U.S.-Iran war kicked off-major concern for shipping companies.",CNBC,Unknown,News,2026-08-21T12:51:08.362535Z
787de4727d41f4d27ac2bf20b4590df9,Trump announces 'the most crushing economic operation ever taken' against any country that does business with Iran,https://www.dailymail.com/news/article-16066131/Trump-announces-crushing-economic-operation-taken-against-country-does-business-Iran.html,Perkin Amalaraj,2026-08-20T07:30:05Z,cargo shipping,"Donald Trump said he was launching a major new campaign to target Iran's economy, threatening 'tremendous' punishment on any country that helps or does business with the Islamic republic.",Dailymail.com,Unknown,News,2026-08-21T12:51:08.362598Z
b2a63b74eca7fb6818a5488b9bba2f82,Mutiny Review: What A Dull Jason Statham Film!,https://www.rediff.com/movies/review/mutiny-review-what-a-dull-jason-statham-film/20260820.htm,SREEJU SUDHAKARAN,2026-08-20T04:53:28Z,cargo shipping,Mutiny is so painfully predictable that even Jason Statham's trademark mayhem struggles to keep it afloat.,Rediff.com,Unknown,Analysis/Opinion,2026-08-21T12:51:08.362645Z
d9e047768de37be114d35bf8fc81ad35,New Zealand infrastructure deficit: Calls grow for certainty to unlock investment,https://www.nzherald.co.nz/business/business-reports/infrastructure-report/new-zealand-infrastructure-deficit-calls-grow-for-certainty-to-unlock-investment/premium/WRTJXMIQTRA6RLJTJKWX3MSYCM/,Fran O'Sullivan,2026-08-20T03:00:00Z,cargo shipping,Boards must weigh geopolitical shocks and find upside in major projects.,New Zealand Herald,Unknown,News,2026-08-21T12:51:08.362940Z
074a715a467a34530297f62fba32e065,‘Single window processed N11.27bn payment in five months’,https://punchng.com/single-window-processed-n11-27bn-payment-in-five-months/,Punch Newspapers,2026-08-20T00:24:12Z,cargo shipping,"Nigeria’s National Single Window platform processed N11.27bn and 114,122 licences/permits in five months, boosting trade efficiency and transparency.

Read More: https://punchng.com/single-window-processed-n11-27bn-payment-in-five-months/",The Punch,Unknown,News,2026-08-21T12:51:08.362988Z
3d2a6abb0e881188a220b23bbf7c0a77,How Trump’s bold ‘Finland Model’ strategy is actually reviving America’s military fleet,https://nypost.com/2026/08/19/opinion/trumps-bold-finland-plan-is-reviving-americas-military-fleet/,Howard W. Brodie,2026-08-19T22:55:20Z,cargo shipping,Washington spent decades allowing our shipbuilding industrial base to atrophy — while our adversaries kept building. This president is reversing that decline.,New York Post,USA,News,2026-08-21T12:51:08.363020Z
a6aef43a390c783ab030888929c0001f,MUTINY Review: Statham Hews to Formula in Human Trafficking Thriller,https://screenanarchy.com/2026/08/mutiny-review-statham-hews-to-formula-in-human-trafficking-thriller.html,,2026-08-19T22:47:05Z,cargo shipping,"Jason Statham, Annabelle Wallis, Roland Møller, and Adrian Lester star in the action thriller, directed by Jean-François Richet. 
 
 [Read the whole post on screenanarchy.com...]",Screenanarchy.com,Unknown,Analysis/Opinion,2026-08-21T12:51:08.363053Z
b4e879767b55431fd831d703319a8ffc,Australia and China cooperate to bust illegal tobacco smuggling syndicate,https://www.abc.net.au/news/2026-08-20/china-and-australia-work-together-on-tobacco-syndicate/107056140,,2026-08-19T21:00:46Z,cargo shipping,"Australian Border Force officers are tipped off to containers suspected of carrying illicit tobacco, resulting in millions of cigarettes being seized.",ABC News (AU),China,News,2026-08-21T12:51:08.363068Z
75f255dbad9c084daaed52befe860a5e,"Trump threatens to bomb Oman, widening the war that crippled the global economy",https://fortune.com/2026/08/19/trump-threatens-to-bomb-oman-widening-the-war-that-crippled-the-global-economy/,"Samy Magdy, The Associated Press",2026-08-19T20:32:28Z,cargo shipping,The oil chokepoint is under fire from multiple directions as Trump pushes Oman for a tougher line on Iran shipping traffic.,Fortune,Global,News,2026-08-21T12:51:08.363100Z
eb881d481319880f84b54920f7d66023,Bodywel T3 48V Folding Electric Scooter w/ Seat for $214 + free shipping,https://www.dealnews.com/Bodywel-T3-48-V-Folding-Electric-Scooter-w-Seat-for-214-free-shipping/22059130.html,,2026-08-19T18:43:19Z,cargo shipping,"This Bodywel T3 folding electric scooter is $214 via promo code ""USFB50C"", down from $678. It includes a seat, full suspension, and a range of up to 60 km (about 37 miles) per charge, making it suited for both commuting and shopping trips. Shipping is free fr…",Dealnews.com,Unknown,News,2026-08-21T12:51:08.363147Z
400314c181f39596ab47acf394321939,"Nike’s Collection of Stylish, Space-Efficient, and Durable Backpacks Will Help Them Rule the School This Year",http://wwd.com/shop/shop-fashion/best-backpacks-bags-for-back-to-school-at-nike-buy-online-1239143471/,Stacia Datskovska,2026-08-19T18:33:49Z,cargo shipping,"If a cool-yet-practical bag is the last thing your kid — or college student — needs before starting a new academic chapter, the Swoosh brand offers dozens of trendy solutions they'll approve of.",WWD,Unknown,News,2026-08-21T12:51:08.363217Z
5bb99e4096afc2cdcbe2da4e800af70f,Lafati 1.5-Ton Scissor Jack Kit for $19 + free shipping,https://www.dealnews.com/Lafati-1-5-Ton-Scissor-Jack-Kit-for-19-free-shipping/22059091.html,,2026-08-19T18:06:25Z,cargo shipping,"This Lafati scissor jack kit is $11 off its regular price at Walmart, bringing it down to $18.99. It supports vehicles up to 1.5 tons and includes both a hand crank and a ratchet wrench for changing tires. Spend $35 for free shipping, or choose pickup where a…",Dealnews.com,Unknown,News,2026-08-21T12:51:08.363263Z
1338e6ccf3a0ba2a238baae382997117,"Heybike Hero Mid-Drive Carbon Fiber E-Bike (750W) + FREE Rear Cargo Rack $1,049.50 + Free Shipping (1 replies)",https://slickdeals.net/f/19898121-heybike-hero-mid-drive-carbon-fiber-e-bike-750w-free-rear-cargo-rack-1-049-50-free-shipping,TattyBear | Staff,2026-08-19T18:01:29Z,cargo shipping,"Heybike [heybike.com] has Hero Mid-Drive Carbon Fiber E-Bike (750W) + FREE Rear Cargo Rack [heybike.com] on sale for $2099.00 - ($1049.50) coupon code SD50%OFF = $1,049.50 - Shipping is Free

Key Feat",Slickdeals.net,Unknown,News,2026-08-21T12:51:08.363301Z
0c61509ecf9fad6caff8ac4b5950cfb6,"Rivian spinout Also raises $150m, and the e-bike is just the wedge",https://thenextweb.com/news/also-rivian-spinout-150m-series-d-autonomous,Cristian Dina,2026-08-19T17:57:50Z,cargo shipping,"Also, the micromobility startup that spun out of Rivian last year, has raised $150 million in a Series D round. The round values it above $1 billion. The company told Fortune the money will go towards its real ambition, which is not e-bikes but small autonomo…",The Next Web,Unknown,News,2026-08-21T12:51:08.363348Z
9befcc6097c009b4e261747c13595f9f,Russia helps Iran sharpen its sword,https://www.longwarjournal.org/archives/2026/08/russia-helps-iran-sharpen-its-sword.php,John Hardie,2026-08-19T17:32:31Z,cargo shipping,"Russia reportedly is supplying explosives, drone components, and other military goods to Iran, helping the Islamic Republic replenish arsenals for future rounds of fighting with the United States and Israel.
The post Russia helps Iran sharpen its sword appear…",Longwarjournal.org,USA,Market Report,2026-08-21T12:51:08.363372Z
46591bb7f7183abd52c6477d29569635,"DYU M26 1000W 26"" Electric Bicycle for $250 + free shipping",https://www.dealnews.com/DYU-M26-1000-W-26-Electric-Bicycle-for-250-free-shipping/22059041.html,,2026-08-19T17:17:57Z,cargo shipping,"The DYU M26 electric bicycle is $250 at AliExpress via promo code ""USFB50C"", down from $1,089. It runs on a 1000W peak motor with a 36V 10AH removable battery and 26"" wheels, reaching speeds up to 50 km/h. It ships free from the U.Sl. This deal ends August 26…",Dealnews.com,Unknown,News,2026-08-21T12:51:08.363421Z
de7c5764f52c78e1007072de283a5016,Ophanie Cordless 160psi Portable Tire Inflator for $18 + free shipping w/ $35,https://www.dealnews.com/Ophanie-Cordless-160-psi-Portable-Tire-Inflator-for-18-free-shipping-w-35/22059007.html,,2026-08-19T16:55:22Z,cargo shipping,"At Walmart, this tire inflator is $17.99. That's $22 below the original price. Spend $35 for free shipping. Otherwise, shipping adds $6.99.  Buy Now at Walmart
 Features
 <ul> <li>Cordless, compact design with a built-in LED emergency light</li> <li>Support…",Dealnews.com,Unknown,News,2026-08-21T12:51:08.363467Z
25a52ac5aff18a8cb1bfd1f5ce35629a,Jay Leno's Garage 16-oz. Leather Cleaner for $8 + free shipping w/ $35,https://www.dealnews.com/Jay-Lenos-Garage-16-oz-Leather-Cleaner-for-8-free-shipping-w-35/22058976.html,,2026-08-19T16:30:41Z,cargo shipping,"This Jay Leno's Garage Leather Cleaner is $7.98, down from $9.97 at Walmart. It's the best price we found by $2. Spend $35 for free shipping, or choose pickup to avoid the $6.99 shipping charge.  Buy Now at Walmart
 Features
 <ul> <li>16 oz. bottle of leath…",Dealnews.com,Unknown,News,2026-08-21T12:51:08.363511Z
c474a1a73dd579ef90636d18fd7cce72,Arab neighbor shuts down ALL trade with Iran after being targeted by missiles,https://www.wnd.com/2026/08/arab-neighbor-shuts-down-all-trade-iran-after/,Bob Unruh,2026-08-19T16:27:24Z,cargo shipping,'Roughly $28 billion in annual commerce is now gone',Wnd.com,Unknown,News,2026-08-21T12:51:08.363577Z
4f5bc2a8173ee9658594dba53a871479,Bumbee Tailgate Bike Pad for $16 + free shipping w/ Prime,https://www.dealnews.com/Bumbee-Tailgate-Bike-Pad-for-16-free-shipping-w-Prime/22058924.html,,2026-08-19T15:43:25Z,cargo shipping,"At Amazon, get this Bumbee Tailgate Bike Pad for $16. It's the best price we've seen for this tailgate bike pad. It holds two bikes at once and includes a waterproof 600D PVC surface, padded lining, reflective safety strips, and a built-in tool pocket for rep…",Dealnews.com,Unknown,News,2026-08-21T12:51:08.363718Z
3ebfadbc2ab758b087eee607789c210c,Tesla Screen Protector for Model Y/3 for $17 + free shipping w/ Prime,https://www.dealnews.com/Tesla-Screen-Protector-for-Model-Y-3-for-17-free-shipping-w-Prime/22045992.html,,2026-08-19T15:37:03Z,cargo shipping,"Cuts down on glare and fingerprint smudges on the Model Y's center display, and with three in the pack you've got backups if one gets scratched up. Apply coupon code ""X6VVKQEX"" for a savings of $18. Buy Now at Amazon
 Features
 <ul> <li>Custom fit for Tesla…",Dealnews.com,Unknown,News,2026-08-21T12:51:08.363779Z
8d81aaa5c0ab466cef5685f777bc1162,International Clothiers Canada Summer Sale: up to 75% off the Entire Store,https://smartcanucks.ca/international-clothiers-canada-summer-sale-up-to-75-off-the-entire-store/,Anne Dougherty,2026-08-19T14:40:33Z,cargo shipping,"Shop the Summer Sale at International Clothiers Canada and save up to 75% off the entire store sitewide, including new arrivals. Shipping is free on orders of $75 or more, and all prices are as marked. Here are some of the savings up to 75% off: Fleece Cargo …",Smartcanucks.ca,Global,Market Report,2026-08-21T12:51:08.363853Z
d2dfb1883991882c6139e99668094ed2,‘Mutiny’ Review: Jason Statham Dies Hard on a Cargo Ship in a Thriller of Impeccable Bring-the-Pain Timing,https://variety.com/2026/film/reviews/mutiny-review-jason-statham-1236837057/,Owen Gleiberman,2026-08-19T13:00:29Z,cargo shipping,"""Mutiny,"" a revenge thriller set aboard a giant cargo ship, shows that there’s life in the ""Die Hard on a Boat"" concept. The film makes you think of Bruce Willis in other ways too, since its star, Jason Statham, boasts a macho chrome dome and offs his enemies…",Variety,Unknown,Analysis/Opinion,2026-08-21T12:51:08.363921Z
79d0dfca4c04651b3b73295a0a77f86a,Mutiny Review: Jason Statham's Formulaic Action Flick Is Destined To Induce Déjà Vu,https://screenrant.com/mutiny-2026-movie-review/,George Bate,2026-08-19T13:00:14Z,cargo shipping,Jason Statham’s latest movie is as uninspired as it is lacking in tension. Even viewers expecting nothing more than solid action may be disappointed.,Screen Rant,Unknown,Analysis/Opinion,2026-08-21T12:51:08.363956Z
f2ebf88ae9e3d2858495cafca7be9b85,Full Truck Alliance Q2 Earnings Call Highlights,https://www.marketbeat.com/instant-alerts/full-truck-alliance-q2-earnings-call-highlights-2026-08-19/?utm_source=yahoofinance&amp;utm_medium=yahoofinance,MarketBeat,2026-08-19T12:02:14Z,cargo shipping,Full Truck Alliance (NYSE:YMM) reported second-quarter 2026 revenue growth of 4.4% as transaction services expanded and platform fulfillment metrics reached...,MarketBeat,Unknown,Market Report,2026-08-21T12:51:08.364070Z
fa357786e4656e388b48f4e7d23a1603,"Indian, US fuel exporters reaping bonanza amid oil supply uncertainty due to wars",https://economictimes.indiatimes.com/industry/energy/oil-gas/indian-us-fuel-exporters-reaping-bonanza-amid-oil-supply-uncertainty-due-to-wars/articleshow/133344591.cms,Reuters,2026-08-19T10:28:20Z,cargo shipping,"India and U.S. oil refiners are benefiting from global fuel supply disruptions caused by wars in Iran and Ukraine, boosting refined fuel exports and margins. India is emerging as Asia’s swing supplier as Middle Eastern and Russian supplies tighten, while U.S.…",The Times of India,India,News,2026-08-21T12:51:08.364139Z
0312637190fb4530af1f9a79408dcc17,"Indian, US fuel exporters reaping bonanza amid oil supply uncertainty due to wars",https://economictimes.indiatimes.com/industry/energy/oil-gas/indian-us-fuel-exporters-reaping-bonanza-amid-oil-supply-uncertainty-due-to-wars/articleshow/133345072.cms,Reuters,2026-08-19T10:28:20Z,cargo shipping,"India and U.S. oil refiners are benefiting from global fuel supply disruptions caused by wars in Iran and Ukraine, boosting refined fuel exports and margins. India is emerging as Asia’s swing supplier as Middle Eastern and Russian supplies tighten, while U.S.…",The Times of India,India,News,2026-08-21T12:51:08.364158Z
3e980163fe6b9df4d378bf7573b43df6,"Russia to receive almost 270,000 tons of refined fuel from Asia in August, data shows",https://economictimes.indiatimes.com/industry/energy/oil-gas/russia-imports-270000-tons-of-refined-fuel-from-asia-amid-ukraine-conflict/articleshow/133343968.cms,Reuters,2026-08-19T09:52:07Z,cargo shipping,"Russia is importing nearly 270,000 tons of refined fuels from Asia this August.  These shipments are occurring via ship-to-ship transfers to obscure their origins and routes.  India supplied about one-third of these refined fuels destined for Russia.  Two tan…",The Times of India,India,News,2026-08-21T12:51:08.364185Z
07b5befe0af02282fb487014a1df9889,US removes Nigeria from decade-long port security restrictions,https://www.rt.com/africa/644393-us-removes-nigeria-decade-port-security-restrictions/,RT,2026-08-19T09:29:05Z,cargo shipping,"The US Coast Guard has ended security restrictions on Nigeria-linked vessels, citing effective antiterrorism measures at the country’s ports Read Full Article at RT.com",RT,Unknown,News,2026-08-21T12:51:08.364273Z
c610a91396269b561f5507297cb8be20,"Canyon Pathlite:ON 4 SUV Step-Through Electric Bike for $1,601 + free shipping",https://www.dealnews.com/Canyon-Pathlite-ON-4-SUV-Step-Through-Electric-Bike-for-1-601-free-shipping/22058434.html,,2026-08-19T09:19:34Z,cargo shipping,"At Amazon, get the Canyon Pathlite:ON 4 SUV Step-Through Electric Bike for $1,601 when you clip the on-page coupon. It's the best deal we've seen for this ebike. It runs on a Bosch Performance Line motor with 85 Nm of torque and a 625Wh Bosch battery, paired …",Dealnews.com,Unknown,News,2026-08-21T12:51:08.364317Z
322bcc6a5198fd4d79fe766176e4ce71,2 Chinese Supertankers Abort Hormuz Attempt,https://www.rigzone.com/news/wire/2_chinese_supertankers_abort_hormuz_attempt-19-aug-2026-184406-article/,Weilun Soon,2026-08-19T08:08:52Z,cargo shipping,"Two Chinese-linked supertankers U-turned in the strait as risks to shipping remain elevated, with prospects for a normalization of traffic dimming after President Donald Trump took a hard line on Iran.",Rigzone,China,News,2026-08-21T12:51:08.364379Z
3d189147ef816748212efabaa2271e79,"Strait of Hormuz chaos has incentivized China to use an alternative trade route: a 3,400 mile frozen Arctic channel dubbed the ‘Ice Silk Road’",https://fortune.com/2026/08/19/strait-of-hormuz-iran-war-china-trade-route-ice-silk-road/,Sasha Rogelberg,2026-08-19T07:00:00Z,cargo shipping,"Chinese shipping company Sea Legend Line just announced a shipping route through the Arctic, which takes half the time as established shipping routes.",Fortune,China,News,2026-08-21T12:51:08.364398Z
da7bf6dcced34d61a9176fde7e8f17ad,Iran reportedly weighs attacks on European military targets as UAE severs trade with Tehran,https://www.cnbc.com/2026/08/19/us-iran-war-trump-hormuz.html,Jenni Reid,2026-08-19T06:52:12Z,cargo shipping,"Washington and Tehran are considering next steps after negotiations fell apart, while the UAE has suspended trade with Iran.",CNBC,Unknown,Market Report,2026-08-21T12:51:08.364430Z
57ee8c15f7cca1e0f8b1fbebe8168ea1,NPERA commences operations as port economic regulator,https://www.vanguardngr.com/2026/08/npera-commences-operations-as-port-economic-regulator/,Urowayino Jeremiah,2026-08-19T06:40:59Z,cargo shipping,"By Godwin Oritse The Nigeria Ports Economic Regulatory Agency (NPERA) has formally commenced operations, ushering in a new era of economic regulation designed to make Nigeria’s ports more transparent, competitive, predictable and efficient. The agency’s comme…",Vanguard,Unknown,News,2026-08-21T12:51:08.364477Z
62187be515229985459624560858c1fc,"Jassper Shipping to invest $50 million to expand project logistics, bulk cargo operations",https://www.thehindubusinessline.com/economy/logistics/jassper-shipping-to-invest-50-million-to-expand-project-logistics-bulk-cargo-operations/article71363599.ece,BL Hyderabad Bureau,2026-08-19T06:05:51Z,cargo shipping,"The proposed investment intends to strengthen its capabilities across project logistics, heavy-lift transportation, vessel chartering and multimodal cargo solutions, supporting India’s accelerating infrastructure and industrial expansion",BusinessLine,India,News,2026-08-21T12:51:08.364505Z
73dadc57adcaa12998f7748140e23e09,Oil Prices Rise for Fourth Day as Hormuz Traffic Slows,https://oilprice.com/Latest-Energy-News/World-News/Oil-Prices-Rise-for-Fourth-Day-as-Hormuz-Traffic-Slows.html,Irina Slav,2026-08-19T05:40:00Z,cargo shipping,"Crude oil prices extended their gains for the fourth day today as fresh tanker-tracking data suggests traffic via the Strait of Hormuz has slowed further amid harder rhetoric from both Iran and the United States, with both sides demonstrating an unwillingness…",OilPrice.com,USA,Market Report,2026-08-21T12:51:08.364530Z
60b2bec1a41785b08ace44e9b3f8c58d,The Treacherous Thousand Island Shipping Channel,https://www.hhhistory.com/2026/08/the-treacherous-thousand-island.html,Susan G Mathis,2026-08-19T05:00:00Z,cargo shipping,"During the Gilded Age, the Thousand Islands occupied a unique position between leisure and industry. While the region became renowned for op...",Hhhistory.com,Unknown,News,2026-08-21T12:51:08.364560Z
77f15aa6e318e06c78191b5e56e3b441,UAE suspends trade ties with Iran after missile launch: Key developments,https://www.business-standard.com/world-news/uae-suspends-trade-ties-with-iran-after-missile-launch-key-developments-126081900238_1.html,Apexa Rai,2026-08-19T04:22:38Z,cargo shipping,"Abu Dhabi has halted economic engagements with Tehran after detecting two ballistic missiles launched from Iran, as tensions over the Strait of Hormuz escalate the regional crisis",Business Standard,Unknown,News,2026-08-21T12:51:08.364597Z
78f2b653ca58186565cae8d4f5ebacba,UAE imposes indefinite trade embargo on Iran over alleged missile attacks,https://www.aljazeera.com/news/2026/8/19/uae-imposes-indefinite-trade-embargo-on-iran-over-alleged-missile-attacks,Al Jazeera Staff,2026-08-19T03:34:40Z,cargo shipping,"Iran denies launching missiles at the UAE, suggesting the incident was a 'false flag operation'.",Al Jazeera English,Unknown,News,2026-08-21T12:51:08.364629Z
4bbed74d3f16dd20eeea9fea0e54ad7c,Trump says US has no talks planned with Iran and other news from the Middle East,https://abcnews.com/International/wireStory/trump-us-talks-planned-iran-news-middle-east-135730184,The Associated Press,2026-08-19T02:38:21Z,cargo shipping,U.S. President Donald Trump says the U.S. has no planned talks with Iran but insists the Strait of Hormuz remains open,Abcnews.com,Unknown,News,2026-08-21T12:51:08.364659Z
b7c4f3f41801a17b3eae5bc10d26f584,Shiprocket shares to list today; GMP signals 37% listing gains,https://economictimes.indiatimes.com/markets/stocks/news/shiprocket-shares-to-list-today-gmp-signals-37-listing-gains/articleshow/133335398.cms,Ritesh Presswala,2026-08-19T02:20:45Z,cargo shipping,"The Rs 1,617.48-crore IPO, which was open for subscription from August 12 to August 14, received an overwhelming response from investors. The issue was subscribed 99.38 times overall, reflecting exceptionally strong demand across investor categories.",The Times of India,Unknown,News,2026-08-21T12:51:08.364699Z
927dbe8056b98e1c27a3b4550ebd5f80,Delivering Gains! Shiprocket shares list at 35% premium over IPO price,https://economictimes.indiatimes.com/tech/technology/shiprocket-shares-to-list-today-gmp-signals-37-listing-gains/articleshow/133337674.cms,Ritesh Presswala,2026-08-19T02:20:45Z,cargo shipping,"The Rs 1,617.48-crore IPO, which was open for subscription from August 12 to August 14, received an overwhelming response from investors. The issue was subscribed 99.38 times overall, reflecting exceptionally strong demand across investor categories.",The Times of India,Unknown,News,2026-08-21T12:51:08.364736Z
2a029ca360877418829e1c2406221e75,"Trump says no talks planned with Iran, Tehran says Strait of Hormuz still shut",https://www.thehindubusinessline.com/news/world/trump-says-no-talks-planned-with-iran-tehran-says-strait-of-hormuz-still-shut/article71363146.ece,Reuters,2026-08-19T02:06:50Z,cargo shipping,"The receding prospects of a deal to end the nearly six-month conflict drove up oil ⁠prices again on Tuesday, while stock markets sagged and borrowing costs for major economies including the U.S. hit multi-decade highs, amid concerns about the long-term inflat…",BusinessLine,Unknown,Market Report,2026-08-21T12:51:08.364792Z
7b8a0cf2b0681a32b68ebeb130045db1,"This electric beach wagon tackles soft sand with balloon tires, hub motors, and a foldable frame",https://www.yankodesign.com/2026/08/18/this-electric-beach-wagon-tackles-soft-sand-with-balloon-tires-hub-motors-and-a-foldable-frame/,Sarang Sheth,2026-08-19T01:45:46Z,cargo shipping,"This electric beach wagon tackles soft sand with balloon tires, hub motors, and a foldable frameThe walk from the car to the shoreline is, depending on your beach setup, a mild inconvenience or an actual workout. You’ve got the cooler,...",Yanko Design,Unknown,News,2026-08-21T12:51:08.364842Z
d7c0fd37e057139dae7bfaf4245e250d,CNBC Daily Open: Trump puts 'open' sign on Hormuz. But traffic is barely trickling,https://www.cnbc.com/2026/08/19/cnbc-daily-open-trump-hormuz-markets-attack.html,Lim Hui Jie,2026-08-19T01:31:26Z,cargo shipping,"The reality in the Strait of Hormuz looks a bit different. U.S. President Donald Trump has claimed that the critical waterway is open, but no one is buying it.",CNBC,Unknown,Market Report,2026-08-21T12:51:08.364874Z
5237fde4b1808ecc8ea05877bdc478a9,Trump is clueless. His new attempt to troll Iran proves it.,http://www.dailykos.com/stories/2026/8/18/800086108/news/trump-strait-of-hormuz-iran-truth-social/,kos,2026-08-19T00:01:00Z,cargo shipping,The president's “edgy” antics have lost their luster.,Dailykos.com,Unknown,News,2026-08-21T12:51:08.364905Z
6f0fbebdd396f49b8320d298b09de54d,safer-dependencies v0.6.0,https://kitploit.com/en/posts/github-robert-auger-safer-dependencies-v060,Kitploit,2026-08-18T23:09:06Z,cargo shipping,"Automated dependency security layer for AI coding assistants that audits packages for CVEs, typosquats, abandonment, version-age issues, and hash integrity across npm, PyPI, RubyGems, Maven, Go, and Rust ecosystems.",Kitploit.com,Unknown,News,2026-08-21T12:51:08.364939Z
c6cb6cbd73b23b82d9549f93c67fc43d,1984 Chevrolet Blazer M1009 CUCV Diesel 4×4,https://bringatrailer.com/listing/1984-chevrolet-k5-blazer-32/,bringatrailer,2026-08-18T22:21:12Z,cargo shipping,"This 1984 Chevrolet Blazer was built for the US Government with M1009 Commercial Utility Cargo Vehicle (CUCV) specification. It was initially purchased and refurbished in 2018 by the seller for a client, who overhauled the top end of the engine, installed a t…",Bringatrailer.com,Unknown,News,2026-08-21T12:51:08.364983Z
d501fafefae5b5320de55713e00caba2,"Russia shipping drones, explosives to rebuild Iran’s supply after US, Israeli strikes: report",https://freerepublic.com/focus/f-news/4392259/posts,The New York Post,2026-08-18T21:31:33Z,cargo shipping,"Russia is shipping parts for drones, missiles and explosives to Iran to replenish its weapons stockpiles decimated by US and Israeli airstrikes during the war, according to a new report. More than two dozen Russian ships, many of them under US and European sa…",Freerepublic.com,Russia,Market Report,2026-08-21T12:51:08.365012Z
9d1a13f968f1cb17be5e3088933df09a,China Touts Success of Arctic ‘Ice Silk Road’ to Bypass Strait of Hormuz,https://www.breitbart.com/asia/2026/08/18/china-touts-success-of-arctic-ice-silk-road-to-bypass-strait-of-hormuz/,John Hayward,2026-08-18T21:19:52Z,cargo shipping,"China’s state-run Global Times on Tuesday boasted of “soaring demand” for the “Ice Silk Road” trade route China has established through the Arctic, and castigated Western media for expressing “sour grapes” concerns about the environment, Chinese territorial a…",Breitbart News,China,News,2026-08-21T12:51:08.365034Z
3e29c0c920c844e8db7d7a675644611a,Cargo Ship Destroyed in New Attack Off Yemen,https://gcaptain.com/cargo-ship-destroyed-in-new-attack-off-yemen/,Mike Schuler,2026-08-18T20:51:09Z,cargo shipping,"A cargo ship has been declared a constructive total loss after being struck by multiple unknown projectiles off Yemen, marking another attack in an increasingly volatile southern Red Sea. UK...",gcaptain.com,Unknown,News,2026-08-21T12:51:08.365070Z
7c01a906f5cc77bab16074349375996a,Port of Los Angeles Nears 1 Million TEUs in Second-Busiest July,https://gcaptain.com/port-of-los-angeles-nears-1-million-teus-in-second-busiest-july/,Mike Schuler,2026-08-18T20:35:30Z,cargo shipping,"The Port of Los Angeles handled nearly 1 million containers in July, extending a run of historically strong cargo volumes even as an early peak shipping season begins to wind...",gcaptain.com,Unknown,News,2026-08-21T12:51:08.365104Z
dcf293b5699560abb831d475dd6d72e4,Succebuy 20L Portable Refrigerator/Freezer for $76 + free shipping,https://www.dealnews.com/Succebuy-20-L-Portable-Refrigerator-Freezer-for-76-free-shipping/22052507.html,,2026-08-18T19:35:56Z,cargo shipping,"Select the 20L option on this Succebuy portable car cooler to get it for $76 at AliExpress via promo code ""VSUSAFF12"", down from $252. It can work off a car outlet or a home wall socket. Shipping is free from a U.S. warehouse. This deal ends August 26. Buy No…",Dealnews.com,Unknown,News,2026-08-21T12:51:08.365147Z
c7dd4c9fdc6e6e11c4b993ff096959c0,A 4-Million-Bpd Shadow Oil Highway Is Running Through Hormuz,https://oilprice.com/Energy/Crude-Oil/A-4-Million-Bpd-Shadow-Oil-Highway-Is-Running-Through-Hormuz.html,Charles Kennedy,2026-08-18T19:00:00Z,cargo shipping,"U.S. Treasury Secretary Scott Bessent has predicted that the Strait of Hormuz will become “irrelevant” within two years, and with Gulf oil producers already building their way around it, millions of barrels may prove him right for a short time.  Months into t…",OilPrice.com,Unknown,News,2026-08-21T12:51:08.365308Z
1be2cc0cbf7b105b778a23a868ad5eef,"Russia shipping drones, explosives to rebuild Iran’s supply after US, Israeli strikes: report",https://nypost.com/2026/08/18/world-news/russia-shipping-drones-explosives-to-rebuild-irans-supply-report/,Ronny Reyes,2026-08-18T18:53:46Z,cargo shipping,"Russia is shipping parts for drones, missiles and explosives to Iran to replenish its weapons stockpiles decimated by US and Israeli airstrikes during the war, according to a new report.",New York Post,Russia,Market Report,2026-08-21T12:51:08.365331Z
315a994b1a7f378e8069d3dd9f33c3c4,Douglas Touring A/S 215/55R17 94V All-Season Tire for $81 + free shipping,https://www.dealnews.com/Douglas-Touring-A-S-215-55-R17-94-V-All-Season-Tire-for-81-free-shipping/22052432.html,,2026-08-18T18:28:10Z,cargo shipping,"This Douglas Touring A/S tire is $9 off its regular price at Walmart. It's built for all-season use with a silica tread compound and siped tread blocks designed to handle both wet and dry roads. It ships free, or installation starts at $18 per tire.  Buy Now …",Dealnews.com,Unknown,News,2026-08-21T12:51:08.365403Z
89cdf214fb1d8ac39d25f96faa155cbe,Imego Magnetic Car Phone Holder for $16 + free shipping w/ $35,https://www.dealnews.com/Imego-Magnetic-Car-Phone-Holder-for-16-free-shipping-w-35/22052429.html,,2026-08-18T18:17:24Z,cargo shipping,"This Imego magnetic car mount is $15.99 at Walmart, down from $29.99. Spend $35 for free shipping. Otherwise, shipping adds $6.99.  Buy Now at Walmart
 Features
 <ul> <li>Magnetic hold keeps phone secure while driving</li> <li>Twist-lock vacuum suction base…",Dealnews.com,Unknown,News,2026-08-21T12:51:08.365447Z
171687514cad102c7e54a564832aaa3a,Vipcoo H3 3500W 48V Electric Dirt Bike for $665 + free shipping,https://www.dealnews.com/Vipcoo-H3-3500-W-48-V-Electric-Dirt-Bike-for-665-free-shipping/22052415.html,,2026-08-18T18:14:43Z,cargo shipping,"This Vipcoo H3 electric dirt bike is $665, down from $1,721.02 via promo code ""VUSDEAL120"". It's built with a 3500W motor, 48V 23Ah battery, fat tires, and nitrogen suspension for off-road riding. Shipping is free from a U.S. warehouse. This deal ends August …",Dealnews.com,Unknown,News,2026-08-21T12:51:08.365490Z
1a4a8d03c9fcba509cdf22d6b68771e6,I run a high-end concierge company for the wealthy. Here are 7 unique services clients pay me to handle.,https://www.businessinsider.com/high-end-concierge-business-owner-services-wealthy-clients-2026-7#article,Roya Shahidi,2026-08-18T18:02:57Z,cargo shipping,"From unpacking groceries to driving a Bentley from England to Italy, a luxury concierge business owner explains what services clients request and why.",Business Insider,Unknown,News,2026-08-21T12:51:08.365525Z
2e25e1646b785fd51354083e8474c68d,"Lectric XPress2 extra battery bundle for 100+ miles $1,399, Aventon Pace 5 + Level 4 REC e-bike launch, Segway S2 kids scooter, more",http://electrek.co/2026/08/18/lectric-xpress2-extra-battery-bundle-aventon-pace-5-level-4-rec-e-bike-segway-s2-kids-scooter-more/,Reinette LeJeune,2026-08-18T18:00:00Z,cargo shipping,"We’ve got an even more EV-packed edition of Green Deals than we saw yesterday, filled with first-time deals from three of our favorite brands. First, there’s the backorder bundle deal on Lectric’s XPress2 Long-Range Step-Thru Cruiser e-bike with $723 in FREE …",Electrek,Unknown,News,2026-08-21T12:51:08.365575Z
b516bc8197f3254827e073986c869217,"Unmanned cargo vessel hit by projectiles in Red Sea, escalating maritime threats",https://cryptobriefing.com/unmanned-cargo-vessel-hit-by-projectiles-in-red-sea-escalating-maritime-threats/,Estefano Gomez,2026-08-18T17:31:58Z,cargo shipping,"The incident heightens regional instability, potentially disrupting global shipping routes and escalating geopolitical tensions further.
The post Unmanned cargo vessel hit by projectiles in Red Sea, escalating maritime threats appeared first on Crypto Briefin…",Crypto Briefing,Global,News,2026-08-21T12:51:08.365624Z
babe5f94ff1aa1f3e0ed2b09406ec7d6,Gap Factory Clearance Deals: Up to 60% off + Extra 50% off + free shipping w/ $50,https://www.dealnews.com/Gap-Factory-Clearance-Deals-Up-to-60-off-Extra-50-off-free-shipping-w-50/22052375.html,,2026-08-18T17:25:41Z,cargo shipping,"The Gap Factory Clearance includes up to 60% off T-shirts, khakis, hoodies, shirts, and more. Plus, take an extra 50% off eligible items at checkout. (Eligible items are marked.) We've pictured the Gap Factory Men's Oxford Shirt in Boxy Fit for $11.99 at chec…",Dealnews.com,Unknown,News,2026-08-21T12:51:08.365669Z
79ed2f4c612a8cbfa7ff83b4f8a3be85,On What Still Hasn’t Happened,https://doc.searls.com/2026/08/18/on-what-still-hasnt-happened/,Doc Searls,2026-08-18T16:41:42Z,cargo shipping,"I posted what follows more than twenty-six years ago on Searls.com, which now brings up a danger warning because it’s still http and not https. (Yes, I’ll fix it.) It makes interesting reading today for several reasons, one of which is that much of what it (a…",Searls.com,Unknown,News,2026-08-21T12:51:08.365713Z
9ddf4ac08e0f14262817c166275e4062,Report: Saudi Arabia Resumes Loading Oil in Strait of Hormuz,https://www.breitbart.com/middle-east/2026/08/18/report-saudi-arabia-resumes-loading-oil-in-strait-of-hormuz/,John Hayward,2026-08-18T16:28:32Z,cargo shipping,"Trade industry sources said on Tuesday that Saudi Aramco, the national oil company of Saudi Arabia, has resumed loading tankers with product at its Juaymah and Ras Tanura oil terminals, which lie within the contested waters of the Strait of Hormuz.
The post R…",Breitbart News,Unknown,Market Report,2026-08-21T12:51:08.365756Z
99b515b089df595e59427bd1ef969a0e,Greek oil tanker attacked in Black Sea – Bloomberg,https://www.rt.com/russia/644380-greek-tanker-attacked-black-sea/,RT,2026-08-18T16:26:27Z,cargo shipping,A Greek-run tanker reportedly carrying Russian crude was attacked near Novorossiysk weeks after Washington pressed Kiev over strikes on US-linked terminals and shipping,RT,Russia,Market Report,2026-08-21T12:51:08.365819Z
7e7c93c37ce389a411e8616ea114906c,MacGregor Secures Comprehensive Hatch Cover and Cargo Handling Order for Six LNG-Powered Containerships at Cochin Shipyard Limited,https://gcaptain.com/macgregor-secures-comprehensive-hatch-cover-and-cargo-handling-order-for-six-lng-powered-containerships-at-cochin-shipyard-limited/,gCaptain,2026-08-18T15:08:49Z,cargo shipping,"MacGregor has been selected to deliver a comprehensive scope of cargo handling solutions for six 1,700 TEU dual-fuel LNG-powered containerships to be built at Cochin Shipyard Limited (CSL) in India....",gcaptain.com,India,News,2026-08-21T12:51:08.365849Z
4542277e907959e567d37fe3d8a2c31b,Vizhinjam starts full EXIM operations with Kerala’s trademark crunchy cargo,https://www.thehindubusinessline.com/economy/logistics/vizhinjam-starts-full-exim-operations-with-keralas-trademarkcrunchy-cargo/article71361443.ece,V Sajeev Kumar & Avinash Nair,2026-08-18T14:53:06Z,cargo shipping,"Vizhinjam Port launches full EXIM operations, exporting Kerala's unique snacks to Spain, enhancing global trade connections.",BusinessLine,Global,News,2026-08-21T12:51:08.365887Z
4406e3de28d9200847242552fdea0803,"Lectric offers $723 FREE extra battery bundle with its XPress2 long-range step-thru e-bike for 100+ miles of travel at $1,399",http://9to5toys.com/2026/08/18/lectric-extra-battery-bundle-xpress2-long-range-step-thru-e-bike-1399/,Reinette LeJeune,2026-08-18T14:49:26Z,cargo shipping,"Lectric is offering a limited promotion on its latest XPress2 Long-Range Step-Thru Cruiser e-bike with a FREE $723 bundle including an extra battery for $1,399 shipped. Just keep in mind that this is a backorder deal, with shipping expected around the week of…",9to5Toys,Unknown,News,2026-08-21T12:51:08.365938Z
3bd00cbbaace07548890af95468131f2,"Trump Threatened to Bomb Oman Because He’s Unhappy With Country’s Deal With Iran, Officials Say",https://military.com/trump-threatened-to-bomb-oman-because-hes-unhappy-with-countrys-deal-with-iran-officials-say,MLT Staff,2026-08-18T14:38:46Z,cargo shipping,The U.S. believes Oman has not been tough enough in its negotiations with Iran.,Military.com,Unknown,News,2026-08-21T12:51:08.365973Z
2802bd04502b7bf85fef71b0004600cd,"Trump threatened to bomb Oman because he's unhappy with country's deal with Iran, officials say",https://www.yahoo.com/news/politics/articles/trump-threatened-bomb-oman-because-143004565.html,SAMY MAGDY,2026-08-18T14:30:04Z,cargo shipping,U.S. President Donald Trump threatened to bomb Oman because he is unhappy the country is close to a deal with Iran to manage ship traffic through the Strait...,Yahoo Entertainment,Unknown,News,2026-08-21T12:51:08.366009Z
34e8fed3a16952b5e73be5cbb000d42b,"Vizhinjam Port begins EXIM operations, opens Keralam’s gateway to global trade",https://www.thehindubusinessline.com/economy/logistics/vizhinjam-port-begins-exim-operations-opens-keralas-gateway-to-global-trade/article71359980.ece,V  Sajeev Kumar,2026-08-18T14:03:59Z,cargo shipping,"Vizhinjam Port launches EXIM operations, transforming Kerala into a global trade gateway and enhancing the state's maritime potential.",BusinessLine,Global,News,2026-08-21T12:51:08.366047Z
f45623b2c20d6d632d70459d1c5e3c55,Diamond Bankruptcy Update: The Final Mass Mailout To 1301 Creditors,https://bleedingcool.com/comics/diamond-bankruptcy-update-the-final-mass-mailout-to-1301-creditors/,Rich Johnston,2026-08-18T13:06:17Z,cargo shipping,"As the Diamond Comic Distribution Chapter 7 bankruptcy Trustee's joint settlement with the Ad Hoc Consignment Group moves forward, court records show the same notices are landing with all the other publishers as well. Two weeks ago, Epiq Corporate Restructuri…",Bleeding Cool News,Unknown,News,2026-08-21T12:51:08.366117Z
620a33ad80e43ad193d6d6939b93c6a5,DP World Strengthens Ecuador’s Trade Connectivity with New Direct Asia Shipping Service,https://financialpost.com/globe-newswire/dp-world-strengthens-ecuadors-trade-connectivity-with-new-direct-asia-shipping-service,GlobeNewswire,2026-08-18T13:05:32Z,cargo shipping,"New weekly service provides Ecuadorian exporters with faster, more reliable access to Asian markets GUAYAQUIL, Ecuador, Aug. 18, 2026 (GLOBE NEWSWIRE) — DP World launched the AX4 shipping service (also known as NW4), operated jointly by Ocean Network Express …",Financial Post,Unknown,Market Report,2026-08-21T12:51:08.366160Z
7c147d842706e4a78a986323edc1fba6,DKNY Canada: Save up to 60% on Select Styles,https://smartcanucks.ca/dkny-canada-save-up-to-60-on-select-styles/,Anne Dougherty,2026-08-18T12:26:16Z,cargo shipping,"Shop sale styles at DKNY Canada and save up to 60% on select clothing, bags, and footwear. Prices are as marked, and for Canadian orders shipping is free when you spend $205 or more. Here are some of the markdowns up to 60% off at DKNY Canada: Balance Compres…",Smartcanucks.ca,Unknown,Market Report,2026-08-21T12:51:08.366220Z
92bf61d5c8d767db775ab573b355b9c0,"ICE detains captain of boat that capsized in NYC harbor, killing mother and infant | CNN",https://www.cnn.com/2026/08/20/us/ice-detains-captain-of-boat-that-capsized-in-nyc-harbor-killing-mother-and-infant,Martin Goillandeau,2026-08-20T10:15:02Z,vessel charter,"The captain of a boat that capsized in New York Harbor earlier this month, killing a baby and her mother, has been detained by US Immigration and Customs Enforcement, authorities said.",CNN,Unknown,News,2026-08-21T12:51:08.738056Z
39d50c2ab4a413a3528630c0ac90ac21,"Captain in New York Harbor Capsizing that Killed Mom, Baby Is Illegal Immigrant",https://www.breitbart.com/immigration/2026/08/19/captain-in-new-york-harbor-capsizing-that-killed-mom-baby-is-illegal-immigrant/,Mariane Angela,2026-08-20T02:43:15Z,vessel charter,"The captain of a boat that capsized in New York Harbor, killing a mother and her baby, is an illegal immigrant.
The post Captain in New York Harbor Capsizing that Killed Mom, Baby Is Illegal Immigrant appeared first on Breitbart.",Breitbart News,Unknown,News,2026-08-21T12:51:08.738142Z
7174632f7f75fad21876f8f37d507350,Captain in fatal NY Harbor boat tragedy is illegal immigrant: ‘Criminal is off our streets’,https://freerepublic.com/focus/f-chat/4392434/posts,The New York Post,2026-08-20T01:05:20Z,vessel charter,"The captain of an illegal charter boat that flipped in New York Harbor, killing a mom and her baby, is an illegal immigrant from El Salvador who is now in federal immigration custody, The Post has learned. Manuel Hernandez, 46, a limo driver without a boating…",Freerepublic.com,Unknown,News,2026-08-21T12:51:08.738427Z
490694181d9620767c366a9f3435b7d4,Captain in fatal NY Harbor boat tragedy is illegal immigrant: ‘Criminal is off our streets’,https://nypost.com/2026/08/19/us-news/captain-in-fatal-ny-harbor-boat-tragedy-is-illegal-immigrant-feds/,"Josh Christenson, Jorge Fitz-Gibbon",2026-08-19T21:03:29Z,vessel charter,"Hernandez, a limo driver without a boat license, was in the US illegally when he capsized the overloaded 21-foot vessel on Aug. 8, drowning Sara Sanchez and her baby daughter, Antonella Garcia, the Department of Homeland Security said Wednesday.",New York Post,Unknown,News,2026-08-21T12:51:08.738477Z
b00787afd9d13665005b768e134148ce,Russian Threats Won’t Stop the U.K.’s Drone Deliveries,http://foreignpolicy.com/2026/08/18/british-drones-ukraine-russia-war-burnham-missiles/,Alexandra Sharp,2026-08-18T21:29:27Z,vessel charter,London vows to continue aiding Ukraine’s war effort.,Foreign Policy,Russia,News,2026-08-21T12:51:08.738669Z
2a7e0a605ac1045d20ebe260912b2fa1,Diddy Could Return as Defendant in King Combs Yacht Assault Lawsuit,https://mediatakeout.com/diddy-could-return-as-defendant-in-king-combs-yacht-assault-lawsuit/,Lyndon Abioye,2026-08-18T11:16:04Z,vessel charter,"Sean “Diddy” Combs’ own criminal trial could come back to haunt him in a separate lawsuit accusing his son, Christian “King” Combs, of a 2022 yacht assault. Grace O’Marcaigh’s attorneys want Diddy restored as a defendant after a judge previously dismissed him…",Mediatakeout.com,Unknown,News,2026-08-21T12:51:08.738718Z
95d0e3f1538edf554a51964b3466aa71,Beno Opens Luxury Waterfront Guest Lounge at Marsa Al Arab in Partnership with Jumeirah Group,https://financialpost.com/pmn/business-wire-news-releases-pmn/beno-opens-luxury-waterfront-guest-lounge-at-marsa-al-arab-in-partnership-with-jumeirah-group,Business Wire,2026-08-18T07:07:05Z,vessel charter,"DUBAI, United Arab Emirates — Beno, Dubai’s luxury experiences platform, announced the opening of a new premium guest lounge at Marsa Al Arab, developed in partnership with Jumeirah Group, the hospitality arm of Dubai Holding. The lounge adds a permanently st…",Financial Post,Unknown,Market Report,2026-08-21T12:51:08.738825Z
b5ea32488d7ac46ff42d5bef3adfbe2d,Trump Threatens to Bomb US Ally Oman as Iran Deadline Expires While Kushner Presses Netanyahu on Gaza Plan,https://www.ibtimes.com.au/trump-threatens-oman-iran-peace-talks-expire-1874222,Anthony Will,2026-08-17T16:55:22Z,vessel charter,"President Trump threatens military action against Oman as US-Iran peace talks expire without resolution, escalating tensions in the Strait of Hormuz and complicating regional diplomacy.",Ibtimes.com.au,Unknown,News,2026-08-21T12:51:08.738867Z
3b32d5a9267d62d1264701d07ac602c2,The Best Available Self-Defense: Article 51 and the 2026 Iran War,http://opiniojuris.org/2026/08/17/the-best-available-self-defense-article-51-and-the-2026-iran-war/,Davit Khachatryan,2026-08-17T10:00:11Z,vessel charter,"[Davit Khachatryan is a lecturer at American University of Armenia and Russian-Armenian University] There is something almost ritualistic about restating the law of self-defense. Article 51 has been parsed, contested, stretched, and invoked in nearly every ma…",Opiniojuris.org,USA,News,2026-08-21T12:51:08.738897Z
0a37194974cad3b0d975a355df996720,SunDance Brings Award-Winning POUCH³ Flexible Packaging Innovation to the Cereal Market,https://www.prnewswire.com/news-releases/sundance-brings-award-winning-pouch-flexible-packaging-innovation-to-the-cereal-market-302855917.html,,2026-08-20T12:45:00Z,shipping market,"Patented cuboid package combines the shelf presence of a box with the material and operational efficiencies of flexible packaging ORLANDO, Fla., Aug. 20, 2026 /PRNewswire/ -- SunDance, a multi-channel print, packaging and marketing solutions company, today an…",PRNewswire,Unknown,Market Report,2026-08-21T12:51:09.241891Z
ef2ffc2d0ee585efe00d6d30dcffc32c,‘Capital alone no longer clears a site’: Morgan Stanley says data centers’ big money era is over,https://fortune.com/2026/08/20/data-centers-money-era-morgan-stanley/,Nick Lichtenberg,2026-08-20T12:12:16Z,shipping market,"Political backlash must now be ""underwritten like land, power or labor,"" the investment bank said.",Fortune,Unknown,News,2026-08-21T12:51:09.242000Z
4ba12c5db5ed993822b0f84585cbd3d3,Slack launches collaborative vibe coding channels with AI agents,https://cryptobriefing.com/slack-vibe-coding-ai-agents/,Editorial Team,2026-08-20T12:09:32Z,shipping market,"Slack's AI-driven coding channels could redefine collaborative software development, enhancing productivity and expanding Slack's market value.
The post Slack launches collaborative vibe coding channels with AI agents appeared first on Crypto Briefing.",Crypto Briefing,Unknown,Market Report,2026-08-21T12:51:09.242038Z
c4cb0706a2ec1fe31f54ef75983278fc,Disrupting Escrow: Why High-Value Deals Still Depend on Slow Wires,https://www.prnewswire.com/news-releases/disrupting-escrow-why-high-value-deals-still-depend-on-slow-wires-302855872.html,,2026-08-20T12:02:00Z,shipping market,"On Disruption Interruption, Lopsii Olagoke explains why high-value B2B settlements still rely on slow wires, opaque escrow processes, and third-party custody that can expose funds to fraud and forgone yield. TAMPA BAY, Fla., Aug. 20, 2026 /PRNewswire/ -- The …",PRNewswire,Unknown,News,2026-08-21T12:51:09.242085Z
fbacaed75e34ccf6a25fc8daae9226c4,"Nifty breaks losing streak, Sensex rallies 628 points; sugar stocks shine",https://www.business-standard.com/markets/capital-market-news/nifty-breaks-losing-streak-sensex-rallies-628-points-sugar-stocks-shine-126082000932_1.html,Capital Market,2026-08-20T11:34:09Z,shipping market,"Key equity benchmarks staged a strong rebound on Thursday, with the Nifty snapping a seven-session losing streak and reclaiming the 24,200 level, while the Sensex jumped over 600 points. The recovery was supported by easing US Treasury yields after the US Tre…",Business Standard,Unknown,News,2026-08-21T12:51:09.242134Z
a0d05d96a0e0de4eaa0c0da3575be56b,Vindication for Sir Stelios Haji-Ioannou as he wins a long battle over easyJet ownership,https://en.protothema.gr/2026/08/20/vindication-for-sir-stelios-haji-ioannou-as-he-wins-a-long-battle-over-easyjet/,Αλεξία Αμβράζη,2026-08-20T11:27:49Z,shipping market,"They say revenge is a dish best served cold. For a true knight like easyJet founder Sir Stelios Haji-Ioannou, such a modest emotion might hold little appeal, but there is another feeling entirely: vindication. And vindicated is surely how he feels, watching e…",Protothema.gr,Unknown,News,2026-08-21T12:51:09.242183Z
9effc56863bdc66afbf8f007b1f20411,Qatar calls for return to normal traffic in Hormuz Strait amid US-Israel conflict,https://cryptobriefing.com/qatar-calls-for-return-to-normal-traffic-in-hormuz-strait-amid-us-israel/,Estefano Gomez,2026-08-20T11:09:01Z,shipping market,"Qatar's call for normalcy in Hormuz highlights the Gulf's focus on stability, impacting regional diplomacy and global shipping security.
The post Qatar calls for return to normal traffic in Hormuz Strait amid US-Israel conflict appeared first on Crypto Briefi…",Crypto Briefing,Global,News,2026-08-21T12:51:09.242230Z
e51a25ba810eb3366d08319ba68fd760,Physical media nostalgia sees fundraisers flock to Blu-Ray Kickstarter — drive with 9-in-1 dock achieves 160x funding goal halfway through campaign,https://www.tomshardware.com/peripherals/docking-stations-hubs/physical-media-nostalgia-sees-fundraisers-flock-to-blu-ray-kickstarter-drive-with-9-in-1-dock-achieves-160x-funding-goal-halfway-through-campaign,Mark Tyson,2026-08-20T11:00:39Z,shipping market,A 'grand piano style' Blu-ray drive and USB dock has got tech fans excited over on Kickstarter.,Tom's Hardware UK,Unknown,News,2026-08-21T12:51:09.242271Z
b1e1a71588beb4fe24133171a69521f8,Donald Trump’s Crypto Firm Gets Approval To Operate As A Bank. What Could Go Wrong?,https://www.huffpost.com/entry/trump-crypto-bank_n_6a85e09fe4b0e9f1dd270377,HuffPost,2026-08-20T11:00:18Z,shipping market,The merger of political and financial power augurs a new era of politicized finance with potentially huge ramifications.,HuffPost,Unknown,News,2026-08-21T12:51:09.242309Z
b573999f443284db5378c81f77619cf0,"Current price of oil as of August 20, 2026",https://fortune.com/article/price-of-oil-08-20-2026/,Joseph Hostetler,2026-08-20T11:00:00Z,shipping market,"When oil prices change, it affects your energy costs—and even the price of everyday items. Here’s why.",Fortune,Unknown,Market Report,2026-08-21T12:51:09.242339Z
c3b2ef6e67160df87b369a58c591fd9d,Crude oil price jumps over 1% as US issues fresh threats to Iran,https://www.thehindubusinessline.com/markets/commodities/crude-oil-price-jumps-over-1-as-fresh-us-economic-warfare-on-iran-revives-supply-concerns/article71368559.ece,PTI,2026-08-20T10:03:15Z,shipping market,"Crude oil prices rise over 1% amid US sanctions on Iran, raising concerns about potential global supply disruptions.",BusinessLine,Global,Market Report,2026-08-21T12:51:09.242473Z
8abdee5fc91f6dff440996e04e72ef2a,Incident reported east of Al Mukalla raises maritime security concerns,https://cryptobriefing.com/incident-reported-east-of-al-mukalla-raises-maritime-security-concerns/,Estefano Gomez,2026-08-20T09:53:53Z,shipping market,"Heightened maritime security concerns may hinder regional agreements, impacting market confidence and increasing geopolitical tensions.
The post Incident reported east of Al Mukalla raises maritime security concerns appeared first on Crypto Briefing.",Crypto Briefing,Unknown,Market Report,2026-08-21T12:51:09.242510Z
2c1972dfde7d4072c4e0ecd2d30c7c37,"3 economy-linked areas of the stock market to buy even as growth slows, according to a $50 billion co-CIO",https://www.businessinsider.com/where-to-invest-now-stock-market-sectors-to-buy-calamos-2026-8#article,wedwards@businessinsider.com (William Edwards),2026-08-20T09:35:01Z,shipping market,"""You want to stay cyclical rather than defensive at this point,"" says Calamos Investments' Michael Grant.",Business Insider,Unknown,Market Report,2026-08-21T12:51:09.242539Z
781078138577cd3354ccb594858ce983,Specbee: Why and how to migrate your DotNetNuke (DNN) site to Drupal,https://www.specbee.com/blogs/why-and-how-to-migrate-dotnetnuke-dnn-site-to-drupal,,2026-08-20T09:31:45Z,shipping market,Running on DotNetNuke (DNN)? We highly recommend a CMS migration to the latest release of Drupal. It is packed with all the features you have been wishing for! Learn why you should make that move and how you can do it.,Specbee.com,Unknown,News,2026-08-21T12:51:09.242577Z
7e1248781ff41c712a933768d588fcd8,Has Iranian Crude Become Irrelevant to Global Oil Supply?,https://oilprice.com/Latest-Energy-News/World-News/Has-Iranian-Crude-Become-Irrelevant-to-Global-Oil-Supply.html,Tsvetana Paraskova,2026-08-20T09:30:00Z,shipping market,"The reinstated U.S. blockade on Iranian oil exports is effectively preventing Tehran from exporting oil, making Iran’s oil volumes irrelevant for global oil market balances, Bob McNally, president of Rapidan Energy Group, told CNBC on Thursday. The U.S. broug…",OilPrice.com,Global,Market Report,2026-08-21T12:51:09.242618Z
c86b23b8b02cce6bf022ac1a5ba34af3,I bought DJI’s banned camera — it was cheap and easy,https://www.theverge.com/tech/981669/dji-osmo-pocket-4-pro-us-ban-black-market,Sean Hollister,2026-08-20T09:29:45Z,shipping market,"As a kid, I always imagined the ""black market"" would be like the movies: Shady vendors hawking illicit goods along dusty streets. But if you want a banned DJI Osmo Pocket 4 or Pocket 4 Pro camera in the US, you can just reach for your phone. They're on Temu, …",The Verge,Unknown,Market Report,2026-08-21T12:51:09.242658Z
ee07a6043955b41af85ef78297b6cdbd,TeemDrop Advances AI Dropshipping Technology for Global E-Commerce Sellers,https://apnews.com/press-release/ein-presswire-newsmatics/press-release-58c287ecefd67980237e48227a83380b,,2026-08-20T07:52:18Z,shipping market,"TeemDrop combines AI product sourcing, supplier coordination and automated fulfillment to help global e-commerce sellers simplify dropshipping operations.",Associated Press,Global,News,2026-08-21T12:51:09.242789Z
f11273939b6e8075c94e841f6a5bec55,Oil prices gain on Middle East supply concerns,https://www.rte.ie/news/business/2026/0820/1588605-world-oil-prices/,RTÉ News,2026-08-20T07:34:18Z,shipping market,Oil prices climbed today on concerns the impasse in the US-Israeli war against Iran will continue to disrupt supply from the key Middle Eastern producing region and tighten global supplies.,RTE,Global,Market Report,2026-08-21T12:51:09.242846Z
9d8f057d12739ebf462fd93e2ab1927f,"Urban Company, Unicommerce expand partnership to Saudi Arabia, UAE",https://economictimes.indiatimes.com/news/company/corporate-trends/urban-company-unicommerce-expand-partnership-to-saudi-arabia-uae/articleshow/133366791.cms,ET Online,2026-08-20T06:51:50Z,shipping market,Urban Company's Middle East division has partnered with Unicommerce to streamline its e-commerce operations in Saudi Arabia and the UAE. The online platform will leverage Unicommerce's Uniware technology to manage inventory and fulfillment for its at-home ser…,The Times of India,Unknown,News,2026-08-21T12:51:09.242923Z
f3d24b0a5d75a15c1b8ebd54fd2ec99b,North Sea drilling tests UK gov’t climate pledge,https://www.hurriyetdailynews.com/north-sea-drilling-tests-uk-govt-climate-pledge-225834,hurriyetdailynews.com,2026-08-20T06:38:56Z,shipping market,"British Prime Minister Andy Burnham must decide in the coming weeks whether to authorize two North Sea drilling projects, an issue which has divided his own Labour Party.",Hurriyet Daily News,UK,News,2026-08-21T12:51:09.242960Z
fda96963ebb778b2777053d61409c432,JPMorgan warns of potential 2027 global food crisis driven by Hormuz disruptions and El NiÃ±o,https://www.naturalnews.com/2026-08-20-jpmorgan-warns-of-potential-2027-global-food-crisis.html,Willow Tohi,2026-08-20T06:00:00Z,shipping market,"JPMorgan economists warn that a “compounding storm” of war, extreme weather and supply chain fragility could trigger a global food crisis by 2027. The bank projects global food inflation will accelerate to 5% by the first half of next year, driven by Strait o…",Naturalnews.com,Global,News,2026-08-21T12:51:09.243049Z
b0ac0f3e288aa47105970d5981098575,Oil prices rise for fifth session as Iran war threatens global supply,https://www.business-standard.com/markets/commodities/oil-prices-rise-for-fifth-session-as-iran-war-threatens-global-supply-126082000261_1.html,Reuters,2026-08-20T05:53:25Z,shipping market,Brent crude climbed to $91.87 a barrel and WTI to $86 as the prolonged conflict raises concerns over supply disruptions from West Asia,Business Standard,Global,Market Report,2026-08-21T12:51:09.243077Z
07b49194a2cd8fa451833c6a7ec27886,"Unicommerce eSolutions climbs after expanding Urban Company partnership to UAE, Saudi Arabia",https://www.business-standard.com/markets/capital-market-news/unicommerce-esolutions-climbs-after-expanding-urban-company-partnership-to-uae-saudi-arabia-126082000384_1.html,Capital Market,2026-08-20T05:49:45Z,shipping market,Unicommerce eSolutions rose 2.64% to Rs 89.12 after Urban Company's Middle East arm partnered with the company to manage its e-commerce operations in the United Arab Emirates and Saudi Arabia.,Business Standard,Unknown,Market Report,2026-08-21T12:51:09.243116Z
320ef59e92942df508005e0664cfef0e,Xiaomi Smart Band 11 Active makes early appearance and goes on sale in first markets,https://www.notebookcheck.net/Xiaomi-Smart-Band-11-Active-makes-early-appearance-and-goes-on-sale-in-first-markets.1373765.0.html,Silvio Werner,2026-08-20T05:43:00Z,shipping market,"The Xiaomi Smart Band 11 Active is now available for purchase. While not a full-fledged smartwatch replacement, the compact fitness tracker monitors key health metrics such as heart rate and blood oxygen saturation, offering up to 21 days of battery life.",Notebookcheck.net,Unknown,Market Report,2026-08-21T12:51:09.243153Z
b65c024ba4ae14ff860a15cc0ebb8c9b,Oil advances as Trump takes aim at Iran’s economy,https://www.irishtimes.com/business/markets/2026/08/20/oil-advances-as-trump-takes-aim-at-irans-economy/,Rong Wei Neo and Nicholas Lua,2026-08-20T05:38:32Z,shipping market,‘Economic warfare’ intended to crush Iran’s economy,The Irish Times,Unknown,News,2026-08-21T12:51:09.243183Z
bcfe6aa7887bc08fa54c23dbda60b15f,Chinese Refiners Snap Up Iraqi Oil as Gulf Supply Routes Fracture,https://finance.yahoo.com/energy/articles/chinese-refiners-snap-iraqi-oil-053000631.html,Irina Slav,2026-08-20T05:30:00Z,shipping market,Chinese refiners are increasing purchases of Iraqi crude as disruptions at the Strait of Hormuz and in the Red Sea complicate traditional Gulf oil supplies t...,Yahoo Entertainment,China,News,2026-08-21T12:51:09.243197Z
d6e7bfe3716af4742a705cea87aae062,I Used An AI Agent To Do My Back-To-School Shopping. It Was Easy. So Why Do I Feel Sad?,http://www.adexchanger.com/data-driven-thinking/i-used-an-ai-agent-to-do-my-back-to-school-shopping-it-was-easy-so-why-do-i-feel-sad/,Sarah Sluis,2026-08-20T04:35:35Z,shipping market,"Back-to-school shopping is one of my most treasured late-summer activities. When the school supply list came out as a kid, I would wait with anticipation until my mom could drive me to Office Max in her minivan. I’d spend as long as I could in the store delib…",AdExchanger,Unknown,News,2026-08-21T12:51:09.243244Z
797be3a795518edee3af06fd8b89ff44,Oil Price Today (August 20): Crude oil above $92/barrel as Trump vows ‘tremendous’ economic warfare on Iran,https://economictimes.indiatimes.com/markets/commodities/news/oil-price-today-august-20-crude-oil-above-92/barrel-as-trump-vows-tremendous-economic-warfare-on-iran/articleshow/133364055.cms,Debaroti Adhikary,2026-08-20T04:27:53Z,shipping market,"As tensions rise in the US-Iran conflict, oil prices remain steadfast above ninety-two dollars per barrel. Concerns loom over the security of shipping routes through the crucial Strait of Hormuz. While analysts predict a steady increase in oil prices amid ong…",The Times of India,Unknown,Market Report,2026-08-21T12:51:09.243292Z
b108c8a17a338a19f5657898aabb54fd,"Gulf oil producers drive tanker demand, pushing vessel prices higher: FT",https://cryptobriefing.com/gulf-oil-producers-drive-tanker-demand-pushing-vessel-prices-higher-ft/,Estefano Gomez,2026-08-20T04:09:29Z,shipping market,"Rising tanker demand from Gulf oil producers may elevate global shipping costs, potentially driving up oil prices and impacting economies.
The post Gulf oil producers drive tanker demand, pushing vessel prices higher: FT appeared first on Crypto Briefing.",Crypto Briefing,Global,Market Report,2026-08-21T12:51:09.243328Z
b1095da12a44b6061fed9811f41d9ef8,HUMAIN unveils Horizon Pro AI laptop built on Qualcomm’s Snapdragon X Elite,https://cryptobriefing.com/humain-horizon-pro-ai-pc-qualcomm/,Editorial Team,2026-08-20T03:50:49Z,shipping market,"Saudi Arabia's AI hardware push with HUMAIN's Horizon Pro could reshape regional tech landscapes, emphasizing Arabic AI capabilities and ARM-based processors.
The post HUMAIN unveils Horizon Pro AI laptop built on Qualcomm’s Snapdragon X Elite appeared first …",Crypto Briefing,Unknown,News,2026-08-21T12:51:09.243424Z
1faffcb7797defae515260a43606a7b8,Stock market today: GIFT Nifty signals positive start for Sensex and Nifty 50,https://timesofindia.indiatimes.com/business/india-business/sensex-stock-market-today-20-august-2026-live-updates-nse-bse-gift-nifty-50-top-gainers-losers-mcx-stocks-in-focus-market-news/liveblog/133362780.cms,The Times Of India,2026-08-20T03:02:45Z,shipping market,Indian stock markets head into Thursday's session with a mix of positive global cues and continuing domestic concerns. The immediate focus is on the,The Times of India,India,Market Report,2026-08-21T12:51:09.243440Z
4d579da5d1bd152868e21cfff3833d59,Oil price today: Brent crude remains above $90 per barrel as Hormuz operations remain disrupted,https://timesofindia.indiatimes.com/business/international-business/oil-price-today-brent-crude-remains-above-90-per-barrel-as-hormuz-operations-remains-disrupted/articleshow/133361820.cms,TOI Business Desk,2026-08-20T02:08:09Z,shipping market,"Oil prices have settled at elevated levels, staying above ninety dollars per barrel. Investors are weighing the unpredictable US-Iran situation and the potential impacts on shipping routes through the Strait of Hormuz. While intermittent Middle East assaults …",The Times of India,Unknown,Market Report,2026-08-21T12:51:09.243543Z
e15ae7bec47772a9c5a64d7d2ee2d1cd,Oil prices steady as investors assess US-Iran war outlook,https://economictimes.indiatimes.com/markets/commodities/news/oil-prices-steady-as-investors-assess-us-iran-war-outlook/articleshow/133361786.cms,Reuters,2026-08-20T01:56:25Z,shipping market,Oil prices stabilized as market participants evaluated the potential implications of the ongoing U.S.-Iran conflict. Shipping activity in the Strait of Hormuz faced disruptions due to rising tensions in the region. Last week's data revealed an increase in cru…,The Times of India,Unknown,Analysis/Opinion,2026-08-21T12:51:09.243582Z
fb1b3259a5899ea7157e3e14eab33727,BP Just Returned to Venezuela. Brilliant Bet or a Big Mistake?,https://finance.yahoo.com/energy/articles/bp-just-returned-venezuela-brilliant-011123057.html,Sultan Khalid,2026-08-20T01:11:23Z,shipping market,"A Bloomberg report on August 18 revealed that BP plc (NYSE:BP) has become the latest foreign company to enter the Venezuelan oil trade, with the tanker Monte...",Yahoo Entertainment,Unknown,Market Report,2026-08-21T12:51:09.243634Z
2756164aeb8823e6a502242a90433ac2,Union Pacific (UNP) Reported a $91M Fuel Surcharge Surplus. Could That Hurt its Norfolk Southern Deal?,https://finance.yahoo.com/markets/stocks/articles/union-pacific-unp-reported-91m-001015544.html,Jeff Lewis,2026-08-20T00:10:15Z,shipping market,"Union Pacific Corporation (NYSE:UNP) reported $91.1 million more in fuel-surcharge revenue than in fuel cost during the second quarter, according to its Surf...",Yahoo Entertainment,USA,Market Report,2026-08-21T12:51:09.243681Z
d4de377ed62faaf718c919834629d5ce,Your Dollar Is About to Lose Half Its Buying Power — And the National Debt Just Hit $40 Trillion,https://offgridsurvival.com/your-dollar-is-about-to-lose-half-its-buying-power-and-the-national-debt-just-hit-40-trillion/,OFFGRID Survival,2026-08-19T23:59:17Z,shipping market,"Your Dollar Is About to Lose Half Its Buying Power — And the National Debt Just Hit $40 Trillion
Economic Collapse Update: The U.S. dollar is now worth roughly half what it was 25 years ago, while the national debt hits $40 trillion. Here’s how to prepare for…",Offgridsurvival.com,Unknown,News,2026-08-21T12:51:09.243830Z
1f217f8966bcbe883ad34996ee6523f5,Trump announces most severe economic action against Iran,https://cryptobriefing.com/trump-announces-most-severe-economic-action-against-iran/,Estefano Gomez,2026-08-19T23:04:01Z,shipping market,"The intensified economic measures could hinder diplomatic progress, reducing the likelihood of a U.S.-Iran deal and reconstruction funding.
The post Trump announces most severe economic action against Iran appeared first on Crypto Briefing.",Crypto Briefing,Unknown,News,2026-08-21T12:51:09.243868Z
d432f7b44d7ff4de99fdea00d3038ea8,"Amazon isn’t giving up on Jeff Bezos’ drone deliveries dream—and after 13 years of turbulence, the momentum is finally shifting",https://fortune.com/article/amazon-isnt-giving-up-on-jeff-bezos-drone-deliveries-dreamand-after-13-years-of-turbulence-the-momentum-is-finally-shifting/,Sebastian Herrera,2026-08-19T22:38:55Z,shipping market,"The e-commerce giant announced it is expanding drone delivery to nearly 500 U.S. cities and towns by the end of this year, a sixfold increase from its current capabilities.",Fortune,Unknown,News,2026-08-21T12:51:09.243940Z
647940967ccb022010b720521d0aa595,"Iran attacks Dubai’s Jebel Ali port amid 2026 conflict with US, Israel",https://cryptobriefing.com/iran-attacks-dubais-jebel-ali-port-amid-2026-conflict-with-us-israel/,Estefano Gomez,2026-08-19T22:17:46Z,shipping market,"The attack exacerbates regional instability, threatens economic ties, and raises concerns about Iran's regime stability and future geopolitical dynamics.
The post Iran attacks Dubai’s Jebel Ali port amid 2026 conflict with US, Israel appeared first on Crypto …",Crypto Briefing,Unknown,News,2026-08-21T12:51:09.243989Z
c640775e4c6c9b491ceadc449d957037,Iran-US tensions keep oil prices elevated amid Strait of Hormuz concerns,https://cryptobriefing.com/iran-us-tensions-keep-oil-prices-elevated-amid-strait-of-hormuz-concerns/,Estefano Gomez,2026-08-19T22:13:37Z,shipping market,"Heightened Iran-US tensions could disrupt global oil supply chains, influencing market stability and economic forecasts worldwide.
The post Iran-US tensions keep oil prices elevated amid Strait of Hormuz concerns appeared first on Crypto Briefing.",Crypto Briefing,Global,Analysis/Opinion,2026-08-21T12:51:09.244023Z
0885e665eaeb6d8fe6790748f2440c76,FLEX LNG Ltd. Q2 2026 Earnings Call Summary,https://app.moby.co/home/research/tools/earningsCalendar/earnings-flex-lng-ltd-q2-2026-earnings-call-summary?utm_source=yahoo_finance&amp;utm_medium=rss,Moby Intelligence,2026-08-19T21:01:03Z,shipping market,Moby summary of FLEX LNG Ltd.'s Q2 2026 earnings call,Moby.co,Unknown,News,2026-08-21T12:51:09.244081Z
3cbe939c791977155e8523b653e2ff70,"Clarksons gets more bullish on D/S Norden, upgrades shares",https://www.thefly.com/dpbsf,,2026-08-19T20:41:44Z,shipping market,"See the rest of the story here.

thefly.com provides the latest financial news as it breaks. Known as a leader in market intelligence, The Fly's real-time, streaming news feed keeps individual investors, professional money managers, active traders, and corpor…",Thefly.com,Unknown,Market Report,2026-08-21T12:51:09.244138Z
b9ac9968bb47e96d9178dbc6013ca8cf,The Rocket Is Only 1 Piece of Rocket Lab’s Real Strategy,https://www.barchart.com/story/news/3937160/the-rocket-is-only-1-piece-of-rocket-labs-real-strategy,Sushree Mohanty,2026-08-19T20:15:36Z,shipping market,"Rocket Lab wants to build, launch, operate, and eventually provide services through satellites, not just sell rockets.",Barchart.com,Unknown,News,2026-08-21T12:51:09.244212Z
b7cf1b03c0331322c3a87b976c85fbfe,$100 Diesel Cracks Signal a Much Tighter Oil Market Than Brent Suggests,https://oilprice.com/Energy/Energy-General/100-Diesel-Cracks-Signal-a-Much-Tighter-Oil-Market-Than-Brent-Suggests.html,Tsvetana Paraskova,2026-08-19T20:00:00Z,shipping market,"The oil market has remained complacent for months amid the worst disruption in global supply, with crude oil futures rarely topping $100 per barrel over the six months in which tanker traffic at the Strait of Hormuz is a trickle compared to pre-war levels. Wh…",OilPrice.com,Global,Market Report,2026-08-21T12:51:09.244295Z
29c35372d1c36e43181470fe1b2ac62c,$100 Diesel Cracks Signal a Much Tighter Oil Market Than Brent Suggests,https://finance.yahoo.com/energy/articles/100-diesel-cracks-signal-much-200000054.html,Tsvetana Paraskova,2026-08-19T20:00:00Z,shipping market,"Diesel prices could climb further this autumn, adding inflation pressure as seasonal demand rises.",Yahoo Entertainment,Unknown,Market Report,2026-08-21T12:51:09.244323Z
837be0eeab3f169f6f7b3409e5134869,US military establishes oil shipping corridor through Strait of Hormuz amid ongoing Iranian threats,https://cryptobriefing.com/us-military-oil-corridor-strait-hormuz/,Editorial Team,2026-08-19T19:41:08Z,shipping market,"The US military's intervention highlights geopolitical tensions impacting global oil supply, potentially influencing energy markets and prices.
The post US military establishes oil shipping corridor through Strait of Hormuz amid ongoing Iranian threats appear…",Crypto Briefing,Global,Market Report,2026-08-21T12:51:09.244368Z
7591462261cdff8460cfd1f09d710c03,"Seel, Which Manages $6 Billion Of GMV Annually, Launches Resale",https://www.forbes.com/sites/sharonedelson/2026/08/19/seel-which-manages-6-billion-of-gmv-annually-launches-resale/,"Sharon Edelson, Senior Contributor, 
 Sharon Edelson, Senior Contributor
 https://www.forbes.com/sites/sharonedelson/",2026-08-19T17:31:30Z,shipping market,"Seel, an AI-driven operations platform for commerce, today launched a new resale capability within its order center that allows shoppers to recover value from their gently used clothes when they’re no longer eligible for a return or refund from the retailer o…",Forbes,Unknown,News,2026-08-21T12:51:09.244588Z
1831da1c9e3213008a68713864882f0f,Hapag-Lloyd’s Zim Takeover Hits Regulatory Headwinds,https://gcaptain.com/hapag-lloyds-zim-takeover-hits-regulatory-headwinds/,The Loadstar,2026-08-19T16:03:41Z,shipping market,Forwarders have backed the objections of Brazilian authorities and Israeli legislators in questioning the looming Hapag-Lloyd acquisition of Zim – pushback against more consolidation within liner shipping.,gcaptain.com,Brazil,News,2026-08-21T12:51:09.244647Z
39afbc3a8675fd5222b3bdcf8b2b1a4f,I tried the Fairphone 6+ and - hoo boy! - this repairable phone could be the one,https://www.zdnet.com/article/repairable-phones-finally-hit-the-us-market/,Jack Wallen,2026-08-19T15:53:08Z,shipping market,"Fairphone is finally selling its latest model in the US. The $649 handset has 12 swappable parts, and a replacement battery is only $40. This is truly the Goldilocks of Android phones.",ZDNet,Unknown,News,2026-08-21T12:51:09.244728Z
4c2e094f4db5de43d436d4e913bf67fb,"‘Ghoulish’: Harvard paying $53 million for selling ‘heads, faces, brains and hands’ from corpses on black market",https://www.wnd.com/2026/08/ghoulish-harvard-paying-53-million-selling-heads-faces/,Bob Unruh,2026-08-19T15:41:44Z,shipping market,'One horrifying example provided skin to a buyer so it could be tanned into leather and bound into a book',Wnd.com,Unknown,Market Report,2026-08-21T12:51:09.244776Z
ad979b14bc476b965478d4a40e6e8f80,Oil prices hit three-week high on uncertainty over Strait of Hormuz,https://www.business-standard.com/world-news/oil-prices-hit-three-week-high-on-uncertainty-over-strait-of-hormuz-126081901178_1.html,Reuters,2026-08-19T14:09:36Z,shipping market,"Brent crude futures climbed 54 cents, or 0.59%, to $91.56 by 1157 GMT, while US West Texas ‌Intermediate crude futures were up 59 cents, or 0.69%, ​to $85.53 a barrel.",Business Standard,Unknown,Market Report,2026-08-21T12:51:09.244811Z
99d703796a2361cfef8508f53201e5d4,Headed for the Exit: the Great Engineering Leader Career Break,https://newsletter.pragmaticengineer.com/p/the-great-engineering-leader-career-break,Gergely Orosz,2026-08-19T13:33:52Z,shipping market,"In my ~20 years in this industry, I’ve not seen as many capable engineering leaders opting out or taking prolonged breaks as now, with some high-ranking engineering leaders – CTOs, VPs of Engineering, heads of engineering, etc. – quitting their high-status ro…",Pragmaticengineer.com,Unknown,News,2026-08-21T12:51:09.244948Z
723710b100c36072dccdcd8a8cf88aae,"Xsolla Introduces Integrated Backend and Global Payment Solutions for Games, With Founding Partner AccelByte",https://financialpost.com/pmn/business-wire-news-releases-pmn/xsolla-introduces-integrated-backend-and-global-payment-solutions-for-games-with-founding-partner-accelbyte,Business Wire,2026-08-19T13:03:10Z,shipping market,"Game Developers Can Now Apply For Early Access To The Integrated Solution Ahead Of Launch LOS ANGELES — Xsolla, a global video game commerce company, today introduced integrated backend solutions for game developers through a founding partnership with AccelBy…",Financial Post,Global,News,2026-08-21T12:51:09.244997Z
931a3c5aa94157de677dcb5dec01407e,FS Expands Canadian Operations with Local Service Center and Dedicated Canadian Website,https://financialpost.com/pmn/business-wire-news-releases-pmn/fs-expands-canadian-operations-with-local-service-center-and-dedicated-canadian-website,Business Wire,2026-08-19T13:02:28Z,shipping market,"TORONTO, Ontario — FS Canada, a global network infrastructure provider, has expanded its Canadian operations with a local service center in Toronto and a dedicated Canadian website offering localized ordering and shipping capabilities. Operated by FS INNOVATI…",Financial Post,Global,News,2026-08-21T12:51:09.245047Z
e252d5c28d021592567ea0b3e5ee64a6,ESW appoints Carl Cowling as CEO to lead next phase of global growth,https://www.prnewswire.com/news-releases/esw-appoints-carl-cowling-as-ceo-to-lead-next-phase-of-global-growth-302855222.html,,2026-08-19T12:45:00Z,shipping market,"DUBLIN, Aug. 19, 2026 /PRNewswire/ -- ESW, the international growth engine for ambitious brands, today announced the appointment of Carl Cowling as Chief Executive Officer. Cowling will take up the role in early September as ESW begins its next phase of susta…",PRNewswire,Global,News,2026-08-21T12:51:09.245144Z
793af401b28b6582612b15e54601f7cb,Framework Claims Up To 70% Increase In Battery Life As It Transitions To Intel Wildcat Lake For Laptop 12,https://wccftech.com/framework-claims-up-to-70-increase-in-battery-life-as-it-transitions-to-intel-wildcat-lake-for-laptop-12/,Sarfraz Khan,2026-08-19T12:37:00Z,shipping market,"The company has switched to the newer Intel Core Series 3 processors for superior battery life, starting at just $549. Framework Laptop 12 Gets New Configurations With Intel Core Series 3 Wildcat Lake Processors, Starting at $549 Popular laptop manufacturer F…",Wccftech,Unknown,News,2026-08-21T12:51:09.245239Z
93e7ffd54c608359bab253b58835dc3e,"Velaura raises $110mn to sell AI chips that cut the power bill, not the clock speed",https://thenextweb.com/news/velaura-ai-110m-series-a-low-power-chip,Cristian Dina,2026-08-19T12:31:11Z,shipping market,"A chip startup that promises to cut the power AI uses has raised $110mn and crossed a $1bn valuation. Velaura AI, based in Santa Clara, announced the Series A round on Tuesday. The company said in a statement that it builds ultra-low-power silicon and softwar…",The Next Web,Unknown,News,2026-08-21T12:51:09.245314Z
bd1415e8f58875bbb129f30e2860e436,"Audi’s China-only EVs are coming to Europe, and they cost less than local models",https://thenextweb.com/news/audi-e5-e7x-china-parallel-import-germany-pricex,Darius Popa,2026-08-19T12:10:25Z,shipping market,"A German company is importing Audi’s China-only E5 Sportback and E7X, models Audi never intended to sell in Europe, and registering them for road use. Even after shipping and homologation they undercut Audi’s European-built equivalents by thousands of euros. …",The Next Web,China,News,2026-08-21T12:51:09.245367Z
b6bc1d7561ce658e7249a30a260fc08f,Check what to report for EPR for packaging as a large producer,https://www.gov.uk/guidance/check-what-to-report-for-epr-for-packaging-as-a-large-producer,,2026-08-19T12:10:13Z,shipping market,This guidance explains your reporting responsibilities as a large producer under extended producer responsibility (EPR) for packaging. It explains how to identify what data you must report and understand which obligations do not apply to you.,Www.gov.uk,Unknown,Market Report,2026-08-21T12:51:09.245403Z
77068839d2f191962fc13693f39b3190,Oil India may offer higher upside than ONGC as crude prices stay elevated,https://www.business-standard.com/markets/news/oil-india-may-offer-higher-upside-than-ongc-as-crude-prices-stay-elevated-126081900990_1.html,Devangshu Datta,2026-08-19T12:05:32Z,shipping market,"Elevated crude prices amid West Asia tensions could boost ONGC and Oil India earnings, with the latter offering greater upside on stronger production growth",Business Standard,India,Market Report,2026-08-21T12:51:09.245419Z
961a134d8a95e8b9436f1cfc82debb15,"Samsung's fab roadmaps examined — Taylor, Pyeongtaek, and the yield woes behind a $16.5 billion Tesla deal",https://www.tomshardware.com/tech-industry/samsungs-fab-roadmap-examined,Luke James,2026-08-19T12:00:00Z,shipping market,"Divided across two countries and four campuses, Samsung's fab roadmap runs from the Korean bases at Pyeongtaek, Hwaseong, and Giheung to the new U.S. site at Taylor.",Tom's Hardware UK,South Korea,News,2026-08-21T12:51:09.245481Z
835c91b459ab6aa9af0a6f0f7a4d21ba,Murena Just Made The Fairphone (Gen. 6) Better!,https://itsfoss.com/news/murena-fairphone-6-plus/,Sourav Rudra,2026-08-19T11:53:09Z,shipping market,A new variant of the modular smartphone now offers 12GB of RAM and a Snapdragon 7s Gen 4 upgrade.,Itsfoss.com,Unknown,News,2026-08-21T12:51:09.245509Z
32a5a5e77ae905bc06fe83b5aeda552f,Harvard to pay $53M in suit over selling donated corpses on black market,https://nypost.com/2026/08/19/us-news/harvard-to-pay-53m-in-suit-over-selling-donated-corpses-on-black-market/,Chris Nesi,2026-08-19T11:46:15Z,shipping market,"The stolen body parts included ""heads, faces, brains, skin and hands.""",New York Post,Unknown,Market Report,2026-08-21T12:51:09.245536Z
cee7b94a8fa72f568025db28162555c3,China’s Unitree soars in market debut as investors bet on humanoid robots,https://www.aljazeera.com/economy/2026/8/19/chinas-unitree-soars-in-market-debut-as-investors-bet-on-humanoid-robots,John Power,2026-08-19T11:40:52Z,shipping market,Unitree shares surge as much as 620 percent amid enthusiasm for burgeoning field of human-like robots.,Al Jazeera English,China,Market Report,2026-08-21T12:51:09.245548Z
68dcd5b54f7cb1860075bc6f568ee27e,Chinese Refiners Snap Up Iraqi Oil as Gulf Supply Routes Fracture,https://oilprice.com/Latest-Energy-News/World-News/Chinese-Refiners-Snap-Up-Iraqi-Oil-as-Gulf-Supply-Routes-Fracture.html,Irina Slav,2026-08-20T05:30:00Z,Suez Canal,"Chinese refiners are buying Iraqi crude, with recent purchases of 8 million barrels of Basrah Heavy and Basrah Medium for prompt delivery, Bloomberg has reported, citing unnamed traders. Oil has continued flowing via the Strait of Hormuz—Iraq’s main export ch…",OilPrice.com,China,Market Report,2026-08-21T12:51:09.661955Z
566f0a1c41f02ebed8d3edb47362f510,Traumatic brain injury outcomes across human development index strata in 29 countries,https://www.nature.com/articles/s41591-026-04600-6,"Joseph G. Nugent, Hao Tan, Brittany Stedelin, Caleb S. Nerison, Zoe E. Teton, Saud K. Zaidan, Andreas K. Demetriades, Adam A. Dmytriw, Megan E. H. Still, Hazem S. Ghaith, Claire Zeigler, Barbara Lazio, Ahmed Negida, Ahmed M. Raslan, Amina Arar, Nesrine Aouabed, Sudipta Kumer Mukherjee, Michael D. Cusimano, Abdelhakim Khellaf, Ignatius N. Esene, Enow Awah Georges Stevens, Wenjin Chen, Ivan D. Lozada-Martinez, Luis Rafael Moscote-Salazar, Arsene Daniel Nyalundja, Dalia Kamal, Walid Ali, Hazem Kholy, Says Zazoa, Ahmed Kamel Basha, Ahmed K. Awad, Merihan A. Elbadawy, Khadiga Omar Abdelhamid, Walid Abdel Ghany, Abdelrahman Gad, Abdelrahman Farag Mohamed, Yara Y. Abdelwahab, Andrew Boshra, Amir N. Attia, Mohamed Abdel-Maboud, Hassan Mustafa, Mazen A. Refaat, Gad Sayed Gad, Hossam Tharwat Ahmed Ali, Ziad Ashraf Soliman, Ahmed Y. Azzam, Mohammed A. Azab, Mohamed Sabra, Eshak Bahbah, Amr Elwany, Abdelrahman Abdelaal, Mohamed Shemeis, Mohamed Soliman, Hebatullah Rozza, Youssef Zakaria, Yousef Tanas, Yomna E. Dean, Shaher Shokralla, Ahmed Nafea, Ahmed Mohamed, Reem Elzeny, Abdelrahman Mahmoud Yehia, Mahmoud Mohammad Saad, Ali Ashraf, Dina Abdelazim Ghoraba, Mohamed Atef Mohamed, Manar Ashraf Saleem, Ayah Mohamed Elbardisy, Ahmed Taher Ramadan, Mariyam Motaz Almahdy, Abdulrahman Mohammed Shousha, Zeyad Ahmed Abdulmonem, Ghadi Kamal Khezahi, Mohamed Samir El Molla, Andrew Gamal Soubhy, Mooaz Mohamed Zakrya, Mirna Tarek, Abdelrahman Ahmed Anter, Esraa Amgad Moawad, Alaa Ghamry Abd El Latif, Ahmed Mohamed Aboelkasem, Omar Reda Ali, Abeer Ghoraba, Abdulrahman Sharawi, Asmaa Hassan, Rawan Atef Mohammed, Ahmed Ramadan Gamil, Mohamed Ashraf Abouzekry, Mohamed Mahmoud Fathi, Youssef Mohammed Hussien, Sameh Mohamed Sorour, Basma Ahmed Zahran, Kyrillos Nassim, Mohamed Badran, Basem I. Awad, Reem Elsaadany, Ahmed Abdelwahab, Ahmed Balash, Reem Abdelwahab, Hanady Mohammed Elfeky, Abdelrahman Amin Mahmoud, Sara Wagdy Konswa, Salma Elnoamany, Amr Shaheen, Esraa Mohammed Shaltout, Ahmed Hafe…",2026-08-19T00:00:00Z,Suez Canal,"The Global Neurosurgical Study-1 (GNS-I), conducted across 100 hospitals in 29 countries, found substantial variation in the causes of traumatic brain injury and in associated mortality outcomes across Human Development Index tiers.",Nature.com,Global,Market Report,2026-08-21T12:51:09.662103Z
e60673fa991475dfbe83d9e955788fd7,Every Historic Event in Billy Joel’s 1989 Hit ‘We Didn’t Start the Fire’ Explained,https://freerepublic.com/focus/f-chat/4392249/posts,Far Out Magazine,2026-08-18T20:02:29Z,Suez Canal,"For some reason, this might come as a shock to many people, but Billy Joel’s ‘We Didn’t Start the Fire’ is a fantastic song. To this day, it remains one of the most inventive to ever top the charts in both the UK and the US. Alas, it is still maligned in many…",Freerepublic.com,Unknown,News,2026-08-21T12:51:09.662178Z
bb18cc1ec449847ff1be6e532b0ca747,Russia’s Oil-Flow Slump Deepens as Ukraine Threatens Key Port,https://finance.yahoo.com/energy/articles/russia-oil-flow-slump-deepens-140106789.html,Julian Lee,2026-08-18T14:01:06Z,Suez Canal,Shipments fell for a fifth week with no crude loading from the key Novorossiysk oil terminal in the seven days to Aug. 16,Yahoo Entertainment,Russia,News,2026-08-21T12:51:09.662201Z
05db577fa453c62bd7a7d1fc0885cd19,Russia takes Indian student to North Pole on icebreaker,https://www.rt.com/india/644353-indian-student-north-pole/,RT,2026-08-18T11:54:59Z,Suez Canal,"Indian student Lucky Rawat travelled to the North Pole as part of an international student expedition, organized by Russia’s Rosatom, aboard a Russian nuclear icebreaker.",RT,India,News,2026-08-21T12:51:09.662225Z
3f5e7917e45420cb25f711208ab37f4e,Houthis Claim Third Attack on Saudi Aramco Refinery in Two Weeks,https://oilprice.com/Latest-Energy-News/World-News/Houthis-Claim-Third-Attack-on-Saudi-Aramco-Refinery-in-Two-Weeks.html,Tsvetana Paraskova,2026-08-18T10:30:00Z,Suez Canal,"The Iran-aligned Houthi group on Tuesday claimed it had targeted Saudi Aramco’s Jazan oil refinery on Red Sea coast in southwest Saudi Arabia, in what was the third Houthi attack at the facility in the past two weeks, amid escalating hostilities in the region…",OilPrice.com,Unknown,News,2026-08-21T12:51:09.662275Z
b93aaec7c0d40d81ff6efb9742194b60,Can China’s new Arctic Sea route to Europe replace Middle East chokepoints?,https://www.aljazeera.com/news/2026/8/18/can-chinas-new-arctic-sea-route-to-europe-replace-middle-east-chokepoints,Priyanka Shankar,2026-08-18T06:28:31Z,Suez Canal,"Beijing's new 'Ice Silk Road' cuts through a melting Arctic, and could prompt fresh tensions with the US, say analysts.",Al Jazeera English,China,News,2026-08-21T12:51:09.662292Z
c144b28c659b79f0974fc37c1211f366,Boosting connectivity with Russia: India plans to send first cargo ship along Northern Sea Route in 2027,https://economictimes.indiatimes.com/news/economy/foreign-trade/boosting-connectivity-with-russia-india-plans-to-send-first-cargo-ship-along-northern-sea-route-in-2027/articleshow/133309986.cms,Dipanjan Roy Chaudhury,2026-08-18T02:51:26Z,Suez Canal,India plans its first cargo ship voyage along the Northern Sea Route next year. Russia's Arkhangelsk region is discussing economic potential and collaboration with New Delhi. Opportunities include shipbuilding and utilizing port facilities for cargo movement.…,The Times of India,India,News,2026-08-21T12:51:09.662322Z
5b3f8e7b64955fc4e5a33fc3bd29a65b,Sinai Desert Excavations Reveal New Information About Site’s Strategic Importance in Ancient Egypt,https://www.artnews.com/art-news/news/tel-abu-saify-excavations-masen-revelation-ancient-egypt-1234795111/,Lmiller,2026-08-17T21:21:36Z,Suez Canal,"Researchers working at Tel Abu Saify, an archaeological site in Egypt, have uncovered new evidence linking the site to a lost city known as Masen.",ARTnews,Egypt,News,2026-08-21T12:51:09.662401Z
9709c7a050e702df1707e3b781b1e4ad,Victor Davis Hanson: What Is Actually Happening in Iran,https://www.dailysignal.com/2026/08/17/hanson-happening-in-iran/,Al Perrotta,2026-08-17T21:00:00Z,Suez Canal,"Editor’s note: This is a lightly edited transcript of today’s video from Daily Signal senior contributor Victor Davis Hanson. Subscribe to our YouTube channel to see more of his videos. Hello, this is Victor Davis Hanson for The Daily Signal.   What’s going o…",Daily Signal,Unknown,Market Report,2026-08-21T12:51:09.662444Z
d14618f148b259136c1c5cb474d53329,War and Drought Are Choking the World’s Most Vital Trade Routes,https://oilprice.com/Energy/Energy-General/War-and-Drought-Are-Choking-the-Worlds-Most-Vital-Trade-Routes.html,Kurt Cobb,2026-08-17T18:00:00Z,Suez Canal,"Since early March, a previously obscure waterway between Iran and Oman that very few people could name has become the subject of daily reporting around the world after Iran closed it in response to the attack on Iran by the United States and Israel. The Strai…",OilPrice.com,USA,Market Report,2026-08-21T12:51:09.662471Z
ffc5f5f25111baf6ebcf0985b50b4d59,Global warming brings invasive species to the Mediterranean Sea,https://richmond.com/news/nation-world/science/article_4352a1b1-8d4d-52bd-9007-48e823598ba1.html,MICHELE KAMBAS and RENEE MALTEZOU Reuters,2026-08-17T17:30:00Z,Suez Canal,"The Mediterranean Sea has seen a surge in non-indigenous species, now exceeding 1,000, driven by climate change and easier access via the Suez Canal, disrupting native biodiversity and posing economic challenges for local fisheries and marine habitats.",Richmond.com,Egypt,News,2026-08-21T12:51:09.662507Z
06731d81f0ccfe014d6283ced396dfad,Why Canada is effectively shutting down its 70-year peacekeeping legacy,https://theconversation.com/why-canada-is-effectively-shutting-down-its-70-year-peacekeeping-legacy-289466,"Eugene Lang, Assistant Professor, Public Administration, Queen's University, Ontario",2026-08-17T15:35:54Z,Suez Canal,The Canadian Defence Department’s recent announcement that it’s scaling back peacekeeping missions marks the final step in the triumph of one national peacekeeping mythology over another.,The Conversation Africa,Unknown,News,2026-08-21T12:51:09.662552Z
77dc114e2aba3f247e4decd6b87fde15,"Mecca alliance between Turkey, Saudi Arabia and Pakistan creates new challenges for Greek foreign policy",https://en.protothema.gr/2026/08/17/mecca-alliance-between-turkey-saudi-arabia-and-pakistan-creates-new-challenges-for-greek-foreign-policy/,admin,2026-08-17T09:43:09Z,Suez Canal,"Greek diplomacy faces mounting pressure as Turkey, Saudi Arabia and Pakistan deepen ties, Riyadh weighs new US security guarantees, and Athens works to protect the East Med Act and IMEC corridor amid Israel's regional isolation
The post Mecca alliance between…",Protothema.gr,Turkey,News,2026-08-21T12:51:09.662594Z
c81e0c2f61f5802ef5dbae386860481c,China starts first regular container service through Arctic: Why it matters,https://www.business-standard.com/world-news/china-starts-first-regular-container-service-through-arctic-why-it-matters-126081700635_1.html,Akshita Singh,2026-08-17T09:21:01Z,Suez Canal,"China-Europe Arctic Express: The service, officially called the China-Europe Arctic Express and branded by the Chinese carrier as the 'Ice Silk Road', will sail along Russia's Northern Sea Route",Business Standard,China,News,2026-08-21T12:51:09.662610Z
53725657fdffe45b6b3b538215fa92fe,China establishes first scheduled transit through Arctic’s northern sea route,https://cryptobriefing.com/china-arctic-northern-sea-route-shipping/,Editorial Team,2026-08-17T00:18:59Z,Suez Canal,"China's Arctic shipping route could reshape global trade dynamics, raising geopolitical tensions and environmental concerns in fragile ecosystems.
The post China establishes first scheduled transit through Arctic’s northern sea route appeared first on Crypto …",Crypto Briefing,China,News,2026-08-21T12:51:09.662665Z
ebb561b3dc537dff9bef398188d201ff,"Chinese container vessel sails to Europe via Arctic, cutting shipment times in half",https://economictimes.indiatimes.com/news/international/world-news/chinese-container-vessel-sails-to-europe-via-arctic-cutting-shipment-times-in-half/articleshow/133281803.cms,AFP,2026-08-16T19:43:18Z,Suez Canal,"A Chinese container vessel has begun a new weekly service to Europe. This route through the Arctic significantly cuts shipment times in half. The ""Dubai Tower"" vessel departed Ningbo on Saturday evening heading north. It is expected to reach the United Kingdo…",The Times of India,China,Market Report,2026-08-21T12:51:09.662683Z
fc7dfdfc25aa3c359a086158fc070dfd,Bab el-Mandeb Strait faces growing threat as Houthi attacks raise fears of a second Hormuz,https://www.foxnews.com/world/bab-el-mandeb-strait-faces-growing-threat-houthi-attacks-raise-fears-second-hormuz,,2026-08-16T13:53:38Z,Suez Canal,"Iran-backed Houthis exploit Yemen's fractured state to threaten Bab el-Mandeb, raising fears it could become a second Strait of Hormuz choke point.",Fox News,Unknown,News,2026-08-21T12:51:09.662756Z
9a6d6ddfd2f64328b5271870d4e6c635,A New Game of Monopoly: Middle Eastern Pipelines Cannot Replace the Strait of Hormuz,https://www.fairobserver.com/economics/a-new-game-of-monopoly-middle-eastern-pipelines-cannot-replace-the-strait-of-hormuz/,James M. Dorsey,2026-08-16T13:06:26Z,Suez Canal,Middle Eastern pipelines would make for an exciting 21st-century updated game of Monopoly or Risk. Pipelines are the currency of the region’s latest efforts to rethink energy security and reduce Gulf state and Iraqi dependence on the embattled Strait of Hormu…,Fair Observer,Unknown,News,2026-08-21T12:51:09.662828Z
41665c07f8abdcc8f3421ba6f9e77788,The post-Hormuz era offers Africa a great opportunity,https://www.aljazeera.com/opinions/2026/8/16/the-post-hormuz-era-offers-africa-a-great-opportunity,Rafael Shikhani,2026-08-16T10:09:32Z,Suez Canal,"But to capture its benefits, the continent needs to develop an effective, common maritime policy.",Al Jazeera English,Unknown,News,2026-08-21T12:51:09.662864Z
ddd935162fc014c0c6160b6fd1207a83,Beijing’s Voyage Through Frozen Waters Could Change Shipping Forever,https://dailycaller.com/2026/08/15/china-shipping-route-arctic-sea-legend-line,Francis Kapper,2026-08-15T15:02:16Z,Suez Canal,"As the U.S. tries to dominate global shipping, China is moving to circumvent recent U.S. advances by moving its shipping through the Arctic.",The Daily Caller,China,News,2026-08-21T12:51:09.662927Z
996f5fffc44c85aa1c4cc8f49a164588,"Saudi Arabia, Turkiye and the UAE are looking to Africa",https://www.abc.net.au/news/2026-08-15/africa-pakistan-turkiye-saudi-arabia-mecca-pact-egypt-djibouti/107037396,Laura Tingle,2026-08-14T19:00:00Z,Suez Canal,"The expansion of strategic ambitions by Saudi Arabia, Turkiye and the UAE into Africa show just how quickly global forces are shifting.",ABC News (AU),Global,News,2026-08-21T12:51:09.663040Z
cea3d66710ed91da0b00c245d04a8aae,"Maersk brings back another shipping service through Suez, but wider return remains distant",https://biztoc.com/x/4abbd7185d81167d,finance.yahoo.com,2026-08-14T15:39:29Z,Suez Canal,"Shipping companies Maersk and Hapag-Lloyd moved another major Asia–Europe container service through the Suez Canal, marking a further step in the gradual return of shipping to the route.
The AE19 service, operated jointly under the companies' Gemini Cooperati…",Biztoc.com,Egypt,News,2026-08-21T12:51:09.663082Z
c7e15994e91451d90c56fe1037405c1e,"Maersk returns another Asia-Europe service through Suez, but wider return remains distant",https://biztoc.com/x/73235b1d7335e302,euronews.com,2026-08-14T13:49:53Z,Suez Canal,"The latest move is part of a cautious return to the Suez Canal, with four Maersk services switching back since early July, the most recent in mid-August, while nine others continue to sail around Africa.",Biztoc.com,Egypt,News,2026-08-21T12:51:09.663115Z
ba56c77e0cfd896b3cbc43d5b5f1703e,Russia’s Arkhangelsk exploring Arctic route prospects with India – governor,https://www.rt.com/india/644246-arkhangelsk-india-arctic-route/,RT,2026-08-14T10:20:34Z,Suez Canal,"Arkhangelsk is discussing NSR opportunities with India, including building ships and using its ports for trade, its governor said Read Full Article at RT.com",RT,India,News,2026-08-21T12:51:09.663178Z
411e7e8de0a2c50f885ed50c42208727,"REVEALED: The 6,000-mile odyssey of the mega-dinghies made in China, by SUE REID",https://www.dailymail.com/news/article-16050983/mega-dinghies-China-odyssey-Sue-Reid.html,Sue Reid,2026-08-14T00:00:46Z,Suez Canal,The monster boat that carried 230 illegal migrants to our shores this week is now rolled up like a farmer's hay bale at a Government warehouse not far from Britain's south coast...,Dailymail.com,China,News,2026-08-21T12:51:09.663218Z
c72aafbba39d24dda4c5862cd96788e2,"U.S. Considers Tariff Cuts on Metals, Autos in Canada Deal",https://biztoc.com/x/4bdad9db74dd5f4f,wsj.com,2026-08-20T11:12:38Z,Panama Canal,Plus: CK Hutchison launches arbitration in dispute over Panama Canal ports; Amazon plans to extend Prime Air drone deliveries.,Biztoc.com,Panama,News,2026-08-21T12:51:10.086554Z
afc2066b5710861732e8e547fff01757,CK Hutchison Seeks $1.5 Billion for Loss of Panama Assets,https://gcaptain.com/ck-hutchison-seeks-1-5-billion-for-loss-of-panama-assets/,Bloomberg,2026-08-20T10:51:09Z,Panama Canal,"CK Hutchison Holdings Ltd. commenced international arbitration proceedings against Panama, seeking more than $1.5 billion in damages over the loss of its investments in two ports on the country’s strategic canal.",gcaptain.com,Panama,News,2026-08-21T12:51:10.086622Z
41081564cf5ff357c5d63ba4e24e9553,Hong Kong’s CK Hutchison seeks HK$11.7b from Panama over takeover of canal ports,https://biztoc.com/x/763171e17abf8613,scmp.com,2026-08-20T07:11:05Z,Panama Canal,"Hong Kong’s CK Hutchison seeks HK$11.7b from Panama over takeover of canal ports
Latest claim by Li Ka-shing family-backed conglomerate and separate subsidiary action bring total demands over the takeover to more than HK$27.3 billion
Hong Kong-based CK Hutchi…",Biztoc.com,Panama,News,2026-08-21T12:51:10.086667Z
2fcedd302ae1a2dde8fb8a1f44ed5615,CK Hutchison Seeks $1.5 Billion for Loss of Panama Assets - Bloomberg.com,https://slashdot.org/firehose.pl?op=view&amp;id=185063258,feedfeeder,2026-08-20T06:32:14Z,Panama Canal,CK Hutchison Seeks $1.5 Billion for Loss of Panama AssetsBloomberg.com CK Hutchison seeks $1.5 billion from Panama in treaty dispute arbitrationreuters.com Hong Kong’s CK Hutchison seeks HK$11.7b from Panama over takeover of canal portsSouth China Morning Pos…,Slashdot.org,China,News,2026-08-21T12:51:10.086690Z
4cc62906264d96a385042b708d2fd0cb,Hong Kong conglomerate seeks $1.5 billion in damages from Panama,https://biztoc.com/x/9700617120600229,abcnews.com,2026-08-20T04:55:18Z,Panama Canal,CK Hutchison is seeking over $1.5 billion from Panama for damages to its investments after the country seized two ports at the ends of the Panama Canal,Biztoc.com,Panama,News,2026-08-21T12:51:10.086719Z
4baef019b5b152fd4d3fc4d27933eeb9,Hong Kong conglomerate seeks $1.5 billion in damages from Panama,https://abcnews.com/Business/wireStory/hong-kong-conglomerate-seeks-15-billion-damages-panama-135795814,CHAN HO-HIM AP business writer,2026-08-20T04:53:43Z,Panama Canal,CK Hutchison is seeking over $1.5 billion from Panama for damages to its investments after the country seized two ports at the ends of the Panama Canal,Abcnews.com,Panama,News,2026-08-21T12:51:10.086740Z
f1a0a472af45c44789be855e6f725a13,Hong Kong conglomerate seeks $1.5 billion in damages from Panama for takeover of canal ports,https://abcnews.com/International/wireStory/hong-kong-conglomerate-seeks-15-billion-damages-panama-135795813,CHAN HO-HIM AP business writer,2026-08-20T04:49:51Z,Panama Canal,CK Hutchison is seeking over $1.5 billion from Panama for damages to its investments after the country seized two ports at the ends of the Panama Canal,Abcnews.com,Panama,News,2026-08-21T12:51:10.086784Z
2621804eef46a0230272f70c3788def7,Hong Kong conglomerate seeks $1.5 billion in damages from Panama for takeover of canal ports,https://biztoc.com/x/e77cc24b44b7d7a6,finance.yahoo.com,2026-08-20T04:12:25Z,Panama Canal,"Hong Kong conglomerate CK Hutchison said Thursday it was seeking more than $1.5 billion in damages from Panama after the country seized two canal ports caught in the crosshairs of U.S.-China tensions.
CK Hutchison said in the statement that it had begun new a…",Biztoc.com,China,News,2026-08-21T12:51:10.086807Z
9cd280381835651f0e80e8ad86357517,Hong Kong conglomerate seeks $1.5 billion in damages from Panama for takeover of canal ports,https://finance.yahoo.com/economy/policy/articles/hong-kong-conglomerate-seeks-1-034820896.html,CHAN HO-HIM,2026-08-20T03:48:20Z,Panama Canal,Hong Kong conglomerate CK Hutchison said Thursday it was seeking more than $1.5 billion in damages from Panama after the country seized two canal ports caugh...,Yahoo Entertainment,Panama,News,2026-08-21T12:51:10.086837Z
7bfd521817bc29f73d7608ea16e87853,CK Hutchison seeks $1.5bn in damages over seized Panama Canal ports,https://biztoc.com/x/06fa48bdfbc72e0d,asia.nikkei.com,2026-08-20T02:54:26Z,Panama Canal,"TOKYO -- Hong Kong conglomerate CK Hutchison Holdings (CKH) said Thursday that it is seeking $1.5 billion in damages from the Panamanian government for seizing control of ports its unit was running at both ends of the strategic Panama Canal.
Hong Kong conglom…",Biztoc.com,Japan,News,2026-08-21T12:51:10.086872Z
5cdfedf4debdd24981733e7ca97bd9f7,CK Hutchison seeks $1.5 billion from Panama in treaty dispute arbitration,https://www.channelnewsasia.com/business/ck-hutchison-seeks-15-billion-panama-in-treaty-dispute-arbitration-6329856,,2026-08-20T00:48:02Z,Panama Canal,"Aug 20 : CK Hutchison said on Thursday it had launched international arbitration proceedings against Panama and was seeking damages of more than $1.5 billion for the ""destruction"" of its investments in the Central American nation.CK Hutchison said Panama brea…",CNA,USA,News,2026-08-21T12:51:10.086901Z
5749f2cde4fed6439ca01a222699cbbe,Pentagon pushes ‘zero tolerance’ audit on foreign university partnerships that ‘compromise our national security’,https://fortune.com/2026/08/19/pentagon-audit-foreign-university-partnerships-national-security/,"The Associated Press, Heather Hollingsworth",2026-08-19T21:12:16Z,Panama Canal,Schools must complete a review and terminate arrangements deemed problematic—or face funding losses.,Fortune,Unknown,Analysis/Opinion,2026-08-21T12:51:10.086938Z
5cb84ab35cbdcba32f740ff85a452ca9,Victor Davis Hanson: Republicans Can’t Just Trash the Left—They Need a Plan to Win,https://www.dailysignal.com/2026/08/19/hanson-republicans-a-plan-to-win/,Al Perrotta,2026-08-19T21:00:00Z,Panama Canal,"Editor’s note: This is a lightly edited transcript of today’s video from Daily Signal senior contributor Victor Davis Hanson. Subscribe to our YouTube channel to see more of his videos. Hello, this is Victor Davis Hanson for the Daily Signal.  The anticipatio…",Daily Signal,Unknown,Market Report,2026-08-21T12:51:10.086989Z
6efd7ef99c2f91edc8d4de1552bf7f06,Infrastructure investment: Why the value of major projects matters as much as cost - Andrea Rickard,https://www.nzherald.co.nz/business/business-reports/infrastructure-report/infrastructure-investment-why-the-value-of-major-projects-matters-as-much-as-cost-andrea-rickard/7EY2EQQZLRG3BBQ5VBV2YCUEYQ/,Andrea Rickard,2026-08-19T16:59:00Z,Panama Canal,OPINION: Deferring infrastructure maintenance only makes the eventual bill bigger.,New Zealand Herald,Unknown,Analysis/Opinion,2026-08-21T12:51:10.087063Z
5e072d4df183fc6aa75e8f0fff012b4e,Republicans are divided on whether to use the military to take over Cuba and the Panama Canal,https://biztoc.com/x/22345d6c25a60a10,yougov.com,2026-08-18T19:15:27Z,Panama Canal,"Only 17% of Americans support the U.S. using military force to take control of Cuba. Opposition is widespread among Democrats and Independents, while Republicans are divided",Biztoc.com,USA,News,2026-08-21T12:51:10.087139Z
06090ae0c3df6aadb0294326dee267cf,Mexico’s Land-Based Panama Canal Alternative Seeks to Court Cargo,http://wwd.com/sourcing-journal/logistics/mexico-interoceanic-corridor-land-based-ciit-cargo-panama-canal-alternative-1239128179/,Glenn Taylor,2026-08-18T16:19:34Z,Panama Canal,"The Interoceanic Corridor has moved over 514,000 tons of freight so far in 2026, a fraction of what Mexico hopes to eventually pull from Panama Canal traffic.",WWD,Panama,News,2026-08-21T12:51:10.087208Z
6d9886a03259a3c414ed26d076a44c54,HelloNation Features Real Estate Expert Angie Outlaw on Flood Insurance for Coastal Homes in Florida,https://www.prnewswire.com/news-releases/hellonation-features-real-estate-expert-angie-outlaw-on-flood-insurance-for-coastal-homes-in-florida-302854262.html,,2026-08-18T15:13:00Z,Panama Canal,"The article reviews flood zones, insurance costs, and ownership planning considerations tied to coastal property purchases in Florida. PANAMA CITY BEACH, Fla., Aug. 18, 2026 /PRNewswire/ -- What should buyers understand about flood insurance before purchasing…",PRNewswire,Panama,Analysis/Opinion,2026-08-21T12:51:10.087243Z
a89a2f9adfc0aadc1937e6a273525452,Pentagon orders audit of 30 universities' partnerships with foreign institutions,https://abcnews.com/US/wireStory/pentagon-orders-audit-30-universities-partnerships-foreign-institutions-135741532,HEATHER HOLLINGSWORTH Associated Press,2026-08-18T15:03:07Z,Panama Canal,The Department of Defense has ordered 30 U.S. universities to audit their partnerships with mostly Chinese universities and military training institutions as President Donald Trump's administration scrutinizes the country’s growing global influence,Abcnews.com,China,News,2026-08-21T12:51:10.087266Z
a72e17c74c370b75bc325812e36ebda8,Was a French Aristocrat the First Fascist?,https://newrepublic.com/article/213468/french-aristocrat-first-fascist,Erik Linstrum,2026-08-18T10:00:00Z,Panama Canal,"Even by aristocratic standards, the Marquis de Morès led a
life of impressive dissipation. He was born in 1858 in the Faubourg Saint-Germain
of Paris, in a grand eighteenth-century hôtel that serves
today as the residence of the Russian ambassador. As a young…",The New Republic,Russia,News,2026-08-21T12:51:10.087298Z
7ef7d4f3831ba20d9f7af1651e83a9f1,"Trivia of the Day for August 18, 2026: Can You Get All 25 Right?",https://www.mentalfloss.com/random-facts/trivia-of-the-day-august-18-2026,Natalie Zamora,2026-08-18T04:00:00Z,Panama Canal,Test your knowledge with Mental Floss’s Trivia of the Day for August 18. How well do you know this day in history? How about general knowledge questions?,Mental Floss,Unknown,News,2026-08-21T12:51:10.087334Z
d9f9c11f3c3e47d3bbe76771b8a200c6,US Progressives to Challenge Trump 'Donroe Doctrine' at Pan-American Congress,https://www.commondreams.org/news/jayapal-pan-american-congress,Brett Wilkins,2026-08-18T00:03:37Z,Panama Canal,A delegation of progressive congressional lawmakers and candidates is set to head to Uruguay this week to take part in a conference focused on Pan-American solidarity amid the resurgence of both US imperialism and right-wing governments in the hemisphere.The …,Common Dreams,USA,News,2026-08-21T12:51:10.087363Z
2385ea17c85793e49f49ca23d178982a,“The Trump Corollary to the Monroe Doctrine”. Colombia Elects a Right-wing Millionaire Backed by Trump,https://www.globalresearch.ca/colombia-elects-right-wing-millionaire-backed-trump/5936890,Kurt Nimmo,2026-08-17T12:00:44Z,Panama Canal,"Trump’s favorite in Colombia is Abelardo de la Espriella, the rightwing “populist” millionaire who, as a child, tortured and killed cats with explosives, similar to the notorious serial killers Jeffrey Dahmer, Ted Bundy, and David Berkowitz. His wealthy …
The…",Globalresearch.ca,Unknown,News,2026-08-21T12:51:10.087547Z
b357ab832a3bef2a7d8c0bc5fed930d5,War and climate change drive surge in global shipping costs,https://biztoc.com/x/213e1ee5728f1ea0,ft.com,2026-08-17T05:44:38Z,Panama Canal,"Rates on routes including Panama Canal, Rhine, Red Sea and Black Sea jump, while Hormuz closure also hits seaborne trade",Biztoc.com,Panama,Market Report,2026-08-21T12:51:10.087621Z
f5caaabbe2cda993b3e80f725e53b940,‘The End of Tom Six’ Review: The Director of the ‘Human Centipede’ Films Has Multiple Sclerosis and Is Sharing the Horror. This Confessional Doc Is His Witty Self-Defense,https://variety.com/2026/film/reviews/the-end-of-tom-six-review-the-human-centipede-1236835608/,Owen Gleiberman,2026-08-17T00:04:48Z,Panama Canal,"""The End of Tom Six"" is a self-styled confessional memoir in which Six fuses his life and career and illness into a parable. He’s asking: Is there room anymore for movies, like his, that stray over the line? And if not, what does that mean?",Variety,Unknown,Analysis/Opinion,2026-08-21T12:51:10.087667Z
154ab0aa0b97cffda3b5984c9d7aaf45,‘Cheap Piece of Imperialist Propaganda’: US Video Hails ‘American Dominance’ of Western Hemisphere,https://www.antiwar.com/blog/2026/08/16/cheap-piece-of-imperialist-propaganda-us-video-hails-american-dominance-of-western-hemisphere/,Brett Wilkins,2026-08-16T15:21:52Z,Panama Canal,"A congresswoman whose parents immigrated to the United States during US-backed genocidal dictatorships in Guatemala on Tuesday excoriated a State Department video hailing the Monroe Doctrine, an imperialist policy used by Washington to declare the Western Hem…",Antiwar.com,USA,News,2026-08-21T12:51:10.087698Z
232e7bbe3acfc93ec58c885be020a110,"In 1913, engineers built Troy Federal Dam to improve Hudson River navigation, and 113 years later it still serves New York’s canal system",https://timesofindia.indiatimes.com/world/rest-of-world/in-1913-engineers-built-troy-federal-dam-to-improve-hudson-river-navigation-and-113-years-later-it-still-serves-new-yorks-canal-system/articleshow/133276457.cms,TOI World Desk,2026-08-16T13:47:14Z,Panama Canal,"Initiated in 1913, the Troy Lock and Dam project aimed at enhancing navigation along the Hudson River. Laborers, many of whom gained invaluable skills from working on the Panama Canal, contributed to this monumental endeavor. This facility enables a regulated…",The Times of India,Panama,News,2026-08-21T12:51:10.087746Z
b887506ef6ee740e22674878fdca06e2,Trump threatens to make the Strait of Hormuz a US territory: Can he?,https://www.aljazeera.com/news/2026/8/16/trump-threatens-to-make-the-strait-of-hormuz-a-us-territory-can-he,Al Jazeera Staff,2026-08-16T11:14:23Z,Panama Canal,"US president has yet another outlandish threat for Iran, with no end to war in sight.",Al Jazeera English,Unknown,News,2026-08-21T12:51:10.087793Z
c5e7b377848bdab83c2bba15366439ff,Empty LPG Tanker Pays Record $4.6 Million to Jump Panama Canal Queue Amid Iran War,https://www.ibtimes.com.au/record-bid-panama-canal-congestion-iran-conflict-1874101,Scott Lance,2026-08-15T15:07:31Z,Panama Canal,"The G. Arete tanker paid a record $4.6 million to bypass Panama Canal congestion, highlighting how Iran conflict and El Niño conditions are disrupting global shipping routes.",Ibtimes.com.au,Panama,News,2026-08-21T12:51:10.087828Z
7d4b26e799df4faed39527d5ceac134f,Calgary company steps up to help combat screwworm in U.S.,https://www.cbc.ca/news/canada/calgary/screwworm-pharmaceutical-ivermectin-calgary-9.7307416,,2026-08-15T12:00:00Z,Panama Canal,"To fight the growing risk posed by screwworm, the U.S. Food and Drug Administration granted emergency approval to a liquid ivermectin for horses product made by Calgary-based company Solvet. The product can now be sold and used for the short-term prevention o…",CBC News,Unknown,News,2026-08-21T12:51:10.087874Z
737473f96b551cfc35104f5766051138,"'Menace to the World': With Iran Talks Stalled, Trump Vows to Declare Strait of Hormuz a US Territory",https://www.commondreams.org/news/donald-trump-strait-of-hormuz,Jessica Corbett,2026-08-14T22:03:33Z,Panama Canal,"In yet another remark that triggered alarm around the world, President Donald Trump said Friday that he planned to declare the Strait of Hormuz—which Iran has blockaded for much of the past five months over his and Israel's illegal war—a US territory.Just two…",Common Dreams,Unknown,News,2026-08-21T12:51:10.087951Z
6b81b1aca533d8247b2b657525f46839,Why some companies are paying more than $1 million to get through the Panama Canal,https://biztoc.com/x/291e16c8273d14f7,npr.org,2026-08-14T21:41:16Z,Panama Canal,"With the Strait of Hormuz effectively closed, pressure on the Panama Canal has increased. And combined with lower water levels, transit prices through the canal are soaring.",Biztoc.com,Panama,Market Report,2026-08-21T12:51:10.087979Z
2788a9e384fc8d2c59608dd84ba11e18,Why some companies are paying more than $1 million to get through the Panama Canal,https://www.npr.org/2026/08/14/nx-s1-5929414/why-some-companies-are-paying-more-than-1-million-to-get-through-the-panama-canal,Rob Schmitz,2026-08-14T21:22:05Z,Panama Canal,"With the Strait of Hormuz effectively closed, pressure on the Panama Canal has increased. And combined with lower water levels, transit prices through the canal are soaring.",NPR,Panama,Market Report,2026-08-21T12:51:10.087999Z
b9184e797355f39d98873c81b28f0c35,"Panama Canal Fees Hit Record As El Nino, Hormuz Crisis Choke Global Shipping",https://biztoc.com/x/88db8cbf12b6ce83,zerohedge.com,2026-08-14T17:38:33Z,Panama Canal,"Panama Canal Fees Hit Record As El Nino, Hormuz Crisis Choke Global Shipping
 
Panama Canal transit auction prices have surged to record highs this summer as an intensifying El Niño and disruptions in the Strait of Hormuz upend global shipping routes. 
A Bloo…",Biztoc.com,Panama,Market Report,2026-08-21T12:51:10.088038Z
b56a9c2976781208aca3d3cb07e5e3c4,7 countries that give Nigerians long visitor visas,https://www.vanguardngr.com/2026/08/7-countries-that-give-nigerians-long-visitor-visas/,efosataiwo@vanguardngr.com,2026-08-14T17:30:50Z,Panama Canal,"Every country has different rules governing how long visitors can stay, and some destinations make long-term travel considerably easier than others.
The post 7 countries that give Nigerians long visitor visas appeared first on Vanguard News.",Vanguard,Unknown,News,2026-08-21T12:51:10.088080Z
07b3f269f84f2408aea8a170493bd54f,Supertanker Pays Record $4.6 Million to Skip Panama Canal Line,https://gcaptain.com/supertanker-pays-record-4-6-million-to-skip-panama-canal-line/,Bloomberg,2026-08-14T17:21:19Z,Panama Canal,An empty gas supertanker paid a record $4.6 million to skip the line at the Panama Canal next week as the Iran war and an intensifying El Niño upend global trade routes.,gcaptain.com,Panama,News,2026-08-21T12:51:10.088112Z
6016cbd0d78656c7085a80b37ea16389,"In 1913, the Army Corps launched construction of Troy's Federal Dam, using engineers experienced on the Panama Canal. 113 years later, the lock and dam still supports New York's Hudson River navigation and remains a landmark of American engineering",https://economictimes.indiatimes.com/news/international/us/in-1913-the-army-corps-launched-construction-of-troys-federal-dam-using-engineers-experienced-on-the-panama-canal-113-years-later-the-lock-and-dam-still-supports-new-yorks-hudson-river-navigation-and-remains-a-landmark-of-american-engineering/articleshow/133241255.cms,Shreya Biswas,2026-08-14T13:38:11Z,Panama Canal,"Troy Lock and Dam: Troy's Federal Dam, built in 1913, supported river navigation for over a century. This engineering project connected the Hudson River to the state's canal system. The dam's construction involved Army engineers and laborers from the Panama C…",The Times of India,USA,News,2026-08-21T12:51:10.088149Z
ebc7bfebb3041584f7500b178ef57c74,The (Attempted) “Israelisation” of Latin America (Part II),https://www.nakedcapitalism.com/2026/08/the-israelisation-of-latin-america-is-almost-complete.html,Nick Corbishley,2026-08-14T10:45:18Z,Panama Canal,Israel has accomplished big things in very little time. But is it sustainable?,Nakedcapitalism.com,USA,News,2026-08-21T12:51:10.088169Z
101ef28c020858d81bc8107732b3a41a,Zodiac Super Sea Wolf Pro-Diver COSC Automatic Black Dial Men's Watch $698.50 + $9.82 Shipping (3 replies),https://slickdeals.net/f/19898883-zodiac-super-sea-wolf-pro-diver-cosc-automatic-black-dial-men-s-watch-698-50-9-82-shipping,DesertGardener | Staff,2026-08-19T21:34:19Z,Black Sea shipping,WatchGang [watchgang.com] has the Zodiac Super Sea Wolf Pro-Diver COSC Automatic Black Dial Men's Watch (ZO3552) on sale for $698.50 after applying discount code ZODIAC-22026 at checkout. Shippin,Slickdeals.net,Unknown,News,2026-08-21T12:51:10.569798Z
ef54513a10130f3db42503592a947c22,Managed Instability: Why the Wars Against Iran and Ukraine Can Go On and On and On…,https://warontherocks.com/managed-instability-why-the-wars-against-iran-and-ukraine-can-go-on-and-on-and-on/,Alex Kolbin,2026-08-19T07:30:50Z,Black Sea shipping,"The Iran war is beginning to resemble the Ukraine war in one important way. Operationally, the wars themselves are still very different — Ukraine is a large-scale ground invasion, while the Iran war is not there just yet. But their political logic after a fai…",War on the Rocks,Ukraine,News,2026-08-21T12:51:10.569948Z
329e0586e1dcd649d6bcac7d15a322ea,Oil: Third straight day of gains and three-week high amid US-Iran deadlock; Brent above $91,https://en.protothema.gr/2026/08/19/oil-third-straight-day-of-gains-and-three-week-high-amid-us-iran-deadlock-brent-above-91/,Electra Delavogia,2026-08-19T00:10:20Z,Black Sea shipping,"The escalation between the US and Iran remains at the center of the oil market, as the deadlock in negotiations and uncertainty surrounding the Strait of Hormuz intensify concerns over global energy flows and supplies
The post Oil: Third straight day of gains…",Protothema.gr,Global,Market Report,2026-08-21T12:51:10.570030Z
5cd2ffb3209dbd7d36d27b5d9db5a9c9,KazMunayGas Posts Higher H1 Profit,https://www.rigzone.com/news/kazmunaygas_posts_higher_h1_profit-18-aug-2026-184399-article/,Jov Onsat,2026-08-18T11:36:23Z,Black Sea shipping,"Kazakhstan's state-owned KazMunayGas reported around $1.96 billion in net income for the first six months of 2026, up 69.1 percent from the first half of 2025 as higher oil prices offset lower production.",Rigzone,Unknown,Market Report,2026-08-21T12:51:10.570232Z
95511d32202b5ed2e9a00727b81a4709,Ukraine gets out of control,https://www.americanthinker.com/blog/2026/08/ukraine-gets-out-of-control/,,2026-08-18T04:00:00Z,Black Sea shipping,By Mike RobertsonThe Trump administration must now force an end to this war; America First means ending the bleeding before the secondary effects become unmanageable.,Americanthinker.com,USA,News,2026-08-21T12:51:10.570285Z
bc005bc81310108c2b56bb228e17b1be,The Questions That Decide CVX Stock,https://www.trefis.com/articles/611674/the-questions-that-decide-cvx-stock/2026-08-17,Trefis Team,2026-08-17T23:40:39Z,Black Sea shipping,"Chevron's operational execution has been strong, but a smaller, high-visibility slice of its roadmap for future growth runs through some of the world's tough...",Trefis,Unknown,News,2026-08-21T12:51:10.570316Z
da6bd74e73e2a8c8ce277a231cbad80e,Russian Strikes Driving Ukraine’s Military Industry Into Systemic Crisis,https://sputnikglobe.com/20260817/russian-strikes-driving-ukraines-military-industry-into-systemic-crisis-1124593277.html,Sputnik International,2026-08-17T13:43:46Z,Black Sea shipping,"The ever-expanding radius of Russian strikes – targeting a vital steel plant in central Ukraine, drone factories in Kiev, and seaborne logistics along the Black Sea are aimed at systematically dismantling the country’s MIC, RANEPA Institute of Law & National …",Sputnikglobe.com,Russia,News,2026-08-21T12:51:10.570415Z
b83ad3031f378c9f9e5f544804f0cab2,Russian Strikes Driving Ukraine's Military Industry Into Systemic Crisis,https://www.globalsecurity.org/wmd/library/news/ukraine/2026/08/ukraine-260817-sputnik01.htm,John Pike,2026-08-17T12:00:00Z,Black Sea shipping,"The ever-expanding radius of Russian strikes - targeting a vital steel plant in central Ukraine, drone factories in Kiev, and seaborne logistics along the Black Sea are aimed at systematically dismantling the country's MIC, RANEPA Institute of Law & National …",Globalsecurity.org,Russia,News,2026-08-21T12:51:10.570439Z
698e237e6b54836f0f60dabfc6277515,Russian strikes kill Ukrainian woman as NATO jet downs drone over Romania,https://www.aljazeera.com/news/2026/8/16/russian-strikes-kill-ukrainian-woman-as-nato-jet-downs-drone-over-romania,,2026-08-16T04:54:33Z,Black Sea shipping,Romania's Defence Ministry didn't specify origin of the drone but has previously blamed Russia for similar incidents.,Al Jazeera English,Russia,News,2026-08-21T12:51:10.570597Z
6d244b2d7f3d750bc356fe35914a4ea4,Virginia State University under lockdown after shooting near student housing leaves several injured,https://timesofindia.indiatimes.com/world/us/virginia-state-university-under-lockdown-after-shooting-near-student-housing-leaves-several-injured/articleshow/133263386.cms,TOI World Desk,2026-08-15T13:15:13Z,Black Sea shipping,"Virginia State University experienced a lockdown early Saturday following a shooting incident. Multiple suspects were involved, and several individuals sustained injuries near the Quad Annexes. Campus police confirmed that victims were transported to local ho…",The Times of India,Unknown,News,2026-08-21T12:51:10.570666Z
ab0c1d68bc88a10420826c5bd56e26a4,"Armstrong murder case: CBI team visits crime scene in Chennai, reconstructs sequence of events",https://timesofindia.indiatimes.com/city/chennai/armstrong-murder-case-cbi-team-visits-crime-scene-in-chennai-reconstructs-sequence-of-events/articleshow/133263215.cms,Venkadesan S,2026-08-15T13:11:41Z,Black Sea shipping,"Inspector M Chiranjeevi, who was the station house officer when Armstrong was murdered on July 5, 2024, and was the investigation officer, was also present along with CBI officials.",The Times of India,Unknown,News,2026-08-21T12:51:10.570703Z
2cd11dae8a5e6df74e0c60a7d28b2757,Doom! Board lowers the boom on Indian-American CEO who fired 900 employees over Zoom,https://timesofindia.indiatimes.com/world/us/doom-board-lowers-the-boom-on-indian-american-ceo-who-fired-900-employees-over-zoom/articleshow/133263198.cms,Chidanand Rajghatta,2026-08-15T13:10:07Z,Black Sea shipping,Indian-American entrepreneur Vishal Garg has been ousted as Better Home & Finance CEO. The company cited concerns about his judgment and credibility after significant losses. Garg's removal follows his controversial 2021 mass layoff of 900 employees. He is no…,The Times of India,India,News,2026-08-21T12:51:10.570730Z
94d737bd8ffdcff201852fe74dabecf2,Armstrong murder: CBI team visits scene of crime to reconstruct occurrence,https://timesofindia.indiatimes.com/city/chennai/armstrong-murder-cbi-team-visits-scene-of-crime-to-reconstruct-occurrence/articleshow/133263380.cms,Venkadesan S,2026-08-15T13:07:24Z,Black Sea shipping,"CBI reconstructs BSP leader K Armstrong’s July 2024 murder in Perambur, Chennai, after Supreme Court clears fresh probe and FIR is re-registered.",The Times of India,Unknown,News,2026-08-21T12:51:10.570783Z
8c30474c59154815f0b5a89d4eb4126b,‘Trichy division tops freight loading across Southern Railway’,https://timesofindia.indiatimes.com/city/trichy/trichy-division-tops-freight-loading-across-southern-railway/articleshow/133262499.cms,Deepak Karthik,2026-08-15T13:01:49Z,Black Sea shipping,Trichy Rail Division led Southern Railway in freight loading with 13.2 million tonnes in FY 2025-26; earned Rs 432.5 crore Apr–Jul 2026 and maintained 94% punctuality.,The Times of India,Unknown,News,2026-08-21T12:51:10.570826Z
be5ea5e99022d7ea230efdee0d55b968,10 initiatives to be rolled out in 100 days: Savadi,https://timesofindia.indiatimes.com/city/bengaluru/10-initiatives-to-be-rolled-out-in-100-days-savadi/articleshow/133263195.cms,The Times Of India,2026-08-15T13:00:16Z,Black Sea shipping,"Karwar Independence Day: Minister Laxman Savadi announces 10 initiatives for 100-day governance push; Rs 3,417 crore guarantees and 300-bed hospital plan in Uttara Kannada.",The Times of India,Unknown,News,2026-08-21T12:51:10.570861Z
aee9da352b4ed93458541f82800f4987,Road laid through Aravalis Mangar Bani core area despite official action,https://timesofindia.indiatimes.com/city/gurgaon/road-laid-through-aravalis-mangar-bani-core-area-despite-official-action/articleshow/133263030.cms,Ipsita Pati,2026-08-15T12:48:55Z,Black Sea shipping,Road-laying resumes in Mangar Bani Aravali core despite halt; Haryana DFO asks DTCP to act as area is a notified no-construction zone.,The Times of India,Unknown,News,2026-08-21T12:51:10.570900Z
cbb609a832c7578e9a4fef973e163557,Ukraine offers Black Sea shipping truce; Russia yet to respond : Report,https://timesofindia.indiatimes.com/world/europe/ukraine-offers-black-sea-shipping-truce-russia-yet-to-respond-report/articleshow/133262655.cms,TOI World Desk,2026-08-15T12:31:22Z,Black Sea shipping,Europe News: Ukraine has proposed a temporary halt to attacks on civilian targets in the Black Sea as a surge in strikes on ships and ports disrupts trade and rais.,The Times of India,Russia,Market Report,2026-08-21T12:51:10.570919Z
50a8167426a128f3543de891c0f29bfb,"Day 1,634 of WW3: Russia rules out moratorium on attacks on Black Sea shipping, as Ukraine warns Egypt of possible food shortages; and Russia intensifies the one thing it's good at: spreading disinformation. This is your Saturday Ukraine war thread [News]",https://www.fark.com/comments/14164660/Day-1634-of-WW3-Russia-rules-out-moratorium-on-attacks-on-Black-Sea-shipping-as-Ukraine-warns-Egypt-of-possible-food-shortages-Russia-intensifies-one-thing-its-good-at-spreading-disinformation-This-is-your-Saturday-Ukraine-war-thread,,2026-08-15T12:15:00Z,Black Sea shipping,"Day 1,634 of WW3: Russia rules out moratorium on attacks on Black Sea shipping, as Ukraine warns Egypt of possible food shortages; and Russia intensifies the one thing it's good at: spreading disinformation. This is your Saturday Ukraine war thread",Fark.com,Russia,News,2026-08-21T12:51:10.570949Z
321c7bf6002d90449b973ad3ee835a45,Independence Day 2026: ‘The Great Indian Kapil Show’ brings Operation Safed Sagar cast together with real Air Force heroes,https://timesofindia.indiatimes.com/tv/news/hindi/celebrating-independence-day-the-great-indian-kapil-show-unites-operation-safed-sagar-cast-with-real-indian-air-force-heroes/articleshow/133261119.cms,etimes.in,2026-08-15T11:06:50Z,Black Sea shipping,"The latest episode of The Great Indian Kapil Show brought together the cast of Operation Safed Sagar alongside dedicated Air Force officers. Kapil Sharma showcased his usual humor, posing witty questions that had everyone laughing. The actors reminisced about…",The Times of India,India,News,2026-08-21T12:51:10.570981Z
7a5758af5935f608c95164e1ca8cce2b,Links 8/15/2026,https://www.nakedcapitalism.com/2026/08/links-8-15-2026.html,Yves Smith,2026-08-15T10:55:23Z,Black Sea shipping,"Our delictable daily links: Land art, phytoplankton collapse, France rejects internet-age screens. US 155mm shell factory fiasco, moar disesl + oil worries, Putin v. EU piracy, best China music, Iran shows US trophies + denies US talks, Venezuela wants gold b…",Nakedcapitalism.com,China,Market Report,2026-08-21T12:51:10.570997Z
51368f7cc1bba7f2278572e3658a253a,Factory to front lines: A Western spy drone’s journey to war in Ukraine,https://www.businessinsider.com/western-spy-drones-journey-from-factory-to-ukraine-war-2026-8#article,Jake Epstein,2026-08-15T10:00:01Z,Black Sea shipping,"Business Insider traveled from a production line in the UK to southeastern Ukraine, following a surveillance drone on its journey to war.",Business Insider,Ukraine,News,2026-08-21T12:51:10.571023Z
b80a9933f31739f3902f459696f27bdc,"Oil inches toward $90 on tanker attacks, lack of progress in Iran war peace deal",https://economictimes.indiatimes.com/markets/commodities/news/oil-inches-toward-90-on-tanker-attacks-lack-of-progress-in-iran-war-peace-deal/articleshow/133256494.cms,Reuters,2026-08-15T05:17:15Z,Black Sea shipping,Crude oil futures experienced an upward trend on Friday due to disruptions from tanker attacks and the stagnation of peace talks. Brent crude closed at $88.52 a barrel while WTI crude settled at $82.40. Attacks within the Strait of Hormuz and disruptions at a…,The Times of India,Unknown,News,2026-08-21T12:51:10.571071Z
575dd0726969a457b192c74c66d6b0fe,"Russian retribution, Islamic NATO, showdown in the West Bank, the German spy machine: RT stories that shaped the week",https://www.rt.com/news/644258-rt-top-stories-ukraine-russia/,RT,2026-08-14T22:51:23Z,Black Sea shipping,"RT looks at the stories that shaped the week, including Russia’s harsh measures against Ukraine, the rise of Islamic NATO, and the growth of the German surveillance state",RT,Russia,News,2026-08-21T12:51:10.571099Z
80c76294a8ca126e3f8f469db6911620,"Oil climbs over $1 on tanker attacks, no progrees on peace",https://finance.yahoo.com/energy/articles/oil-set-weekly-gains-us-110155136.html,Reuters,2026-08-14T19:21:15Z,Black Sea shipping,"HOUSTON, Aug 14 (Reuters) - Crude oil futures climbed over $1 a berrel on Friday on tanker attacks and a lack of progress on a peace agreement between the Tr...",Yahoo Entertainment,Unknown,News,2026-08-21T12:51:10.571133Z
30207acb6d69488857d6bbb877352feb,Iran War: Mixed Signals on US Resuming Kinetic Action as Iran Moves to Offensive Stance; Flight from Israel Accelerating,https://www.nakedcapitalism.com/2026/08/iran-war-mixed-signals-on-us-resuming-kinetic-action-as-iran-moves-to-offensive-stance-flight-from-israel-accelerating.html,Yves Smith,2026-08-14T14:16:25Z,Black Sea shipping,Today's Iran war news: The Trump team is fracasing over what to do as Iran goes on the front foot while servicemembers are badly overstressed.,Nakedcapitalism.com,Unknown,News,2026-08-21T12:51:10.571240Z
6bb669075e6ee25ee7c53d6e7990b5ee,Russia Quickly Rejects Ukraine's Offer Of Ceasefire On Black Sea Shipping,https://biztoc.com/x/1e1e5ed8521e16c4,zerohedge.com,2026-08-14T12:33:33Z,Black Sea shipping,"Russia Quickly Rejects Ukraine's Offer Of Ceasefire On Black Sea Shipping
 
Ukraine has quietly floated a deal through a third-party mediator to halt reciprocal strikes on civilian vessels in the Black Sea, Reuters reports, in what appears to be a calculated …",Biztoc.com,Russia,Market Report,2026-08-21T12:51:10.571299Z
621aa26974f8471ef6480d10df8a5f88,"Day 1,633 of WW3: Budanov's lips twitch as Ukrainian submarine commander who defected to russia is killed; Poland foils assassination of Ukrainian-American; and orks Orsk refinery will shut down for six months. This is your Friday Ukraine war thread [News]",https://www.fark.com/comments/14163612/Day-1633-of-WW3-Budanovs-lips-twitch-as-Ukrainian-submarine-commander-who-defected-to-russia-is-killed-Poland-foils-assassination-of-Ukrainian-American-orks-Orsk-refinery-will-shut-down-for-six-months-This-is-your-Friday-Ukraine-war-thread,,2026-08-14T12:00:00Z,Black Sea shipping,"Day 1,633 of WW3: Budanov's lips twitch as Ukrainian submarine commander who defected to russia is killed; Poland foils assassination of Ukrainian-American; and orks Orsk refinery will shut down for six months. This is your Friday Ukraine war thread",Fark.com,USA,News,2026-08-21T12:51:10.571328Z
55605282d614e5f7cdfb77ed1d864e17,US warns Iran it will step up economic pressure; two more ships attacked in Hormuz,https://economictimes.indiatimes.com/news/international/world-news/us-warns-iran-it-will-step-up-economic-pressure-two-more-ships-attacked-in-hormuz/articleshow/133238963.cms,Reuters,2026-08-14T11:15:52Z,Black Sea shipping,Ship traffic in the Strait of Hormuz slowed significantly after two vessels were attacked. The United States stated it can maintain a naval blockade of Iran indefinitely. Iran has resumed attacks on ships it accuses of unauthorized transit. The US plans furth…,The Times of India,USA,News,2026-08-21T12:51:10.571356Z
a54167615ba087536306eba7a4592fa3,Russia will destroy Western support for Kiev’s war machine – Lavrov,https://www.rt.com/russia/644247-lavrov-kiev-war-machine/,RT,2026-08-14T10:59:15Z,Black Sea shipping,Russian Foreign Minister Sergey Lavrov has warned that Ukrainian “terrorist” tactics will only trigger tougher retaliation from Moscow Read Full Article at RT.com,RT,Russia,News,2026-08-21T12:51:10.571384Z
ad3f9d58698b42fa1985bc9520074836,"Russia dismisses Black Sea ceasefire, citing no grounds for 'half-measures' amid escalating attacks",https://economictimes.indiatimes.com/news/international/world-news/russia-dismisses-black-sea-ceasefire-citing-no-grounds-for-half-measures-amid-escalating-attacks/articleshow/133237828.cms,Reuters,2026-08-14T10:29:50Z,Black Sea shipping,"Russia dismissed a ceasefire proposal for the Black Sea, claiming no foundation for temporary measures. Moscow accused Ukraine of perpetrating terrorism against maritime operations, further inflaming tensions in the region. Turkey had suggested a moratorium o…",The Times of India,Russia,News,2026-08-21T12:51:10.571416Z
d5a4d58336f3cb1240b28d081a58af66,Russia dismisses idea of Black Sea ceasefire,https://uk.news.yahoo.com/russia-dismisses-idea-black-sea-101355462.html,Reuters,2026-08-14T10:26:23Z,Black Sea shipping,"LONDON, Aug 14 () - Russia on Friday dismissed the idea of a ceasefire with Ukraine in the Black Sea, saying it ‌saw no grounds for ""half-measures"" that woul...",Yahoo Entertainment,Russia,News,2026-08-21T12:51:10.571439Z
fcd3a7dd363d18bfd16d819e8b474cf8,"Billfish show up for White Marlin contest, Spanish mackerel on beaches",https://www.app.com/story/sports/outdoors/fishing/hook-line-and-sinker/2026/08/14/nj-fishing-reports-marlin-beach-haven-spanish-mackerel-surf-seaside-manasquan-jersey-shore-summer/91285280007/,"Dan Radel, Asbury Park Press",2026-08-14T09:09:56Z,Black Sea shipping,The reels were screaming this week as fishermen trolled up marlin offshore and landed Spanish mackerel from the beach.,Asbury Park Press,Unknown,News,2026-08-21T12:51:10.571471Z
d71e5157be284328ead42d36d681e655,NATO jets shoot down kamikaze drone over Latvia,https://www.dailymail.com/news/article-16052155/NATO-jets-shoot-kamikaze-drone-Latvia.html,Will Stewart,2026-08-14T07:51:12Z,Black Sea shipping,NATO jets scrambled today to shoot down a drone that crossed into Latvian airspace close to its border with Russia.,Dailymail.com,Russia,News,2026-08-21T12:51:10.571489Z
0b6867569b5d309069b862485a28a649,Iran Guards say Saudi Arabia won’t be able to contain Yemen’s Houthis,https://www.vanguardngr.com/2026/08/iran-guards-say-saudi-arabia-wont-be-able-to-contain-yemens-houthis/,Henry Oduah,2026-08-20T09:38:51Z,Red Sea shipping,"Iran's Revolutionary Guards warned on Thursday that Saudi Arabia will not be able to contain the Tehran-backed Houthis in Yemen as the rebels ramp up attacks on the kingdom.
The post Iran Guards say Saudi Arabia won’t be able to contain Yemen’s Houthis appear…",Vanguard,Unknown,News,2026-08-21T12:51:11.052433Z
ae7002d2b61db13ee5cd46a33d64561d,Saudi Aramco Gives Full September Oil Allocations to 3 European Refiners,https://oilprice.com/Latest-Energy-News/World-News/Saudi-Aramco-Gives-Full-September-Oil-Allocations-to-3-European-Refiners.html,Michael Kern,2026-08-19T16:30:00Z,Red Sea shipping,"Saudi Aramco will supply full contractual crude volumes to at least three European refiners in September, offering deliveries from Egypt, Saudi Arabia and through ship-to-ship transfers off Malta as the war disrupts the kingdom’s normal export routes, Bloombe…",OilPrice.com,Egypt,News,2026-08-21T12:51:11.052815Z
0cccec3c9df4ed3bee53bea2a1452ca7,Beware of Middle East Accords: They are regime-contingent,https://www.israelnationalnews.com/news/431916,Amb. (ret.) Yoram Ettinger,2026-08-19T04:58:25Z,Red Sea shipping,"In the non-democratic Middle East, Islamic/Arab regimes do not ascend to power through the ballot. They tend to be tenuous, as are their policies and agreements, which are not anchored in democratic and legal structures, but in foundational Islamic precepts a…",Israelnationalnews.com,Unknown,News,2026-08-21T12:51:11.053176Z
f50ec9d228797a229b821e52b6290083,Oil Price Today (August 19): Crude oil nears $92/barrel as Trump claims US in no talks with Iran. What lies ahead?,https://economictimes.indiatimes.com/markets/commodities/news/oil-price-today-august-19-crude-oil-nears-92/barrel-as-trump-claims-us-in-no-talks-with-iran-what-lies-ahead/articleshow/133336672.cms,Debaroti Adhikary,2026-08-19T03:49:59Z,Red Sea shipping,Crude oil prices edged closer to $92 a barrel on August 19 as escalating Middle East tensions and diplomatic stalemates between the US and Iran stoked global supply worries. Analysts at Goldman Sachs and JPMorgan warn Brent could spike past $110 if Strait of …,The Times of India,Global,Market Report,2026-08-21T12:51:11.053248Z
9f863d0f9c7559e4f909519c0f9074ca,From hammering Iran to strangling them: Donald Trump has a new approach in Middle East war,https://economictimes.indiatimes.com/news/international/global-trends/from-hammering-iran-to-strangling-them-donald-trump-has-a-new-approach-in-middle-east-war/articleshow/133336491.cms,ET Online,2026-08-19T03:49:30Z,Red Sea shipping,"President Trump is shifting his Iran strategy towards sustained economic and military pressure. Talks with Tehran have stalled, and a parallel Iran-Oman effort creates new challenges. Shipping through the Strait of Hormuz remains severely disrupted despite US…",The Times of India,Unknown,News,2026-08-21T12:51:11.053306Z
d3def440f4889f56abac41b7becf47fb,Iran launches ballistic missiles amid escalating conflict with UAE,https://cryptobriefing.com/iran-launches-ballistic-missiles-amid-escalating-conflict-with-uae/,Estefano Gomez,2026-08-18T18:28:42Z,Red Sea shipping,"The missile launch heightens regional instability, potentially escalating conflicts involving the Houthis and Israel, impacting market dynamics.
The post Iran launches ballistic missiles amid escalating conflict with UAE appeared first on Crypto Briefing.",Crypto Briefing,Unknown,Market Report,2026-08-21T12:51:11.053591Z
f378d27786f0f70dc4ca0baf9e16e50d,Aramco Puts VLCCs Back Into Hormuz After Three-Week Pause,https://oilprice.com/Latest-Energy-News/World-News/Aramco-Puts-VLCCs-Back-Into-Hormuz-After-Three-Week-Pause.html,Julianne Geiger,2026-08-18T18:18:00Z,Red Sea shipping,"Saudi Arabia spent weeks finding ways around the Strait of Hormuz. Now it is starting to send tankers straight back through it. Saudi Aramco resumed crude loadings from its Ras Tanura and Juaymah terminals inside the strait last week, ending a three-week gap …",OilPrice.com,Unknown,News,2026-08-21T12:51:11.053639Z
0d2e9f4bc1cb5141e7e97f4a0dcd9d08,"Saudi Arabia resumes oil loadings, sales from inside Strait of Hormuz",https://www.business-standard.com/world-news/saudi-arabia-resumes-oil-loadings-sales-from-inside-strait-of-hormuz-126081801553_1.html,Reuters,2026-08-18T17:13:28Z,Red Sea shipping,The resumption of Saudi exports could help ease the tight supply of heavier grades that produce more residue fuel which can be used to refuel ships or can be processed further at refineries,Business Standard,Unknown,News,2026-08-21T12:51:11.053757Z
ff39fac72a97a27e638eff19704e5cf7,Yemeni government escalates attacks against Houthis: What’s next?,https://www.aljazeera.com/news/2026/8/18/yemeni-government-escalates-attacks-against-houthis-whats-next,Al Jazeera Staff,2026-08-18T13:51:33Z,Red Sea shipping,Fighting intensifies across Yemen as Houthis clash with internationally recognised government forces across many fronts.,Al Jazeera English,Global,News,2026-08-21T12:51:11.053857Z
30279e77a2ae4fe343ecdeb68ecafd7d,"Yemen: Türk alarmed by rising civilian toll, urges restraint",https://www.globalsecurity.org/military/library/news/2026/08/mil-260818-azertac02.htm,John Pike,2026-08-18T12:00:00Z,Red Sea shipping,"Escalating conflict in Yemen is killing and injuring a growing number of civilians, the UN human rights chief warned on Monday, as Houthi rebels also strike Saudi Arabia and Red Sea shipping linked to the wider Iran-US confrontation.",Globalsecurity.org,Unknown,News,2026-08-21T12:51:11.053926Z
dbfa972e1fc071370efa74ef5c486f66,Houthi Threat to Red Sea Shipping Rises,https://biztoc.com/x/18b792c4ad56899a,wsj.com,2026-08-18T11:07:34Z,Red Sea shipping,Plus: Uber teams up with Zipline for drone deliveries; home-improvement revival sputters.,Biztoc.com,Unknown,News,2026-08-21T12:51:11.053953Z
7180368a17b9a35a50e7ee1eba8eba34,"Iran War: Trump Threatens to Bomb Oman as Iran Attacks on Shipping Notch Up, WSJ Reports Planning for Bigger Escalation; Debate Over Covert Transits;",https://www.nakedcapitalism.com/2026/08/iran-war-trump-threatens-to-bomb-oman-as-iran-attacks-on-shipping-notch-up-wsj-reports-planning-for-bigger-escalation-debate-over-covert-transits.html,Yves Smith,2026-08-18T10:58:59Z,Red Sea shipping,"Today's Iran war news: Trump vocalizes aggressively, including threatening nukes, as Iran and Ansar Allah dig in and energy supplies tighten",Nakedcapitalism.com,Unknown,Market Report,2026-08-21T12:51:11.053994Z
9ec319303af9cc797c549d6df0f94fbb,"Idemitsu starts sourcing Saudi crude via Suez route, sees no risk to stable supplies -president",https://www.channelnewsasia.com/business/idemitsu-starts-sourcing-saudi-crude-suez-route-sees-no-risk-stable-supplies-president-6325736,,2026-08-18T10:05:14Z,Red Sea shipping,"TOKYO, Aug 18 : Idemitsu Kosan, Japan's second-largest oil refiner, has begun sourcing Saudi crude from Yanbu via the Suez route and the Cape of Good Hope and sees no near-term threat to stable supplies, helped by UAE crude routed via Fujairah and imports fro…",CNA,Japan,News,2026-08-21T12:51:11.054077Z
8e7511ac9fb046971dcf4bec508bc29b,Will Oil Prices Keep Rising?,https://www.rigzone.com/news/will_oil_prices_keep_rising-18-aug-2026-184396-article/,Andreas Exarheas,2026-08-18T09:36:00Z,Red Sea shipping,Will oil prices keep rising as Iran tensions threaten global crude supply?,Rigzone,Global,Market Report,2026-08-21T12:51:11.054100Z
51881a3db7f8fe08c12c441a4524fc8f,"Saudi Arabia Resumes Oil Loadings, Sales From Inside Strait of Hormuz",https://gcaptain.com/saudi-arabia-resumes-oil-loadings-sales-from-inside-strait-of-hormuz/,Reuters,2026-08-18T09:24:25Z,Red Sea shipping,"Saudi Aramco resumed oil loading from inside the Strait of Hormuz last week and has more tankers waiting to load as the state energy giant offers spot heavy crude cargoes, according to shipping data and trade sources.",gcaptain.com,Unknown,News,2026-08-21T12:51:11.054142Z
74c856d79020232d2f81bdbe45260e8f,Iran Stands Firm on Strait of Hormuz as Trump Warns Americans of Higher Gas Prices,https://www.naturalnews.com/2026-08-18-iran-firm-hormuz-trump-warns-higher-gas-cost.html,Sterling Ashworth,2026-08-18T06:00:00Z,Red Sea shipping,"Iran’s Deputy Foreign Minister Kazem Gharibabadi said early Saturday that the Strait of Hormuz “will be opened and closed only under Iran’s command” and that Tehran would keep enforcing its blockade until Washington accepts “the reality of defeat,” according …",Naturalnews.com,USA,Market Report,2026-08-21T12:51:11.054206Z
9df279666571bac97c2f2a94653d12a5,Oil climbs as fading peace deal hopes raise supply risks,https://www.rte.ie/news/business/2026/0818/1588309-oil-climbs-as-fading-us-iran-peace-hopes-raise-supply-risks/,RTÉ News,2026-08-18T05:56:20Z,Red Sea shipping,"Oil prices rose today as prospects receded for a deal to end the Middle East war, with Iran saying it would adopt a more offensive stance and the United States ruling out extension of a ceasefire deal, heightening worries about energy supply.",RTE,USA,Market Report,2026-08-21T12:51:11.054225Z
ef9ccd7c32048a8879244575d92dba3e,US-Iran peace prospects dim with Trump in no hurry for deal,https://www.bloomberg.com/news/articles/2026-08-17/trump-threatens-to-bomb-oman-if-it-gets-in-way-of-us-fox-news-msx5rdoc,Bloomberg,2026-08-18T03:45:49Z,Red Sea shipping,"In a phone interview with Fox News, Trump said a US naval blockade on Iranian ports is putting pressure on the country and that he has no timeline for resolving the conflict",Bloomberg,Unknown,Analysis/Opinion,2026-08-21T12:51:11.054255Z
89e09e5430a4c8755f503685a56df334,Oil Price Today (August 18): Crude oil crosses $91/barrel amid fading US-Iran peace hopes. What lies ahead?,https://economictimes.indiatimes.com/markets/commodities/news/oil-price-today-august-18-crude-oil-crosses-91/barrel-amid-fading-us-iran-peace-hopes-what-lies-ahead/articleshow/133310278.cms,Debaroti Adhikary,2026-08-18T03:09:46Z,Red Sea shipping,"Crude oil prices surged past $91 per barrel on Tuesday, August 18, as peace talks between the US and Iran stalled. With shipping disruptions persisting in the Strait of Hormuz, global brokerages like Goldman Sachs and JPMorgan warn Brent crude could scale bet…",The Times of India,Global,Market Report,2026-08-21T12:51:11.054300Z
fbe43ee24db9d043b9934683ed0eef66,"Oil rises as Iran signals offensive stance, US rules out ceasefire extension",https://www.thehindubusinessline.com/markets/commodities/oil-rises-as-iran-signals-offensive-stance-us-rules-out-ceasefire-extension/article71358728.ece,Reuters,2026-08-18T02:58:24Z,Red Sea shipping,Brent at $91.14; Hormuz tanker traffic remains a trickle amid supply-risk concerns,BusinessLine,Unknown,News,2026-08-21T12:51:11.054354Z
8f7330b58e2cc5f6229b6ebf5c342045,Trump threatens Oman as it works with Iran on Strait of Hormuz deal,https://www.business-standard.com/world-news/trump-threatens-oman-as-it-works-with-iran-on-strait-of-hormuz-deal-126081800047_1.html,AP,2026-08-18T02:24:28Z,Red Sea shipping,"US President Donald Trump has again threatened Oman as Iran says it is working with the Gulf Arab country on a plan to manage shipping through the Strait of Hormuz.
Meanwhile, the 60-day negotiating period to find a peace deal between the US and Iran is expir…",Business Standard,Unknown,News,2026-08-21T12:51:11.054420Z
4ab9add0ebf9174c09c78a121780d645,"Oil rises as Brent tops $91, bond yields rise as US-Iran truce expires",https://www.business-standard.com/markets/news/oil-rises-as-brent-tops-91-bond-yields-rise-as-us-iran-truce-expires-126081800075_1.html,Reuters,2026-08-18T02:24:11Z,Red Sea shipping,"Brent crude futures climbed 27 cents, or 0.3%, to $91.14 by 0003 GMT, after rising to their highest since July 30 on Monday",Business Standard,Unknown,News,2026-08-21T12:51:11.054457Z
ecbf80fdab42d0390d79f47ba5ffbc35,"Crude prices cross $90 as ceasefire hopes dim, Hormuz disruption weighs on supply",https://timesofindia.indiatimes.com/business/international-business/crude-prices-cross-90-as-ceasefire-hopes-dim-hormuz-disruption-weighs-on-supply/articleshow/133309397.cms,TOI Business Desk,2026-08-18T02:03:45Z,Red Sea shipping,"Oil prices climbed Tuesday as Middle East war concerns persisted. Iran signaled a more offensive military approach, and the US rejected extending the ceasefire. Shipping through the Strait of Hormuz significantly decreased following recent attacks. Tensions a…",The Times of India,Unknown,Market Report,2026-08-21T12:51:11.054501Z
07db35d2a63b506fdd55a4ff1c194b3e,Oil climbs as fading US-Iran peace hopes raise supply risks,https://economictimes.indiatimes.com/markets/commodities/news/oil-climbs-as-fading-us-iran-peace-hopes-raise-supply-risks/articleshow/133309237.cms,Reuters,2026-08-18T01:43:28Z,Red Sea shipping,Oil prices climbed as Middle East war peace talks stalled significantly. Iran announced a shift to a fully offensive military posture. The United States ruled out extending a temporary ceasefire agreement. Shipping through the Strait of Hormuz has drastically…,The Times of India,USA,Market Report,2026-08-21T12:51:11.054524Z
22db2a536ca6ac257649e07ec0cd4cd2,Oil climbs as fading US-Iran peace hopes raise supply risks,https://www.channelnewsasia.com/business/oil-climbs-fading-us-iran-peace-hopes-raise-supply-risks-6324826,,2026-08-18T01:13:38Z,Red Sea shipping,"Aug 18 : Oil prices rose on Tuesday as a deal to end the Middle East war seemed further out of sight with Iran saying it will adopt a more offensive stance and the U.S. ruling out extending a ceasefire agreement, heightening worries about energy supply.Iran w…",CNA,Unknown,Market Report,2026-08-21T12:51:11.054566Z
7fccaa130a834cb5dac2d1651c4e953c,Iran threatens to go on offensive in Strait of Hormuz if diplomacy with US fails,https://economictimes.indiatimes.com/news/international/world-news/iran-threatens-to-go-on-offensive-in-strait-of-hormuz-if-diplomacy-with-us-fails/articleshow/133309029.cms,Reuters,2026-08-18T01:03:19Z,Red Sea shipping,Iran will adopt an offensive military stance as peace negotiations with the United States have stalled. The memorandum of understanding signed in June has quickly unraveled over control of the Strait of Hormuz. President Trump has ruled out extending the temp…,The Times of India,USA,News,2026-08-21T12:51:11.054593Z
cf0e870dcbeea7423803d5754d98d86b,Trump threatens Oman if it 'gets in way' of Iran deal,https://www.rte.ie/news/2026/0818/1588299-iran-middle-east/,RTÉ News,2026-08-17T23:27:33Z,Red Sea shipping,"President Donald Trump has threatened to bomb Oman if it ""gets in the way"" of a US deal with Iran on the Strait of Hormuz and called for Iran to surrender in a war that has become a growing political burden.",RTE,Unknown,News,2026-08-21T12:51:11.054628Z
ad4a5889a78826663369693de607b2f7,Trump threatens to bomb Oman if it 'gets in the way' with Iran,https://www.cbc.ca/news/world/iran-us-conflict-trump-oman-9.7310060,,2026-08-17T20:40:51Z,Red Sea shipping,U.S. President Donald Trump has again threatened Oman as Iran says it is working with the Gulf Arab country on a plan to manage shipping through the Strait of Hormuz. Fully reopening the waterway has been a key U.S. demand.,CBC News,Unknown,News,2026-08-21T12:51:11.054665Z
aa84bf23ec42e5bfbb1be232c32d5fa5,Stocks Settle Lower on Rising Crude Prices and Higher Bond Yields,https://www.barchart.com/story/news/3892903/stocks-settle-lower-on-rising-crude-prices-and-higher-bond-yields,Rich Asplund,2026-08-17T20:31:23Z,Red Sea shipping,"The S&P 500 Index ($SPX ) (SPY ) closed down by -0.52% on Monday, the Dow Jones Industrial Average ($DOWI ) (DIA ) closed down by -0.51%, and the Nasdaq 100...",Barchart.com,Unknown,Market Report,2026-08-21T12:51:11.054694Z
025cab6356837e6a842e6d31a58572d2,USA-Iran Peace Prospects Dim,https://www.rigzone.com/news/wire/usairan_peace_prospects_dim-17-aug-2026-184391-article/,Catherine Lucey,2026-08-17T20:00:00Z,Red Sea shipping,The prospects for peace in the Middle East suffered a fresh setback.,Rigzone,Unknown,News,2026-08-21T12:51:11.054719Z
c32b8d43e74366759e2fb347bb9ca619,Trump Rejects Iran Truce Extension as Oil Tops $90,https://gcaptain.com/trump-rejects-iran-truce-extension-as-oil-tops-90/,Bloomberg,2026-08-17T19:22:50Z,Red Sea shipping,"The prospects for peace in the Middle East suffered a fresh setback, with President Donald Trump saying he’s not interested in extending the expiring agreement with Iran and fighting flaring anew in Lebanon.",gcaptain.com,Unknown,News,2026-08-21T12:51:11.054776Z
4f973e44dad4d19cc11325b49b75191e,Crude Prices Jump as US-Iran War at a Standstill,https://www.barchart.com/story/news/3891677/crude-prices-jump-as-us-iran-war-at-a-standstill,Rich Asplund,2026-08-17T19:14:56Z,Red Sea shipping,"September WTI crude oil (CLU26) closed up +2.10 (+2.55%) on Monday, and September RBOB gasoline (RBU26) closed up +0.0860 (+2.70%). Crude oil and gasoline pr...",Barchart.com,Unknown,Market Report,2026-08-21T12:51:11.054809Z
5ce4475ce119696918828e061ed1bf6a,Trump threatens to bomb Oman if it gets in way of Iran deal,https://www.vanguardngr.com/2026/08/trump-threatens-to-bomb-oman-if-it-gets-in-way-of-iran-deal/,Henry Oduah,2026-08-17T17:19:18Z,Red Sea shipping,"US President Donald Trump threatened on Monday to bomb Oman, 60 days after the signing of a memorandum of understanding towards a peace deal to end the war between the United States and Iran.
The post Trump threatens to bomb Oman if it gets in way of Iran dea…",Vanguard,USA,News,2026-08-21T12:51:11.054861Z
0989d990145e7ac800e6123377bce355,Iran threatens to go on offensive in Hormuz if diplomacy with US fails,https://www.business-standard.com/world-news/iran-threatens-to-go-on-offensive-in-hormuz-if-diplomacy-with-us-fails-126081701577_1.html,Reuters,2026-08-17T17:16:00Z,Red Sea shipping,"There was no ​immediate response to those comments from Washington, but US Prez Donald Trump said in a phone interview with Fox News on Monday that Iran ""should put up the white flag of surrender""",Business Standard,Unknown,Analysis/Opinion,2026-08-21T12:51:11.054895Z
8ab6e7f2bc291972a7189423e43b5dde,Iran Threatens to Go on Offensive in Strait of Hormuz if Diplomacy Fails,https://www.insurancejournal.com/news/international/2026/08/17/881884.htm,Admin,2026-08-17T16:41:17Z,Red Sea shipping,"Iran has decided to shift its policy from defensive to “fully offensive” due to the deadlock in efforts to agree a permanent end to its war with the United States, a senior Iranian official told Reuters on Monday. Progress towards …",Insurance Journal,USA,News,2026-08-21T12:51:11.054961Z
48e7c7830323e455011c415bfaaddaa3,Iran Threatens to Go On Offensive in Strait of Hormuz if Diplomacy With US Fails,https://gcaptain.com/iran-threatens-to-go-on-offensive-in-strait-of-hormuz-if-diplomacy-with-us-fails/,Reuters,2026-08-17T16:32:34Z,Red Sea shipping,"Iran has decided to shift its policy from defensive to ""fully offensive"" due to the deadlock in efforts to agree a permanent end to its war with the United States, a senior Iranian official told Reuters on Monday.",gcaptain.com,USA,News,2026-08-21T12:51:11.054986Z
0819df0368325254ffa5909e2252a87b,Crude Prices Slightly Lower as Oil Supplies Transit Through the Persian Gulf,https://www.barchart.com/story/news/3888379/crude-prices-slightly-lower-as-oil-supplies-transit-through-the-persian-gulf,Rich Asplund,2026-08-17T15:33:07Z,Red Sea shipping,"September WTI crude oil (CLU26) today is down -0.03 (-0.03%), and September RBOB gasoline (RBU26) is up +0.0219 (+0.69%). Crude oil and gasoline prices are m...",Barchart.com,Unknown,Market Report,2026-08-21T12:51:11.055016Z
add53f16f4b27711d4629b5079301ed4,Iran works with Oman to finalise Hormuz agreement to manage shipping,https://www.business-standard.com/world-news/iran-works-with-oman-to-finalise-hormuz-agreement-to-manage-shipping-126081701336_1.html,Reuters,2026-08-17T15:22:27Z,Red Sea shipping,"The 60-day negotiating period to find a peace deal between the US and Iran was expiring, with no word of an extension and both sides seemingly as far apart as they were at the start.",Business Standard,Unknown,News,2026-08-21T12:51:11.055053Z
7c486010ce6c067844c7bf737ede7057,Stock Indices Waver on Strength in Chipmakers vs Weakness in Software Companies,https://www.barchart.com/story/news/3887971/stock-indices-waver-on-strength-in-chipmakers-vs-weakness-in-software-companies,Rich Asplund,2026-08-17T15:06:06Z,Red Sea shipping,"The S&P 500 Index ($SPX ) (SPY ) is down by -0.15% today, the Dow Jones Industrial Average ($DOWI ) (DIA ) is down by -0.44%, and the Nasdaq 100 Index ($IUXX...",Barchart.com,Unknown,Market Report,2026-08-21T12:51:11.055083Z
49abac38315b8592022a208c15a43394,Stocks Mixed on Strength in Chipmakers vs Weakness in Software Companies,https://www.barchart.com/story/news/3887038/stocks-mixed-on-strength-in-chipmakers-vs-weakness-in-software-companies,Rich Asplund,2026-08-17T14:06:51Z,Red Sea shipping,"The S&P 500 Index ($SPX ) (SPY ) is up by +0.17% today, the Dow Jones Industrial Average ($DOWI ) (DIA ) is up by +0.20%, and the Nasdaq 100 Index ($IUXX ) (...",Barchart.com,Unknown,Market Report,2026-08-21T12:51:11.055111Z
106b6fd7cb0173ad3350215690945ec8,Iran threatens to go on offensive in Strait of Hormuz if diplomacy with US fails,https://www.yahoo.com/news/articles/iran-threatens-offensive-strait-hormuz-134930139.html,By Parisa Hafezi and Katharine Jackson,2026-08-17T13:49:30Z,Red Sea shipping,"By Parisa Hafezi and Katharine Jackson DUBAI/WASHINGTON, Aug 17 (Reuters) - Iran has decided to shift its policy from defensive to ""fully offensive"" due to t...",Yahoo Entertainment,Unknown,News,2026-08-21T12:51:11.055144Z
f6a6bea3fdfb0e27e819adb824f2d38f,"Houthis claim attack on Saudi military vessel in Red Sea, escalating tensions",https://cryptobriefing.com/houthis-claim-attack-on-saudi-military-vessel-in-red-sea-escalating-tensions/,Estefano Gomez,2026-08-17T13:12:12Z,Red Sea shipping,"The attack heightens regional instability, potentially disrupting Red Sea shipping routes and influencing broader geopolitical dynamics.
The post Houthis claim attack on Saudi military vessel in Red Sea, escalating tensions appeared first on Crypto Briefing.",Crypto Briefing,Unknown,News,2026-08-21T12:51:11.055189Z
600b212fc665b72407aabce7faf6056b,Canada's inflation rate creeps up to 3% after gas prices spike,https://financialpost.com/news/economy/canada-inflation-rate-rises-3-percent-july,Paula Tran,2026-08-17T12:49:13Z,Red Sea shipping,"Higher gasoline prices pushed Canada's inflation rate up to 3% in July, an increase economists had widely anticipated. Read more",Financial Post,Unknown,Market Report,2026-08-21T12:51:11.055218Z
ccb54ccaa888ab8258a23a6ab708e46f,Inflation rate rose to 3% in July as gas prices climbed again,https://www.cbc.ca/news/business/cpi-july-2026-9.7309430,,2026-08-17T12:39:27Z,Red Sea shipping,The increase comes after a slight dip in overall inflation in June.,CBC News,Unknown,Market Report,2026-08-21T12:51:11.055243Z
bcd00d722add8049fc9c3a539f284bc4,Houthis claim missile attack on Saudi military ship in Red Sea as naval blockade intensifies,https://cryptobriefing.com/houthis-missile-attack-saudi-ship-red-sea/,Editorial Team,2026-08-17T12:33:46Z,Red Sea shipping,"The Houthi naval blockade heightens regional tensions, disrupts global oil markets, and challenges international maritime security efforts.
The post Houthis claim missile attack on Saudi military ship in Red Sea as naval blockade intensifies appeared first on…",Crypto Briefing,Global,Market Report,2026-08-21T12:51:11.055286Z
3dc7139ab19ccf7515f57e805bf1da26,"Yemen: Türk alarmed by rising civilian toll, urges restraint",https://www.globalsecurity.org/military/library/news/2026/08/mil-260817-unnews02.htm,John Pike,2026-08-17T12:00:00Z,Red Sea shipping,"Escalating conflict in Yemen is killing and injuring a growing number of civilians, the UN human rights chief warned on Monday, as Houthi rebels also strike Saudi Arabia and Red Sea shipping linked to the wider Iran-US confrontation.",Globalsecurity.org,Unknown,News,2026-08-21T12:51:11.055372Z
27613998eeea3dbe79dde92cd1bbdf8e,Asian Refiners Ask to Pick Up Saudi Oil Outside Risky Red Sea,https://gcaptain.com/asian-refiners-ask-to-pick-up-saudi-oil-outside-risky-red-sea/,Bloomberg,2026-08-17T11:33:22Z,Red Sea shipping,"Some Asian refiners are pushing back against Saudi Aramco’s request that they pick up their oil at Yanbu on the Red Sea, due to the difficulty of finding ships willing to sail through the dangerous waterway.",gcaptain.com,Unknown,News,2026-08-21T12:51:11.055414Z
ed8e797c7af4b4ca88d79910177d7049,Gulf war fallout: Somali households pay the price of trade disruption,https://www.thenewhumanitarian.org/news-feature/2026/08/17/gulf-war-fallout-somali-households-pay-price-trade-disruption,Faisal Ali,2026-08-17T10:30:55Z,Red Sea shipping,The closure of the Strait of Hormuz is hurting Somalia’s import-dependent economy.,The New Humanitarian,Unknown,News,2026-08-21T12:51:11.055488Z
db3808947af8f1a15682ce4960cb3aa1,Why Has Oil Not Rallied to $150 or Higher?,https://www.rigzone.com/news/why_has_oil_not_rallied_to_150_or_higher-17-aug-2026-184387-article/,Andreas Exarheas,2026-08-17T10:11:47Z,Red Sea shipping,"Bjarne Schieldrop, Chief Commodities Analyst at SEB, explains why Brent hasn't rallied to $150 per barrel or higher.",Rigzone,Unknown,News,2026-08-21T12:51:11.055541Z
71bb7c1c343e9970a7cf228daccb77a0,How Independent Is ‘Islamic NATO’?,https://www.nakedcapitalism.com/2026/08/how-independent-is-islamic-nato.html,Conor Gallagher,2026-08-17T10:00:41Z,Red Sea shipping,"Türkiye, Saudi Arabia, and Pakistan claim to want a regional security architecture without outside actors.",Nakedcapitalism.com,Unknown,News,2026-08-21T12:51:11.055575Z
44bf03e4b4b8c582afab9f77e347ce46,Asian Refiners Seek Alternative Pickup Point for Saudi Crude,https://oilprice.com/Latest-Energy-News/World-News/Asian-Refiners-Seek-Alternative-Pickup-Point-for-Saudi-Crude.html,Tsvetana Paraskova,2026-08-17T08:55:00Z,Red Sea shipping,Heightened risks to shipping safety in the Red Sea have prompted some Asian refiners to ask Saudi state oil giant Aramco to pick up its crude oil cargoes at Egypt’s Mediterranean port of Sidi Kerir as vessel owners are increasingly reluctant to pass through t…,OilPrice.com,Egypt,News,2026-08-21T12:51:11.055614Z
e281d0dab37616aaf70c745840399610,Pentagon Confirms U.S. Forces Killed 150 Civilians During Yemen War,https://www.naturalnews.com/2026-08-17-pentagon-us-forces-killed-150-civilians-yemen.html,Garrison Vance,2026-08-17T06:00:00Z,Red Sea shipping,"The Department of War (DOW) told Congress on Aug. 10 that U.S. airstrikes against Houthi forces in Yemen killed 153 civilians and wounded 243 others in 2025, according to its annual civilian casualty report. The report, submitted to the Senate Armed Services …",Naturalnews.com,Unknown,Market Report,2026-08-21T12:51:11.055692Z
1b4aac2209d8b2fd52aa8e3166c6847f,"Japanese automakers vulnerable to one-two punch of Iran war, yen rally",https://www.cnbc.com/2026/08/17/japanese-automakers-vulnerable-iran-war-yen-rally.html,Justina Lee,2026-08-17T05:18:44Z,Red Sea shipping,"Japanese automakers vulnerable to one-two punch of Iran war, yen rally",CNBC,Japan,News,2026-08-21T12:51:11.055784Z
92eeb9e4c8d00b5d7124b0ba536efca0,Oil Price Today (August 17): Crude oil approaches $90 again amid no breakthrough in Iran war talks. What’s next?,https://economictimes.indiatimes.com/markets/commodities/news/oil-price-today-august-17-crude-oil-approaches-90-again-amid-no-breakthrough-in-iran-war-talks-whats-next/articleshow/133284844.cms,Veer Sharma,2026-08-17T02:12:02Z,Red Sea shipping,"Over the weekend, Iranian Foreign Minister Abbas Araqchi said Iran had not decided to resume talks with the U.S. Meanwhile, U.S. President Donald Trump called on Americans to accept slightly higher gasoline prices while the conflict continues.",The Times of India,USA,Market Report,2026-08-21T12:51:11.055810Z
b4923863f9b8ef6a40d675c8961ec6b0,Interview: BlackRock’s Ronald Ratcliffe on why traditional diversification fails wealth managers,https://www.privatebankerinternational.com/interviews/interview-blackrocks-ronald-ratcliffe/,Satarupa Bhowmik,2026-08-20T12:44:12Z,Strait of Hormuz,"Ronald Ratcliffe, the managing director and head strategist for portfolio analytics at BlackRock Aladdin, tells Satarupa Bhowmik how macro forces drive risk,...",Privatebankerinternational.com,Unknown,Analysis/Opinion,2026-08-21T12:51:11.538689Z
4984b6827feb8d3094cfd381be6e047c,ADNOC Issues Ninth Spot Crude Tender Since June as UAE Boosts Exports,https://oilprice.com/Latest-Energy-News/World-News/ADNOC-Issues-Ninth-Spot-Crude-Tender-Since-June-as-UAE-Boosts-Exports.html,Tsvetana Paraskova,2026-08-20T12:30:00Z,Strait of Hormuz,"Abu Dhabi National Oil Company (ADNOC) has just issued its ninth spot tender offering crude oil to buyers for October and November loadings, as the United Arab Emirates (UAE) continues to push its oil production and exports higher despite the Hormuz crisis. T…",OilPrice.com,Unknown,Market Report,2026-08-21T12:51:11.538752Z
b55a26478f8a514361a8fd7a396d4516,Afghanistan Marks Five Years of Liberation from US-NATO Occupation,https://www.globalresearch.ca/afghanistan-marks-five-years-liberation-us-nato-occupation/5937343,Abayomi Azikiwe,2026-08-20T12:25:19Z,Strait of Hormuz,"During August of 2021, just seven months into the tenure of then President Joe Biden, the United States was rushing to withdraw its last military troops and aids out of the Central Asian state of Afghanistan.
On August 26 …
The post Afghanistan Marks Five Yea…",Globalresearch.ca,USA,News,2026-08-21T12:51:11.538798Z
74285d813de446ace8e52af57f05260f,"Here Are Thursday’s Top Wall Street Analyst Research Calls: Alphabet, Analog Devices, Crown Castle, Ebay, EPR Properties, Etsy, Merck & Co., Shopify, TJX Companies, and More",https://247wallst.com/investing/2026/08/20/here-are-thursdays-top-wall-street-analyst-research-calls-alphabet-analog-devices-crown-castle-ebay-epr-properties-etsy-merck-co-shopify-tjx-companies-and-more/,Lee Jackson,2026-08-20T12:01:39Z,Strait of Hormuz,"Pre-Market Stock Futures: Futures are trading lower after a wild day on Wall Street, as stocks took off after Treasury Secretary Bessent announced the Treasu...",24/7 Wall St.,Unknown,Market Report,2026-08-21T12:51:11.538845Z
1fdebc72a83f1fdd7c4ad044680790ae,Trump threatens Iran With “Economic D-Day”,https://legalinsurrection.com/2026/08/trump-threatens-iran-with-economic-d-day/,Vijeta Uniyal,2026-08-20T12:00:18Z,Strait of Hormuz,"Report: Iran Losing Control of the Strait of Hormuz
The post Trump threatens Iran With “Economic D-Day” first appeared on Le·gal In·sur·rec·tion.",Legalinsurrection.com,Unknown,Market Report,2026-08-21T12:51:11.538881Z
899da91e83696969c8c455261cddaf16,USS George Washington Arrives In Arabian Sea Near Strait Of Hormuz,https://www.globalsecurity.org/military/library/news/2026/08/mil-260820-rferl02.htm,John Pike,2026-08-20T12:00:00Z,Strait of Hormuz,The US military's Central Command (CENTCOM) says that the aircraft carrier USS George Washington has arrived in the Arabian Sea.,Globalsecurity.org,Unknown,News,2026-08-21T12:51:11.538916Z
f097682b052dabf1fb4839c4d016c1fc,Trump Announces 'Most Crushing Economic Operation' in History Against Iran,https://www.globalsecurity.org/wmd/library/news/iran/2026/08/iran-260820-sputnik01.htm,John Pike,2026-08-20T12:00:00Z,Strait of Hormuz,"US President Donald Trump has announced the start of the ""most crushing economic operation"" in history against Iran over the latter's alleged refusal to reach a deal with the United States.",Globalsecurity.org,USA,News,2026-08-21T12:51:11.538941Z
bd978b457264046f922f4a5ad710c9bc,Iran plans to bar hostile vessels from transiting Strait of Hormuz,https://www.globalsecurity.org/wmd/library/news/iran/2026/08/iran-260820-pdo02.htm,John Pike,2026-08-20T12:00:00Z,Strait of Hormuz,A senior Iranian lawmaker said Wednesday that a draft plan under review by Iran's parliament to safeguard security in the Strait of Hormuz would bar hostile and espionage vessels from transiting the strategic waterway.,Globalsecurity.org,Unknown,Analysis/Opinion,2026-08-21T12:51:11.538974Z
d2346bba61c8909c92c1a5e9e8ea62a1,Number of US Troops Wounded During Operation Against Iran Exceeds 750,https://www.globalsecurity.org/military/library/news/2026/08/mil-260820-sputnik01.htm,John Pike,2026-08-20T12:00:00Z,Strait of Hormuz,"The total number of US military personnel injured during the conflict with Iran has increased to 757, Sputnik found out on Thursday after analyzing recent Pentagon data.",Globalsecurity.org,Unknown,News,2026-08-21T12:51:11.539010Z
2741940282e0830d79f4435978610efe,"Bond relief ebbs, stocks fall as investors question Treasury's rescue efforts",https://finance.yahoo.com/markets/options/articles/bonds-recover-after-us-treasury-comes-to-the-rescue-054757285.html,By Niket Nishant and Rae Wee,2026-08-20T11:58:25Z,Strait of Hormuz,"By Niket Nishant and Rae Wee Aug 20 (Reuters) - U.S. government bonds sold off following a brief reprieve on Thursday, pushing yields higher again and keepin...",Yahoo Entertainment,Unknown,News,2026-08-21T12:51:11.539045Z
e2b6e89d0f72c2ceb5a36b9a63d02b0a,Japan deepen strategic ties with maritime security cooperation deal,https://www.business-standard.com/external-affairs-defence-security/news/japan-deepen-strategic-ties-with-maritime-security-cooperation-deal-126082000969_1.html,BS Reporter,2026-08-20T11:49:53Z,Strait of Hormuz,"Defence ministers sign a bilateral deal on maritime security cooperation, with an eye on the Indo-Pacific region",Business Standard,Japan,News,2026-08-21T12:51:11.539068Z
c286f871af88780b48f8f1e8eae4efaa,Rosie O’Donnell draws gasps over ‘Natalie’ dig at Trump amid scrutiny over his trusted aide,https://www.the-independent.com/arts-entertainment/tv/news/rosie-odonnell-trump-natalie-harp-b3036299.html,Tom Murray,2026-08-20T11:48:13Z,Strait of Hormuz,President’s relationship with his 35-year-old aide is facing intense scrutiny,The-independent.com,Unknown,News,2026-08-21T12:51:11.539105Z
b52724e43e56069c4eb70b2c464f6ea9,Iran dismisses US economic threats and other developments in the Middle East,https://economictimes.indiatimes.com/news/international/world-news/iran-dismisses-us-economic-threats-and-other-developments-in-the-middle-east/articleshow/133376025.cms,AP,2026-08-20T11:43:07Z,Strait of Hormuz,"Iran rejected United States President Donald Trump's economic threats and isolation policies.  Meanwhile, the United Kingdom and other nations condemned Israel's controversial settlement project.  Syria's foreign minister visited Pakistan, which is working to…",The Times of India,USA,News,2026-08-21T12:51:11.539135Z
dc73851146e21c88af31970b0ec21805,How Is The U.S. Keeping Oil Flowing Through The Strait Of Hormuz,https://biztoc.com/x/afddb7aa20c4e70f,tippinsights.com,2026-08-20T11:28:04Z,Strait of Hormuz,"The U.S. military has quietly established a shipping corridor through the Strait of Hormuz, allowing millions of barrels of oil to reach global markets despite ongoing tensions with Iran, according to Axios, citing two U.S. officials.
The operation has report…",Biztoc.com,Global,Market Report,2026-08-21T12:51:11.539176Z
8aad1bfebeb9f9fadaf24eca3f0a4b1d,US's secret Hormuz corridor: How America kept ships and oil moving despite closure,https://timesofindia.indiatimes.com/world/middle-east/uss-secret-hormuz-corridor-how-america-kept-ships-and-oil-moving-despite-closure/articleshow/133374684.cms,Vijaya Srivastava,2026-08-20T11:09:37Z,Strait of Hormuz,Middle East News: The US military secretly helped commercial tankers navigate the Strait of Hormuz in recent weeks despite Iran's closure of the strategic waterway. The.,The Times of India,USA,News,2026-08-21T12:51:11.539198Z
959c17a69a96f8c98169bdf471f8f0c4,"Who is Natalie Harp? The woman who, please God no, for her sake, may be sleeping with Trump",https://www.thedailymash.co.uk/news/international/who-is-natalie-harp-the-woman-who-please-god-no-for-her-sake-may-be-sleeping-with-trump-20260820268786,The Daily Mash,2026-08-20T10:55:55Z,Strait of Hormuz,"ONE of President Trump’s personal staff who, nobody likes to think about it but it’s possible, may be having sex with him has come to prominence. Who is Natalie Harp?",Thedailymash.co.uk,Unknown,News,2026-08-21T12:51:11.539288Z
c2e6454a14731fd5d495944679e0c3f4,Iran War: Further Admission of Weakness With New Super Duper Trump Sanctions Threat; Israel Moves Against Turkiye Risk Broader Conflagration; Bessent at Odds with Fed in Move to Contain Longer-Dated Treasury Yields,https://www.nakedcapitalism.com/?p=315155,Yves Smith,2026-08-20T10:54:03Z,Strait of Hormuz,"Today's Iran war news: More proof of Trump impotence via sanctions huffing and puffing, plus Bessent weirdly going to war with the Fed.",Nakedcapitalism.com,Unknown,News,2026-08-21T12:51:11.539332Z
9f02411a36c01dc7cf21804a2c251924,Indian Oil close to signing LPG import deal with Algeria's Sonatrach for 2027: Sources,https://economictimes.indiatimes.com/industry/energy/oil-gas/indian-oil-close-to-signing-lpg-import-deal-with-algerias-sonatrach-for-2027-sources/articleshow/133374453.cms,Reuters,2026-08-20T10:45:45Z,Strait of Hormuz,Indian Oil Corp has finalized a deal with Algeria's Sonatrach for LPG imports.  This agreement will supply one very large gas carrier monthly starting in 2027.  India is diversifying its LPG sources to reduce Middle East reliance.  The nation is also increasi…,The Times of India,India,Market Report,2026-08-21T12:51:11.539435Z
182f0659dcec3d022f95026f0517fcfb,'We always got on fine until this': Healy-Raes (separately) discuss their feud in documentary,https://www.thejournal.ie/healy-rae-brothers-feud-7136507-Aug2026/,Emma Hickey,2026-08-20T10:42:25Z,Strait of Hormuz,"The brothers addressed the lead-up, culmination and aftermath of their fallout in an RTÉ documentary.",TheJournal.ie,Unknown,News,2026-08-21T12:51:11.539469Z
beff928ca53202c8fcdae2a88e07469e,"EIA Sees Oil Crunch in 2026, Glut in 2027",https://www.rigzone.com/news/eia_sees_oil_crunch_in_2026_glut_in_2027-20-aug-2026-184419-article/,Andreas Exarheas,2026-08-20T10:39:08Z,Strait of Hormuz,The U.S. Energy Information Administration is predicting an oil market crunch in 2026 and a glut in 2027.,Rigzone,Unknown,Market Report,2026-08-21T12:51:11.539495Z
e67a03a625b8f5534b77b1bf59ea27d1,"Qatar mediates between US and Iran to ease tensions, reopen Strait of Hormuz",https://cryptobriefing.com/qatar-mediates-between-us-and-iran-to-ease-tensions-reopen-strait-of-hormuz/,Estefano Gomez,2026-08-20T10:38:57Z,Strait of Hormuz,"Qatar's mediation could pave the way for renewed US-Iran dialogue, potentially stabilizing regional tensions and impacting global trade routes.
The post Qatar mediates between US and Iran to ease tensions, reopen Strait of Hormuz appeared first on Crypto Brie…",Crypto Briefing,Global,News,2026-08-21T12:51:11.539546Z
d89ab1327a4ba8365db0012b54586d2a,"Europe has no choice but to wish Marco Rubio well, even if it is through gritted teeth",https://www.irishtimes.com/world/us/2026/08/20/europe-has-no-choice-but-to-wish-marco-rubio-well-even-if-it-is-through-gritted-teeth/,Janan Ganesh,2026-08-20T10:34:25Z,Strait of Hormuz,Americans who support reckless wars are sometimes also the most likely to defend democratic Europe,The Irish Times,USA,News,2026-08-21T12:51:11.539586Z
41ff504aac0ecc4c09fc19b77a29bfa5,Oman calls for permanent peace in Strait of Hormuz region,https://biztoc.com/x/a3b38c46c689e70b,investing.com,2026-08-20T10:27:48Z,Strait of Hormuz,"Risk Disclosure: Trading in financial instruments and/or cryptocurrencies involves high risks including the risk of losing some, or all, of your investment amount, and may not be suitable for all investors. Prices of cryptocurrencies are extremely volatile an…",Biztoc.com,Unknown,Market Report,2026-08-21T12:51:11.539629Z
58105838854273b45588885b57d38128,"Hey, Republicans: Farmers Can't Build a Future on Constant Uncertainty",https://www.commondreams.org/opinion/republicans-make-farming-unstable,Terry Brown,2026-08-20T10:14:03Z,Strait of Hormuz,"America’s farmers understand that some degree of uncertainty comes with the job. They can’t control the weather, after all. But for most of them, the biggest source of uncertainty is not nature, but politics. As US foreign and domestic policy becomes less pre…",Common Dreams,USA,News,2026-08-21T12:51:11.539658Z
075de5ba1fa4101a900a01505f8f6cf4,"India needs urgent export market diversification amid US tariff risks, says RBI MPC member",https://www.thehindubusinessline.com/economy/india-needs-urgent-export-market-diversification-amid-us-tariff-risks-says-rbi-mpc-member/article71368374.ece,ANI,2026-08-20T10:09:12Z,Strait of Hormuz,"Kumar also flagged a 100% tariff on generic drug imports from 2028 and 200 per cent from 2029, adding to the risks facing India's exports",BusinessLine,India,Market Report,2026-08-21T12:51:11.539672Z
184979a311c6ff23add1b2082ee04b48,India turns to Venezuela as West Asia disruptions accelerate crude supply diversification,https://www.thehindubusinessline.com/news/india-turns-to-venezuela-as-west-asia-disruptions-accelerate-crude-supply-diversification/article71368369.ece,PTI,2026-08-20T10:06:10Z,Strait of Hormuz,"India diversifies crude oil imports, increasing reliance on Venezuela amid West Asia disruptions, enhancing energy security and resilience.",BusinessLine,India,News,2026-08-21T12:51:11.539691Z
c9b4140af4336075b59b78080c68124d,"After Six Months of War, Trump Is Still Losing to Iran",https://www.newyorker.com/news/global-notes/after-six-months-of-war-trump-is-still-losing-to-iran,Ishaan Tharoor,2026-08-20T10:00:00Z,Strait of Hormuz,Ishaan Tharoor writes about the state of President Donald Trump’s war in Iran six months after its beginning.,The New Yorker,Unknown,News,2026-08-21T12:51:11.539756Z
1178d56da2fb7f8aea82c0f317cf7387,"Two Years Ago, They Revered Trump; Now, They Ridicule and Revile Him",https://newrepublic.com/article/214508/trump-manosphere-ridicule-revile,Sidney Blumenthal,2026-08-20T10:00:00Z,Strait of Hormuz,"Donald Trump has lost his war in
reality and virtual reality, not only with Iran but also in the arena where he
thought he was the eternal master, in image and myth. He has lost it on land,
sea and air—and in thin air. He has lost his war both physically and
…",The New Republic,Unknown,News,2026-08-21T12:51:11.539827Z
e7620cd45db2bb3b35ad56805236796f,Govt 'won't be found wanting' on fodder supports - Heydon,https://www.rte.ie/news/2026/0820/1588628-fodder-ireland/,RTÉ News,2026-08-20T09:56:42Z,Strait of Hormuz,"Minister for Agriculture Martin Heydon has said the Government ""won't be found wanting"" in terms of supports of farmers who are facing significant fodder deficits due to the recent dry spell.",RTE,Unknown,News,2026-08-21T12:51:11.539899Z
45372a5d7cdf2adfd0db015d92cef385,"Trump threatens ""most crushing"" economic warfare, accuses Iran of failing to make deal",https://www.globalsecurity.org/wmd/library/news/iran/2026/08/iran-260820-pdo01.htm,John Pike,2026-08-20T09:51:16Z,Strait of Hormuz,"U.S. President Donald Trump announced on Wednesday what he described as ""the most crushing economic operation ever taken against any country.""",Globalsecurity.org,Unknown,News,2026-08-21T12:51:11.539934Z
d79512dc0f6e766cb01f9bafd6f2cd25,WH said to think Iran-Oman talks have stalled,https://biztoc.com/x/15806da68e895032,breakingthenews.net,2026-08-20T09:42:22Z,Strait of Hormuz,"Talks between Iran and Oman over the future management of the Strait of Hormuz ""broke down weeks ago,"" Semafor reported Thursday, citing unnamed US officials. The contacts frustrated US President Dona...",Biztoc.com,Unknown,Market Report,2026-08-21T12:51:11.539967Z
9a3c9735cdfc71735e908016080b2a8c,"Trump targets Iran oil trade, impacting China amid US-Iran tensions",https://cryptobriefing.com/trump-targets-iran-oil-trade-impacting-china-amid-us-iran-tensions/,Estefano Gomez,2026-08-20T09:18:07Z,Strait of Hormuz,"Trump's actions may hinder US-Iran deal prospects, complicating global oil markets and straining US-China relations further.
The post Trump targets Iran oil trade, impacting China amid US-Iran tensions appeared first on Crypto Briefing.",Crypto Briefing,China,Market Report,2026-08-21T12:51:11.539977Z
7f60589b78b55b655ec1af1cc0465843,India reworks oil map With Venezuela as Hormuz battlefield keeps Gulf flows in doubt,https://economictimes.indiatimes.com/industry/energy/oil-gas/india-reworks-oil-map-with-venezuela-as-hormuz-battlefield-keeps-gulf-flows-in-doubt/articleshow/133371249.cms,ET Online,2026-08-20T08:51:36Z,Strait of Hormuz,"India is increasing crude oil imports from Venezuela and Latin America.  This diversification aims to secure supplies amid Middle East disruptions.  Russian oil remains India's dominant supplier, providing a crucial hedge.  The nation is also accelerating alt…",The Times of India,India,News,2026-08-21T12:51:11.540006Z
22d53f52bf176a3b762f7a6bac99f3f1,India turns to Venezuela amid West Asia crude oil supply disruptions,https://www.business-standard.com/economy/news/india-turns-to-venezuela-amid-west-asia-crude-oil-supply-disruptions-126082000563_1.html,Press Trust of India,2026-08-20T08:37:45Z,Strait of Hormuz,"India is widening its crude oil sourcing to Latin America as disruptions linked to the Iran conflict and the Strait of Hormuz push the world's third-largest oil consumer to diversify supplies, ship tracking data showed.
Indian crude imports from Venezuela hav…",Business Standard,India,News,2026-08-21T12:51:11.540063Z
a2282ab8189d7a91d2a882c7da31fe69,Trump Targets Iran Trade Partners,https://www.rigzone.com/news/wire/trump_targets_iran_trade_partners-20-aug-2026-184417-article/,Derek Wallbank & Patrick Sykes,2026-08-20T08:35:27Z,Strait of Hormuz,The U.S. president announced plans to subject Iran to an 'economic D-Day'.,Rigzone,Unknown,News,2026-08-21T12:51:11.540089Z
b20cf037c64e106ebf28112f9f444fff,Report: Trump suggests intense attacks on Iran if economic pressure fails,https://www.israelnationalnews.com/news/431982,Israel National News,2026-08-20T08:35:00Z,Strait of Hormuz,Report: President Donald Trump has ordered his Iran negotiating team to freeze talks for several weeks as prospects for a deal with Tehran diminish.,Israelnationalnews.com,Unknown,Market Report,2026-08-21T12:51:11.540120Z
61142d69218bbd071abc47fc2cec5700,Iran slams Trump’s economic pressure plan as more ‘failed policies’,https://www.vanguardngr.com/2026/08/iran-slams-trumps-economic-pressure-plan-as-more-failed-policies/,Henry Oduah,2026-08-20T08:13:30Z,Strait of Hormuz,"War broke out between Iran and the United States on February 28 with US-Israeli attacks which triggered Iranian retaliation across the region.
The post Iran slams Trump’s economic pressure plan as more ‘failed policies’ appeared first on Vanguard News.",Vanguard,USA,News,2026-08-21T12:51:11.540151Z
b3b1660c1b5b74770a58959470315b20,"Stock market today: Dow, S&P 500, Nasdaq futures mixed after Treasury's bond intervention buoys markets",https://finance.yahoo.com/markets/live/stock-market-today-thursday-august-20-dow-sp-500-nasdaq-081139322.html,Grace O'Donnell,2026-08-20T08:11:39Z,Strait of Hormuz,"Markets continued to assess the implications of the Treasury's bond buyback plans, Trump's economic warfare plans, and the national debt above $40 trillion.",Yahoo Entertainment,Unknown,Market Report,2026-08-21T12:51:11.540182Z
d7d6260b3d4ea17d88447c7f91603442,CBL International Reports Strong 1H 2026 Results,https://en.antaranews.com/news/427889/cbl-international-reports-strong-1h-2026-results,PR Wire,2026-08-20T07:42:38Z,Strait of Hormuz,"CBL International Limited (Nasdaq: BANL) (the &ldquo;Company&rdquo; or &ldquo;CBL&rdquo;), the listing vehicle of the Banle Group (&ldquo;Banle&rdquo; or ...",Antaranews.com,Global,Market Report,2026-08-21T12:51:11.540255Z
7694d5f4ad777208b9f445b78fc56910,Trump threatens economic punishment on ‘any country’ helping Iran,https://www.vanguardngr.com/2026/08/trump-threatens-economic-punishment-on-any-country-helping-iran/,Henry Oduah,2026-08-20T07:24:28Z,Strait of Hormuz,"The intensified economic pressure campaign comes as the war nears its sixth month with no immediate diplomatic or military off-ramp in sight.
The post Trump threatens economic punishment on ‘any country’ helping Iran appeared first on Vanguard News.",Vanguard,Unknown,News,2026-08-21T12:51:11.540425Z
f1c1b1461628a6ef6fd27604fc5a2bb7,The Iran war energy crisis is just getting started,https://economictimes.indiatimes.com/industry/energy/oil-gas/the-iran-war-energy-crisis-is-just-getting-started/articleshow/133368291.cms,Reuters,2026-08-20T07:18:34Z,Strait of Hormuz,"The Iran war has severely impacted global oil refining, causing diesel and gasoline prices to remain elevated.  Refined product prices have surged significantly, unlike crude oil benchmarks.  Disruptions have depleted fuel stockpiles, creating a substantial s…",The Times of India,Global,Market Report,2026-08-21T12:51:11.540466Z
d132839b2b90a765c6ef03dc1c2664c0,Japan reports record exports and imports for July as energy costs climb,https://abcnews.com/Business/wireStory/japan-reports-record-exports-imports-july-energy-costs-135795316,YURI KAGEYAMA AP business writer,2026-08-20T06:32:59Z,Strait of Hormuz,"Japan’s imports and exports set records in July, though soaring energy costs and a weak yen helped extend a trade deficit for a third straight month",Abcnews.com,Japan,Market Report,2026-08-21T12:51:11.540546Z
4bf11408de30d5db3466502a2c688f3f,Japan reports record exports and imports for July,https://www.hurriyetdailynews.com/japan-reports-record-exports-and-imports-for-july-225828,hurriyetdailynews.com,2026-08-20T06:30:57Z,Strait of Hormuz,"Japan’s imports and exports set records in July and soaring energy costs and a weak yen helped extend a trade deficit for a third month, government data showed.",Hurriyet Daily News,Japan,Market Report,2026-08-21T12:51:11.540569Z
d239231b56fec0f0ec75ba488cc8799c,"Nifty trades above 24,200 level; consumer durables shares underpressure",https://www.business-standard.com/markets/capital-market-news/nifty-trades-above-24-200-level-consumer-durables-shares-underpressure-126082000428_1.html,Capital Market,2026-08-20T06:20:12Z,Strait of Hormuz,"At 11:30 IST, the barometer index, the S&P BSE Sensex gained 485.29 points or 0.64% to 77,395.23. The Nifty 50 index jumped 124.25 points or 0.52% to 24,203.05.",Business Standard,Unknown,Market Report,2026-08-21T12:51:11.540598Z
e515cb92a08ff623bbb339b328e7473a,"Iran war disrupts global energy supply, largest oil market impact: IEA",https://cryptobriefing.com/iran-war-disrupts-global-energy-supply-largest-oil-market-impact-iea/,Estefano Gomez,2026-08-20T06:18:50Z,Strait of Hormuz,"The conflict exacerbates geopolitical tensions, hindering diplomatic resolutions and threatening global energy security and economic stability.
The post Iran war disrupts global energy supply, largest oil market impact: IEA appeared first on Crypto Briefing.",Crypto Briefing,Global,Market Report,2026-08-21T12:51:11.540633Z
81c93750605654ed4333765e50b51c1b,Trump dismisses report of attack on USS Abraham Lincoln,https://www.naturalnews.com/2026-08-20-trump-dismisses-report-attack-uss-abraham-lincoln.html,Garrison Vance,2026-08-20T06:00:00Z,Strait of Hormuz,"President Trump dismissed a report claiming the USS Abraham Lincoln had been damaged in an attack, telling reporters that family members of the crew had nothing to worry about and that nine months at sea was “not nearly long enough” [1]. The report, which cir…",Naturalnews.com,Unknown,Market Report,2026-08-21T12:51:11.540677Z
e2f25f82c27feceaa8b31eb2b830dc77,UAE Suspends Trade and Financial Ties With Iran After Alleged Missile Attack,https://www.naturalnews.com/2026-08-20-uae-suspends-trade-financial-ties-with-iran.html,Garrison Vance,2026-08-20T06:00:00Z,Strait of Hormuz,"The United Arab Emirates (UAE) accused Iran of firing two ballistic missiles toward Emirati territory on Tuesday, Aug. 18, and announced a halt to all trade and financial transactions with Tehran, according to the Emirati Ministry of Defense (MOD) and the Emi…",Naturalnews.com,Unknown,Market Report,2026-08-21T12:51:11.540723Z
3ecac96dc75a48432dae05f320d45468,Iran Sternly Warns Gulf Nations Against Helping America,https://www.naturalnews.com/2026-08-20-iran-warns-gulf-nations-against-helping-america.html,Garrison Vance,2026-08-20T06:00:00Z,Strait of Hormuz,"Iran warned Gulf states Wednesday, Aug. 19, that providing assistance to U.S. military operations would amount to participation in the conflict – hours after the United Arab Emirates (UAE) announced it was suspending economic ties with Tehran. Maj. Gen. Ali A…",Naturalnews.com,USA,Market Report,2026-08-21T12:51:11.540811Z
bb85ae55090ac9530b5d2eb5dd5b1572,Trump Vows 'Most Crushing' Sanctions in Iran War,https://www.newser.com/story/394966/trump-vows-most-crushing-sanctions-in-iran-war.html,Evann Gastaldo with Newser.AI,2026-08-20T05:30:00Z,Strait of Hormuz,"President Trump is turning up the pressure on Tehran and anyone still doing business with it, Al Jazeera reports. The POTUS on Wednesday unveiled what he called the ""most crushing economic operation"" ever against Iran, vowing ""economic warfare and isolation o…",Newser,Unknown,Market Report,2026-08-21T12:51:11.540914Z
9ec2a87416ab68609e24cb934b3f2251,"Muthoot Finance, Manappuram, other gold financier stocks jump up to 4% as gold prices rise above Rs 1.58 lakh/10 grams",https://economictimes.indiatimes.com/markets/stocks/news/muthoot-finance-manappuram-other-gold-financier-stocks-jump-up-to-4-as-gold-prices-rise-above-rs-1-58-lakh/10-grams/articleshow/133364875.cms,Debaroti Adhikary,2026-08-20T05:09:10Z,Strait of Hormuz,"Shares of gold loan companies Muthoot Finance, Manappuram Finance and IIFL Finance rose as much as 4% as gold prices surged following the US Treasury’s decision to increase longer-dated bond buybacks. Rising gold prices can boost the value of collateral pledg…",The Times of India,Unknown,Market Report,2026-08-21T12:51:11.541034Z
912b6bc3684181fd8a84029142c7d37a,"ADNOC launches ninth spot crude tender since June, sources say",https://economictimes.indiatimes.com/industry/energy/oil-gas/adnoc-launches-ninth-spot-crude-tender-since-june-sources-say/articleshow/133364799.cms,Reuters,2026-08-20T05:00:01Z,Strait of Hormuz,"Abu Dhabi National Oil Company is offering spot crude oil in a tender.  This tender is for Upper Zakum, Umm Lulu, and Das crude oil.  Bids are due by August twenty-fourth and will remain valid until August twenty-sixth.  Buyers can purchase on a free-on-board…",The Times of India,Unknown,News,2026-08-21T12:51:11.541082Z
3feb2590081f7840a22e628d3d7fc1fb,"Trump’s Former Counterterrorism Chief Warns Against Iran Economic Measures, Citing Risk to US Troops—Backs…",https://biztoc.com/x/24f39773812253b4,benzinga.com,2026-08-20T04:55:10Z,Strait of Hormuz,"Joe Kent warns against economic measures on Iran, urges U.S. to pull troops and offer sanctions relief to reopen Strait of Hormuz.",Biztoc.com,Unknown,News,2026-08-21T12:51:11.541123Z
67b3af7fe217b0fd5d7d03d47b53f75a,"China boosts imports of Russian crude, stymieing India's refiners",https://economictimes.indiatimes.com/industry/energy/oil-gas/china-boosts-imports-of-russian-crude-stymieing-indias-refiners/articleshow/133364555.cms,Reuters,2026-08-20T04:52:44Z,Strait of Hormuz,"China's growing demand for Russian crude oil is impacting India's supply. India's imports from Russia's European ports have significantly decreased recently. This shift means India struggles to replace its reduced Russian oil volumes. Consequently, India's to…",The Times of India,China,News,2026-08-21T12:51:11.541144Z
bb4a4d590c026ed58ef7aeb506979881,Gold rebounds above Rs 1.58 lakh/10 grams as US bond yields decline. What lies ahead?,https://economictimes.indiatimes.com/markets/commodities/news/gold-rebounds-above-rs-1-58-lakh/10-grams-as-us-bond-yields-decline-what-lies-ahead/articleshow/133364074.cms,Debaroti Adhikary,2026-08-20T04:26:59Z,Strait of Hormuz,"Gold prices rose above Rs 1.58 lakh per 10 grams on the MCX as US Treasury yields fell and the dollar remained subdued following increased liquidity support. With geopolitical uncertainty, crude prices and upcoming US economic data in focus, analysts expect g…",The Times of India,Unknown,Market Report,2026-08-21T12:51:11.541235Z
12d3dd55a85db7d5606eb7fd08e8e31b,Nifty snaps seven-session losing streak; IT leads gains as bond yield relief lifts sentiment,https://www.thehindubusinessline.com/markets/nifty-snaps-seven-session-losing-streak-it-leads-gains-as-bond-yield-relief-lifts-sentiment/article71367706.ece,Anupama Ghosh,2026-08-20T04:22:52Z,Strait of Hormuz,The rally was triggered largely by an overnight recovery on Wall Street after the US Treasury announced it would double long-duration bond buybacks to at least $4 billion per operation,BusinessLine,Unknown,News,2026-08-21T12:51:11.541273Z
d134bc45541697ab022ecb32e47a078e,The Mecca Security Pact is not about Iran,https://www.juancole.com/2026/08/mecca-security-about.html,Shahram Akbarzadeh,2026-08-20T04:15:21Z,Strait of Hormuz,The Pact suggests serious strategic rethinking about the reliability of the United States as the region's guarantor of peace and stability,Juancole.com,USA,News,2026-08-21T12:51:11.541321Z
0305d245271daf8cae7e16e509503c7e,US military facilitates oil shipments through secret Hormuz route: Report,https://www.business-standard.com/world-news/us-military-facilitates-oil-shipments-through-secret-hormuz-route-report-126082000171_1.html,Vrinda Goel,2026-08-20T04:07:31Z,Strait of Hormuz,"The US military has established a discreet shipping corridor through the Strait of Hormuz, allowing millions of barrels of oil to move daily amid disruptions to traffic during the Iran war",Business Standard,Unknown,Market Report,2026-08-21T12:51:11.541388Z
edf5c82fc4fa7101fe466ee0941ecc74,Strategy shift: Tehran is replacing nuclear blackmail with the Strait of Hormuz,https://www.americanthinker.com/blog/2026/08/strategy-shift-tehran-is-replacing-nuclear-blackmail-with-the-strait-of-hormuz/,,2026-08-20T04:00:00Z,Strait of Hormuz,"By Hamid EnayatProtecting shipping is necessary, and ending Tehran’s cycle of coercion requires a strategy that recognizes the organized democratic resistance inside Iran.",Americanthinker.com,Unknown,News,2026-08-21T12:51:11.541478Z
02ffe4c3fcdc2896642c3c7972edea7a,Iran’s Strait of Hormuz control raises bond market instability concerns,https://cryptobriefing.com/irans-strait-of-hormuz-control-raises-bond-market-instability-concerns/,Estefano Gomez,2026-08-20T03:59:24Z,Strait of Hormuz,"Geopolitical tensions in the Strait of Hormuz could exacerbate global financial instability, impacting energy markets and sovereign debt.
The post Iran’s Strait of Hormuz control raises bond market instability concerns appeared first on Crypto Briefing.",Crypto Briefing,Global,Market Report,2026-08-21T12:51:11.541521Z
5ac7913ff568d2263bdd0742ea5614cb,"Japan reports record exports, imports for July as energy costs climb",https://www.business-standard.com/world-news/japan-reports-record-exports-imports-for-july-as-energy-costs-climb-126082000120_1.html,AP,2026-08-20T03:56:36Z,Strait of Hormuz,"Japan's imports and exports set records in July and soaring energy costs and a weak yen helped extend a trade deficit for a third month, government data showed.
Japan's trade deficit totalled 634.5 billion yen (USD 4 billion) last month, marking the third str…",Business Standard,Japan,Market Report,2026-08-21T12:51:11.541550Z
e31e25c18a96b4e26a34414bbe44e7e5,New York Times: US Navy Is Getting Oil Through the Strait of Hormuz,https://freerepublic.com/focus/f-news/4392442/posts,Hotair,2026-08-20T03:47:03Z,Strait of Hormuz,It feels like it's not very often that the NY Times says something positive about an operation taking place under the direction of President Trump. But today they did just that with a story that notes an ongoing operation to help ships full of oil clear the S…,Freerepublic.com,Unknown,News,2026-08-21T12:51:11.541595Z
b3fc16bdec5d977fb03ab5253d0a96de,Trump Announces 'Most Crushing Economic Operation' in History Against Iran,https://sputnikglobe.com/20260820/trump-announces-most-crushing-economic-operation-in-history-against-iran-1124606406.html,Sputnik International,2026-08-20T03:18:00Z,Strait of Hormuz,"US President Donald Trump has announced the start of the ""most crushing economic operation"" in history against Iran over the latter's alleged refusal to reach a deal with the United States.",Sputnikglobe.com,USA,News,2026-08-21T12:51:11.541686Z
c9f76c745acbdb32a77b86ddf12507b6,"Hormuz shipping unchanged amid US-Iran stalemate, data shows",https://economictimes.indiatimes.com/news/international/world-news/hormuz-shipping-unchanged-amid-us-iran-stalemate-data-shows/articleshow/133362763.cms,Reuters,2026-08-20T03:03:47Z,Strait of Hormuz,"Shipping traffic through the Strait of Hormuz remained unchanged on Wednesday. Discussions to end the war between the United States and Iran stayed deadlocked. Commodity vessel transits at Hormuz totalled nine, mirroring Tuesday's figures. Meanwhile, traffic …",The Times of India,USA,News,2026-08-21T12:51:11.541713Z
89865a2731d7108ca7211fb25c49b5c0,Asian stocks rally as US Treasury steps in to ease bond fears,https://www.channelnewsasia.com/business/asian-stocks-rally-us-treasury-steps-in-ease-bond-fears-6329931,,2026-08-20T02:49:00Z,Strait of Hormuz,"HONG KONG: Asian markets rallied on Thursday (Aug 20) after the US Treasury said it would ""at least double"" the amount of long-term bonds to push down borrowing costs, after they surged this week to near two-decade highs.The surprise move provided a much-need…",CNA,Unknown,Market Report,2026-08-21T12:51:11.541814Z
b7d481f065c7ed0d2b07727c04adfb44,Iran goes on offensive as diplomacy with US stalls,https://economictimes.indiatimes.com/news/international/world-news/iran-goes-on-offensive-as-diplomacy-with-us-stalls/articleshow/133362291.cms,AFP,2026-08-20T02:41:28Z,Strait of Hormuz,"Six months into its war with the United States, Iran's military has begun signalling a shift from retaliation to offence, which analysts say could reflect Tehran's belief it holds leverage to advance its demands and break the stalemate. Ahmad Zeidabadi, a Teh…",The Times of India,USA,News,2026-08-21T12:51:11.541877Z
e6fb1e83aa701e25a9034725ab990054,"Trump warns Iran of 'draconian' sanctions, claims Hormuz blockade holds",https://www.business-standard.com/world-news/trump-warns-iran-of-draconian-sanctions-claims-hormuz-blockade-holds-126082000056_1.html,ANI,2026-08-20T02:14:06Z,Strait of Hormuz,"US President Donald Trump said Washington could impose further sanctions on Iran, while claiming the Strait of Hormuz remains open and the naval blockade has been 100% effective",Business Standard,Unknown,News,2026-08-21T12:51:11.541913Z
1f721f274f067de8522e124bb50f7768,Report: US opens secret Hormuz oil corridor,https://www.israelnationalnews.com/news/431962,Israel National News,2026-08-20T02:11:11Z,Strait of Hormuz,"US forces have established a secret Hormuz shipping corridor moving millions of oil barrels daily, according to an Axios report.",Israelnationalnews.com,Unknown,Market Report,2026-08-21T12:51:11.541944Z
0ff6a5a5d6d7ebd933234a3b88cd7cd8,Trump announces ‘Economic D-Day’ against Iran: ‘Most crushing economic operation ever taken’,https://nypost.com/2026/08/19/us-news/trump-announces-economic-d-day-against-iran-most-crushing-economic-operation-ever-taken/,Victor Nava,2026-08-20T01:56:53Z,Strait of Hormuz,"“Therefore, today, I am announcing the MOST CRUSHING ECONOMIC OPERATION EVER TAKEN AGAINST ANY COUNTRY!"" Trump announced. “This will be Economic Warfare and Isolation on an unprecedented scale.”",New York Post,Unknown,News,2026-08-21T12:51:11.542036Z
6d6a6a6a28a8e33042afbdada95d00a9,Treasury Increases Sanctions on Hizballah and Targets Network Smuggling Millions in Cash for Hizballah,https://www.globalsecurity.org/wmd/library/news/iran/2026/08/iran-260820-treasury01.htm,John Pike,2026-08-20T12:00:00Z,shipping sanctions,"Today, the U.S. Department of the Treasury's Office of Foreign Assets Control (OFAC) is designating 10 individuals that are part of a network responsible for transferring cash to Hizballah. The network utilizes couriers travelling on commercial airline flight…",Globalsecurity.org,Unknown,News,2026-08-21T12:51:12.035516Z
c0924082a1cc6fafbeb6bb69458fd850,Treasury Sanctions Major Ecuador-Based Cocaine Network Linked to Violent Gangs and Mexican Cartels,https://www.globalsecurity.org/security/library/news/2026/08/sec-260820-treasury01.htm,John Pike,2026-08-20T12:00:00Z,shipping sanctions,"Today, the U.S. Department of the Treasury's Office of Foreign Assets Control (OFAC) designated 15 Ecuador-based targets and identified as blocked property 10 vessels involved in covertly shipping thousands of kilograms of cocaine each month from South Americ…",Globalsecurity.org,Unknown,News,2026-08-21T12:51:12.035581Z
55a3127f4870b8d4e0d7311c2e872fdc,Oil prices rise as Trump sharpens Iran rhetoric amid talks impasse,https://www.cnbc.com/2026/08/20/oil-prices-brent-wti-hormuz-trump.html,Hugh Leask,2026-08-20T08:33:57Z,shipping sanctions,Oil moved higher early Thursday after U.S. President Donald Trump sharpened his rhetoric against Iran.,CNBC,Unknown,Market Report,2026-08-21T12:51:12.035850Z
f287d67bbc116be9f0cb596bfac8a5e2,Trump announces ‘most crushing economic operation ever’ against Iran,https://freerepublic.com/focus/f-news/4392437/posts,Al Jazeera,2026-08-20T01:30:10Z,shipping sanctions,"US president also says any country that trades with Iran will ‘face tremendous economic consequences’. US President Donald Trump has again threatened Iran with unprecedented economic action, accusing Tehran of failing to seize an opportunity to reach a deal a…",Freerepublic.com,Unknown,News,2026-08-21T12:51:12.036182Z
3fbbe8d63873aade79f6ccac4945bcf3,"Iran taps financial lifeline, Russian arms as Trump escalates 'crushing' economic warfare",https://www.foxnews.com/world/iran-taps-financial-lifeline-russian-arms-trump-escalates-crushing-economic-warfare,,2026-08-20T01:09:10Z,shipping sanctions,"Iran is deepening ties with Russia and China through BRICS and the Shanghai Cooperation Organization to blunt U.S. sanctions, analysts warn.",Fox News,China,News,2026-08-21T12:51:12.036229Z
d0dbf61f9e3c513540f18267ebb0fc0f,Trump vows 'tremendous' economic costs on Iran partners,https://www.rte.ie/news/middle-east/2026/0820/1588589-iran-us-trump/,RTÉ News,2026-08-20T01:04:48Z,shipping sanctions,"US President Donald Trump said he was launching a major new campaign to target Iran's economy, threatening ""tremendous"" punishment on any country that helps or does business with the Islamic republic.",RTE,Unknown,News,2026-08-21T12:51:12.036266Z
48a87ba35c463113b1b6af358045f7d5,UAE Suspends All Trade with Fellow BRICS Member Iran After Latest Missile Attack,https://www.breitbart.com/middle-east/2026/08/19/uae-suspends-all-trade-with-fellow-brics-member-iran-after-latest-missile-attack/,John Hayward,2026-08-19T22:44:00Z,shipping sanctions,"The United Arab Emirates (UAE) on Wednesday suspended all trade with Iran, after suffering the latest wanton missile attack from Iranian forces.
The post UAE Suspends All Trade with Fellow BRICS Member Iran After Latest Missile Attack appeared first on Breitb…",Breitbart News,Unknown,Market Report,2026-08-21T12:51:12.036401Z
1f3ad0f4a8f7c68973e8711e2e43ffd6,Trump: Hormuz blockade is '100% successful',https://www.israelnationalnews.com/news/431957,Elad Benari,2026-08-19T22:09:20Z,shipping sanctions,"President Trump says the Hormuz blockade is ""100% successful"" as negotiations with Iran remain stalled and warns Tehran could face severe sanctions.",Israelnationalnews.com,Unknown,News,2026-08-21T12:51:12.036516Z
4b4c9647c6a35630e4d8b074a2e649ae,The Strait of Hormuz Is Open. Also Closed. It’s Complicated.,https://freerepublic.com/focus/f-news/4392398/posts,PJ MEDIA,2026-08-19T20:27:53Z,shipping sanctions,"The Strait of Hormuz ""will not be opened,"" Iranian warned on Tuesday, ""Until the U.S. commitments in the memorandum—including lifting the blockade, releasing frozen assets, lifting oil sanctions, ending threats and military operations on all fronts, and the o…",Freerepublic.com,Unknown,News,2026-08-21T12:51:12.036596Z
ec50d0ade45ae1c05bc1060d1614d769,Three Chinese Tankers U-Turn in Hormuz as Risks Remain High,https://gcaptain.com/three-chinese-tankers-u-turn-in-hormuz-as-risks-remain-high/,Bloomberg,2026-08-19T17:02:08Z,shipping sanctions,"Three China-linked supertankers have U-turned in the Strait of Hormuz as risks to shipping remain elevated, with prospects for a normalization of traffic dimming after President Donald Trump took a hard line on Iran.",gcaptain.com,China,News,2026-08-21T12:51:12.036664Z
b7b67015ffc56a589a2d0157d424f8c6,Iran Risks Losing Key Economic Lifeline With UAE Halting Trade,https://finance.yahoo.com/economy/articles/iran-risks-losing-key-economic-150832336.html,Golnar Motevalli,2026-08-19T15:08:32Z,shipping sanctions,The United Arab Emirates’ decision to cut economic ties with Iran is likely to impose more pain on the Islamic Republic as it faces the loss of a vital trade...,Yahoo Entertainment,Unknown,Market Report,2026-08-21T12:51:12.036699Z
aa54d405de921def99f58ef01205156b,3 Chinese Supertankers Abort Hormuz Attempt,https://www.rigzone.com/news/wire/3_chinese_supertankers_abort_hormuz_attempt-19-aug-2026-184406-article/,Weilun Soon,2026-08-19T15:02:43Z,shipping sanctions,"Three China-linked supertankers have U-turned in the strait as risks to shipping remain elevated, with prospects for a normalization of traffic dimming after President Donald Trump took a hard line on Iran.",Rigzone,China,News,2026-08-21T12:51:12.036714Z
db36f26b65deeddb070654432beab9e6,Israeli Defense Force (IDF) and Mossad “Shocked” by Iran’s “Missile Recovery”. Tehran Confirms Retaliation Plans,https://www.globalresearch.ca/israeli-officials-shocked-iran-missile-recovery-tehran-confirms-retaliation-plans/5937173,Ahmed Adel,2026-08-19T13:59:18Z,shipping sanctions,"Iran is restoring ballistic-missile production faster than Israeli officials expected following the 40-day war that ended in April, according to The Jerusalem Post, confirming the claim made by a senior Iranian official to Tasnim that Tehran already has a “co…",Globalresearch.ca,Unknown,News,2026-08-21T12:51:12.036782Z
740861d3dadd6f5234f317bff8ae7fd2,"Current price of oil as of August 19, 2026",https://fortune.com/article/price-of-oil-08-19-2026/,Joseph Hostetler,2026-08-19T11:00:00Z,shipping sanctions,"When oil prices change, it affects your energy costs—and even the price of everyday items. Here’s why.",Fortune,Unknown,Market Report,2026-08-21T12:51:12.036918Z
d60be32377abe7236e073da9c185ac78,Trump Takes Iran Hard Line as Hormuz Tensions Set New Normal,https://gcaptain.com/trump-takes-iran-hard-line-as-hormuz-tensions-set-new-normal/,Bloomberg,2026-08-19T10:15:12Z,shipping sanctions,"US President Donald Trump insisted Tuesday that there were no talks ongoing with Iran, leaving the simmering conflict in the Middle East and control of the Strait of Hormuz stuck in limbo.",gcaptain.com,Unknown,News,2026-08-21T12:51:12.036954Z
ea3e97eb0a4a83a82d1c43bd639d9b22,Trump signals economic pressure in Iran conflict as talks stall: ANALYSIS,https://abcnews.com/Politics/trump-signals-economic-pressure-iran-conflict-talks-stall/story?id=135753451,"Chris Boccia, Shannon K. Kingston",2026-08-19T09:20:53Z,shipping sanctions,The Trump administration is touting its naval blockade of the Strait of Hormuz and previewing new sanctions still to be announced.,Abcnews.com,Unknown,Analysis/Opinion,2026-08-21T12:51:12.037038Z
70a2cfecbd0d1c7fc1bdfaf13529598a,Trump Labels Strait of Hormuz “U.S. Territory”,https://www.naturalnews.com/2026-08-19-trump-labels-strait-of-hormuz-us-territory.html,Garrison Vance,2026-08-19T06:00:00Z,shipping sanctions,"President Donald Trump claimed the Strait of Hormuz as U.S. territory on Tuesday in a Truth Social post, while Tehran said the waterway will remain closed until Washington fulfills its commitments under a memorandum of understanding (MOU). The post included a…",Naturalnews.com,Unknown,News,2026-08-21T12:51:12.037168Z
d5b5b01d393cdb02b1c80591f8bea0c6,Iran’s latest warning to the US signals the hardliners are just getting started,https://www.cnn.com/2026/08/19/middleeast/iran-hardliners-just-getting-started-intl,"Analysis by Tim Lister, CNN",2026-08-19T04:01:29Z,shipping sanctions,US President Donald Trump is struggling to extract the United States from a war that he started almost six months ago – alternating between claims that Tehra...,CNN,USA,News,2026-08-21T12:51:12.037315Z
0ad66cfa7a011ff74d98e0aa0757c308,Gold faces fresh headwinds from bond rout and Hormuz tensions,https://cryptobriefing.com/gold-steadies-bond-rout-hormuz-deadlock/,Editorial Team,2026-08-19T01:56:24Z,shipping sanctions,"Gold's stability amid geopolitical tensions and bond market shifts highlights its role as a hedge against economic uncertainty and inflation.
The post Gold faces fresh headwinds from bond rout and Hormuz tensions appeared first on Crypto Briefing.",Crypto Briefing,Unknown,Market Report,2026-08-21T12:51:12.037476Z
563d1516138326a155163a953b2bc134,S&P Global Energy's Asia Pacific Petroleum Conference (APPEC) to Address Supply Chain Disruptions and Asia's Evolving Energy Landscape,https://www.prnewswire.com/news-releases/sp-global-energys-asia-pacific-petroleum-conference-appec-to-address-supply-chain-disruptions-and-asias-evolving-energy-landscape-302854606.html,,2026-08-19T01:00:00Z,shipping sanctions,"Asia's premier energy summit brings together 1,500 leaders amid unprecedented market volatility Key topics: crude supply, maritime trade, upstream regrowth, downstream resilience, biofuels, AI and digitalisation SINGAPORE, Aug. 18, 2026 /PRNewswire/ -- S&P Gl…",PRNewswire,Singapore,Market Report,2026-08-21T12:51:12.037506Z
06cb8f9438e2efa648e30821a84b6e29,'We will correct delusions of this deluded man': Iran hits back at Trump's assertion over Hormuz as 'NEW U.S. Territory',https://economictimes.indiatimes.com/news/international/world-news/we-will-correct-delusions-of-this-deluded-man-iran-hits-back-at-trumps-assertion-over-hormuz-as-new-u-s-territory/articleshow/133334791.cms,ANI,2026-08-19T00:56:28Z,shipping sanctions,Iran has warned Donald Trump that his claims over the Strait of Hormuz will be corrected. Iranian officials dismissed Trump's assertions as delusions and stated their resolve. Trump had shared an AI-generated image claiming the waterway as new US territory. I…,The Times of India,Unknown,News,2026-08-21T12:51:12.037558Z
bcbf3e6590fe209fe30b147305a74eb2,"Iran Calls Trump ‘Delusional,’ Declares ‘Post-American Order’ — After He Claims Hormuz as ‘New U.S. Territory’",https://www.breitbart.com/politics/2026/08/18/iran-calls-trump-delusional-declares-post-american-order-after-he-claims-hormuz-as-new-u-s-territory/,Joshua Klein,2026-08-18T23:22:15Z,shipping sanctions,"Iranian officials fired back at President Donald Trump on Tuesday, calling him “delusional” and declaring a “post-American order” in the Persian Gulf after the president posted a map labeling the Strait of Hormuz “New U.S. Territory” and insisted the strategi…",Breitbart News,USA,News,2026-08-21T12:51:12.037592Z
138d665ff32ed5241d6ebcaad5d941b0,Vance Pitches a New Objective for the Iran War,http://foreignpolicy.com/2026/08/18/vance-iran-war-objectives-gas-prices/,Keith Johnson,2026-08-18T16:18:18Z,shipping sanctions,Simply lowering energy prices for U.S. consumers is “goal No. 1”,Foreign Policy,Unknown,Market Report,2026-08-21T12:51:12.037748Z
e8a3741adc56ba74ae328006d823e5f5,Trump Says No Talks are Taking Place With Iran and None are Scheduled,https://gcaptain.com/trump-says-no-talks-are-taking-place-with-iran-and-none-are-scheduled/,Reuters,2026-08-18T16:16:20Z,shipping sanctions,"President Donald Trump said on Tuesday that talks between the U.S. and Iran were neither taking place nor scheduled but the Strait of Hormuz was open, while Iran said the shipping route would remain closed until the U.S. fulfilled the terms of an interim deal",gcaptain.com,Unknown,News,2026-08-21T12:51:12.037805Z
87d4540066d622e31d1f5a174243ef83,Iran keeps Hormuz Strait closed until US meets deal conditions,https://cryptobriefing.com/iran-hormuz-strait-closed-us-conditions/,Editorial Team,2026-08-18T14:55:07Z,shipping sanctions,"The prolonged closure of the Strait of Hormuz exacerbates global energy supply issues, inflating oil prices and straining dependent economies.
The post Iran keeps Hormuz Strait closed until US meets deal conditions appeared first on Crypto Briefing.",Crypto Briefing,Global,Market Report,2026-08-21T12:51:12.037842Z
5f6cd86a7c0b42f8fb34aaf26532faf1,"U.S., Iran each dig in on Strait of Hormuz positions as their tenuous pact officially expires",https://www.cbc.ca/news/world/iran-memorandum-expires-9.7310654,,2026-08-18T14:52:52Z,shipping sanctions,"President Donald Trump on Tuesday said the U.S. has no planned talks with Iran, and none were scheduled, as Iran's top negotiator said the Strait of Hormuz will remain shut until the U.S. meets the conditions of ‌an interim deal inked in June.",CBC News,Unknown,News,2026-08-21T12:51:12.037891Z
313c5f322b0cf035727c1b9a29434941,Oil prices could fall to $60: Will petrol and diesel get cheaper for the common man?,https://www.livemint.com/money/personal-finance/oil-prices-could-fall-to-60-will-petrol-and-diesel-get-cheaper-for-the-common-man-11787059616080.html,Sanchari Ghosh,2026-08-18T14:50:16Z,shipping sanctions,"Mark Matthews of Julius Baer predicts crude oil prices may drop to $60 a barrel amid geopolitical concerns. While higher supply from Gulf producers could stabilise prices, sustained low prices are unlikely. The impact on consumers may be limited due to taxes …",Livemint,Unknown,Market Report,2026-08-21T12:51:12.037934Z
17f8949c30a2c07692ccea8ba98efefd,"US-Iran ceasefire expires as Iran says MoU aimed to end the war, not just pause it",https://cryptobriefing.com/us-iran-ceasefire-expires-war-preferences/,Editorial Team,2026-08-18T14:36:37Z,shipping sanctions,"The expired ceasefire risks escalating tensions, potentially disrupting global oil supply and impacting international economic stability.
The post US-Iran ceasefire expires as Iran says MoU aimed to end the war, not just pause it appeared first on Crypto Brie…",Crypto Briefing,Global,News,2026-08-21T12:51:12.038019Z
0339f28f56023554dad9fb91cfad01ff,Trump Labels Map Of Strait Of Hormuz ‘New U.S. Territory’ After Passing 60-Day Deadline For Deal,https://www.forbes.com/sites/zacharyfolk/2026/08/18/trump-labels-map-of-strait-of-hormuz-new-us-territory-after-passing-60-day-deadline-for-deal/,"Zachary Folk, Forbes Staff, 
 Zachary Folk, Forbes Staff
 https://www.forbes.com/sites/zacharyfolk/",2026-08-18T13:28:40Z,shipping sanctions,The president labeled the Strait a new territory in an image of a map posted on Truth Social.,Forbes,Unknown,News,2026-08-21T12:51:12.038091Z
052713b3f9044673a2bdc7a7203e79db,Iran Says Hormuz Will Stay Shut Until U.S. Lifts Sanctions And Blockade—As Deadline Passes For Peace Deal,https://www.forbes.com/sites/siladityaray/2026/08/18/iran-says-hormuz-will-stay-shut-until-us-lifts-sanctions-and-blockade-as-deadline-passes-for-peace-deal/,"Siladitya Ray, Forbes Staff, 
 Siladitya Ray, Forbes Staff
 https://www.forbes.com/sites/siladityaray/",2026-08-18T12:00:46Z,shipping sanctions,"The 60-day deadline for the U.S. and Iran to end the war, as per a Memorandum of Understanding signed by Trump in June, expired on Monday.",Forbes,Unknown,News,2026-08-21T12:51:12.038131Z
969563edb14c11fa69c5cded264c472b,"Day 1,637 of WW3. Yet more orc drones ""stray"" into Moldovan airspace. Moscow's supreme kangaroo court sentences an opposition leader to 11 years in prison, and another Wildberries warehouse goes up in flames. This is your Tuesday Ukraine war thread [News]",https://www.fark.com/comments/14167374/Day-1637-of-WW3-Yet-more-orc-drones-stray-into-Moldovan-airspace-Moscows-supreme-kangaroo-court-sentences-an-opposition-leader-to-11-years-in-prison-another-Wildberries-warehouse-goes-up-in-flames-This-is-your-Tuesday-Ukraine-war-thread,,2026-08-18T12:00:00Z,shipping sanctions,"Day 1,637 of WW3. Yet more orc drones ""stray"" into Moldovan airspace. Moscow's supreme kangaroo court sentences an opposition leader to 11 years in prison, and another Wildberries warehouse goes up in flames. This is your Tuesday Ukraine war thread",Fark.com,Ukraine,News,2026-08-21T12:51:12.038163Z
706325599aec904260e4b2a2b707438f,Why has Trump threatened to bomb Oman – for a second time?,https://www.aljazeera.com/news/2026/8/18/why-has-trump-threatened-to-bomb-oman-for-a-second-time,Sarah Shamim,2026-08-18T11:33:15Z,shipping sanctions,"The US president threatened to bomb Oman over Hormuz, with US-Iran peace negotiations in a deadlock.",Al Jazeera English,Unknown,News,2026-08-21T12:51:12.038197Z
afb1ca01dc9fe4ade7adb123c4c955b2,Iran fails to strike deal with US as deadline passes and Trump calls for ‘white flag of surrender',https://www.foxnews.com/politics/iran-fails-strike-deal-us-deadline-passes-trump-calls-white-flag-surrender,,2026-08-18T11:32:41Z,shipping sanctions,Trump threatened to bomb Oman and demanded Iran's surrender as the 60-day ceasefire deadline expired with no deal over the Strait of Hormuz.,Fox News,Unknown,News,2026-08-21T12:51:12.038238Z
0abdcabd1ebca5e0613469901ab38503,Insiders suspect Trump will 'scapegoat' another country as he blows past war deadline,https://www.rawstory.com/donald-trump-oman/,Travis Gettys,2026-08-18T11:22:01Z,shipping sanctions,"President Donald Trump threatened to bomb Oman, accusing the tiny Gulf nation of standing in the way of an Iran nuclear deal.""I don't think they behaved very well, but we'd handle them very easily just like we do others,"" he told reporters, without specifying…",Raw Story,Unknown,Market Report,2026-08-21T12:51:12.038281Z
b36b62c193d0938210c06eb9b7760f58,"Current price of oil as of August 18, 2026",https://fortune.com/article/price-of-oil-08-18-2026/,Joseph Hostetler,2026-08-18T11:00:00Z,shipping sanctions,"When oil prices change, it affects your energy costs—and even the price of everyday items. Here’s why.",Fortune,Unknown,Market Report,2026-08-21T12:51:12.038310Z
24c8351f32dd532e2311035c0efd9901,Wright Says US to Boost Fuel Refinery Output as Hormuz Disruptions Continue,https://www.theepochtimes.com/business/wright-says-us-to-boost-fuel-refinery-output-as-hormuz-disruptions-continue-6076354,Aldgra Fredly,2026-08-18T09:28:05Z,shipping sanctions,Trump said the increase in fuel prices was a relatively small cost for preventing Iran from having nuclear weapons.,Theepochtimes.com,Unknown,Market Report,2026-08-21T12:51:12.038375Z
c1912e9a4f9dacdf3f3aea138978af98,"The global ‘freedom of the seas’ is dying in the Strait of Hormuz—and everyone, everywhere, could pay the tolls",https://fortune.com/2026/08/18/global-freedom-seas-dying-strait-hormuz-everyone-everywhere-pay-tolls/,Jordan Blum,2026-08-18T07:12:00Z,shipping sanctions,Iran forcing a fee structure in the Strait of Hormuz may trigger a global domino effect.,Fortune,Global,News,2026-08-21T12:51:12.038411Z
23349acc4d9467c02b095831c7e33e25,Iran threatens new offensive while Trump rules out extending ceasefire deal,https://www.irishtimes.com/world/middle-east/2026/08/18/iran-threatens-new-offensive-while-trump-rules-out-extending-ceasefire-deal/,,2026-08-18T06:11:48Z,shipping sanctions,Trump administration has reportedly opened back-channel discussions with Iran,The Irish Times,Unknown,Market Report,2026-08-21T12:51:12.038459Z
03f02fb498de3f80d0163efe0f93b583,Bessent warns of “never-before-seen” economic isolation for Iran as U.S. blocks ports,https://www.naturalnews.com/2026-08-18-bessent-warns-never-before-seen-economic-isolation-iran.html,Sterling Ashworth,2026-08-18T06:00:00Z,shipping sanctions,"Treasury chief announces new punitive measures Treasury Secretary Scott Bessent has warned that Washington will impose economic isolation on Iran “the world has never seen before,” according to a report from Middle East Eye published Aug. 14. The same report …",Naturalnews.com,Unknown,Market Report,2026-08-21T12:51:12.038508Z
a1a102a319c42080d656d29e01f9a668,Cambodia: From Scam Empire to Security State,https://thediplomat.com/2026/08/cambodia-from-scam-empire-to-security-state/,Lindsey Kennedy and Nathan Paul Southern,2026-08-18T01:28:00Z,shipping sanctions,War with Thailand pushed Cambodia to enact a sweeping scam crackdown. Now the ruling elite is leveraging the same crackdown to consolidate its political control.,The Diplomat,Unknown,News,2026-08-21T12:51:12.038596Z
bfa29fffeed6aa2e77a240b437c9bb0e,"Oil: 2.5% surge with Brent above $90, US-Iran standoff fuels $100 scenarios",https://en.protothema.gr/2026/08/18/oil-2-5-surge-with-brent-above-90-us-iran-standoff-fuels-100-scenarios/,Electra Delavogia,2026-08-17T23:52:05Z,shipping sanctions,"Escalating tensions between the US and Iran and the near-paralysis of shipping through the Strait of Hormuz are intensifying concerns over supply, pushing oil prices higher
The post Oil: 2.5% surge with Brent above $90, US-Iran standoff fuels $100 scenarios a…",Protothema.gr,Unknown,Market Report,2026-08-21T12:51:12.038639Z
9a9dd4e7823fa377925e861086fef900,WWE Raw Preview 8/17: Special Delivery for Roman Reigns Tonight,https://bleedingcool.com/tv/wwe-raw-preview-8-17-special-delivery-for-roman-reigns-tonight/,El Presidente,2026-08-17T22:57:09Z,shipping sanctions,"Greetings, comrades! It is I, your El Presidente, reporting to you live from my luxurious suite at the KeyBank Center in Buffalo, where I have temporarily relocated my base of operations to enjoy tonight's WWE Raw. My dear Esteban is beside me, munching on im…",Bleeding Cool News,Unknown,Analysis/Opinion,2026-08-21T12:51:12.038713Z
983a91e1a7f9a361da6e4f2a9486e9cf,Trump Doubles Down on Declaring Strait of Hormuz U.S. Territory as Iran Threatens to Break U.S. Blockade,https://www.breitbart.com/politics/2026/08/17/trump-doubles-down-on-declaring-strait-of-hormuz-u-s-territory-as-iran-threatens-to-break-u-s-blockade/,Joshua Klein,2026-08-17T22:20:46Z,shipping sanctions,"President Donald Trump doubled down Monday on declaring the Strait of Hormuz U.S. territory, asserting that Washington has “total control” of the strategic waterway as Tehran threatened a military attack to break the U.S. naval blockade and declared a shift t…",Breitbart News,Unknown,News,2026-08-21T12:51:12.038783Z
bafe387b01f6a514ab31b423fa89c818,Fairphone 6 and PostmarketOS working main camera,https://catcrafts.net/posts/fairphone-6-postmarketos-working-main-camera,pizzaiolo,2026-08-17T22:01:17Z,shipping sanctions,Today i bring the working main camera! Building on the work nondescriptpointer did on the wide lens camera i have written the driver for the main camera and now its working alongside auto focus and color correction. The color correction still a work in progre…,Catcrafts.net,Unknown,Market Report,2026-08-21T12:51:12.038829Z
63596ed16b6cf24950983508a06e3b7b,Iran says 60-day peace deal window expired with ‘absolutely no progress’ as US rejects extension,https://cryptobriefing.com/iran-us-peace-deal-expires/,Editorial Team,2026-08-17T21:17:21Z,shipping sanctions,"The expired peace deal underscores persistent geopolitical tensions, risking further instability in a region critical to global oil supply.
The post Iran says 60-day peace deal window expired with ‘absolutely no progress’ as US rejects extension appeared firs…",Crypto Briefing,Global,News,2026-08-21T12:51:12.038899Z
96f39c9a0fac5358a69ea8fce7cb5104,Russia taunts Nato as warship armed with hypersonic missiles is sent past German tourist island,https://www.dailymail.com/news/article-16058861/Russia-Nato-warship-armed-hypersonic-missiles-German-tourist-island.html,Caitlin Leng,2026-08-17T17:46:28Z,shipping sanctions,"The Admiral Kasatonov - a frigate fitted with nuclear-capable Zircon hypersonic missiles - was spotted close to Fehmarn, a small tourist island in the Baltic Sea off the northeast coast of Germany.",Dailymail.com,Russia,News,2026-08-21T12:51:12.039001Z
6ace91c3b0afe4c9b1f94c0fde973393,Carney asks premiers to end booze ban for U.S. trade deal,https://financialpost.com/news/economy/carney-canada-premier-end-booze-ban-us-deal,Bloomberg News,2026-08-20T11:48:53Z,export bans,Prime Minister Mark Carney is working to end Canada’s partial ban on the retail sale of American alcoholic beverages. Read more.,Financial Post,USA,News,2026-08-21T12:51:12.422066Z
917815351dd30076a662f92a3f209c00,Geopolitical risk needs to move away from the ‘after-dinner speaker’: Eurasia Group and Rio Tinto’s Dominic Barton,https://biztoc.com/x/e27c6879d089f67e,fortune.com,2026-08-19T21:35:53Z,export bans,"Surprise U.S. tariffs. A war involving Iran. New American tech bans and Chinese export controls. The list of geopolitical shocks that CEOs must be mindful of, let alone plan for, keeps getting longer.
“We’re in a world where all the assumptions about internat…",Biztoc.com,China,News,2026-08-21T12:51:12.422133Z
c76e4c20785f16bae99c2799726d7776,Geopolitical risk needs to move away from the ‘after-dinner speaker’: Eurasia Group and Rio Tinto’s Dominic Barton,https://fortune.com/article/geopolitical-risk-after-dinner-speaker-eurasia-group-dominic-barton-08-19-2026/,Nicholas Gordon,2026-08-19T21:00:00Z,export bans,Eurasia Group counselor Dominic Barton says corporate leaders can no longer treat geopolitics as a boardroom sideshow amid tariffs and new restrictions.,Fortune,Unknown,News,2026-08-21T12:51:12.422179Z
25fa5ef2492af1efa36bfa4a0cc1f2ee,"Swine flu cases in wild pig rise in Finland, disrupting pork export",https://www.dailyfinland.fi/business/50938/Swine-flu-cases-in-wild-pig-rise-in-Finland-disrupting-pork-export,Daily Finland,2026-08-19T20:57:38Z,export bans,"Finland plans to fence off parts of the African swine fever (ASF) restriction zone in its southeastern region, Minister of",Dailyfinland.fi,Unknown,News,2026-08-21T12:51:12.422214Z
6ce8af97a7caccc44a65d0619e9111b0,Trump Dangles Keystone XL Revival as Canada Tariff Deadline Looms,https://oilprice.com/Latest-Energy-News/World-News/Trump-Dangles-Keystone-XL-Revival-as-Canada-Tariff-Deadline-Looms.html,Tsvetana Paraskova,2026-08-19T13:30:00Z,export bans,"Canada has won a three-day reprieve from President Donald Trump’s threatened 50% tariffs, but a final trade deal remains hung up on Canadian auto exports, leaving Washington and Ottawa until Friday to settle one of their biggest remaining disputes, Reuters re…",OilPrice.com,Unknown,News,2026-08-21T12:51:12.422264Z
8eb079a1945901b15d0f0b353ce80ade,Ukraine: Federal Council implements 20th package of sanctions in line with previous practice,https://www.globalsecurity.org/wmd/library/news/ukraine/2026/08/ukraine-260819-ch01.htm,John Pike,2026-08-19T12:00:00Z,export bans,"On 19 August, the Federal Council decided to adopt the further measures from the European Union's (EU) 20th sanctions package against Russia in line with previous practice. The new measures will take effect on 20 August. Switzerland already added 115 individu…",Globalsecurity.org,Russia,News,2026-08-21T12:51:12.422297Z
3dcee993a0324a148c763a563237da39,Washington Demands Allies Join AI War on Beijing,https://www.naturalnews.com/2026-08-18-washington-demands-allies-join-ai-war-on-beijing.html,Chase Codewell,2026-08-18T06:00:00Z,export bans,"Overview The United States is preparing to tell allied governments they must align with Washington in the artificial intelligence competition with Beijing, according to Reuters. The policy is intended to prevent Chinese access to advanced chips, AI models and…",Naturalnews.com,China,Analysis/Opinion,2026-08-21T12:51:12.422340Z
c28ed8a53542663c219ab224c273e1f4,"Almonty Announces New Share Repurchase Program of Up to US$300,000,000",https://financialpost.com/pmn/business-wire-news-releases-pmn/almonty-announces-new-share-repurchase-program-of-up-to-us300000000,Business Wire,2026-08-17T11:37:31Z,export bans,"Repurchase Program Aims to Create Shareholder Value by Capturing Disconnect Between Share Price and Value of Almonty’s Strategic Tungsten Assets and Growth Prospects Ahead of Initial Sangdong Revenues DILLON, Montana — Almonty Industries Inc. (“Almonty” or th…",Financial Post,Unknown,News,2026-08-21T12:51:12.422432Z
667beb967e2e0d966ca08d081c1f7fb1,Is deer corn the same as regular corn?,https://www.lifesciencesworld.com/is-deer-corn-the-same-as-regular-corn/,Ava Reynolds,2026-08-17T08:25:39Z,export bans,"Is Deer Corn the Same as Regular Corn? Understanding the Differences Deer corn and regular corn share a common origin, but they are not precisely the same. The main difference is that deer corn is typically lower-quality feed corn, often containing cracked ke…",Lifesciencesworld.com,Unknown,News,2026-08-21T12:51:12.422478Z
afef7abfbc7c6b4c6e261232fafabedf,"White House Report Names Canada, Japan, Mexico, EU in Tariff Evasion Scheme",https://www.naturalnews.com/2026-08-17-wh-canada-japan-mexico-eu-tariff-evasion.html,Sterling Ashworth,2026-08-17T06:00:00Z,export bans,"The White House released a report on Aug. 13 alleging that more than 40 countries, including Canada, Japan, Mexico and the European Union, have helped China sidestep U.S. tariffs by routing exports through nations that face lower American import duties, accor…",Naturalnews.com,China,Market Report,2026-08-21T12:51:12.422496Z
438d7875e41868dbdaaf2e5e3277d2e5,End System of Choice for the Rich and Mercury for the Poor! Help Bring Mercury-Free Dentistry to All,https://articles.mercola.com/sites/articles/archive/2026/08/17/mercury-free-dentistry-week-dental-amalgam-ban.aspx,communities@mercola.com (Dr. Joseph Mercola),2026-08-17T00:00:00Z,export bans,"In an audacious move of brazen deception, the American Dental Association (ADA), an amalgam patentholder, promoted dental amalgam as ""silver fillings"" — and doubled down on the cover-up by adopting a rule of conduct that barred dentists from discussing the (o…",Mercola.com,USA,News,2026-08-21T12:51:12.422574Z
403e15e615377398b7f6bac22c620788,When Justice Became the Target: The Political Hit on an ICC Prosecutor,https://www.activistpost.com/when-justice-became-the-target-the-political-hit-on-an-icc-prosecutor/,Editor,2026-08-16T13:00:00Z,export bans,"Freddie Ponton21st Century Wire On 24 July 2026, the Assembly of States Parties of the International Criminal Court (ICC) voted to remove Khan as prosecutor, making him the first person ever removed from the post. Most coverage treated the decision as the con…",Activistpost.com,Global,News,2026-08-21T12:51:12.422624Z
ec4a7a3806b9ce53c49dc359dc9c8ec9,"How Iowans feel about Trump's tariffs, Canada's treatment as Republicans vie for support",https://www.cbc.ca/news/politics/trump-tariffs-canada-united-states-iowa-state-fair-trade-deal-9.7308691,,2026-08-16T08:00:00Z,export bans,"Much like the Calgary Stampede in Canada, the Iowa State Fair is a crucial stop for politicians to meet voters, making it a hotbed for political debates — especially when U.S. midterms are coming up. And this year, one of the topics on Iowans' minds is U.S. P…",CBC News,Unknown,News,2026-08-21T12:51:12.422674Z
240a3774306bcbca2c79743f1cb970f9,Parts of Russia Running Out of Fuel amid Refinery Attacks,https://www.rigzone.com/news/wire/parts_of_russia_running_out_of_fuel_amid_refinery_attacks-14-aug-2026-184379-article/,Bloomberg News,2026-08-14T13:54:16Z,export bans,Several regions of Russia are facing fuel shortages again after Ukraine resumed almost daily attacks on oil refineries in the country.,Rigzone,Russia,Market Report,2026-08-21T12:51:12.422711Z
feb980febbee7e93b4b08ad2650e4a28,"How many more times can the Government move EV sales targets? Motorists have no idea where they stand, says ROB HULL",https://www.dailymail.com/money/electriccars/article-16046647/Government-EV-sales-targets-ROB-HULL.html,Rob Hull,2026-08-14T13:11:28Z,export bans,"With Labour consulting on yet another delay to the switch to EVs, we are once again left in the dark.",Dailymail.com,Unknown,News,2026-08-21T12:51:12.422745Z
ed0bf33879fd1cc1d44dd1820d5053d7,Colombia’s Week of Rupture,http://foreignpolicy.com/2026/08/14/colombia-earthquake-espriella-foreign-policy-trump-us-israel/,Catherine Osborn,2026-08-14T12:00:19Z,export bans,Monday’s deadly earthquake presents the country’s new president with his first big test.,Foreign Policy,Unknown,News,2026-08-21T12:51:12.422795Z
02ec88ccda36ebbca1a295e706bd808c,Canadian provincial leader urges against concessions to Trump in trade deal,https://apnews.com/article/canada-quebec-trump-tariffs-75d3f24bb11178d8c9bb28b144e1dcf0,Rob Gillies,2026-08-20T11:41:36Z,import tariffs,"The premier of a Canadian province launched a blistering attack on U.S. President Donald Trump on Thursday, calling him a “bad person” and “not to be trusted” and urging Canada to keep fighting rather than rush to make concessions in trade talks with Washingt…",Associated Press,Unknown,News,2026-08-21T12:51:12.906993Z
254d4c9f5c0ab5ffcad265762f491a11,Deere Reports Third Quarter Net Income of $1.379 Billion,https://www.prnewswire.com/news-releases/deere-reports-third-quarter-net-income-of-1-379-billion-302856316.html,,2026-08-20T10:20:00Z,import tariffs,"Disciplined execution drives stronger-than-expected results in a dynamic market. Net income guidance improved to $4.75 billion to $5.00 billion. Order book trends reinforce 2026 as the bottom of the ag equipment cycle. MOLINE, Ill., Aug. 20, 2026 /PRNewswire/…",PRNewswire,Unknown,Market Report,2026-08-21T12:51:12.907045Z
05496f99077cf7037f4100c5a611cada,"U.S. Ground Beef Sales Decline as Prices Hold Near Record Highs, Data Show",https://www.naturalnews.com/2026-08-20-us-ground-beef-near-record-highs.html,Sterling Ashworth,2026-08-20T06:00:00Z,import tariffs,"U.S. ground beef sales volumes declined 0.3% in the 13 weeks through mid-July, according to data from Chicago-based market research firm Circana, as reported by Bloomberg. Volumes had risen about 5% during the same period in each of the previous two years. Th…",Naturalnews.com,Unknown,Market Report,2026-08-21T12:51:12.907144Z
213ca3225fab5e346159dd1fe48b7c24,"Sensex, Nifty jump in early trade; Check prominent gainers and laggards",https://www.news9live.com/business/markets/sensex-nifty-jump-in-early-trade-check-prominent-gainers-and-laggards-3000979,Avijit Ghosal,2026-08-20T05:40:32Z,import tariffs,"The Indian stock market jumped in early trade on Thursday, despite crude oil prices edging up. At 9:25 AM, Sensex was trading at 77,407.43, up 0.65% or 497.75 points while Nifty 50 reached 24,196.10, up 0.49% or 117.80 points.",News9live.com,India,Market Report,2026-08-21T12:51:12.907162Z
b73e7da0e284f42e1b2b53b88d557bd1,"US could cut key tariffs as part of proposed Canada deal, source says",https://economictimes.indiatimes.com/news/international/world-news/us-could-cut-key-tariffs-as-part-of-proposed-canada-deal-source-says/articleshow/133361380.cms,Reuters,2026-08-20T00:50:42Z,import tariffs,The United States and Canada are nearing a trade agreement. Proposed terms include reducing auto tariffs to fifteen percent from twenty-five. Steel and aluminum tariffs will also be halved to twenty-five percent. Negotiators face a Saturday deadline for the p…,The Times of India,USA,News,2026-08-21T12:51:12.907190Z
d3f681e502f6b2af9ceb2b614080ec8c,Inglorious Visionary: Eyck Freymann On Tench Coxe,https://www.thefreedomfrequency.org/p/inglorious-visionary-eyck-freymann,"August 20, 2026",2026-08-20T00:00:00Z,import tariffs,"He was disliked, overlooked, indispensable—and right about economic security.",Thefreedomfrequency.org,Unknown,News,2026-08-21T12:51:12.907222Z
9061a2f9318711e5f2ae16a476ccb1dc,"US Trade Czar ‘Very Happy With Where We Ended Up’ On Canadian Trade Deal, Though Details Remain Scant",http://wwd.com/sourcing-journal/trade/us-canada-trade-deal-tariffs-trump-carney-greer-ustr-section-338-1239144006/,Kate Nishimura,2026-08-19T23:27:01Z,import tariffs,"Greer indicated that a consensus between the countries had been reached. “We're looking at documentation at this point,” he said.",WWD,Unknown,News,2026-08-21T12:51:12.907265Z
352cf4cd1ed402b88a96a3db45ad2193,"Waymo's cheaper, next-gen robotaxi is now open to all riders in these three cities | TechCrunch",https://techcrunch.com/2026/08/19/waymos-cheaper-next-gen-robotaxi-is-now-open-to-all-riders-in-these-three-cities/,Kirsten Korosec,2026-08-19T22:26:13Z,import tariffs,"The next-generation robotaxi, called the Waymo Ojai, is central to the company's push towards mass scale, and eventually, profitability.",TechCrunch,Unknown,News,2026-08-21T12:51:12.907301Z
cbdf9bfe221b72a7e0ca9c9c851224b9,Let's import some inflation,https://www.marketplace.org/episode/2026/08/19/lets-import-some-inflation,Marketplace,2026-08-19T22:15:00Z,import tariffs,"The price of imported goods, sans energy, was up 4.5% year-over-year in July. Data center buildout is driving that jump — imported computer prices were up 17%. In this episode, we explain why import price inflation is distinct from regular inflation and what …",Marketplace.org,Unknown,Market Report,2026-08-21T12:51:12.907341Z
d7476fd224c803e6a24825929d683b3e,Trump delays tariff deadline for Canadian exports to US until Friday,https://cryptobriefing.com/trump-delays-canada-tariff-deadline-friday/,Editorial Team,2026-08-19T21:20:37Z,import tariffs,"The delay offers temporary relief but underscores the fragility of trade relations, potentially impacting long-term North American economic integration.
The post Trump delays tariff deadline for Canadian exports to US until Friday appeared first on Crypto Bri…",Crypto Briefing,USA,News,2026-08-21T12:51:12.907371Z
836acbe5173034e2d9ced97740471d18,"The U.S. debt tops a record-shattering $40 trillion. Yes, with a T.",https://www.npr.org/2026/08/19/nx-s1-5937552/the-u-s-debt-tops-a-record-shattering-40-trillion-yes-with-a-t,Scott Horsley,2026-08-19T20:09:39Z,import tariffs,The federal debt reached $40 trillion as the government adds red ink at a rapid rate. That's leading nervous investors to demand higher interest rates —pushing up borrowing costs for everyone else.,NPR,Unknown,Market Report,2026-08-21T12:51:12.907410Z
1a092585f47371280835a558ac6424c2,Trump touted a deal to avert new tariffs on Canada. Here's what we know so far,https://www.cnbc.com/2026/08/19/trump-canada-tariffs-deal-carney.html,Kevin Breuninger,2026-08-19T16:25:48Z,import tariffs,"Trump's new tariffs on about $20 billion worth of Canadian goods were set to take effect Wednesday, but were postponed by three days.",CNBC,Unknown,News,2026-08-21T12:51:12.907443Z
0819a324b3feb5ee6291146ef13356fb,Wildfires and a summer of extreme heat mean Andy Burnham can’t stay quiet on climate any longer,https://theconversation.com/wildfires-and-a-summer-of-extreme-heat-mean-andy-burnham-cant-stay-quiet-on-climate-any-longer-288465,"James Jackson, Lecturer and Research Fellow, School of Social Sciences, University of Manchester, Mathias Larsen, Senior Policy Fellow, Grantham Research institute on Climate Change and the Environment, London School of Economics and Political Science",2026-08-19T16:04:12Z,import tariffs,The new prime minister may find that UK-China relations hold some answers to the climate challenge.,The Conversation Africa,China,News,2026-08-21T12:51:12.907460Z
48a5f3500de3f4f5d05ad8e094e50282,"Intel and AMD Fall 4%, NVIDIA Unchanged as Chip Selloff Defies Bond Yield Relief",https://247wallst.com/investing/2026/08/19/intel-and-amd-fall-4-nvidia-unchanged-as-chip-selloff-defies-bond-yield-relief/,David Moadel,2026-08-19T15:34:32Z,import tariffs,"Chip stocks are selling off hard even as bond yields fall and the broader market turns green, yet one name in the sector is holding completely flat while its...",24/7 Wall St.,Unknown,Market Report,2026-08-21T12:51:12.907492Z
47178d1340da79df91c35bc1e59bbbab,Retail giant Target receives $1bn boost from tariff refunds,https://www.bbc.co.uk/news/articles/c78gp4y8d3eo,https://www.facebook.com/bbcnews,2026-08-19T14:47:02Z,import tariffs,"The US chain said it received a $994 million pre-tax reimbursement, which resulted in its second quarter operating income rising to $2.6bn.",BBC News,Unknown,News,2026-08-21T12:51:12.907525Z
0084c3b63e89445d8123babfd4b5f935,German Investment in the US Plummets Amid Trump Tariff Threats,https://www.globalresearch.ca/german-investment-us-plummets-trump-tariff-uncertainty/5937078,Ahmed Adel,2026-08-19T13:01:55Z,import tariffs,"Investments by German companies in the United States plummeted in the first half of 2026, falling by almost 80% compared with the previous year amid uncertainty stemming from tariff threats from the Trump administration. According to a survey by the …
The pos…",Globalresearch.ca,USA,News,2026-08-21T12:51:12.907553Z
81566c6abdddd1c85e6dd4c5d17d3cd2,Here’s How the New US Tariffs Will Change Aerial Photography Forever,https://www.thephoblographer.com/2026/08/19/heres-how-the-new-us-tariffs-will-change-aerial-photography-forever/,Nilofer Khan,2026-08-19T13:00:00Z,import tariffs,"Drones have become an integral part of the photography industry. It now appears that the very thing that made landscaping, weddings, or even event photography fun, is expected to get more expensive. A report reveals that a new US tariff will be imposed on imp…",Thephoblographer.com,Unknown,Market Report,2026-08-21T12:51:12.907598Z
5728647ce8dfc9d62d77d36af42e8750,"Target earnings, Canada tariffs, American Airlines' seatback screens and more in Morning Squawk",https://www.cnbc.com/2026/08/19/5-things-to-know-before-the-stock-market-opens.html,Alex Harring,2026-08-19T12:34:20Z,import tariffs,Here are five key things investors need to know to start the trading day.,CNBC,USA,Market Report,2026-08-21T12:51:12.907614Z
2c03caec4cc637e2414f157080cccc23,Home Depot’s $730 million tariff refund was largely offset by rising costs,https://fortune.com/2026/08/19/home-depot-730-million-tariff-refund-largely-offset-rising-costs-cfo/,Sheryl Estrada,2026-08-19T12:23:24Z,import tariffs,"Home Depot, Amazon and Walmart are taking very different approaches to the tariff refunds flowing back to retailers.",Fortune,Unknown,News,2026-08-21T12:51:12.907651Z
bc762df4e8de16f0fdc3bbda53687ad7,Analog Devices Reports Record Fiscal Third Quarter 2026 Financial Results,https://www.prnewswire.com/news-releases/analog-devices-reports-record-fiscal-third-quarter-2026-financial-results-302854642.html,,2026-08-19T11:01:00Z,import tariffs,"Revenue of $4.02 billion, with year-over-year growth led by Data Center and Industrial Operating cash flow of $5.5 billion and free cash flow of $4.9 billion on a trailing twelve-month basis or 40% and 36% of revenue, respectively Returned $1.7 billion to sha…",PRNewswire,Unknown,Market Report,2026-08-21T12:51:12.907696Z
3f4b8ca81387968f1c6dfcad54d4ed04,"First Nvidia H200 shipments reach China, ByteDance and Tencent take deliveries as Beijing loosens its import block — most licensed chips must stay in Hong Kong, which can't power them",https://www.tomshardware.com/pc-components/gpus/first-nvidia-h200-shipments-reach-bytedance-and-tencent-as-beijing-loosens-its-import-block,Luke James,2026-08-19T10:37:13Z,import tariffs,"Beijing wants most of each company's U.S.-licensed allowance, which the FT puts at up to 100,000 units apiece, kept off the mainland.",Tom's Hardware UK,China,News,2026-08-21T12:51:12.907716Z
636272ff9afd1a99c29106b23e549290,Q1FY27 earnings strong; manufacturing emerges as top bet: Sachin Bajaj,https://www.business-standard.com/markets/interviews/q1fy27-earnings-strong-manufacturing-emerges-as-top-bet-sachin-bajaj-126081900652_1.html,Heena Ojha,2026-08-19T09:06:00Z,import tariffs,"Over a three-to-five-year horizon, we favour businesses with hard-to-replicate assets, pricing power, credible management teams and strong governance.",Business Standard,Unknown,News,2026-08-21T12:51:12.907780Z
a3c8656a946aacfe4fc56a31fda17672,Trump says U.S. and Canada reached deal to delay 50% U.S. tariffs on Canadian imports,https://www.npr.org/2026/08/19/g-s1-139156/trump-canada-tariffs,The Associated Press,2026-08-19T04:55:08Z,import tariffs,President Trump said he was delaying the 50% U.S. tariffs on Canadian imports after the two countries reached a last-minute deal less than two hours before the sanctions were to go into effect.,NPR,Unknown,News,2026-08-21T12:51:12.907917Z
438b0660775309a07547623d71bfbd25,Trump Pauses 50% Tariffs on Canada For Three Days With Deal In Sight,http://wwd.com/sourcing-journal/trade/50-percent-tariffs-canada-trump-carney-trade-textiles-apparel-1239129205/,Kate Nishimura,2026-08-19T04:25:59Z,import tariffs,"About an hour before the deadline Wednesday morning, President Donald Trump Truthed that he had ""paused"" the trade action for a three-day period.",WWD,Unknown,News,2026-08-21T12:51:12.907952Z
a06895f096df350486a275670d08bce8,"Strong sales, high costs: Why BMW needs to rethink Mini's future",https://www.autocar.co.uk/opinion/business-corporate/strong-sales-high-costs-why-bmw-needs-rethink-minis-future,,2026-08-19T04:00:00Z,import tariffs,"Oxford factory is key to Mini's image but also brings high costs


As parent company BMW hits headwinds, Mini's resilience comes into question

Amid all the talk of cost-cutting on BMW's recent earnings call, there was a moment of awkwardness when one analyst…",Autocar,Unknown,News,2026-08-21T12:51:12.908002Z
6c5600b5f420664a44e8d9c2a274098d,Trump Announces US-Canada Trade Deal in Coming Days,https://sputnikglobe.com/20260819/trump-announces-us-canada-trade-deal-in-coming-days-1124601002.html,Sputnik International,2026-08-19T03:45:00Z,import tariffs,"US President Donald Trump announced that the United States would not impose 50 percent import tariffs on Canada for now, and that a trade deal was expected in the coming days.",Sputnikglobe.com,USA,News,2026-08-21T12:51:12.908021Z
a76892d63bab63c768e03e7475c6319b,"US, Canada reach deal to delay 50% tariffs on Canadian imports: Trump",https://www.business-standard.com/world-news/us-canada-reach-deal-to-delay-50-tariffs-on-canadian-imports-trump-126081900107_1.html,AP,2026-08-19T03:22:56Z,import tariffs,"President Donald Trump said Tuesday he was delaying the 50 per cent US tariffs on USD 20 billion worth of Canadian imports after the two countries reached a last-minute deal hours before the sanctions were to go into effect.
The announcement, which Trump made…",Business Standard,Unknown,News,2026-08-21T12:51:12.908069Z
a7b9737ed86a06c8e010dde3e322bfa3,Trump hails last-minute deal with Canada to avoid crippling tariffs as he breathes fresh life into plan for giant oil pipeline,https://www.dailymail.com/news/article-16062817/Trump-Canada-tariffs-deal.html,Stephen M. Lepore,2026-08-19T02:45:27Z,import tariffs,Trump and Prime Minister Mark Carney had been negotiating earlier Tuesday ahead of a 12:01am Wednesday deadline set by the President.,Dailymail.com,Unknown,News,2026-08-21T12:51:12.908107Z
efbefc137fb68340a50fd8116896d18a,Trump Says U.S. And Canada Have Reached Last-Minute Deal To Delay 50% U.S. Tariffs On Canadian Imports,https://www.huffpost.com/entry/us-canada-tariffs_n_6a851605e4b0f5925a12beca,HuffPost,2026-08-19T02:41:33Z,import tariffs,"Less than two hours before President Donald Trump was set to impose 50% tariffs on $20 billion worth of Canadian imports, the United States and Canada reached a deal Tuesday.",HuffPost,USA,News,2026-08-21T12:51:12.908128Z
f8748290f991e759a5fb4152de379028,US dollar dips to C$1.3877 as Trump hits pause on 50% Canadian tariffs,https://cryptobriefing.com/us-dollar-dips-trump-pauses-canadian-tariffs/,Editorial Team,2026-08-19T02:25:34Z,import tariffs,"The tariff pause alleviates immediate trade tensions but highlights ongoing instability in US-Canada relations, impacting future market dynamics.
The post US dollar dips to C$1.3877 as Trump hits pause on 50% Canadian tariffs appeared first on Crypto Briefing.",Crypto Briefing,Unknown,Market Report,2026-08-21T12:51:12.908165Z
db8aff6fbb3d47bd59d3c5ebf5104f57,US Canada trade deal: Trump announces pause on 50% tariffs on Ottawa,https://economictimes.indiatimes.com/news/international/world-news/us-canada-trade-deal-trump-announces-pause-on-50-tariffs-on-ottawa/articleshow/133335474.cms,ET Online,2026-08-19T02:24:04Z,import tariffs,"US President Donald Trump announced a pause on upcoming tariffs against Canada.  These tariffs were scheduled to begin on Thursday for a short duration.  He stated that both nations have reached an agreement, pending final document completion.  The potential …",The Times of India,Unknown,News,2026-08-21T12:51:12.908211Z
9ef4698277f5b82160596d4c46ca8f71,Trump pauses 50% tariffs on Canada for 3 days,https://www.nbcnews.com/business/economy/trump-pauses-canada-tariffs-rcna593176,Steve Kopack,2026-08-19T02:22:59Z,import tariffs,President Donald Trump late Tuesday slammed the brakes on a wave of tariffs that were set to hit Canada at midnight.,NBC News,Unknown,News,2026-08-21T12:51:12.908240Z
b01105f6b5d32518252c64ff0f4f97d4,How big is the market for catfish?,https://www.lifesciencesworld.com/how-big-is-the-market-for-catfish/,Ava Reynolds,2026-08-19T01:41:55Z,import tariffs,"How Big Is the Market for Catfish? Exploring the Thriving Aquaculture Industry The market for catfish is significant and growing, estimated to be in the billions of dollars globally, driven by increasing demand for sustainable seafood and the relatively low c…",Lifesciencesworld.com,Global,Market Report,2026-08-21T12:51:12.908279Z
54609a9c7af1337f9747a26cb524dae4,Quebec separatist says no independence referendum while Trump in office,https://www.aljazeera.com/news/2026/8/19/quebec-separatist-says-no-independence-referendum-while-trump-in-office,Al Jazeera Staff,2026-08-19T00:17:01Z,import tariffs,Leader of Canadian province's secessionist party says debate over independence stymied by turbulence in US politics.,Al Jazeera English,Unknown,News,2026-08-21T12:51:12.908310Z
ba9791af82574bb996aa495f2b9b11e1,"New US drone tariffs coming in September, more drones could be completely banned",https://photorumors.com/2026/08/18/new-us-drone-tariffs-coming-in-september-more-drones-could-be-completely-banned/,PR admin,2026-08-18T22:19:27Z,import tariffs,"New US tariffs on imported drones will take effect on September 3rd. President Trump signed a Section 232 proclamation imposing new tariffs on imported unmanned aircraft systems and components, citing national security and over-reliance on foreign supply chai…",Photorumors.com,Unknown,News,2026-08-21T12:51:12.908393Z
167163534e949b5cedee2c5d5b05265b,Claigan Webinar - Making Sense of Minerals Due Diligence in 2026,https://www.prnewswire.com/news-releases/claigan-webinar---making-sense-of-minerals-due-diligence-in-2026-302854504.html,,2026-08-18T19:45:00Z,import tariffs,"EU Batteries Regulation, Critical Minerals, and Forced Labour OTTAWA, ON, Aug. 18, 2026 /PRNewswire/ -- On 27 August 2026, Claigan Environmental Inc. (www.claigan.com) will host a crucial webinar addressing recent developments in minerals due diligence. Compa…",PRNewswire,Unknown,News,2026-08-21T12:51:12.908440Z
0d526c35c9686fc4eb1b28ec7651990b,Mexico considers tougher trade rules for China amid US talks,https://cryptobriefing.com/mexico-tougher-trade-rules-china/,Editorial Team,2026-08-18T19:36:32Z,import tariffs,"Mexico's trade restrictions on China could strain US-Mexico relations, impact supply chains, and intensify global economic tensions.
The post Mexico considers tougher trade rules for China amid US talks appeared first on Crypto Briefing.",Crypto Briefing,China,News,2026-08-21T12:51:12.908456Z
722bdb501df06f6f38162bc0533dab0a,"Trump, Carney reportedly in talks ahead of new 50% tariffs on Canadian goods",https://www.cnbc.com/2026/08/18/trump-carney-canada-tariffs-dealine-talks.html,"Kevin Breuninger, Ashlee Trujillo",2026-08-18T18:05:05Z,import tariffs,"Trump has already imposed a variety of tariffs on Canada and its specific exports, including metals, lumber and auto parts.",CNBC,Unknown,Market Report,2026-08-21T12:51:12.908487Z
059b56652d2b23bb8f3557976c4d7606,"Check's in the mail as shipping giants FedEx, UPS and DHL return BILLIONS in tariff refunds to customers... Are you eligible for a payout?",https://www.dailymail.com/yourmoney/article-16058577/us-government-tariffs-refund.html,Sara Mcgiff,2026-08-18T16:10:03Z,import tariffs,Billions in tariff refunds are flowing back to businesses - but only some Americans may be able to claw back the extra money they paid.,Dailymail.com,USA,News,2026-08-21T12:51:12.908508Z
baed54e5fa0ae27a2b9f4808457c2b52,Congress Is Trying To Give Trump More Tariff Powers. He Wants Even More.,https://reason.com/2026/08/18/congress-is-trying-to-give-trump-more-tariff-powers-he-wants-even-more/,Eric Boehm,2026-08-18T15:57:18Z,import tariffs,A bill to sanction Russia would allow the president to place 100 percent tariffs on goods from countries that buy Russian fossil fuels.,Reason,Russia,News,2026-08-21T12:51:12.908527Z
0099661e654b8de260480fbbe227e373,Are Wall Street Analysts Bullish on Deere & Company Stock?,https://www.barchart.com/story/news/3908763/are-wall-street-analysts-bullish-on-deere-company-stock,Anushka Dutta,2026-08-18T14:33:16Z,import tariffs,Are Wall Street analysts favoring Deere & Company stock prior to its upcoming earnings release?,Barchart.com,Unknown,News,2026-08-21T12:51:12.908557Z
fb578f847b71c006bd1eba7108008d13,‘Red flashing signals’ flagged on Fox Business as Trump economy mirrors historic crash,https://www.rawstory.com/stock-market-crash-2677720264/,Alexander Willis,2026-08-18T13:34:09Z,import tariffs,"Investor and market expert Lawrence McDonald highlighted a series of “red flashing signals” Tuesday during an appearance on Fox Business, signals that he warned were “very similar” to conditions leading up to the 1987 global market crash known as Black Monday…",Raw Story,Global,Market Report,2026-08-21T12:51:12.908601Z
33613493f90788b91b2af25c11ad0acd,"‘The negotiations are very intense and delicate’: Carney, Trump hold crunch talks to avoid midnight 50% tariff deadline",https://fortune.com/2026/08/18/trump-canada-hockey-tariffs-smoot-hawley/,"Paul Wiseman, Rob Gillies, The Associated Press",2026-08-18T13:11:22Z,import tariffs,The threat is 50% tariffs on $20 billion of Canadian goods; the real target is leverage before North America’s trade pact is remade.,Fortune,USA,News,2026-08-21T12:51:12.908629Z
036b82a0fd1a6b9ab8a77123fc2728b9,The Home Depot Announces Second Quarter Fiscal 2026 Results; Reaffirms Fiscal 2026 Guidance,https://www.prnewswire.com/news-releases/the-home-depot-announces-second-quarter-fiscal-2026-results-reaffirms-fiscal-2026-guidance-302853312.html,,2026-08-18T10:00:00Z,import tariffs,"ATLANTA, Aug. 18, 2026 /PRNewswire/ -- The Home Depot®, the world's largest home improvement retailer, today reported sales of $47.9 billion for the second quarter of fiscal 2026, an increase of $2.6 billion, or 5.7% from the second quarter of fiscal 2025. Co…",PRNewswire,Unknown,Market Report,2026-08-21T12:51:12.908675Z
af455e205b17bf3ecdf568403cbea373,How this Georgia factory is surviving America’s solar policy whiplash,https://grist.org/energy/how-this-georgia-factory-is-surviving-americas-solar-policy-whiplash/,Emily Jones,2026-08-18T08:30:00Z,import tariffs,Biden’s incentives gave Qcells a leg up. Now Trump’s tariffs may help it thrive.,Grist,USA,News,2026-08-21T12:51:12.908698Z
2811c40822cc43333bdca18348c79fec,Sylvamo’s (SLVM) Rocky Road To A Stronger Second Half,https://finance.yahoo.com/markets/stocks/articles/sylvamo-slvm-rocky-road-stronger-082838278.html,Maham Fatima,2026-08-18T08:28:38Z,import tariffs,"On August 7, Sylvamo (NYSE:SLVM) reported its second-quarter 2026 financial results. Sequential adjusted EBITDA jumped to $60 million, more than double the p...",Yahoo Entertainment,Unknown,Market Report,2026-08-21T12:51:12.908732Z
8e9db109b947f586c5e46b0800cd6ae1,"U.S. businessowners don't want to leave their Canadian suppliers, but 50% tariffs might leave them no choice",https://www.cbc.ca/news/world/trump-tariffs-impact-on-american-business-owners-9.7310238,,2026-08-18T08:00:00Z,import tariffs,"American entrepreneurs say sustained, 50 per cent tariffs would force them to make the choice they've been hoping to avoid for more than a year and a half: breaking away from longstanding, good-faith relationships with Canadian suppliers for the sake of their…",CBC News,USA,News,2026-08-21T12:51:12.908810Z
7f157d92e3f89dc7e7b38b3a210208ca,"Canada battles the clock, politics in scramble to avert Trump’s tariffs",https://www.aljazeera.com/economy/2026/8/18/canada-battles-the-clock-politics-in-scramble-to-avert-trumps-tariffs,John Power,2026-08-18T07:41:41Z,import tariffs,Canadian officials are making a last-ditch effort to negotiate a reprieve from 50-percent tariffs.,Al Jazeera English,Unknown,News,2026-08-21T12:51:12.908882Z
750be5c3f4f97bad6242428187a6d2aa,"US, Canada hold last-minute talks to stop 50% U.S. tariffs",https://apnews.com/article/tariffs-trump-canada-usmca-trade-aae597c22617bec7a99f670a2c787ef9,Paul Wiseman,2026-08-18T07:36:42Z,import tariffs,"President Donald Trump says he is delaying 50% U.S. tariffs on $20 billion worth of Canadian imports after the two countries reached a last-minute deal hours before the sanctions were to go into effect. The announcement, which Trump made late Tuesday on his s…",Associated Press,Unknown,News,2026-08-21T12:51:12.908932Z
da67e950d18c56bc3e55113900270463,"US, Canada hold last-minute talks to stop 50% U.S. tariffs on $20 billion worth of Canadian goods",https://abcnews.com/Business/wireStory/us-canada-hold-minute-talks-stop-50-us-135728041,"PAUL WISEMAN Associated Press, ROB GILLIES Associated Press",2026-08-18T06:13:36Z,import tariffs,"Tension between Washington and Ottawa is already high, stoked by trade disputes and President Donald Trump's inflammatory comments about making Canada the 51st U.S. state",Abcnews.com,Unknown,Analysis/Opinion,2026-08-21T12:51:12.908962Z
68e39543f06ed140d38c747d4b1be18a,"US, Canada hold last-minute talks to stop 50% tariffs on Canadian goods",https://www.business-standard.com/world-news/us-canada-hold-last-minute-talks-to-stop-50-tariffs-on-canadian-goods-126081800167_1.html,AP,2026-08-18T04:38:03Z,import tariffs,"The United States and Canada have wrangled for decades over trade, poking each other interminably over sore spots like Canadian softwood lumber imports and US access to Canada's protected dairy market.
Somehow the two neighbours still managed to remain friend…",Business Standard,USA,Market Report,2026-08-21T12:51:12.908985Z
4784ba7111123e16b9344d41548ffd4b,"US, Canada hold last-minute talks to stop 50% U.S. tariffs on $20 billion worth of Canadian goods",https://economictimes.indiatimes.com/news/international/world-news/us-canada-hold-last-minute-talks-to-stop-50-u-s-tariffs-on-20-billion-worth-of-canadian-goods/articleshow/133311329.cms,AP,2026-08-18T04:25:42Z,import tariffs,United States and Canada face escalating trade disputes and potential tariffs.  Negotiations are intensely underway to avoid new trade restrictions.  Canada seeks relief from existing United States tariffs on its goods.  The United States aims for concessions…,The Times of India,USA,News,2026-08-21T12:51:12.909014Z
d70f9a46a6769c3937e6941157daea62,US-Canada trade talks 'intense' as new tariff deadline looms,https://www.bbc.co.uk/news/articles/crl7600rpnko,https://www.facebook.com/bbcnews,2026-08-18T00:02:31Z,import tariffs,Mark Carney will need to sell Canadians on any concessions made to the US as negotiators scramble to reach a deal to avoid Trump’s latest tariffs.,BBC News,Unknown,News,2026-08-21T12:51:12.909054Z
9bb1f7508e6cb369c343571f339ca549,US and Canada negotiate to close gaps on auto tariff cuts as deadline looms,https://cryptobriefing.com/us-canada-auto-tariff-negotiations/,Editorial Team,2026-08-17T22:46:33Z,import tariffs,"The negotiations could reshape North American trade dynamics, potentially impacting manufacturing jobs, supply chains, and future trade agreements.
The post US and Canada negotiate to close gaps on auto tariff cuts as deadline looms appeared first on Crypto B…",Crypto Briefing,USA,News,2026-08-21T12:51:12.909084Z
cebb1be23ed2a8ca9e27505b10b3b888,On the US Tech Bans,https://www.provideocoalition.com/on-the-us-tech-bans/,Iain Anderson,2026-08-17T22:30:23Z,import tariffs,"Recently, I’ve reviewed some nice cameras and microphones from DJI, and I’ll be reviewing more soon, but this is only possible because I don’t live in the USA. So… why can’t you buy any new DJI tech in the US, what other companies are affected, and what’s goi…",Provideocoalition.com,Unknown,Analysis/Opinion,2026-08-21T12:51:12.909120Z
4c78bde51c094c9c2b6ed73d13f398e1,AI Billionaires Are So Greedy That They’re Supercharging Sales of Yachts and Private Jets,https://futurism.com/future-society/ai-billionaires-sales-yachts-private-jets-luxury-travel,Joe Wilkins,2026-08-17T21:46:58Z,import tariffs,"""Companies now have to adapt to cater to a new generation of luxury-focused traveller, created by this AI wealth.""
The post AI Billionaires Are So Greedy That They’re Supercharging Sales of Yachts and Private Jets appeared first on Futurism.",Futurism,Unknown,News,2026-08-21T12:51:12.909170Z
010491bfd49f4de4acecf7ea8cfe2531,A new set of Trump tariffs for Canada could take effect Wednesday. Here’s what’s at stake,https://biztoc.com/x/decb2a67c58cb2ba,marketwatch.com,2026-08-17T21:41:50Z,import tariffs,"New 50% import taxes could hit liquor, hockey gear and wood products like particle board.",Biztoc.com,Unknown,News,2026-08-21T12:51:12.909204Z
5967ea2b5bc39f103838b1c131ddfe54,"US, Canada try to bridge gaps over potential autos tariff cuts, sources say",https://ca.finance.yahoo.com/news/us-canada-try-bridge-gaps-213050670.html,"By David Shepardson, Nora Eckert and Kalea Hall",2026-08-17T21:35:38Z,import tariffs,"By David Shepardson, Nora Eckert and Kalea Hall Aug 17 (Reuters) - U.S. and Canadian trade negotiators were haggling over a potential reduction in President...",Yahoo Entertainment,Unknown,News,2026-08-21T12:51:12.909240Z
b5bbc81dbd8ae0448b658f12381a061e,India seeks WTO consultations with US over 50% tariff quota on quartz surface imports,https://economictimes.indiatimes.com/news/economy/foreign-trade/india-seeks-wto-consultations-with-us-over-50-tariff-quota-on-quartz-surface-imports/articleshow/133304651.cms,Kirtika Suneja,2026-08-17T19:07:02Z,import tariffs,"India has sought consultations with the US at the World Trade Organization over Washington’s tariff-rate quota on quartz surface products, effective August 15 for four years. India, which exported about $380 million of these products to the US in FY26, said i…",The Times of India,India,News,2026-08-21T12:51:12.909266Z
59cba1be4c52cb0231d97e396f6102ea,Copper squeeze builds with spreads surging and price near record,https://financialpost.com/commodities/mining/copper-squeeze-builds-spreads-surging-price-near-record,Bloomberg News,2026-08-17T19:02:12Z,import tariffs,"Copper rose toward a record on the London Metal Exchange, with price spreads highlighting an acute squeeze in near-term supply. Read here",Financial Post,UK,News,2026-08-21T12:51:12.909298Z
f6401d09e373536490e763ac0ff539c4,Copper hits over six-month high as LME supply concerns mount,https://economictimes.indiatimes.com/markets/us-stocks/wall-street-guide/copper-hits-over-six-month-high-as-lme-supply-concerns-mount/articleshow/133301659.cms,ETMarkets.com,2026-08-17T16:45:41Z,import tariffs,"Copper prices reached their highest level in over six months on Monday. This surge occurred as London Metal Exchange inventories dropped significantly. Meanwhile, stocks in Comex warehouses have climbed substantially since last year. Other industrial metals a…",The Times of India,UK,Market Report,2026-08-21T12:51:12.909340Z
1e33bde6459c8d09f94f75a2a3b07410,Editorial. Trading charges,https://www.thehindubusinessline.com/opinion/editorial/trading-charges/article71356665.ece,,2026-08-17T15:44:58Z,import tariffs,India should call out US’ ‘transshipment scam’ report,BusinessLine,India,Analysis/Opinion,2026-08-21T12:51:12.909352Z
78e76e92749e650b67d1427c5a80b024,"Corning’s Tariff Immunity Comes Down to One Strategic Choice, CEO Says",https://247wallst.com/investing/2026/08/17/cornings-tariff-immunity-comes-down-to-one-strategic-choice-ceo-says/,Trey Thoelcke,2026-08-17T14:45:26Z,import tariffs,"Corning's CEO went on national television and told investors that tariffs are essentially a non-issue for the company, citing two specific figures about its...",24/7 Wall St.,Unknown,News,2026-08-21T12:51:12.909391Z
1e158b556ea22ff0b41b2d9d4e2e2f03,"Hyundai opens IONIQ 3 EV orders, starting at about $30,000",http://electrek.co/2026/08/17/hyundai-opens-ioniq-3-ev-orders-starting-30000/,Peter Johnson,2026-08-17T13:57:44Z,import tariffs,"Hyundai opened orders for the IONIQ 3, its new entry-level electric hatch, starting at about $30,000. Hyundai opens IONIQ 3...",Electrek,Unknown,News,2026-08-21T12:51:12.909425Z
625748fe32052d029463c2c3f3647db0,Chinese solar companies reroute supply chains through Africa and Southeast Asia to dodge US tariffs,https://cryptobriefing.com/chinese-solar-reroute-supply-chains-us-tariffs/,Editorial Team,2026-08-17T13:30:37Z,import tariffs,"Chinese solar firms' supply chain rerouting highlights the challenges of enforcing tariffs, potentially reshaping global trade dynamics.
The post Chinese solar companies reroute supply chains through Africa and Southeast Asia to dodge US tariffs appeared firs…",Crypto Briefing,China,News,2026-08-21T12:51:12.909447Z
03ea3405d4b93225ab46cce853e8b3f1,Canaan Inc. Provides July 2026 Bitcoin Production and Mining Operation Updates,https://www.prnewswire.com/news-releases/canaan-inc-provides-july-2026-bitcoin-production-and-mining-operation-updates-302852691.html,,2026-08-17T13:05:00Z,import tariffs,"SINGAPORE, Aug. 17, 2026 /PRNewswire/ -- Canaan Inc. (NASDAQ: CAN) (""Canaan"" or the ""Company""), an innovator in compute and energy infrastructure, today released its unaudited bitcoin mining update for the month ending July 31, 2026. Management Commentary ""Ju…",PRNewswire,Singapore,Analysis/Opinion,2026-08-21T12:51:12.909472Z
5ab748b5692c0635aaa5bff4a9d735b6,Asante Reports Q2 & H1 2026 Operating & Financial Results,https://financialpost.com/globe-newswire/asante-reports-q2-h1-2026-operating-financial-results,GlobeNewswire,2026-08-17T11:07:55Z,import tariffs,"HIGHLIGHTS Q2 2026 gold production of 57,274 equivalent ounces at consolidated AISC of $4,281 per ounce; H1 2026 gold production of 117,076 equivalent ounces, up 46.1% over H1 2025, at consolidated AISC of $4,070 per ounce. Record H1 2026 revenue of $543.8 mi…",Financial Post,Brazil,Market Report,2026-08-21T12:51:12.909492Z
0d800371683f288963ac34aaf619742f,Indian rupee seen weakening to 97 per dollar by FY2026-27-end: BMI,https://www.thehindubusinessline.com/markets/forex/indian-rupee-seen-weakening-to-97-per-dollar-by-fy2026-27-end-bmi/article71355734.ece,PTI,2026-08-17T09:57:59Z,import tariffs,"BMI expects the rupee to weaken to ₹97 per US dollar by the end of FY2026-27, which runs from April 2026 to March 2027, and to ₹99 per dollar by the end of FY2027-28, from ₹95.4 currently",BusinessLine,India,News,2026-08-21T12:51:12.909514Z
0084642d6054273241a13abcb4ed769b,Rupee seen weakening to 97 per dollar by FY27 end amid global risks: BMI,https://www.business-standard.com/finance/news/rupee-seen-weakening-to-97-per-dollar-by-fy27-end-amid-global-risks-bmi-126081700691_1.html,Press Trust of India,2026-08-17T09:46:19Z,import tariffs,"The Indian rupee is expected to weaken further against the US dollar over the next two fiscal years, pressured by elevated energy prices, global risk aversion and less favourable interest-rate differentials, while government measures to attract foreign capita…",Business Standard,India,Market Report,2026-08-21T12:51:12.909536Z
45dc6a71b883308978d4566ba845ad7e,Toyota steps up efficiency drive under new CEO,https://biztoc.com/x/4812ec49893dce2d,finance.yahoo.com,2026-08-17T09:18:50Z,import tariffs,"Toyota Motor Corporation is stepping up its efforts to improve profitability, according to local reports, as the industry faces growing headwinds from the prolonged conflict in the Middle East, import tariffs in the US and rising competition from Chinese auto…",Biztoc.com,China,Market Report,2026-08-21T12:51:12.909553Z
285abb764e728ef7794168c58e79d99e,Toyota steps up efficiency drive under new CEO,https://www.just-auto.com/news/toyota-steps-up-efficiency-drive-under-new-ceo/,GlobalData,2026-08-17T09:11:05Z,import tariffs,Kenta Kon is looking to reverse recent sharp decline in the company’s operating margin.,Just-auto.com,Unknown,News,2026-08-21T12:51:12.909585Z
5b606d5bc333e0eaa8d2606691d8aaa8,International Petroleum Corporation Announces Results of Normal Course Issuer Bid,https://financialpost.com/globe-newswire/international-petroleum-corporation-announces-results-of-normal-course-issuer-bid-96,GlobeNewswire,2026-08-17T08:01:33Z,import tariffs,"TORONTO, Aug. 17, 2026 (GLOBE NEWSWIRE) — International Petroleum Corporation (IPC or the Corporation) (TSX, Nasdaq Stockholm: IPCO) is pleased to announce that IPC repurchased a total of 205,334 IPC common shares (ISIN: CA46016U1084) during the period of Aug…",Financial Post,Global,News,2026-08-21T12:51:12.909631Z
780bd38dd0e22a04e17acd7bbc92c94a,"China's recovery sputters as consumption, output lose steam",https://www.channelnewsasia.com/business/chinas-recovery-sputters-consumption-output-lose-steam-6323436,,2026-08-17T07:55:00Z,import tariffs,"BEIJING: China's economy lost momentum at the start of the second half, with industrial output and retail sales slowing as extreme weather disruptions and persistently weak domestic demand renew pressure on policymakers to step up stimulus.The disappointing d…",CNA,China,News,2026-08-21T12:51:12.909652Z
de908d2cce44accb6b1f82be42cb9ed2,"China's industrial output slows in July, retail sales miss forecasts",https://www.channelnewsasia.com/business/chinas-industrial-output-slows-in-july-retail-sales-miss-forecasts-6323436,,2026-08-17T07:55:00Z,import tariffs,"BEIJING: China's industrial output growth slowed while retail sales grew less than expected in July, highlighting strains on the economy from weak domestic demand, extreme weather disruptions and the waning effect of state policies aimed at boosting consumpti…",CNA,China,Analysis/Opinion,2026-08-21T12:51:12.909665Z
6b8ca6b1646676d6e39aef5463c0538a,Global Market: German companies turn cautious on new US investments amid tariff risks,https://economictimes.indiatimes.com/markets/us-stocks/wall-street-guide/global-market-german-companies-turn-cautious-on-new-us-investments-amid-tariff-risks/articleshow/133286369.cms,Anupam Nagar,2026-08-17T04:09:49Z,import tariffs,"German companies sharply cut investments in the US in the first half of 2026, with direct investment falling nearly two-thirds from a year earlier amid uncertainty over tariffs, trade and US economic policy. While existing operations continue to reinvest prof…",The Times of India,Germany,Market Report,2026-08-21T12:51:12.909726Z
f1bf482c734d4f47175b7cf4aa289351,US tariffs and FCC curbs redraw the drone supply chain — and Taiwan sees an opening,https://www.digitimes.com/news/a20260817PD209/taiwan-donald-trump-fcc-manufacturing-aidc.html,Sherri Wang,2026-08-17T02:34:06Z,import tariffs,"US President Donald Trump has moved to impose tariffs of up to 100% on drone systems and components deemed strategically sensitive. The step follows moves by the Federal Communications Commission (FCC) to tighten market access for foreign-made drones, includi…",Digitimes,Unknown,Market Report,2026-08-21T12:51:12.909786Z
19eb9299180724fc7794878b8b496f60,Redeeming our 'Tryst With Destiny': India's road map to Viksit Bharat,https://www.business-standard.com/opinion/columns/redeeming-our-tryst-with-destiny-india-s-road-map-to-viksit-bharat-126081600801_1.html,TNC Rajagopalan,2026-08-16T17:46:15Z,import tariffs,"India has declared its ambition to become a developed nation by 2047. What it needs now is a credible, measurable roadmap to turn that ambition into reality",Business Standard,India,News,2026-08-21T12:51:12.909806Z
5d2e6bc18909faf9c0431c55be3a6b2f,Trump wins legal battle to maintain tariffs on cheap imports,https://cryptobriefing.com/trump-tariffs-de-minimis-court-ruling/,Editorial Team,2026-08-16T13:29:44Z,import tariffs,"The ruling reshapes global e-commerce, impacting low-cost import models and potentially benefiting domestic retailers by leveling competition.
The post Trump wins legal battle to maintain tariffs on cheap imports appeared first on Crypto Briefing.",Crypto Briefing,Global,News,2026-08-21T12:51:12.909846Z
4f3e4c7e81574906dd688c30068113b6,Trump's Assault on Judicial Review Undermines a Crucial Safeguard Against Tyranny,https://www.yahoo.com/news/politics/articles/trumps-assault-judicial-review-undermines-120056414.html,Jacob Sullum,2026-08-16T12:00:56Z,import tariffs,"In one case after another, the president has tried to cut the courts out of the picture painted by the Framers.",Yahoo Entertainment,Unknown,Analysis/Opinion,2026-08-21T12:51:12.909873Z
938d60bfe2d3d26cb1f89b54ed20b8bf,"German companies cut US investment to three-year low, data show",https://economictimes.indiatimes.com/news/international/business/german-companies-cut-us-investment-to-three-year-low-data-show/articleshow/133273086.cms,Reuters,2026-08-16T10:03:53Z,import tariffs,"German companies drastically cut investments in the United States during early 2026. This investment level reached its lowest point since 2023, showing a sharp decline. Trump administration policies created uncertainty for transatlantic trading partners, impa…",The Times of India,USA,Market Report,2026-08-21T12:51:12.909898Z
661361ca27bd6db9e1f82f23611cc820,Trump’s “forever” tariffs are kicking in for the long haul – and US consumers are footing the bill,https://www.salon.com/2026/08/16/trumps-forever-tariffs-are-kicking-in-for-the-long-haul-and-us-consumers-are-footing-the-bill-partner/,Kent Jones,2026-08-16T10:00:40Z,import tariffs,Trump’s embrace of tariffs can be understood as an instrument of personal power,Salon,Unknown,News,2026-08-21T12:51:12.909934Z
58d0f204dd67c4870b92fc8b818d27b2,German firms cut US investment to 3-yr low amid Trump's uncertain policies,https://www.business-standard.com/world-news/german-firms-cut-us-investment-to-3-yr-low-amid-trump-s-uncertain-policies-126081600340_1.html,Reuters,2026-08-16T09:50:47Z,import tariffs,"First-half direct investments plunged by ‌nearly two-thirds year-on-year to €4.3 billion ($5 billion), the ​lowest level since 2023, according to ​calculations by the German Economic Institute",Business Standard,Germany,News,2026-08-21T12:51:12.909973Z
23b2fd91e633c72a17c092f6b6b78fc2,"Barry Eichengreen: Okay, so America has escaped a recession—but only by the skin of its teeth",https://www.livemint.com/opinion/online-views/barry-eichengreen-america-recession-economy-fdi-japan-china-inflation-consumer-spending-11786613091068.html,Barry Eichengreen,2026-08-16T09:03:47Z,import tariffs,"Various factors have helped America defy gloomy predictions so far, but that doesn’t mean the risk of shrunken output has receded. In fact, for those wondering what could go wrong, the answer is pretty much everything.",Livemint,USA,Analysis/Opinion,2026-08-21T12:51:12.909996Z
36fa918ece11bdaea7df369e4a46c1a0,German companies cut US investment to three-year low: Data,https://www.thehindubusinessline.com/news/world/german-companies-cut-us-investment-to-three-year-low-data/article71352219.ece,Reuters,2026-08-16T07:00:16Z,import tariffs,German companies' investments in the U.S. dropped to a three-year low in 2026 amid uncertainty from Trump administration policies.,BusinessLine,Germany,News,2026-08-21T12:51:12.910078Z
4272185f8454ea04388051ef6ef1ea08,"German companies cut US investment to three-year low, data show",https://finance.yahoo.com/news/german-companies-cut-us-investment-063427866.html,By Rene Wagner,2026-08-16T06:34:27Z,import tariffs,"BERLIN, Aug 16 (Reuters) - German companies slashed investments in the United States to a three-year low in the first half of ‌2026, as Trump administration...",Yahoo Entertainment,USA,News,2026-08-21T12:51:12.910101Z
46de6a6265e6d4b0007ee7eb7a9f41da,A bill to punish Putin gives too much power to Donald Trump,https://www.nrc.nl/nieuws/2026/08/15/a-bill-to-punish-putin-gives-too-much-power-to-donald-trump-a4934460,,2026-08-15T20:00:00Z,import tariffs,Walloping the global trading system is no way to help Ukraine.,Www.nrc.nl,Ukraine,Market Report,2026-08-21T12:51:12.910116Z
2251141455ef9743df4bd47971b21205,Bybit Launches AI Future City Campaign Connecting AI Market Themes With TradFi Perpetuals,https://www.prnewswire.com/news-releases/bybit-launches-ai-future-city-campaign-connecting-ai-market-themes-with-tradfi-perpetuals-302856402.html,,2026-08-20T12:28:00Z,trade restrictions,"DUBAI, UAE, Aug. 20, 2026 /PRNewswire/ -- Bybit, the world's second-largest cryptocurrency exchange by trading volume, has launched ""Build Your AI Future City,"" a gamified experience for global traders bullish on the AI revolution. From now until September 20…",PRNewswire,Global,Market Report,2026-08-21T12:51:13.461382Z
8002b534f5310fc954dda21995877e27,Trump’s Canada tariff threat produces a deal with no public terms,https://fortune.com/2026/08/20/trump-canada-tariff-deal-terms-unclear/,"Rob Gillies, Paul Wiseman, Seung Min Kim, The Associated Press",2026-08-20T12:04:56Z,trade restrictions,"Canada and the United States moved closer Wednesday to finalizing a trade agreement that would avert threatened 50% U.S. tariffs, with a senior Canadian official calling the emerging terms “a very good deal for Canada” while cautioning that negotiations were …",Fortune,USA,News,2026-08-21T12:51:13.461426Z
ad027311832d7986e4d388c83c354e36,Quebec’s premier says Canada-US trade talks are ‘far from over’,https://www.yahoo.com/news/politics/articles/quebec-premier-says-canada-us-114136547.html,ROB GILLIES,2026-08-20T11:41:36Z,trade restrictions,Quebec’s premier said Canada-U.S. trade negotiations are “far from over” and demanded more information from Prime Minister Mark Carney before deciding whethe...,Yahoo Entertainment,Unknown,News,2026-08-21T12:51:13.461468Z
4fe6e4b9c30a359544eb6211eb1ef99b,NBA's Second Apron Claims Another Victim With Nuggets' Peyton Watson Trade,https://www.forbes.com/sites/bryantoporek/2026/08/20/nbas-second-apron-claims-another-victim-with-nuggets-peyton-watson-trade/,"Bryan Toporek, Senior Contributor, 
 Bryan Toporek, Senior Contributor
 https://www.forbes.com/sites/bryantoporek/",2026-08-20T11:00:00Z,trade restrictions,"Losing Peyton Watson is likely to make the Nuggets worse next season, but they didn't trade him for basketball reasons.",Forbes,Unknown,News,2026-08-21T12:51:13.461555Z
c94a77a777bbb71f82c63bb814bfea42,U.S. And EU Welcome Peace Progress Between Armenia And Azerbaijan,https://www.forbes.com/sites/marktemnycky/2026/08/20/us-and-eu-welcome-peace-progress-between-armenia-and-azerbaijan/,"Mark Temnycky, Senior Contributor, 
 Mark Temnycky, Senior Contributor
 https://www.forbes.com/sites/marktemnycky/",2026-08-20T10:00:00Z,trade restrictions,"One year after the Washington peace summit, the United States and the European Union have welcomed Armenia’s and Azerbaijan’s progress toward peace.",Forbes,USA,News,2026-08-21T12:51:13.461687Z
ddb84a815c2d78fae85c6e3cbfa2af72,"Govt official asks industry to utilise FTAs, focus on value addition, diversify export markets",https://www.thehindubusinessline.com/economy/govt-official-asks-industry-to-utilise-ftas-focus-on-value-addition-diversify-export-markets/article71368219.ece,PTI,2026-08-20T08:38:10Z,trade restrictions,"Official says industry should use FTAs to expand market access, attract investment and technology, diversify supply chains, and build manufacturing ecosystems that can withstand global shocks",BusinessLine,Global,Market Report,2026-08-21T12:51:13.461722Z
6d81c43a57daa8b89bea28fc88b78246,What are bony fishes give two examples?,https://www.lifesciencesworld.com/what-are-bony-fishes-give-two-examples/,Ava Reynolds,2026-08-20T08:37:46Z,trade restrictions,"What are Bony Fishes? Exploring Osteichthyes with Examples Bony fishes, or Osteichthyes, are the largest class of vertebrates, characterized by a bony skeleton; two examples include the vibrant Clownfish and the commercially important Atlantic Cod. This artic…",Lifesciencesworld.com,Unknown,Market Report,2026-08-21T12:51:13.461830Z
96ac3aeff071904cc29614da3a8e9b58,"India Inc should utilise FTAs, focus on value addition, diversify export markets, says govt official",https://economictimes.indiatimes.com/news/company/corporate-trends/india-inc-should-utilise-ftas-focus-on-value-addition-diversify-export-markets-says-govt-official/articleshow/133369293.cms,PTI,2026-08-20T08:36:53Z,trade restrictions,Industry must utilize free trade agreements for expanded market access and investment. Value addition and supply chain resilience are crucial for global competitiveness. Diversifying export markets will open new trade corridors for India. Engaging on technica…,The Times of India,India,Market Report,2026-08-21T12:51:13.461867Z
0c47c963989404ddc3e694eea54cabd0,"'Industry must utilise FTAs, focus on value addition, and diversify mkts'",https://www.business-standard.com/economy/news/industry-must-utilise-ftas-focus-on-value-addition-and-diversify-mkts-126082000514_1.html,Press Trust of India,2026-08-20T08:26:45Z,trade restrictions,"The government on Thursday mooted that the industry must utilise free trade agreements (FTAs), focus on value addition, build resilient supply chains, and actively diversify export markets to boost manufacturing and strengthen the country's position in global…",Business Standard,Global,Market Report,2026-08-21T12:51:13.461917Z
568ac36c3f8cc24b93a7c9f32d236141,Crypto IRA Robinhood Review,https://themattwalshblog.com/crypto-ira-robinhood-review/,Matt Walsh,2026-08-20T08:17:29Z,trade restrictions,"Robinhood does not currently offer direct cryptocurrency trading inside its self-directed Traditional or Roth IRAs. Customers can trade stocks, exchange-traded funds, and eligible options in a Robinhood IRA, but they cannot buy Bitcoin, Ethereum, Solana, Doge…",Themattwalshblog.com,Unknown,Analysis/Opinion,2026-08-21T12:51:13.461975Z
abcf04ce98df566045887b4ca87247ed,Paul Merson predicts Premier League top six and which clubs in danger of relegation…,https://www.themag.co.uk/2026/08/paul-merson-predicts-premier-league-top-six-and-which-clubs-in-danger-of-relegation/,Jackie Smithfield,2026-08-20T06:13:58Z,trade restrictions,Paul Merson has given his verdict on the upcoming 2026/27 Premier League season. The Chelsea fan and former Arsenal player predicting the finishing order of the top six come the end of May 2027.,The Mag,Unknown,News,2026-08-21T12:51:13.462089Z
744498e31ca92b31613c0ff4e5d6b8cf,"Saudi Arabia Imposes New Restrictions on Bank Transfers to UAE, Report Says",https://www.naturalnews.com/2026-08-20-saudi-arabia-imposes-restrictions-bank-transfers-uae.html,Sterling Ashworth,2026-08-20T06:00:00Z,trade restrictions,"Saudi Arabia has imposed new restrictions on bank transfers to the United Arab Emirates (UAE), according to a report by Middle East Eye published August 18, 2026 [1]. The measures, which tighten oversight of financial transactions between the two Gulf nations…",Naturalnews.com,Unknown,Market Report,2026-08-21T12:51:13.462133Z
d9ec93fbf86007a4961b2b8fc4907dbc,Crypto Unchained: The evolution of money and the rise of Bitcoin,https://www.naturalnews.com/2026-08-20-crypto-unchained-evolution-money-rise-of-bitcoin.html,Kevin Hughes,2026-08-20T06:00:00Z,trade restrictions,"The book “Crypto Unchained: The Battle for Privacy, Freedom, and the Future of Money” traces Bitcoin’s creation by Satoshi Nakamoto as a response to the 2008 financial crisis, emphasizing its decentralized, inflation-proof design (21M cap, proof-of-work) as a…",Naturalnews.com,Unknown,News,2026-08-21T12:51:13.462178Z
ce9a167dc156942ba73ab04f0b89417d,How banned goods are smuggled across the border into Gaza,https://apnews.com/article/gaza-smuggling-goods-israel-hamas-war-0eb43885ba1ee2045457b4bb8d26dfd5,Samy Magdy,2026-08-20T05:03:12Z,trade restrictions,The smuggling of goods restricted by Israel into Gaza has boomed. Items from cigarettes and iPhones to fuel and solar panels make their way to the territory devastated by war. Palestinians face inflated prices for groceries and batteries. Hospitals turn to sm…,Associated Press,Unknown,Market Report,2026-08-21T12:51:13.462221Z
f92108ad07bbb79085767bbffc062c38,"Prices soar as Gaza smuggling booms. Officials, soldiers and middlemen are accused of cashing in",https://www.yahoo.com/news/world/articles/smuggling-gaza-banned-goods-across-050311604.html,SAMY MAGDY,2026-08-20T05:03:11Z,trade restrictions,"Palestinians face inflated prices for groceries and batteries, hospitals have turned to smugglers for medicine and equipment, and Israeli soldiers and other...",Yahoo Entertainment,Unknown,Market Report,2026-08-21T12:51:13.462256Z
6fc5c9337e5c2f12d87c774294dda097,North Carolina Banned Litigation Funding but Other States not Following Suit,https://www.carriermanagement.com/features/2026/08/18/291127.htm,Admin,2026-08-20T05:02:20Z,trade restrictions,The decade-long war between the third-party litigation funding sector and the commercial insurance industry reached a turning point when North Carolina became the first state to ban commercial litigation funding on June 22. While some legal and business publi…,Carriermanagement.com,Unknown,News,2026-08-21T12:51:13.462304Z
690a991627ff170ab4948c7f4c2c5e1a,Peyton Watson Trade Kills Jonathan Kuminga’s Leverage as Lakers Find Golden Opportunity to Land Warriors Champion,https://www.essentiallysports.com/nba-active-basketball-news-peyton-watson-trade-kills-jonathan-kumingas-leverage-as-los-angles-lakers-find-golden-opportunity-to-land-golden-state-warriors-champion/,Shahul Hameed,2026-08-20T04:58:43Z,trade restrictions,"LA felt the effect of the earth-shattering trade update in Cleveland. For weeks, Jonathan Kuminga appeared to have more than one path out of his current situation, giving his camp room to push the Lakers toward a richer deal.",Essentially Sports,Unknown,News,2026-08-21T12:51:13.462353Z
edf0944d796dc5d98cec0e0e38263c6f,Applied Materials Delivered a Record Quarter. The Stock Fell Anyway,https://finance.yahoo.com/markets/stocks/articles/applied-materials-delivered-record-quarter-045343827.html,Sheryar Siddiq,2026-08-20T04:53:43Z,trade restrictions,"Applied Materials, Inc. (NASDAQ:AMAT) just reported a record quarter and guided its next one well above Wall Street projections. Even so, the stock went down...",Yahoo Entertainment,Unknown,Market Report,2026-08-21T12:51:13.462390Z
34ea7cf91589bdc9d46339386ad7159a,‘Straight up terrible’ – NBA fans blast Denver Nuggets after 3-team trade with Cavaliers and Clippers,https://www.hitc.com/straight-up-terrible-nba-fans-blast-denver-nuggets-after-3-team-trade-with-cavaliers-and-clippers/,Divij Kulkarni,2026-08-20T04:24:55Z,trade restrictions,The Denver Nuggets are catching a lot of heat from NBA fans on social media after they traded away Peyton Watson for what many think is a poor return. Peyton Watson was a restricted free agent coming into the 2026 NBA offseason.,"HITC - Football, Gaming, Movies, TV, Music",Unknown,News,2026-08-21T12:51:13.462438Z
d54e96cc3688733e15f30829c928fb21,"Trump says US, Canada have trade deal, but key terms remain unclear",https://www.business-standard.com/world-news/trump-says-us-canada-have-trade-deal-but-key-terms-remain-unclear-126082000033_1.html,AP,2026-08-20T02:42:10Z,trade restrictions,"Canada has dodged President Donald Trump's threat of 50 -per cent tariffs - at least for now.
Trump went on social media late Tuesday to say he was pausing for three days the taxes on USD 20 billion worth of Canadian imports less than two hours before they we…",Business Standard,Unknown,News,2026-08-21T12:51:13.462483Z
86bb529ad1e47cfa651005059a089c95,"Trump says US and Canada have a trade deal, but key terms remain unclear",https://abcnews.com/Politics/wireStory/trump-us-canada-trade-deal-key-terms-remain-135785816,"ROB GILLIES Associated Press, PAUL WISEMAN Associated Press, SEUNG MIN KIM Associated Press",2026-08-20T02:26:16Z,trade restrictions,Canada and the United States have moved closer to finalizing a trade agreement that would avert threatened 50% U.S. tariffs,Abcnews.com,USA,News,2026-08-21T12:51:13.462501Z
2f0bd4f4efcb68778f5dbc65a67eeddd,"Trump says US and Canada have a trade deal, but key terms remain unclear",https://abcnews.com/Business/wireStory/trump-us-canada-trade-deal-key-terms-remain-135785821,"ROB GILLIES Associated Press, PAUL WISEMAN Associated Press, SEUNG MIN KIM Associated Press",2026-08-20T02:26:01Z,trade restrictions,Canada and the United States have moved closer to finalizing a trade agreement that would avert threatened 50% U.S. tariffs,Abcnews.com,USA,News,2026-08-21T12:51:13.462514Z
2b3abaa7f275666dd23dc239190b17e1,Economic Digest: A Snapshot of Nepal’s Business News,https://english.khabarhub.com/2026/20/564001/,Khabarhub,2026-08-20T02:15:30Z,trade restrictions,"KATHMANDU: Economic Digest presents a brief yet comprehensive roundup of major business developments in Nepal, delivered in clear and accessible summaries. Nepal’s economic picture remains mixed, with signs of liquidity management and institutional earnings g…",Khabarhub.com,Unknown,News,2026-08-21T12:51:13.462564Z
f13679295d43c342da26d3db8fd49cf8,"Peyton Watson trade grades: Cavaliers grab breakout wing, Nuggets have serious questions around Nikola Jokić",https://www.cbssports.com/nba/news/peyton-watson-trade-grades-cavaliers-nuggets-nikola-jokic/,Sam Quinn,2026-08-20T01:40:43Z,trade restrictions,Watson is heading to Cleveland as the Nuggets' championship window closes even further,CBS Sports,Unknown,News,2026-08-21T12:51:13.462601Z
31e22bb1bb8130e87de00b77896a44c0,"Pentagon quizzes NATO allies on political loyalty, documents reveal",https://www.aljazeera.com/news/2026/8/19/pentagon-quizzes-nato-allies-on-political-loyalty-documents-reveal,Alex Marquardt,2026-08-19T23:24:43Z,trade restrictions,NATO allies probed on loyalty to US policies in Pentagon questionnaire obtained exclusively by Al Jazeera.,Al Jazeera English,Unknown,News,2026-08-21T12:51:13.462723Z
e369fc7aa48782b71ade08e7f8b5748d,"Trump says US and Canada have a trade deal, but key terms remain unclear",https://abcnews.com/US/wireStory/trump-us-canada-trade-deal-key-terms-remain-135785809,"ROB GILLIES Associated Press, PAUL WISEMAN Associated Press, SEUNG MIN KIM Associated Press",2026-08-19T21:18:26Z,trade restrictions,Canada has dodged President Donald Trump’s threat of 50% tariffs — at least for now,Abcnews.com,Unknown,News,2026-08-21T12:51:13.462755Z
1450b64477b9aae86cd49b4df5299efd,AirBoss Announces Change of Auditor,https://financialpost.com/globe-newswire/airboss-announces-change-of-auditor,GlobeNewswire,2026-08-19T21:03:22Z,trade restrictions,"NEWMARKET, Ontario, Aug. 19, 2026 (GLOBE NEWSWIRE) — AirBoss of America Corp. (TSX: BOS) (OTCQX:ABSSF) (the “Company” or “AirBoss”) today announced that, at the request of the Company, KPMG LLP (“KPMG”) has resigned as auditor of the Company effective August …",Financial Post,USA,Market Report,2026-08-21T12:51:13.462806Z
5a8cd84f6e87d2f94fd68f2bacc1cedf,Trump Opens Door to Hyperliquid as US Pulls Crypto Trade Onshore,https://finance.yahoo.com/markets/crypto/articles/trump-opens-door-hyperliquid-us-202054173.html,Muyao Shen and Monique Mulima,2026-08-19T20:20:54Z,trade restrictions,"President Donald Trump said US regulators are working to bring Hyperliquid, a fast-growing crypto platform, into the country, offering one of the clearest si...",Yahoo Entertainment,Unknown,News,2026-08-21T12:51:13.462928Z
19803c55f499753ce6b1d793434014b2,Webull Reports Second Quarter 2026 Financial Results,https://www.prnewswire.com/news-releases/webull-reports-second-quarter-2026-financial-results-302855581.html,,2026-08-19T20:15:00Z,trade restrictions,"Webull reports another strong quarter of growth, marked by record trading volumes, increased customer assets, and strong net deposits. Webull continues to invest in strategic priorities, including enhanced offerings for its active traders, international expan…",PRNewswire,Global,Market Report,2026-08-21T12:51:13.462973Z
efb983b3de1d27e39a0a65ccac468e96,UAE imposes financial embargo on Iran amid missile threat,https://cryptobriefing.com/uae-financial-embargo-iran-missile-threat/,Editorial Team,2026-08-19T19:35:54Z,trade restrictions,"The UAE's embargo on Iran could exacerbate regional tensions, disrupt trade routes, and push Iran towards alternative financial systems.
The post UAE imposes financial embargo on Iran amid missile threat appeared first on Crypto Briefing.",Crypto Briefing,Unknown,News,2026-08-21T12:51:13.463014Z
8fbd932204ab138feb0935052f56c3f2,"Kalshi promo code NYPMAX: Trade $25, get up to $500 for Premier League",https://nypost.com/2026/08/19/betting/kalshi-promo-code-nypmax-trade-25-get-up-to-500-for-premier-league/,Mike Turay,2026-08-19T19:00:00Z,trade restrictions,"Kalshi promo code NYPMAX unlocks an exclusive trade $25, get up to $500 in bonuses offer.",New York Post,Unknown,News,2026-08-21T12:51:13.463042Z
329472f7d713f1c79755693884b96add,What to know about the outbreak of a rare kind of Ebola,https://abcnews.com/International/wireStory/outbreak-rare-kind-ebola-135774557,"CHINEDU ASADU Associated Press, MOGOMOTSI MAGOME Associated Press, MARK BANCHEREAU Associated Press",2026-08-19T17:40:13Z,trade restrictions,"An Ebola outbreak in Congo has surpassed 5,000 confirmed cases",Abcnews.com,Unknown,News,2026-08-21T12:51:13.463068Z
3d632dc9d1b95fe7a7b8ded9d3565f7e,Amazon’s Drone Expansion Is Really a Last-Mile Orchestration Story,https://logisticsviewpoints.com/2026/08/19/amazons-drone-expansion-is-really-a-last-mile-orchestration-story/,Jim Frazer,2026-08-19T17:36:41Z,trade restrictions,"Amazon says Prime Air will expand to nearly 500 U.S. cities and towns by the end of 2026. That is the headline, but it is not the most important part of the story. The more important development is that drone delivery is starting to move out of the technology…",Logisticsviewpoints.com,Unknown,News,2026-08-21T12:51:13.463115Z
0ff9e9e8abd415e8ec195dc81f8ee27f,Private Markets Have A Plumbing Problem — The Industry Needs To Modernize,https://www.forbes.com/sites/mayrarodriguezvalladares/2026/08/19/private-markets-have-a-plumbing-problem---the-industry-needs-to-modernize/,"Mayra Rodriguez Valladares, Senior Contributor, 
 Mayra Rodriguez Valladares, Senior Contributor
 https://www.forbes.com/sites/mayrarodriguezvalladares/",2026-08-19T17:31:10Z,trade restrictions,A new white paper from the BNY Institute advocates for a foundational redesign for private markets' infrastructure.  Current  infrastructure is critically lagging.,Forbes,Unknown,Market Report,2026-08-21T12:51:13.463149Z
93ff7f87a37e6eaf5a9073549589a39c,How a DIY Adobe Illustrator design landed Rebel Creamery in a $23.8 million fight with Van Leeuwen,https://fortune.com/article/how-a-diy-adobe-illustrator-design-landed-rebel-creamery-in-a-24-million-fight-with-van-leeuwen-08-19-2026/,Sarah Glodek,2026-08-19T16:43:14Z,trade restrictions,"Rebel has filed for Chapter 11 bankruptcy, but will continue to sell in grocery stores amid a court-ordered rebrand.",Fortune,Unknown,News,2026-08-21T12:51:13.463181Z
9feb7bb66331e254664ba5dcfa95ae24,"UAE halts all trade with Iran after new missile fire in Gulf, cutting off a key export route for Tehran",https://fortune.com/2026/08/19/uae-trade-iran-halted-exports/,"David Rising, The Associated Press",2026-08-19T16:22:42Z,trade restrictions,"Tehran denies launching the missiles that triggered Tuesday's alert, as Iran's economy already reels from sanctions and a blockade of its ports",Fortune,Unknown,News,2026-08-21T12:51:13.463217Z
6c1743ca8bdda1190f00ce38b073619b,Cuba’s economic freefall is hiding a national security threat just miles from Florida: report,https://www.foxnews.com/world/cubas-economic-freefall-hiding-national-security-threat-just-miles-from-florida-report,,2026-08-19T15:23:14Z,trade restrictions,"A new report says Cuba's ties with Russia, China, and Iran create intelligence and military threats just 90 miles from the Florida coastline.",Fox News,China,Market Report,2026-08-21T12:51:13.463233Z
3dfd5107a3cfa8f9c5b1ad31b0ea10e4,Global Research Daily: The News Behind the News,https://www.globalresearch.ca/global-research-daily-news-behind-news-13-20/5937180,Global Research News,2026-08-19T15:05:16Z,trade restrictions,"High Level White House Discussions: Planning to Use Nuclear Weapons Against Iran. Marjorie Taylor Greene By Lucas Leiroz de Almeida, August 19, 2026 Marjorie Taylor Greene, a former Trump supporter who recently resigned from her Congress post, stated that hig…",Globalresearch.ca,Global,Market Report,2026-08-21T12:51:13.463279Z
228d691d3246bd7f66e0e8b5acb96191,"SEBI passes swift order in Sensex Expiry-Day Manipulation, slaps Rs 3.68 crore impounding order on Copthall Mauritius and Mansi Broking",https://www.moneycontrol.com/news/business/markets/sebi-passes-swift-order-in-sensex-expiry-day-manipulation-slaps-rs-3-68-crore-impounding-order-on-copthall-mauritius-and-mansi-broking-14010625.html,Brajesh Kumar,2026-08-19T14:55:00Z,trade restrictions,Copthall Mauritius Investment Limited and Mansi Share and Stock Broking's proprietary account have been restrained from accessing the securities markets.,Moneycontrol,Unknown,Market Report,2026-08-21T12:51:13.463347Z
0e479dbd6efb4fd7d4a2008367df07db,Andhra Pradesh Assembly passes organ donation Bill; Rs 1 lakh aid proposed for donor families,https://economictimes.indiatimes.com/news/india/andhra-pradesh-assembly-passes-organ-donation-bill-rs-1-lakh-aid-proposed-for-donor-families/articleshow/133351602.cms,PTI,2026-08-19T14:53:25Z,trade restrictions,"Andhra Pradesh passed the Human Organ Transplantation Amendment Bill-2026, proposing stricter penalties for illegal organ trade.  The bill expands the definition of close relatives eligible for organ donation.  Financial assistance for brain-dead organ donor …",The Times of India,Unknown,News,2026-08-21T12:51:13.463400Z
8097f00ef2f75b5cc2d5bb0cebeedded,Is teen summer employment in the U.S. rebounding after a long fade?,https://www.pewresearch.org/short-reads/2026/08/19/after-a-long-fade-is-teen-summer-employment-in-the-us-rebounding/,Beshay,2026-08-19T13:59:23Z,trade restrictions,"Only 35.5% of U.S. teens ages 16 to 19 worked this summer, up slightly from 2025 but far below the more than half who worked most summers before 2000.",Pew Research Center,Unknown,News,2026-08-21T12:51:13.463431Z
d0714e3e03d1720deeabfd5c73c8df4e,How Americans stayed cool before air conditioning: From sitting on smelly ice to sleeping on the roof,https://www.popsci.com/technology/before-air-conditioning-history/,Mack DeGeurin,2026-08-19T13:02:00Z,trade restrictions,"Even Presidents had to get clever in the heat, such as building a screened-in porch on top of the White House just to catch a breeze.
The post How Americans stayed cool before air conditioning: From sitting on smelly ice to sleeping on the roof appeared first…",Popular Science,USA,News,2026-08-21T12:51:13.463460Z
8ec35c219700714e99ad75d69561056e,So much for cozy: Survival city builder for under $5 on Steam,https://www.notebookcheck.net/So-much-for-cozy-Survival-city-builder-for-under-5-on-Steam.1372597.0.html,Marius Müller,2026-08-19T12:39:00Z,trade restrictions,"Deal | Building a thriving city sounds cozy at first – until diseases, natural disasters and resource shortages throw everything into chaos. Settlement Survival combines city building with survival elements and is currently just $4.87 on Steam thanks to a 75%…",Notebookcheck.net,Unknown,News,2026-08-21T12:51:13.463550Z
77001e9ad50c4f21830331f79bf4cf07,United Arab Emirates suspends trade with Iran,https://apnews.com/article/iran-united-arab-emirates-trade-august-19-2026-47c95fe382c49289ab0419310b6d8057,David Rising,2026-08-19T12:16:58Z,trade restrictions,The United Arab Emirates has suspended all trade with Iran after it said it had come under renewed fire from the country. That will further isolate the Islamic Republic. The country is already suffering under U.S. sanctions and a blockade. Incoming ballistic …,Associated Press,Unknown,Market Report,2026-08-21T12:51:13.463616Z
ecbfc49c365ec76e40e6aa46c42fe011,Far-left socialist wins massive Florida upset: Key takeaways from Tuesday's primaries and more top headlines,https://www.foxnews.com/us/far-left-socialist-wins-massive-florida-upset-key-takeaways-tuesday-primaries-more-top-headlines,,2026-08-19T11:49:03Z,trade restrictions,,Fox News,Unknown,News,2026-08-21T12:51:13.463673Z
f67de77c1572a568e68e586924c80bf9,"U.S. retreat from global order ‘eroding’ European competitiveness, central bank boss warns",https://www.cnbc.com/2026/08/19/lagarde-ecb-europe-economy-trump.html,Chloe Taylor,2026-08-19T11:27:08Z,trade restrictions,ECB chief Christine Lagarde called for better integration across the region if Europe wants to compete in the age of AI.,CNBC,Global,News,2026-08-21T12:51:13.463711Z
47adee28cf7872b24de7d029be3abcf0,"Tactical Resources Confirms Effectiveness of Share Consolidation; Will Trade on Nasdaq Under Ticker Symbol “TREO” on August 20, 2026",https://financialpost.com/pmn/business-wire-news-releases-pmn/tactical-resources-confirms-effectiveness-of-share-consolidation-will-trade-on-nasdaq-under-ticker-symbol-treo-on-august-20-2026,Business Wire,2026-08-19T10:09:14Z,trade restrictions,"New CUSIP Number Assigned to Common Shares VANCOUVER, British Columbia — Tactical Resources Corp. (“Tactical” or the “Company”) (Nasdaq: TREO) today confirmed that the four (4)-for-one (1) consolidation (the “Consolidation”) of its common shares (“Common Shar…",Financial Post,UK,News,2026-08-21T12:51:13.463885Z
15b318687ce256c611cc7c5bc9059d8e,Forestry Commission extends Sweet Chestnut Blight demarcated area,https://www.gov.uk/government/news/forestry-commission-extends-sweet-chestnut-blight-demarcated-area,Forestry Commission,2026-08-19T10:00:02Z,trade restrictions,"Trade restrictions to prevent Sweet Chestnut Blight will be extended in Devon, and the area will now include a small part of Cornwall",Www.gov.uk,Unknown,News,2026-08-21T12:51:13.463918Z
e92bca7fdc8f828c2564fef5c93f5fc2,SEC opens door to day-one crypto insider sales that Senate draft would block,https://cryptoslate.com/sec-opens-door-to-day-one-crypto-insider-sales-that-senate-draft-would-block/,Gino Matos,2026-08-19T09:45:12Z,trade restrictions,"The SEC's new crypto fundraising proposal deliberately treats tokens as free to trade as soon as a buyer acquires them, unless the issuer or another law says otherwise. Insiders typically know more than the public while a token project is still being built, a…",CryptoSlate,Unknown,News,2026-08-21T12:51:13.463964Z
e577a8583128b19bc08931a919af7ffb,Trump delays new Canada tariffs for three days as trade deal nears,https://english.khabarhub.com/2026/19/563930/,Khabarhub,2026-08-19T07:51:41Z,trade restrictions,"WASHINGTON DC: US President Donald Trump has postponed the introduction of new tariffs on a wide range of Canadian goods for three days, saying the two countries are close to finalizing a trade agreement. Trump said he had delayed the planned 50% tariffs, whi…",Khabarhub.com,Unknown,News,2026-08-21T12:51:13.464014Z
c4c5d30fdb97b7ff03afb736049c0e3a,Christine Lagarde: Panel remarks about the European economy during a discussion on the global economic outlook at the World Economic Forum,https://www.ecb.europa.eu/press/key/date/2026/html/ecb.sp260819~98ddf24b7b.en.html,European Central Bank,2026-08-19T07:10:00Z,trade restrictions,The European Central Bank (ECB) is the central bank of the European Union countries which have adopted the euro. Our main task is to maintain price stability in the euro area and so preserve the purchasing power of the single currency.,Europa.eu,Global,Analysis/Opinion,2026-08-21T12:51:13.464085Z
e006994b675912611c36037c887970d6,"CNBC Daily Open: Robots rising, tariff turnaround and yield nerves",https://www.cnbc.com/2026/08/19/cnbc-daily-open-robots-rising-tariff-turnaround-and-yield-nerves.html,Leonie Kidd,2026-08-19T06:10:54Z,trade restrictions,"Chinese robot maker Unitree rises around 500% on its debut day of trade amid continued geopolitical tensions and a bond market rout, keeping stock markets in check.",CNBC,China,Market Report,2026-08-21T12:51:13.464096Z
ba187565e4a8e292ae4f108d712c8bed,Q. Discuss the role of Buddhism in shaping the socio-religious landscape of Mauryan Empire. [UPSC- 2024],https://selfstudyhistory.com/2026/08/19/q-discuss-the-role-of-buddhism-in-shaping-the-socio-religious-landscape-of-mauryan-empire-upsc-2024/,selfstudyhistory,2026-08-19T05:22:09Z,trade restrictions,"Q. Discuss the role of Buddhism in shaping the socio-religious landscape of Mauryan Empire. [UPSC- 2024] Ans: The Mauryan Empire, particularly under Asoka in the 3rd century BCE, witnessed one of the most important transformations in the religious and social …",Selfstudyhistory.com,Unknown,News,2026-08-21T12:51:13.464144Z
7ae94f250330842f64e2f821047a4449,Can you have a Mockingbird as a pet?,https://www.lifesciencesworld.com/can-you-have-a-mockingbird-as-a-pet/,Ava Reynolds,2026-08-19T05:08:36Z,trade restrictions,Can You Keep a Northern Mockingbird as a Pet? Examining the Legality and Ethics The short answer is a resounding no. Keeping a Northern Mockingbird as a pet is strictly illegal in the United States due to federal and state laws designed to protect migratory b…,Lifesciencesworld.com,USA,News,2026-08-21T12:51:13.464213Z
24096c77913f2228d859f51a55dda521,"Congo's Ebola Outbreak Has Passed 2,300 Deaths and Is Now the Deadliest in the Country's History",https://www.medicaldaily.com/congo-ebola-bundibugyo-deadliest-outbreak-record-2325-deaths-477488,Joseph James,2026-08-18T21:30:08Z,trade restrictions,"WHO says the Bundibugyo outbreak in DR Congo has killed 2,325 people, surpassing the 2018 to 2020 epidemic as the country's deadliest.",Medical Daily,Unknown,News,2026-08-21T12:51:13.464322Z
85f728634708b65b7a686d795beb1a0f,"Kalshi promo code NYPMAX: Trade $25, get up to $500 for Liberty vs. Sky",https://nypost.com/2026/08/18/betting/kalshi-promo-code-nypmax-trade-25-get-up-to-500-for-liberty-vs-sky/,Malik Smith,2026-08-18T21:00:00Z,trade restrictions,Trade $25 and get up to $500 for Liberty vs. Sky with Kalshi promo code NYPMAX.,New York Post,Unknown,News,2026-08-21T12:51:13.464348Z
ebddcffbdea5679361ddd326c951736d,The U.S. built its brand by attracting the world’s best and brightest. It must not lose that advantage,https://fortune.com/2026/08/18/us-built-brand-attracting-talent-must-not-lose-advantage-china/,John A. Quelch,2026-08-18T21:00:00Z,trade restrictions,"As any chief executive knows, the strongest brands are rarely destroyed by their competitors. This principle applies to nations as well.",Fortune,Unknown,News,2026-08-21T12:51:13.464388Z
0d7148e8e6fab72d6e0f86f240dce92b,Expired credit cards revived by researchers to make unauthorized payments,https://www.theregister.com/security/2026/08/18/expired-credit-cards-revived-by-researchers-to-make-unauthorized-payments/5289229,Thomas Claburn,2026-08-18T20:20:28Z,trade restrictions,Gaps in expiry checks could let dead plastic make purchases again,Theregister.com,Unknown,News,2026-08-21T12:51:13.464418Z
a899167adcc8bb40c09e375f60d840d3,UAE halts all trade and financial transactions with Iran amid rising tensions,https://cryptobriefing.com/uae-halts-all-trade-and-financial-transactions-with-iran-amid-rising-tensions/,Estefano Gomez,2026-08-18T20:16:40Z,trade restrictions,"The UAE's trade halt with Iran may exacerbate regional tensions, impacting Iran's economy and potentially altering its internal politics.
The post UAE halts all trade and financial transactions with Iran amid rising tensions appeared first on Crypto Briefing.",Crypto Briefing,Unknown,News,2026-08-21T12:51:13.464462Z
ca34337a8de2535e60a7af5135b39579,Colorado Quarantines More Horse Properties as a Blistering Livestock Virus That Can Infect People Spreads Again,https://www.medicaldaily.com/vesicular-stomatitis-colorado-horses-quarantine-human-infection-477481,Cole Mercer,2026-08-18T20:10:03Z,trade restrictions,"Vesicular stomatitis has reached four Colorado counties this year. The virus rarely infects people, but handlers of sick animals can catch it.",Medical Daily,Unknown,News,2026-08-21T12:51:13.464498Z
10d7c4a10bfe3fb007510f4fdceeef71,SEC Proposes Crypto Fundraising Exemptions in Abrupt About-Face,https://decrypt.co/375902/sec-regulation-crypto-fundraising-exemptions,Jason Nelson,2026-08-18T20:00:25Z,trade restrictions,The proposed rules would let crypto projects raise capital through token sales without full securities registration and create a path for tokens to separate from investment contracts.,Decrypt,Unknown,News,2026-08-21T12:51:13.464534Z
cc32288612e4c62346db764b2f0ca8a5,Trump-Xi September summit: pre-game analysis may matter more than outcome,https://cryptobriefing.com/china-trade-truce-trump-xi-september/,Editorial Team,2026-08-18T19:51:38Z,trade restrictions,"The summit's pre-game analysis highlights enduring US-China tensions, with potential market impacts if the trade truce isn't extended.
The post Trump-Xi September summit: pre-game analysis may matter more than outcome appeared first on Crypto Briefing.",Crypto Briefing,China,Analysis/Opinion,2026-08-21T12:51:13.464542Z
8019ec73a6ab74aa4db29afed4cf5c66,Most Canadians oppose concessions in Canada-U.S. trade negotiations: poll,https://www.thestar.com/business/most-canadians-oppose-concessions-in-canada-us-trade-negotiations-poll/article_39c612f0-c557-5938-b735-e5540a99eb14.html,Catherine Morrison The Canadian Press,2026-08-18T19:46:09Z,trade restrictions,"With a new round of tariffs on Canada about to drop, a new Leger poll suggests Canadians want the federal government to be tougher in trade negotiations with the United States.",Toronto Star,USA,News,2026-08-21T12:51:13.464562Z
2ac2370535ce84e1bfc18f3650750187,Former Fidelity manager sends troubling SpaceX signal,https://www.thestreet.com/investing/stocks/george-noble-spcx-spacex-stock-short-valuation-lockup,Peace Longe,2026-08-18T18:17:00Z,trade restrictions,A veteran fund manager who once ran money at Fidelity says SPCX is priced for a steep fall.,TheStreet,Unknown,News,2026-08-21T12:51:13.464653Z
5d5d4a2290988aceb4b08cfc3b9ea087,"Optics stocks decline sharply as Anthropic news impacts Lumentum, Corning, AXT",https://cryptobriefing.com/optics-stocks-decline-anthropic-lumentum-corning-axt/,Editorial Team,2026-08-18T17:31:49Z,trade restrictions,"The decline in optics stocks highlights the vulnerability of AI supply chains to market sentiment and the interconnectedness of tech sectors.
The post Optics stocks decline sharply as Anthropic news impacts Lumentum, Corning, AXT appeared first on Crypto Brie…",Crypto Briefing,Unknown,Market Report,2026-08-21T12:51:13.464724Z
4c1bcb0aaf663a7ada60ca462fd33de7,Most Canadians oppose concessions in Canada-U.S. trade negotiations: poll,https://toronto.citynews.ca/2026/08/18/most-canadians-oppose-concessions-in-canada-u-s-trade-negotiations-poll/,News Staff,2026-08-18T17:21:19Z,trade restrictions,"A new Leger poll suggests Canadians want the federal government to be tougher in trade negotiations with the United States. It says slightly more than half of the respondents said they want the government to take a hard line and make no more concessions, comp…",Citynews.ca,USA,News,2026-08-21T12:51:13.464751Z
205a2d15af442610b4ac02df89e34332,"Top Business & Market Headlines Today — BL Morning Report, August 19, 2026",https://www.thehindubusinessline.com/multimedia/audio/top-business-amp-market-headlines-today-bl-morning-report-august-19-2026/article71361632.ece,Renil  S Varghese,2026-08-18T17:01:58Z,trade restrictions,"BL Morning Report, August 19, 2026: Get today’s top business news, market headlines about key market insights, economic highlights, and the latest updates from India and global markets.",BusinessLine,India,Analysis/Opinion,2026-08-21T12:51:13.464796Z
5e3ea76ffb5f8a98d0c643397fadf6b3,Purecore Commences Trading on OTCQB to Expand US Investor Access,https://www.prnewswire.com/news-releases/purecore-commences-trading-on-otcqb-to-expand-us-investor-access-302854279.html,,2026-08-18T15:29:00Z,trade restrictions,"VANCOUVER, BC, Aug. 18, 2026 /PRNewswire/ -- Purecore Metals Inc. (CSE: PURE) (FSE: J8Y) (OTCQB: PPURF) (""Purecore"" or the ""Company"") announces that its common shares have commenced trading on the OTCQB Venture Market in the United States under the symbol ""PP…",PRNewswire,USA,Market Report,2026-08-21T12:51:13.464860Z
2060a96a4afc76b98fed28c2d6d6e502,Afghanistan: Only 5% of labor market are women under Taliban,https://www.dw.com/en/afghanistan-only-5-of-labor-market-are-women-under-taliban/a-78415895,Mark Hallam,2026-08-18T15:21:00Z,trade restrictions,"The International Labour Organization estimates that only 5.1% of workers in Afghanistan are women, five years after the Taliban's return to power. That's less than a third of the proportion in 2019 and 2020. The share of women in Afghanistan's labor market h…",DW (English),Global,Market Report,2026-08-21T12:51:13.464902Z
9f7f3d5436dde6c0f8ce11e3e47ea8cd,5 Pokémon ROM Hacks That Make Definitive Versions Of Classic Games,http://comicbook.com/gaming/list/5-pokemon-rom-hacks-that-make-definitive-versions-of-classic-games/,Matthew Danielson,2026-08-18T15:00:00Z,trade restrictions,"Courtesy of The Pokemon Company

There are plenty of Pokémon ROM hacks out there, adjusting existing games in the series to create new adventures in player-created regions, often with new stories and sometimes even fresh, fan-made Pokémon to catch. However, s…",ComicBook.com,Unknown,News,2026-08-21T12:51:13.464951Z
9c25cefced34746072e087ceee6927d2,Right to Repair Won. Then the Fight Moved Somewhere Harder to See.,https://techpinions.com/right-to-repair-parts-pairing-2026/,David Graff,2026-08-18T15:00:00Z,trade restrictions,"The right to repair won. After a decade of bills dying in committee, the movement broke through: eight states have now enacted electronics repair statutes, and by one industry count coverage reached about 26 percent of Americans on January 1, 2026, rising abo…",Techpinions.com,USA,News,2026-08-21T12:51:13.464980Z
b409e26f51686d3b762d38105cc71eae,Transgender U.S. Army pilot faces backlash for stance against ‘pro-trans’ issues,https://www.advocate.com/politics/advocacy/jo-ellis-transgender-backlash,Dawn Ennis,2026-08-18T14:36:20Z,trade restrictions,"Virginia Army National Guard pilot Jo Ellis isn't hiding who she is, even if speaking openly makes the transgender woman a target once again. Her beliefs include that gender dysphoria is a mental illness, that transgender women should face some restrictions i…",Advocate.com,Unknown,News,2026-08-21T12:51:13.465030Z
