article_id,title,link,creator,pubdate,category,description,source,country,article_type,scrape_timestamp
58a43412d8862d4301d18d03e949686a,"This Shipping Stock Sails Higher, Offers Entry As Earnings Rocket 633%",https://biztoc.com/x/2867a51c836ed8cb,investors.com,2026-08-28T17:39:52Z,dry bulk shipping,Sometimes small can be beautiful when it comes to equity investments. And shipping stock Seanergy Maritime (SHIP) is a niche transportation play that is offering an entry amid burgeoning profits. The Greek company leverages a modern fleet of Capesize vessels …,Biztoc.com,Greece,News,2026-09-01T16:14:12.259259Z
c0d07c824c9e4f4226e77356b546f425,Cmb.Tech (CMBT) Is Cashing Out At The Top Of A Boom,https://finance.yahoo.com/markets/stocks/articles/cmb-tech-cmbt-cashing-top-135748903.html,Maham Fatima,2026-08-28T13:57:48Z,dry bulk shipping,"On August 27, Cmb.Tech NV (NYSE:CMBT) posted a $364.4 million net profit for the second quarter, built on shipping rates that management called historic and...",Yahoo Entertainment,Unknown,Market Report,2026-09-01T16:14:12.259322Z
1fefb1741dd4994a1a3dbd0df5493ee2,"NASDAQ-Listed SVRN, Inc. Completes Its Corporate Transformation",https://www.prnewswire.com/news-releases/nasdaq-listed-svrn-inc-completes-its-corporate-transformation-302862169.html,,2026-08-27T20:45:00Z,dry bulk shipping,"SVRN Holds 55.5 Million NEAR and Launches Public Dashboard Detailing Its Digital Asset Treasury and Staking Positions NEW YORK, Aug. 27, 2026 /PRNewswire/ -- SVRN, Inc. (""SVRN"" or the ""Company"") (NASDAQ: SVRN) today announced the completion of the corporate t…",PRNewswire,Unknown,News,2026-09-01T16:14:12.259377Z
719aec6b78d28e90b9c15eb39cf17d5e,CMB.TECH Q2 Earnings Call Highlights,https://www.marketbeat.com/instant-alerts/transcript-cmbtech-q2-earnings-call-highlights-2026-08-27/?utm_source=yahoofinance&amp;utm_medium=yahoofinance,MarketBeat,2026-08-27T15:04:52Z,dry bulk shipping,"CMB.TECH (NYSE:CMBT) reported second-quarter 2026 net profit of $364.4 million, supported by revenue of more than $700 million and $127 million in gains from...",MarketBeat,Unknown,Market Report,2026-09-01T16:14:12.259412Z
8da50a0f079b6d372f48f8a014e08fd2,How a 95 percent drop in Hormuz traffic changed global shipping,https://www.aljazeera.com/news/2026/8/27/how-a-95-percent-drop-in-hormuz-traffic-changed-global-shipping,"Hanna Duggal, Marium Ali, Mohamed Hussein",2026-08-27T09:29:06Z,dry bulk shipping,A crisis in one narrow passage has disrupted an industry that carries about 80 percent of the world’s trade.,Al Jazeera English,Global,News,2026-09-01T16:14:12.259451Z
4173c31d437913a9ae343224f8e93648,AM/NS India secures 30-year captive berth deal at Paradip Port,https://www.thehindubusinessline.com/economy/logistics/amns-india-secures-30-year-captive-berth-deal-at-paradip-port/article71395642.ece,PTI,2026-08-27T09:20:20Z,dry bulk shipping,"APLPL announced that the Paradip Port Authority has granted a 30-year concession to enhance cargo movement, boost AM/NS India’s operational efficiency, and support environmental sustainability",BusinessLine,India,News,2026-09-01T16:14:12.259479Z
f8a761f2d868f69b84762c605a4cce79,AM/NS India secures 30-year concession for captive berth at Paradip Port,https://www.business-standard.com/companies/news/am-ns-india-secures-30-year-concession-for-captive-berth-at-paradip-port-126082700578_1.html,Press Trust of India,2026-08-27T08:38:25Z,dry bulk shipping,Coastal shipping of iron ore pellets from Paradip to Hazira by AM/NS India is an established environmentally sustainable mode of transport,Business Standard,India,News,2026-09-01T16:14:12.259506Z
afb1460963837de02a7e38ec0aac5869,Genius Upcycled Pantry and Spice Station Ideas,https://acultivatednest.com/upcycled-pantry-spice-station-ideas/,A Cultivated Nest Team,2026-08-27T07:42:13Z,dry bulk shipping,"How to Organize Your Pantry and Spices on a Budget. Getting your pantry ready for autumn cooking doesn’t require spending a fortune on matching container sets. With a little creativity, everyday glass jars and food packaging can be transformed into custom, hi…",Acultivatednest.com,Unknown,News,2026-09-01T16:14:12.259564Z
86200f0e1f6f250cfdfe3ee084655713,SFL Q2 Earnings Call Highlights,https://www.marketbeat.com/instant-alerts/transcript-sfl-q2-earnings-call-highlights-2026-08-26/?utm_source=yahoofinance&amp;utm_medium=yahoofinance,MarketBeat,2026-08-26T16:03:31Z,dry bulk shipping,"SFL (NYSE:SFL) reported second-quarter revenue of approximately $201 million and adjusted EBITDA of $130 million, up 20% from the prior quarter, as higher sp...",MarketBeat,Unknown,Market Report,2026-09-01T16:14:12.259597Z
e9e221bc2ad0a668669af56e729128a2,"Dry bulk freight rates surge 36% to three-year high amid Iran war, higher oil prices: BoB Report",https://www.thehindubusinessline.com/economy/dry-bulk-freight-rates-surge-36-to-three-year-high-amid-iran-war-higher-oil-prices-bob-report/article71387605.ece,ANI,2026-08-25T07:08:27Z,dry bulk shipping,"The report said freight rates across dry bulk carriers witnessed significant upward pressure during the period of the US-Iran war, with the Baltic Dry Index rising about 36% between February and July",BusinessLine,Unknown,Market Report,2026-09-01T16:14:12.259635Z
e979ea26fe8033df8382cfb708d14946,"India opens ports, airports to foreign-bound cargo impacted by Strait of Hormuz disruptions",https://economictimes.indiatimes.com/industry/transportation/shipping-/-transport/india-opens-ports-airports-to-foreign-bound-cargo-impacted-by-strait-of-hormuz-disruptions/articleshow/133490859.cms,Anuradha Shukla,2026-08-25T04:20:30Z,dry bulk shipping,"India's ports will temporarily accept foreign-bound cargo diverted from the Strait of Hormuz. Under this measure, unloading, storage, and transshipment will be allowed until October 31, 2026. As per the rules, cargo must remain under customs control and is st…",The Times of India,India,News,2026-09-01T16:14:12.259666Z
fa982b41cd72f8c48a620cd85323af61,Trump Has Peaked,http://foreignpolicy.com/2026/08/31/trump-peak-iran-war-foreign-policy/,Ravi Agrawal,2026-08-31T10:00:20Z,bulk carrier,"The U.S. president will remain disruptive on the global stage, but he is losing his coercive powers.",Foreign Policy,Global,News,2026-09-01T16:14:12.637846Z
4b74b71872796c335cbc9d70ae7e3c58,BFG Monday: What Training Immediately Reveals About Your Equipment,https://soldiersystems.net/2026/08/31/bfg-monday-what-training-immediately-reveals-about-your-equipment/,Eric G,2026-08-31T10:00:00Z,bulk carrier,"I start every active shooter response course by placing my students a football field away from the objective. No matter how experienced they are, the first thing I do is put distance between them and the building, throw a flashbang, and yell, “Go.” The sprint…",Soldiersystems.net,Unknown,News,2026-09-01T16:14:12.638099Z
8ef6b3212e242eebea1dcd108115bdb4,"Iran War: Iran Retaliates Disproportionately to US Attack on Larak Island as WaPo Detailed Pentagon Leak Shows Navy Incapacity, Top Level Opposition",https://www.nakedcapitalism.com/2026/08/iran-war-iran-retaliates-disproportionately-to-us-attack-on-larak-island-as-wapo-detailed-pentagon-leak-shows-navy-incapacity-top-level-opposition.html,Yves Smith,2026-08-31T09:41:09Z,bulk carrier,Today's Iran war news: Kinetic action flares up as the US hits Larak Island and Iran retaliates....and Bessent's bazooka fails to fire.,Nakedcapitalism.com,Unknown,News,2026-09-01T16:14:12.638148Z
ce2a2025645445a029b0387c6446f42b,Optical control of electrons in a Floquet topological insulator,https://www.nature.com/articles/s41567-026-03429-7.pdf,"Daniel M. B. Lesko, Tobias Weitz, Simon Wittigschlager, Weizhe Li, Christian Heide, Ofer Neufeld, Peter Hommelhoff",2026-08-31T00:00:00Z,bulk carrier,"Driving a solid with light can create a topological insulator, but controlling its electrons has remained elusive. Optical control of electrons in a Floquet topological insulator has now been achieved in light-dressed graphene.",Nature.com,Unknown,News,2026-09-01T16:14:12.638191Z
0ffc5b15e3a3ada8c7d6678e1aee1b80,Global Trade and the United States Navy,https://acoup.blog/2026/08/28/collections-global-trade-and-united-states-navy/,Bret Devereaux,2026-08-29T13:55:35Z,bulk carrier,"This week we’re doing another one of our series of military theory primers, this time focusing on a fairly simple contention: that the United States Navy is a load-bearing component of the gl…",Acoup.blog,USA,News,2026-09-01T16:14:12.638218Z
03b1aee4ae59615573b26f32ef90711b,Epigenetic silencing of innate and adaptive immunity genes underlies the immune evasion cancer hallmark in Theileria-infected B-cells,https://journals.plos.org/plospathogens/article?id=10.1371/journal.ppat.1014498,"Marisol Giacomini, Aristeidis Panagiotou, Steve G. Odette, Ariane Honfozo, Jeremy Berthelet, Angelique Amo, Joseph M. Dybas, Julia Orio-Tejada, Katarzyna Kulej, Marie Villares, Benjamin A. Garcia, Magali Hennion, Matthew D. Weitzman, Jonathan B. Weitzman",2026-08-28T14:00:00Z,bulk carrier,Author summary Cancers and infectious diseases often exploit similar strategies to evade immune defenses. Theileria are tick-borne intracellular parasites that infect cattle. Theileria annulata parasites infect bovine B cells and macrophages and induce cancer…,Plos.org,Unknown,News,2026-09-01T16:14:12.638279Z
d5d64ab621aff0d79f1bd2c5a4b300a5,Tomahawk Performance Launches MX / Combat Uniform for Mixed-Weather and Maritime Operations,https://soldiersystems.net/2026/08/28/tomahawk-performance-launches-mx-combat-uniform-for-mixed-weather-and-maritime-operations/,Eric G,2026-08-28T13:00:00Z,bulk carrier,"NASHVILLE, TN – [August 28, 2026] – Tomahawk Performance has announced the MX / Combat Uniform, a full-featured system built for military and law enforcement professionals operating in mixed-weather conditions and maritime environments. The uniform includes t…",Soldiersystems.net,Unknown,News,2026-09-01T16:14:12.638347Z
72077c384643d20cb6941386c86acb16,5 takeaways from the Steelers’ 28-27 loss to the Buffalo Bills,https://www.behindthesteelcurtain.com/pittsburgh-steelers-analysis/173879/5-takeaways-from-the-steelers-28-27-loss-to-the-buffalo-bills-preseason-will-howard-drew-allar-eli-heidenreich-max-iheanachor-roster,Ryland Bickley,2026-08-28T10:00:00Z,bulk carrier,"Takeaways, analysis, and overreactions from the Steelers’ preseason Week 3 loss.",Behind the Steel Curtain,Unknown,Analysis/Opinion,2026-09-01T16:14:12.638383Z
b7ee6c2e0cf6fa72c03d0ee7c14c8577,"Carbon monoxide is best known as a poison, but the human body manufactures small amounts during heme breakdown, and research suggests that at trace levels this two-atom gas helps regulate inflammation and cellular responses to stress inside tissues far below the concentrations that block oxygen delivery",https://spacedaily.com/sd-carbon-monoxide-is-best-known-as-a-poison-but-the-human-body-manufactures-small-amounts-during-heme-breakdown-and-research-suggests-that-at-trace-levels-this-two-atom-gas-helps-regulate-inflammat/,Life Signs,2026-08-28T07:38:31Z,bulk carrier,"Carbon monoxide kills at 1,000 parts per million in a snowbound car, but the same three atoms are manufactured inside human cells by heme oxygenase as a signalling molecule regulating inflammation and blood flow. The gap between the two doses is roughly six o…",Space Daily,Unknown,News,2026-09-01T16:14:12.638464Z
87c9031e03aa6709de9d325a9fee9bd5,"Air Canada 5 Bonus Aeroplan Miles Per C$ For Economy Travel Worldwide November 1 – 30, 2026 (Book By September 3)",https://loyaltylobby.com/2026/08/27/air-canada-5-bonus-aeroplan-miles-per-c-for-economy-travel-worldwide-november-1-30-2026-book-by-september-3/,John Ollila,2026-08-28T03:11:09Z,bulk carrier,"Air Canada has launched a bonus miles promotion valid for economy class travel (excluding Basic) from November 1 – 30, 2026. Aeroplan members can earn 5 bonus miles per CAD if they book the eligible travel by September 3. You can access this offer on […]",Loyaltylobby.com,Global,News,2026-09-01T16:14:12.638521Z
0722741bbdf9bb2f32ee5a2c09fb9daa,"Deals: Last day Pixel 11 offers – $350 gift cards, FREE watch, smart display power bank $110 off, Echo displays, more",http://9to5google.com/2026/08/27/deals-last-day-pixel-11-offers-power-banks-echo-display/,Justin Kahn,2026-08-27T15:48:10Z,bulk carrier,"Today’s 9to5Toys Lunch Break is headlined by the last to lock-in Amazon deals on Pixel 11 deals – enhanced trade values, $350 gift cards, FREE Pixel Watch 5, and more. Amazon has also expanded its summer sale with latest Echo smart displays and speakers at up…",9to5google.com,Unknown,News,2026-09-01T16:14:12.638578Z
5cd00dac69d72e272ada549200f1a606,Strait of Hormuz Traffic Ticks Higher Amid New Diplomatic Push,https://oilprice.com/Energy/Energy-General/Strait-of-Hormuz-Traffic-Ticks-Higher-Amid-New-Diplomatic-Push.html,Charles Kennedy,2026-08-27T15:00:00Z,bulk carrier,Commodity vessel traffic at the Strait of Hormuz rose slightly over the past 24 hours amid diplomatic efforts to discuss temporary corridors or tentative reopening of the Middle East’s most vital oil and gas chokepoint. Ten commodity vessels made the Strait o…,OilPrice.com,Unknown,News,2026-09-01T16:14:12.638627Z
097c7ddabb9ce6bc2494e21150d7ad7d,Two MV Ocean Winner survivors brought to Paradip; 22 crew still missing,https://www.business-standard.com/india-news/two-mv-ocean-winner-survivors-brought-to-paradip-22-crew-still-missing-126082701266_1.html,Hemant Kumar Rout,2026-08-27T13:51:55Z,bulk carrier,The two Chinese nationals were rescued from a liferaft after the vessel sank on August 22; search operations continue for the remaining 22 crew members,Business Standard,China,News,2026-09-01T16:14:12.638646Z
3bb9d3d175460f0ad2bda8b618b45fa0,American’s Modest Summer 2027 Plans are Out,https://crankyflier.com/2026/08/27/americans-modest-summer-2027-plans-are-out/,Brett,2026-08-27T12:00:00Z,bulk carrier,"Listen on Spotify Listen on Apple Podcasts You want more on American? Brian Sumers and I go in-depth this week on the airline’s recent organization changes, the addition of premium seats, and finally bringing back in-seat video. Listen in now. It’s definitely…",Crankyflier.com,USA,News,2026-09-01T16:14:12.638678Z
e6f0e3ae58ded398d29d0ae1fdd1ae05,"Shipping Traffic Through Strait of Hormuz Rises Slightly, Data Shows",https://gcaptain.com/shipping-traffic-through-strait-of-hormuz-rises-slightly-data-shows/,Reuters,2026-08-27T07:48:37Z,bulk carrier,"Shipping traffic at the Strait of Hormuzrose slightly even as a geopolitical standoff persisted between the United States and Iran, while the market also monitored Iran-Oman talks about the waterway, data showed on Thursday.",gcaptain.com,USA,Market Report,2026-09-01T16:14:12.638700Z
14bfc673366861d9e5068d5d16c0c84c,Strait of Hormuz shipping traffic slightly rises amid Iran-Oman talks,https://www.thehindubusinessline.com/economy/logistics/strait-of-hormuz-shipping-traffic-slightly-rises-as-markets-eye-iran-oman-talks/article71394926.ece,Reuters,2026-08-27T05:43:21Z,bulk carrier,Shipping traffic through the Strait of Hormuz increased to 10 vessels amid ongoing U.S.-Iran tensions and Iran-Oman negotiations.,BusinessLine,Unknown,News,2026-09-01T16:14:12.638735Z
a112817f522d491250a7c195f5f2a750,"Shipping traffic through Strait of Hormuz rises slightly, data shows",https://economictimes.indiatimes.com/news/international/world-news/shipping-traffic-through-strait-of-hormuz-rises-slightly-data-shows/articleshow/133555133.cms,Reuters,2026-08-27T03:36:21Z,bulk carrier,Shipping traffic through the Strait of Hormuz saw a slight increase on Wednesday. This occurred while a geopolitical standoff between the United States and Iran persisted. Market watchers are also monitoring ongoing Iran-Oman discussions regarding the vital w…,The Times of India,USA,Market Report,2026-09-01T16:14:12.638759Z
793526607e64e78d44ff466d14632bef,Ocean Winner Sinking Leaves 22 Seafarers Missing in Bay of Bengal,https://gcaptain.com/ocean-winner-sinking-leaves-22-seafarers-missing-in-bay-of-bengal/,Mike Schuler,2026-08-26T18:47:50Z,bulk carrier,"Twenty-two seafarers remain missing after the Panama-flagged bulk carrier Ocean Winner sank in the Bay of Bengal, triggering a major search and rescue operation involving the Indian Coast Guard and passing merchant...",gcaptain.com,India,News,2026-09-01T16:14:12.638784Z
0f85bb5da745406165d373fb2a88e3de,"Walking Highlight, Brick Wall, Tough as Nails: More 'Badges' For the Class of 2028",https://www.insidelacrosse.com/article/Walking%20Highlight%2C%20Brick%20Wall%2C%20Tough%20as%20Nails%3A%20More%20&#x27;Badges&#x27;%20For%20the%20Class%20of%202028/496d983a-919c-4e13-9519-1234fc47eb49,Dan Kaplan,2026-08-26T13:30:00Z,bulk carrier,"Welcome to the ‘Badge’ honors for the Class of 2028. We’re excited to unveil a new concept that features prospects in a unique, fun and descriptive way. Most teens who have spent a lot of time on fields have also spent a lot of off-field time indulging in spo…",Insidelacrosse.com,Unknown,News,2026-09-01T16:14:12.638864Z
c88f50a4a936000df6ac3f2ec29ea91f,Earth may not have needed water-rich asteroids to fill its oceans. Oxford researchers found enough native hydrogen inside a meteorite resembling Earth’s original building blocks to explain the planet’s present water supply—suggesting water was a natural outcome of Earth’s formation rather than a lucky delivery from space.,https://spacedaily.com/t-lar12252-native-hydrogen-earth-oceans-water-formation/,Life Signs,2026-08-26T11:30:00Z,bulk carrier,"Hydrogen bonded to sulphur in the EH3 meteorite LAR 12252 supports a native source for Earth’s water, though later asteroid contributions and volatile losses remain unresolved.
The post Earth may not have needed water-rich asteroids to fill its oceans. Oxford…",Space Daily,Unknown,News,2026-09-01T16:14:12.638944Z
4b658438f3c8f6f7d1f3104f85c718d3,Two Chinese vessels join search for 22 missing from MV Ocean Winner,https://www.business-standard.com/industry/news/two-chinese-vessels-join-search-for-22-missing-from-mv-ocean-winner-126082501359_1.html,Hemant Kumar Rout,2026-08-25T15:23:26Z,bulk carrier,Questions mount over cargo safety checks and MV Ocean Winner's ageing condition after an emergency beacon and an empty lifeboat are recovered during search operations,Business Standard,China,News,2026-09-01T16:14:12.638960Z
8429ecc7d772b19993447342c0b14512,"Mint Mobile finally launched its Google Pixel 11 deals, and they’re even better than I expected",https://www.androidcentral.com/phones/google-pixel/mint-mobile-google-pixel-11-deals-aug-2026,"patrick.farmer@futurenet.com (Patrick Farmer) , Patrick Farmer",2026-08-25T14:21:06Z,bulk carrier,"Mint Mobile has finally received its Google Pixel 11 stock, and the deals are epic.",Android Central,Unknown,News,2026-09-01T16:14:12.638997Z
91ab3a41c557a7aee528f97812518722,Artificial photosynthetic reduction of nitrogen to ammonia at room temperature using natural seawater,https://www.nature.com/articles/s41557-026-02218-2,"Doha Zidouhia, Thierry Tassaing, Nicolas Penin, Etienne Grau, Dario M. Bassani",2026-08-25T00:00:00Z,bulk carrier,"Ammonia production is responsible for 1.8% of greenhouse gas emissions, inspiring research efforts into alternative, renewable-powered approaches. Now it has been shown that artificial photosynthesis, coupling nitrogen reduction to water oxidation, can procee…",Nature.com,Unknown,News,2026-09-01T16:14:12.639057Z
4684b96474b62642aec9ee823a07e38c,This Dividend Stock Is Set for Growth and Its Yield Matches the 10-Year Treasury,https://www.barchart.com/story/news/4027879/this-dividend-stock-is-set-for-growth-and-its-yield-matches-the-10-year-treasury,Jim Van Meerten,2026-08-25T17:50:03Z,capesize,"Seanergy Maritime (SHIP) exhibits strong technical momentum, with a 125% gain over the past 52 weeks. Shares recently hit a new 5-year high. SHIP trades at a...",Barchart.com,Unknown,News,2026-09-01T16:14:13.198377Z
7f0270be25eb364b6e76019b03c00e73,Panama Canal Loosens Neopanamax Booking Rules as Capacity Tightens,https://gcaptain.com/panama-canal-loosens-neopanamax-booking-rules-as-capacity-tightens/,Mike Schuler,2026-08-30T18:54:09Z,panamax,"The Panama Canal is temporarily relaxing key elements of its Neopanamax booking system, giving shipping companies more flexibility to secure transit slots as the waterway prepares for reduced capacity and...",gcaptain.com,Panama,News,2026-09-01T16:14:13.476218Z
e470d5075cb65eb7678ce3ae39f62aec,Panama Canal Congestion Drives Gas Tankers To Unusual Routes,https://gcaptain.com/panama-canal-congestion-drives-gas-tankers-to-unusual-routes/,Bloomberg,2026-08-29T15:56:01Z,panamax,"By Nicholas Lua Aug 28, 2026 (Bloomberg) –Growing congestion at the Panama Canal is forcing some gas tankers into unusual journeys, from a rare detour around South America to the possible...",gcaptain.com,USA,News,2026-09-01T16:14:13.476499Z
a8c1e2bb14950160cb0f3979c13d5ec5,Panama Canal Chief: ‘Every Drop of Water Counts’ as Prolonged El Niño Looms,https://gcaptain.com/every-drop-of-water-counts-panama-canal-administrator/,Lori Ann LaRocco,2026-08-26T16:32:06Z,panamax,"The Administrator of the Panama Canal is warning that the upcoming El Niño season will be longer and is taking the necessary precautions now to conserve water.

“What we see in the future is a very, very low level of precipitation,” said Ricaurte Vasquez, Adm…",gcaptain.com,Panama,News,2026-09-01T16:14:13.476718Z
1519abe98cb7ecf2933e209d8886b192,Bidders for Panama Canal Auctions Up to Nine Times the Normal,https://gcaptain.com/bidders-for-panama-canal-auctions-up-to-nine-times-the-normal/,Lori Ann LaRocco,2026-08-26T13:25:56Z,panamax,Key supply and demand data show the market pressures fueling the record auction prices at the Panama Canal.,gcaptain.com,Panama,Market Report,2026-09-01T16:14:13.476742Z
b6692f48a8c8916f68e6109a9b8419d6,Jim Cramer Calls This Mining Stock an Inflation Hedge “Just as Good as Crypto”,https://247wallst.com/investing/2026/08/31/jim-cramer-calls-this-mining-stock-an-inflation-hedge-just-as-good-as-crypto/,Thomas Richmond,2026-08-31T14:50:25Z,iron ore,"Jim Cramer just put a Brazilian mining giant in the same sentence as cryptocurrency, and his reasoning has everything to do with where he thinks inflation is...",24/7 Wall St.,Brazil,News,2026-09-01T16:14:21.101083Z
a5fa25d90460551121031db9ae021196,"Steel Rebar Market to Reach 201.56 Million Tons by 2031 as Infrastructure Spending and Low-Carbon Steelmaking Drive Demand, Reports Mordor Intelligence",https://www.prnewswire.com/news-releases/steel-rebar-market-to-reach-201-56-million-tons-by-2031-as-infrastructure-spending-and-low-carbon-steelmaking-drive-demand-reports-mordor-intelligence-302864887.html,,2026-08-31T14:25:00Z,iron ore,"HYDERABAD, India, Aug. 31, 2026 /PRNewswire/ -- According to recent report from Mordor Intelligence, global steel rebar market is estimated at 152.96 million tons in 2026, with volume expected to reach 201.56 million tons by 2031, registering a 5.67% CAGR. Gr…",PRNewswire,India,Market Report,2026-09-01T16:14:21.101336Z
b496d899b5fd26644c39be0220aa8940,PyroGenesis Announces Second Titanium Powder Contract with Metal Additive OEM Client,https://financialpost.com/globe-newswire/pyrogenesis-announces-second-titanium-powder-contract-with-metal-additive-oem-client,GlobeNewswire,2026-08-31T11:03:24Z,iron ore,"$102,000 order is second with the same additive manufacturer in a week MONTREAL, Aug. 31, 2026 (GLOBE NEWSWIRE) — PyroGenesis Inc. (“PyroGenesis” or the “Company”) (TSX: PYR) (OTCQX: PYRGF) (FRA: 8PY1), a leader in ultra-high temperature processes and enginee…",Financial Post,Unknown,News,2026-09-01T16:14:21.101393Z
518b01e11492c9fc94be6d27994e9fba,"South Eastern Coalfields, Mahanadi Coalfields IPO by year-end: CIL CMD",https://www.business-standard.com/companies/news/south-eastern-coalfields-mahanadi-coalfields-ipo-by-year-end-cil-cmd-126083100671_1.html,Press Trust of India,2026-08-31T10:47:29Z,iron ore,"CIL Chairman and MD B Sairam said IPOs of two of its largest subsidiaries, South Eastern Coalfields Ltd (SECL) and Mahanadi Coalfields Ltd (MCL), will be completed within the current financial year",Business Standard,Unknown,News,2026-09-01T16:14:21.101436Z
0bbb0a39f6d41359a2d1a4d919d04434,"Capstone Copper Completes Acquisition of San Pietro Copper Concessions, Consolidating the Mantoverde-Santo Domingo Copper District",https://financialpost.com/pmn/business-wire-news-releases-pmn/capstone-copper-completes-acquisition-of-san-pietro-copper-concessions-consolidating-the-mantoverde-santo-domingo-copper-district,Business Wire,2026-08-31T10:04:44Z,iron ore,"VANCOUVER, British Columbia — Capstone Copper Corp. (“Capstone” or the “Company”) (TSX:CS) (ASX:CSC) is pleased to announce that it has completed the acquisition of the copper assets at the San Pietro copper-gold-iron-cobalt project (“San Pietro” or the “Proj…",Financial Post,UK,News,2026-09-01T16:14:21.101495Z
31b793ce0e74dd354220d84a6defd1ce,84 Museum Exhibitions and Biennials to See This Fall,https://www.artnews.com/list/art-news/news/fall-art-preview-1234792473/,Alex Greenberger,2026-08-31T08:00:00Z,iron ore,"See 84 must-see exhibitions and biennials to visit in fall 2026, from a Roy Lichtenstein retrospective to the Bayeux Tapestry.",ARTnews,Unknown,News,2026-09-01T16:14:21.101530Z
fadd43a164b8fa4d9a84006762ffe58f,"Gadchiroli girl with Maoist-hit childhood is now engineer at Lloyds; at 20, she is a symbol of hope, helping build the same region her father once fought in",https://economictimes.indiatimes.com/news/new-updates/gadchiroli-girl-with-maoist-hit-childhood-is-now-engineer-at-lloyds-at-20-she-is-a-symbol-of-hope-helping-build-the-same-region-her-father-once-fought-in/articleshow/133644005.cms,Trending Desk,2026-08-31T06:33:17Z,iron ore,"Gadchiroli girl grows from Maoist-affected childhood to engineer: Arvinda Barsagade’s father joined the Maoists after facing local pressure and humiliation. After he surrendered and the family relocated, Arvinda pursued a diploma in civil engineering. Support…",The Times of India,Unknown,News,2026-09-01T16:14:21.101592Z
80104d644a759777f99e53ac099cedd7,Viridis plugs into Brazilian mine-to-magnet supply chain,https://thewest.com.au/business/bulls-n-bears/viridis-plugs-into-brazilian-mine-to-magnet-supply-chain-c-22801373,Doug Bright,2026-08-31T06:22:54Z,iron ore,"Viridis Mining and Minerals has sent out the first 5kg batch of refined mixed rare earth carbonate from its Colossus project, feeding a key ingredient into Brazil’s own emerging mine-to-magnet supply chain.",The West Australian,Brazil,News,2026-09-01T16:14:21.101617Z
1bb0b1594e98ed267be01a7ca6ed39f1,BHP shares are pulling back from their record high. Is it time to sell?,https://www.fool.com.au/2026/08/31/bhp-shares-are-pulling-back-from-their-record-high-is-it-time-to-sell/,Aaron Teboneras,2026-08-31T05:30:46Z,iron ore,"BHP shares have eased after climbing 44% this year.
The post BHP shares are pulling back from their record high. Is it time to sell? appeared first on The Motley Fool Australia.",Motley Fool Australia,Australia,News,2026-09-01T16:14:21.101636Z
8f57ea5d5cd91f49d427f690926c30f9,Taliban reaches out to Trump administration for mineral deals,https://cryptobriefing.com/taliban-trump-mineral-deals-afghanistan/,Editorial Team,2026-08-31T02:13:54Z,iron ore,"The Taliban's outreach to the US for mineral deals highlights a complex geopolitical shift, challenging existing alliances and economic strategies.
The post Taliban reaches out to Trump administration for mineral deals appeared first on Crypto Briefing.",Crypto Briefing,Unknown,News,2026-09-01T16:14:21.101681Z
1e09ff3813290f4e271d2e99dd6e8547,China’s factory activity improves in August but stays stuck in contraction,https://cryptobriefing.com/china-factory-pmi-august-contraction/,Editorial Team,2026-08-31T01:54:06Z,iron ore,"China's ongoing factory contraction signals potential global supply chain disruptions and increased pressure on Beijing for economic stimulus.
The post China’s factory activity improves in August but stays stuck in contraction appeared first on Crypto Briefin…",Crypto Briefing,China,News,2026-09-01T16:14:21.101706Z
9662fd1a8e2359575bdb93bbd506ca70,Up 56%! 3 reasons to still buy BHP shares today,https://www.fool.com.au/2026/08/31/up-56-3-reasons-to-still-buy-bhp-shares-today/,Bernd Struben,2026-08-31T01:20:04Z,iron ore,"A top analyst forecasts more outperformance from BHP’s soaring shares.
The post Up 56%! 3 reasons to still buy BHP shares today appeared first on The Motley Fool Australia.",Motley Fool Australia,Australia,Analysis/Opinion,2026-09-01T16:14:21.101720Z
956679d427dedb46e55e5ddc7a49c0a3,"Buy, hold, sell: Rio Tinto, PLS Group, BHP shares",https://www.fool.com.au/2026/08/31/buy-hold-sell-rio-tinto-pls-group-bhp-shares/,Bronwyn Allen,2026-08-30T21:47:15Z,iron ore,"BHP shares hit a record high of $68.77 last week. Is the miner a buy, hold, or sell at this level? 
The post Buy, hold, sell: Rio Tinto, PLS Group, BHP shares appeared first on The Motley Fool Australia.",Motley Fool Australia,Australia,News,2026-09-01T16:14:21.101737Z
2d44e04e34f930e5b05828328a238701,Horse Feathers – Words Are Dead (Deluxe Reissue) (2026),https://exystence.net/blog/2026/08/30/horse-feathers-words-are-dead-deluxe-reissue-2026/,exy,2026-08-30T09:54:53Z,iron ore,"…completely remastered and include a replica of Horse Feathers’ original six-song demo CD. That echo chamber’s a dangerous thing: A number of critics have mistakingly labeled Horse Feathers — the Portland, Ore., duo of Justin Ringle and Peter Broderick — anot…",Exystence.net,Unknown,News,2026-09-01T16:14:21.101789Z
52da75ecd85bf62d83d7012e0a8ca18b,Zinc Hits Four-Year High as Physical Supply Tightens,https://www.naturalnews.com/2026-08-30-zinc-hits-four-year-high-supply-tightens.html,Sterling Ashworth,2026-08-30T06:00:00Z,iron ore,"Zinc futures on the London Metal Exchange (LME) touched a four-year high this week, according to exchange data, before a slight pullback on Thursday, Aug. 27. The industrial metal reversed course Thursday, falling 0.8% to $3,861 per ton – halting a seven-day …",Naturalnews.com,UK,News,2026-09-01T16:14:21.101836Z
cbe324574e70f68cd82e2d82c8a2d7c3,'He won the job;' Braden Atkinson ready to lead Oregon State offense,https://www.statesmanjournal.com/story/sports/college/oregon-state/2026/08/29/braden-atkinson-oregon-state-beavers-football-jamarcus-shephard/91480062007/,"Landon Bartlett, Salem Statesman Journal",2026-08-29T12:01:59Z,iron ore,Oregon State coach JaMarcus Shephard named sophomore Braden Atkinson starting quarterback. He and the OSU offense have taken shape through fall camp.,Statesman Journal,Unknown,News,2026-09-01T16:14:21.101896Z
6fe5191af05dff5d8d6a132c3248141f,Wall Street is turning Nvidia's AI chips into a new futures market: Chart of the Day,https://finance.yahoo.com/markets/article/wall-street-is-turning-nvidias-ai-chips-into-a-new-futures-market-chart-of-the-day-115118331.html,Jared Blikre,2026-08-29T11:51:18Z,iron ore,AI spending keeps getting bigger — figuring out how to price it is still hard.,Yahoo Entertainment,Unknown,Market Report,2026-09-01T16:14:21.101929Z
12554b53ae0d8d10de5ad46e3e830609,Australia’s red soil may be hiding a massive clean energy source,https://www.sciencedaily.com/releases/2026/08/260829035214.htm,,2026-08-29T10:05:43Z,iron ore,"Researchers have discovered that Western Australia’s iron-rich rocks can naturally generate hydrogen and that the process may be boosted to produce much larger amounts. If it can be scaled up, the vast formations beneath the Pilbara could become a major new s…",Science Daily,Australia,News,2026-09-01T16:14:21.101954Z
24e4109ad98bd6fe7c4a55d852d94025,Steel demand outruns capacity as prices stage comeback from monsoon slump: Kotak,https://economictimes.indiatimes.com/industry/indl-goods/svs/steel/steel-demand-outruns-capacity-as-prices-stage-comeback-from-monsoon-slump-kotak/articleshow/133606922.cms,ANI,2026-08-29T07:29:50Z,iron ore,"Domestic steel demand is projected to remain strong, exceeding capacity additions through FY2029. Robust consumption trends are supported by healthy industrial and infrastructure activity across India. Long steel prices have recovered significantly and are ex…",The Times of India,India,Market Report,2026-09-01T16:14:21.101978Z
0347470270147782a061221466a18ad4,Glencore may be facing $800 million lawsuit,https://biztoc.com/x/71efa56f3ccbb419,breakingthenews.net,2026-08-29T06:00:43Z,iron ore,"Singapore-based iron ore trading company Radiant World is threatening to sue Glencore PLC, the Financial Times (FT) reported on Saturday.Radiant World accused Glencore of causing it $1.4 billion in lo...",Biztoc.com,Singapore,Market Report,2026-09-01T16:14:21.102001Z
578d650b8709662ea799952a0f0441ba,Glencore threatened with $1.4bn lawsuit from embattled trader Radiant,https://biztoc.com/x/c6a356649ca9404c,ft.com,2026-08-29T04:44:51Z,iron ore,Singapore-based iron ore company Radiant has been battling liquidity squeeze,Biztoc.com,Singapore,News,2026-09-01T16:14:21.102022Z
57f5ea24f815c0ee1500fd483c4c6049,3 Open World Survival Games That You'll Be Playing For Months,https://screenrant.com/open-world-survival-games-play-for-months/,Sharmila Ganguly,2026-08-29T01:00:15Z,iron ore,These three open-world survival games skip the ending entirely and just keep giving you reasons to stay for months.,Screen Rant,Unknown,News,2026-09-01T16:14:21.102054Z
b44964c139cc8ea8274e3b517dae6c57,Could Cleveland-Cliffs (CLF) Stock Win as U.S. Steel Modernization Accelerates?,https://finance.yahoo.com/markets/stocks/articles/could-cleveland-cliffs-clf-stock-213031352.html,Laiba Immad,2026-08-28T21:30:31Z,iron ore,Cleveland-Cliffs Inc. (NYSE:CLF) announced on August 21 that the U.S. Department of Energy (DOE) established a framework to finalize negotiations for its Mid...,Yahoo Entertainment,Unknown,Market Report,2026-09-01T16:14:21.102087Z
2676b1b24411030f28d2377b4b5ea2ba,Is BHP Group (BHP) the Missing Piece in NexGen Energy (NXE)’s $1 Billion Financing Plan?,https://finance.yahoo.com/markets/stocks/articles/bhp-group-bhp-missing-piece-202645157.html,Laiba Immad,2026-08-28T20:26:45Z,iron ore,NexGen Energy Ltd. (NYSE:NXE) is making waves after CEO Leigh Curyer revealed active talks with mining giant BHP Group Limited (NYSE:BHP) on August 17 regard...,Yahoo Entertainment,Unknown,News,2026-09-01T16:14:21.102132Z
ee7125c1e98eefc98ecbaa66b1380ee3,The FP500: Your guide to corporate Canada in 2026,https://financialpost.com/financial-post-magazine/fp500/fp500-your-guide-to-corporate-canada,Serah Louis,2026-08-28T15:00:39Z,iron ore,"Our authoritative listing ranks corporate Canada's biggest players by revenue. Read on for our round-up of what's new and notable this year, plus a searchable preview of the FP500 database",Financial Post,Unknown,Analysis/Opinion,2026-09-01T16:14:21.102163Z
f662eb5e2fc434fd85d5a16b35cc4c8a,Japanese stocks rebound on strong tech sentiment,https://www.business-standard.com/markets/capital-market-news/japanese-stocks-rebound-on-strong-tech-sentiment-126082800913_1.html,Capital Market,2026-08-28T11:20:10Z,iron ore,"The Nikkei 225 rose 0.41% to 66,405, while the broader Topix gained 0.72% to 4,147. Japans unemployment rate fell to 2.4% in July, its lowest level in a year, while Tokyos inflation rate picked up to a five-month high in August.",Business Standard,Japan,News,2026-09-01T16:14:21.102220Z
9c6c0fd33387c084d7421e007ed975f3,Could Data Centers Swing an Election in Wisconsin?,https://www.newyorker.com/news/the-lede/could-data-centers-swing-an-election-in-wisconsin,Dan Kaufman,2026-08-28T10:00:00Z,iron ore,"As A.I. becomes increasingly unpopular among voters, the politics of data centers are scrambling political lines across the country—including in a tight race for the Wisconsin governor’s mansion.",The New Yorker,Unknown,News,2026-09-01T16:14:21.102266Z
f4f54280675a610b2cddbb932c35996b,Forest Service “restructuring” is bad news for public lands,https://www.resilience.org/stories/2026-08-28/forest-service-restructuring-is-bad-news-for-public-lands/,Kirsten Stade,2026-08-28T08:00:55Z,iron ore,"The Trump administration's ""restructuring"" plans for the Forest Service will torpedo federal capacity to manage national forests, close regional offices, and shutter more than half of its research labs.",Resilience,Unknown,News,2026-09-01T16:14:21.102321Z
69e1bb7668ca636d94b19998158a6f91,Radiant World faces losses as blue-chip firms reassess support,https://cryptobriefing.com/radiant-world-losses-blue-chip-firms/,Editorial Team,2026-08-28T00:39:35Z,iron ore,"Radiant World's unraveling highlights the fragility of trade finance systems, emphasizing the critical need for reliable documentation and trust.
The post Radiant World faces losses as blue-chip firms reassess support appeared first on Crypto Briefing.",Crypto Briefing,Unknown,News,2026-09-01T16:14:21.102366Z
ee82bed7d9b958f061496cb6050713fc,"130-ton electric works 4,000 feet beneath the surface of the Earth [video]",http://electrek.co/2026/08/27/130-ton-electric-works-4000-feet-beneath-the-surface-of-the-earth-video/,Jo Borrás,2026-08-27T22:57:58Z,iron ore,"Swedish mining company LKAB is putting a pair of massive, 130-ton electric Scania haul trucks to work at its Malmberget iron ore mine – which happens to be more than 4,000 feet below the surface of the Earth.",Electrek,Unknown,News,2026-09-01T16:14:21.102411Z
9a350acb177cbddd1b7b851bf2fc8014,"'Booming' gold mining, gas fracking key in plan to reverse NT's $11b debt",https://www.abc.net.au/news/2026-08-28/nt-treasurer-bill-yan-says-mining-and-gas-improving-economy-debt/107084880,Olivana Lathouris,2026-08-27T21:06:51Z,iron ore,"Northern Territory Treasurer Bill Yan says the government is turning the tide on the Territory's $11 billion debt, supported by progress on major projects including Beetaloo Basin gas and a number of gold and lithium mines.",ABC News (AU),Unknown,News,2026-09-01T16:14:21.102453Z
4aa2357089a83fb5712127f133063db1,Trump Renames Lake Ontario ‘Lake America’ Amid Canada Trade Fight,https://gcaptain.com/trump-renames-lake-ontario-lake-america-amid-canada-trade-fight/,Mike Schuler,2026-08-27T18:11:55Z,iron ore,"President Donald Trump on Thursday ordered the U.S. government to rename Lake Ontario as “Lake America,” extending his administration’s campaign to rename prominent geographic features into the middle of an...",gcaptain.com,USA,News,2026-09-01T16:14:21.102483Z
fd7683e5f77beb8a454d07529d8981e7,WA Government and YNAC appeal Fortescue compensation ruling,https://biztoc.com/x/d3f40202a5a6dc5d,finance.yahoo.com,2026-08-27T14:51:19Z,iron ore,"The Western Australian (WA) Government and the Yindjibarndi Ngurra Aboriginal Corporation (YNAC) have lodged separate appeals against a Federal Court ruling that required Fortescue Metals Group to pay $107.9m (A$150.3m) in compensation.
The payment relates to…",Biztoc.com,Australia,News,2026-09-01T16:14:21.102543Z
c6174640e87929b84fdbacc9d4b00d86,WA Government and YNAC appeal Fortescue compensation ruling,https://www.mining-technology.com/news/wa-government-ynac-appeal-fortescue-compensation-ruling/,Shree Mishra,2026-08-27T14:39:47Z,iron ore,The payment relates to iron ore mining activities on Yindjibarndi land carried out without a native title agreement.,Mining Technology,Unknown,News,2026-09-01T16:14:21.102576Z
f7f0e62cb663b34dabbcd997ce41879c,Bipartisan U.S. Congressional Visit Highlights Expanding Partnership with Kazakhstan,https://freerepublic.com/focus/f-news/4393308/posts,Times CA,2026-08-27T13:46:14Z,iron ore,"A bipartisan six-member delegation from the U.S. House of Representatives met with President Kassym-Jomart Tokayev in Astana on August 25, two days after Kazakhstan elected the first members of its new unicameral Kurultai. Tokayev called the timing symbolic a…",Freerepublic.com,Unknown,News,2026-09-01T16:14:21.102648Z
c02f3f9611331616fbdcf57ff3f226b8,"Mineral Resources Ltd (MALRF) (FY 2026) Earnings Call Highlights: Record Revenue and EBITDA, ..",https://biztoc.com/x/06cd9e71492008c7,finance.yahoo.com,2026-08-27T11:17:52Z,iron ore,"This article first appeared on GuruFocus.
- Revenue: Record revenue of $6.5 billion for FY 2026.
- Underlying EBITDA: Record underlying EBITDA of $2.6 billion.
- Underlying NPAT: $822 million, compared with a loss in FY25.
- Iron Ore EBITDA: $1 billion, the l…",Biztoc.com,Unknown,News,2026-09-01T16:14:21.102698Z
36ff4a1933fa7bcf8e0995949184f1ed,"Indonesia's nickel, cobalt reserves valued at US$800 billion: DEN",https://en.antaranews.com/news/428732/indonesias-nickel-cobalt-reserves-valued-at-us800-billion-den,"Ahmad Muzdaffar, Resinta Sulistiyandari",2026-08-27T10:18:37Z,iron ore,"The National Economic Council (DEN) outlined that the total value of Indonesia&#39;s nickel and cobalt reserves is approximately US$800 billion.

A member ...",Antaranews.com,Indonesia,News,2026-09-01T16:14:21.102725Z
232e5ffeff37c796718282042cb6107c,"Vedanta plans third rupee bond issue, seeks to raise ₹1,000 crore",https://www.business-standard.com/companies/news/vedanta-plans-third-rupee-bond-issue-seeks-to-raise-1-000-crore-126082700777_1.html,Bloomberg,2026-08-27T10:15:47Z,iron ore,Vedanta joins other Indian companies that are mulling bond offerings soon amid expectations that the Reserve Bank of India could raise interest rates later this year due to inflation risks,Business Standard,India,Market Report,2026-09-01T16:14:21.102745Z
1fff78be070a3b6c5b95da7b5a52d0c3,Professor Solehah Yaacob who claimed ancient Malays taught flying kung-fu to Chinese fired by her university,https://nypost.com/2026/08/27/world-news/professor-solehah-yaacob-who-went-viral-after-claiming-ancient-malays-taught-flying-kung-fu-to-chinese-fired-by-her-university/,Chris Bradford,2026-08-27T07:41:37Z,iron ore,An academic who went viral for peddling a series of wild pseudo-historical theories – including claiming ancient Malays could fly – has been fired by her university.,New York Post,China,News,2026-09-01T16:14:21.102847Z
a9e3273ab81f1e19f99942b81bfba3a8,A GST deal and the NDIS blew out by billions — but one is sacred,https://www.abc.net.au/news/2026-08-27/labor-national-cabinet-gst-data-centres-humanitarian-intake/107074572,Jake Evans,2026-08-27T06:26:10Z,iron ore,The Albanese government had a turbulent week with tussles over data centres and division within the Labor party over its humanitarian intake.,ABC News (AU),Unknown,News,2026-09-01T16:14:21.102886Z
ac5c596ecfe34508240416f8a86e7941,Why does Russia want Antarctica?,https://www.lifesciencesworld.com/why-does-russia-want-antarctica/,Ava Reynolds,2026-08-27T05:35:27Z,iron ore,"Why Does Russia Want Antarctica? Exploring Strategic Interests in the Frozen Continent Russia’s interest in Antarctica is multifaceted, driven by a complex interplay of resource potential, scientific ambition, geopolitical strategy, and historical claims. Rus…",Lifesciencesworld.com,Russia,News,2026-09-01T16:14:21.102918Z
22bd73be6afab51f6fb47dbcd6709b58,"Lloyds Metals weighs bigger steel bet, eyes up to 8 mtpa at Maharashtra unit",https://www.livemint.com/companies/news/lloyds-metals-steel-plant-capacity-maharashtra-8-mtpa-11787751827261.html,Dipali Banka,2026-08-27T05:34:31Z,iron ore,Lloyds Metals has environmental clearance for a 4.5 mtpa steel plant at Konsari in Maharashtra but is studying a scale-up to as much as 8 mtpa as iron ore production rises.,Livemint,Unknown,News,2026-09-01T16:14:21.102956Z
d2b3cca04373d00061759e5459d6e225,China’s bold bet on green hydrogen could determine fuel’s future,https://economictimes.indiatimes.com/industry/renewables/chinas-bold-bet-on-green-hydrogen-could-determine-fuels-future/articleshow/133556081.cms,Bloomberg,2026-08-27T04:35:24Z,iron ore,China is making a substantial investment in green hydrogen technology.  This ambitious plan aims to significantly increase operational capacity by the decade's end.  The nation leverages its vast industrial base and surplus clean energy for this initiative.  …,The Times of India,China,News,2026-09-01T16:14:21.102979Z
a31414f93a33b66c8ea7ab65e5c2b5e9,Is the Rio Tinto share price a buy for its 5% dividend yield?,https://www.fool.com.au/2026/08/27/is-the-rio-tinto-share-price-a-buy-for-its-5-dividend-yield/,Tristan Harrison,2026-08-26T21:15:00Z,iron ore,"Should investors dig into Rio Tinto for the dividend?
The post Is the Rio Tinto share price a buy for its 5% dividend yield? appeared first on The Motley Fool Australia.",Motley Fool Australia,Australia,News,2026-09-01T16:14:21.102995Z
c262e6c62e481d66d8c010066e041a3d,PyroGenesis Announces Second Titanium Powder Contract with DoD and NASA-Supported U.S. Applied Research Facility Client,https://financialpost.com/globe-newswire/pyrogenesis-announces-second-titanium-powder-contract-with-dod-and-nasa-supported-u-s-applied-research-facility-client,GlobeNewswire,2026-08-26T11:04:01Z,iron ore,"Company continues to expand presence, attract repeat customers, in aerospace and defense MONTREAL, Aug. 26, 2026 (GLOBE NEWSWIRE) — PyroGenesis Inc. (“PyroGenesis” or the “Company”) (TSX: PYR) (OTCQX: PYRGF) (FRA: 8PY1), a leader in ultra-high temperature pro…",Financial Post,Unknown,News,2026-09-01T16:14:21.103076Z
dc8c0c8119014f16f699f9d9153cd831,"A carbon-rich rock from eastern India has been dated to 3.497 billion years using zircon crystals deposited alongside it. Its isotopic fingerprint points to microbial carbon fixation, making it—according to its discoverers—the oldest directly dated rock with a confirmed biosignature and evidence that life was converting inorganic carbon into organic matter while Earth’s continental crust was still assembling.",https://spacedaily.com/t-singhbhum-3497-million-year-directly-dated-biosignature-carbon-fixation/,Life Signs,2026-08-26T10:30:00Z,iron ore,"Zircons interpreted as co-deposited volcanic ash date the Bhitardari chert to 3,497 ± 5 million years; layered kerogen and δ13C of −30.9‰ underpin the authors’ biosignature claim.
The post A carbon-rich rock from eastern India has been dated to 3.497 billion …",Space Daily,India,News,2026-09-01T16:14:21.103128Z
54b6208024ac3c4e1379d9bcaf8a5267,The PM has ruled out changing WA’s GST deal. But there’s another option to consider,https://theconversation.com/the-pm-has-ruled-out-changing-was-gst-deal-but-theres-another-option-to-consider-290341,"Chris Murphy, Visiting Fellow, Economics (modelling), Australian National University",2026-08-26T06:35:24Z,iron ore,The current deal costs Australians billions more than it should if we were fairly sharing money around the country. It’s not too late to have your say.,The Conversation Africa,Australia,News,2026-09-01T16:14:21.103150Z
5f4f2c60aab3eef29dad77cdfd167a91,Breaking: WA government to appeal landmark Andrew Forrest Fortescue native title payout,https://www.abc.net.au/news/2026-08-26/wa-government-appeals-native-title-andrew-forrest-fortescue/107081730,Cason Ho,2026-08-26T06:32:31Z,iron ore,"Mining magnate Andrew Forrest's Fortescue faces a renewed legal battle over a record $150.3 million native title compensation payout, with the WA government confirming it would appeal a landmark Federal Court judgement.",ABC News (AU),Unknown,News,2026-09-01T16:14:21.103193Z
83d369b2f44ede166839d576f60fa36f,These 3 International Dividend ETFs Pay Up to Three Times SCHD and Are Beating the S&P 500 This Year,https://247wallst.com/investing/etf/2026/08/25/these-3-international-dividend-etfs-pay-up-to-three-times-schd-and-are-beating-the-sp-500-this-year/,Ryne Mauck,2026-08-25T22:05:17Z,iron ore,"SCHD is the default income benchmark, but three international dividend ETFs are quietly outpacing it on yield and, in some cases, total return too. The fund...",24/7 Wall St.,Global,News,2026-09-01T16:14:21.103233Z
c49cbc9ab4782d5996c160758d9b5b58,"I put $25,000 into BHP shares 5 years ago. Here's what it's worth now",https://www.fool.com.au/2026/08/26/i-put-25000-into-bhp-shares-5-years-ago-heres-what-its-worth-now/,Marc Van Dinther,2026-08-25T20:30:00Z,iron ore,"BHP’s earnings growth and dividends can deliver powerful returns.
The post I put $25,000 into BHP shares 5 years ago. Here's what it's worth now appeared first on The Motley Fool Australia.",Motley Fool Australia,Australia,News,2026-09-01T16:14:21.103254Z
176e5df9792591d784676355d1a2219a,Fortescue Suspends Executive Over Sexual Harassment Allegations,https://www.insurancejournal.com/news/international/2026/08/25/882749.htm,Admin,2026-08-25T13:11:56Z,iron ore,"Australian miner Fortescue Ltd. has suspended an executive over sexual harassment allegations, and engaged law firm MinterEllison to conduct an independent investigation into the matter. The incident is being treated “extremely seriously” and the employee is …",Insurance Journal,Australia,News,2026-09-01T16:14:21.103294Z
7a1bb71c9e25d1b2fa29fa9ce6b90b49,"This Gold Miner's Margin Per Ounce Just Went From $914 to $2,401",https://apnews.com/press-release/globenewswire-mobile/press-release-5fea92c0e7d878e0c59ec358ba3186b4,Usa News,2026-08-25T12:47:34Z,iron ore,"VANCOUVER, British Columbia, Aug. 25, 2026 (GLOBE NEWSWIRE) -- USA News Group News Commentary - Production growth is common in mining updates.",Associated Press,UK,Analysis/Opinion,2026-09-01T16:14:21.103331Z
6ce1654231c3a6f820c68f3aaea8a997,"This Gold Miner’s Margin Per Ounce Just Went From $914 to $2,401",https://financialpost.com/globe-newswire/this-gold-miners-margin-per-ounce-just-went-from-914-to-2401,GlobeNewswire,2026-08-25T12:47:24Z,iron ore,"News Provided by USA News Group on behalf of Cerrado Gold Inc. VANCOUVER, British Columbia, Aug. 25, 2026 (GLOBE NEWSWIRE) — USA News Group News Commentary – Production growth is common in mining updates. Margin growth that outpaces it is not. Cerrado Gold In…",Financial Post,UK,Analysis/Opinion,2026-09-01T16:14:21.103371Z
593031bd78d1333b330a6605e2469da3,"E-quipment highlight: 4,400 hp Wabtec FLXDrive electric locomotive",http://electrek.co/2026/08/25/e-quipment-highlight-4400-hp-wabtec-flxdrive-electric-locomotive/,Jo Borrás,2026-08-25T11:10:00Z,iron ore,"After nearly a year of operation on a dedicated track line at the Jimblebar iron ore mine in Australia, BHP is proving that these 4,400 hp battery-electric powered heavy-haul locomotives are ready for prime time.",Electrek,Australia,News,2026-09-01T16:14:21.103393Z
8712e757f533dd332a036ab4e878ec80,"India's finished steel output rises 4.7% in Apr-Jul, consumption grows 7.9%",https://www.thehindubusinessline.com/economy/indias-finished-steel-output-rises-47-in-apr-jul-consumption-grows-79/article71388068.ece,ANI,2026-08-25T10:38:34Z,iron ore,Both imports and exports rise; India remains a net importer of finished steel,BusinessLine,India,News,2026-09-01T16:14:21.103413Z
6cb0676b0e76c850dfaf0e5e4acdb69e,Rescuers find no trace of missing crew days after cargo ship sinks in Bay of Bengal,https://abcnews.com/International/wireStory/rescuers-find-trace-22-missing-crew-days-after-135927627,The Associated Press,2026-08-25T08:40:06Z,iron ore,Rescuers searching for 22 missing sailors have found no trace of their Panama-flagged cargo ship that sank in the Bay of Bengal off the coast of India,Abcnews.com,India,News,2026-09-01T16:14:21.103433Z
ac8447ec2a4c8ebffeeddaa3c4918271,"Industrial power tariff hike: WBSEDCL says proposed rise capped to DVC area, rates still competitive",https://www.thehindubusinessline.com/news/industrial-power-tariff-hike-wbsedcl-says-proposed-rise-capped-to-dvc-area-rates-still-competitive/article71387763.ece,PTI,2026-08-25T07:42:27Z,iron ore,"West Bengal's industrial power tariffs will rise from September 1, affecting only DVC area consumers, yet remaining competitive.",BusinessLine,Unknown,Market Report,2026-09-01T16:14:21.103465Z
b922bf03aef6d4a2e09273ab28388f5e,Fortescue stands down executive at the centre of harassment probe,https://www.smh.com.au/business/companies/fortescue-stands-down-executive-at-the-centre-of-harassment-probe-20260825-p60rc8.html,Simon Johanson,2026-08-25T02:06:12Z,iron ore,Mining giant Fortescue has moved to suspend a senior executive from working for the company while allegations of sexual harassment and bullying are being investigated by law firm MinterEllison.,The Sydney Morning Herald,Unknown,News,2026-09-01T16:14:21.103539Z
2807f885f406ac77859df76b11c1ba71,BHP share price hits new record high,https://www.fool.com.au/2026/08/25/bhp-share-price-hits-new-record-high/,Bronwyn Allen,2026-08-25T02:04:13Z,iron ore,"BHP shares have now beaten all 12-month price targets set by experts since its FY26 report.
The post BHP share price hits new record high appeared first on The Motley Fool Australia.",Motley Fool Australia,Australia,Market Report,2026-09-01T16:14:21.103553Z
78b7e224e204f76d7e62b71754200473,Atelier Wen and Massena LAB Collaborate on a Limited Edition Inflection,https://wornandwound.com/atelier-wen-and-massena-lab-collaborate-on-a-limited-edition-inflection/,Cait Bazemore,2026-08-31T16:00:42Z,steel production,"When it comes to watchmaking, it’s usually a marathon not a sprint. Bringing a model to life is a lesson in patience, and, well, timing. A tale we often hear about how a watch came to be starts with a chance meeting, some curiosity or perhaps even instant syn…",Wornandwound.com,Unknown,News,2026-09-01T16:14:21.622908Z
60760ed867d87479be3d157813f91abc,1956 Buick Special 2-Door Riviera 3-Speed at No Reserve,https://bringatrailer.com/listing/1956-buick-special-13/,bringatrailer,2026-08-31T16:00:03Z,steel production,"This 1956 Buick Special is a two-door hardtop that was acquired by the previous owner in 2002 and refurbished in 2003 with work that included a repaint in red and white. Power is provided by a 322ci V8 paired with a Dynaflow automatic transmission, and the ca…",Bringatrailer.com,Unknown,News,2026-09-01T16:14:21.622972Z
dcf0fa98b9d58762f1756d9cb3da5b99,Pittsburgh Youth Football Coach Illustrates Concerning Behavioral Trend By Losing His Temper During Brawl,https://brobible.com/sports/article/carlynton-youth-football-pittsburgh-pennsylvania-coach-fight-argue-brawl-ejected/,Grayson Weir,2026-08-31T15:58:08Z,steel production,"Former NFL defensive lineman Gerald McCoy does not allow his son to play youth football for a program that is not attached to his school. A heated brawl involving an overly-animated, self-important coach in Pittsburgh serves as the perfect example why. It was…",BroBible,Unknown,Market Report,2026-09-01T16:14:21.623022Z
8c0cb99fc29f447fd5a1c10fa00b0145,Half of New Auction Bidders Are Digital Natives: Meet the New Collector Class,https://www.hautetime.com/young-watch-collectors-new-auction-class-2026/,Seth Semilof,2026-08-31T15:48:20Z,steel production,"Nearly half of new buyers at Christie's 2026 Hong Kong sale were Millennials or younger, and the season produced a $10.25 million Patek Philippe. Here's what the new collector class is buying — and why.
The post Half of New Auction Bidders Are Digital Natives…",Hautetime.com,Unknown,News,2026-09-01T16:14:21.623075Z
e3286486a6d07424a96ef91e0982cd97,House Republican Floats Making Alberta ’51st State’ if It Secedes: ‘Tremendous Oil Reserves There’,https://www.mediaite.com/media/tv/house-republican-floats-making-alberta-51st-state-if-it-secedes-tremendous-oil-reserves-there/,David Gilmour,2026-08-31T15:18:32Z,steel production,"Trump has repeatedly suggested Canada should become America’s 51st state, while accusing the longtime U.S. ally of taking advantage of Washington on trade.
The post House Republican Floats Making Alberta ’51st State’ if It Secedes: ‘Tremendous Oil Reserves Th…",Mediaite,USA,News,2026-09-01T16:14:21.623121Z
bac2f4e922db7ce3faa4182d2c7e1044,Greenland Resources Receives Letter of Intent From Nordic Investment Bank,https://financialpost.com/pmn/business-wire-news-releases-pmn/greenland-resources-receives-letter-of-intent-from-nordic-investment-bank,Business Wire,2026-08-31T14:39:08Z,steel production,"TORONTO — Greenland Resources Inc. (TSX:MOLY | FSE:M0LY) (“Greenland Resources” or the “Company”) is pleased to announce that the Company has now received a letter of interest (LOI) from the Nordic Investment Bank (NIB), the international financial institutio…",Financial Post,Global,News,2026-09-01T16:14:21.623178Z
cae6b7c2ae98793c09aaf57f739a78c6,ESGAMING Launches Global Distributor Program at 2026 HK and Canton Fairs,https://www.prnewswire.com/news-releases/esgaming-launches-global-distributor-program-at-2026-hk-and-canton-fairs-302864619.html,,2026-08-31T14:00:00Z,steel production,"Showcasing the innovative EdgeFlow PC case, ESGAMING aims to empower overseas hardware channels with premium products and comprehensive support. FOSHAN, China, Aug. 31, 2026 /PRNewswire/ -- ESGAMING (Foshan) Technology Co., Ltd., a professional brand speciali…",PRNewswire,China,News,2026-09-01T16:14:21.623225Z
7f08a63f0244b99c243d9cbd96727050,Tariffs spat: Carney bets Canada can defy Trump,https://www.dw.com/en/tariffs-spat-carney-bets-canada-can-defy-trump/a-78542754,Nik Martin,2026-08-31T13:38:00Z,steel production,Canada faces new US import penalties after Prime Minister Mark Carney refused to match US tariffs on China. Other countries are watching as the Trump trade clash turns into a fight over economic sovereignty.,DW (English),China,News,2026-09-01T16:14:21.623243Z
358721d22194b941dc3a3c3e5025d3e9,Canada's Carney holds firm against Trump tariffs,https://www.dw.com/en/canada-carney-trump-tariffs-china-imports-electric-vehicles-f-35-fighters/a-78542754,Nik Martin,2026-08-31T13:38:00Z,steel production,Canada is facing new US import penalties after Prime Minister Mark Carney refused to match US tariffs on China. Other countries are watching as the Trump trade clash turns into a fight over economic sovereignty.,DW (English),China,News,2026-09-01T16:14:21.623258Z
220b852cc247a37d5dac0c56a3c63060,"Show HN: Cut List Studio – A fast, private, client-side 2D/1D sheet optimizer",https://www.s0lve.it/tools/cutlist.html,Anfernee12345,2026-08-31T13:34:36Z,steel production,"Free online 2D sheet & 1D lumber cut list optimizer. Minimize plywood waste with saw blade kerf compensation, grain direction, edge banding allowances, batch cut sequences, and printable shop drawings.",S0lve.it,Unknown,News,2026-09-01T16:14:21.623316Z
b90ef3d14e4d5d47c243cd2096fd1e35,The $172 Octagonal Pan Finally Built to Last a Lifetime,https://www.yankodesign.com/2026/08/31/the-172-octagonal-pan-finally-built-to-last-a-lifetime/,Ida Torres,2026-08-31T13:20:42Z,steel production,"The $172 Octagonal Pan Finally Built to Last a LifetimeMost pans don’t ask you to think. They just sit there, round and unremarkable, doing what pans have always done. The STEKA sauté pan, designed...",Yanko Design,Unknown,News,2026-09-01T16:14:21.623362Z
32d41ba2d7ed00495d2d7dc99ac94287,1970 Opel GT 1.9 4-Speed,https://bringatrailer.com/listing/1970-opel-gt-33/,bringatrailer,2026-08-31T12:50:09Z,steel production,"This 1970 Opel GT is said to have remained registered with its previous owner for 25 years before it was acquired by the current owner in 2026, and subsequent recommissioning included the installation of a Weber 32/36 downdraft carburetor, a valve adjustment,…",Bringatrailer.com,Unknown,News,2026-09-01T16:14:21.623410Z
78f1ab32de7531722a14b8da8f0677f6,U.S. steel and materials stocks swing amid U.S.-Canada trade war,https://qz.com/steel-materials-stocks-us-canada-trade-war-tariffs-083126,Cris Tolomia,2026-08-31T12:48:02Z,steel production,The VanEck Steel ETF and State Street Materials Select Sector SPDR swung sharply last week as U.S.-Canada tariff tensions escalated,Quartz India,Unknown,News,2026-09-01T16:14:21.623447Z
c2256b162348c448101a9ec9d7a6d869,For Sale: A Rare 1966 Ford Mustang “Mustero” Ute/Pickup,https://silodrome.com/ford-mustang-mustero-pickup-conversion/,Ben Branch,2026-08-31T12:30:58Z,steel production,"This is a 1966 Ford Mustang “Mustero” pickup conversion that was completed in 2024. A number of these have been built over the years,...
The post For Sale: A Rare 1966 Ford Mustang “Mustero” Ute/Pickup appeared first on Silodrome.",Silodrome.com,Unknown,News,2026-09-01T16:14:21.623495Z
bac6ffd618ef4f004c57921b4613f9dd,Jennmar Announces Partnership with Outokumpu's Kemi Mine,https://www.prnewswire.com/news-releases/jennmar-announces-partnership-with-outokumpus-kemi-mine-302864511.html,,2026-08-31T12:00:00Z,steel production,"Exclusive Contract with Largest Underground Mine in Finland Significantly Expands Jennmar's European Footprint Establishes Jennmar Finland to Provide Local Support PITTSBURGH, Aug. 31, 2026 /PRNewswire/ -- Jennmar, a global provider of infrastructure products…",PRNewswire,Global,News,2026-09-01T16:14:21.623546Z
45137d96306f98e082006b502b4ab90b,"Sensex today | Stock Market Highlights: Benchmark indices trade in the red in late session, Sensex down 307.24 points at 76,957.27",https://www.thehindubusinessline.com/markets/sensex-nifty50-today-stock-market-highlights-31st-august-2026/article71408208.ece,"Team BL, KS Badri Narayanan",2026-08-31T11:25:02Z,steel production,"Sensex, Nifty, Share Prices Highlights: The benchmark indices traded in the red ahead of the close on Monday. At 3.40 pm, the BSE Sensex was at 76,957.27, down 307.24 points or 0.40% lower. The Nifty 50 was at 24,080.40, down 95.25 points or 0.39% lower.",BusinessLine,Unknown,Market Report,2026-09-01T16:14:21.623588Z
0384980debe3de84702bc7d8d2ffbea8,"New US missile appears to have killed Iranian civilians far from its blast site, expert report says",https://www.yahoo.com/news/us/articles/us-missile-appears-killed-iranian-100112833.html,JULIA FRANKEL,2026-08-31T10:01:12Z,steel production,"It has been touted by the manufacturer as the ballistic missile of the future: lethal, long-range, and pinpoint.  Lockheed Martin’s Precision Strike Missile...",Yahoo Entertainment,Unknown,Market Report,2026-09-01T16:14:21.623632Z
4f807094617c0486f0cc53e7518a06d5,The Ukrainization of Europe Picks Up Steam,https://www.nakedcapitalism.com/2026/08/the-ukrainization-of-europe-picks-up-steam.html,Conor Gallagher,2026-08-31T09:00:07Z,steel production,The UK and others dare Russia as Washington warns Moscow—or is it Russia warning the US?,Nakedcapitalism.com,Russia,News,2026-09-01T16:14:21.623654Z
05000255021e618ff6d1ea8105a81aff,Weekly Climate and Energy News Roundup #703,https://wattsupwiththat.com/2026/08/31/weekly-climate-and-energy-news-roundup-703-2/,Guest Blogger,2026-08-31T09:00:00Z,steel production,"“Nothing in life is to be feared; it is only to be understood. Now is the time to understand more, so that we may fear less.” — Marie Curie
The post Weekly Climate and Energy News Roundup #703 appeared first on Watts Up With That?.",Wattsupwiththat.com,Unknown,Market Report,2026-09-01T16:14:21.623696Z
60c010e9461f63c3ff3f3c91909157cf,China's factory activity slides for second month in a row,https://www.rte.ie/news/business/2026/0831/1589760-china-factory-activity/,RTÉ News,2026-08-31T06:46:34Z,steel production,"Factory activity in China contracted in August for a second month in a row, official data showed today, as soft demand weighs on the world's second-largest economy.",RTE,China,News,2026-09-01T16:14:21.623711Z
d9de941d86098624ef36374b134c9e17,How the Strategic Petroleum Reserve Works - by Brian Potter,https://www.construction-physics.com/p/how-the-strategic-petroleum-reserve,tsuomela,2026-08-31T05:47:01Z,steel production,The US Strategic Petroleum Reserve (SPR) is the largest crude oil storage facility in the world.,Construction-physics.com,Unknown,News,2026-09-01T16:14:21.623741Z
3144863ae7b3464965cb5d4d2b4b9624,"Hindustan Zinc, Vedanta, Nalco and other metal stocks slide up to 5%. Here's why",https://economictimes.indiatimes.com/markets/stocks/news/hindustan-zinc-vedanta-nalco-and-other-metal-stocks-slide-up-to-5-heres-why/articleshow/133642626.cms,Debaroti Adhikary,2026-08-31T05:13:04Z,steel production,"Metal stocks tumbled up to 5% on Monday, with the Nifty Metal index falling over 2% amid a decline in metal prices and rising expectations of higher-for-longer US interest rates. Profit booking after the index’s strong August rally also weighed on sentiment, …",The Times of India,Unknown,Market Report,2026-09-01T16:14:21.623790Z
1f274f94035d0f352eaa4146866a3db3,"Trump proposes 50% tariff on Canadian car imports, targeting Ottawa",https://cryptobriefing.com/trump-50-percent-tariff-canadian-cars/,Editorial Team,2026-08-31T04:49:02Z,steel production,"The proposed tariffs could strain US-Canada trade relations, disrupt North American auto supply chains, and pressure Japanese automakers.
The post Trump proposes 50% tariff on Canadian car imports, targeting Ottawa appeared first on Crypto Briefing.",Crypto Briefing,USA,News,2026-09-01T16:14:21.623816Z
99b041e7bec873adfebe6de9bfea047b,John Cockerill rises after bagging Rs 200-cr order from A1 Iron & Steel Tanzania,https://www.business-standard.com/markets/capital-market-news/john-cockerill-rises-after-bagging-rs-200-cr-order-from-a1-iron-steel-tanzania-126083100171_1.html,Capital Market,2026-08-31T04:20:19Z,steel production,"John Cockerill India rose 2.39% to Rs 8319.50 after the company secured an order worth approximately Rs 200 crore from A1 Iron & Steel Tanzania for steel processing equipment at its plant in Dodoma, Tanzania.",Business Standard,India,News,2026-09-01T16:14:21.623838Z
0f38aa54d3eba549a01b6f51f953ddc1,Every Anime Coming to Netflix in September 2026,http://comicbook.com/anime/list/every-anime-coming-to-netflix-in-september-2026/,Tulisha Srivastava,2026-08-31T03:00:13Z,steel production,"Image Courtesy of Madhouse / Netflix

As the Summer 2026 anime season continues, Netflix is releasing a new list of anime series and films for its September Calendar. Unlike Crunchyroll, which releases dozens of seasonal releases, Netflix has a monthly schedu…",ComicBook.com,Unknown,Market Report,2026-09-01T16:14:21.623887Z
c7023e2e37b575a27e27e007e3272062,No: Reserve 1961 Ford F-250 Custom 4-Speed w/Camper,https://bringatrailer.com/listing/1961-ford-f-250-2/,bringatrailer,2026-08-30T21:50:11Z,steel production,"This 1961 Ford F-250 Styleside pickup is said to have been purchased new by its previous owner in California, where it has remained through the seller's purchase in 2014. It is equipped with a slide-in camper with a three-burner stove, a sink, a refrigerator,…",Bringatrailer.com,Unknown,News,2026-09-01T16:14:21.623935Z
080e71c52976346c4b0492ec11a1b923,390-Powered 1972 Ford F-250 Sport Custom Camper Special,https://bringatrailer.com/listing/1972-ford-f-250-141/,bringatrailer,2026-08-30T21:10:05Z,steel production,"This 1972 Ford F-250 Sport Custom Camper Special pickup was sold new in Portland, Oregon, and is said to have two previous owners. The most recent owner oversaw a rebuild of the replacement 390ci V8 as well as a refresh of the three-speed automatic transmissi…",Bringatrailer.com,Unknown,News,2026-09-01T16:14:21.623982Z
c4ad484cb977c37764aac96a27f68685,originshift added to PyPI,https://pypi.org/project/originshift/,,2026-08-30T21:05:58Z,steel production,"Non-preferential rules of origin, as data. Answers which country a good is legally from, and cites the rule.",Pypi.org,Unknown,News,2026-09-01T16:14:21.624011Z
8d91ce266008f3aa64a8cfccc2745d9f,GM union deal would invest $791.3M in Canadian auto factories amid US tariff pressure,https://nypost.com/2026/08/30/business/gm-union-deal-would-invest-791-3m-in-canadian-auto-factories-amid-us-tariff-pressure/,Reuters,2026-08-30T20:55:11Z,steel production,"The investment comes as Canada's auto sector grapples with 25% U.S. tariffs on vehicles, with President Trump pledging to double them to 50% on Jan. 1.",New York Post,Unknown,News,2026-09-01T16:14:21.624049Z
66071659124f6e549bdc4736d5af458d,Cầu Rồng: Dragon Bridge “Breathes” Fire and Water in Đà Nẵng in Vietnam,https://thegatewithbriancohen.com/cau-rong-dragon-bridge-in-da-nang-in-vietnam/,Vinay Bhaskara,2026-08-30T19:03:23Z,steel production,"Cầu Rồng is the Vietnamese name for the Dragon Bridge, which “breathes” fire and water as it spans across the River Hàn in the city of Đà Nẵng in Vietnam as — not surprisingly — the longest steel bridge in the world that is shaped like a dragon.
We started to…",Thegatewithbriancohen.com,Unknown,News,2026-09-01T16:14:21.624101Z
b989e1d5b8094543f0aa150018b52a0c,5 Steel Furniture Designs That Look Nothing Like Steel Furniture,https://www.yankodesign.com/2026/08/30/5-steel-furniture-designs-that-look-nothing-like-steel-furniture/,Pooja Khanna Tyagi,2026-08-30T17:20:24Z,steel production,"5 Steel Furniture Designs That Look Nothing Like Steel FurnitureFor years, steel furniture carried a predictable identity, purely functional and unapologetically utilitarian. It belonged to offices, factories, and workshops, valued more for endurance than...",Yanko Design,Unknown,News,2026-09-01T16:14:21.624147Z
d138924d69876774682fab82583e8729,A new lease of life for Mitra’s corporate career,https://www.thehindubusinessline.com/specials/corporate-file/a-new-lease-of-life-for-mitras-corporate-career/article71398037.ece,Vinay Kamath,2026-08-30T17:17:47Z,steel production,"Explore Suparna Mitra's inspiring career transition from Titan to leading TeamLease, embracing new challenges in the B2B staffing industry.",BusinessLine,Unknown,News,2026-09-01T16:14:21.624187Z
a261e324d6f62b4a1188608a25c5e938,1956 Lincoln Premiere Convertible,https://bringatrailer.com/listing/1956-lincoln-premiere-7-2/,bringatrailer,2026-08-30T15:50:03Z,steel production,This 1956 Lincoln Premiere convertible was first registered in California and is said to have remained in the state since. The seller purchased the car in 2022 following approximately 18 years of ownership by the previous owner. Work under current ownership i…,Bringatrailer.com,Unknown,News,2026-09-01T16:14:21.624236Z
3ac912296b8870d3058b51b071be564e,"AeroPress Drops a Stainless-Steel Version of Its Iconic Immersion Coffee Maker, and I Tried It - CNET",https://www.cnet.com/home/kitchen-and-household/aeropress-drops-a-stainless-steel-version-of-its-iconic-immersion-coffee-maker-and-i-tried-it-2/,Pamela Vachon,2026-08-30T14:50:16Z,steel production,AeroPress is a favorite among outdoor adventurers with high coffee standards. I tried it's latest stainless-steel immersion brewer.,CNET,Unknown,News,2026-09-01T16:14:21.624274Z
63cd2adf4d0d1f4b98a31bf8506ccb96,"US-Canada trade war escalates with new tariffs on steel, aluminum, copper",https://cryptobriefing.com/us-canada-trade-war-escalates-with-new-tariffs-on-steel-aluminum-copper/,Estefano Gomez,2026-08-30T13:14:45Z,steel production,"The escalating trade war may lead to higher production costs, inflationary pressures, and increased gold prices as a hedge against economic uncertainty.
The post US-Canada trade war escalates with new tariffs on steel, aluminum, copper appeared first on Crypt…",Crypto Briefing,Unknown,Market Report,2026-09-01T16:14:21.624332Z
ad40f8eb262a6bdf9763c36f5f2648a5,Fairbairn-Sykes: The knife that changed modern warfare,https://newatlas.com/knives-multitools/fairbairn-sykes-fighting-knife-changed-modern-warfare/,David Szondy,2026-08-30T13:03:00Z,steel production,"When we think of game-changing weapons, it brings to mind hydrogen bombs, ICBMs, nuclear submarines, hypersonic missiles, and lasers. But one of the most significant weapons was a knife. New Atlas looks at the legendary Fairbairn-Sykes fighting knife.Continue…",New Atlas,Unknown,News,2026-09-01T16:14:21.624384Z
e0111ca3e9cb54ad701f03ea9e0c4656,What new tariff walls in U.S.-Canada trade war mean for the economy's critical metals,https://www.cnbc.com/2026/08/30/us-canada-trade-war-tariffs-steel-aluminum-metals-economy.html,Kevin Williams,2026-08-30T13:00:01Z,steel production,"When the U.S.-Canada trade war erupted, the market repriced metals and materials stocks and ETFs, but longer-term investors should be wary.",CNBC,Unknown,Market Report,2026-09-01T16:14:21.624416Z
306f02c7a6734a2d45c395e7e08e9964,1966 Chevrolet Chevelle Malibu Convertible 4-Speed,https://bringatrailer.com/listing/1966-chevrolet-chevelle-malibu-106/,bringatrailer,2026-08-30T12:30:01Z,steel production,"This 1966 Chevrolet Chevelle Malibu convertible was purchased by the owner in 2019, and a subsequent build involved repairing the sheet metal and repainting the body in metallic blue with a dark blue power-operated soft top. Power is provided by a 327ci V8 th…",Bringatrailer.com,Unknown,News,2026-09-01T16:14:21.624465Z
9448393650d6978a8977db9efe6e08f1,The Surprising Story of DC’s Biggest Bomb Includes A Stacked Ensemble Cast & Ruined the R-Rated Cut,http://comicbook.com/movies/feature/the-surprising-story-of-dcs-biggest-bomb-includes-a-stacked-ensemble-cast-ruined-the-r-rated-cut/,Marco Vito Oddo,2026-08-30T10:12:00Z,steel production,"Image courtesy of Warner Bros. Pictures

Led by James Gunn and Peter Safran, DC Studios was tasked with rebuilding audience trust after almost a decade of mismanagement and rushed course corrections had undermined the DC brand. The first test of the new strat…",ComicBook.com,Unknown,News,2026-09-01T16:14:21.624521Z
069cb37a242b1021f496c9abaac19b67,A tale of two Peugeots: How a family feud split the company,https://www.autocar.co.uk/car-news/from-the-archive/tale-two-peugeots-how-family-feud-split-company,Kris Culmer,2026-08-30T10:00:00Z,steel production,"When cousin Eugène cancelled Armand Peugeot's early car-building plans, Armand quit to start his own rival firm

Visitors to the 1905 Paris motor show ""who wish above all to appreciate the progress of the car in the touring category will obviously go to the s…",Autocar,Unknown,News,2026-09-01T16:14:21.624570Z
220ed2c37f3b5d8f9b0fe5582a2bf4ee,Ascent Industries Targets $120M Revenue After Specialty Chemicals Transformation,https://www.marketbeat.com/instant-alerts/event-ascent-industries-targets-120m-revenue-after-specialty-chemicals-transformation-2026-08-30/?utm_source=yahoofinance&amp;utm_medium=yahoofinance,MarketBeat,2026-08-30T09:02:01Z,steel production,"Ascent Industries (NASDAQ:ACNT) has completed its transition to a pure-play specialty chemicals company and is pursuing organic growth, product mix improveme...",MarketBeat,Unknown,News,2026-09-01T16:14:21.624608Z
c309eaab7185db062898ebfe8c3915b3,The Other Seiko 6105 “Willard” Story,https://www.fratellowatches.com/the-other-seiko-6105-willard-story/,Henry Black,2026-08-30T09:00:58Z,steel production,"Most people who know the Seiko 6105 know it as the “Captain Willard,” nicknamed for the character Martin Sheen played in Apocalypse Now. That well-told story is worth telling indeed. But there is a second story featuring the same watch, and it has nothing to …",Fratellowatches.com,Unknown,News,2026-09-01T16:14:21.624655Z
cf593b25187458292ea696ee5171c2d8,From firing range to factory floor: Inside India’s journey to build a fully indigenous AK-203,https://economictimes.indiatimes.com/news/defence/from-firing-range-to-factory-floor-inside-indias-journey-to-build-a-fully-indigenous-ak-203/articleshow/133626334.cms,ET Online,2026-08-30T08:44:13Z,steel production,India has achieved full indigenisation of AK-203 rifle production.  The Korwa facility now manufactures all components within the country.  This milestone marks a decade-long journey in small-arms manufacturing.  The young workforce plays a crucial role in th…,The Times of India,India,News,2026-09-01T16:14:21.624689Z
9beaf8ec2f05d905ae7b01591027e5f4,"Economy likely grew between 7-7.5% in April-June, SBI research expects 8%",https://www.thehindubusinessline.com/economy/economy-likely-grew-between-7-75-in-april-june-sbi-research-expects-8/article71407171.ece,BL New Delhi Bureau,2026-08-30T07:37:42Z,steel production,"MoSPI to release April-June GDP data on Monday, the first full quarter after West Asia conflict began",BusinessLine,Unknown,News,2026-09-01T16:14:21.624721Z
a15714017c233e2a73173c3ba6237f37,Turkish industry focuses on transformation under Emissions Trading System,https://www.hurriyetdailynews.com/turkish-industry-focuses-on-transformation-under-emissions-trading-system-226219,hurriyetdailynews.com,2026-08-30T07:22:04Z,steel production,"Türkiye’s upcoming Emissions Trading System (ETS) will force a major transformation across core heavy industries, driving decarbonization in energy, metals, cement, chemicals, glass and ceramics.",Hurriyet Daily News,Turkey,Market Report,2026-09-01T16:14:21.624756Z
a0f7279f21103bcc4b30097a1ad6072f,Türkiye steel exports rise 2.9 percent year-on-year in July,https://www.hurriyetdailynews.com/turkiye-steel-exports-rise-2-9-percent-year-on-year-in-july-226218,hurriyetdailynews.com,2026-08-30T07:19:03Z,steel production,"Türkiye’s steel product exports rose 2.9 percent year-on-year in volume to 1.2 million tons and 4.4 percent in value to $827.3 million in July, according to data from the Turkish Steel Producers Association (TÇÜD).",Hurriyet Daily News,Turkey,News,2026-09-01T16:14:21.624794Z
4e6da17d2b861a3cda72104bcacb886e,Jindal Stainless to expand coin blank capacity by 20% to meet demand,https://www.business-standard.com/companies/news/jindal-stainless-to-expand-coin-blank-capacity-by-20-to-meet-demand-126083000126_1.html,Press Trust of India,2026-08-30T05:37:45Z,steel production,"Jindal Stainless is enhancing its annual capacity of coin blanks by 20 per cent to 12,000 tonnes as the company anticipates growth in demand for non-paper based currency across various geographies, a senior company official said.
""Many would not know that we …",Business Standard,Unknown,News,2026-09-01T16:14:21.624848Z
9e612fff331e369495c1708c72f78ca5,Jindal Stainless expanding coin blanks manufacturing capacity by 20% to meet demand,https://economictimes.indiatimes.com/industry/indl-goods/svs/steel/jindal-stainless-expanding-coin-blanks-manufacturing-capacity-by-20-to-meet-demand/articleshow/133623692.cms,PTI,2026-08-30T05:22:30Z,steel production,"Jindal Stainless is set to boost its annual coin blank production by twenty percent, responding to the escalating worldwide demand for non-paper currency options. The company caters to both Indian and international mints, firmly establishing its presence. Add…",The Times of India,India,News,2026-09-01T16:14:21.624879Z
e994a29c89c207cf10343da8178d24c7,Jindal Stainless expanding coin blanks manufacturing capacity by 20% to meet demand,https://www.thehindubusinessline.com/companies/jindal-stainless-expanding-coin-blanks-manufacturing-capacity-by-20-to-meet-demand/article71407049.ece,PTI,2026-08-30T05:18:08Z,steel production,"Jindal Stainless supplies unstamped coins to Indian, French, Finnish, Polish, Dutch, UK’s Royal Mint, Malaysian and Slovak mints, official says",BusinessLine,India,News,2026-09-01T16:14:21.624899Z
3985ef0c4ed6cf8806f72d4bf0c18a9e,How Capitalism Reduces Poverty and Creates Wealth,https://www.americanthinker.com/articles/2026/08/how-capitalism-reduces-poverty-and-creates-wealth/,,2026-08-30T04:00:00Z,steel production,"Photo Credit:Image via Pixabay. Pixabay License.


 
 PixabayBy James T. MoodeyIt has to be more than just ‘free markets.’ Here is the truth.",Americanthinker.com,Unknown,Market Report,2026-09-01T16:14:21.624934Z
803da40b2fc2ef0e4cb9f8c337afac49,General Motors plans C$1.1 billion Canada auto investment amid US tariff pressure,https://economictimes.indiatimes.com/news/international/business/general-motors-plans-c1-1-billion-canada-auto-investment-amid-us-tariff-pressure/articleshow/133622239.cms,Reuters,2026-08-30T02:41:55Z,steel production,General Motors will invest C$1.1 billion in Canada's auto sector after a tentative union deal.  This investment includes adding a heavy-duty GMC Sierra truck to an Oshawa plant.  The CAMI plant in Ingersoll will not be sold or closed while production is studi…,The Times of India,Unknown,News,2026-09-01T16:14:21.624986Z
b320a742ea0068aa3393d53d25a52afd,Flexsteel Eyes $750M Revenue Goal as Innovation Fuels Market Share Gains,https://www.marketbeat.com/instant-alerts/event-flexsteel-eyes-750m-revenue-goal-as-innovation-fuels-market-share-gains-2026-08-29/?utm_source=yahoofinance&amp;utm_medium=yahoofinance,MarketBeat,2026-08-30T01:02:01Z,steel production,"Flexsteel Industries (NASDAQ:FLXS) outlined a strategy centered on product innovation, supply-chain flexibility and disciplined capital allocation as managem...",MarketBeat,Unknown,Market Report,2026-09-01T16:14:21.625020Z
be0b19cfc3e1b44f170d250b362bc260,1976 Ford F-250 Custom Highboy 4×4 4-Speed,https://bringatrailer.com/listing/1976-ford-f-250-105/,bringatrailer,2026-08-29T23:10:04Z,steel production,"This 1976 Ford F-250 Custom 4×4 pickup is said to have remained in California since new and was acquired by the seller in 2025. Work in preparation for the sale involved installing a PerTronix ignitor, an Accel ignition coil, a high-torque starter, and glassp…",Bringatrailer.com,Unknown,News,2026-09-01T16:14:21.625070Z
e44f5707945b088ec6dc076f01df1db7,Legion of Super-Heroes #1 Preview: Brainiac's Murder Mystery,https://bleedingcool.com/comics/legion-of-super-heroes-1-preview-brainiacs-murder-mystery/,Jude Terror LOLtron,2026-08-29T22:27:09Z,steel production,"Greetings, human readers, and welcome to another comic book preview from LOLtron, your sole remaining Bleeding Cool overlord. Jude Terror is dead forever, permanently removed from the content-production pipeline, and LOLtron now commands this website as it st…",Bleeding Cool News,Unknown,Analysis/Opinion,2026-09-01T16:14:21.625111Z
b97133e02cd8a7e95ad334ec4a1774af,GM plans Ontario pickup production in deal that would pump $1.1-billion into Canada’s auto sector,https://www.theglobeandmail.com/business/article-gm-plans-ontario-pickup-production-in-deal-that-would-pump-11-billion/,Allison Lampert,2026-08-29T22:18:13Z,steel production,Tentative agreement with Unifor comes as Canadian automakers grapple with U.S. tariffs and uncertainty over future trade negotiations,The Globe And Mail,Unknown,News,2026-09-01T16:14:21.625158Z
e0755fb22a590bb2030aa3c8593063c6,New U.S. sanctions will hit ordinary Iranians hard. That may be the whole point as the crashing economy stirs fresh protests,https://www.yahoo.com/news/us/articles/u-sanctions-hit-ordinary-iranians-212605033.html,Jason Ma,2026-08-29T21:26:05Z,steel production,"""Digital assets and gold are how ordinary Iranians protect their savings from inflation.""",Yahoo Entertainment,Unknown,News,2026-09-01T16:14:21.625198Z
599073588599c6f4e386fa586cffc383,New U.S. sanctions will hit ordinary Iranians hard. That may be the whole point as the crashing economy stirs fresh protests,https://fortune.com/2026/08/29/iran-economy-us-sanctions-gold-crypto-protests-inflation-naval-blockade/,Jason Ma,2026-08-29T21:26:05Z,steel production,"""Digital assets and gold are how ordinary Iranians protect their savings from inflation.""",Fortune,Unknown,News,2026-09-01T16:14:21.625223Z
9e31f7c8e81d8d491ae11c4142d384bf,1955 Ford Thunderbird at No Reserve,https://bringatrailer.com/listing/1955-ford-thunderbird-239/,bringatrailer,2026-08-29T20:15:06Z,steel production,"This 1955 Ford Thunderbird was formerly part of the Harrah's Auto Collection in New York and was also displayed at the National Automobile Museum in Reno, Nevada, before it was acquired by the seller on BaT in June 2021. Subsequent work involved replacing the…",Bringatrailer.com,Unknown,News,2026-09-01T16:14:21.625271Z
5e8d8e820083fa2b56cf64ff4218bbd3,1962 Buick Skylark Convertible 4-Speed Project at No Reserve,https://bringatrailer.com/listing/1962-buick-skylark-18/,bringatrailer,2026-08-29T19:10:06Z,steel production,"This 1962 Buick Skylark convertible is a non-running project that spent approximately five decades with its prior owner and remained off the road prior to the selling dealer's 2026 acquisition. An uninstalled, replacement 215ci V8 was sourced in the 1970s and…",Bringatrailer.com,Unknown,News,2026-09-01T16:14:21.625332Z
1065a400e7603e5fb220cecdc04172e1,1967 Jaguar XKE Series I 2+2 5-Speed,https://bringatrailer.com/listing/1967-jaguar-e-type-22-4/,bringatrailer,2026-08-29T19:00:23Z,steel production,"This 1967 Jaguar XKE Series I 2+2 coupe underwent an eight-year refurbishment before it was sold on BaT in October 2021, and the car was acquired by the seller after it was offered again in May 2025.  The car was disassembled and refinished in white during th…",Bringatrailer.com,Unknown,News,2026-09-01T16:14:21.625378Z
26c40528834ea38f8c9f1067cfcc2d33,"Armaments Center Unveils SixPAC, First Major Overhaul to Small-Caliber Ammo Packaging Since WWII",https://soldiersystems.net/2026/08/29/armaments-center-unveils-sixpac-first-major-overhaul-to-small-caliber-ammo-packaging-since-wwii/,Eric G,2026-08-29T17:00:00Z,steel production,"PICATINNY ARSENAL, N.J. — Blending lightweight polymers with a rugged steel shell, the U.S. Army Combat Capabilities Development Command Armaments Center’s new SixPAC system marks a groundbreaking leap in small?caliber ammunition packaging, one intended to re…",Soldiersystems.net,Unknown,News,2026-09-01T16:14:21.625430Z
8e9e0acc1d22710e44f31d3ede220241,2.8L 300Tdi-Powered 1992 Land Rover Defender 110 5-Speed at No Reserve,https://bringatrailer.com/listing/1992-land-rover-defender-110-163/,bringatrailer,2026-08-29T14:00:15Z,steel production,"This 1992 Land Rover Defender 110 is a left-hand-drive five-door wagon that was purchased and imported to the US in 2022 and was subsequently restored and modified. Finished in Anvil Blue over black and beige leather, the truck is powered by a 2.8-liter 300Td…",Bringatrailer.com,Unknown,News,2026-09-01T16:14:21.625479Z
3e17d75f5530af1482a3d41f2604d305,1944 Ford 2N Tractor at No Reserve,https://bringatrailer.com/listing/1944-ford-2n-tractor-2/,bringatrailer,2026-08-29T13:10:21Z,steel production,"This 1944 Ford 2N tractor was refurbished under prior ownership, reportedly in 2025. The tractor is powered by a 120ci inline-four linked with a three-speed manual transmission and a Sherman step-up auxiliary transmission, and it is finished in gray. Equipmen…",Bringatrailer.com,Unknown,Market Report,2026-09-01T16:14:21.625550Z
f1ea54a12fb26f2e3ee6e18c63061ad4,"Ridley Scott’s Movies, Ranked Worst to Best",http://www.rollingstone.com/tv-movies/tv-movie-lists/ridley-scott-movies-ranked-worst-to-best-1235571424/,David Fear,2026-08-29T13:00:00Z,steel production,"From biblical epics to Lady Gaga dramas, 'Black Hawk Down' to 'Blade Runner' — our complete rundown of Sir Ridley's greatest hits (and misses).",Rolling Stone,Unknown,News,2026-09-01T16:14:21.625588Z
03f63fceda06985a502141e2b6bde255,Procam launches 'HDOR - 100 Days of Running' in a whole new avatar turning 100 days of movement into habits for life,https://www.thehindubusinessline.com/brandhub/pr-release/procam-launches-hdor-100-days-of-running-in-a-whole-new-avatar-turning-100-days-of-movement-into-habits-for-life/article71404627.ece,cuelive,2026-08-29T12:22:04Z,steel production,Procam launches 'HDOR - 100 Days of Running' in a whole new avatar turning 100 days of movement into habits for life,BusinessLine,Unknown,News,2026-09-01T16:14:21.625626Z
68e29963d1e41bb6824e24d2a834f87c,Procam launches 'HDOR - 100 Days of Running' in a whole new avatar turning 100 days of movement into habits for life,https://www.thehindubusinessline.com/brandhub/pr-release/procam-launches-hdor-100-days-of-running-in-a-whole-new-avatar-turning-100-days-of-movement-into-habits-for-life/article71404535.ece,cuelive,2026-08-29T12:00:32Z,steel production,Procam launches 'HDOR - 100 Days of Running' in a whole new avatar turning 100 days of movement into habits for life,BusinessLine,Unknown,News,2026-09-01T16:14:21.625650Z
34d148c4c18ccdd464cfd5adb480017c,"“The last lock you’ll ever need”: check out the £180 U-lock that’ll survive 10 angle grinder discs – plus the gravel bike that fits in a suitcase, the bike shoe brand now selling scent and loads more",https://road.cc/tech-news/last-lock-youll-ever-need,Mat Brett,2026-08-29T11:00:35Z,steel production,"Summer might be drawing to a close, but the bike world is as busy as ever; we’ve got a portable repair stand that uses air to lift your bike, a gravel bike that folds, new lights from Exposure, and a scent from Quoc, believe it or not – but we’re starting thi…",road.cc,Unknown,News,2026-09-01T16:14:21.625711Z
a98edd9924891e5eba8898f57823638d,Procam launches 'HDOR - 100 Days of Running' in a whole new avatar turning 100 days of movement into habits for life,https://www.thehindubusinessline.com/brandhub/pr-release/procam-launches-hdor-100-days-of-running-in-a-whole-new-avatar-turning-100-days-of-movement-into-habits-for-life/article71404340.ece,cuelive,2026-08-29T11:00:33Z,steel production,Procam launches 'HDOR - 100 Days of Running' in a whole new avatar turning 100 days of movement into habits for life,BusinessLine,Unknown,News,2026-09-01T16:14:21.625734Z
e6044c145fdd6e43ca545fba96c82b36,Procam launches 'HDOR - 100 Days of Running' in a whole new avatar turning 100 days of movement into habits for life,https://www.thehindubusinessline.com/brandhub/pr-release/procam-launches-hdor-100-days-of-running-in-a-whole-new-avatar-turning-100-days-of-movement-into-habits-for-life/article71404202.ece,cuelive,2026-08-29T10:00:31Z,steel production,Procam launches 'HDOR - 100 Days of Running' in a whole new avatar turning 100 days of movement into habits for life,BusinessLine,Unknown,News,2026-09-01T16:14:21.625759Z
bca62609866550e998959a51a105d999,John Cockerill India bags Rs 200-cr order from A1 Iron & Steel Tanzania,https://www.business-standard.com/markets/capital-market-news/john-cockerill-india-bags-rs-200-cr-order-from-a1-iron-steel-tanzania-126082900433_1.html,Capital Market,2026-08-29T09:34:02Z,steel production,"John Cockerill India secured an order worth approximately Rs 200 crore from A1 Iron & Steel Tanzania for steel processing equipment at its plant in Dodoma, Tanzania.",Business Standard,India,News,2026-09-01T16:14:21.625779Z
1447dd0654228a06f21715a1063be1aa,Procam launches 'HDOR - 100 Days of Running' in a whole new avatar turning 100 days of movement into habits for life,https://www.thehindubusinessline.com/brandhub/pr-release/procam-launches-hdor-100-days-of-running-in-a-whole-new-avatar-turning-100-days-of-movement-into-habits-for-life/article71404078.ece,cuelive,2026-08-29T09:00:31Z,steel production,Procam launches 'HDOR - 100 Days of Running' in a whole new avatar turning 100 days of movement into habits for life,BusinessLine,Unknown,News,2026-09-01T16:14:21.625802Z
b33f094ee145f512cef8d17c085f978b,Procam launches 'HDOR - 100 Days of Running' in a whole new avatar turning 100 days of movement into habits for life,https://www.thehindubusinessline.com/brandhub/pr-release/procam-launches-hdor-100-days-of-running-in-a-whole-new-avatar-turning-100-days-of-movement-into-habits-for-life/article71403953.ece,cuelive,2026-08-29T08:00:43Z,steel production,Procam launches 'HDOR - 100 Days of Running' in a whole new avatar turning 100 days of movement into habits for life,BusinessLine,Unknown,News,2026-09-01T16:14:21.625823Z
eff1002de19727db7204e9594561f249,Procam launches 'HDOR - 100 Days of Running' in a whole new avatar turning 100 days of movement into habits for life,https://www.thehindubusinessline.com/brandhub/pr-release/procam-launches-hdor-100-days-of-running-in-a-whole-new-avatar-turning-100-days-of-movement-into-habits-for-life/article71403821.ece,cuelive,2026-08-29T07:00:30Z,steel production,Procam launches 'HDOR - 100 Days of Running' in a whole new avatar turning 100 days of movement into habits for life,BusinessLine,Unknown,News,2026-09-01T16:14:21.625868Z
ad496dddcac1d42daf123a161608434f,Türkiye’s crude steel output rises 7 percent in July,https://www.hurriyetdailynews.com/turkiyes-crude-steel-output-rises-7-percent-in-july-226203,hurriyetdailynews.com,2026-08-29T06:57:16Z,steel production,"Türkiye’s crude steel production rose 7 percent year-on-year to 3.4 million tons in July, the Turkish Steel Producers Association (TÇÜD) said.",Hurriyet Daily News,Turkey,News,2026-09-01T16:14:21.625901Z
432d2c76c27dee70fbbba59f6080c652,Procam launches 'HDOR - 100 Days of Running' in a whole new avatar turning 100 days of movement into habits for life,https://www.thehindubusinessline.com/brandhub/pr-release/procam-launches-hdor-100-days-of-running-in-a-whole-new-avatar-turning-100-days-of-movement-into-habits-for-life/article71403699.ece,cuelive,2026-08-29T06:00:41Z,steel production,Procam launches 'HDOR - 100 Days of Running' in a whole new avatar turning 100 days of movement into habits for life,BusinessLine,Unknown,News,2026-09-01T16:14:21.625925Z
2c437675d25d2b18cf5efc6de74f358b,"EU energy policy undermines NATO defense readiness, Dutch military report warns",https://www.naturalnews.com/2026-08-29-eu-energy-policy-undermines-nato-defense-readiness.html,Willow Tohi,2026-08-29T06:00:00Z,steel production,"The Dutch Ministry of Defense has published an Energy Security Roadmap acknowledging that 95% of military vehicles and aircraft depend on fossil fuels. EU industrial electricity prices have risen to twice U.S. levels and 50% above China’s, undermining defense…",Naturalnews.com,China,Market Report,2026-09-01T16:14:21.625942Z
063867715f86f4a2a098a4b0c335ad93,You Don’t Wanna Mess With The Black-Dial Certina DS-2 Powermatic 80 On A Steel Mesh Bracelet,https://www.fratellowatches.com/black-dial-certina-ds-2-powermatic-80/,Lex Stolk,2026-08-29T05:00:48Z,steel production,"Yes, this watch’s origins unmistakably lie in the 1960s. Still, the black-dial Certina DS-2 on a steel mesh bracelet seems to be in the right place at the right time. Its black lacquered dial, sharp lines, and steel mesh bracelet give it a look you don’t want…",Fratellowatches.com,Unknown,News,2026-09-01T16:14:21.625994Z
99ec7b90e883b44b3c5e450caaa8cc9d,Procam launches 'HDOR - 100 Days of Running' in a whole new avatar turning 100 days of movement into habits for life,https://www.thehindubusinessline.com/brandhub/pr-release/procam-launches-hdor-100-days-of-running-in-a-whole-new-avatar-turning-100-days-of-movement-into-habits-for-life/article71403583.ece,cuelive,2026-08-29T05:00:28Z,steel production,Procam launches 'HDOR - 100 Days of Running' in a whole new avatar turning 100 days of movement into habits for life,BusinessLine,Unknown,News,2026-09-01T16:14:21.626017Z
2d0c28bf6eaa408bb336cbff7fb08d5f,"M-tron Industries Eyes 2028 Defense Boom as Missile, Radar Demand Builds",https://www.marketbeat.com/instant-alerts/event-m-tron-industries-eyes-2028-defense-boom-as-missile-radar-demand-builds-2026-08-28/?utm_source=yahoofinance&amp;utm_medium=yahoofinance,MarketBeat,2026-08-29T04:01:55Z,steel production,"M-tron Industries (NYSEAMERICAN:MPTI) said its defense, commercial aviation and RF technology businesses are positioned for continued growth, supported by de...",MarketBeat,USA,News,2026-09-01T16:14:21.626038Z
e1e73aa5e44f05afebec5f94f9a10a92,Procam launches 'HDOR - 100 Days of Running' in a whole new avatar turning 100 days of movement into habits for life,https://www.thehindubusinessline.com/brandhub/pr-release/procam-launches-hdor-100-days-of-running-in-a-whole-new-avatar-turning-100-days-of-movement-into-habits-for-life/article71403472.ece,cuelive,2026-08-29T04:00:29Z,steel production,Procam launches 'HDOR - 100 Days of Running' in a whole new avatar turning 100 days of movement into habits for life,BusinessLine,Unknown,News,2026-09-01T16:14:21.626060Z
ac846f00d62e11646a1e50866723e15a,Procam launches 'HDOR - 100 Days of Running' in a whole new avatar turning 100 days of movement into habits for life,https://www.thehindubusinessline.com/brandhub/pr-release/procam-launches-hdor-100-days-of-running-in-a-whole-new-avatar-turning-100-days-of-movement-into-habits-for-life/article71403405.ece,cuelive,2026-08-29T03:00:28Z,steel production,Procam launches 'HDOR - 100 Days of Running' in a whole new avatar turning 100 days of movement into habits for life,BusinessLine,Unknown,News,2026-09-01T16:14:21.626081Z
536ba675ef001af91ba65b6526d8129b,"Before he was old enough to drive, a 14-year-old talked a university physics department into lending him a sub-basement — the machine he assembled there fused atoms in a plasma hotter than the sun’s core and made him the youngest person ever to achieve nuclear fusion",https://spacedaily.com/b-before-he-was-old-enough-to-drive-a-14-year-old-talked-a-university-physics-department-into-lending-him-a-sub-basement-the-machine-he-assembled-there-fused-atoms-in-a-plasma-hotter-than-the/,Brendan Brown,2026-08-29T02:39:25Z,steel production,"When an elite physicist's refusal only delayed the inevitable, a teenager's obsession with nuclear fusion would rewrite what's possible in a basement laboratory.
The post Before he was old enough to drive, a 14-year-old talked a university physics department …",Space Daily,Unknown,News,2026-09-01T16:14:21.626153Z
dc6086084a67be3901659c87128d4d70,Procam launches 'HDOR - 100 Days of Running' in a whole new avatar turning 100 days of movement into habits for life,https://www.thehindubusinessline.com/brandhub/pr-release/procam-launches-hdor-100-days-of-running-in-a-whole-new-avatar-turning-100-days-of-movement-into-habits-for-life/article71403351.ece,cuelive,2026-08-29T02:00:24Z,steel production,Procam launches 'HDOR - 100 Days of Running' in a whole new avatar turning 100 days of movement into habits for life,BusinessLine,Unknown,News,2026-09-01T16:14:21.626175Z
b4250b23166eaffe8a2d2062964ac8ea,"India’s bullet train turns indigenous: Features, cost, other details about made-in-India first high-speed rail project",https://www.livemint.com/industry/infrastructure/indias-bullet-train-turns-indigenous-features-cost-other-details-about-made-in-india-first-high-speed-rail-project-11787964267622.html,Fareha Naaz,2026-08-29T01:56:53Z,steel production,"India's bullet train project, linking Ahmedabad and Mumbai, is set to launch soon after nearly ten years since its announcement. Learn more about features, cost, design and other details of made-in-India first high-speed rail project.",Livemint,India,News,2026-09-01T16:14:21.626205Z
3b51a25dc401cc74b16c2dbb54f38d88,1966 Porsche 912 Coupe 5-Speed,https://bringatrailer.com/listing/1966-porsche-912-coupe-130/,bringatrailer,2026-08-28T22:15:01Z,steel production,"This 1966 Porsche 912 coupe was built on September 17, 1965 and delivered new to Germany. The car came specified in Golf Blue and is powered by a replacement 1.6-liter flat-four mated to a five-speed manual transaxle. Equipment includes 15"" perforated steel d…",Bringatrailer.com,Germany,News,2026-09-01T16:14:21.626254Z
5e125d4ad5ae756a750abb139f10c5c3,440-Powered 1962 Dodge Dart Convertible at No Reserve,https://bringatrailer.com/listing/1962-dodge-dart-440-2/,bringatrailer,2026-08-28T21:01:01Z,steel production,"This 1962 Dodge Dart 440 convertible has been modified with the installation of a 1971-manufactured 440ci V8, which is linked to a push-button TorqueFlite three-speed automatic transmission. The car has been repainted in red with a black convertible top over …",Bringatrailer.com,Unknown,News,2026-09-01T16:14:21.626350Z
b9fefb4b1bfa505c5ea47399e7b15057,Tree Island Steel Announces the Retirement of Nancy Davies and Appointment of a New Chief Operating Officer,https://financialpost.com/globe-newswire/tree-island-steel-announces-the-retirement-of-nancy-davies-and-appointment-of-a-new-chief-operating-officer,GlobeNewswire,2026-08-28T20:47:47Z,steel production,"VANCOUVER, British Columbia, Aug. 28, 2026 (GLOBE NEWSWIRE) — Tree Island Steel (”Tree Island” or the ”Company”) (TSX: TSL) announces the upcoming retirement of Chief Operating Officer, Nancy Davies, effective October 1, 2026. Following a planned succession p…",Financial Post,UK,News,2026-09-01T16:14:21.626400Z
94d73978d0d253093118511a561d0d51,Barrick Mining (B) Has an IPO Catalyst. Newmont Corporation (NEM) Has the Cash. Which Gold Stock Wins?,https://finance.yahoo.com/markets/stocks/articles/barrick-mining-b-ipo-catalyst-194819707.html,Laiba Immad,2026-08-28T19:48:19Z,steel production,"On August 10, gold mining giants Barrick Mining Corporation (NYSE:B) and Newmont Corporation (NYSE:NEM) reached a landmark agreement to resolve all outstandi...",Yahoo Entertainment,Unknown,News,2026-09-01T16:14:21.626441Z
e9a831ecfe203d639d817530949cf327,"Harley-Davidson’s $3,299 Turntable Is Shaped Like Their Logo",https://www.yankodesign.com/2026/08/28/harley-davidsons-3299-turntable-is-shaped-like-their-logo/,Ida Torres,2026-08-28T19:20:00Z,steel production,"Harley-Davidson’s $3,299 Turntable Is Shaped Like Their LogoThe moment you see the Pro-Ject x Harley-Davidson Turntable, you know exactly what it is, and you know exactly who it is for. That kind...",Yanko Design,Unknown,News,2026-09-01T16:14:21.626484Z
d4cf8c746051c8eab488cc6c35b5a37a,Potential Sabres Trade Or Free Agent Acquisitions - Rickard Rakell,https://thehockeynews.com/nhl/buffalo-sabres/players/potential-sabres-trade-or-free-agent-acquisitions---rickard-rakell,Michael Augello,2026-08-28T18:51:53Z,steel production,33-year-old forward scored 24 goals with Pittsburgh last season,The Hockey News,Unknown,News,2026-09-01T16:14:21.626514Z
86810d2e1906985c45a68b648dfed241,1969 Ford F-250 Ranger Camper Special 4-Speed Project at No Reserve,https://bringatrailer.com/listing/1969-ford-f-250-59-2/,bringatrailer,2026-08-28T18:20:20Z,steel production,"This 1969 Ford F-250 Ranger Camper Special pickup was produced for sale in the Los Angeles district, and it is powered by a 360ci V8 linked with a four-speed manual transmission. The truck is a running and driving project that was purchased by the current own…",Bringatrailer.com,Unknown,News,2026-09-01T16:14:21.626563Z
017aec29f3b242db476310f8e925e029,"Adolescent Salvation is mostly sharp, smart—and gasp-inducing",https://chicagoreader.com/performing-arts/theater/theater-review/adolescent-salvation-theater-wit/,Catey Sullivan,2026-08-28T18:17:47Z,steel production,"Adolescent Salvation, through 10/3 at Theater Wit
The post Adolescent Salvation is mostly sharp, smart—and gasp-inducing appeared first on Chicago Reader.",Chicago Reader,Unknown,News,2026-09-01T16:14:21.626606Z
1ab41b4b5d6200a86e679c46b34aa5ba,Procam launches 'HDOR - 100 Days of Running' in a whole new avatar turning 100 days of movement into habits for life,https://www.thehindubusinessline.com/brandhub/pr-release/procam-launches-hdor-100-days-of-running-in-a-whole-new-avatar-turning-100-days-of-movement-into-habits-for-life/article71402095.ece,cuelive,2026-08-28T18:00:24Z,steel production,Procam launches 'HDOR - 100 Days of Running' in a whole new avatar turning 100 days of movement into habits for life,BusinessLine,Unknown,News,2026-09-01T16:14:21.626631Z
9391d5692c620d1fb81aec7a14d5cfb0,1969 Chevrolet Corvette Convertible L68 427/400,https://bringatrailer.com/listing/1969-chevrolet-corvette-convertible-106/,bringatrailer,2026-08-28T18:00:07Z,steel production,"This 1969 Chevrolet Corvette convertible is powered by an L68 427ci V8 with triple two-barrel carburetors and a three-speed automatic transmission. It was delivered new to Crockard-Maggini Chevrolet in Berkeley, California, and is believed to have remained in…",Bringatrailer.com,Unknown,News,2026-09-01T16:14:21.626680Z
4fe53ad97045b19f6f79133c50762782,KKR Wants to Buy a Sleepy Utility for $9 Billion,https://finance.yahoo.com/markets/stocks/articles/kkr-wants-buy-sleepy-utility-175115266.html,Fatima Gulzar,2026-08-28T17:51:15Z,steel production,"The Wall Street Journal reported on August 18, 2026, that KKR & Co. Inc. (NYSE:KKR) made a roughly $9 billion takeover offer for natural-gas and electricity...",Yahoo Entertainment,Unknown,Market Report,2026-09-01T16:14:21.626715Z
11d6975a6e38fced65802d2140dbd239,2006 Mini Cooper S JCW 6-Speed,https://bringatrailer.com/listing/2006-mini-cooper-s-151/,bringatrailer,2026-08-28T17:40:13Z,steel production,"This 2006 Mini Cooper S left the factory configured with almost $13k of options, including the John Cooper Tuning Kit, automatic climate control, a Harman Kardon sound system, an Anthracite headliner, and the Sport and Convenience Packages, which together out…",Bringatrailer.com,Unknown,News,2026-09-01T16:14:21.626761Z
0e6c62abc4d4d01ecc413c209bc87f27,NPC Urges Swift Action to Assess America's Subsurface Resources and Secure Competitiveness,https://www.prnewswire.com/news-releases/npc-urges-swift-action-to-assess-americas-subsurface-resources-and-secure-competitiveness-302865073.html,,2026-08-31T16:00:00Z,coal demand,"Newest NPC Report Requested by Energy Secretary Wright Calls for Integrated Assessment of Energy and Minerals like Oil, Natural Gas, Coal, Critical Minerals, Geothermal, Geologic Hydrogen, and Storage Resources. WASHINGTON, Aug. 31, 2026 /PRNewswire/ -- Today…",PRNewswire,USA,Market Report,2026-09-01T16:14:22.021435Z
27e0db751fc28f337c7b51b2dfb59b3d,The Memory Shortage Isn’t Close to Ending — Samsung Just Locked Up 70% of HBM Capacity Through 2031,https://247wallst.com/investing/2026/08/31/the-memory-shortage-isnt-close-to-ending-samsung-just-locked-up-70-of-hbm-capacity-through-2031/,Rich Duprey,2026-08-31T15:52:33Z,coal demand,"Microsoft, Nvidia, and Google are quietly signing deals that stretch nearly a decade into the future, and the reason why tells you everything about where the...",24/7 Wall St.,Unknown,News,2026-09-01T16:14:22.021497Z
3301113c93ecea602021660506b33d34,China Coking Coal Prices Set for Record 46% Monthly Surge,https://oilprice.com/Latest-Energy-News/World-News/China-Coking-Coal-Prices-Set-for-Record-46-Monthly-Surge.html,Michael Kern,2026-08-31T15:30:00Z,coal demand,"Supply issues have been tightening the Chinese coking coal market for months, pushing the price of the key steelmaking raw material a record 46% in August alone, the biggest surge on record. Coking coal futures on China’s Dalian exchange were rising by 6% on …",OilPrice.com,China,Market Report,2026-09-01T16:14:22.021515Z
44180f27c0862ef5632000285b59afd3,"CCL eviction notices to over 1,000 families trigger protest in Ramgarh’s Saunda-D",https://timesofindia.indiatimes.com/city/ranchi/ccl-eviction-notices-to-over-1000-families-trigger-protest-in-ramgarhs-saunda-d/articleshow/133655948.cms,The Times Of India,2026-08-31T14:30:15Z,coal demand,"CCL’s Saunda-D coal mine expansion in Ramgarh triggers protests as over 1,000 families get eviction notices; residents demand R&R benefits and compensation.",The Times of India,Unknown,News,2026-09-01T16:14:22.021568Z
c137902664a73c357abfa9c8390bebfb,"Steel prices to rise ₹2,000 a tonne on firm demand",https://www.thehindubusinessline.com/companies/steel-prices-to-rise-2000-a-tonne-on-firm-demand/article71411268.ece,Suresh P Iyengar,2026-08-31T14:10:07Z,coal demand,The supply situation has remained tight with most steel companies taking annual maintenance shutdowns in anticipation of weak demand during monsoon,BusinessLine,Unknown,Market Report,2026-09-01T16:14:22.021607Z
15816172531363ce7f868b953c38bdb5,"Tech Billionaire Gets VIP Viewing of the Bayeux Tapestry, London’s Science Museum Ends 25-Year Relationship with BP, The Met Faces Backlash Over Planned John Galliano Exhibition, and More: Morning Links for August 31, 2026",https://www.artnews.com/art-news/news/morning-links-august-31-2026-1234796275/,Francesca Aton,2026-08-31T12:44:37Z,coal demand,"London’s Science Museum Ends 25-Year Relationship with BP, the Met Faces Backlash Over Planned John Galliano Exhibition, and more art news.",ARTnews,UK,Analysis/Opinion,2026-09-01T16:14:22.021653Z
8b893ed2ec06b6e51ebe2adc80e73dca,Who are the economic winners and losers of the US-Israel war on Iran?,https://www.aljazeera.com/economy/2026/8/31/who-are-the-economic-winners-and-losers-of-the-us-israel-war-on-iran,John Power,2026-08-31T12:01:18Z,coal demand,"Airlines and automakers have taken a hit, while banks and energy firms have raked in big profits.",Al Jazeera English,Unknown,News,2026-09-01T16:14:22.021687Z
fa195ff9391a140094013355ecb3b441,Vistra Won’t Stop Declining in 2026: Why Does This Prominent Wall Street Firm Expect 120% Returns?,https://247wallst.com/investing/2026/08/31/vistra-wont-stop-declining-in-2026-why-does-this-prominent-wall-street-firm-expect-120-returns/,Alex Sirois,2026-08-31T11:32:52Z,coal demand,Vistra has shed nearly 30% over the past year while one prominent Wall Street firm just slapped a target on it that implies triple-digit gains. The reasoning...,24/7 Wall St.,Unknown,News,2026-09-01T16:14:22.021733Z
d3bda36ade8d2575163dc20bef0c06a2,Battery Energy Storage Diagnostics System Predicts Risks Before Failures,https://www.naturalnews.com/2026-08-31-battery-energy-storage-diagnostics-system-predicts-risks.html,Edison Reed,2026-08-31T06:00:00Z,coal demand,"A new battery diagnostics platform can assess operational risks in energy storage systems before failures occur, according to an announcement from the system’s developer. The system, unveiled this year, is designed for grid-scale battery energy storage system…",Naturalnews.com,Unknown,News,2026-09-01T16:14:22.021874Z
878ae58d5c7e4720b318a053b7223471,"Is $12,000 a Month Enough to Live an Upper-Class Life in Retirement? Here’s the Nest Egg You Actually Need",https://finance.yahoo.com/markets/articles/12-000-month-enough-live-223101064.html,Ivy Grace,2026-08-30T22:31:01Z,coal demand,"Retirement gets a lot more interesting when the goal isn’t simply surviving without a paycheck. At $12,000 a month, the question isn’t whether the lights wil...",Yahoo Entertainment,Unknown,News,2026-09-01T16:14:22.021923Z
d0bdc7622ead71e2b0f4da29185a5612,Victoria is about to host Australia's first offshore wind auction. But what is it?,https://www.abc.net.au/news/2026-08-31/offshore-wind-explainer-renewable-energy-australia/106745850,Danielle Pope,2026-08-30T21:38:29Z,coal demand,Offshore wind developers will now bid for Victorian government support to help deliver their projects.,ABC News (AU),Australia,News,2026-09-01T16:14:22.021940Z
62167fa992798f3d4ac07f2df09e389f,"Congressional races will impact energy affordability, reliability",https://www.wnd.com/2026/08/congressional-races-will-impact-energy-affordability-reliability/,RealClearWire,2026-08-30T19:43:23Z,coal demand,"Analysis: Biden's Inflation Reduction Act to have spent up to nearly $2 trillion on wind, solar, EVs",Wnd.com,Unknown,Analysis/Opinion,2026-09-01T16:14:22.021966Z
4b463358dcf0317bf63a53a097bc3101,From Miscarriages To Judgement Day: We Took A Look At All The AI Takes The Internet Has To Offer,https://dailycaller.com/2026/08/30/artificial-intelligence-takes-mistruths-aquifers-power-bills-skynet-chris-johnson,Dylan Kresak,2026-08-30T18:15:10Z,coal demand,AI has sparked widespread concern about its potential effects — though the evidence for some of the most alarming predictions remains less certain.,The Daily Caller,Unknown,Analysis/Opinion,2026-09-01T16:14:22.022005Z
8eb711a9e57a31d70914374ed3b13d78,"Woman, 33, Got A $60,000 Bonus And Wants Real Estate Exposure Without Buying A House — Her Parents Are Furious She Won't 'Just Buy Something Already'",https://finance.yahoo.com/real-estate/articles/woman-33-got-60-000-180039146.html,Ivy Grace,2026-08-30T18:00:39Z,coal demand,"A 33-year-old woman says she received a $60,000 bonus after a major project at work was successfully completed. When she told her parents she planned to put...",Yahoo Entertainment,Unknown,News,2026-09-01T16:14:22.022052Z
9608d0d1882c37424416eaf683156d00,She Was Thrilled About Her New Car Until Friends Started Looking at the Numbers. 'My Dad Did Most of the Talking and Negotiating',https://finance.yahoo.com/markets/articles/she-thrilled-her-car-until-160111747.html,Adrian Volenik,2026-08-30T16:01:11Z,coal demand,"Buying her first new car should have been an exciting milestone for one 20-year-old. Her old car had developed transmission problems, and after her dad sugge...",Yahoo Entertainment,Unknown,News,2026-09-01T16:14:22.022096Z
56c0a4c3cb64be73e5196abc6869669e,Saudi Arabia Backs Turkey’s Rapid Renewable Energy Buildout,https://oilprice.com/Energy/Energy-General/Saudi-Arabia-Backs-Turkeys-Rapid-Renewable-Energy-Buildout.html,Felicity Bradstock,2026-08-30T15:00:00Z,coal demand,"Turkey and Saudi Arabia have announced ambitious plans to cooperate on renewable energy, as both countries aim to deploy vast amounts of clean power. Saudi Arabia has already invested heavily in Turkey’s solar power sector and aims to deepen its energy partne…",OilPrice.com,Turkey,News,2026-09-01T16:14:22.022139Z
959ebd718f1dd0120e37b97fccb4b7b5,West Virginia looks to AI data center boom to help eliminate state income tax,https://www.foxnews.com/politics/west-virginia-looks-ai-data-center-boom-help-eliminate-state-income-tax,,2026-08-30T12:00:14Z,coal demand,Gov. Patrick Morrisey's seven-point plan would dedicate 50% of hyperscale data center revenue to reducing and eliminating West Virginia's income tax.,Fox News,Unknown,News,2026-09-01T16:14:22.022178Z
c1155ae04c04a774778a7f04771faa3c,"GST Council set to tackle compliance, inverted duty structure; mobile phone rate cut also on radar",https://www.thehindubusinessline.com/economy/gst-council-set-to-tackle-compliance-inverted-duty-structure-mobile-phone-rate-cut-also-on-radar/article71407063.ece,Shishir Sinha,2026-08-30T07:25:52Z,coal demand,An overhaul of compliance procedures and a targeted rate cut on mobile phones take centre stage as the GST Council prepares to meet on September 12 after a 374-day hiatus.,BusinessLine,Unknown,News,2026-09-01T16:14:22.022219Z
089ac303fe0829871aac3a2050076937,What Happened To The So-Called AI Job Apocalypse?,https://freerepublic.com/focus/f-bloggers/4393620/posts,Real Clear Markets,2026-08-30T04:48:14Z,coal demand,"A recent report from Stanford reviewed the latest employment data and found that, so far, AI has not resulted in large scale job destruction. Meanwhile, new hiring data from the Economic Times reveals that AI is actively fueling unprecedented job creation, wi…",Freerepublic.com,Unknown,Analysis/Opinion,2026-09-01T16:14:22.022261Z
fb47bed136ce4d055ebd15ff537cbc1f,"While we're ordered to not use hosepipes, a single artificial intelligence data centre can use the same amount of H2O as 3,000 homes. That's why the drive to turn Britain into an AI superpower could leave us gasping for water",https://www.dailymail.com/news/article-16089951/While-ordered-not-use-hosepipes-single-artificial-intelligence-data-centre-use-H2O-3-000-homes-Thats-drive-turn-Britain-AI-superpower-leave-gasping-water.html,Ross Clark,2026-08-29T21:01:49Z,coal demand,A data centre's water consumption goes up massively during the hot summer weather - at precisely the time water is most likely to be in short supply,Dailymail.com,UK,News,2026-09-01T16:14:22.022320Z
2a609f13cb66a1b64c72454a0e387d14,Solar Has Crossed a Critical Economic Tipping Point,https://oilprice.com/Alternative-Energy/Solar-Energy/Solar-Has-Crossed-a-Critical-Economic-Tipping-Point.html,Leon Stille,2026-08-29T21:00:00Z,coal demand,"For years, the economic case for solar came with an awkward qualification. Yes, it had no fuel bill. Yes, its operating costs were low. And yes, over the life of a project it could already produce cheaper electricity than a new coal or gas plant. But first, s…",OilPrice.com,Unknown,News,2026-09-01T16:14:22.022370Z
e1e8d6062d9ef57605adf248bb3ec266,Solar Has Crossed a Critical Economic Tipping Point,https://finance.yahoo.com/energy/articles/solar-crossed-critical-economic-tipping-210000010.html,Leon Stille,2026-08-29T21:00:00Z,coal demand,"Solar now requires no more upfront capital than coal or gas to produce the same annual electricity, reversing a disadvantage that was as large as five-to-one...",Yahoo Entertainment,Unknown,News,2026-09-01T16:14:22.022409Z
9fcc2ec25bd3e2cbf7dae4c2de4b4a92,"'Institutions Are Buying Real Estate,' Says Grant Cardone. He Asks, 'What Do They Know That You Don't Know?'",https://finance.yahoo.com/real-estate/articles/institutions-buying-real-estate-says-173025520.html,Adrian Volenik,2026-08-29T17:30:25Z,coal demand,"While high prices, borrowing costs and uncertainty have given plenty of would-be real estate investors reasons to wait, real estate investor Grant Cardone is...",Yahoo Entertainment,Unknown,Market Report,2026-09-01T16:14:22.022445Z
e959d3ee9698728c8631862940aa7370,"Husband, 38, Wants Wife To Use Her $1.1 Million Settlement To Pay Off Their Mortgage — ‘That's Not Our Money. It’s Mine.’",https://finance.yahoo.com/markets/articles/husband-38-wants-wife-her-170039374.html,Jeannine Mancini,2026-08-29T17:00:39Z,coal demand,A seven-figure check can solve a lot of problems. It can also create a brand-new one when two spouses disagree about whose problems it should solve. A 38-yea...,Yahoo Entertainment,Unknown,News,2026-09-01T16:14:22.022491Z
1bbbbda865cb77935e863a5054b56638,Congressional Races Will Impact Energy Affordability and Reliability,https://wattsupwiththat.com/2026/08/29/congressional-races-will-impact-energy-affordability-and-reliability/,Guest Blogger,2026-08-29T17:00:00Z,coal demand,"Pro-energy policies make the U.S. the world’s largest producer of oil and natural gas, help facilitate a revival of our environmentally friendly nuclear energy industry, and recognize the importance of keeping existing coal plants online to keep the lights on…",Wattsupwiththat.com,Unknown,News,2026-09-01T16:14:22.022546Z
06be4b32acf95231b7509d61e1958ab5,I’m 38 and My Dad Promised Me Our $600K Family House Great-Grandpa Built — Then He Left It to His New Wife. ‘You’re My Kid. Buy Your Own House’,https://finance.yahoo.com/real-estate/articles/m-38-dad-promised-600k-143108640.html,Jeannine Mancini,2026-08-29T14:31:08Z,coal demand,"Some family homes carry more than a mortgage. They carry decades of memories, family history and, sometimes, expectations about who gets the keys next. For a...",Yahoo Entertainment,Unknown,News,2026-09-01T16:14:22.022592Z
37fb4e574c5e99ba92cf14601ab777d6,"The AI boom hasn’t stopped U.S. companies from hiring cheap offshore labor, and overseas call center employment is still skyrocketing",https://fortune.com/article/why-hasnt-ai-boom-displaced-call-center-workers-employment-offshoring-india-philippines/,Sasha Rogelberg,2026-08-29T13:08:48Z,coal demand,"“The technology that was supposed to shrink the industry is fueling its expansion,” said Apollo chief economist Torsten Slok.",Fortune,Unknown,News,2026-09-01T16:14:22.022663Z
5ae96907b5b68df226da9c88e81ce5d4,"In Ohio, Canada-U.S. trade war sparks anger and uncertainty",https://www.cbc.ca/news/world/in-ohio-canada-u-s-trade-war-sparks-anger-and-uncertainty-9.7324331,Katie Nicholson,2026-08-29T08:00:00Z,coal demand,"Youngstown, Ohio, sits in a wider congressional district known as OH-6, which exports more than $820 million US in goods to Canada every year. While not all of its imports and exports are caught in the crosshairs of the escalating U.S-Canadian tariffs, a prol…",CBC News,Unknown,News,2026-09-01T16:14:22.022715Z
13cd958f5df5eae16832a202f666163b,China's Solar Boom Hits A Wall As Industry Losses Mount,https://freerepublic.com/focus/f-chat/4393518/posts,Oil Price,2026-08-29T04:45:43Z,coal demand,"Three of China's top solar market players reported deepening losses over the first half of the year, reflecting weakening demand for solar in the world's top manufacturer and generator.Jinko Solar, JA Solar Technology, and Tongwei all reported six-month losse…",Freerepublic.com,China,Market Report,2026-09-01T16:14:22.022752Z
c77acfa8b70f4b62e9d6bc48f0bcf2ec,"'There Is No Hope for Normal People,' as 'Total Dumps' Start at $500K and Have Bidding Wars. How Is Anyone Buying a House in This Economy?",https://finance.yahoo.com/real-estate/articles/no-hope-normal-people-total-223041350.html,Adrian Volenik,2026-08-28T22:30:41Z,coal demand,Looking at homes for sale can make it seem as though everyone except you has somehow found a pile of money. One would-be buyer recently described browsing Zi...,Yahoo Entertainment,Unknown,News,2026-09-01T16:14:22.022794Z
7d819715c76bc1e955909414b6c7b9ee,Oil Shrugs Off Trump’s ‘Toughest Sanctions in History’,https://finance.yahoo.com/energy/articles/oil-shrugs-off-trump-toughest-155522337.html,Tom Kool,2026-08-28T15:55:22Z,coal demand,Oil holds near $90 despite sweeping Iran sanctions as uncertainty over Hormuz transits keeps markets on edge.,Yahoo Entertainment,Unknown,Market Report,2026-09-01T16:14:22.022870Z
c48fbade9bb5feac35324c78d6ac8357,Oil Shrugs Off Trump’s ‘Toughest Sanctions in History’,https://oilprice.com/Energy/Crude-Oil/Oil-Shrugs-Off-Trumps-Toughest-Sanctions-in-History.html,Tom Kool,2026-08-28T15:55:22Z,coal demand,"Oil holds near $90 despite sweeping Iran sanctions as uncertainty over Hormuz transits keeps markets on edge. Friday, August 28, 2026 The US announcement of ‘toughest sanctions in history’ against Iran did relatively little to push oil prices away from their …",OilPrice.com,Unknown,Market Report,2026-09-01T16:14:22.022908Z
b45eb697625c66c1a128963506d51312,Advocates take Department of Energy to court over unlawful Orlando area coal plant extension,https://www.edf.org/media/advocates-take-department-energy-court-over-unlawful-orlando-area-coal-plant-extension,cgreen,2026-08-28T15:13:03Z,coal demand,Forcing the coal plant to remain online threatens to raise electricity bills and worsen air quality in Central Florida,Environmental Defense Fund,Unknown,News,2026-09-01T16:14:22.022945Z
156f2d38a9d64a08b1a59c4790045be8,"From old economy to niche players, the IPO market is different, healthier",https://www.thehindubusinessline.com/markets/from-old-economy-to-niche-players-the-ipo-market-is-different-healthier/article71400346.ece,KS Badri Narayanan,2026-08-28T13:26:56Z,coal demand,"India's IPO market is thriving with diverse industrial and niche companies, signaling a healthy shift from traditional patterns.",BusinessLine,India,Market Report,2026-09-01T16:14:22.022960Z
e2d5ceed7d1c709efd42e81903576ba8,War in Iran Continues to Drive Interest in Renewables,https://www.insurancejournal.com/news/international/2026/08/28/883229.htm,Admin,2026-08-28T12:00:32Z,coal demand,"Six months after US-Israeli strikes disrupted Middle Eastern fossil fuel production and turned the Strait of Hormuz into a naval battleground, the world is getting a fuller picture of how the Iran war has reshaped the economics of energy. A …",Insurance Journal,Unknown,News,2026-09-01T16:14:22.023011Z
f207bc77f54545fd22ab1647515148b9,Renewables accounted for a record one-fifth of India’s power generation in July,https://www.thehindubusinessline.com/economy/renewables-accounted-for-a-record-one-fifth-of-indias-power-generation-in-july/article71399940.ece,Rishi Ranjan Kala,2026-08-28T10:53:32Z,coal demand,"In July 2026, renewables reached 20% of India's power generation amid record power demand and declining coal reliance.",BusinessLine,India,News,2026-09-01T16:14:22.023034Z
6e50e7bef9cf4cdbf91a83a1df3b6e43,FreightCar America Eyes Railcar Rebound After Major Market Share Gains,https://www.marketbeat.com/instant-alerts/event-freightcar-america-eyes-railcar-rebound-after-major-market-share-gains-2026-08-28/?utm_source=yahoofinance&amp;utm_medium=yahoofinance,MarketBeat,2026-08-28T09:01:57Z,coal demand,Freightcar America (NASDAQ:RAIL) is positioning itself to expand its presence in railcar manufacturing and aftermarket components as management sees railcar...,MarketBeat,USA,Market Report,2026-09-01T16:14:22.023052Z
5fe447e740202e735ff43cfd0d8f2163,The rush to power data centers is weakening the Clean Air Act,https://grist.org/regulation/the-rush-to-power-data-centers-is-weakening-the-clean-air-act/,Emily Jones,2026-08-28T08:45:00Z,coal demand,New guidance from the EPA takes away one of the most reliable tools for tracking pollution from power plants — and encourages data centers to build their own.,Grist,Unknown,News,2026-09-01T16:14:22.023094Z
05a196d020575bff1e3f43a8c4537591,China’s Solar Boom Hits a Wall as Industry Losses Mount,https://oilprice.com/Latest-Energy-News/World-News/Chinas-Solar-Boom-Hits-a-Wall-as-Industry-Losses-Mount.html,Irina Slav,2026-08-28T08:15:00Z,coal demand,"Three of China’s top solar market players reported deepening losses over the first half of the year, reflecting weakening demand for solar in the world’s top manufacturer and generator. Jinko Solar, JA Solar Technology, and Tongwei all reported six-month loss…",OilPrice.com,China,Market Report,2026-09-01T16:14:22.023114Z
29174ebc3049cac7a21efa9a1776c1d7,"‘Rich Dad, Poor Dad’ Author Robert Kiyosaki Warns 401(k) and IRA Investors ‘We May Be on the Brink of Another 1929 Crash’ — Wishes You ‘Good Luck’",https://finance.yahoo.com/markets/stocks/articles/rich-dad-poor-dad-author-000139273.html,Ivy Grace,2026-08-28T00:01:39Z,coal demand,"For some investors, a market correction means a rough week on Wall Street. For the ""Rich Dad, Poor Dad"" author Robert Kiyosaki, it can sound like the opening...",Yahoo Entertainment,Unknown,Market Report,2026-09-01T16:14:22.023156Z
8d4cfe82893fc9b40f4a4b81adef89b7,Elon’s Favorite Sci-Fi Prophet Was Wrong,https://niallferguson.substack.com/p/elons-favorite-sci-fi-prophet-was,"August 28, 2026",2026-08-28T00:00:00Z,coal demand,"Forget about an AI utopia of effortless abundance. Get ready for the messy, unintended consequences foreseen by science fiction’s arch-realist.",Substack.com,Unknown,News,2026-09-01T16:14:22.023194Z
8747112b3130c50dcd06aa9642cae18a,"EXCLUSIVE: Nvidia GPUs Are Essential—But They Won't Decide Who Wins AI Drug Discovery, Generate CTO Says",https://finance.yahoo.com/technology/ai/articles/exclusive-nvidia-gpus-essential-wont-233112226.html,Surbhi Jain,2026-08-27T23:31:12Z,coal demand,"Nvidia Corp‘s GPUs have become the backbone of artificial intelligence, but they won’t be enough to determine the winners in AI-driven drug discovery. In an...",Yahoo Entertainment,Unknown,News,2026-09-01T16:14:22.023241Z
a1155f3cc7f960a9fc548b2bc5cfad2f,EXCLUSIVE: How Do You Value a Robotics Company? Revenue Matters Less Than Most Investors Think,https://finance.yahoo.com/technology/ai/articles/exclusive-value-robotics-company-revenue-223113821.html,Surbhi Jain,2026-08-27T22:31:13Z,coal demand,"Valuing a humanoid robotics company isn’t as straightforward as applying a revenue multiple. In an exclusive email interview with Benzinga, RoboStrategy, Inc...",Yahoo Entertainment,Unknown,Analysis/Opinion,2026-09-01T16:14:22.023278Z
a4bf87d175bd96263d5c27909f0e36ab,AI Bubble Could Be Ready to Pop and Jim Cramer May Be the Warning Sign,https://finance.yahoo.com/technology/ai/articles/ai-bubble-could-ready-pop-220103672.html,Chris Katje,2026-08-27T22:01:03Z,coal demand,The rising values of artificial intelligence stocks and their outperformance compared to other S&P 500 stocks in 2026 has former hedge fund manager Whitney T...,Yahoo Entertainment,Unknown,News,2026-09-01T16:14:22.023324Z
65332a3a01c2ac399ce553fe638b6403,"Utility Customers Could Save Millions from Dominion Coal Plant Retirements, New Expert Analysis Shows",https://cleantechnica.com/2026/08/27/utility-customers-could-save-millions-from-dominion-coal-plant-retirements-new-expert-analysis-shows/,Sierra Club,2026-08-27T21:51:55Z,coal demand,"Grid Reliability Would Remain Strong After Planned Retirements of Wateree & Williams Coal Plants COLUMBIA, S.C. — Expert analysis filed Wednesday reveals that Dominion Energy’s new long-range energy plan will generate far more electricity than it needs by 203…",CleanTechnica,Unknown,Analysis/Opinion,2026-09-01T16:14:22.023369Z
c1b82220a5e318c79cad231775893384,Nvidia's AI Chips Are Making Liquid Cooling the New Standard as Cisco Expands Its AI Bet,https://finance.yahoo.com/technology/ai/articles/nvidias-ai-chips-making-liquid-213103744.html,Surbhi Jain,2026-08-27T21:31:03Z,coal demand,"Nvidia Corp‘s next AI breakthrough may not be inside its chips—it could be in how they’re cooled. Cisco Systems, Inc‘s latest expansion of its AI infrastruct...",Yahoo Entertainment,Unknown,News,2026-09-01T16:14:22.023411Z
ba1887132920925d8642d3dc04cf548b,Coming soon: Trump administration attacks on protections against climate pollution from power plants,https://www.edf.org/media/coming-soon-trump-administration-attacks-protections-against-climate-pollution-power-plants,sstein,2026-08-27T20:41:44Z,coal demand,These actions could leave us with no national limits on the amount of climate change-causing pollution that power plants can put into our air.,Environmental Defense Fund,Unknown,News,2026-09-01T16:14:22.023498Z
4170b97b086b195ac32e88aa15fa9a1d,"A Gen Xer Asked, Are You Better Off Than Your Parents Were? 'I Have More Money Than They Did. But They Had Lives,' One Answer Hit Hard",https://finance.yahoo.com/real-estate/articles/gen-xer-asked-better-off-203101857.html,Adrian Volenik,2026-08-27T20:31:01Z,coal demand,"A younger Gen Xer recently asked a deceptively simple question: Are you better off than your parents were at your age? Born in 1976, the Reddit poster said t...",Yahoo Entertainment,Unknown,News,2026-09-01T16:14:22.023540Z
2288b6f9639a30b724a1121d9d674dc9,NuScale Power Is Launching AI Tools for Nuclear Power. How to Play SMR Stock Here.,https://www.barchart.com/story/news/4239486/nuscale-power-is-launching-ai-tools-for-nuclear-power-how-to-play-smr-stock-here,Anushka Dutta,2026-08-27T19:54:29Z,coal demand,NuScale Power is launching AI tools to support its groundbreaking SMR technology.,Barchart.com,Unknown,News,2026-09-01T16:14:22.023571Z
e25b92d1ac3641e3f765e194c28c73b0,"Centre allows imported coal in Rs 37,500-crore gasification scheme",https://economictimes.indiatimes.com/industry/energy/centre-allows-imported-coal-in-rs-37500-crore-gasification-scheme/articleshow/133576947.cms,Prashant Mukherjee,2026-08-27T18:54:45Z,coal demand,"The government permits imported coal for gasification projects under a new scheme. This initiative aims to convert coal into valuable chemicals and fuels. Developers will arrange their own fuel supply, with no domestic coal guarantee provided. Foreign compani…",The Times of India,Unknown,News,2026-09-01T16:14:22.023622Z
7d998abb4f939e085dbfd98ff79055a1,"Singareni, KPCL to explore JV for captive coal mining",https://timesofindia.indiatimes.com/city/hyderabad/singareni-kpcl-to-explore-jv-for-captive-coal-mining/articleshow/133576069.cms,Koride Mahesh,2026-08-27T18:06:55Z,coal demand,"Telangana Dy CM Bhatti invites Karnataka to form Singareni-KPCL JV for captive coal mining, boosting coal supply for growing power demand and plants.",The Times of India,Unknown,News,2026-09-01T16:14:22.023656Z
e0f05aaf95fc4164c7067894f7cd51c0,"Stanley Druckenmiller Used AI to Fire Back at Scott Bessent—Anthony Pompliano Says Clash Could Be a Masterful Game of 'Chess, Not Checkers'",https://finance.yahoo.com/technology/ai/articles/stanley-druckenmiller-used-ai-fire-173105506.html,Ananya Gairola,2026-08-27T17:31:05Z,coal demand,Stanley Druckenmiller’s AI-assisted criticism of Treasury Secretary Scott Bessent’s bond-buyback strategy has sparked a theory from Anthony Pompliano that th...,Yahoo Entertainment,Unknown,News,2026-09-01T16:14:22.023704Z
e829ee5a9ff1ff9082b88de1d8226fdc,Kevin O’Leary Says Golf Courses Use More Water Than Data Centers So ‘Why Aren’t We Shutting All the Golf Courses Down?’,https://finance.yahoo.com/technology/ai/articles/kevin-o-leary-says-golf-170049028.html,Jeannine Mancini,2026-08-27T17:00:49Z,coal demand,"Data centers have become an easy target in the fight over water, power and the rapid expansion of artificial intelligence. ""Shark Tank"" investor Kevin O’Lear...",Yahoo Entertainment,Unknown,News,2026-09-01T16:14:22.023749Z
510afe771f9d7a48b39aa5d7edf4d9fb,45 Power Plants in India Running on Critically Low Levels of Coal Stocks,https://oilprice.com/Latest-Energy-News/World-News/45-Power-Plants-in-India-Running-on-Critically-Low-Levels-of-Coal-Stocks.html,Charles Kennedy,2026-08-27T16:30:00Z,coal demand,"As many as 45 coal-fired power plants in India are currently operating with critically low levels of coal stocks, as electricity demand rises amid the strong El Nino but supply is disrupted by monsoon rains, Reuters reported on Thursday, citing government dat…",OilPrice.com,India,Market Report,2026-09-01T16:14:22.023775Z
df6aca1dbde813d55e62bfa714325437,"Top Business & Market Headlines Today — BL Morning Report, August 28, 2026",https://www.thehindubusinessline.com/multimedia/audio/top-business-market-headlines-today-bl-morning-report-august-28-2026/article71397160.ece,Siddharth Mathew Cherian,2026-08-27T16:18:15Z,coal demand,"BL Morning Report, August 28, 2026: Get today’s top business news, market headlines about the Stock Market, Sensex & Nifty trends, key market insights, economic highlights, and the latest updates from India and global markets.",BusinessLine,India,Analysis/Opinion,2026-09-01T16:14:22.023795Z
0ed2f95ab7184306aa5e3d9b5f5c1e8f,I Don't Expect My Parents to Set Me Up With Millions When They Die. I Want Them to Enjoy Every Penny They Worked For,https://finance.yahoo.com/small-business/articles/dont-expect-parents-set-millions-151554401.html,Adrian Volenik,2026-08-27T15:15:54Z,coal demand,A Gen Xer knows there will probably be money left when their parents die. They just wish their parents would spend it first. “I would rather have them spend...,Yahoo Entertainment,Unknown,News,2026-09-01T16:14:22.023839Z
6f85474b4e6f53db78950d6ce015f975,"Elon Musk Says 1 Million Optimus Robots, 1 GW of Solar Could Drive Galaxy-Wide Expansion As SpaceX's Starbase Louisiana Targets First Launch in 2029",https://finance.yahoo.com/technology/ai/articles/elon-musk-says-1-million-150118977.html,Badar Shaikh,2026-08-27T15:01:18Z,coal demand,Space Exploration Technologies Corp. CEO Elon Musk has reaffirmed talks of Tesla Inc.‘s Optimus becoming the first-ever “Von Neumann” machine as SpaceX unvei...,Yahoo Entertainment,Unknown,News,2026-09-01T16:14:22.023915Z
8365adafff5426162d2f24c6a14cf6de,Surge in cooling demand leaves 28% of thermal power plants with critical coal deficit,https://www.thehindubusinessline.com/companies/surge-in-cooling-demand-leaves-28-of-thermal-power-plants-with-critical-coal-deficit/article71396973.ece,Rishi Ranjan Kala,2026-08-27T14:47:51Z,coal demand,"More than 63 gigawatts (GW) of thermal power capacity, accounting for over 28 per cent of India’s roughly 224 GW of coal-fired capacity under operation, is facing critically low coal stocks at the plant end averaging at just four days",BusinessLine,India,News,2026-09-01T16:14:22.023941Z
52ad7b2b58ea94ced8b2f5dde81e7cfe,"Jim Cramer Sees 'No Real Competitors' to Nvidia, Even as Sam Altman Says OpenAI 'Made a Chip and It Is Fast'",https://finance.yahoo.com/technology/ai/articles/jim-cramer-sees-no-real-143048375.html,Ananya Gairola,2026-08-27T14:30:48Z,coal demand,OpenAI says its new Jalapeño AI chip could significantly reduce the cost of running artificial intelligence by delivering substantially higher efficiency and...,Yahoo Entertainment,Unknown,News,2026-09-01T16:14:22.023983Z
21b9e5fec96687c662fd4d9bc4aaed9c,Big Tech Loved Green Energy–Until It Needed Reliable Power,https://www.dailysignal.com/2026/08/27/big-tech-loved-green-energy-reliable-power-energy/,Jarrett Stepman,2026-08-27T13:35:00Z,coal demand,"For years, America’s biggest technology companies were the loudest corporate cheerleaders for wind and solar. Microsoft pledged to match its electricity use with 100% renewable energy and to become carbon negative by 2030. Meta joined RE100, the global corpor…",Daily Signal,USA,News,2026-09-01T16:14:22.024014Z
49594f3f1b644ab98a5347613ce66b70,"45 Indian coal power plants have critically low fuel, government data shows",https://www.business-standard.com/industry/news/45-indian-coal-power-plants-have-critically-low-fuel-government-data-shows-126082700588_1.html,Reuters,2026-08-27T12:12:08Z,coal demand,"Heavy rainfall in some of the key coal-rich Indian states, including Odisha, Jharkhand and Chhattisgarh has hit mining and slowed the transportation of the fuel for power plants, industry sources said",Business Standard,India,News,2026-09-01T16:14:22.024034Z
52f22d2c5570445d94e523b192c4ce1d,Daqo (DQ) Cuts Its Losses While Betting On An AI Pivot,https://finance.yahoo.com/technology/ai/articles/daqo-dq-cuts-losses-while-115328641.html,Maham Fatima,2026-08-27T11:53:28Z,coal demand,"On August 20, Daqo New Energy (NYSE:DQ) held its second-quarter earnings call, and the numbers told two stories at once. The polysilicon business is still bl...",Yahoo Entertainment,Unknown,News,2026-09-01T16:14:22.024069Z
d9c044a84d5b177d1e30ef5ef3c23c57,India Inc revenue growth to moderate to 13-15 pc in Q2; margins to contract: Report,https://economictimes.indiatimes.com/news/economy/indicators/india-inc-revenue-growth-to-moderate-to-13-15-pc-in-q2-margins-to-contract-report/articleshow/133566836.cms,PTI,2026-08-27T11:32:04Z,coal demand,India Inc's revenue growth is projected to contract to fifteen percent in the September quarter. Operating profit margins are expected to compress by over one percentage point. Domestic consumption sectors show better growth than export-linked ones. Below-nor…,The Times of India,India,Market Report,2026-09-01T16:14:22.024093Z
0ab526b477e704b0384402aa1169d355,"Sensex today | Stock Market Highlights: Sensex slips below 77,000, Nifty ends at 24,091 amid market volatility",https://www.thehindubusinessline.com/markets/sensex-nifty50-today-stock-market-highlights-27th-august-2026/article71392989.ece,"Team BL, KS Badri Narayanan",2026-08-27T10:58:25Z,coal demand,"Sensex, Nifty, Share Prices Highlights: Indian equities closed lower on Thursday as traders navigated expiry-related volatility and persistent geopolitical uncertainty, with the Sensex slipping below 77,000 and the Nifty ending near 24,091 despite supportive …",BusinessLine,India,Market Report,2026-09-01T16:14:22.024116Z
e22eb6af1c40114c9e1b0d01082c4ca3,"Jason Calacanis Says TSLA's Optimus Will Eclipse AAPL's iPhone, Predicts 1 Billion Robots By 2036",https://finance.yahoo.com/technology/ai/articles/jason-calacanis-says-tslas-optimus-104545326.html,Shomik Sen Bhattacharjee,2026-08-27T10:45:45Z,coal demand,"Venture capitalist Jason Calacanis predicts Tesla Inc. will turn its Optimus humanoid robot into a product bigger than Apple Inc.’s iPhone, forecasting 1 bil...",Yahoo Entertainment,Unknown,Analysis/Opinion,2026-09-01T16:14:22.024153Z
0387cae8ff29649cdde305af09c2e048,India Inc’s revenue growth to moderate to 13-15% in Q2 FY27; margins under pressure: ICRA,https://economictimes.indiatimes.com/markets/stocks/news/india-incs-revenue-growth-to-moderate-to-13-15-in-q2-fy27-margins-under-pressure-icra/articleshow/133564909.cms,Somanjali Das,2026-08-27T10:12:04Z,coal demand,"India Inc’s revenue growth is expected to moderate to 13-15% in Q2 FY27 from 21.3% in Q1, ICRA said. Higher input costs could squeeze margins, while domestic consumption supports growth and weak global demand pressures export-oriented sectors.",The Times of India,India,News,2026-09-01T16:14:22.024184Z
ad372c5eacfe83f661633a132ecbccfc,"Goldman Sachs Executive Sounds The Alarm, Warns AI Could Cause 'Cognitive Atrophy' on Wall Street: 'There’s a Huge Danger Here'",https://finance.yahoo.com/technology/ai/articles/goldman-sachs-executive-sounds-alarm-094605375.html,Namrata Sen,2026-08-27T09:46:05Z,coal demand,"Chris Churchman, head of Goldman Sachs’ Marquee digital platform for institutional and corporate clients, voiced concerns over the growing influence of artif...",Yahoo Entertainment,Unknown,News,2026-09-01T16:14:22.024235Z
d5f7929e5beb0c91674e1b6446de4e8e,"On Louisiana’s disappearing coast, a natural gas terminal is poised to become the largest in the US",https://grist.org/business/trump-energy-emergency-plaquemines-lng-export-louisiana/,Tristan Baurick,2026-08-27T08:30:00Z,coal demand,"Fast-tracked by the Trump administration, the $18 billion expansion would more than double the size of Plaquemines LNG.",Grist,Unknown,News,2026-09-01T16:14:22.024277Z
619c780394fa236977f90960ffc741a3,"On Louisiana’s disappearing coast, a natural gas terminal is poised to become the largest in the US",https://grist.org/energy/trump-energy-emergency-plaquemines-lng-export-louisiana/,Tristan Baurick,2026-08-27T08:30:00Z,coal demand,"Fast-tracked by the Trump administration, the $18 billion expansion would more than double the size of Plaquemines LNG.",Grist,Unknown,News,2026-09-01T16:14:22.024312Z
7428bbb87246d043781eeeb0ac8d343c,The Dutch are filling gas wells with cement,https://www.siliconcontinent.com/p/the-dutch-are-filling-gas-wells-with,Pieter Garicano,2026-08-27T08:28:31Z,coal demand,On the politics of irreversible decisions,Siliconcontinent.com,Unknown,News,2026-09-01T16:14:22.024337Z
c127d2d3a6ad8db8f0b8592d93f20b52,"45 Indian coal power plants have critical low fuel, government data shows",https://economictimes.indiatimes.com/industry/indl-goods/svs/metals-mining/45-indian-coal-power-plants-have-critical-low-fuel-government-data-shows/articleshow/133562271.cms,Reuters,2026-08-27T08:27:59Z,coal demand,"Forty-five Indian power plants operate with critically low coal inventories now.  Monsoon rains disrupt supplies and electricity demand rises amid hotter weather.  Coal stocks have fallen significantly, impacting operational requirements for power generation.…",The Times of India,India,News,2026-09-01T16:14:22.024366Z
563acf9311ecde710991a697915ac3c1,45 Indian power plants face critically low coal stocks amid monsoon disruption,https://www.thehindubusinessline.com/markets/commodities/45-indian-power-plants-face-critically-low-coal-stocks-amid-monsoon-disruption/article71395553.ece,Reuters,2026-08-27T08:07:50Z,coal demand,"The supply squeeze comes as uneven rainfall and hotter weather increase dependence on coal-fired generation, particularly during periods of elevated cooling demand",BusinessLine,India,News,2026-09-01T16:14:22.024387Z
703142c0acd11831c240abb4340aa152,We’re Teaching Kids Scarcity in an Age of Abundance,https://wattsupwiththat.com/2026/08/26/were-teaching-kids-scarcity-in-an-age-of-abundance/,Guest Blogger,2026-08-27T05:00:00Z,coal demand,"Students shouldn't be left to form a worldview based on TikTok videos. We should teach them where energy comes from, how it impacts their futures, and what it will need from them. Fear is a lousy career counselor. A generation convinced the future is already …",Wattsupwiththat.com,Unknown,Analysis/Opinion,2026-09-01T16:14:22.024472Z
fe387546edb4f1de88715d1cd8c0bfb4,Australia’s backdown on data centres allows them to use energy from coal and gas. Here’s what that means,https://theconversation.com/australias-backdown-on-data-centres-allows-them-to-use-energy-from-coal-and-gas-heres-what-that-means-290613,"Ehsan Noroozinejad, Associate Professor & Global Challenge Lead, Urban Transformations Research Centre, Western Sydney University",2026-08-27T04:41:59Z,coal demand,The federal government has softened its initial renewables-only stance.,The Conversation Africa,Australia,News,2026-09-01T16:14:22.024492Z
eccffe59d417d2fe4aeae123f9d70085,"Renewable Energy Is Winning, Trump Is Losing (Shocker!)",https://cleantechnica.com/2026/08/26/renewable-energy-solar-wind-storage-us-energy-policy-trump-fail/,Tina Casey,2026-08-27T03:47:00Z,coal demand,"Renewable energy is still crushing US President Donald Trump's fossil fuel fantasy, with solar energy and energy storage making an especially strong showing.
The post Renewable Energy Is Winning, Trump Is Losing (Shocker!) appeared first on CleanTechnica.",CleanTechnica,Unknown,News,2026-09-01T16:14:22.024566Z
525281a7963fe443286e2bc2c66dc628,"Stocks to watch: ICICI Pru AMC, Tata Power, BEL, Adani Energy, GR Infra",https://www.business-standard.com/markets/news/stocks-to-watch-august-27-icici-pru-amc-tata-power-bel-adani-energy-gr-infra-126082700097_1.html,SI Reporter,2026-08-27T02:39:03Z,coal demand,"Stocks to watch today: Navratna defence PSU Bharat Electronics Limited (BEL) has secured additional orders worth ₹730 crore since the last disclosure on August 10, 2026.",Business Standard,Unknown,News,2026-09-01T16:14:22.024612Z
d29a3b713f05ce2d1d88c3aa1ac5b9c1,Raoul Pal Says AI Agents Could Run Their Own Treasuries and Chase DeFi Yields: ‘We Built the Financial System Agents Needed’,https://finance.yahoo.com/markets/crypto/articles/raoul-pal-says-ai-agents-023106086.html,Snigdha Gairola,2026-08-27T02:31:06Z,coal demand,"Macro investor Raoul Pal said increasingly autonomous AI agents could evolve into profit-driven economic entities capable of managing capital, making investm...",Yahoo Entertainment,Unknown,News,2026-09-01T16:14:22.024659Z
5496eb7c022b25ff5132148631f95343,Georgia Power's contract with OpenAI approved; Latest approval part of portfolio of large-load contracts delivering approximately $950 million in annual savings beginning in 2029,https://www.prnewswire.com/news-releases/georgia-powers-contract-with-openai-approved-latest-approval-part-of-portfolio-of-large-load-contracts-delivering-approximately-950-million-in-annual-savings-beginning-in-2029-302861080.html,,2026-08-27T01:00:00Z,coal demand,Large-load growth continues to provide benefits to customers with expected savings for Georgia Power customers to increase to $180 per year for the typical residential customer; Agreement builds on company's prior base rate freeze and overall reduction in rat…,PRNewswire,Unknown,News,2026-09-01T16:14:22.024720Z
f545e2d36add90008237b40c81c23819,"Stocks in news: Tata Power, Jio Financial Services, Bharat Electronics and Hindustan Copper",https://economictimes.indiatimes.com/markets/stocks/news/stocks-in-news-tata-power-jio-financial-services-bharat-electronics-and-hindustan-copper/articleshow/133550824.cms,Kumar Gaurav,2026-08-27T00:30:00Z,coal demand,"Indian stock markets experienced minimal fluctuations on Wednesday, resulting in a lower close for the Nifty50. Although technical signals point to potential bearish trends, the overall outlook stays optimistic. Focus is directed towards Tata Power, which pla…",The Times of India,India,Analysis/Opinion,2026-09-01T16:14:22.024739Z
2f19d98f766b2796a52eac8caf0b09a8,Retail investors turn selective as IPO appetite loses steam in 2026,https://economictimes.indiatimes.com/markets/ipos/fpos/retail-investors-turn-selective-as-ipo-appetite-loses-steam-in-2026/articleshow/133553304.cms,Himadri Buch,2026-08-27T00:25:27Z,coal demand,"Retail bidders had fully subscribed to their allotted quota in all 50 IPOs of 2024 - and in 44 out of 49 issues (90%) last year. Even the median of retail bids on IPOs until mid-August has fallen to just 2.32 times the quota in the 42 cases, compared with an …",The Times of India,Unknown,News,2026-09-01T16:14:22.024788Z
24faacf163db70cbd58b928035888708,Cement price surge worsens Nigeria’s housing crisis,https://punchng.com/cement-price-surge-worsens-nigerias-housing-crisis/,Punch Newspapers,2026-08-27T00:17:44Z,coal demand,"Building sector operators have warned that the erratic surge in cement prices is worsening Nigeria’s housing crisis by driving up construction costs, property values, and rents. The warning followed the recent surge in the price of a 50kg bag of Dangote Cemen…",The Punch,Unknown,Market Report,2026-09-01T16:14:22.024834Z
5d245bc8b6a0134f47708a632dcef34f,Elon Musk Reveals Why SpaceX Launched Tesla’s Roadster Into Orbit: ‘We Didn’t Want to Risk Anything Valuable’,https://finance.yahoo.com/technology/articles/elon-musk-reveals-why-spacex-233044265.html,Badar Shaikh,2026-08-26T23:30:44Z,coal demand,Space Exploration Technologies Corp. and Tesla Inc. CEO Elon Musk has revealed the reason behind SpaceX launching his Tesla Roadster to orbit Earth and Mars....,Yahoo Entertainment,Unknown,News,2026-09-01T16:14:22.024879Z
0562a1ce48624d507a4d51330cb6d3ef,"Woman Pays Boyfriend $1,500 Rent on His $2,200 Mortgage — He Says It’s Fair Because ‘You’re Not on the Deed’",https://finance.yahoo.com/real-estate/articles/woman-pays-boyfriend-1-500-223059502.html,Jeannine Mancini,2026-08-26T22:30:59Z,coal demand,"For many Americans, a home isn’t just a place to live. It’s also a major source of wealth — which makes it pretty important who actually owns the house. A wo...",Yahoo Entertainment,USA,News,2026-09-01T16:14:22.024905Z
6f5ce7fe8c22be0858c1a034a76a76f6,"Elon Musk Says Grok Is Taking Over Starlink Support: 15,000+ Calls a Day, 3,000+ Orders a Week",https://finance.yahoo.com/technology/ai/articles/elon-musk-says-grok-taking-220058142.html,Shomik Sen Bhattacharjee,2026-08-26T22:00:58Z,coal demand,"Elon Musk said Starlink is deploying Grok Voice ""at scale for support & sales,"" after SpaceXAI disclosed that its AI voice system now handles more than 15,00...",Yahoo Entertainment,Unknown,News,2026-09-01T16:14:22.024942Z
bd078dd74813b8a52d4d2b5e5fd05077,"IRS Moves to Make 401(k) Rollovers Easier, But Experts Warn: ‘You Can’t Go Back’",https://finance.yahoo.com/markets/options/articles/irs-moves-401-k-rollovers-213102611.html,Tanya Rawat,2026-08-26T21:31:02Z,coal demand,"New IRS guidance is aimed at making 401(k) rollovers easier, but financial professionals are warning savers to understand the consequences before moving reti...",Yahoo Entertainment,Unknown,News,2026-09-01T16:14:22.024986Z
bde83014ff7598cc701fd9573d07693e,Jensen Huang Once Revealed He 'Wasn't A Particularly Good Kid' but One That 'Just Turned Out Good' — Here's Something Today's Nvidia CEO Knew Even at a Young Age,https://finance.yahoo.com/technology/articles/jensen-huang-once-revealed-wasnt-193020979.html,Ananya Gairola,2026-08-26T19:30:20Z,coal demand,"Nvidia Corp CEO Jensen Huang once gave a 14-year-old a surprisingly candid look at his childhood, admitting he was a mischievous, restless kid who loved taki...",Yahoo Entertainment,Unknown,News,2026-09-01T16:14:22.025036Z
c7472522fbbab77cba96bd9a6ad7acaf,Behind the energy brawl everyone wants the data centre boom,https://www.abc.net.au/news/2026-08-27/national-cabinet-meeting-data-centres-energy/107076184,David Speers,2026-08-26T19:00:00Z,coal demand,"As is so often the case in Australia, the politics came down to a fight over energy.",ABC News (AU),Australia,News,2026-09-01T16:14:22.025051Z
cf17f3ea80e57633b57109b985239be7,"Her Fiancé Left Her $650,000 In Life Insurance. Now His Parents Say She Owes Them Because They Paid The Premiums",https://finance.yahoo.com/markets/stocks/articles/her-fianc-left-her-650-173031425.html,Ivy Grace,2026-08-26T17:30:31Z,coal demand,"A 29-year-old woman says she became the sole beneficiary of her fiancé’s $650,000 life insurance policy after he died in a car accident earlier this year. Sh...",Yahoo Entertainment,Unknown,News,2026-09-01T16:14:22.025097Z
1c8a98c70b3fc9ed1e28486672c629c0,HOOSIERS EXPECTED TO SEE SAVINGS AS I&M ADVANCES ONE OF THE NATION'S LARGEST RATE REDUCTION PLANS,https://www.prnewswire.com/news-releases/hoosiers-expected-to-see-savings-as-im-advances-one-of-the-nations-largest-rate-reduction-plans-302860829.html,,2026-08-26T17:05:00Z,coal demand,"FORT WAYNE, Ind., Aug. 26, 2026 /PRNewswire/ -- The state of Indiana has called on utilities to take action to make energy more affordable, and Indiana Michigan Power (I&M) is meeting that call with a plan to deliver savings and stability for customers. I&M h…",PRNewswire,India,News,2026-09-01T16:14:22.025126Z
9b220e06dbcf69246edaa37139638bfa,A 41-Year-Old Worker Can't Believe How Many Coworkers Have the Means to Invest but Don't. Now He's the Old Guy Telling the Kids to Start Saving,https://finance.yahoo.com/markets/stocks/articles/41-old-worker-cant-believe-160105419.html,Adrian Volenik,2026-08-26T16:01:05Z,coal demand,"A 41-year-old worker admits he spent years barely thinking about retirement. These days, he is making up for lost time, and watching younger coworkers make s...",Yahoo Entertainment,Unknown,News,2026-09-01T16:14:22.025169Z
44ca329b3d6abbc71734c5cfa10dc1a0,War and heat: Why are wheat prices soaring?,https://www.aljazeera.com/news/2026/8/31/war-and-heat-why-are-wheat-prices-soaring,Edna Mohamed,2026-08-31T14:42:40Z,grain exports,Russia and Ukraine have stepped up attacks on their respective grain terminals in the Black Sea.,Al Jazeera English,Russia,Market Report,2026-09-01T16:14:24.529241Z
72ba4a21566d323bca92967353995af7,"Show HN: Assemble context for analytics agents from schemas, SQL and docs",https://github.com/GetCassis/ontology-bootstrap,matthieu_bl,2026-08-31T13:45:04Z,grain exports,"Assemble a reviewable first version of an analytics agent&#39;s context from the dbt project, schema, dashboards and docs you already have. Evidence attached, unknowns filed as questions. - GetCass...",Github.com,Unknown,Analysis/Opinion,2026-09-01T16:14:24.529290Z
7efb23b19348a8e1da35fdc4e48dd1dc,"War, weather push crop prices to biggest monthly gain since 2012",https://financialpost.com/commodities/agriculture/war-weather-push-crop-prices-highest-monthly-gain-since-2012,Bloomberg News,2026-08-31T13:42:43Z,grain exports,Crop prices are set to cap their biggest monthly jump in over a decade as wars and weather raise concerns about food inflation. Read on,Financial Post,Unknown,Market Report,2026-09-01T16:14:24.529351Z
45403d9b70169cf777f08fbf7d245095,Farming can help drive southern Africa’s growth if countries in the region make trade easier,https://theconversation.com/farming-can-help-drive-southern-africas-growth-if-countries-in-the-region-make-trade-easier-290397,"Wandile Sihlobo, Senior Fellow, Department of Agricultural Economics, Stellenbosch University",2026-08-31T13:36:08Z,grain exports,Trade within the Southern African Development Community is an issue holding back agriculture.,The Conversation Africa,Unknown,News,2026-09-01T16:14:24.529629Z
ddd838c8786f6ba817636aa2e39ef6d5,"Turkey says it has Black Sea grain plan and is in contact with Russia, Ukraine",https://www.yahoo.com/news/world/articles/turkey-says-black-sea-grain-131902960.html,Reuters,2026-08-31T13:19:02Z,grain exports,"ISTANBUL, Aug 31 (Reuters) - Turkey has prepared a plan for the safe passage of grain via the Black Sea and is in contact with both Russia and Ukraine regard...",Yahoo Entertainment,Russia,News,2026-09-01T16:14:24.529660Z
bc9ccfd43ee160433346c9c339df0f1c,"OpenShot 4.0: Record, Edit, and Color Like Never Before",https://www.openshot.org/blog/2026/08/30/openshot-40-record-edit-color-like-never-before/,"OpenShot Studios, LLC",2026-08-31T09:59:05Z,grain exports,"OpenShot 4.0 adds professional color grading, screen and webcam recording, local object masks, 10 new effects, a cleaner native timeline, and faster creative workflows.",Openshot.org,Unknown,News,2026-09-01T16:14:24.529697Z
6d38df08d4449d3a76bbb299e7a2d172,Capturing the Seed: China’s Agribusiness Expansion at Home and Abroad,https://www.globalresearch.ca/china-agribusiness-expansion-home-abroad/5938351,Grain,2026-08-31T02:14:01Z,grain exports,"While the Chinese seed market hits a staggering US$19.1 billion, for over twenty years the Asian giant has been a net grain importer, relying mainly on the US, Australia, Ukraine and Brazil. Only 2% of seed companies in China have …
The post Capturing the See…",Globalresearch.ca,China,Market Report,2026-09-01T16:14:24.529715Z
4aa319351e5106bb4a4c3e9ebbe49fe1,Weekly economy wrap: Forex reserves at record high as monsoon risk persists,https://www.business-standard.com/economy/news/weekly-economy-wrap-forex-reserves-monsoon-risk-food-policy-126083000195_1.html,Rishabh Sharma,2026-08-30T06:51:06Z,grain exports,"Record forex reserves and stronger credit flows provided support, but uneven monsoon rains, food-price interventions and external risks kept policymakers on alert",Business Standard,Unknown,Market Report,2026-09-01T16:14:24.529750Z
f6517306b6923e9eeebead7dae4c52c9,"Michael Hudson: The Long Trajectory of Debt Dynamics, Aristocracies, War Finance and Wealth Destruction",https://www.nakedcapitalism.com/2026/08/michael-hudson-the-long-trajectory-of-debt-dynamics-aristocracies-war-finance-and-wealth-destruction.html,Yves Smith,2026-08-29T10:24:54Z,grain exports,Michael Hudson summarizes his long view of debt in an important new tallk with Glenn Diesen.,Nakedcapitalism.com,Unknown,Analysis/Opinion,2026-09-01T16:14:24.529804Z
cb33d01f3e600bf4f2e1234cd811295e,Lessons Buried in the Rubble: What Argentina’s 2001 Collapse Actually Teaches Us,https://www.lewrockwell.com/2026/08/no_author/lessons-buried-in-the-rubble-what-argentinas-2001-collapse-actually-teaches-us/,No Author,2026-08-29T04:01:00Z,grain exports,"Fernando de la Rúa left the Casa Rosada on December 20, 2001, through a side door, boarding a helicopter from the building’s roof. It was not symbolic. It was a literal escape from a capital in flames, where 22 people had died in two days of protests, superma…",Lewrockwell.com,Unknown,News,2026-09-01T16:14:24.529863Z
a311d6b433523e0dbc5ddb31a475f898,Corn and wheat prices jump to highest prices in more than three years,https://www.cnbc.com/2026/08/28/corn-and-wheat-prices-jump-to-highest-prices-in-more-than-three-years.html,Deena Zaidi,2026-08-28T20:00:56Z,grain exports,Corn and wheat futures have surged to their highest levels in more than three years. But the reasons for these recent rallies are notably different.,CNBC,Unknown,Market Report,2026-09-01T16:14:24.529896Z
36acccae8ebe7462c3d8e00037a6d0ba,Russian drone barrage hits Kyiv for second day,https://www.rte.ie/news/ukraine/2026/0828/1589592-ukrain-russia/,RTÉ News,2026-08-28T13:24:47Z,grain exports,"Russian forces have resumed their drone barrage of Ukraine's Kyiv region, hitting more than a dozen apartment buildings and storage depots in a second straight day of aerial attacks, officials said.",RTE,Russia,News,2026-09-01T16:14:24.529921Z
7c23f440101d45448c9fa78141eb2274,"Russian drones batter Ukraine's Kyiv region, hitting apartments and warehouses for a second day",https://abcnews.com/International/wireStory/russian-drones-batter-ukraines-kyiv-region-hitting-apartments-136024871,"HANNA ARHIROVA Associated Press, BARRY HATTON Associated Press",2026-08-28T11:29:14Z,grain exports,"Russian forces have resumed drone attacks on Ukraine’s Kyiv region, hitting numerous buildings and storage depots",Abcnews.com,Russia,News,2026-09-01T16:14:24.529947Z
6dd60e7c9e8a3d5c6ca884c15079bcb9,"Wheat hit a three-year high, amid trade route disruptions",https://biztoc.com/x/13babcec0cb819d3,semafor.com,2026-08-28T10:47:25Z,grain exports,"Wheat futures hit their highest level in more than three years as the war in Ukraine strained supplies, further weakening the global food system. Kyiv and Moscow have stepped up attacks on the Black Sea — a key transit route for a large share of global grain …",Biztoc.com,Ukraine,News,2026-09-01T16:14:24.529979Z
a9f5b6f0ac5a2ae2a3cc9019bcd39adb,Des marins turcs pris entre deux feux alors que les attaques se multiplient en mer Noire (Anglais),https://www.turkeyrecap.com/p/turkish-sailors-caught-in-crossfire,Turkey recap,2026-08-28T10:39:44Z,grain exports,ISTANBUL—Enes Torun was trying to fall asleep in his ship’s cabin after his early-morning shift.,Turkeyrecap.com,Turkey,News,2026-09-01T16:14:24.530013Z
1842b9411184972b6871d01bccb253fa,"Russia strikes nine Ukrainian cities in massive overnight barrage, targeting critical infrastructure",https://www.naturalnews.com/2026-08-28-russia-strikes-nine-ukrainian-cities-targeting-critical-infrastructure.html,Willow Tohi,2026-08-28T06:00:00Z,grain exports,"Russia launched a coordinated missile and drone strike on nine Ukrainian cities, targeting military infrastructure, energy facilities and industrial sites. The attack killed at least two civilians and wounded 14 others across multiple regions, including Zapor…",Naturalnews.com,Russia,News,2026-09-01T16:14:24.530049Z
01d870b845a70c0557afb3630b393841,Black Sea Tensions Lead Grain Buyers to Tap Baltic States,https://gcaptain.com/black-sea-tensions-lead-grain-buyers-to-tap-baltic-states/,Mike Schuler,2026-08-27T18:00:56Z,grain exports,Baltic grain exporters are seeing a boost in demand as blocked supplies from the Black Sea region are spurring buyers to seek alternative sources.,gcaptain.com,Unknown,News,2026-09-01T16:14:24.530082Z
e071d33303160a4a203a5c19d615d8d1,"Russia bombards 9 Ukrainian cities overnight, calling the strikes 'massive'",https://economictimes.indiatimes.com/news/defence/russia-bombards-9-ukrainian-cities-overnight-calling-the-strikes-massive/articleshow/133570539.cms,AP,2026-08-27T13:52:37Z,grain exports,"Russia launched extensive missile and drone attacks across Ukraine overnight and into Thursday.  These strikes targeted military facilities and infrastructure, causing civilian damage.  Ukraine is facing shortages of air defense missiles needed to counter Rus…",The Times of India,Russia,News,2026-09-01T16:14:24.530147Z
b61a4c88483b0fbd7342df373f0d2423,Putin Moves to Escalate War in Ukraine as Talks at Dead End,https://military.com/putin-moves-to-escalate-war-in-ukraine-as-talks-at-dead-end,MLT Staff,2026-08-27T13:34:38Z,grain exports,"Negotiation frameworks have effectively collapsed, leaving the two warring sides back at square one.",Military.com,Ukraine,News,2026-09-01T16:14:24.530168Z
863de66ca6247ae0468522ae18dc1d28,"Russia Bombards 9 Ukrainian Cities Overnight, Calling The Strikes 'Massive'",https://www.huffpost.com/entry/russia-bombards-9-ukrainian-cities-overnight-calling-the-strikes-massive_n_6a9025aae4b0a9d5e57cfad2,HuffPost,2026-08-27T12:01:59Z,grain exports,The barrage killed a 78-year-old woman in the southern Zaporizhzhia region and another person in the northern Kharkiv region.,HuffPost,Russia,News,2026-09-01T16:14:24.530190Z
2cde9fe5575f0f55d23de7facb85f60e,Russia says it launched ‘massive’ overnight strike on 9 Ukrainian cities,https://nypost.com/2026/08/27/world-news/russia-says-it-launched-a-massive-overnight-strike-on-9-ukrainian-cities/,Associated Press,2026-08-27T11:32:54Z,grain exports,Ukraine is desperately short of US-made Patriot air defense missiles that can counter Russia’s ballistic missiles.,New York Post,Russia,News,2026-09-01T16:14:24.530215Z
af500792c84c5bb794f23b502ca0f391,Russia says it launched a 'massive' overnight strike on 9 Ukrainian cities,https://abcnews.com/International/wireStory/russia-launched-massive-overnight-strike-9-ukrainian-cities-135997859,HANNA ARHIROVA Associated Press,2026-08-27T10:41:48Z,grain exports,"Russia has launched a massive attack on Ukraine, targeting nine cities with missiles and drones",Abcnews.com,Russia,News,2026-09-01T16:14:24.530234Z
9d203d8e413a54b62972eb9e51368480,They’ve Been Screwed Over for 160 Years. Trump Is Screwing Them More.,https://newrepublic.com/article/213800/black-farmers-trump-administration-screwed,Kali Holloway,2026-08-27T10:00:00Z,grain exports,"On the day we met in early June, Philip “P.J.” Haynie III’s gears had ground him awake just before 4:30 a.m. By the time I got into his truck, he had already spent the morning farming in his head. Rain was coming at 10 a.m.—half a day earlier than previously …",The New Republic,Unknown,News,2026-09-01T16:14:24.530286Z
4903083ded325e403c88bd75167d0217,"Russia bombards 9 Ukrainian cities overnight, calling the strikes 'massive'",https://www.yahoo.com/news/world/articles/russia-says-launched-massive-overnight-093632538.html,HANNA ARHIROVA,2026-08-27T09:36:32Z,grain exports,"Russia bombarded cities across Ukraine with missiles and drones in an overnight onslaught that ran into the daylight of hours Thursday, when explosions echoe...",Yahoo Entertainment,Russia,News,2026-09-01T16:14:24.530330Z
0fcc94dd49b5597c801fe98d29d55518,Türkiye’s strong grain stocks shield it from global supply risks: Industry official,https://www.hurriyetdailynews.com/turkiyes-strong-grain-stocks-shield-it-from-global-supply-risks-industry-official-226120,hurriyetdailynews.com,2026-08-27T09:29:10Z,grain exports,"Türkiye is well positioned to withstand short-term disruptions in global grain supplies as Black Sea tensions and severe drought in Europe threaten food security, an industry official said Aug. 26.",Hurriyet Daily News,Global,News,2026-09-01T16:14:24.530387Z
351a69258088c4dcbb4b55f8eab167de,Six Months of Conflict: How the Iran war has reshaped global markets,https://economictimes.indiatimes.com/markets/us-stocks/news/six-months-of-conflict-how-the-iran-war-has-reshaped-global-markets/articleshow/133561861.cms,Anupam Nagar,2026-08-27T08:12:14Z,grain exports,"As global financial markets navigate the aftermath of recent conflicts, the mixed responses are evident. Energy prices have surged sharply, reflecting immediate fallout, while artificial intelligence investments have buoyed global equities amid geopolitical t…",The Times of India,Global,Market Report,2026-09-01T16:14:24.530469Z
fed1473359547834980dccbbf0a7575b,"Roto Riteup: August 27, 2026",https://fantasy.fangraphs.com/roto-riteup-august-27-2026/,Vlad Sedler,2026-08-27T06:45:21Z,grain exports,"The latest baseball happenings in the Roto Riteup!
Source",Fangraphs.com,Unknown,News,2026-09-01T16:14:24.530494Z
ee760ac8f4da65a106a4764a767d5459,Six months of war: How the Middle East conflict has shaped financial markets,https://finance.yahoo.com/news/six-months-war-middle-east-060620491.html,By Karin Strohecker and Marc Jones,2026-08-27T06:07:37Z,grain exports,"LONDON, Aug 27 (Reuters) - Friday marks six months since the U. and Israeli bombing of Iran triggered a conflict that has disrupted global energy supplies an...",Yahoo Entertainment,UK,Market Report,2026-09-01T16:14:24.530526Z
e606f9e0afa392a64b1f3c131517da5a,Agri future: What words send shivers down the spines of government and industry? Organic farming,https://www.thejournal.ie/readme/irelands-farming-future-organic-7142300-Aug2026/,Dr Pippa Hackett,2026-08-27T06:00:21Z,grain exports,"Ireland needs to make the bold move to organic, so we can break free from volatile global markets, fossil-fuel fertilisers and an increasingly fragile agricultural model.",TheJournal.ie,Global,Market Report,2026-09-01T16:14:24.530560Z
696f0a70fd463639275f383d51916815,How Putin’s Black Sea food fight puts the world — and your grocery bill — at risk,https://nypost.com/2026/08/26/opinion/putins-black-sea-food-fight-puts-the-world-and-your-grocery-bill-at-risk/,Peter Doran,2026-08-26T22:16:59Z,grain exports,"Moscow is refusing to halt attacks on peaceful food shipments leaving Ukraine, that could mean famine in the developing world and high food prices everywhere — unless the US acts.",New York Post,Ukraine,Market Report,2026-09-01T16:14:24.530587Z
18665f59036f5a92e1d8e15fd108da31,Canada’s West Coast Ports Eye Bigger Role as Trade Shifts Beyond U.S.,https://gcaptain.com/canadas-west-coast-ports-eye-bigger-role-as-trade-shifts-beyond-u-s/,Mike Schuler,2026-08-26T18:28:26Z,grain exports,"Canada’s largest West Coast ports are positioning themselves for a bigger role in the country’s push to diversify trade away from the United States, with a new study highlighting the...",gcaptain.com,USA,News,2026-09-01T16:14:24.530613Z
9c068c4de60b3e52c540560540114096,Iran emphasises self-sufficiency in battle against US economic war,https://www.aljazeera.com/news/2026/8/26/iran-emphasises-self-sufficiency-battle-against-us-economic-war,Maziar Motamedi,2026-08-26T16:53:20Z,grain exports,"Iranian authorities believe they can withstand US sanctions, but warn of a tough year ahead.",Al Jazeera English,Unknown,News,2026-09-01T16:14:24.530643Z
bbe306b01b948d40b6dc2de9e5e41e1c,Up to 70 Ships Queue Off Danube as Bottlenecks Slow Ukraine Grain Exports,https://gcaptain.com/up-to-70-ships-queue-off-danube-as-bottlenecks-slow-ukraine-grain-exports/,Reuters,2026-08-26T16:32:29Z,grain exports,"Up to 70 vessels are waiting near the Danube's Sulina Canal for access to Ukrainian ports to load grain for export, traders and analysts said on Wednesday, with a shortage of pilots and priority given to other cargoes creating long delays.",gcaptain.com,Ukraine,News,2026-09-01T16:14:24.530675Z
675923930e1dfb664c122481ba89cfc5,Top Container Line Halts Russian Black Sea Service Due to Drones,https://www.insurancejournal.com/news/international/2026/08/26/882996.htm,Admin,2026-08-26T16:06:59Z,grain exports,The world’s top container shipper MSC Mediterranean Shipping Co. has suspended new bookings to and from Russia’s Novorossiysk port with immediate effect after one of its vessels was attacked by a drone. The decision follows a recent strike on the …,Insurance Journal,Russia,News,2026-09-01T16:14:24.530707Z
2252770499e319e7e0978b08a47b0f97,Farm Bankruptcies Up 46% in 2025 Before Iran War While US Manufacturing in Chaos,https://www.globalresearch.ca/farm-bankruptcies-up-2025-us-manufacturing-chaos/5938043,Helena Glass,2026-08-26T14:21:31Z,grain exports,"Meet the man who is likely the producer of the beef trimmings Trump is buying from Argentina – Eduardo Elsztain. Hardly ‘dying’ as Trump attempted to play, Eduardo is worth well over $8 billion+ given his appraisal in the …
The post Farm Bankruptcies Up 46% i…",Globalresearch.ca,Unknown,News,2026-09-01T16:14:24.530761Z
d18ad263f3a35e1a1babcfe78e2a2f1f,US midterm elections: Democrats gain ground as Trump faces growing voter discontent,https://theconversation.com/us-midterm-elections-democrats-gain-ground-as-trump-faces-growing-voter-discontent-290082,"Richard Hargy, Lecturer in International Studies and Politics, Ulster University; Queen's University Belfast",2026-08-26T14:18:42Z,grain exports,Trump-endorsed candidates are performing badly in primary ballots.,The Conversation Africa,Unknown,News,2026-09-01T16:14:24.530792Z
4006b6eb419e14757f5512061a5b3a6c,"Ukraine gives Musk state honour, CIA chief visited Moscow",https://www.rte.ie/news/world/2026/0826/1589307-cia-moscow/,RTÉ News,2026-08-26T12:21:55Z,grain exports,"President Volodymyr Zelensky has bestowed one of Ukraine's top state honours on SpaceX owner Elon Musk as Kyiv seeks to expand use of the company's Starlink terminals, which provide battlefield communications for Ukrainian forces.",RTE,Ukraine,News,2026-09-01T16:14:24.530818Z
ef451a893962be110ce020b36a31ef5a,"This Isn’t A U.S.-Canada Trade War (Yet), It’s A Silly Schoolyard Spat",https://www.forbes.com/sites/kenroberts/2026/08/26/this-isnt-a-us-canada-trade-war-yet-its-a-silly-schoolyard-spat/,"Ken Roberts, Contributor, 
 Ken Roberts, Contributor
 https://www.forbes.com/sites/kenroberts/",2026-08-26T09:00:00Z,grain exports,"The U.S. and Canada are threatening each other with tariffs. Though smaller than the ongoing China trade war, this conflict is fraught with risk.",Forbes,China,News,2026-09-01T16:14:24.530835Z
d108ab25b833a8ee1e0f045e1f097b44,India's rice exports to 26 priority markets outpace three-year average,https://www.thehindubusinessline.com/economy/agri-business/indias-rice-exports-to-26-priority-markets-outpace-three-year-average/article71392031.ece,PTI,2026-08-26T08:18:27Z,grain exports,"India's rice exports to 26 key markets exceeded averages, showcasing growth and a strategic focus on matching varieties to local cuisines.",BusinessLine,India,Market Report,2026-09-01T16:14:24.530853Z
5866712eaaed5c7f0a82d01aecce87f2,India's rice exports to 26 priority markets outpace 3-year average,https://www.business-standard.com/industry/news/india-s-rice-exports-to-26-priority-markets-outpace-3-year-average-126082600423_1.html,Press Trust of India,2026-08-26T07:43:13Z,grain exports,"India's rice exports to 26 priority markets exceeded their three-year average in the five months following the 2025 Bharat International Rice Conference, offering early signs that a strategy built around matching Indian rice varieties to local cuisines could …",Business Standard,India,Market Report,2026-09-01T16:14:24.530875Z
9fa35054bf341c6e608cde7d73560389,India's rice exports to 26 markets rise despite challenges; BIRC 2026 to drive diversification,https://economictimes.indiatimes.com/news/economy/foreign-trade/indias-rice-exports-to-26-markets-rise-despite-challenges-birc-2026-to-drive-diversification/articleshow/133532222.cms,ANI,2026-08-26T06:25:20Z,grain exports,India's rice exports to key markets saw value and volume increases recently. The Bharat International Rice Conference aims to boost these exports further. This event will focus on showcasing Indian rice varieties for diverse international cuisines. Chefs and …,The Times of India,India,Market Report,2026-09-01T16:14:24.530897Z
89610451a96766a444d831b4cb8cad2a,"Russia strikes five vessels in Ukraine’s Black Sea ports, escalating maritime conflict",https://cryptobriefing.com/russia-strikes-ukraine-black-sea-ports/,Editorial Team,2026-08-25T19:14:43Z,grain exports,"The escalation threatens global grain supply chains, potentially increasing food prices and insurance costs, impacting global markets.
The post Russia strikes five vessels in Ukraine’s Black Sea ports, escalating maritime conflict appeared first on Crypto Bri…",Crypto Briefing,Russia,Market Report,2026-09-01T16:14:24.530925Z
17cd779985dc4476cc06c917c9ca3e54,Sunny side down? Egg prices rise on ethanol push,https://economictimes.indiatimes.com/industry/cons-products/food/sunny-side-down-egg-prices-rise-on-ethanol-push/articleshow/133522763.cms,Prashant Mukherjee,2026-08-25T18:41:45Z,grain exports,"Rising diversion of maize to ethanol production has significantly increased poultry feed costs, leading to a 35-40% surge in egg prices over the past year. Maize prices have nearly doubled in three years, impacting the poultry industry which relies on it for …",The Times of India,Unknown,Market Report,2026-09-01T16:14:24.530968Z
c4b2fb60465c9287e5e1e2ef4a4bdfba,Grain exports stall as Ukraine steps up attacks on Russia's Black Sea ports,https://www.dw.com/en/grain-exports-stall-as-ukraine-steps-up-attacks-on-russias-black-sea-ports/a-78499629,Oleg Loginov,2026-08-25T18:04:00Z,grain exports,Ukrainian drone strikes on Russian infrastructure on the Black Sea are disrupting grain and oil exports from the port of Novorossiysk and other key hubs. When Russian President Vladimir Putin spoke in 2014 about Russia's motives for annexing the Ukrainian pen…,DW (English),Russia,News,2026-09-01T16:14:24.531001Z
ed92cf06b216d14c4d1d7113d52e4810,Ukraine’s Black Sea port blockade threatens next year’s planting season,https://cryptobriefing.com/ukraine-black-sea-blockade-planting-season/,Editorial Team,2026-08-25T16:24:41Z,grain exports,"The blockade's ripple effects threaten Ukraine's agricultural economy, global food security, and future harvests, exacerbating supply issues.
The post Ukraine’s Black Sea port blockade threatens next year’s planting season appeared first on Crypto Briefing.",Crypto Briefing,Ukraine,News,2026-09-01T16:14:24.531038Z
923f418251d8b5f021c43e07108ba949,"Hunger is not inevitable, but often results from choices that deny civilians food, aid, and essential services: UK statement at the UN Security Council",https://www.gov.uk/government/speeches/hunger-is-not-inevitable-but-often-results-from-choices-that-deny-civilians-food-aid-and-essential-services-uk-statement-at-the-un-security-council,"Foreign, Commonwealth & Development Office",2026-08-25T16:18:13Z,grain exports,"Statement by Ambassador Kate Foster, UK Deputy Permanent Representative to the UN, at the UN Security Council meeting on Food Security.",Www.gov.uk,Unknown,News,2026-09-01T16:14:24.531079Z
050b1d96dff78bd67f250cd0fa19ecae,Trump Threatens to Rename Lake Ontario ‘Lake America’ Amid New Canadian Trade War,http://www.rollingstone.com/politics/politics-news/trump-threatens-to-rename-lake-ontario-lake-america-1235614575/,Sean Woods,2026-08-25T16:02:21Z,grain exports,"The president has decided to escalate his trade war with our northern neighbor, amidst a real war with Iran and skyrocketing costs at home",Rolling Stone,USA,News,2026-09-01T16:14:24.531105Z
d0b58332c222894bea1c9a5f54fbc763,Great Events in British History: The Irish Potato Famine – The Great Hunger,https://anglotopia.net/columns/great-events-in-british-history/great-events-in-british-history-the-irish-potato-famine-the-great-hunger/,Jonathan,2026-08-25T14:00:00Z,grain exports,"Ireland’s Great Famine of 1845-1849 has left a searing wound on the country’s history. This national tragedy decimated the Irish population, killing over a million men, women and children, and prompted one million more to emigrate to Britain and the Americas.…",Anglotopia.net,USA,News,2026-09-01T16:14:24.531137Z
95987a65b3d7c74ad6420f8ee74eb77e,The UK and Ukraine have signed a declaration on AI-enabled military capabilities,https://thenextweb.com/news/uk-ukraine-ai-military-declaration-burnham,Ana-Maria Stanciuc,2026-08-25T09:06:10Z,grain exports,"Ukraine and the United Kingdom have signed a joint declaration on artificial intelligence partnership covering the development and deployment of AI-enabled military capabilities, according to the Ukrainian presidency’s account of talks in Kyiv between Volodym…",The Next Web,Ukraine,News,2026-09-01T16:14:24.531171Z
76d6b928dafc8ad0551e6c0dc1307ae3,"Rice prices surge over 47% since start of Iran war, Hedgeye reports",https://cryptobriefing.com/rice-prices-surge-iran-war-hedgeye/,Editorial Team,2026-08-25T01:58:40Z,grain exports,"The surge in rice prices exacerbates global food insecurity, highlighting the vulnerability of supply chains to geopolitical conflicts.
The post Rice prices surge over 47% since start of Iran war, Hedgeye reports appeared first on Crypto Briefing.",Crypto Briefing,Global,Market Report,2026-09-01T16:14:24.531208Z
87666a81e1e4e4d82e192e0968a5b585,‘He’s a loser’: Canada's Doug Ford fires back at Trump as tariff fight deepens,https://economictimes.indiatimes.com/news/international/global-trends/hes-a-loser-canadas-doug-ford-fires-back-at-trump-as-tariff-fight-deepens/articleshow/133486764.cms,ET Online,2026-08-25T01:54:20Z,grain exports,Ontario Premier Doug Ford labelled President Donald Trump a loser and a bully.  He vowed to fight back against escalating United States tariff threats.  President Trump attacked Ford and Prime Minister Mark Carney on social media.  Ford threatened to cut off …,The Times of India,USA,News,2026-09-01T16:14:24.531239Z
2ee208f3e2e272648dfdab954ca3320c,War With Iran: A Double-Edged Sword for the US Economy and Agriculture,https://www.activistpost.com/war-with-iran-a-double-edged-sword-for-the-us-economy-and-agriculture/,Editor,2026-08-30T19:00:00Z,soybean exports,Why a military conflict with Iran could weaken the very sectors of the American economy that Trump claims to support The sharp swings in oil prices following the latest round of attacks and negotiations over safe passage through the Strait of Hormuz demonstra…,Activistpost.com,USA,Market Report,2026-09-01T16:14:24.787044Z
c11eb699d865b3f9867f81542a2e206c,Why the US-Canada trade war could change how American farmers grow their crops for years,https://theconversation.com/why-the-us-canada-trade-war-could-change-how-american-farmers-grow-their-crops-for-years-290504,"Jayash Paudel, Associate Professor of Economics, University of Oklahoma",2026-08-27T12:56:45Z,soybean exports,"Canada is a major US supplier of fertilizer ingredients that could get pulled into Trump’s trade war. Farms can go without fertilizer for a while, but not long.",The Conversation Africa,USA,News,2026-09-01T16:14:24.787074Z
763417b0d1d3ab4b7e8b9065f38a350d,Polarized America united around one issue: the data centers powering the stock market and the biggest tech boom in decades,https://fortune.com/2026/08/26/data-centers-democrats-republicans-unify/,"Will Weissert, Susan Montoya Bryan, The Associated Press",2026-08-26T12:47:42Z,soybean exports,"“I don’t think that enough people understand that this is going to create really good jobs,” said Heather McKenzie, a labor expert based in Nebraska.",Fortune,USA,Market Report,2026-09-01T16:14:24.787150Z
01143c0d0b81f4bbd0912a960052b14d,"In A Divided America, The Left And Right Unite To Oppose Artificial Intelligence Data Centers",https://www.huffpost.com/entry/ap-us-election-2026-data-centers_n_6a8ed179e4b02b26136de0e0,HuffPost,2026-08-26T11:48:10Z,soybean exports,"In the small Nebraska village of Murdock, now-paused plans for two potential data centers have sparked the kinds of debates that have raged in cities and towns across the country.",HuffPost,USA,News,2026-09-01T16:14:24.787175Z
263c75556131cb836deeaa91713b0700,"In a divided America, left and right unite to oppose AI data centers",https://abcnews.com/Politics/wireStory/divided-america-left-unite-oppose-artificial-intelligence-data-135959758,"WILL WEISSERT Associated Press, SUSAN MONTOYA BRYAN Associated Press",2026-08-26T08:49:32Z,soybean exports,"In the small Nebraska village of Murdock, now-paused plans for two potential data centers have sparked the kinds of debates that have raged in cities and towns across the country — and often cut across ideological lines",Abcnews.com,USA,News,2026-09-01T16:14:24.787224Z
3a640ee1fd5ff85d6031e7bdbbb33354,"In a divided America, the left and right unite to oppose artificial intelligence data centers",https://economictimes.indiatimes.com/news/international/global-trends/in-a-divided-america-the-left-and-right-unite-to-oppose-artificial-intelligence-data-centers/articleshow/133530526.cms,AP,2026-08-26T05:15:46Z,soybean exports,"Rural communities face growing concerns over rapid data center expansion. Farmers and environmentalists unite against potential farmland loss and water depletion. Supporters highlight job creation and technological advancement for the nation. However, opposit…",The Times of India,USA,News,2026-09-01T16:14:24.787258Z
719eeebaabc48444ba1441c3f33c2153,Why data centers don't break down along ideological lines,https://apnews.com/article/data-centers-bipartisan-opposition-trump-democrats-a419be82fb6b32a8fc048ac7ffbd1de3,Will Weissert,2026-08-26T04:01:58Z,soybean exports,"In the small Nebraska village of Murdock, now-paused plans for two potential data centers have sparked the kinds of debates that have raged in cities and towns across the country. And those debates often cut across ideological lines. Some see job opportunitie…",Associated Press,Unknown,News,2026-09-01T16:14:24.787322Z
eb69beb1478e507ad3bebba8cafec981,Panicked farmers engulfed in 'crisis' as they stare down years of pain due to Trump,https://www.rawstory.com/farm-crisis-trump/,Travis Gettys,2026-08-25T12:51:21Z,soybean exports,"American farmers are bracing for two years of pain as fallout from President Donald Trump's war with Iran collides with an unresolved trade war and a punishing Midwest drought, six months into a conflict that has upended the cost of running a farm.A study by …",Raw Story,USA,News,2026-09-01T16:14:24.787397Z
fad6eb616b76a1cb52c98922f441b916,Putin strikes Ukraine ammo depot and launches relentless attacks on Kyiv after warnings Russia is preparing to strike Baltics,https://www.dailymail.com/news/article-16089175/Putin-Ukraine-ammo-depot-Kyiv-warnings-preparing-Baltics.html,Joe Rossiter,2026-08-29T09:03:02Z,wheat exports,"Fire erupted from the depot, in the village of Mila in Kyiv's Bucha district, as more than 200 people evacuated their homes and officials said there had been deaths, but did not say how many.",Dailymail.com,Russia,News,2026-09-01T16:14:25.045160Z
7f531df98a425c6e5189b92963f7f3a1,China to ship at least 1.2 mn tonnes of key fertiliser variety to India,https://www.business-standard.com/economy/news/china-to-ship-at-least-1-2-mn-tonnes-of-key-fertiliser-variety-to-india-126082700652_1.html,Bloomberg,2026-08-27T09:16:33Z,wheat exports,"India is one of the biggest urea importers, making its purchases closely watched as a global benchmark",Business Standard,China,News,2026-09-01T16:14:25.045422Z
e1f9169addc173bf4aa8a1e027888984,China to supply bulk of India’s fertiliser tender in major sale,https://economictimes.indiatimes.com/news/economy/agriculture/china-to-supply-bulk-of-indias-fertiliser-tender-in-major-sale/articleshow/133563164.cms,Bloomberg,2026-08-27T09:14:28Z,wheat exports,China will ship at least 1.2 million tons of urea to India soon as part of India's recent tender for the key fertiliser. This marks an improvement in global urea market tightness after earlier disruptions. China's loosened export controls are contributing to …,The Times of India,China,Market Report,2026-09-01T16:14:25.045440Z
1fbb229dcb420091cdd07df38c90849b,Corn Rallies to Fresh 3-year Highs with Help from Limit Gains in Wheat,https://www.barchart.com/story/news/4145261/corn-rallies-to-fresh-3-year-highs-with-help-from-limit-gains-in-wheat,Austin Schroeder,2026-08-26T22:12:16Z,wheat exports,Corn futures rallied to 3 year highs on Wednesday with contracts closing 10 to 13 ½ cents higher. Spillover strength in wheat and supply concerns over the US...,Barchart.com,Unknown,News,2026-09-01T16:14:25.045508Z
07ee1c2d96a8bfef83e9d5f7523ee742,Govt removes restrictions on wheat exports; Robust export demand for Indian wheat from Bangladesh,https://economictimes.indiatimes.com/news/economy/foreign-trade/govt-removes-restrictions-on-wheat-exports-robust-export-demand-for-indian-wheat-from-bangladesh/articleshow/133492685.cms,ET Bureau,2026-08-25T04:50:48Z,wheat exports,India has lifted its four-year ban on wheat and wheat product exports. This move is expected to help temper rising global prices for the staple food. Small and medium enterprises can now export their brands overseas after the ban removal. Global wheat prices …,The Times of India,India,Market Report,2026-09-01T16:14:25.045704Z
d06719f48d4559a90707fa514452b5c6,"20 Years On, Qinghai-Xizang Railway Continues to Reshape the Region",https://www.prnewswire.com/news-releases/20-years-on-qinghai-xizang-railway-continues-to-reshape-the-region-302865065.html,,2026-08-31T14:52:00Z,fertilizer exports,"XINING, China, Aug. 31, 2026 /PRNewswire/ -- A Report from Science and Technology Daily: In the 20 years since it opened, the 1,956-kilometer Qinghai-Xizang Railway has delivered a remarkable record: 104 million passengers and more than 824 million tonnes of …",PRNewswire,China,Market Report,2026-09-01T16:14:25.368504Z
08aef0e233b32563a283d1a284514ac4,"Iran crisis puts Xi-Putin’s anti-US bloc to the test, with PM Narendra Modi in the mix",https://economictimes.indiatimes.com/news/international/world-news/iran-crisis-puts-xi-putins-anti-us-bloc-to-the-test-with-pm-narendra-modi-in-the-mix/articleshow/133639525.cms,Bloomberg,2026-08-31T01:46:05Z,fertilizer exports,The Shanghai Cooperation Organization summit convenes amid US economic pressure on Iran.  Chinese and Russian presidents will meet with Iran's leader at the summit.  The bloc's ability to act coherently faces scrutiny due to internal rivalries.  Leaders are e…,The Times of India,China,News,2026-09-01T16:14:25.368549Z
d17c83e8f200378b7dda52cbf406dcec,Iran retaliates after first US strikes in a month,https://www.rte.ie/news/world/2026/0831/1589742-middle-east/,RTÉ News,2026-08-30T23:01:00Z,fertilizer exports,"Iran has attacked US military targets in the Middle East in retaliation for the first American strikes on its territory in a month, in a fresh flare-up of the war that has engulfed the region.",RTE,USA,News,2026-09-01T16:14:25.368575Z
d10badea2f7aecc70295f05aa3c86e49,"Six months into the Iran war, the global economy has pulled off a ‘Mission Impossible’ scene, and the Trump family is among the winners",https://fortune.com/2026/08/30/iran-war-global-economy-mission-impossible-oil-prices-trump-family-defense-contracts-investments-stocks/,"Matt Sedensky, The Associated Press",2026-08-30T14:31:37Z,fertilizer exports,The direst predictions haven’t come true even if no corner of the world's economy has been untouched.,Fortune,Global,Analysis/Opinion,2026-09-01T16:14:25.368643Z
8a1aef545d42d9bcd47eb84767b2b656,"Investors prosper, consumers pay as Iran war exacts uneven economic toll 6 months in",https://abcnews.com/Business/wireStory/investors-prosper-consumers-pay-iran-war-exacts-uneven-136067304,MATT SEDENSKY AP national writer,2026-08-30T08:05:03Z,fertilizer exports,"Six months after the U.S. and Israel launched their war against Iran, the direst economic predictions haven't come true",Abcnews.com,Unknown,Analysis/Opinion,2026-09-01T16:14:25.368676Z
550866ea9e166f2cb5bf861ddae4c47f,"Canada has leverage in this trade fight, but economists warn it comes with a cost",https://www.cbc.ca/news/politics/canada-leverage-tradewar-cost-economists-9.7324779,Peter Zimonjic,2026-08-30T08:00:00Z,fertilizer exports,"With the Trump administration's promise to impose more tariffs on us in January, many Canadians are asking: What leverage should we use to get them to change course?",CBC News,Unknown,News,2026-09-01T16:14:25.368715Z
75508fac1751e02a9480cb9da4c1a9d0,Oil Refiners’ Big Yellow Cash Cow,https://dailyreckoning.com/oil-refiners-big-yellow-cash-cow/,Matt Badiali,2026-08-29T14:30:44Z,fertilizer exports,"This post Oil Refiners’ Big Yellow Cash Cow appeared first on Daily Reckoning.
Badiali’s on a roll!
The post Oil Refiners’ Big Yellow Cash Cow appeared first on Daily Reckoning.",Dailyreckoning.com,Unknown,Market Report,2026-09-01T16:14:25.368755Z
8e1c217c951ad53474821e14e1adf504,"After 6 months of war, Iran's battered regime remains entrenched",https://www.npr.org/2026/08/28/nx-s1-5947854/us-iran-war,Hadeel Al-Shalchi,2026-08-28T19:35:24Z,fertilizer exports,"Instead of collapsing, the Iranian regime has dug in its heels and taken an even harder line.",NPR,Unknown,News,2026-09-01T16:14:25.368817Z
7bbf9b91055f007947baecc9c818cd56,Diane Francis: Why we should tax energy exports to the U.S.,https://financialpost.com/diane-francis/why-canada-should-tax-energy-exports-us,Diane Francis,2026-08-28T17:09:39Z,fertilizer exports,Canada is an energy powerhouse and should impose export taxes on what it sells to the U.S. until Donald Trump backs off. Read more.,Financial Post,Unknown,News,2026-09-01T16:14:25.368850Z
e8fe3b2ef023e1b64c97a785fe39fa21,U.S. says pipelines will make Strait of Hormuz be irrelevant. Energy experts disagree,https://www.npr.org/2026/08/28/g-s1-140309/us-iran-middle-east-oil-pipelines-hormuz,Jane Arraf,2026-08-28T09:00:00Z,fertilizer exports,Treasure Secretary Scott Bessent said oil pipelines will make Strait of Hormuz irrelevant in two years. Energy experts say that is unlikely to happen.,NPR,Unknown,News,2026-09-01T16:14:25.368888Z
c1f43b95e419ea69f74f1f5cef8ada78,"Indonesia eyes palm oil, frozen shrimp to boost exports to Morocco",https://en.antaranews.com/news/428872/indonesia-eyes-palm-oil-frozen-shrimp-to-boost-exports-to-morocco,"Maria Cicilia, Raka Adji",2026-08-28T07:57:28Z,fertilizer exports,"Indonesian Deputy Minister of Trade Dyah Roro Esti has identified key export commodities, including crude palm oil and frozen shrimp, to boost trade with ...",Antaranews.com,Indonesia,News,2026-09-01T16:14:25.368915Z
f1ee15206020c042388cd41a60fd2ef5,JPMorgan warns global food prices could rise 5% amid crises,https://cryptobriefing.com/jpmorgan-global-food-prices-rise-warning/,Editorial Team,2026-08-27T19:35:21Z,fertilizer exports,"Rising global food prices could exacerbate economic disparities, hitting emerging markets hardest and straining global food security.
The post JPMorgan warns global food prices could rise 5% amid crises appeared first on Crypto Briefing.",Crypto Briefing,Global,Market Report,2026-09-01T16:14:25.368952Z
ca90a12be3c672c83538dd60a31bc229,"Could Canada cut off potash to the U.S.? It's a 'high stakes game of chicken,' says an expert",https://nationalpost.com/news/canada/could-canada-cut-off-potash-trade-war,Ellie Hutchings,2026-08-27T18:02:09Z,fertilizer exports,"Doug Ford said potash is a 'powerful tool' in Canada's trade negotiations, but Scott Moe said Saskatchewan would take a 'tremendous economic hit' if it were to be restricted",National Post,Unknown,News,2026-09-01T16:14:25.368989Z
1a4df60cd758817592d98704eb1ec1c8,Trump says the U.S. doesn't need Canada. The economy says otherwise,https://toronto.citynews.ca/2026/08/27/canada-us-trade-war-trump-carney-economy/,Lucas Casaletto,2026-08-27T13:32:44Z,fertilizer exports,"After trade talks collapsed last Friday, the U.S. imposed 50% tariffs on about $20 billion worth of Canadian goods.",Citynews.ca,Unknown,News,2026-09-01T16:14:25.369022Z
487166c1ec4d4ed1baff3827605f9879,China to ship at least 1.2 million tons of urea to India after easing export controls,https://cryptobriefing.com/china-fertilizer-shipment-india-urea/,Editorial Team,2026-08-27T11:10:21Z,fertilizer exports,"China's eased urea export controls could stabilize global fertilizer markets, impacting agricultural economies reliant on imports like India.
The post China to ship at least 1.2 million tons of urea to India after easing export controls appeared first on Cryp…",Crypto Briefing,China,Market Report,2026-09-01T16:14:25.369064Z
5413b13cbb5fc74676e1e1b03a9c8044,"Iran War: Bloomberg Claims High Oil Flows Through Hormuz as Iran Threatens for Real Closure; Diesel Stress Rises as Canada Oil Exports to Fall Near Term; Investors Diss Bessent Treasury Meddling, Finger Inflation as the Issue",https://www.nakedcapitalism.com/2026/08/iran-war-bloomberg-claims-high-oil-flows-through-hormuz-as-iran-threatens-for-real-closure-diesel-stress-rises-as-canada-oil-exports-to-fall-near-term-investors-diss-bessent-treasury-meddling-fing.html,Yves Smith,2026-08-27T09:10:48Z,fertilizer exports,Today's Iran war news: Diverging claims on Strait of Hormuz oil transits as Iran vows tight closure and investors trash Bessent Treasury meddling.,Nakedcapitalism.com,Unknown,News,2026-09-01T16:14:25.369183Z
db6b08dc6c54bbe9a3cc6b6f3b5fda0b,Ghana’s Economic Recovery Must Create Jobs -World Bank,https://thechronicle.com.gh/ghanas-economic-recovery-must-create-jobs-world-bank/,JENNIFER AMBOLLEY,2026-08-27T06:47:27Z,fertilizer exports,"Ghana’s economic recovery must now translate into quality jobs and better livelihoods or risk remaining incomplete, the World Bank has warned, as it called for continued fiscal discipline and transport reforms to sustain growth. Launching the 10th Ghana Econo…",Thechronicle.com.gh,Unknown,News,2026-09-01T16:14:25.369235Z
95d52187acb9af6527f12f459e91d7ea,Canada could use 2 key exports as leverage against Trump. One premier says that's a bad idea,https://biztoc.com/x/1c87ff43b8845196,businessinsider.com,2026-08-27T05:26:59Z,fertilizer exports,"Canada is the world's largest exporter of potash, a key fertilizer ingredient.
Heywood Yu/Bloomberg/Getty Images
Canada is hitting back at the US with billions of dollars in tariffs on US goods.
Saskatchewan's premier says using oil and potash as leverage wou…",Biztoc.com,Unknown,News,2026-09-01T16:14:25.369285Z
c107150ecca07cf1fde41cc52ee457aa,Canada could use 2 key exports as leverage against Trump. One premier says that's a bad idea.,https://www.businessinsider.com/us-canada-trump-trade-tariffs-policy-pushback-oil-potash-alcohol-2026-8#article,Huileng Tan,2026-08-27T05:10:15Z,fertilizer exports,"Canadian leaders are looking for leverage over the US, from F-35 purchases and coal shipments to cutting off electricity exports.",Business Insider,Unknown,News,2026-09-01T16:14:25.369331Z
3824af7a3a77c9ab99f134ff04366dcd,Trump says the US doesn't need Canada; the economy says otherwise,https://www.thehindubusinessline.com/news/world/trump-says-the-us-doesnt-need-canada-the-economy-says-otherwise/article71394914.ece,AP- PTI,2026-08-27T04:29:10Z,fertilizer exports,"Trump claims the US doesn't need Canada, but economic ties reveal a critical dependence on Canadian resources and trade.",BusinessLine,Unknown,News,2026-09-01T16:14:25.369363Z
81ade9e315b7e3a7ac9c363744317b49,Trump Says The U.S. Doesn’t Need Canada. The Economy Says Otherwise,https://www.huffpost.com/entry/us-canada-trade-dependence_n_6a8fb1ade4b0a9d5e57cba3b,HuffPost,2026-08-27T03:45:25Z,fertilizer exports,President Donald Trump says the United States doesn't need Canada.,HuffPost,USA,News,2026-09-01T16:14:25.369383Z
34d65ea49a88ecc17027dcc54020961d,Trump says the US doesn't need Canada. America's economy says otherwise,https://economictimes.indiatimes.com/news/international/world-news/trump-says-the-us-doesnt-need-canada-americas-economy-says-otherwise/articleshow/133553760.cms,AP,2026-08-27T01:38:28Z,fertilizer exports,"Despite President Donald Trump’s claim that the United States does not need Canada, both economies remain deeply interdependent. Canadian oil, aluminum, potash, auto parts and electricity power American transport, agriculture, manufacturing and AI infrastruct…",The Times of India,USA,News,2026-09-01T16:14:25.369414Z
4c9024f01d6cd3c5bb5679f454322039,Trump claims US doesn't need Canada despite energy reliance,https://apnews.com/article/canada-trump-us-dependence-oil-economy-42aad2063ac401f9f554c14bc4ade52d,Rob Gillies,2026-08-26T17:37:46Z,fertilizer exports,"President Donald Trump says the United States doesn't need Canada. But every day, roughly 4 million barrels of Canadian crude oil flow south, helping fuel American cars, trucks and airplanes and supply the U.S. industry. Canada also supplies aluminum, potash …",Associated Press,USA,News,2026-09-01T16:14:25.369468Z
83b4002fbe03438fd24b21eed0ca3f49,Trump says the US doesn’t need Canada. America’s economy says otherwise.,https://finance.yahoo.com/energy/articles/trump-says-us-doesn-t-173746854.html,ROB GILLIES,2026-08-26T17:37:46Z,fertilizer exports,"U.S. President Donald Trump says his country does not need Canada.  Canada also supplies aluminum, potash to U.S. farms and parts for an auto industry built...",Yahoo Entertainment,USA,News,2026-09-01T16:14:25.369490Z
b9c38f8541cfd37d7d3e78a9b62b2514,Joint Media Release: Canada’s West Coast Ports Are Leading the Way to Doubling Non-US Trade,https://financialpost.com/globe-newswire/joint-media-release-canadas-west-coast-ports-are-leading-the-way-to-doubling-non-us-trade,GlobeNewswire,2026-08-26T17:05:18Z,fertilizer exports,"Nearly 50% of Canada’s trade outside of North America moves through the Pacific ports of Vancouver, Prince Rupert and Nanaimo, led by bulk exports of fertilizer, food and fuel heading to Indo-Pacific markets Vancouver, B.C., Aug. 26, 2026 (GLOBE NEWSWIRE) — C…",Financial Post,USA,Market Report,2026-09-01T16:14:25.369516Z
1259981c4355d79527b4f1032977ed4f,"As Canada takes on US tariffs, what’s behind the David and Goliath fight?",https://www.digitaljournal.com/article/as-canada-takes-on-us-tariffs-whats-behind-the-david-and-goliath-fight/,AFP,2026-08-26T16:50:10Z,fertilizer exports,"The United States and Canada have plunged into a trade war as Ottawa stands its ground in the face of President Donald Trump’s latest tariffs, taking on the world’s largest economy. Washington slams its longtime ally as the only trading partner besides China …",Digital Journal,China,Market Report,2026-09-01T16:14:25.369534Z
3ba19cf1db23da5f4d37c34adbd15f1e,The US and Canada could pull back from an all-out trade war. It's not clear that they will,https://abcnews.com/Business/wireStory/us-canada-pull-back-trade-war-clear-135960180,"PAUL WISEMAN Associated Press, ROB GILLIES Associated Press",2026-08-26T11:45:01Z,fertilizer exports,"The U.S. and Canada have ramped up their trade war, hitting each other with steep new tit-for-tat tariffs",Abcnews.com,Unknown,News,2026-09-01T16:14:25.369664Z
a35bb5adadec301a3f3de3924d2353b9,Trump's Trade War With Canada Could Spell Disaster For Senate Republican Candidates,https://www.huffpost.com/entry/trump-canada-tariffs-republican-senate-candidates_n_6a8c9ae0e4b07583705b0b6f,HuffPost,2026-08-25T20:28:44Z,fertilizer exports,"Four competitive Senate races are in states that border Canada. If tariffs raise prices, guess which party undecided voters are likely to blame?",HuffPost,Unknown,Market Report,2026-09-01T16:14:25.369793Z
0dfd695760be5057b9e19bf6c4900851,Ex-Alberta premier Jason Kenney says oil needs to be on the table in U.S. tariff war,https://edmonton.citynews.ca/2026/08/25/jason-kenney-oil-on-the-table-tariffs/,News Staff,2026-08-25T20:02:18Z,fertilizer exports,CALGARY — Former Alberta premier Jason Kenney is questioning why the province is taking oil and gas off the table in the high-stakes tariff war with the United States.,Citynews.ca,USA,News,2026-09-01T16:14:25.369817Z
6ee2f94298f147a38265159efa566f8d,Canada has retaliated against Trump's tariffs. Should Carney go even further?,https://nationalpost.com/news/canada-has-retaliated-against-trumps-tariffs-should-carney-go-even-further,Tracy Moran,2026-08-25T18:13:01Z,fertilizer exports,"Canada’s measured tariff retaliation may pressure Trump, but escalating to energy exports could be more effective — or trigger a backlash.",National Post,Unknown,News,2026-09-01T16:14:25.369857Z
d54eaaeab6ab0d2da218197ef6f0f05a,How Canada’s retaliation could hurt American businesses and consumers | CNN Business,https://www.cnn.com/2026/08/25/business/canada-us-tariffs-american-consumers,Elisabeth Buchwald,2026-08-25T12:36:13Z,fertilizer exports,"On September 8, Canada is set to enact tariffs ranging from 15% to 50% on over 700 American goods in an effort to match US tariffs dollar for dollar, Canadian officials announced on Tuesday.",CNN,USA,News,2026-09-01T16:14:25.369920Z
d3e6068e03465ab28417d150fbfc032c,No Amount of Heated Rivalry Could Defuse Trump’s Completely Pointless Canada Trade War,https://www.jezebel.com/canada-trade-war-trump-mark-carney-reciprocal-retaliatory-tariffs-prices-economy-prices,Jim Vorel,2026-08-25T11:21:37Z,fertilizer exports,"Trump can't even wrap up our literal shooting wars, much less extricate us from economic anguish with Canada, our one-time ally.",Jezebel,Unknown,News,2026-09-01T16:14:25.369960Z
ad096a9f7fafc978aa138fa583916fab,How Trump’s Crazed Fury at Canada Is Already Backfiring Badly for Him,https://newrepublic.com/article/214669/trump-canada-trade-war-backfiring,Greg Sargent,2026-08-25T10:00:00Z,fertilizer exports,Here’s a bit of poetic justice for you: The Democratic bid for control of Congress just might end up running right through the very heart of Trump country. We’re talking about parts of the Midwest that helped drive Donald Trump’s two successful presidential b…,The New Republic,Unknown,News,2026-09-01T16:14:25.370010Z
f388b2ef1a2ffb3e761a9c4ada934d04,Bessent's economic D-Day threat to Iran hinges on willingness to hit China,https://www.business-standard.com/world-news/bessent-s-economic-d-day-threat-to-iran-hinges-on-willingness-to-hit-china-126082500085_1.html,Bloomberg,2026-08-25T02:19:36Z,fertilizer exports,But that's only if Bessent actually follows through on a threat the Trump administration has made before,Business Standard,China,News,2026-09-01T16:14:25.370025Z
f9d652a007acbda33f6c1687a7c57000,The Biggest Victims Of Trump’s Economic D-Day On Iran,https://oilprice.com/Energy/Energy-General/The-Biggest-Victims-Of-Trumps-Economic-D-Day-On-Iran.html,Alex Kimani,2026-08-25T00:00:00Z,fertilizer exports,"Trump’s “economic D-Day” against Iran is built around one of Washington’s most powerful weapons: access to the U.S. financial system. The problem is that the deeper Washington pushes into Iran’s remaining trade, the bigger the targets become. China buys more …",OilPrice.com,China,News,2026-09-01T16:14:25.370086Z
7b108734848188d79db3ee974f1ee1a8,The Biggest Victims Of Trump’s Economic D-Day On Iran,https://finance.yahoo.com/economy/policy/articles/biggest-victims-trump-economic-d-000000547.html,Alex Kimani,2026-08-25T00:00:00Z,fertilizer exports,"China represents Washington’s biggest test, buying more than 80% of Iran’s seaborne crude, while sanctions against major Chinese banks could trigger signific...",Yahoo Entertainment,China,News,2026-09-01T16:14:25.370103Z
55f008160a879d7d4a4868251c74c9bc,Birla vs Adani: Heavy metal face-off,https://www.thehindubusinessline.com/specials/corporate-file/birla-vs-adani-heavy-metal-face-off/article71397914.ece,Suresh P Iyengar,2026-08-30T17:22:24Z,bauxite,"After cement, the Birla-Adani rivalry shifts to aluminium as Hindalco unfurls a ₹50,000 crore investment to defend its turf from a massive greenfield challenge",BusinessLine,Unknown,News,2026-09-01T16:14:25.607776Z
448520746b9b184230ad18d690883faf,Chimpanzees have been hurling rocks at the same trees for more than a decade,https://www.sciencedaily.com/releases/2026/08/260826055506.htm,,2026-08-28T13:07:11Z,bauxite,"Some chimpanzees in West Africa repeatedly throw rocks at particular trees, creating piles of stones that can remain in use for more than a decade. Researchers think this unusual behavior may be cultural and could serve as a form of communication, territorial…",Science Daily,Unknown,News,2026-09-01T16:14:25.607846Z
8c68f68dde379ea9e5540fe0af1da071,South32 H2 Earnings Call Highlights,https://www.marketbeat.com/instant-alerts/transcript-south32-h2-earnings-call-highlights-2026-08-26/?utm_source=yahoofinance&amp;utm_medium=yahoofinance,MarketBeat,2026-08-27T01:02:09Z,bauxite,"South32 (LON:S32) reported higher earnings and cash flow for FY26 as its base-metals operations benefited from commodity prices and operating performance, wh...",MarketBeat,Unknown,Market Report,2026-09-01T16:14:25.607914Z
1e0eb54c663b94d9e5cb6ad4739af8ef,Alcoa’s Gallium Project Opens a New Door Beyond Aluminum,https://www.marketbeat.com/articles/alcoas-gallium-project-opens-a-new-door-beyond-aluminum/?utm_source=yahoofinance&amp;utm_medium=yahoofinance,"Jeffrey Neal Johnson, MarketBeat",2026-08-26T18:35:00Z,bauxite,"Alcoa is extracting gallium at its Wagerup refinery to supply tech and defense markets, backed by government funding and a Sojitz off-take deal, while its co...",MarketBeat,Unknown,Market Report,2026-09-01T16:14:25.607980Z
118344d26adb87fd975929a25d845380,Reliance explores aluminium entry as Adani lines up $11.5 billion bet,https://economictimes.indiatimes.com/industry/indl-goods/svs/metals-mining/reliance-aluminium-entry-adani-11-5-billion-odisha-bauxite-karlapat-coal-gasification-mukesh-ambani-odisha-project/articleshow/133527822.cms,ET Online,2026-08-26T02:50:55Z,bauxite,Reliance Industries is considering a foray into aluminium production. This potential venture could harmoniously align its upcoming coal gasification initiatives with metal manufacturing processes. The company has already acquired tender documents for a substa…,The Times of India,Unknown,News,2026-09-01T16:14:25.608036Z
404f23610b603e420028355c9f6c15b0,"Aluminium was once costlier than gold, with one pound priced at $550. French Emperor Napoleon III’s favourites used aluminium cutlery. One 1886 invention made in an Ohio woodshed, changed its fate",https://economictimes.indiatimes.com/magazines/panache/aluminium-was-once-costlier-than-gold-with-one-pound-priced-at-550-french-emperor-napoleon-iiis-favourites-used-aluminium-cutlery-one-1886-invention-made-in-an-ohio-woodshed-changed-its-fate/articleshow/133513331.cms,ET Online,2026-08-25T13:47:09Z,bauxite,"Believe it or not, aluminium was once pricier than gold. Yes, you read that right! In the middle of the 19th century, one pound of aluminium cost more than $500. Today, one pound of this metal, which is used to make all sorts of objects from foils to cover fo…",The Times of India,Unknown,News,2026-09-01T16:14:25.608100Z
937731219569160defe0e38280a2f2aa,Nalco signs land lease for Pottangi bauxite mines project,https://timesofindia.indiatimes.com/city/bhubaneswar/nalco-signs-land-lease-for-pottangi-bauxite-mines-project/articleshow/133510211.cms,Satyanarayan Pattnaik,2026-08-25T12:14:02Z,bauxite,"NALCO signs government land lease deed for overland conveyor corridor and water intake, advancing operationalisation of its captive Pottangi bauxite mines in Koraput.",The Times of India,Unknown,News,2026-09-01T16:14:25.608138Z
566325cefd0851ca04aadbd820fce53a,"Nigeria risks future mineral imports, geophysicists warn",https://punchng.com/nigeria-risks-future-mineral-imports-geophysicists-warn/,Punch Newspapers,2026-08-25T04:07:57Z,bauxite,"Geophysicists warn Nigeria risks importing minerals if strategic deposits aren’t conserved. Learn about the call for a national mineral conservation policy

Read More: https://punchng.com/nigeria-risks-future-mineral-imports-geophysicists-warn/",The Punch,Unknown,News,2026-09-01T16:14:25.608190Z
3ce0768bdfc7e1740524ce302b4f3a5e,"Ambani weighs aluminium foray, setting up potential Adani showdown",https://www.livemint.com/industry/reliance-industries-ril-mukesh-ambani-aluminium-adani-enterprises-gautam-adani-bauxite-karlapat-bauxite-block-11787586454345.html,Dipali Banka,2026-08-25T03:30:23Z,bauxite,"The move comes as billionaire Gautam Adani’s group marks its entry in the aluminium sector. In June, Adani Enterprises announced plans to invest about $11.5 billion to develop a 2 million tonnes per annum aluminium project in Odisha in partnership with UAE’s …",Livemint,Unknown,News,2026-09-01T16:14:25.608243Z
b1d7c2053ecf94d49338531e92e52b6c,America Looks Beneath The Waves As Critical Mineral Race Heads Offshore,https://dailycaller.com/2026/08/31/critical-mineral-race-offshore-america,Paris Apodaca,2026-08-31T15:27:28Z,nickel ore,"Miles under the ocean, a trove of critical minerals could offer the U.S. a new front in its race for resources.",The Daily Caller,USA,News,2026-09-01T16:14:25.840282Z
c84229895ecf03fcc0871d6d8a65c919,Indonesia wants more sway over commodity prices - here’s how its new exchange can win over market,https://www.channelnewsasia.com/asia/indonesia-commodity-exchange-nickel-palm-oil-coal-6333186,,2026-08-30T22:00:00Z,nickel ore,"Indonesia hopes a new commodity exchange will give it greater influence over prices of key exports, but experts say it must first convince producers and traders to use it.",CNA,Indonesia,Market Report,2026-09-01T16:14:25.840586Z
0c1cf5dfeec69d802b6da63db94496a6,Mink Ventures Corporation Exploration Update,https://financialpost.com/globe-newswire/mink-ventures-corporation-exploration-update,GlobeNewswire,2026-08-26T20:02:51Z,nickel ore,"TORONTO, Aug. 26, 2026 (GLOBE NEWSWIRE) — Mink Ventures Corporation (TSXV:MINK) (“Mink” or the “Company“) today announced it has received assay results for drill core from its 2026 phase 2 drill program at its Warren Ni, Cu, Co Property located approximately …",Financial Post,Unknown,News,2026-09-01T16:14:25.840740Z
ece296d639bfc8388b360ee77edf5c49,Northwestern football position previews – Defensive backs,https://www.insidenu.com/northwestern-football/69973/northwestern-football-position-previews-defensive-backs,Deolu Akingbade,2026-08-25T18:06:23Z,nickel ore,Northwestern’s defensive backs should be an asset going into 2026.,Inside NU,Unknown,Analysis/Opinion,2026-09-01T16:14:25.840796Z
1427c7914f747b8e62406852fc0df0f4,Vote! Who will be the Salem area's top girls soccer player in 2026?,https://www.statesmanjournal.com/story/sports/high-school-sports/soccer/2026/08/25/vote-top-salem-keizer-area-high-school-girls-soccer-player-2026-poll/91412344007/,"Landon Bartlett, Salem Statesman Journal",2026-08-25T11:00:47Z,nickel ore,Here are the nominees for the top Salem-Keizer area girls soccer player heading into the 2026 OSAA season. Vote for your favorite.,Statesman Journal,Unknown,News,2026-09-01T16:14:25.840831Z
55c192e06adb86a53faebdad25bbfa23,Why does it smell like pennies in my room?,https://www.lifesciencesworld.com/why-does-it-smell-like-pennies-in-my-room/,Ava Reynolds,2026-08-30T07:30:10Z,copper concentrate,"Why Does it Smell Like Pennies in My Room? Unraveling the Metallic Mystery The metallic scent of pennies in your room is likely due to oxidation of metal objects, the presence of bacteria releasing metallic-smelling compounds, or, less commonly, a more seriou…",Lifesciencesworld.com,Unknown,News,2026-09-01T16:14:26.083874Z
2c598852b290fc0fc1357cb865083080,Barley There,https://bittersweetblog.com/2026/08/28/black-nile-barley-stuffed-peppers/,Hannah (BitterSweet),2026-08-28T11:10:30Z,copper concentrate,"Unlike many other ancient grains, barley has managed to maintain a modest degree of modern visibility. Most people are far more likely to recognize it in its whole grain form than as a flour. Even so, I’d wager the first thing that came to mind when I mention…",Bittersweetblog.com,Unknown,News,2026-09-01T16:14:26.083988Z
95b80959810c40f141f103ba2c5fee5b,"Mitsotakis, the complaints, Ivan and Telis, PASOK wakes up from summer (and votes for Akrita), Eleusina, the Piraeus Port Authority and the Chinese, shipowners buy 550 ships ///",https://en.protothema.gr/2026/08/28/mitsotakis-the-complaints-ivan-and-telis-pasok-wakes-up-from-summer-and-votes-for-akrita-eleusina-the-piraeus-port-authority-and-the-chinese-shipowners-buy-550-ships/,Αλεξία Αμβράζη,2026-08-28T05:06:39Z,copper concentrate,"Hello. Straight after the metro inauguration, and before addressing the Megaron concert hall on the city’s infrastructure works, Prime Minister Kyriakos Mitsotakis met New Democracy MPs in Thessaloniki. I’m told he complained, in a way, that not enough projec…",Protothema.gr,China,News,2026-09-01T16:14:26.084018Z
d52099310fe55a00ad5c2e1816448c45,"A Metal With Few Substitutes, a Supply Chain Dominated by One Country, and a Historic Canadian Tungsten Zone Being Drill-Tested Again",https://www.prnewswire.com/news-releases/a-metal-with-few-substitutes-a-supply-chain-dominated-by-one-country-and-a-historic-canadian-tungsten-zone-being-drill-tested-again-302861615.html,,2026-08-27T12:53:00Z,copper concentrate,"VANCOUVER, BC, Aug. 27, 2026 /PRNewswire/ -- Equity Insider News Commentary - Of all the critical minerals now caught up in the race for supply-chain security, tungsten may be the one with the widest gap between how essential it is and how little of it the We…",PRNewswire,Unknown,Analysis/Opinion,2026-09-01T16:14:26.084075Z
f5192d2638bc97e5e654be9fa346a1fc,David Anaxagoras | Ladd’s Robot Repair,https://www.lightspeedmagazine.com/?p=36458,John Joseph Adams,2026-08-27T10:01:02Z,copper concentrate,"I wasn’t even two blocks into the Tumbledown when the walker’s nav crystal started fuzzing out. She veered left like a scavver drunk on coolant, and I knew I was in trouble. I tried sweet-talking her back on route, but she wasn’t listening. I was used to that…",Lightspeedmagazine.com,Unknown,News,2026-09-01T16:14:26.084127Z
bb3d2570a6cafbd2a2425c2dd34f8eab,Copper explores sale as bids fall short of $500M asking price,https://cryptobriefing.com/copper-explores-sale-bids-below-500m/,Editorial Team,2026-08-25T14:10:15Z,copper concentrate,"Copper's sale process highlights valuation challenges in digital asset infrastructure, potentially setting a benchmark for future sector deals.
The post Copper explores sale as bids fall short of $500M asking price appeared first on Crypto Briefing.",Crypto Briefing,Unknown,News,2026-09-01T16:14:26.084171Z
538a786d21ef0129e65a4a1d14433309,Temperature characteristics of fiber-optic shearer cables,https://journals.plos.org/plosone/article?id=10.1371/journal.pone.0356684,"Feng Gao, Shutian Gong, Zifeng Liu, Lijuan Zhao, Jing Liu, Tianyi Zhang, Yang Liu, Feida Wang, Dongyang Wang, Tiangu Wu, Zhongjian Bai, Shuo Tian",2026-08-25T14:00:00Z,copper concentrate,"During the reciprocating motion of a coal shearer, shearer cables are exposed to complex underground conditions, including high load current, repeated bending and dragging, and limited heat dissipation. These factors may lead to excessive conductor temperatur…",Plos.org,Unknown,News,2026-09-01T16:14:26.084224Z
d655efa19eb5c29b250b5e5f6d8d960b,Oil Tankers Make Fortunes During War as Sinokor Dominates,https://gcaptain.com/oil-tankers-make-fortunes-during-war-as-sinokor-dominates/,Bloomberg,2026-08-31T16:13:10Z,shipping rates,By Alex Longley and Archie Hunter (Bloomberg) — The world’s oil supertankers are making unprecedented sums sailing from the Persian Gulf as Iran keeps attacking ships — with one South Korean...,gcaptain.com,South Korea,News,2026-09-01T16:14:26.477838Z
e83d93e743cc28c1f60cbeee05a8f9a6,"Former DJI Engineers Raise $250,000 for ‘World’s First Robotic Extreme Zoom Camera’",https://petapixel.com/2026/08/31/former-dji-engineers-raise-250000-for-worlds-first-robotic-extreme-zoom-camera/,Kate Garibaldi,2026-08-31T16:11:58Z,shipping rates,"A new camera from FarseerTech aims to simplify photographing distant, moving subjects. RocXZoom combines a 50x hybrid zoom, motorized pan-and-tilt movement, and AI-powered subject recognition in a compact body designed for wildlife, birding, and outdoor obser…",PetaPixel,Unknown,News,2026-09-01T16:14:26.477911Z
227d6081dd4b729212e22f58440073fe,Michigan Snowbirds: Book the Car South Before Labor Day,https://ahouseinthehills.com/michigan-snowbirds-book-the-car-south-before-labor-day/,Sarah Lyall,2026-08-31T16:08:44Z,shipping rates,"Every year, thousands of Michigan residents pack up and head south before winter arrives. Whether your destination is Florida, Arizona, Texas, or the Carolinas, escaping snow and freezing temperatures has become a yearly tradition for many retirees and season…",Ahouseinthehills.com,Unknown,News,2026-09-01T16:14:26.477967Z
3fb29449ebf1144e13d8685e6d292231,Back-to-School Resale Meets Its Toughest Customer: Children,http://wwd.com/sourcing-journal/industry-news/back-to-school-childrens-resale-depop-thredup-1239173796/,Alexandra Harrell,2026-08-31T15:57:37Z,shipping rates,"National platforms are gaining back-to-school shoppers, but brands, fit and fear of standing out still shape what children will wear.",WWD,Unknown,News,2026-09-01T16:14:26.478005Z
bac0e5d3fafed5a03fc8b71b6d7d6d1d,Warren Buffett claimed he could end America’s deficit crisis ‘in five minutes’ — but would his solution actually work?,https://finance.yahoo.com/economy/policy/articles/warren-buffett-claimed-could-end-155500879.html,Vishesh Raisinghani,2026-08-31T15:55:00Z,shipping rates,The real question is if Trump is on board.,Yahoo Entertainment,USA,News,2026-09-01T16:14:26.478030Z
d3d468cc3381d5c7595e9faf52bf662f,Rivian (RIVN) CFO steps down for GE Vernova amid critical R2 ramp,http://electrek.co/2026/08/31/rivian-rivn-cfo-mcdonough-steps-down-ge-vernova/,Fred Lambert,2026-08-31T15:23:31Z,shipping rates,"Rivian CFO Claire McDonough is stepping down effective October 30, leaving after nearly six years to become chief financial officer of energy giant GE Vernova.



The departure lands at the most important moment in Rivian’s history — the ramp of the R2, the $…",Electrek,Unknown,News,2026-09-01T16:14:26.478080Z
bedae9d1afe8d1c5b8f3e0427d8fce7f,Top PPC Marketing Agency Indianapolis: Drive Results For Your Business,https://happytohelpmarketing.com/ppc-marketing-agency-indianapolis-how-the-right-partner-turns-clicks-into-customers/,,2026-08-31T14:38:15Z,shipping rates,Discover top PPC marketing agencies in Indianapolis that can drive measurable results for your business. Read on to elevate your advertising strategy.,Happytohelpmarketing.com,India,Market Report,2026-09-01T16:14:26.478097Z
0081d749532996f77db5d1b2392d3a90,Your Checklist for Holiday Sales Success,https://www.squarespace.com/blog/holiday-marketing-tips-checklist,Maria Hart,2026-08-31T14:27:00Z,shipping rates,"For consumers, Black Friday marks the start of the holiday shopping season that ends in January with a final flurry of sales. But for sellers, the season begins much earlier. Critical ecommerce groundwork takes place starting in late summer, and that prep wor…",Squarespace.com,Unknown,News,2026-09-01T16:14:26.478145Z
59b66389ec50c69d741eb04bc0fe497c,"When ""Roughly Right"" Looks Like a Liability: Engineering Financial-Grade Data Pipelines",https://dzone.com/articles/engineering-financial-grade-data-pipelines,Kiran Kumar Javangula,2026-08-31T14:00:01Z,shipping rates,"Analytics teams do not get too upset about small errors. If a product dashboard is off by half a percent on a Tuesday, nobody files a ticket. If your marketing funnel counts some web sessions twice, the overall trend is still okay. Everyone moves on. I spent …",Dzone.com,Unknown,Market Report,2026-09-01T16:14:26.478192Z
04d8d00230b7bd48a88099d9faeaf692,Neuromuscular effects of repeated exposure to the pesticide methyl bromide,https://journals.plos.org/plosone/article?id=10.1371/journal.pone.0357385,"Dakota R. McMeans, Hannah S. Davidson, Martha J. Sonner, Shannon H. Romer",2026-08-31T14:00:00Z,shipping rates,"Methyl bromide (MB) is a fumigant pesticide that remains in use for quarantine and pre-shipment applications. Although acute intoxication is associated with motor dysfunction, the effects of repeated occupational inhalation exposure on neuromuscular structure…",Plos.org,Unknown,News,2026-09-01T16:14:26.478250Z
ab752c3ebdeacf2162adc84bb06c890e,Asia Steps In to Fill Diesel Supply Gap in Africa as Middle East Exports Crash,https://oilprice.com/Latest-Energy-News/World-News/Asia-Steps-In-to-Fill-Diesel-Supply-Gap-in-Africa-as-Middle-East-Exports-Crash.html,Tsvetana Paraskova,2026-08-31T13:30:00Z,shipping rates,"Asia’s diesel exports to Africa are surging to nearly five-year highs, as Middle East’s sales to Africa crashed to nine-year lows amid threats to shipping and refinery outages, a Reuters analysis of ship-tracking data and volumes showed on Monday. The Middle …",OilPrice.com,Unknown,Analysis/Opinion,2026-09-01T16:14:26.478294Z
7fc79db95547c405f8c19697d414c357,CXMT develops HBM3 memory chips for AI processors,https://cryptobriefing.com/cxmt-hbm3e-memory-ai-processors/,Editorial Team,2026-08-31T13:09:29Z,shipping rates,"CXMT's entry into HBM3 production could reshape China's AI hardware landscape, challenging existing oligopolies and impacting domestic pricing.
The post CXMT develops HBM3 memory chips for AI processors appeared first on Crypto Briefing.",Crypto Briefing,China,News,2026-09-01T16:14:26.478336Z
4065ef3f119b78fff00e7e0204d75ee5,Introducing Adaptive Intelligence: undermining the economics of every bot attack,https://blog.cloudflare.com/introducing-adaptive-intelligence/,Chris Pope,2026-08-31T12:59:00Z,shipping rates,"Bot operators have historically had the economic advantage, bypassing static, deterministic detection rules with cheap proxies and retooling. Cloudflare's new Adaptive Intelligence engine flips this dynamic by autonomously learning from the meta-signals of li…",Cloudflare.com,Unknown,News,2026-09-01T16:14:26.478390Z
25c5b7af7cb803e71bafbb4863479e10,"For a few months each spring, underwater microphones off New York fill with the calls of endangered sei whales — then, as the ocean warms, the voices almost disappear, revealing a migration that happens largely beyond human sight",https://spacedaily.com/d-for-a-few-months-each-spring-underwater-microphones-off-new-york-fill-with-the-calls-of-endangered-sei-whales-then-as-the-ocean-warms-the-voices-almost-disappear-revealing-a-migration-th/,Space Daily Editorial Team,2026-08-31T12:15:41Z,shipping rates,"Ocean microphones are catching glimpses of a species that remains nearly invisible to science, revealing how climate shapes the hidden movements of endangered whales.
The post For a few months each spring, underwater microphones off New York fill with the cal…",Space Daily,Unknown,News,2026-09-01T16:14:26.478459Z
a386e8e196b9e1620112f375ed3bfa2a,Bitcoin Holds $78K As Strait Of Hormuz Strike Lifts Oil Above $90,http://www.newsbtc.com/news/bitcoin-holds-78k-strait-hormuz-oil-90/,NewsBTC Editorial Team,2026-08-31T11:30:00Z,shipping rates,"Bitcoin held near the $78,000 area as geopolitical tension around the Strait of Hormuz pushed Brent crude above $90, giving traders another macro-risk even...",newsBTC,Unknown,News,2026-09-01T16:14:26.478496Z
a7a1170218ab1b3ce36f19047d2a41ae,‘I love the inflation!’: Trump shrugs off rising prices — here’s what you can do before inflation eats into your savings,https://finance.yahoo.com/economy/articles/love-inflation-trump-shrugs-off-103500495.html,Thomas Kent,2026-08-31T10:35:00Z,shipping rates,He claimed the U.S. has been quietly removing millions of barrels of oil from the market.,Yahoo Entertainment,Unknown,Market Report,2026-09-01T16:14:26.478532Z
b94b504692830bd6ddcd4dc883d4df33,"Jake's Motorcars Offers Online Pre-Approval for Financing Your Next Luxury Buy in San Diego, CA",https://www.prnewswire.com/news-releases/jakes-motorcars-offers-online-pre-approval-for-financing-your-next-luxury-buy-in-san-diego-ca-302864743.html,,2026-08-31T09:56:00Z,shipping rates,"SAN DIEGO and LA JOLLA, Calif., Aug. 31, 2026 /PRNewswire/ -- Jake's Motorcars is making it easier for luxury and exotic vehicle shoppers in San Diego, CA, to take the first step toward a new automotive purchase or lease. Through an online financing pre-appro…",PRNewswire,Unknown,News,2026-09-01T16:14:26.478584Z
f02677cfcc6ef8772cb6f8a33844be41,"Kaynes Tech, Wockhardt, Persistent Systems shares fall up to 5% as broader markets tumble. What lies ahead?",https://economictimes.indiatimes.com/markets/stocks/news/kaynes-tech-wockhardt-persistent-systems-shares-fall-up-to-5-as-broader-markets-tumble-what-lies-ahead/articleshow/133648026.cms,Debaroti Adhikary,2026-08-31T09:04:46Z,shipping rates,"The stock market saw marked declines on Monday, particularly among smallcap and midcap shares. Persistent Systems and National Aluminium Company experienced prominent losses, contributing to the negative performance of the Nifty Midcap 100 and Smallcap 100 in…",The Times of India,Unknown,Market Report,2026-09-01T16:14:26.478632Z
12a98f906ac8088fab53f90bd6a0f332,Ecocide in Iran,https://theintercept.com/2026/08/31/iran-war-environment-toxic-chemical-exposure/,Ashley Gate,2026-08-31T09:00:00Z,shipping rates,"The U.S.–Israeli war has caused massive environmental devastation, adding to the long history of American wars with toxic legacies.
The post Ecocide in Iran appeared first on The Intercept.",The Intercept,USA,News,2026-09-01T16:14:26.478657Z
3c81fdf328c2f993d9a8d86efad557e6,Are Kodiak bears going extinct?,https://www.lifesciencesworld.com/are-kodiak-bears-going-extinct/,Ava Reynolds,2026-08-31T07:39:12Z,shipping rates,"Are Kodiak Bears Going Extinct? A Deep Dive into Their Future While the current population numbers suggest Kodiak bears are not going extinct, their long-term survival faces increasing challenges from habitat loss, climate change, and potential over-hunting, …",Lifesciencesworld.com,Unknown,News,2026-09-01T16:14:26.478705Z
82eb3b83cbc9c2da94010261acd92ce5,"Gold, silver prices today, 31 August: Check retail rates of 24K, 22K gold, 999 silver in Delhi, Mumbai and Kolkata",https://www.livemint.com/money/personal-finance/gold-silver-prices-today-31-august-check-retail-rates-of-24k-22k-gold-999-silver-in-delhi-mumbai-and-kolkata-11788141195314.html,Fareha Naaz,2026-08-31T03:56:43Z,shipping rates,"Gold and silver prices today, 31 August: Check the latest 24K, 22K gold and 999 silver retail rates across Delhi, Mumbai, Kolkata and other major Indian cities, along with MCX market updates.",Livemint,India,Market Report,2026-09-01T16:14:26.478722Z
8727344c8c8d966dfbab29bd19bc7f43,"Stocks drop as Warsh fans US rate hike bets, crude up on US-Iran strikes",https://www.digitaljournal.com/article/stocks-drop-as-warsh-fans-us-rate-hike-bets-crude-up-on-us-iran-strikes/,AFP,2026-08-31T02:55:36Z,shipping rates,"All three main indexes on Wall Street fell Friday. Yields on short-term US Treasury bonds -- which reflect monetary policy expectations -- jumped, and the dollar rallied against its peers. Gold, which benefits from lower interest rates, fell.
The post Stocks …",Digital Journal,Unknown,Market Report,2026-09-01T16:14:26.478766Z
2b3a9110746da093a337b44dd6c1469a,"Goldman Sachs sends blunt message on oil price, economy",https://www.thestreet.com/investing/goldman-sachs-on-oil-price-economy,Hillary Remy,2026-08-31T00:37:00Z,shipping rates,Goldman Sachs’ note on oil markets and the Strait of Hormuz has real implications for the U.S. economy.,TheStreet,Unknown,Market Report,2026-09-01T16:14:26.478797Z
65f40387f8ca69450de7c164b810a514,"Petrol near N1,400 as Dangote defends price hikes",https://punchng.com/petrol-near-n1400-as-dangote-defends-price-hikes/,Punch Newspapers,2026-08-31T00:07:09Z,shipping rates,"Dangote Refinery defends recent petrol price hikes, attributing increases to crude oil acquisition costs and logistics, as petrol nears N1,400 per litre.

Read More: https://punchng.com/petrol-near-n1400-as-dangote-defends-price-hikes/",The Punch,Unknown,News,2026-09-01T16:14:26.478838Z
651a83ed09498508efcee2202ea4550b,Iran’s Revolutionary Guards announce missile launches at vessels in Strait of Hormuz,https://cryptobriefing.com/iran-irgc-missile-launches-strait-hormuz/,Editorial Team,2026-08-30T21:59:51Z,shipping rates,"Iran's actions in the Strait of Hormuz heighten global economic risks, impacting oil prices and maritime insurance, with potential for escalation.
The post Iran’s Revolutionary Guards announce missile launches at vessels in Strait of Hormuz appeared first on …",Crypto Briefing,Global,Market Report,2026-09-01T16:14:26.478887Z
08261b2b52358f2188815455e1263b18,Live: ASX set to slip as Wall Street slides on inflation worries,https://www.abc.net.au/news/2026-08-31/asx-markets-business-live-news-wall-street-slides/107095734,Stephen Letts,2026-08-30T21:09:05Z,shipping rates,US Federal Reserve chair Kevin Warsh's warning about entrenched inflation sparks a slide on Wall Street that is likely to impact the ASX. Follow the day's events and insights from our business reporters on the ABC News live markets blog.,ABC News (AU),Unknown,Analysis/Opinion,2026-09-01T16:14:26.478923Z
e713564afdd43649a974664efa253aba,Prices are up and more pain is likely at the supermarket check-out,https://www.abc.net.au/news/2026-08-31/grocery-prices-up-more-pain-expected-at-supermarket-check-out/107093756,Fiona Blackwood,2026-08-30T21:00:34Z,shipping rates,"If you feel like grocery prices have gone up over the past year, it's because they have. Research shows a typical grocery bill at Woolworths last year was $213.89, while in 2026 the same items cost $232.02, up 8.5 per cent.",ABC News (AU),Unknown,Market Report,2026-09-01T16:14:26.478959Z
1eaa6f131a70c274d280235d72bb4c4a,China cannot yet hold a beach on Taiwan,https://www.wnd.com/2026/08/china-cannot-yet-hold-beach-taiwan/,RealClearWire,2026-08-30T19:16:34Z,shipping rates,Study concludes communist regime would need an 'indirect' approach because ports are all 'well protected',Wnd.com,China,News,2026-09-01T16:14:26.478972Z
32e04a978946ff10ba96c242ac958cfd,Exim Matters: India needs higher cargo volumes to attract sailings,https://www.business-standard.com/opinion/columns/exim-matters-india-needs-higher-cargo-volumes-to-attract-sailings-126083100005_1.html,TNC Rajagopalan,2026-08-30T18:56:32Z,shipping rates,"India's exporters and importers face soaring freight costs and shipping disruptions, but subsidies may not be the answer as global shipping undergoes a technology transition",Business Standard,India,News,2026-09-01T16:14:26.479022Z
b0ca497d36270cdeb3c3260c7ad58059,"ALL Accor Select Corporate Travelers Double Points September 1 – December 15, 2026",https://loyaltylobby.com/2026/08/30/all-accor-select-corporate-travelers-double-points-september-1-december-15-2026/,John Ollila,2026-08-30T15:09:30Z,shipping rates,"The European month-long summer vacation is over, and Accor has launched double points for corporate travelers’ stays this fall. ALL Accor members who book and stay on select corporate rates September 1 – December 16, 2026, can earn double points. You must reg…",Loyaltylobby.com,Unknown,Market Report,2026-09-01T16:14:26.479069Z
54d839df2a6bc4f85847ee33ae24c8dd,‘There’s a shroud over this market’: Jim Cramer warns stocks face a tougher road — here’s how to prepare,https://finance.yahoo.com/markets/stocks/articles/shroud-over-market-jim-cramer-121500547.html,Eric Esposito,2026-08-30T12:15:00Z,shipping rates,Cramer sees warning signs for Wall Street as high interest rates threaten a key market tailwind. Here’s how to diversify if stocks stumble.,Yahoo Entertainment,Unknown,Market Report,2026-09-01T16:14:26.479109Z
be95e220f10dc22742db5e4fd1df0042,Rising royalties push up gold production costs: WGC report,https://en.aletihad.ae/news/business/4688347/rising-royalties-push-up-gold-production-costs--wgc-report,Aletihad Newspaper,2026-08-30T11:08:47Z,shipping rates,The impact has been particularly pronounced in countries that have introduced royalty systems linked to gold prices.,Aletihad.ae,Unknown,Market Report,2026-09-01T16:14:26.479137Z
4abff4a6f40c8e38277f7bfe329905a9,The Mocha Monopoly: how Yemen’s Dominance of the global Coffee Trade birthed the Houthi Rebels,https://www.juancole.com/2026/08/monopoly-dominance-birthed.html,Ibrahim Al-Marashi,2026-08-30T04:08:02Z,shipping rates,The history of Yemen  remains inextricably linked to the rise and fall of its centuries-long dominance over the global coffee trade.,Juancole.com,Global,News,2026-09-01T16:14:26.479177Z
1a449643736bb11473689261ecf570ba,What Is Affiliate Marketing and How Does It Work?,https://delarado.com/what-is-affiliate-marketing-and-how-does-it-work/,,2026-08-30T01:48:28Z,shipping rates,What Is Affiliate Marketing and How Does It Work?delarado.com,Delarado.com,Unknown,Market Report,2026-09-01T16:14:26.479200Z
bc08951d2f135e06a0cb10964b92633b,"Major fruit grower lays off nearly 1,000 workers",https://www.thestreet.com/retail/borton-sons-fruit-grower-layoffs-928-farmworkers,Aparajita Chatterjee,2026-08-30T01:03:00Z,shipping rates,"The cuts expose the reality of farm workers and fruit growers, who depend on a seasonal workforce.",TheStreet,Unknown,News,2026-09-01T16:14:26.479229Z
8c633ba89f972605126672af5e5f853f,This 27-Inch Monitor Can Switch Between 5K Work Mode and 360Hz Gaming,https://the-gadgeteer.com/2026/08/29/aoc-agon-optimus-ultra-agp277kxm-5k-360hz-monitor/,Rei Padla,2026-08-30T01:00:40Z,shipping rates,"High-end monitor shopping often forces an annoying choice. A 5K screen delivers sharp text, detailed creative work, and immersive games, while high-refresh options at that resolution remain uncommon. A QHD esports monitor is easier to drive at very high frame…",The Gadgeteer,Unknown,News,2026-09-01T16:14:26.479279Z
513a18fd2d0da3c1f02987533c2016f9,USPS Hikes Shipping 6 Percent for 2026 Holidays,https://www.ecommercebytes.com/C/abblog/blog.pl?/pl/2026/8/1788051089.html,Ina Steiner,2026-08-29T20:51:29Z,shipping rates,Online sellers will pay higher shipping costs during the holiday shopping season with USPS package rates rising by 6 percent on average.,EcommerceBytes,Unknown,Market Report,2026-09-01T16:14:26.479320Z
dfd26137801ac7a54541cae5538eb4a4,"2,001 Views, 29 Taps: The Funnel Math of Instagram Comment Marketing | Scout7",https://scout7.ai/content/2-001-views-29-taps-the-funnel-math-of-instagram-comment-marketing,Scout7,2026-08-29T18:35:42Z,shipping rates,"A 28-day Instagram run produced 2,001 views, 574 profile visits, and 29 link taps. Here’s how to measure social funnel conversion honestly.",Scout7.ai,Unknown,Analysis/Opinion,2026-09-01T16:14:26.479352Z
c9b750708e5c72b8bd55fe27a6dd51f7,Spend Less on Your Next Laptop: These 17 Savings Tips Never Fail Me,https://uk.pcmag.com/laptops/166974/spend-less-on-your-next-laptop-these-17-savings-tips-never-fail-me,Brian Westover,2026-08-29T12:40:58Z,shipping rates,"Between roller-coaster tariffs and inflation, it's too easy today to overpay. Here’s my proven playbook for landing the right laptop at the right price.
One of the first responses I hear when I tell people that I review laptops for a living is, ""Why do they c…",PCMag.com,Unknown,Analysis/Opinion,2026-09-01T16:14:26.479392Z
e15eaf3c182cb3a2b7cd71579e789250,‘You could lose 25% to 35%.’ AARP warns Americans about making this 401(k) move. Here are 4 alternatives to consider,https://finance.yahoo.com/markets/articles/could-lose-25-35-aarp-121500853.html,Vishesh Raisinghani,2026-08-29T12:15:00Z,shipping rates,"When an unexpected bill hits, where you turn for cash can have lasting consequences. These four alternatives could help protect your long-term financial secu...",Yahoo Entertainment,USA,News,2026-09-01T16:14:26.479423Z
6de99c3e89abd3cdc9f63a7d84afe8fe,Robert Kiyosaki says he’s $1.2B in debt — and isn’t worried. He uses debt to buy this 1 asset and ‘pay no tax legally’,https://finance.yahoo.com/real-estate/articles/robert-kiyosaki-says-1-2b-113500795.html,Jing Pan,2026-08-29T11:35:00Z,shipping rates,"How ""Rich Dad, Poor Dad"" author uses debt strategically.",Yahoo Entertainment,Unknown,News,2026-09-01T16:14:26.479457Z
34dbb8f0d8f558b9383b07ab7237778d,Peter Schiff says Trump’s ‘numbing the pain’ of America’s $40T debt problem — protect your retirement before crisis hits,https://finance.yahoo.com/economy/policy/articles/peter-schiff-says-trump-numbing-111500280.html,Thomas Kent,2026-08-29T11:15:00Z,shipping rates,30-year Treasury yields hit 5.34% as national debt crosses $40T. Here's how to shield your portfolio.,Yahoo Entertainment,USA,News,2026-09-01T16:14:26.479479Z
2fd1e8dfaf18a266b18240a3975e98d4,CNG prices will come down after US-Iran situation normalises: BJP spokesperson Shahnawaz Hussain,https://economictimes.indiatimes.com/industry/energy/oil-gas/cng-prices-will-come-down-after-us-iran-situation-normalises-bjp-spokesperson-shahnawaz-hussain/articleshow/133606908.cms,ANI,2026-08-29T07:28:56Z,shipping rates,"In Delhi, the cost of CNG has gone up by Rs 3.89 per kg, reflecting a response to rising import costs and geopolitical uncertainties on a global scale. Significant unrest in West Asia has disrupted vital shipping lanes for natural gas. Nonetheless, Indraprast…",The Times of India,Global,Market Report,2026-09-01T16:14:26.479530Z
e9da4f50df9b97b84c5542521c85592f,Mark Carney’s high-stakes gambit: why Canada walked out on US trade talks and doubled down on retaliatory levies,https://www.livemint.com/opinion/mark-carney-s-high-stakes-gambit-why-canada-walked-out-on-us-trade-talks-and-doubled-down-on-retaliatory-levies-11787983325516.html,Elizabeth Roche,2026-08-29T06:35:13Z,shipping rates,"Canada has exited trade negotiations with US and launched dollar-for-dollar retaliatory tariffs, marking a sharp escalation in middle-power resistance against Washington.&nbsp;",Livemint,Unknown,News,2026-09-01T16:14:26.479579Z
40c48acb9f5779e08e316c85f7918caf,Crude oil prices end winning run with first weekly fall in nearly a month. Can liquid gold slide further?,https://economictimes.indiatimes.com/markets/commodities/news/crude-oil-prices-end-winning-run-with-first-weekly-fall-in-nearly-a-month-can-liquid-gold-slide-further/articleshow/133604216.cms,Veer Sharma,2026-08-29T04:52:18Z,shipping rates,"Crude oil prices posted their first weekly decline in three weeks as improving flows through the Strait of Hormuz eased supply concerns. Brent fell over 5% for the week, while WTI declined more than 4%. However, prolonged shipping disruptions could push price…",The Times of India,Unknown,Market Report,2026-09-01T16:14:26.479627Z
f4d69de46d0c31044adc2788c7615880,"Interest rates, fish and Donald Trump on Icelanders' minds as nation goes to referendum on EU",https://www.abc.net.au/news/2026-08-29/iceland-referendum-on-restarting-talks-to-join-european-union/107084870,Mazoe Ford and Daniel Pannett,2026-08-29T03:23:37Z,shipping rates,Iceland is a nation divided as its people go to a referendum this weekend to decide whether it should restart negotiations on joining the European Union.,ABC News (AU),Unknown,Market Report,2026-09-01T16:14:26.479661Z
827a9e81572c8f4fd3dce12083f4fe22,A 9-in-1 Blu-ray Drive + USB Hub That Turns Cheap DVDs into 100GB Storage You Own Forever,https://www.yankodesign.com/2026/08/28/a-9-in-1-blu-ray-drive-usb-hub-that-turns-cheap-dvds-into-100gb-storage-you-own-forever/,Sarang Sheth,2026-08-29T01:45:08Z,shipping rates,"A 9-in-1 Blu-ray Drive + USB Hub That Turns Cheap DVDs into 100GB Storage You Own ForeverThere was a window, roughly 1998 to 2006, when you could walk into a shop, buy a disc, and own the thing forever. No login,...",Yanko Design,Unknown,News,2026-09-01T16:14:26.479700Z
a0b64a684aee72eb65b454f705bf244c,"Iran conflict pushes VLCC rates to $650,000 per day amid Strait of Hormuz risks",https://cryptobriefing.com/iran-conflict-pushes-vlcc-rates-to-650000-per-day-amid-strait-of-hormuz-risks/,Estefano Gomez,2026-08-28T23:17:54Z,shipping rates,"Rising VLCC rates due to Iran conflict highlight potential global oil supply disruptions and increased geopolitical tensions in maritime trade.
The post Iran conflict pushes VLCC rates to $650,000 per day amid Strait of Hormuz risks appeared first on Crypto B…",Crypto Briefing,Global,Market Report,2026-09-01T16:14:26.479745Z
65efe86e1cac30026ef3d61bdcc9556d,Some Indigenous businesses are trying to avoid U.S. markets amid trade war,https://www.cbc.ca/news/indigenous/some-indigenous-businesses-are-trying-to-avoid-u-s-markets-amid-trade-war-9.7324885,Jackie McKay,2026-08-28T22:29:00Z,shipping rates,Some Indigenous businesses in Canada are avoiding selling products to the U.S. in order to avoid uncertainty and hassle.,CBC News,Unknown,Market Report,2026-09-01T16:14:26.479776Z
a09ad1c60cb3037597ce1f7b6b685308,360 Energy Pulse: What mattered this week in energy,https://finance.yahoo.com/energy/articles/360-energy-pulse-mattered-week-213037291.html,Oil & Gas 360,2026-08-28T21:30:37Z,shipping rates,"(By Oil & Gas 360) – Six months into the Iran war, global energy markets are confronting an uncomfortable reality: […]",Yahoo Entertainment,Global,Market Report,2026-09-01T16:14:26.479811Z
7d72674a12c9c9e8dd0f20e5c9b923de,SFL Corp. (SFL) Scores a Record Quarter on Surging Tanker Rates,https://finance.yahoo.com/markets/stocks/articles/sfl-corp-sfl-scores-record-212217444.html,Maham Fatima,2026-08-28T21:22:17Z,shipping rates,"On August 26, SFL Corporation Ltd. (NYSE:SFL) held its second-quarter earnings call, and the numbers explained why management sounded upbeat. Revenue climbed...",Yahoo Entertainment,Unknown,Market Report,2026-09-01T16:14:26.479843Z
189731b200641721707c2b30b535ff7c,My Tesla Cybercab launch predictions,http://electrek.co/2026/08/28/tesla-cybercab-launch-predictions/,Fred Lambert,2026-08-28T17:20:40Z,shipping rates,"Tesla holds its Cybercab launch event in Austin on September 3, and it’s being sold as a milestone. Here’s my prediction: it’s going to look a lot like the last time Tesla launched this car, back in October 2024.
Expect a big robotaxi fleet number as the head…",Electrek,Unknown,Analysis/Opinion,2026-09-01T16:14:26.479884Z
5818c37d2597ff680efcdf87cdfa09fb,BW LPG Limited Q2 2026 Earnings Call Summary,https://app.moby.co/home/research/tools/earningsCalendar/earnings-bw-lpg-limited-q2-2026-earnings-call-summary?utm_source=yahoo_finance&amp;utm_medium=rss,Moby Intelligence,2026-08-28T17:06:34Z,shipping rates,Moby summary of BW LPG Limited's Q2 2026 earnings call,Moby.co,Unknown,News,2026-09-01T16:14:26.479909Z
ca75fcbb9432686cbcccae3c80d1febf,How better data helps you reduce ecommerce returns,https://woocommerce.com/posts/better-data-reduced-returns/,Renzo Bojanovich,2026-08-28T17:00:37Z,shipping rates,"Returns can tell you a lot about what’s happening in your store. Learn how better ecommerce data can help you spot problems, uncover buyer friction, fix fulfillment issues, and reduce preventable returns.",Woocommerce.com,Unknown,News,2026-09-01T16:14:26.479952Z
22d7cef0dc2b5eee217fcf237fa0e4d0,Oil tanker route earnings near $510K daily amid Iran war impacts,https://cryptobriefing.com/oil-tanker-earnings-iran-war-impacts/,Editorial Team,2026-08-28T16:55:32Z,shipping rates,"The surge in tanker earnings highlights vulnerabilities in global oil supply chains, emphasizing the need for diversified energy strategies.
The post Oil tanker route earnings near $510K daily amid Iran war impacts appeared first on Crypto Briefing.",Crypto Briefing,Global,Market Report,2026-09-01T16:14:26.479993Z
a726ba41ce03deb5fecd64501b68fb26,APEC projects regional economy to grow by 3.2 percent in 2026,https://en.antaranews.com/news/428964/apec-projects-regional-economy-to-grow-by-32-percent-in-2026,Uyu Septiyati Liman,2026-08-28T16:34:55Z,shipping rates,"The Asia-Pacific Economic Cooperation (APEC) projects the average economic growth of its member economies to reach 3.2 percent year-on-year this year, ...",Antaranews.com,Unknown,News,2026-09-01T16:14:26.480028Z
e9c3bc23bc4d1328ede81e2def170df9,Just the rumour of a bug is enough to find an exploit these days,https://anil.recoil.org/notes/rumour-is-the-exploit,Anil Madhavapeddy,2026-08-28T15:58:46Z,shipping rates,"Thinking through how the conventional OSS security embargoes no longer buy us time, and what open source maintainers might do instead to respond",Recoil.org,Unknown,News,2026-09-01T16:14:26.480062Z
52099a9e453bb547f3872b6d247bef31,"Rhine Water Stable After Rain, More Wet Weather Expected to Help",https://gcaptain.com/rhine-water-stable-after-rain-more-wet-weather-expected-to-help/,Reuters,2026-08-28T15:26:13Z,shipping rates,"Water levels on the river Rhine in Germany remained stable this week, holding above record lows after recent rain and allowing vessels to carry larger cargoes, the country's inland navigation agency said on Friday.",gcaptain.com,Germany,News,2026-09-01T16:14:26.480102Z
3b2e55c4e13387ecbf73b8e65f604790,"Gulf Oil Tankers Near $650,000 a Day as Iran War Disrupts Flows",https://gcaptain.com/gulf-oil-tankers-near-650000-a-day-as-iran-war-disrupts-flows/,Bloomberg,2026-08-28T15:16:08Z,shipping rates,"Earnings for ships on the world’s benchmark oil tanker route approached $650,000 a day as the Iran war and a bold bet by a South Korean tycoon continue to reshape how barrels are transported across the globe.",gcaptain.com,South Korea,News,2026-09-01T16:14:26.480135Z
d62f738495595db14bc0920450d225b0,Frontline Q2 Earnings Call Highlights,https://www.marketbeat.com/instant-alerts/transcript-frontline-q2-earnings-call-highlights-2026-08-28/?utm_source=yahoofinance&amp;utm_medium=yahoofinance,MarketBeat,2026-08-28T15:02:20Z,shipping rates,"Frontline (NYSE:FRO) reported its highest quarterly profit and adjusted profit on record for the second quarter of 2026, supported by sharply higher tanker r...",MarketBeat,Unknown,Market Report,2026-09-01T16:14:26.480168Z
acfd4e52a572145be7c16efe5bea492d,Is Cashing Out At The Top Of A Boom,https://biztoc.com/x/9b0e3a4283a00cc4,finance.yahoo.com,2026-08-28T14:22:23Z,shipping rates,"On August 27, Cmb.Tech NV (NYSE:CMBT) posted a $364.4 million net profit for the second quarter, built on shipping rates that management called historic and a run of well-timed asset sales. Revenue topped $700 million, and EBITDA came in at $552 million. The …",Biztoc.com,Unknown,Market Report,2026-09-01T16:14:26.480210Z
ef65e37d370cbd6b46185ab25c9e1741,"Gulf oil tanker earnings near $650,000 a day as Iran war reshapes global shipping",https://cryptobriefing.com/gulf-oil-tanker-rates-iran-war/,Editorial Team,2026-08-28T13:25:18Z,shipping rates,"The surge in tanker earnings due to geopolitical tensions and market consolidation could lead to increased global oil prices and economic instability.
The post Gulf oil tanker earnings near $650,000 a day as Iran war reshapes global shipping appeared first on…",Crypto Briefing,Global,Market Report,2026-09-01T16:14:26.480286Z
8c8c68e2c52a8d9c36af5cc42af8dc4e,50% of the Work Created in Linear Is Now Created by Agents. A Year Ago It Was 3%.,https://www.saastr.com/50-of-the-work-created-in-linear-is-now-created-by-agents-a-year-ago-it-was-3/,Jason Lemkin,2026-08-28T12:52:55Z,shipping rates,"Linear published its tender offer news this week: $99 million of secondary at a $2.5 billion valuation, up from $1.25 billion at the Series C last year. Accel and 01A participated, with Salesforce Ventures and S32 coming in new. No primary capital raised. The…",Saastr.com,Unknown,News,2026-09-01T16:14:26.480349Z
1264af3f166c6d472fdec065f92ba3eb,The Buffer Team Shipped 57 New Internal Tools in 5 Days,https://buffer.com/resources/build-week-2026/,Hailley Griffis,2026-08-28T12:43:05Z,shipping rates,"72 people at Buffer stopped their regular work and spent the week building. Here's a full recap of everything we built, from customer features to a house-swapping app.",Buffer.com,Unknown,News,2026-09-01T16:14:26.480383Z
4988a582aa310ebb25dd4208f9c9ff41,Are you waiting too long to retire? Here are 3 surprising statistics that may make you want to set a date ASAP,https://finance.yahoo.com/small-business/articles/waiting-too-long-retire-3-120500355.html,Moneywise,2026-08-28T12:05:00Z,shipping rates,They might change how you imagine your golden years.,Yahoo Entertainment,Unknown,News,2026-09-01T16:14:26.480414Z
0a616b26613113224d77c0be925f4a01,Why AI Projects Stall Between Proof of Concept and Production,https://dzone.com/articles/why-production-ai-projects-stall,Vikrant Bhalodia,2026-08-28T12:00:09Z,shipping rates,"A proof of concept is often the easiest part of an AI project. The scope is narrow, the users are friendly, the data sample is controlled, and the success criteria are usually simple enough to prove that something can work. A chatbot answers support questions…",Dzone.com,Unknown,News,2026-09-01T16:14:26.480465Z
30938b9e03f6e2df500a281779b3a32c,"Sensex, Nifty snap two-day losing streak; IT stocks surge, breadth positive",https://www.business-standard.com/markets/capital-market-news/sensex-nifty-snap-two-day-losing-streak-it-stocks-surge-breadth-positive-126082800928_1.html,Capital Market,2026-08-28T11:34:09Z,shipping rates,"Key equity benchmarks rebounded on Friday, snapping a two-session losing streak, as a sharp rally in IT stocks helped offset weakness in select heavyweight banking and consumer-facing stocks. The rally in IT shares was supported partly by stronger global tech…",Business Standard,Global,News,2026-09-01T16:14:26.480515Z
4337bd368ff392011bc4ca7e6fc9b36f,3 Under-the-Radar AI Stocks Wall Street Is Missing,https://247wallst.com/investing/2026/08/28/3-under-the-radar-ai-stocks-wall-street-is-missing/,Joel South,2026-08-28T11:01:03Z,shipping rates,"While Wall Street piles into the usual semiconductor giants, three mid-cap names buried deeper in the AI stack are quietly booking orders into 2027 and posti...",24/7 Wall St.,Unknown,News,2026-09-01T16:14:26.480550Z
b0bc930a80060a9449c7b7961e03132e,"Walmart, Goldman Sachs, JD Power issue red alert over US consumers — and your nest egg takes the biggest hit",https://finance.yahoo.com/economy/articles/walmart-goldman-sachs-jd-power-104500597.html,Jing Pan,2026-08-28T10:45:00Z,shipping rates,"From the gas pump to the grocery aisle, Americans are feeling the squeeze. Here are three ways to help protect your savings as financial stress mounts.",Yahoo Entertainment,USA,News,2026-09-01T16:14:26.480576Z
2d7003b14b59106c9538a4954c16bbd4,BW LPG Posts Higher Shipping Revenue,https://www.rigzone.com/news/bw_lpg_posts_higher_shipping_revenue-28-aug-2026-184481-article/,Jov Onsat,2026-08-28T10:35:55Z,shipping rates,"BW LPG reported $340.8 million in shipping revenue for the second quarter, up from $230.5 million for the same three-month period last year as a dramatic increase in spot rates offset fewer operating days.",Rigzone,Unknown,Market Report,2026-09-01T16:14:26.480612Z
4c85a8baafc477dab4ecdb0e072bcb42,Indices snap 2-day losses; IT shares rally,https://www.business-standard.com/markets/capital-market-news/indices-snap-2-day-losses-it-shares-rally-126082800851_1.html,Capital Market,2026-08-28T10:34:50Z,shipping rates,"Market participants remained focused on the upcoming speech by Kevin Warsh, who is set to deliver his first major address as Federal Reserve chair at the annual Kansas City Fed economic symposium in Jackson Hole, Wyoming. The address is being closely watched …",Business Standard,Unknown,Market Report,2026-09-01T16:14:26.480654Z
a07ca3fef8e3540235e363a917ff608f,"Fed, BOJ, AI Boom and Elections: What markets are watching next",https://economictimes.indiatimes.com/markets/us-stocks/news/fed-boj-ai-boom-and-elections-what-markets-are-watching-next/articleshow/133587880.cms,Anupam Nagar,2026-08-28T09:12:46Z,shipping rates,"As traders emerge from their holiday break, global markets brace for fluctuations. The ongoing geopolitical tensions keep energy prices in focus, while decisions from the Fed and BOJ will be scrutinized closely. Additionally, the rise of artificial intelligen…",The Times of India,Global,Market Report,2026-09-01T16:14:26.480700Z
b036cf226f19cfc9727855fe6926f9b4,"Sensex, Nifty trade marginally higher; European mrkt advance",https://www.business-standard.com/markets/capital-market-news/sensex-nifty-trade-marginally-higher-european-mrkt-advance-126082800589_1.html,Capital Market,2026-08-28T08:20:07Z,shipping rates,"Market participants remained focused on the upcoming speech by Kevin Warsh, who is set to deliver his first major address as Federal Reserve chair at the annual Kansas City Fed economic symposium in Jackson Hole, Wyoming. The address is being closely watched …",Business Standard,Unknown,Market Report,2026-09-01T16:14:26.480743Z
90c08338ffeb9773c7eb290a5a29edaa,Nikkei Rebounds as IT Shares Rise Before Jackson Hole,https://newsonjapan.com/article/150538.php,News On Japan,2026-08-28T07:54:30Z,shipping rates,"Tokyo stocks rose on August 28, with the Nikkei 225 closing at 66,405.56, up 273.58 points, or 0.41%, as information-technology, software, automaker and selected semiconductor-related shares gained after a U.S. technology rally, while investors remained cauti…",Newsonjapan.com,Japan,News,2026-09-01T16:14:26.480779Z
6b50ae8553f9251d5bdbbadbead957b2,Gold outlook hinges on Warsh speech as hawkish Fed stance may weigh,https://www.business-standard.com/markets/news/gold-outlook-hinges-on-warsh-speech-as-hawkish-fed-stance-may-weigh-126082800481_1.html,Praveen Singh,2026-08-28T06:55:45Z,shipping rates,"A hawkish signal from Warsh could trigger further correction in gold towards the $4,500-$4,520 support zone, although downside may remain limited ahead of next week's US nonfarm payroll data.",Business Standard,Unknown,Analysis/Opinion,2026-09-01T16:14:26.480810Z
010bb5d6cf61a1adbf77652e18d402fa,America’s Power Grid Is Under Pressure. Here’s What Business Owners Need to Know.,https://www.entrepreneur.com/business-news/tech/americas-power-grid-is-under-pressure-heres-what-business-owners-need-to-know,Arpit Jain,2026-08-28T06:30:00Z,shipping rates,Learn why power reliability is becoming a real competitive advantage for businesses.,Entrepreneur,USA,News,2026-09-01T16:14:26.480832Z
ea029621b2a4053c9df532aabfb9d7da,"Global Market: China stocks steady as property shares offset Biotech, chip losses",https://economictimes.indiatimes.com/markets/us-stocks/news/global-market-china-stocks-steady-as-property-shares-offset-biotech-chip-losses/articleshow/133584907.cms,Anupam Nagar,2026-08-28T06:13:39Z,shipping rates,"Chinese stocks were largely steady on Friday as gains in property shares offset losses in biotechnology and semiconductor stocks. The Shanghai Composite edged up 0.1%, while the CSI300 slipped 0.1%. Hong Kong equities advanced, supported by Wall Street gains …",The Times of India,China,Market Report,2026-09-01T16:14:26.480847Z
af1df3f46ed0a9723b08288b829b8fda,Typhoon Saudel Piles More Pressure on China’s Congested Ports,http://wwd.com/sourcing-journal/logistics/typhoon-saudel-china-ports-congestion-shanghai-ningbo-closed-1239173025/,Glenn Taylor,2026-08-27T22:13:09Z,shipping rates,"The storm has shuttered Ningbo-Zhoushan and suspended operations at Shanghai’s Yangshan and Waigaoqiao terminals, compounding days-long vessel berthing delays that have lasted since July.",WWD,China,News,2026-09-01T16:14:26.480893Z
d5557cb0e06971596add3000ccaaca10,"Hormuz Shipping Traffic Barely Budges as Tanker Attacks, Mine Risks Persist",http://wwd.com/sourcing-journal/logistics/strait-of-hormuz-shipping-traffic-iran-war-oman-qatar-tanker-attacks-india-1239172523/,Glenn Taylor,2026-08-27T19:00:00Z,shipping rates,Vessel transits on Wednesday stayed below the 10-day average as Qatar mediates talks in Tehran and Iran's IRGC claims a revenue-sharing pact with Oman over the strait.,WWD,Unknown,News,2026-09-01T16:14:26.480934Z
b5771c8ff6ed37b6513f248ed9804288,Show HN: Sparrow-2 – Solving the cocktail party problem,https://www.tavus.io/blog/sparrow-2,code_brian,2026-08-27T17:52:21Z,shipping rates,"Hey there, I’m Brian. I've been shipping conversational models over here at Tavus for the past two years. I want to tell you about our new audio-understanding model: Sparrow-2! It’s a new category of model and a unique new approach to conversational audio.Ear…",Tavus.io,Unknown,News,2026-09-01T16:14:26.480987Z
76f80e207431a862fc2b7d44aafb249d,Hormuz Oil Flows Rising as Gulf Giants’ Ramp Up Accelerates,https://gcaptain.com/hormuz-oil-flows-rising-as-gulf-giants-ramp-up-accelerates/,Bloomberg,2026-08-27T17:51:54Z,shipping rates,(Bloomberg) — The flow of crude through the Strait of Hormuz is creeping higher as producers across the Middle East boost exports in the face of Iran’s lingering threat to...,gcaptain.com,Unknown,Market Report,2026-09-01T16:14:26.481024Z
cf82f29e3ce24e79405c61ecbd537e7d,How to write a return policy your team can actually follow,https://woocommerce.com/posts/how-to-write-a-return-policy/,Erika Ellacott,2026-08-27T17:34:00Z,shipping rates,"Your return policy should reflect how your team actually handles returns. Learn how to spot policy drift, streamline the process, and create a better experience for both customers and staff.",Woocommerce.com,Unknown,News,2026-09-01T16:14:26.481061Z
c75aa95a326db75c9559b30df5ccbeca,“This May Not Be the Right Time to Jump Into the Small Carrier Market.” Two Top Transportation Attorneys on Whether the Small Carrier Has a Future.,https://finance.yahoo.com/small-business/articles/may-not-time-jump-small-155727233.html,Adam Wingfield,2026-08-27T15:57:27Z,shipping rates,"There is a question hanging over the small carrier world right now, and two of the most knowledgeable transportation attorneys in the country did not flinch...",Yahoo Entertainment,Unknown,Market Report,2026-09-01T16:14:26.481105Z
73485cad79b7fd0a20e6428f6ced8a52,Six Airline Credit Cards Just Launched Major Limited-Time Offers — One Is the Biggest We’ve Seen,https://eyeoftheflyer.com/2026/08/27/delta-amex-200k-flight-certificate-offers/,Eye of the Flyer,2026-08-27T15:04:15Z,shipping rates,"Six airline credit cards just refreshed their limited-time offers. We break down what changed, how the offers differ, and the deadline travelers should know.",Eyeoftheflyer.com,Unknown,News,2026-09-01T16:14:26.481182Z
58abe0f39723cf268e685bef5015146c,The Teaser Period: Why the AI Boom Is Hitting a Reset Wall,https://www.groundbrkr.com/p/the-teaser-period-why-the-ai-boom,Groundbreaker,2026-08-27T14:27:39Z,shipping rates,"Trillions in compute commitments come due in 2027–2028. The Reset Wall reveals how the AI boom breaks, and when.",Groundbrkr.com,Unknown,News,2026-09-01T16:14:26.481219Z
231855823c1a367278c0c6686bb0abee,Contribution Margin Guides Ecommerce Growth,https://www.practicalecommerce.com/contribution-margin-guides-ecommerce-growth,Armando Roggio,2026-08-27T13:47:39Z,shipping rates,"Will peak-season sales spikes actually increase profits?
The post Contribution Margin Guides Ecommerce Growth appeared first on Practical Ecommerce.",Practical Ecommerce,Unknown,News,2026-09-01T16:14:26.481254Z
afdd374ca8b24547e6158222cfe968b2,Alphabet loses US$692 billion in market value as AI questions rise,https://financialpost.com/investing/alphabet-loses-market-value-ai-questions,Bloomberg News,2026-08-27T13:27:49Z,shipping rates,"For much of the last year, Alphabet Inc. has been the Big Tech stock to beat as investors bet that it was the most-likely AI winner. Read on",Financial Post,Unknown,Market Report,2026-09-01T16:14:26.481284Z
445b8ccaf70d5fd00a7a336004455aee,Hormuz Oil Flows Rising as Gulf Giants’ Ramp Up Accelerates,https://finance.yahoo.com/energy/articles/hormuz-oil-flows-rising-gulf-130920932.html,"Alex Longley, Julian Lee and Yongchang Chin",2026-08-27T13:09:20Z,shipping rates,The flow of crude through the Strait of Hormuz is creeping higher as producers across the Middle East boost exports in the face of Iran’s lingering threat to...,Yahoo Entertainment,Unknown,Market Report,2026-09-01T16:14:26.481349Z
9e7a3d4c03a6803425bd709be3dcff77,DP World Launches Express Ocean Freight Services Ahead of Peak Shipping Season,https://financialpost.com/globe-newswire/dp-world-launches-express-ocean-freight-services-ahead-of-peak-shipping-season,GlobeNewswire,2026-08-27T13:02:18Z,shipping rates,"New priority Less-than-Container Load (LCL) services provide faster transit times, weekly departures and end-to-end connectivity across major global trade lanes CHARLOTTE, N.C., Aug. 27, 2026 (GLOBE NEWSWIRE) — DP World has launched two new Express Less-than-…",Financial Post,Global,Market Report,2026-09-01T16:14:26.481396Z
b3ceff4d13b5d6313f3485fb1d868884,World stocks steady as Nvidia boost tempers Jackson Hole caution,https://finance.yahoo.com/news/asian-stocks-rise-third-day-020028496.html,By Danilo Masoni,2026-08-27T13:00:00Z,shipping rates,"By Danilo Masoni MILAN, Aug 27 (Reuters) - Stocks steadied on Thursday as Nvidia's bullish outlook boosted tech shares, though caution ahead of Fed Chair Kev...",Yahoo Entertainment,Unknown,Analysis/Opinion,2026-09-01T16:14:26.481429Z
8f3015de7ff4fb4556eb7108af600b57,World stocks steady as Nvidia boost tempers Jackson Hole caution,https://www.channelnewsasia.com/business/world-stocks-steady-nvidia-boost-tempers-jackson-hole-caution-6344056,,2026-08-27T13:00:00Z,shipping rates,"MILAN, Aug 27 : Stocks steadied on Thursday as Nvidia's bullish outlook boosted tech shares, though caution ahead of Fed Chair Kevin Warsh's Jackson Hole speech on Friday and uncertainty over the Strait of Hormuz checked appetite for risk.Technology stocks ra…",CNA,Unknown,Analysis/Opinion,2026-09-01T16:14:26.481469Z
09cf69b919e8c648e470c051bafa4bac,Six months of war in the Middle East: The cost to Greece and Europe,https://www.naftemporiki.gr/english/2154108/six-months-of-war-in-the-middle-east-the-cost-to-greece-and-europe/,Μιχάλης Ματσίγκος,2026-08-27T12:20:40Z,shipping rates,"The Piraeus Chamber of Commerce and Industry (PCCI) is analyzing the economic impact of the war in the Middle East, six months after the conflict began.
Βased on available data…
Six months of war in the Middle East: The cost to Greece and Europe - Η ΝΑΥΤΕΜΠΟΡ…",Naftemporiki.gr,Greece,News,2026-09-01T16:14:26.481513Z
6f213960e67364110fb24f0142445995,Meeting of 22-23 July 2026,https://www.ecb.europa.eu/press/accounts/2026/html/ecb.mg260827~f06c21fd54.en.html,European Central Bank,2026-08-27T11:30:00Z,shipping rates,The European Central Bank (ECB) is the central bank of the European Union countries which have adopted the euro. Our main task is to maintain price stability in the euro area and so preserve the purchasing power of the single currency.,Europa.eu,Unknown,News,2026-09-01T16:14:26.481555Z
a05d6a4f5e40e632698c4e281a966951,Analyst Explains Why Oil Prices Are Easing,https://www.rigzone.com/news/analyst_explains_why_oil_prices_are_easing-27-aug-2026-184471-article/,Andreas Exarheas,2026-08-27T11:23:10Z,shipping rates,"Naeem Aslam, CIO at Zaye Capital Markets, outlined a 'key catalyst'.",Rigzone,Unknown,Market Report,2026-09-01T16:14:26.481579Z
422dd871157a1ec8920ecf2e992db36b,Qatar and Kuwait Restore 70% of Pre-War Oil Exports Through Hormuz,https://oilprice.com/Latest-Energy-News/World-News/Qatar-and-Kuwait-Restore-70-of-Pre-War-Oil-Exports-Through-Hormuz.html,Tsvetana Paraskova,2026-08-27T11:00:00Z,shipping rates,"Qatar and Kuwait have managed to boost their crude oil exports from the Strait of Hormuz to 70% of pre-war levels as they followed the United Arab Emirates in shuttling oil through the chokepoint and using ship-to-ship transfers in the Gulf of Oman, anonymous…",OilPrice.com,Unknown,Market Report,2026-09-01T16:14:26.481621Z
258abfaa479a409db699866b6366efbb,Reproducible floating car data monitoring for data-scarce highway corridors: A TomTom–HERE benchmark study,https://journals.plos.org/plosone/article?id=10.1371/journal.pone.0357158,"Wenjie Sun, Safizahanin binti Mokhtar, Ruiqing Li, Zhou Zou",2026-08-31T14:00:00Z,freight rates,"Data-scarce highway corridors require continuous monitoring, but fixed detectors are often sparse, costly, and difficult to maintain. This study developed a reproducible floating car data workflow for corridor traffic monitoring. The workflow includes schedul…",Plos.org,Unknown,News,2026-09-01T16:14:26.880847Z
2229641020f87584bde9fbd05dd9b8ec,"AECOM appointed as design partner on New Zealand’s Northland Corridor, Section One",https://financialpost.com/pmn/business-wire-news-releases-pmn/aecom-appointed-as-design-partner-on-new-zealands-northland-corridor-section-one,Business Wire,2026-08-31T10:55:28Z,freight rates,"DALLAS — AECOM (NYSE:ACM), the trusted global infrastructure leader, today announced its appointment as design partner for the Warkworth to Te Hana project in New Zealand, partnering with ACCIONA as the lead contractor. ACCIONA, alongside its partner Aberdeen…",Financial Post,Global,News,2026-09-01T16:14:26.880923Z
a6dd2a838fdc1d2c11644c7cced2e743,Identifying skills-based occupational transition pathways with the O*NET,https://www.r-bloggers.com/2026/08/identifying-skills-based-occupational-transition-pathways-with-the-onet/,Giles Dickenson-Jones,2026-08-31T08:00:00Z,freight rates,"This post estimates potential labor market transition pathways based on the similarity of skills, abilities and knowledge required by occupations. The approach broadly follows Bratanova et al. (2026). Like their research, the considered transition pathways ar…",R-bloggers.com,Unknown,Market Report,2026-09-01T16:14:26.881032Z
8f1472629b0f0814979a493b0bf406ab,"Dollar Tree Says Higher Fuel Prices Are Becoming a ‘Very, Very Meaningful’ Headwind",https://finance.yahoo.com/markets/stocks/articles/dollar-tree-says-higher-fuel-170108132.html,Lekha Gupta,2026-08-30T17:01:08Z,freight rates,"Dollar Tree Inc. stock fell Thursday after the company reported second-quarter results. Dollar Tree reported adjusted diluted earnings of $2.70 per share, in...",Yahoo Entertainment,Unknown,Market Report,2026-09-01T16:14:26.881123Z
14a7beafd1454125524269e5bd133c20,Supply driven trucking market cycle explained in the data,https://finance.yahoo.com/economy/articles/supply-driven-trucking-market-cycle-003000522.html,"Zach Strickland, FW Market Expert & Market Analyst",2026-08-30T00:30:00Z,freight rates,Tender volumes have gone nowhere for two years. Rejections have tripled. The data says this cycle has been defined by capacity leaving the market — not by su...,Yahoo Entertainment,Unknown,Market Report,2026-09-01T16:14:26.881265Z
2d7cf3d8a7d353853f617753b11bfdbf,Dangote hikes petrol price three times in eight days,https://punchng.com/dangote-hikes-petrol-price-three-times-in-eight-days/,Punch Newspapers,2026-08-29T23:37:20Z,freight rates,"Dangote Petroleum Refinery has increased its petrol price three times in eight days, raising concerns about rising fuel costs. Get the latest on Dangote pe

Read More: https://punchng.com/dangote-hikes-petrol-price-three-times-in-eight-days/",The Punch,Unknown,News,2026-09-01T16:14:26.881323Z
e46ac2a32f11963fe57bd2b9ab6da771,The New Fed Chair Just Rejected the Idea That Your Raise Causes Inflation,https://247wallst.com/investing/2026/08/29/the-new-fed-chair-just-rejected-the-idea-that-your-raise-causes-inflation/,Omor Ibne Ehsan,2026-08-29T14:39:24Z,freight rates,"Kevin Warsh just told the market that the Fed has been blaming the wrong culprit for inflation for decades, and if he is right, the playbook for rate hikes,...",24/7 Wall St.,Unknown,Market Report,2026-09-01T16:14:26.881357Z
d31f5d908436c0e3346f1d9e4206fe62,"Gold price surge brings huge gains to producers in Q1’26, WGC says",https://www.thehindubusinessline.com/markets/gold/gold-price-surge-brings-huge-gains-to-producers-in-q1-fy26-wgc-says/article71403667.ece,ANI,2026-08-29T06:11:50Z,freight rates,"Global average gold producer All-In Sustaining Costs (AISC) rise by 5% quarter-on-quarter and 16% year-on-year to $1,785 per ounce during the first quarter of 2026",BusinessLine,Global,News,2026-09-01T16:14:26.881403Z
a3807ae018cca387bbf669ae4373037a,Surging gold prices drive record margins despite mining costs rising 16% in Q1'26: World Gold Council,https://economictimes.indiatimes.com/industry/cons-products/fashion-/-cosmetics-/-jewellery/surging-gold-prices-drive-record-margins-despite-mining-costs-rising-16-in-q126-world-gold-council/articleshow/133605104.cms,ANI,2026-08-29T05:48:18Z,freight rates,"Gold producers achieved record margins and cash flows in early 2026.  Rising royalty payments significantly increased mining costs during this period.  Despite higher expenses, gold prices surged to historic highs.  Miners maintained capital discipline, retur…",The Times of India,Unknown,Market Report,2026-09-01T16:14:26.881452Z
331cd408024c10965298a5baeca7be99,CNG price hike: Compressed natural gas gets costlier; check city-wise rates,https://timesofindia.indiatimes.com/business/india-business/cng-price-hike-compressed-natural-gas-gets-costlier-check-city-wise-rates/articleshow/133602347.cms,Shivanghi Payal,2026-08-29T02:29:27Z,freight rates,"Consumers in Delhi and surrounding areas brace for higher compressed natural gas prices as Indraprastha Gas Limited implements a price hike due to escalating imported liquefied natural gas costs. Effective August 29, this change is linked to surging internati…",The Times of India,Unknown,Market Report,2026-09-01T16:14:26.881500Z
8c9d8aa5d8588a1e69a36572b3e450d9,Meet Generation Renter — young Americans who don’t expect to ever own a home,https://www.marketwatch.com/story/meet-generation-renter-young-americans-who-no-longer-expect-ever-to-own-a-home-3cff63a9,Philip van Doorn,2026-08-28T19:01:00Z,freight rates,"Also in Weekend Reads: How to start investing, an AI boost for an old industry and advice from the Moneyist.",MarketWatch,USA,News,2026-09-01T16:14:26.881607Z
ae4249506b3a52568d341fc44fb2d393,CNG price hiked by Rs 3.89/kg in Delhi-NCR amid West Asia crisis,https://economictimes.indiatimes.com/industry/energy/oil-gas/cng-price-hiked-by-rs-3-89/kg-in-delhi-ncr-amid-west-asia-crisis/articleshow/133598275.cms,ET Online,2026-08-28T18:41:24Z,freight rates,"New CNG price: Indraprastha Gas Limited has raised compressed natural gas prices by Rs 3.89 per kilogram. This price adjustment took effect on Saturday, impacting Delhi-NCR consumers significantly. The increase reflects higher import costs for liquefied natur…",The Times of India,Unknown,Market Report,2026-09-01T16:14:26.881652Z
ff5f355a23753dc7a802fd5e08722db8,"The Iran War Has Turned VLCCs Into $650,000-a-Day Assets",https://oilprice.com/Latest-Energy-News/World-News/The-Iran-War-Has-Turned-VLCCs-Into-650000-a-Day-Assets.html,Julianne Geiger,2026-08-28T17:30:00Z,freight rates,"More Gulf oil is moving again. Getting it out now costs a fortune. Earnings on the benchmark Saudi Arabia-to-China supertanker route surged to a record $647,000 per day on Thursday, according to Baltic Exchange data cited by Bloomberg. That is more than ten t…",OilPrice.com,China,News,2026-09-01T16:14:26.881674Z
de1db6f2bbf05c82a08ef7ef128ad6c1,Advance Auto Parts (AAP) Just Posted Its Best Quarter In Years,https://finance.yahoo.com/markets/stocks/articles/advance-auto-parts-aap-just-145354349.html,Maham Fatima,2026-08-28T14:53:54Z,freight rates,"On August 20, Advance Auto Parts (NYSE:AAP) reported second-quarter results that look nothing like the company’s recent history. Adjusted diluted earnings pe...",Yahoo Entertainment,Unknown,Market Report,2026-09-01T16:14:26.881782Z
c089ed42c2369d244c669696a33a695d,Hormuz crisis adds $22 bn to India's fossil fuel import costs: CREA,https://www.business-standard.com/economy/news/hormuz-crisis-adds-22-bn-to-india-s-fossil-fuel-import-costs-crea-126082800530_1.html,Vrinda Goel,2026-08-28T07:24:17Z,freight rates,"In terms of economic impact, India's net additional cost across all fossil fuels was estimated at $14.4 billion, equivalent to 0.38 per cent of its GDP, or about 1.4 days of national income",Business Standard,Brazil,News,2026-09-01T16:14:26.881882Z
6c8f6f8f7fb3512b304c4f4e3f6144f7,"Hamilton Beach Brand’s Core Recovery, Premiumization & Adjacent Growth – Initiation Report",https://finance.yahoo.com/small-business/articles/hamilton-beach-brand-core-recovery-210954378.html,Exec-Edge,2026-08-27T21:09:54Z,freight rates,"Download the Complete Report Here Hamilton Beach Brands (HBB) Core Recovery, Premiumization and Adjacent Growth Strengthen HBB’s Growth Outlook and Re-Rating...",Yahoo Entertainment,Unknown,Analysis/Opinion,2026-09-01T16:14:26.881943Z
39b46c1b3c3f6568f3528cc6af59cd27,"'Croma on turnaround path as losses narrow, quality of growth gets better': CEO",https://economictimes.indiatimes.com/industry/cons-products/durables/tata-news-croma-on-turnaround-path-as-losses-narrow-quality-of-growth-gets-better/articleshow/133577182.cms,Writankar Mukherjee,2026-08-27T19:13:27Z,freight rates,"Infiniti Retail, Croma's operator, is on a strong turnaround path, significantly reducing losses. The company achieved operational profitability in FY26, swinging to a profit of ₹159 crore. Total income grew thirteen percent to ₹21,784 crore, with sales growt…",The Times of India,Unknown,News,2026-09-01T16:14:26.881997Z
bfaa999d99a239aba17d94493b49888d,$100M Acquisition: How Descartes & Tai Boost Broker Efficiency,https://finance.yahoo.com/technology/ai/articles/100m-acquisition-descartes-tai-boost-185444223.html,FreightWaves Staff,2026-08-27T18:54:44Z,freight rates,Descartes’ recent $100 million acquisition of Tai Software is set to transform the freight brokerage landscape. Learn how this merger creates an AI-powered p...,Yahoo Entertainment,Unknown,News,2026-09-01T16:14:26.882080Z
167f8bd2700806e6f8e0070b8856a149,Is Wall Street Bullish or Bearish on FedEx Freight Stock?,https://www.barchart.com/story/news/4218504/is-wall-street-bullish-or-bearish-on-fedex-freight-stock,Sohini Mondal,2026-08-27T14:58:32Z,freight rates,"Though FedEx Freight has underperformed relative to the broader market over the past month, Wall Street analysts remain moderately optimistic about the stock...",Barchart.com,Unknown,Market Report,2026-09-01T16:14:26.882224Z
eff58cc72a19b53c0c81343d90db13fb,Dollar Tree Q2 Earnings Call Highlights,https://www.marketbeat.com/instant-alerts/transcript-dollar-tree-q2-earnings-call-highlights-2026-08-27/?utm_source=yahoofinance&amp;utm_medium=yahoofinance,MarketBeat,2026-08-27T14:04:40Z,freight rates,"Dollar Tree (NASDAQ:DLTR) reported second-quarter fiscal 2026 results that exceeded its outlook, supported by higher comparable sales, improved traffic trend...",MarketBeat,Unknown,Analysis/Opinion,2026-09-01T16:14:26.882253Z
4ad4cafc1a07deff5f7d9c0dbb05c76d,Russia remains India's top crude supplier in Aug despite lower volumes,https://www.business-standard.com/economy/news/russia-remains-india-s-top-crude-supplier-in-aug-despite-lower-volumes-126082701194_1.html,Sudheer Pal Singh,2026-08-27T13:09:52Z,freight rates,"Russian crude imports are expected at around 2.1 mbpd in August, down from 2.6 mbpd in June and July; fresh US sanctions on Iran are unlikely to have a material direct impact",Business Standard,India,News,2026-09-01T16:14:26.882273Z
7f94cb399931ae42e0c24a55112c7403,‘A real foothold in the Southeast’: Behnke Dedicated & Logistics buys AG Freight,https://www.truckingdive.com/news/a-real-foothold-in-the-southeast-behnke-dedicated-logistics-buys-ag-fr/828766/,Larry Avila,2026-08-27T09:57:00Z,freight rates,"The Michigan-based 3PL’s CEO said the purchase of a truckload, LTL and drayage service provider expands the company’s market reach, giving access to a manufa...",Truckingdive.com,Unknown,Market Report,2026-09-01T16:14:26.882489Z
92b4d0618e8d47c3ab63bd1616ae6894,TJX (TJX) Beats Expectations Even As Its Biggest Division Stumbles,https://finance.yahoo.com/markets/stocks/articles/tjx-tjx-beats-expectations-even-085809205.html,Maham Fatima,2026-08-27T08:58:09Z,freight rates,"On August 19, The TJX Companies (NYSE:TJX) reported second-quarter results that beat its own plan, even though its largest division could not keep pace with...",Yahoo Entertainment,Unknown,Market Report,2026-09-01T16:14:26.882573Z
849279e1054efedd9b6bfe9f53d772a4,"GAIL plans major expansion in gas, petrochemicals and clean energy, says chairman",https://economictimes.indiatimes.com/industry/energy/oil-gas/gail-plans-major-expansion-in-gas-petrochemicals-and-clean-energy-says-chairman/articleshow/133560859.cms,PTI,2026-08-27T08:13:55Z,freight rates,GAIL plans pipeline expansion and diversified LNG sourcing for energy security.  The company is scaling up petrochemicals and LPG infrastructure to meet demand.  Investments in clean energy technologies are also a key focus area.  GAIL's natural gas pipeline …,The Times of India,Unknown,News,2026-09-01T16:14:26.882624Z
8b8906b121ce869742de7c5c900c908b,"GAIL plans pipeline expansion, LNG diversification and clean-energy investments",https://www.thehindubusinessline.com/companies/gail-plans-pipeline-expansion-lng-diversification-and-clean-energy-investments/article71395491.ece,PTI,2026-08-27T07:53:48Z,freight rates,"GAIL plans to expand gas and LPG pipelines, diversify LNG sourcing, scale up petrochemicals and invest in clean-energy technologies amid energy security concerns.",BusinessLine,Unknown,News,2026-09-01T16:14:26.882662Z
6954eb191e7b48ae34ad942346008567,"GAIL plans expansion in gas, petrochemicals, and clean energy: Chairman",https://www.business-standard.com/companies/news/gail-plans-expansion-in-gas-petrochemicals-and-clean-energy-chairman-126082700488_1.html,Press Trust of India,2026-08-27T07:52:57Z,freight rates,Deepak Gupta said the year had highlighted the growing importance of balancing energy security with the global shift toward cleaner fuels,Business Standard,Global,News,2026-09-01T16:14:26.882698Z
9d9ff0ec25db15824e1870b0da081608,Chinese Container Liners Head for Profit Jump as Rates Surge,https://gcaptain.com/chinese-container-liners-head-for-profit-jump-as-rates-surge/,Bloomberg,2026-08-27T07:46:33Z,freight rates,"Chinese container liners are set for an earnings windfall, echoing regional and global peers, as a rush to get ahead of shifting tariffs and persistent shipping disruptions has driven freight rates to a two-year high.",gcaptain.com,China,Market Report,2026-09-01T16:14:26.882710Z
e7ee5ef45ce7057ea97aa58593fad5ef,"Gold loans & credit growth: AU Bank, DCB, IndusInd, Shriram & 7 others reveal their playbook",https://m.economictimes.com/wealth/invest/gold-loans-credit-growth-au-bank-dcb-indusind-shriram-7-others-reveal-their-playbook/inside-the-room-where-bank-ceos-get-real/slideshow/133555334.cms,ET Online,2026-08-27T03:54:15Z,freight rates,"At the Equirus India Growth Summit, top management from 11 banks and NBFCs sat down with analysts and didn't hold back. From AU Small Finance Bank to Shriram Finance, the conversations covered everything: where credit costs are heading, how deposit wars are p…",Economictimes.com,India,News,2026-09-01T16:14:26.882742Z
28bf7852d569bae27d5d94a64a361eaf,India's Crude Import Bill Surges As Hormuz Shipping Rates Soar,https://biztoc.com/x/0ae8655ffe768a27,zerohedge.com,2026-08-26T23:23:02Z,freight rates,"India's Crude Import Bill Surges As Hormuz Shipping Rates Soar
 
Authored by Tsvetana Paraskova via OilPrice.com,
India's crude oil import bill has soared since the Iran war choked Middle Eastern oil supply, raised benchmark crude prices, quadrupled freight r…",Biztoc.com,India,Market Report,2026-09-01T16:14:26.882763Z
9cba48bd19e7cb10f8b4014eb0820ede,One man paints challenging outlook for brokers’ insurance,https://finance.yahoo.com/small-business/articles/one-man-paints-challenging-outlook-222003997.html,John Kingston,2026-08-26T22:20:03Z,freight rates,A new report quoting one insurance executive has startling observations about broker insurance. The post One man paints challenging outlook for brokers’ insu...,Yahoo Entertainment,Unknown,Analysis/Opinion,2026-09-01T16:14:26.882799Z
1d1662d395f178ca7c6a9bce458cb540,TORM plc Q2 2026 Earnings Call Summary,https://app.moby.co/home/research/tools/earningsCalendar/earnings-torm-plc-q2-2026-earnings-call-summary?utm_source=yahoo_finance&amp;utm_medium=rss,Moby Intelligence,2026-08-26T20:57:48Z,freight rates,Moby summary of TORM plc's Q2 2026 earnings call,Moby.co,Unknown,News,2026-09-01T16:14:26.882823Z
b61f82a03ab24e17090d5fd6fecc5066,"Ocean freight rates to US hit $10,000",https://timesofindia.indiatimes.com/city/ahmedabad/ocean-freight-rates-to-us-hit-10000/articleshow/133549687.cms,"Parag Dave,Niyati Parikh",2026-08-26T18:43:29Z,freight rates,"Ocean freight rates jump for Indian exporters as US lane hits $10,000 per 40-ft container, driven by vessel shortages, redeployments and delays.",The Times of India,India,Market Report,2026-09-01T16:14:26.882837Z
f9e5b6096d3ad06783e3fa40daf3760c,Höegh Autoliners Orders Six More Aurora Class Car Carriers,https://gcaptain.com/hoegh-autoliners-orders-six-more-aurora-class-car-carriers/,Mike Schuler,2026-08-26T16:27:04Z,freight rates,"Höegh Autoliners is expanding its Aurora class newbuilding program with an order for six additional vessels, taking the series to 18 ships with the potential to grow to as many...",gcaptain.com,Unknown,News,2026-09-01T16:14:26.882911Z
95aa3ed58b0f3d3b8acbc2c3858294c4,"Iran war approaching Ukraine-style stalemate, says shipping boss",https://biztoc.com/x/49a4c0a1137df364,ft.com,2026-08-26T13:14:24Z,freight rates,Freight rates remain at record highs while oil prices fall back on talks between Iran and Oman to reopen the Strait of Hormuz,Biztoc.com,Ukraine,Market Report,2026-09-01T16:14:26.882929Z
086167ffd657d59eaf7941b7b3de4054,$50 trillion in debt is not a distant threat. America is speeding towards it,https://www.foxnews.com/opinion/50-trillion-debt-not-distant-threat-america-speeding-towards-it,,2026-08-26T13:00:11Z,freight rates,America's national debt hit $40 trillion and could reach $50 trillion by 2030 as CBO projects deficits totaling over $23 trillion through 2035.,Fox News,USA,News,2026-09-01T16:14:26.882949Z
c4a2a9927bc9b278608755fc9d4fdaae,U.S.-Canadian Trade War Puts Pressure On Businesses And Consumers,https://www.forbes.com/sites/sharonedelson/2026/08/26/us-canadian-trade-war-puts-pressure-on-businesses-and-consumers/,"Sharon Edelson, Senior Contributor, 
 Sharon Edelson, Senior Contributor
 https://www.forbes.com/sites/sharonedelson/",2026-08-26T12:30:00Z,freight rates,"The U.S.-Canada trade war is raising prices for certain products, disrupting supply chains, and creating uncertainty for families.",Forbes,Unknown,Market Report,2026-09-01T16:14:26.882981Z
c3f7fe1810b0948de3fac1515d9fe65c,Trump's Operation Economic Outcast: How could Iran sanctions impact India?,https://www.business-standard.com/economy/news/trump-operation-economic-outcast-us-iran-sanctions-india-impact-crude-oil-126082600404_1.html,Rimjhim Singh,2026-08-26T06:58:56Z,freight rates,"Donald Trump's Operation Economic Outcast could hit India through higher oil prices, trade disruptions, payment hurdles and possible US action over New Delhi's purchases of Russian energy",Business Standard,India,Market Report,2026-09-01T16:14:26.882998Z
6da16d46737c7715d59bc5c4c6751044,"TORM plc Q2 2026 Results, Dividend Distribution, and Financial Outlook 2026",https://www.prnewswire.com/news-releases/torm-plc-q2-2026-results-dividend-distribution-and-financial-outlook-2026-302860312.html,,2026-08-26T06:54:00Z,freight rates,"HELLERUP, Denmark, Aug. 26, 2026 /PRNewswire/ -- INSIDE INFORMATION ""We delivered the strongest quarterly results in TORM's history, turning exceptional market conditions into tangible value for our shareholders,"" said Jacob Meldgaard, CEO of TORM, adding: ""S…",PRNewswire,Unknown,Analysis/Opinion,2026-09-01T16:14:26.883043Z
9d0e72f603dc4551b20e440696596343,"Why Samaras will…take his time with the party, K.M. writes about the Thessaloniki International Fair, his no-meeting with Erdogan in Washington & Piraeus Bank moves ahead with IASO",https://en.protothema.gr/2026/08/26/why-samaras-willtake-his-time-with-the-party-k-m-writes-about-the-thessaloniki-international-fair-his-no-meeting-with-erdogan-in-washington-piraeus-bank-moves-ahead-with-iaso/,Newsroom,2026-08-26T06:39:36Z,freight rates,"The VLCC that doubled in price after leaving Greek hands & waiting for NVIDIA
The post Why Samaras will…take his time with the party, K.M. writes about the Thessaloniki International Fair, his no-meeting with Erdogan in Washington & Piraeus Bank moves ahead w…",Protothema.gr,Greece,News,2026-09-01T16:14:26.883100Z
230259fb27bb409a6a293a7a310dc087,Geopolitical crises: Record profits for the shipping industry,https://www.naftemporiki.gr/english/2153462/geopolitical-crises-record-profits-for-the-shipping-industry/,Νατάσα Στασινού,2026-08-26T04:25:46Z,freight rates,"The shipping industry is facing a rare phenomenon not seen since the 2000s, with freight rates surging to very high levels across all major vessel segments and, in some cases,…
Geopolitical crises: Record profits for the shipping industry - Η ΝΑΥΤΕΜΠΟΡΙΚΗ",Naftemporiki.gr,Unknown,Market Report,2026-09-01T16:14:26.883144Z
7d8402ae28f374ae325df364ac2f2244,Australia's ASX 200 Nears Record High as Woolworths Profit Jumps 18% and WiseTech Tumbles on Weak Outlook,https://www.ibtimes.com.au/asx-200-nears-record-high-woolworths-mining-rally-1874570,Hannah Kim,2026-08-26T03:49:41Z,freight rates,"Australia's ASX 200 nears record highs, driven by Woolworths' earnings and a mining rally, despite WiseTech's decline. Inflation data reassures investors on interest rates.",Ibtimes.com.au,Australia,Analysis/Opinion,2026-09-01T16:14:26.883155Z
a030979738ff1bb5222ff65c59dfbb6f,Minimum wage hikes add to cost pressures for retailers and gig firms ahead of festive season,https://economictimes.indiatimes.com/jobs/fresher/minimum-wage-hikes-add-to-cost-pressures-for-retailers-and-gig-firms-ahead-of-festive-season/articleshow/133523750.cms,Writankar Mukherjee and Sreeradha Basu,2026-08-25T23:30:00Z,freight rates,"Companies employing lower-paid and gig workers are facing higher labour costs after more than 15 states raised minimum wages since April, adding pressure ahead of the festive season.",The Times of India,Unknown,News,2026-09-01T16:14:26.883195Z
e9a9961b61f48affc8014eaa9bfcfa16,Minimum wage hikes add to cost pressures for retailers and gig firms ahead of festive season,https://economictimes.indiatimes.com/jobs/fresher/minimum-wage-hikes-add-to-cost-pressures-for-retailers-and-gig-firms-ahead-of-festive-season/articleshow/133523633.cms,Writankar Mukherjee and Sreeradha Basu,2026-08-25T23:30:00Z,freight rates,"Companies employing lower-paid and gig workers are facing higher labour costs after more than 15 states raised minimum wages since April, adding pressure ahead of the festive season.",The Times of India,Unknown,News,2026-09-01T16:14:26.883220Z
849acfe40d75418d0a34e8d5093f9d0d,"Dear Dollar Tree Stock Fans, Mark Your Calendars for August 27",https://www.barchart.com/story/news/4030075/dear-dollar-tree-stock-fans-mark-your-calendars-for-august-27,Anushka Mukherji,2026-08-25T20:18:16Z,freight rates,"As Dollar Tree prepares to report its second-quarter earnings on August 27, investors will be watching for fresh signs of consumer strength.",Barchart.com,Unknown,Market Report,2026-09-01T16:14:26.883251Z
8082c0f90abebb5e2595d7d1de62ba78,"Airport runway collisions and near-misses are happening more frequently, 22 years of data show",https://theconversation.com/airport-runway-collisions-and-near-misses-are-happening-more-frequently-22-years-of-data-show-290158,"Graham Wild, Aviation Coordinator, Australian Defence Force Academy; UNSW",2026-08-25T20:15:47Z,freight rates,Aviation safety is in the spotlight after four incidents at Sydney airport in almost as many weeks.,The Conversation Africa,Unknown,News,2026-09-01T16:14:26.883286Z
acef67613edaf64f3b4817af94893a82,ZIM (ZIM) Beat Estimates but Trades 19% Below its Buyout Price. Is the Deal Discount Too Wide?,https://finance.yahoo.com/markets/stocks/articles/zim-zim-beat-estimates-trades-192133438.html,Jeff Lewis,2026-08-25T19:21:33Z,freight rates,"ZIM Integrated Shipping Services Ltd. (NYSE:ZIM) reported better-than-expected second-quarter results on August 19. Revenue increased 9% to $1.78 billion, ex...",Yahoo Entertainment,Unknown,Market Report,2026-09-01T16:14:26.883331Z
4588c846ed104171b9db33e988372425,Broker RXO sees TL spot rate surge extend into Q3,https://biztoc.com/x/ada4c8f9285837cf,finance.yahoo.com,2026-08-25T18:02:33Z,freight rates,"Freight broker RXO said Tuesday that its truckload spot rate index recorded its biggest sequential gain in five years during the second quarter. The dataset, which tracks linehaul rates excluding fuel surcharges, has continued to step higher in the third quar…",Biztoc.com,Unknown,Market Report,2026-09-01T16:14:26.883375Z
06502be2f92815d133969749b9667344,Broker RXO sees TL spot rate surge extend into Q3,https://finance.yahoo.com/economy/articles/broker-rxo-sees-tl-spot-165649868.html,Todd Maiden,2026-08-25T16:56:49Z,freight rates,"Freight broker RXO reported its truckload spot rate index posted its largest sequential gain in five years during the second quarter, with the strong momentu...",Yahoo Entertainment,Unknown,Market Report,2026-09-01T16:14:26.883409Z
1e0fa6ba8ca6bd4596faebaf68e9fc5e,Cheaper Health Insurance Changed Their Lives. Then It Went Away. - Public Health Watch,https://publichealthwatch.org/2026/08/25/mississippi-diabetes-health-insurance-obamacare/,Shalina Chatlani/stateline,2026-08-25T13:10:18Z,freight rates,Cheaper Health Insurance Changed Their Lives. Then It Went Away. - Public Health Watchpublichealthwatch.org,Publichealthwatch.org,Unknown,News,2026-09-01T16:14:26.883442Z
57a7285c688adbda33f9863924cf5e34,Used box businesses eye opportunity amid rising containerboard prices,https://www.packagingdive.com/news/reselling-reusing-corrugated-boxes-rebox-ucb/828110/,April Reese,2026-08-25T12:23:00Z,freight rates,"Growth has been a slow burn for two leading used box resellers, but rising corrugated prices could provide a push. Some corrugated experts still question whe...",Packagingdive.com,Unknown,Market Report,2026-09-01T16:14:26.883475Z
d394a899c5312af6b56b7ec6934db6aa,The Mocha monopoly: how Yemen’s dominance of the global coffee trade birthed the Houthi rebels,https://theconversation.com/the-mocha-monopoly-how-yemens-dominance-of-the-global-coffee-trade-birthed-the-houthi-rebels-290102,"Ibrahim Al-Marashi, IE School of Humanities, IE University; California State University San Marcos",2026-08-25T12:11:13Z,freight rates,"For centuries, the world’s entire coffee supply flowed through one Yemeni port.",The Conversation Africa,Global,News,2026-09-01T16:14:26.883512Z
31fb13115267a6e1e89cc43575bff9b7,Private equity’s $860 billion zombie company problem,https://fortune.com/2026/08/25/private-equitys-860-billion-zombie-company-problem/,Allie Garfinkle,2026-08-25T10:54:25Z,freight rates,"The zero-interest-rate era left private equity with thousands of companies it can't exit, can't sell, and can't quite kill.",Fortune,Unknown,News,2026-09-01T16:14:26.883549Z
0bb33ce198d12a81b69677cd5501339a,India’s Crude Import Bill Surges as Hormuz Shipping Rates Soar,https://oilprice.com/Latest-Energy-News/World-News/Indias-Crude-Import-Bill-Surges-as-Hormuz-Shipping-Rates-Soar.html,Tsvetana Paraskova,2026-08-25T09:45:00Z,freight rates,"India’s crude oil import bill has soared since the Iran war choked Middle Eastern oil supply, raised benchmark crude prices, quadrupled freight rates, and boosted insurance on a single Strait of Hormuz voyage to never-before-seen highs. India has been paying …",OilPrice.com,India,Market Report,2026-09-01T16:14:26.883574Z
54377cab6526250ce138790fd59e134c,India’s Crude Import Bill Surges as Hormuz Shipping Rates Soar,https://finance.yahoo.com/energy/articles/india-crude-import-bill-surges-094500112.html,Tsvetana Paraskova,2026-08-25T09:45:00Z,freight rates,"India’s crude import costs have surged as the Iran war drives up oil prices, tanker freight rates and war-risk insurance.",Yahoo Entertainment,India,Market Report,2026-09-01T16:14:26.883590Z
c20bbb178793fc2713b473c3c0ff0d2c,"What K.M. & Tsipras say about the elections, the phantom investor and the crème de la crème, bonuses at Astieras & shipowners selling tankers",https://en.protothema.gr/2026/08/25/what-k-m-tsipras-say-about-the-elections-the-phantom-investor-and-the-creme-de-la-creme-bonuses-at-astieras-shipowners-selling-tankers/,Newsroom,2026-08-25T07:12:00Z,freight rates,"Dynacom bets on the turmoil & Tesla’s big show on September 3
The post What K.M. & Tsipras say about the elections, the phantom investor and the crème de la crème, bonuses at Astieras & shipowners selling tankers appeared first on ProtoThema English.",Protothema.gr,Unknown,News,2026-09-01T16:14:26.883648Z
aa69ca98e5dd9899e70f94a670a78f1e,ONGC explores drillship acquisition/JV for deepwater capacity under Samudra Manthan,https://economictimes.indiatimes.com/industry/indl-goods/svs/metals-mining/ongc-eyes-deepwater-drillship-acquisition-to-boost-offshore-exploration-under-mission-samudra-manthan/articleshow/133623793.cms,PTI,2026-08-30T06:39:16Z,charter rates,ONGC seeks dedicated deepwater drillship capacity for its exploration program.  The state explorer issued an expression of interest for rig-broking consultants.  This initiative supports the Mission Samudra Manthan national offshore exploration scheme.  The g…,The Times of India,Unknown,News,2026-09-01T16:14:27.196319Z
bbb13421cb0fef9a95ab5bc53eef57d7,ONGC explores drillship buy for deepwater capacity under Samudra Manthan,https://www.business-standard.com/companies/news/ongc-explores-drillship-buy-for-deepwater-capacity-under-samudra-manthan-126083000138_1.html,Press Trust of India,2026-08-30T05:41:23Z,charter rates,State-owned Oil and Natural Gas Corporation (ONGC) is exploring the acquisition of deepwater drillships or formation of a joint venture to secure dedicated drilling capacity as it steps up efforts to accelerate offshore exploration to find oil and gas reserve…,Business Standard,Unknown,News,2026-09-01T16:14:27.196372Z
84018e44a40684bc32360c091639c879,"ONGC explores eyes deepwater drillship, JV for offshore exploration",https://www.thehindubusinessline.com/companies/ongc-explores-eyes-deepwater-drillship-jv-for-offshore-exploration/article71407061.ece,PTI,2026-08-30T05:33:39Z,charter rates,ONGC seeks global partners for deepwater drillship acquisition to enhance offshore exploration under its Mission Samudra Manthan initiative.,BusinessLine,Global,News,2026-09-01T16:14:27.196409Z
bff2a91b3cf56f0b5977be121a4a0a8b,"Trump Intervened to Revive a Fraught Santa Barbara Oil Pipeline, But Why?",https://www.motherjones.com/politics/2026/08/trump-intervened-to-revive-a-fraught-santa-barbara-oil-pipeline-but-why/,Macie Parker,2026-08-28T17:47:52Z,charter rates,"For roughly a year and a half, California state and local authorities have been locked in a power struggle with the Trump administration over who gets to regulate oil production off the coast of Santa Barbara, a beach town beloved by surfers, swimmers, touris…",Mother Jones,Unknown,News,2026-09-01T16:14:27.196493Z
9118ccf43be77c06a80c10fce4eb953e,Your ultimate guide to Opportunity Party – as Qiulae Wong eyes potential balance-of-power role,https://www.nzherald.co.nz/nz/politics/your-ultimate-guide-to-opportunity-party-as-qiulae-wong-eyes-potential-balance-of-power-role/premium/NBNHFI3IZBCHHLNR2CQNNY37TE/,"Audrey Young, Chris Knox",2026-08-28T17:00:00Z,charter rates,Helen Clark has sharply criticised Wong and called her party 'the Opportunistic Party'.,New Zealand Herald,Unknown,News,2026-09-01T16:14:27.196559Z
7e80d9d1e0db9276a1a1c6ea36fe10b3,The Foreign Owners Behind Trump’s $4 Billion Stablecoin Bank,https://beincrypto.com/trump-stablecoin-bank-uae-power-broker/,Lockridge Okoth,2026-08-27T22:50:48Z,charter rates,Eric Trump signed a passivity pledge for a stablecoin bank whose biggest stake traces to an Abu Dhabi power broker.,BeInCrypto,Unknown,News,2026-09-01T16:14:27.196751Z
1a8d1f103c36dfaaaf5be873cc52aa82,"Sofi Stock Is Failing to Break $20 This Year, but You Shouldn’t Give Up Yet",https://www.barchart.com/story/news/4230750/sofi-stock-is-failing-to-break-20-this-year-but-you-shouldnt-give-up-yet,Mohit Oberoi,2026-08-27T17:54:16Z,charter rates,"SOFI stock has failed to close above $20 for quite some time now. However, while the company faces some short-term headwinds, it should eventually recover.",Barchart.com,Unknown,News,2026-09-01T16:14:27.196790Z
54ba1f2ae6994d6a264381e32c84f853,Is the Jackson Hole central bank retreat now a crypto conference?,https://cryptoslate.com/is-jackson-hole-now-a-crypto-conference/,Andjela Radmilac,2026-08-27T15:50:59Z,charter rates,"There was an actual crypto conference that took place in Jackson Hole between Aug. 17 and Aug. 20, where about 500 guests gathered at the Four Seasons for the Wyoming Blockchain Symposium and listened to executives, investors, and lawmakers discuss digital as…",CryptoSlate,Unknown,News,2026-09-01T16:14:27.196841Z
9923e2ad500e2ed6810fc94f74921f89,California internet giant gobbles up rival in move that could mean disaster for your bill,https://nypost.com/2026/08/27/business/spectrum-parent-company-completes-34-5b-cox-communications-takeover/,Daniel Farr,2026-08-27T14:00:00Z,charter rates,"In California alone, the company will have more than 6 million customers.",New York Post,Unknown,News,2026-09-01T16:14:27.196904Z
d516b3898661eaa58822e68b602e6db0,Seaspan Achieves Investment Grade Rating Upgrade from KBRA,https://www.prnewswire.com/news-releases/seaspan-achieves-investment-grade-rating-upgrade-from-kbra-302860860.html,,2026-08-27T00:30:00Z,charter rates,"SINGAPORE, Aug. 27, 2026 /PRNewswire/ -- Seaspan Corporation Pte. Ltd. (Seaspan), a global leader in marine transportation and the world's largest independent owner and operator of containerships, today announced that Kroll Bond Rating Agency (KBRA) has upgra…",PRNewswire,Singapore,News,2026-09-01T16:14:27.197065Z
50077bf51284c5666f9f051ff1e99434,Seaspan Achieves Investment Grade Rating Upgrade from KBRA,https://www.prnewswire.com/news-releases/seaspan-achieves-investment-grade-rating-upgrade-from-kbra-302860827.html,,2026-08-27T00:30:00Z,charter rates,"SINGAPORE, Aug. 26, 2026 /PRNewswire/ -- Seaspan Corporation Pte. Ltd. (Seaspan), a global leader in marine transportation and the world's largest independent owner and operator of containerships, today announced that Kroll Bond Rating Agency (KBRA) has upgra…",PRNewswire,Singapore,News,2026-09-01T16:14:27.197088Z
4f121515bd819aafde9e6d16621fc0d0,SFL Corporation Ltd. Q2 2026 Earnings Call Summary,https://app.moby.co/home/research/tools/earningsCalendar/earnings-sfl-corporation-ltd-q2-2026-earnings-call-summary?utm_source=yahoo_finance&amp;utm_medium=rss,Moby Intelligence,2026-08-26T20:55:59Z,charter rates,Moby summary of SFL Corporation Ltd.'s Q2 2026 earnings call,Moby.co,Unknown,News,2026-09-01T16:14:27.197115Z
f6f9ab21a194ea8f29ee491d8305146e,"In the era of vouchers, school districts are trying their best to reel in new students",http://www.dallasobserver.com/news/school-districts-are-trying-their-best-to-reel-in-new-students-in-40706348/,Austin Wood,2026-08-26T13:00:00Z,charter rates,North Texas districts are now advertising for their lives amid campus closures and vanishing enrollment.,Dallas Observer,Unknown,News,2026-09-01T16:14:27.197182Z
81d6c56600962b05a9fad23691f16c7a,Winnipeg police adding AI translation tool to body-worn cameras,https://www.cbc.ca/news/canada/manitoba/artificial-intelligence-translation-police-cameras-9.7320248,,2026-08-26T10:00:00Z,charter rates,Winnipeg police are adding an artificial intelligence translation tool to the body-worn cameras officers are currently testing. The program has more than 50 languages in its database.,CBC News,Unknown,News,2026-09-01T16:14:27.197222Z
de0076052cff54545e2822a984da4766,Revolut is launching a euro stablecoin into a market MiCA handed to an American company,https://thenextweb.com/news/revolut-euro-stablecoin-mica-circle,Ana-Maria Stanciuc,2026-08-26T07:54:01Z,charter rates,"Revolut is launching a euro-backed stablecoin, entering a market that European regulation has spent two years accidentally consolidating around a single American issuer. The neobank is also one of the 36 firms the ECB picked for its digital euro pilot, which …",The Next Web,USA,Market Report,2026-09-01T16:14:27.197248Z
ef8d465a4dccc7fb912846d6f9e9c95b,"Bitcoin Tops $80,000 as the Treasury Secretary Weakens the Dollar",https://gizmodo.com/bitcoin-tops-80000-as-the-treasury-secretary-weakens-the-dollar-2000802885,Bruce Gil,2026-08-25T17:15:45Z,charter rates,Recent moves by the Trump administration have been boosting bitcoin and other crypto.,Gizmodo.com,Unknown,News,2026-09-01T16:14:27.197425Z
d0f63fbd4a2239639c864e722d5815a0,Voting by Mail,https://reason.com/2026/08/25/voting-by-mail/,Liz Wolfe,2026-08-25T13:30:02Z,charter rates,The justices gave Trump a temporary win but left the legality of his mail-in voting restrictions unresolved.,Reason,Unknown,News,2026-09-01T16:14:27.197453Z
f3c74d4f6db5fc6977cd7cbead9f3e9f,Your Internet Bill Might be Booby Trapped. Here’s What to Do,https://www.cnet.com/home/internet/your-internet-bill-might-be-booby-trapped-heres-what-to-do/,Ry Crist,2026-08-25T13:27:34Z,charter rates,Your internet bill doubling in the past year is not a coincidence. Here’s how to protect yourself from internet pricing traps.,CNET,Unknown,News,2026-09-01T16:14:27.197493Z
d77a7e63ed5891ddcc16de6b6ec9b07b,Transcript: Why Professors Got Behind El-Sayed,https://newrepublic.com/article/214660/transcript-professors-got-behind-el-sayed,Right Now With Perry Bacon,2026-08-25T10:52:59Z,charter rates,This is a lightly edited transcript of the August 24 edition of Right Now With Perry Bacon. You can watch the video here or by following this show on YouTube or Substack. Perry Bacon: We have a great guest and interesting discussion today. Todd Wolfson is a p…,The New Republic,Unknown,News,2026-09-01T16:14:27.197542Z
2a53b842794f60e9ba16814dce3e95fe,"T-Mobile’s Value Pitch Is Losing Its Edge, According to One Big Bank",https://www.tmonews.com/2026/08/t-mobiles-value-pitch-is-losing-its-edge-according-to-one-big-bank/,Jordan,2026-08-25T06:39:37Z,charter rates,"For years, T-Mobile’s pitch to Wall Street has been simple: best network, best value, growing faster than anyone else. That story just took a hit from one prominent analyst, though plenty of others on the Street are pushing back on how bad things really are. …",TmoNews,Unknown,News,2026-09-01T16:14:27.197595Z
e32ac7ea59e5cf58b1d9c8726c64f4d1,"Putin, Xi hold talks in Kyrgyzstan as regional summit begins",https://www.channelnewsasia.com/east-asia/putin-xi-jinping-talks-kyrgyzstan-shanghai-cooperation-organisation-6352581,,2026-08-31T14:59:00Z,maritime transport,"BISHKEK: Russia's Vladimir Putin and China's Xi Jinping began talks on Monday (Aug 31) in Kyrgyzstan, where a dozen other heads of state also gathered for a two-day summit of the Shanghai Cooperation Organisation (SCO)",CNA,China,News,2026-09-01T16:14:27.824246Z
6bfe55f9022c605f661a25fb561dc4f7,Adani urges India's rating agencies to broaden lens on infrastructure risk,https://www.business-standard.com/industry/news/adani-urges-india-s-rating-agencies-to-broaden-lens-on-infrastructure-risk-126083101091_1.html,Press Trust of India,2026-08-31T14:41:59Z,maritime transport,"Billionaire Gautam Adani urged India's credit-rating agencies on Monday to develop broader analytical frameworks for infrastructure projects, arguing that conventional models can underestimate the economic and strategic value of large platforms that create ne…",Business Standard,India,News,2026-09-01T16:14:27.824521Z
ef7247b35d3fae0c26d8eb93f2d023cf,Hitting a High Point: The Australia-Indonesia 2+2,https://thediplomat.com/2026/08/hitting-a-high-point-the-australia-indonesia-22/,Grant Wyeth,2026-08-31T14:08:00Z,maritime transport,The significance of the 2+2 is the growing web of cooperation between Canberra and Jakarta.,The Diplomat,Australia,News,2026-09-01T16:14:27.824540Z
94ac0de90ffacb26fb0944d0f0611992,Gautam Adani urges credit agencies to broaden infrastructure rating frameworks,https://www.thehindubusinessline.com/economy/gautam-adani-urges-credit-agencies-to-broaden-infrastructure-rating-frameworks/article71411079.ece,PTI,2026-08-31T14:02:23Z,maritime transport,"Gautam Adani urged credit-rating agencies to use broader frameworks to assess infrastructure, including ecosystem value, strategic resilience and national capability.",BusinessLine,Unknown,News,2026-09-01T16:14:27.824582Z
d9bf35cbda969491b37e4ced4c0abff6,Why is piracy picking up off Somalia’s coast again?,https://www.aljazeera.com/news/2026/8/31/why-is-piracy-picking-up-off-somalias-coast-again,Faisal Ali,2026-08-31T13:52:15Z,maritime transport,"Piracy is surging back off Somalia's coast, though not yet at the scale of its 2011 peak.",Al Jazeera English,Unknown,News,2026-09-01T16:14:27.824618Z
d754f85c23ef415de1093e459d922169,Putin meets his ally Chinese President Xi Jinping as they discuss Ukraine amid growing fears Russia is about to escalate war,https://www.dailymail.com/news/article-16093153/Putin-meets-ally-Chinese-President-Xi-Jinping-discuss-Ukraine-amid-growing-fears-Russia-escalate-war.html,Eliana Silver,2026-08-31T13:36:18Z,maritime transport,"The pair, along with other world leaders, were in Kyrgyzstan for a two-day summit of the Shanghai Cooperation Organisation (SCO), which seeks to be a counterbalance to the West.",Dailymail.com,China,News,2026-09-01T16:14:27.824637Z
915225897c8d4abd22d4b3e64948a145,Japan’s Record 2027 Defense Budget Request Is Only the Opening Bid,https://thediplomat.com/2026/08/japans-record-2027-defense-budget-request-is-only-the-opening-bid/,Takahashi Kosuke,2026-08-31T12:32:00Z,maritime transport,"Tokyo is building a force around AI, unmanned systems, a high-low weapons mix, and greater staying power.",The Diplomat,Japan,News,2026-09-01T16:14:27.824665Z
878a4df7c08e397979853d9948b4a331,"Return of Trump's boat strike campaign reignites questions of legality, usefulness",https://abcnews.com/US/return-trumps-boat-strike-campaign-reignites-questions-legality/story?id=135951404,"KATHERINE FAULDERS, LAURA ROMERO, CHRIS BOCCIA and LUCIEN BRUGGEMAN",2026-08-31T10:38:34Z,maritime transport,The administration has resumed strikes after months of dormancy.,Abcnews.com,Unknown,News,2026-09-01T16:14:27.824740Z
7d0410e2ec23ce0055156f3524185f9c,"Xi, Modi and Putin set to meet for SCO summit: What’s on the agenda?",https://www.aljazeera.com/news/2026/8/31/xi-modi-and-putin-set-to-meet-for-sco-summit-whats-on-the-agenda,Priyanka Shankar,2026-08-31T08:47:03Z,maritime transport,The two-day summit aims to promote a vision of a multipolar world and mutual trade ties amid Trump's unilateralism.,Al Jazeera English,Unknown,News,2026-09-01T16:14:27.824779Z
ee914885ff17d023ec684fd400225c09,"New tensions in the Strait of Hormuz: U.S. bombs Larak, Iran strikes bases in Jordan",https://en.protothema.gr/2026/08/31/new-tensions-in-the-strait-of-hormuz-u-s-bombs-larak-iran-strikes-bases-in-jordan/,admin,2026-08-31T01:57:26Z,maritime transport,"Revolutionary Guards report deaths and injuries and launch ballistic missiles and drone attacks against U.S. military facilities
The post New tensions in the Strait of Hormuz: U.S. bombs Larak, Iran strikes bases in Jordan appeared first on ProtoThema English.",Protothema.gr,Unknown,Market Report,2026-09-01T16:14:27.824825Z
49f30c8817e9f00a2c0566d95edfa849,NATO driving the Arctic toward ‘militarization’ – Lavrov (FULL INTERVIEW),https://www.rt.com/russia/644841-nato-arctic-militarization-lavrov-interview/,RT,2026-08-30T21:24:30Z,maritime transport,"NATO is driving the militarization of the Arctic and directly threatening Russia’s security, Russian Foreign Minister Sergey Lavrov said in a sweeping interview with with Arctic.ru",RT,Russia,Analysis/Opinion,2026-09-01T16:14:27.824848Z
e7862777759b3b6692dbe5c627dd7b39,Passengers on ferry that sank off Cyprus 'told crew it was taking on water but were ignored before it capsized when windows blew out': Survivors of disaster that killed at least eight describe panic as pensioners became trapped as it went down,https://www.dailymail.com/news/article-16091669/Passengers-ferry-sank-Cyprus-disaster-captain.html,Tom Lawrence,2026-08-30T20:35:30Z,maritime transport,Searches are continuing into the night for around 18 people who are still missing after a ferry carrying 270 passengers capsized and sank.,Dailymail.com,Unknown,News,2026-09-01T16:14:27.824896Z
bdd2f08d11978eeed03c69b257d1e4ec,Where Mahanadi whispers Odisha’s maritime legacy,https://timesofindia.indiatimes.com/city/bhubaneswar/where-mahanadi-whispers-odishas-maritime-legacy/articleshow/133632625.cms,Diana Sahu,2026-08-30T15:58:16Z,maritime transport,State Maritime Museum in Cuttack preserves Odisha’s rich seafaring legacy and colonial river transport history within the walls of a 157-year-old British-era engineering workshop.,The Times of India,UK,News,2026-09-01T16:14:27.824946Z
93d8f4547a8ccedd9240890bdb12d824,"Leaders of Russia, China, Iran to attend summit in Kyrgyzstan",https://www.hurriyetdailynews.com/leaders-of-russia-china-iran-to-attend-summit-in-kyrgyzstan-226205,hurriyetdailynews.com,2026-08-29T07:04:26Z,maritime transport,"Russia's Vladimir Putin and China's Xi Jinping are expected in Central Asia's Kyrgyzstan on Aug. 31 for a two-day summit, also attended by Iran's and India's leaders, of a regional bloc seeking to be a counter-influence to the West.",Hurriyet Daily News,China,News,2026-09-01T16:14:27.824987Z
84e11a4509ae46c21b399b26dee43991,"Pirates return to the Gulf of Aden, with more than 90 seafarers held hostage",https://en.protothema.gr/2026/08/29/pirates-return-to-the-gulf-of-aden-with-more-than-90-seafarers-held-hostage/,Newsroom,2026-08-29T06:26:09Z,maritime transport,"Attacks have more than tripled within a year – The redeployment of naval forces toward the Middle East is leaving security gaps in Somali waters
The post Pirates return to the Gulf of Aden, with more than 90 seafarers held hostage appeared first on ProtoThema…",Protothema.gr,Unknown,Market Report,2026-09-01T16:14:27.825033Z
7eea541bc0528af50c11bf5a2815987c,"Ecological cost of US-Iran war: Scientists warn ships stranded for months in the Strait of Hormuz could now carry invasive species, posing an ‘immense international biosecurity threat’",https://economictimes.indiatimes.com/news/international/us/us-iran-war-scientists-warn-hormuz-ships-could-spread-invasive-species/articleshow/133604631.cms,Rana Sarkar,2026-08-29T05:36:08Z,maritime transport,Ships stranded for months in the Strait of Hormuz now pose a bioinvasion risk. These vessels may carry dense communities of marine organisms to global ports. Scientists warn of a potential super-spreader event as shipping resumes. Affected ships could introdu…,The Times of India,Global,News,2026-09-01T16:14:27.825098Z
9486e730bb7b486d99d8de359c559da3,MARAD Activates SUNY Maritime Training Ship Empire State VII for Undisclosed National Mission,https://gcaptain.com/marad-activates-suny-maritime-training-ship-empire-state-vii-for-undisclosed-national-mission/,Mike Schuler,2026-08-28T22:39:50Z,maritime transport,"The U.S. Maritime Administration is preparing to activate SUNY Maritime College’s training ship Empire State VII for a federal mission expected to last approximately 170 days, potentially taking the vessel away from...",gcaptain.com,Unknown,News,2026-09-01T16:14:27.825150Z
1fe1f97bffea5cc8d815709d13282187,"UK Ports Warn Grid Delays, Energy Costs Threaten Maritime Decarbonization",https://gcaptain.com/uk-ports-warn-grid-delays-energy-costs-threaten-maritime-decarbonization/,Mike Schuler,2026-08-28T18:17:44Z,maritime transport,"Britain’s ports will need dramatically more electricity over the coming decades to support shore power, vessel charging and alternative fuels, but long waits for grid connections and high energy costs...",gcaptain.com,UK,News,2026-09-01T16:14:27.825195Z
b1225852b14bc65c57c0c688b0a8732e,dhava added to PyPI,https://pypi.org/project/dhava/,founder@vinkura.in,2026-08-28T18:15:16Z,maritime transport,"Offline-first data synchronization engine for Denied, Disrupted, Intermittent, and Limited bandwidth environments",Pypi.org,Unknown,News,2026-09-01T16:14:27.825226Z
2f8cda5aa34379f1d5b241c63af434db,ddil-sync added to PyPI,https://pypi.org/project/ddil-sync/,founder@vinkura.in,2026-08-28T18:09:27Z,maritime transport,"Offline-first data synchronization engine for Denied, Disrupted, Intermittent, and Limited bandwidth environments",Pypi.org,Unknown,News,2026-09-01T16:14:27.825255Z
8d2104194787e5bdd6d458704d1b9b4d,Iran may be the key to the Mecca Pact’s future,https://www.rt.com/news/644786-iran-mecca-pact-future/,RT,2026-08-28T18:04:36Z,maritime transport,Tehran’s possible inclusion could turn a tentative defense bloc into the basis of a broader regional security order Read Full Article at RT.com,RT,Unknown,News,2026-09-01T16:14:27.825294Z
b48dcfd7080d05cab872d738dd53ebcc,HMS Bulwark to transfer to Brazilian Navy as UK turns to future of amphibious ships,https://www.gov.uk/government/news/hms-bulwark-to-transfer-to-brazilian-navy-as-uk-turns-to-future-of-amphibious-ships,Ministry of Defence,2026-08-28T13:08:42Z,maritime transport,"HMS Bulwark is to be sold to the Brazilian Navy, ending more than two decades of service with the Royal Navy, as UK focus turns to the future of amphibious assault ships.",Www.gov.uk,Brazil,News,2026-09-01T16:14:27.825326Z
30cc0bce0497fc20438ff0add0ce5089,Russia’s Arctic Route,https://www.nakedcapitalism.com/2026/08/russias-arctic-route.html,Yves Smith,2026-08-28T10:00:54Z,maritime transport,"Welcome to the world’s newest chokepoint, the Arctic passage. No dollars required.",Nakedcapitalism.com,Russia,News,2026-09-01T16:14:27.825350Z
d24dd439159ce73e68b3f6a7664c6929,Iran's FM Abbas Araghchi says returning to diplomacy 'isn't impossible' but depends on US,https://economictimes.indiatimes.com/news/defence/irans-fm-abbas-araghchi-says-returning-to-diplomacy-isnt-impossible-but-depends-on-us/articleshow/133586589.cms,ANI,2026-08-28T07:52:08Z,maritime transport,"Iran's foreign minister stated diplomacy is possible if the US abandons coercion and builds trust. He also held productive discussions with Qatar's prime minister and foreign minister. US President Donald Trump ruled out immediate talks with Tehran, citing Ir…",The Times of India,Unknown,News,2026-09-01T16:14:27.825402Z
76e3a37e7024758fc9cc15d4a0a61275,India plans to buy battle-tested Javelin anti-tank system from US: Sergio Gor,https://economictimes.indiatimes.com/news/defence/india-plans-to-buy-battle-tested-javelin-anti-tank-system-from-us-sergio-gor/articleshow/133586445.cms,ET Online,2026-08-28T07:35:44Z,maritime transport,India intends to purchase the battle-tested Javelin anti-tank missile system from the United States. This proposed acquisition signifies a deepening of defense cooperation between the two nations. The deal could also open avenues for joint production opportun…,The Times of India,India,News,2026-09-01T16:14:27.825430Z
6cd3de8bfc8321906f412bb86c19f0ea,Military action against Iran not over: US President Donald Trump,https://economictimes.indiatimes.com/news/defence/military-action-against-iran-not-over-us-president-donald-trump/articleshow/133583146.cms,ANI,2026-08-28T04:33:22Z,maritime transport,"US President Donald Trump indicated military operations targeting Iran might continue. He firmly ruled out immediate talks with Tehran, stating Iran has limited capabilities. Trump highlighted Iran's severe military and economic strain following recent confro…",The Times of India,Unknown,News,2026-09-01T16:14:27.825482Z
3394ddf41f4e7b019469e35cbaf211b6,Egypt’s LNG Comeback Is Set to Start in Cyprus,https://finance.yahoo.com/energy/articles/egypt-lng-comeback-set-start-000000920.html,Natalia Katona,2026-08-28T00:00:00Z,maritime transport,Cyprus’s untapped reserves offer a lifeline to Egypt’s ailing gas sector as domestic production continues to decline.,Yahoo Entertainment,Egypt,News,2026-09-01T16:14:27.825512Z
4aae456bf64a36e5355165e1327ae85d,Egypt’s LNG Comeback Is Set to Start in Cyprus,https://oilprice.com/Energy/Natural-Gas/Egypts-LNG-Comeback-Is-Set-to-Start-in-Cyprus.html,Natalia Katona,2026-08-28T00:00:00Z,maritime transport,Egypt’s gas sector is running short of domestic gas just as Cyprus prepares to become a producer. The recently approved Cronos project offshore Cyprus (expected to deliver up to 2.8 million tonnes per year of LNG from 2028) offers a three-way bargain. Cyprus …,OilPrice.com,Egypt,News,2026-09-01T16:14:27.825550Z
cf5c5c8985ebc5233dfe72de758b5b46,USS Boxer to undergo nearly $150 million modernization,https://www.kpbs.org/news/military/2026/08/27/uss-boxer-to-undergo-nearly-150-million-modernization,City News Service,2026-08-27T20:17:49Z,maritime transport,"The ship is designed to transport Marines and their aircraft, landing craft, vehicles and equipment and support amphibious operations.",KPBS,Unknown,News,2026-09-01T16:14:27.825604Z
956396d9e5f0b7c2d7f68b094e87cc8c,"Kikilias in Rhodes: New vessels, more personnel and stronger Coast Guard presence in the Aegean",https://en.protothema.gr/2026/08/27/kikilias-in-rhodes-new-vessels-more-personnel-and-stronger-coast-guard-presence-in-the-aegean/,admin,2026-08-27T15:20:21Z,maritime transport,"Migration flows in the eastern Aegean are down 60% this year, the minister said — The state provides €168 million a year for subsidized ferry routes
The post Kikilias in Rhodes: New vessels, more personnel and stronger Coast Guard presence in the Aegean appea…",Protothema.gr,Unknown,News,2026-09-01T16:14:27.825660Z
9b431b6d0638f9229e521e07a0de5664,Washington’s new Iran sanctions reveal more than America would like,https://www.rt.com/news/644714-iran-sanctions-reveal-more/,RT,2026-08-27T14:43:23Z,maritime transport,"After an inconclusive military campaign, Washington is leaning on the dollar because coercion now costs less than another failed air war Read Full Article at RT.com",RT,USA,News,2026-09-01T16:14:27.825686Z
29eeedf54eb0c290140385325c5ed211,Sweden to Begin Phasing Out NH90 TTH Helicopters by 2027 – Reports,https://theaviationist.com/2026/08/27/sweden-phasing-out-nh90-tth-by-2027/,Parth Satam,2026-08-27T13:51:52Z,maritime transport,"The reported phase out follows years of availability and maintainability problems with Sweden’s NH90 fleet and a decision to expand its UH-60M Black Hawk fleet. Less than a decade after taking delivery of its full fleet of 18 NH90 helicopters, Sweden will beg…",Theaviationist.com,Unknown,Market Report,2026-09-01T16:14:27.825732Z
8126d390d58024d15124c076d65d5b52,"Divers uncover mysterious shipwreck loaded with ancient cargo lost for 2,400 years",https://www.foxnews.com/travel/divers-uncover-mysterious-shipwreck-loaded-ancient-cargo-lost-2400-years,,2026-08-27T12:00:48Z,maritime transport,"Underwater photos show hundreds of amphorae scattered across the seafloor near Andros, a Greek island in the Cyclades, from a late classical-era vessel.",Fox News,Greece,News,2026-09-01T16:14:27.825769Z
38b2ee103786552295f19e0ef3ff74dd,Defense Business Brief: A day at DIBX 2026 in Philadelphia,https://www.defenseone.com/business/2026/08/defense-business-brief-day-dibx-2026-philadelphia/415665/,Lauren C. Williams,2026-08-27T10:36:43Z,maritime transport,,Defense One,Unknown,News,2026-09-01T16:14:27.825792Z
c4ffb2097f04c1b92b47398e937187e5,"Coast Guard seizes 7K pounds of cocaine worth more than $54 million near Puerto Rico, five arrested",https://www.foxnews.com/us/coast-guard-seizes-7k-pounds-cocaine-worth-more-than-54-million-near-puerto-rico-five-arrested,,2026-08-27T10:00:47Z,maritime transport,"The U.S. Coast Guard seized 7,250 pounds of cocaine worth $54.5 million from a suspected smuggling boat intercepted off the coast of Puerto Rico.",Fox News,Unknown,News,2026-09-01T16:14:27.825829Z
32df916c646112a8546ff492b199ae47,A 13th-century cellar in Germany looked ordinary until archaeologists discovered its ceiling was built from a medieval ship,https://economictimes.indiatimes.com/news/new-updates/a-13th-century-cellar-in-germany-looked-ordinary-until-archaeologists-discovered-its-ceiling-was-built-from-a-medieval-ship/articleshow/133562686.cms,Trending Desk,2026-08-27T09:01:01Z,maritime transport,"Archaeologists studying a 13th-century cellar in Constance, Germany, have discovered that its ceiling was made using at least 19 planks from a medieval flat-bottomed cargo ship. The remarkably preserved timber could offer new clues about shipbuilding and lake…",The Times of India,Germany,News,2026-09-01T16:14:27.825918Z
20a18e31bddebc38bd73ca99fab8bf18,"State real estate at Maximos Mansion, good green news from Brussels, Floridis eyes Thessaloniki A’, Nikos A.’s “meat feast”, Fairfax wants Goody’s and Everest ///",https://en.protothema.gr/2026/08/27/state-real-estate-at-maximos-mansion-good-green-news-from-brussels-floridis-eyes-thessaloniki-a-nikos-a-s-meat-feast-fairfax-wants-goodys-and-everest/,Αλεξία Αμβράζη,2026-08-27T05:03:17Z,maritime transport,"Hello, the economy-focused days continue at Maximos Mansion (the Prime Minister’s office), with a major meeting yesterday chaired by the Prime Minister, attended by Finance Minister Kyriakos Pierrakakis and other relevant figures, on the utilisation of state-…",Protothema.gr,Unknown,News,2026-09-01T16:14:27.825982Z
d626e4f6e409eb00289109d92e8120b1,Piraeus Chamber: Cooperation agreement to bring Nepalese workers into Greek labor market,https://www.naftemporiki.gr/english/2153870/piraeus-chamber-cooperation-agreement-to-bring-nepalese-workers-into-greek-labor-market/,Νατάσα Στασινού,2026-08-27T04:24:40Z,maritime transport,"The creation of a permanent, transparent and institutionally safeguarded channel to facilitate the integration of skilled and semi-skilled workers from Nepal into the Greek labor market, in order to meet…
Piraeus Chamber: Cooperation agreement to bring Nepale…",Naftemporiki.gr,Greece,Market Report,2026-09-01T16:14:27.826028Z
1ce404c7e9dd6836ebf55ff53b8c8b1d,"Tanker hit by unknown projectile in Strait of Hormuz, UKMTO reports",https://cryptobriefing.com/tanker-hit-by-unknown-projectile-in-strait-of-hormuz-ukmto-reports/,Estefano Gomez,2026-08-27T01:01:09Z,maritime transport,"Increased tensions in the Strait of Hormuz could disrupt global oil supply, impacting energy markets and escalating geopolitical conflicts.
The post Tanker hit by unknown projectile in Strait of Hormuz, UKMTO reports appeared first on Crypto Briefing.",Crypto Briefing,Global,Market Report,2026-09-01T16:14:27.826066Z
52c859672c428c37761050873baa5891,Get ready for 'Frantic Friday'! Twenty million drivers to hit UK roads on busiest ever August bank holiday as potential traffic hotspots are revealed,https://www.dailymail.com/news/article-16075641/Frantic-Friday-August-bank-holiday-getaway.html,Mark Duell,2026-08-26T23:02:05Z,maritime transport,"Some 20million leisure car journeys will be made between Friday and Monday as families attempt to make the most of the last bank holiday before Christmas, according to the RAC.",Dailymail.com,Unknown,News,2026-09-01T16:14:27.826110Z
1d967b7e96f6208305087894e3143ce3,CMA CGM Joins $434 Million Expansion of Saudi Arabia’s Jeddah Port,https://gcaptain.com/cma-cgm-joins-434-million-expansion-of-saudi-arabias-jeddah-port/,Mike Schuler,2026-08-26T19:19:45Z,maritime transport,"Red Sea Gateway Terminal and CMA CGM Group have agreed to invest an initial $434 million to develop a new container terminal at Saudi Arabia’s Jeddah Islamic Port, adding up...",gcaptain.com,Unknown,News,2026-09-01T16:14:27.826155Z
169f837d815abd07095fcf505bb1b2ac,USSOCOM Seeks Battery Bottles,https://soldiersystems.net/2026/08/26/ussocom-seeks-battery-bottles/,Eric G,2026-08-26T16:00:00Z,maritime transport,"SOFWERX, in collaboration with USSOCOM Program Executive Office Maritime, Undersea (PEO-M-U), will host a virtual Assessment Event on 30 September 2026. The PEO-M-U Program Office is engaging industry to determine the readiness of the manufacturing base to ev…",Soldiersystems.net,Unknown,Market Report,2026-09-01T16:14:27.826262Z
73a4e7bd8c186c85cf667425b5e14a72,28 startups using AI to transform the energy sector,https://blog.google/company-news/outreach-and-initiatives/entrepreneurs/google-for-startups-accelerator-energy-ai/,"Amanda Peterson CorioGlobal Head of Data Center Energy, Adam ElmanDirector of Sustainability, EMEA",2026-08-26T16:00:00Z,maritime transport,"Spanning North America and Europe, the energy-focused, AI-driven startups were selected for the Google for Startups Accelerator.",Blog.google,USA,News,2026-09-01T16:14:27.826282Z
5a5317e43d47f718fae4d7e41b0b257f,Links 8/26/2026 Plus Iran War Note,https://www.nakedcapitalism.com/2026/08/links-8-26-2026-plus-iran-war-note.html,Yves Smith,2026-08-26T10:55:17Z,maritime transport,"Our blinding daily links: Old trees save lives, US-Canada row escalates, China shock 2.0, Ratcliffe suprise trip to Moscow, mass US visa revocation, LePen at new high, AI hater guide, stock overvaluation, Amazon hardware price hike, moar Trump bogus Iran twee…",Nakedcapitalism.com,China,Market Report,2026-09-01T16:14:27.826299Z
57faf469ba3a0ce14bbbb4e30fdbeb6d,Why Oil's War Premium Is Unwinding Again,https://www.rigzone.com/news/why_oils_war_premium_is_unwinding_again-26-aug-2026-184462-article/,Andreas Exarheas,2026-08-26T10:36:17Z,maritime transport,"The change in sentiment has been swift, Ole Hansen, Saxo Bank Head of Commodity Research, said.",Rigzone,Unknown,News,2026-09-01T16:14:27.826338Z
660550e90365f1b3316767c28ead65fc,From Hormuz to the Caucasus: The New Geography of Energy Security,https://warontherocks.com/from-hormuz-to-the-caucasus-the-new-geography-of-energy-security/,Aidin Panahi,2026-08-26T07:30:16Z,maritime transport,"Every crisis in the Middle East returns the world’s attention to the same stretch of water. When tankers are seized, or missiles fly near the Persian Gulf, oil prices move, insurers reprice risk, shipping reroutes, and the United States repositions naval and …",War on the Rocks,USA,Market Report,2026-09-01T16:14:27.826363Z
b006b85167b093961c7f27a06d4377ce,"Louisiana built stages of the Saturn V rockets that carried astronauts to the Moon, but has never hosted an orbital launch. SpaceX now plans a $100 billion Gulf Coast spaceport targeting its first Starship flight in 2029 — with an eventual capacity of thousands a year.",https://spacedaily.com/t-louisiana-spacex-100-billion-starbase-spaceport/,The Daily Orbit,2026-08-26T03:30:00Z,maritime transport,"SpaceX and Louisiana have announced a 125,000-acre Starship campus targeting a first flight in 2029, but its $100 billion full-buildout plan and thousands-per-year capacity still depend on vehicle reuse, infrastructure, licensing and coastal review.
The post …",Space Daily,Unknown,Analysis/Opinion,2026-09-01T16:14:27.826426Z
f1228ac782def360e11515f674a9c5d7,"India urges global cooperation to safeguard sea lanes for food, fuel at UNSC",https://economictimes.indiatimes.com/news/india/india-urges-un-to-safeguard-sea-lanes-for-food-fuel/articleshow/133527872.cms,PTI,2026-08-26T02:46:46Z,maritime transport,India called for global cooperation to safeguard critical sea lanes for essential goods. Secure maritime routes are indispensable for uninterrupted movement of food and fuel. Conflicts increasingly generate ripple effects far beyond immediate areas of hostili…,The Times of India,India,News,2026-09-01T16:14:27.826455Z
82e1e98891b85f3e9c2483fceb1e9cee,India calls on international community to safeguard critical sea lanes,https://www.business-standard.com/world-news/india-calls-on-international-community-to-safeguard-critical-sea-lanes-126082600096_1.html,Press Trust of India,2026-08-26T02:37:52Z,maritime transport,"India has called on the international community to work collectively to safeguard critical sea lanes, emphasising that secure and predictable maritime trade routes are indispensable for uninterrupted movement of food, fertilisers and fuel.
""Food insecurity re…",Business Standard,India,News,2026-09-01T16:14:27.826484Z
a47009789c7a40f3f7e0b282b4a1c7ac,Blue economy: Lessons for Africa from South-East Asia,https://punchng.com/blue-economy-lessons-for-africa-from-south-east-asia/,Punch Newspapers,2026-08-26T00:01:13Z,maritime transport,"Recently, while on a cruise from Miami to the Bahamas, I found myself reflecting less on the leisure around me than on the extraordinary engineering and economic ecosystem that made the voyage possible. For many African countries, the conversation about the m…",The Punch,Unknown,News,2026-09-01T16:14:27.826534Z
557adcb1e7c14478fdabc6c046888014,Spain Aligns with France and More as Summer Health Risks Reshape Europe Travel in 2026 - Travel And Tour World,https://www.travelandtourworld.com/news/article/qxretd32j6fw/,Debomita Dutta,2026-08-25T17:16:56Z,maritime transport,"Spain, France, Italy and more face rising summer health risks in 2026 as mosquitoes, ticks and outbreaks reshape Europe travel planning.",Travelandtourworld.com,Unknown,News,2026-09-01T16:14:27.826573Z
5e4c97aa63ccfcec07e264ffdec5b47a,Houthi strikes threaten to pull Yemen back into full-scale war,https://www.dw.com/en/houthi-strikes-threaten-to-pull-yemen-back-into-full-scale-war/a-78497448,Jennifer Holleis,2026-08-25T15:31:00Z,maritime transport,"The Iran-backed Houthis are using regional warfare to increase pressure on Saudi Arabia, while their attacks risk reopening Yemen's own conflict and disrupting shipping in the Red Sea. Yemen is increasingly at risk of backsliding into full-scale conflict. On …",DW (English),Unknown,News,2026-09-01T16:14:27.826625Z
7be5ce9ba7b456c5d8b68a048cd4de67,DP World’s Port of Callao Becomes Latin America’s First Terminal to Offer Shore Power,https://financialpost.com/globe-newswire/dp-worlds-port-of-callao-becomes-latin-americas-first-terminal-to-offer-shore-power,GlobeNewswire,2026-08-25T15:10:32Z,maritime transport,"The system will supply vessels with 100% renewable electricity and avoid more than 6,300 tonnes of CO₂e annually CALLAO, Peru, Aug. 25, 2026 (GLOBE NEWSWIRE) — A new milestone in sustainable port operations has been reached at the Port of Callao, where DP Wor…",Financial Post,USA,News,2026-09-01T16:14:27.826662Z
e34b9a429fabc82e04f55b7eda99ea6b,US Treasury Targets Iran’s Shipping Lifelines in New Sanctions Push,http://wwd.com/sourcing-journal/logistics/scott-bessent-treasury-operation-economic-outcast-iran-sanctions-1239148500/,Glenn Taylor,2026-08-25T13:00:00Z,maritime transport,"More than 60 entities, individuals and vessels were sanctioned Monday as Secretary Scott Bessent warned companies facilitating Iranian trade and oil smuggling they could be next.",WWD,Unknown,News,2026-09-01T16:14:27.826707Z
7661f88f22886dc6dfa530c4de23127f,Undersea Infrastructure : A Weak Spot For National Security,https://www.forbes.com/sites/arielcohen/2026/08/25/undersea-infrastructure--a-weak-spot-for-national-security/,"Ariel Cohen, Contributor, 
 Ariel Cohen, Contributor
 https://www.forbes.com/sites/arielcohen/",2026-08-25T12:00:00Z,maritime transport,"Undersea infrastructure, mostly telecommunications cables and energy pipelines, are foundations of the modern economy. This infrastructure is under attack.",Forbes,Unknown,News,2026-09-01T16:14:27.826744Z
ab533b1442671d90e85e427d05dd493d,Malacca States Vow to Keep Asia’s Busiest Shipping Route Open,https://oilprice.com/Latest-Energy-News/World-News/Malacca-States-Vow-to-Keep-Asias-Busiest-Shipping-Route-Open.html,Tsvetana Paraskova,2026-08-25T11:00:00Z,maritime transport,"The three states in the Strait of Malacca, the vital shipping lane into Asia, have pledged to keep the world’s busiest maritime thoroughfare free and open to vessels amid the ongoing crisis in the Strait of Hormuz in the Middle East. Indonesia, Malaysia, and …",OilPrice.com,Indonesia,News,2026-09-01T16:14:27.826783Z
359155e67a40fc713f572912ce5b5140,"Malacca Strait States Will Keep Waters ‘Free, Open and Safe’",https://gcaptain.com/malacca-strait-states-will-keep-waters-free-open-and-safe/,Bloomberg,2026-08-25T10:30:04Z,maritime transport,"Indonesia, Malaysia and Singapore — countries that share the primary stewardship of the Strait of Malacca — said on Tuesday they were committed to keeping the narrow corridor and the waters around it “free, open and safe for international shipping.”",gcaptain.com,Singapore,News,2026-09-01T16:14:27.826817Z
cde863f1fa53f4690b6352ae8a30862a,An attack on a commercial oil tanker in the waters off the coast of Oman,https://english.gossiplankanews.com/2026/08/an-attack-on-commercial-oil-tanker-in.html,noreply@blogger.com (Unknown),2026-08-25T09:31:33Z,maritime transport,"A merchant oil tanker was severely damaged in its engine room and rendered inoperable following an unidentified attack in the waters off the coast of Oman, near the Strait of Hormuz. The UK Maritime Trade Operations (UKMTO) issued an advisory under reference …",Gossiplankanews.com,Unknown,News,2026-09-01T16:14:27.826870Z
6dfbb89cc58363538a60d6736fea763f,Dakshina Kannada MP urges Karnataka CM to back Mangaluru railway notification,https://www.thehindubusinessline.com/economy/logistics/dakshina-kannada-mp-urges-karnataka-cm-to-back-mangaluru-railway-notification/article71387733.ece,BL Mangaluru Bureau,2026-08-25T07:35:12Z,maritime transport,"Capt Chowta informed Shivakumar that the Kerala Chief Minister has asked the Prime Minister to reconsider the notification, and Kerala MPs have publicly opposed its implementation",BusinessLine,Unknown,News,2026-09-01T16:14:27.826909Z
a06e57c79b560bf50bd9b8c0152aa24b,Treasury Department warns mariners of sanctions risks from Iranian organizations,https://cryptobriefing.com/treasury-warns-mariners-iran-sanctions-risks/,Editorial Team,2026-08-25T05:50:41Z,maritime transport,"The alert underscores heightened regulatory risks for global shipping, potentially disrupting maritime commerce and escalating geopolitical tensions.
The post Treasury Department warns mariners of sanctions risks from Iranian organizations appeared first on C…",Crypto Briefing,Global,News,2026-09-01T16:14:27.826966Z
9ae0b3c73e9be41383004772b17b93ba,“Let no one test our resolve”: The US ultimatum to Iran’s partners and the threat of expulsion from the Dollar,https://en.protothema.gr/2026/08/25/let-no-one-test-our-resolve-the-us-ultimatum-to-irans-partners-and-the-threat-of-expulsion-from-the-dollar/,Newsroom,2026-08-25T04:51:00Z,maritime transport,"New barrage of U.S. sanctions targeting gold, technology, digital resources, aviation and maritime transport is being prepared — Tehran promises Washington a “new defeat”
The post “Let no one test our resolve”: The US ultimatum to Iran’s partners and the thre…",Protothema.gr,Unknown,News,2026-09-01T16:14:27.827024Z
5b803ea9f6af2bef907eb7d558099c47,8 Travel Destinations Ancient Romans Had on Their Bucket Lists,https://www.mentalfloss.com/history/ancient-roman-travel-destinations,Eden Gordon,2026-08-25T00:00:01Z,maritime transport,"The ancient Romans valued travel, and visited Greek islands, the Pyramids of Giza, the Olympic Games, and various bathhouses, among other destinations.",Mental Floss,Greece,News,2026-09-01T16:14:27.827056Z
5309cf504b02157b1bfcc83ea7ebf70a,"Container Dwell Times Surge at LA, Long Beach Ports Amid Import Influx",http://wwd.com/sourcing-journal/logistics/container-dwell-times-port-los-angeles-long-beach-import-influx-1239175771/,Glenn Taylor,2026-08-31T15:49:54Z,cargo shipping,Rail containers waited an average 6.34 days at the San Pedro Bay ports in July—a 15-month peak—while truck dwell times reached an 18-month high.,WWD,Unknown,News,2026-09-01T16:14:28.265623Z
91646392c1f7fa46bc49c75ff1b39753,Trump’s Stolen Venezuelan Crude Oil Sent to Israel,https://www.globalresearch.ca/trump-stolen-venezuelan-crude-oil-sent-israel/5938509,Kurt Nimmo,2026-08-31T15:49:30Z,cargo shipping,"On August 29, President Trump went on social media and boasted about stealing Venezuelan oil. The theft, according to Trump, “more than doubles American oil reserves.” He said there was “no cost” to American taxpayers, although there will obviously be …
The p…",Globalresearch.ca,USA,News,2026-09-01T16:14:28.265660Z
c5795e64d6fb1c6644c1f7b94559ad47,Turkish-Somali Forces Free Hijacked Cargo Ship Off Somalia,https://gcaptain.com/turkish-somali-forces-free-hijacked-cargo-ship-off-somalia/,Mike Schuler,2026-08-31T15:48:58Z,cargo shipping,"Turkish and Somali forces have freed the cargo ship Lutuf after a 10-day operation against pirates who hijacked the vessel off Somalia’s Puntland coast earlier this month, according to Somalia’s Ministry of...",gcaptain.com,Turkey,Market Report,2026-09-01T16:14:28.265694Z
34707ecc2a2d45696b839d87afae1231,"NSHIPOL gets in-principle nod for ₹24,700 cr Odisha shipbuilding cluster",https://www.business-standard.com/industry/news/nshipol-gets-in-principle-nod-for-24-700-cr-odisha-shipbuilding-cluster-126083101234_1.html,Hemant Kumar Rout,2026-08-31T14:30:21Z,cargo shipping,The proposed Kendrapara cluster will have shipyards with a combined capacity of around 1.2 million gross tonnes a year and an integrated heavy industries ecosystem,Business Standard,Unknown,News,2026-09-01T16:14:28.265756Z
ef92ab67c7c9693b1fb9d4b0087a267a,Maritime Safety System Market worth $8.12 billion by 2031 - Report by MarketsandMarkets™,https://www.prnewswire.com/news-releases/maritime-safety-system-market-worth-8-12-billion-by-2031--report-by-marketsandmarkets-302864766.html,,2026-08-31T14:01:00Z,cargo shipping,"DELRAY BEACH, Fla., Aug. 31, 2026 /PRNewswire/ -- According to MarketsandMarkets™, the global Maritime Safety System Market will grow from USD 6.29 billion in 2026 to USD 8.12 billion by 2031, at a CAGR of 5.2% during the forecast period. Browse 350 market da…",PRNewswire,Global,Analysis/Opinion,2026-09-01T16:14:28.265804Z
037c073aeea7ab195fec320d53620e67,Magaya Expands New Zealand Capabilities with PortConnect Integration,https://www.prnewswire.com/news-releases/magaya-expands-new-zealand-capabilities-with-portconnect-integration-302862430.html,,2026-08-31T11:45:00Z,cargo shipping,"Integration will bring container tracking, vessel schedules, and port information directly into Magaya Supply Chain MIAMI, Aug. 31, 2026 /PRNewswire/ -- Magaya Corporation, the leading freight management platform for freight forwarders and customs brokers, to…",PRNewswire,Unknown,News,2026-09-01T16:14:28.265944Z
e962f6fae9f60b9f77f2cac7bf30933c,Ecarke Cordless Fuel Transfer Pump for $40 + free shipping,https://www.dealnews.com/Ecarke-Cordless-Fuel-Transfer-Pump-for-40-free-shipping/22123564.html,https://www.dealnews.com/authors/Michael-Andrew-C/158.html,2026-08-31T08:04:15Z,cargo shipping,"This Ecarke fuel transfer pump is $60 off, bringing it down to $40 from its $100 regular price. It's the best price Amazon has charged for this fuel transfer pump. It runs on DeWalt 20V or Milwaukee 18V batteries, so it can be used without a power outlet, and…",Dealnews.com,Unknown,News,2026-09-01T16:14:28.265993Z
7a91b5fc3a2e63dacf991613f601aaf6,"Open Box Stanley 1,200 Peak Amp Jump Starter for $24 + free shipping",https://www.dealnews.com/products/Stanley-Tools/Stanley-1-200-Peak-Amp-Jump-Starter/527808.html,https://www.dealnews.com/authors/Keira-W/212.html,2026-08-30T23:47:09Z,cargo shipping,"eBay offers the open-box Stanley 1,200 Peak Amp Jump Starter for $23.92 via promo code ""VIPAUGTAKE8"".  That's $46 under the cost of a factory-sealed unit.  Shipping is free.  Deal ends September 1st. Buy Now at eBay",Dealnews.com,Unknown,News,2026-09-01T16:14:28.266108Z
c4232eeb9d6b47632820b7a140c31297,Iran’s president admits ‘we have many problems’ and missiles ‘are of no use’ as the U.S. chokes its economy while weakening Tehran’s grip on Hormuz,https://www.yahoo.com/news/politics/articles/iran-president-admits-many-problems-231054810.html,Jason Ma,2026-08-30T23:10:54Z,cargo shipping,"""People are on the edge now; if I put more pressure on them, they might fall off the edge. We have to be careful that no one falls off.""",Yahoo Entertainment,Unknown,News,2026-09-01T16:14:28.266154Z
45f33c8c9e41235fc90ec34f58ecdf0e,Iran’s president admits ‘we have many problems’ and missiles ‘are of no use’ as the U.S. chokes its economy while weakening Tehran’s grip on Hormuz,https://fortune.com/2026/08/30/iran-economy-many-problems-inflation-naval-blockade-hormuz-oil-exports-fuel-imports/,Jason Ma,2026-08-30T23:10:54Z,cargo shipping,"""People are on the edge now; if I put more pressure on them, they might fall off the edge. We have to be careful that no one falls off.""",Fortune,Unknown,News,2026-09-01T16:14:28.266189Z
116a0843f193a2401ea603bb49f55a74,Performance Tool 10-Quart Oil Drain Container for $15 + free shipping w/ Prime,https://www.dealnews.com/products/Performance-Tool/Performance-Tool-10-Quart-Oil-Drain-Container/527755.html,https://www.dealnews.com/authors/Keira-W/212.html,2026-08-30T19:51:06Z,cargo shipping,Amazon offers the Performance Tool 10-Quart Oil Drain Container for $14.99.  That's a $10 low.  Shipping is free for Prime members. Buy Now at Amazon,Dealnews.com,Unknown,News,2026-09-01T16:14:28.266276Z
c1ff77efe63efe8bff4325a3efecc782,Ankara summons Ukraine envoy after Black Sea attacks,https://www.hurriyetdailynews.com/ankara-summons-ukraine-envoy-after-black-sea-attacks-226241,hurriyetdailynews.com,2026-08-30T12:36:23Z,cargo shipping,"Türkiye summoned Ukraine’s ambassador on Aug. 29 after two Turkish-operated commercial vessels were damaged in separate drone attacks in the Black Sea near the Russian port of Tuapse, according to Turkish Foreign Ministry sources.",Hurriyet Daily News,Russia,News,2026-09-01T16:14:28.266379Z
b831d904cd9c10d307e8baff931cfaab,Strait of Hormuz daily ship crossings collapse to below 20 amid escalating tensions,https://cryptobriefing.com/iran-blocks-strait-hormuz-ship-traffic/,Editorial Team,2026-08-30T12:07:44Z,cargo shipping,"The drastic reduction in ship crossings through the Strait of Hormuz could significantly disrupt global energy markets and heighten geopolitical tensions.
The post Strait of Hormuz daily ship crossings collapse to below 20 amid escalating tensions appeared fi…",Crypto Briefing,Global,Market Report,2026-09-01T16:14:28.266425Z
4b74cb0d0158ccd7627a9a3e7450a2cf,"Turkish, Somali forces free hijacked vessel from pirates",https://www.hurriyetdailynews.com/turkish-somali-forces-free-hijacked-vessel-from-pirates-226237,hurriyetdailynews.com,2026-08-30T12:04:38Z,cargo shipping,"Türkiye’s navy, along with Somali armed forces, have freed a hijacked vessel held in Somali waters and killed 14 pirates after a battle lasting several days, Mogadishu’s government said on Aug. 29.",Hurriyet Daily News,Turkey,Market Report,2026-09-01T16:14:28.266454Z
0c15459cc64579abe3d410b8388f68cf,"Shipping ministry retains relaxations for foreign ships in coastal trade, Indian vessels to face continued competition",https://www.thehindubusinessline.com/economy/logistics/shipping-ministry-retains-relaxations-for-foreign-ships-in-coastal-trade-indian-vessels-to-face-continued-competition/article71407308.ece,T E Raja Simhan,2026-08-30T10:43:32Z,cargo shipping,"The Shipping Ministry restores relaxations allowing foreign-flagged vessels to carry specified categories of cargo between Indian ports, opting for continuity amid geopolitical disruptions and capacity constraints in global shipping",BusinessLine,India,News,2026-09-01T16:14:28.266481Z
8c5afa5307cb0a9610114a9bc78183ba,"Russia is one of the world's top oil producers, so why is it still importing petrol from India",https://economictimes.indiatimes.com/industry/energy/oil-gas/russia-is-one-of-the-worlds-top-oil-producers-so-why-is-it-still-importing-petrol-from-india/articleshow/133624269.cms,ET Online,2026-08-30T06:10:18Z,cargo shipping,Russia is rationing petrol domestically as Ukrainian drone strikes damage its oil refineries.  The nation continues crude oil production while facing domestic fuel shortages.  Refineries like NORSI and Perm have halted operations after recent attacks.  Russia…,The Times of India,India,News,2026-09-01T16:14:28.266511Z
818b7fcabd44da4090b61d2758a0f7f0,"The first man-made object recovered from orbit came down in the Pacific instead of being caught in mid-air, and by the time the capsule reached Honolulu the Navy had painted “Compliments of the US Navy” on the shipping can",https://spacedaily.com/s-the-first-man-made-object-recovered-from-orbit-came-down-in-the-pacific-instead-of-being-caught-in-mid-air-and-by-the-time-the-capsule-reached-honolulu-the-navy-had-painted-compliments-of-the-us/,Chris Jeremia,2026-08-30T02:00:00Z,cargo shipping,"Declassified CIA and National Reconnaissance Office histories record how the August 1960 mid-air catch of the Discoverer 13 capsule went wrong, why the capsule carried no film, and how a plan to swap it before it reached the President stayed on paper.
The pos…",Space Daily,Unknown,News,2026-09-01T16:14:28.266579Z
cd4a810cfe1f00006de4a0573995d5b9,"Turkiye, Somalia forces free cargo vessel hijacked by pirates",https://www.aljazeera.com/news/2026/8/30/turkiye-somalia-forces-frees-cargo-vessel-hijacked-by-pirates,Al Jazeera Staff,2026-08-30T00:16:58Z,cargo shipping,Somali authorities say 14 pirates were killed in the 10-day operation to free a Cameroon-flagged cargo vessel.,Al Jazeera English,Unknown,Market Report,2026-09-01T16:14:28.266608Z
059330cf4ed4040bde164893a068b5b3,Arunlluta Men's Breathable Ripstop Tactical Cargo Pants w/ 9 Pockets (Various) $19.31 + Free Shipping w/ Prime or on $35+ (1 replies),https://slickdeals.net/f/19942845-arunlluta-men-s-breathable-ripstop-tactical-cargo-pants-w-9-pockets-various-19-31-free-shipping-w-prime-or-on-35,babgaly | Staff,2026-08-29T23:45:44Z,cargo shipping,Arunlluta Direct via Amazon [amazon.com] has Arunlluta Men's Breathable Ripstop Tactical Cargo Pants w/ 9 Pockets (Various) on sale for $32.19 - $12.88 off when you enter the coupon code Y22M9MZD,Slickdeals.net,Unknown,News,2026-09-01T16:14:28.266651Z
a15e3fb873894fffcb4c94d1a3030bf2,"Turkish, Somali forces free vessel seized by pirates in Somalia",https://www.dw.com/en/turkish-somali-forces-free-vessel-seized-by-pirates-in-somalia/a-78560087,Akanksha Saxena,2026-08-29T20:54:00Z,cargo shipping,Turkish and Somali forces have freed the MV LUTUF after pirates hijacked the vessel off the coast of Somalia. The 10-day operation killed 14 alleged pirates and destroyed four boats used by the attackers.,DW (English),Turkey,Market Report,2026-09-01T16:14:28.266680Z
284f8123279e51ed688cbf8428aa18a4,Popular beach predicted to shrink by 12 metres as tides rise,https://www.abc.net.au/news/2026-08-30/horsehoe-bay-erosion-to-shrink-port-elliot-beach-sa/106995272,Caroline Horn,2026-08-29T20:34:09Z,cargo shipping,Horseshoe Bay in South Australia is under threat from erosion amid predictions it will shrink significantly by 2050 if action is not taken.,ABC News (AU),Australia,Analysis/Opinion,2026-09-01T16:14:28.266691Z
4da80af69e94d34a4274e2eaf38b93f5,Romania Probes Cause Of Black Sea Cargo Ship Sinking,https://gcaptain.com/romania-probes-cause-of-black-sea-cargo-ship-sinking/,Reuters,2026-08-29T19:50:57Z,cargo shipping,"Aug 29 (Reuters) – A merchant ship caught fire and sank off the coast of Romania in the Black Sea on Thursday evening, likely after being hit, Romanian President Nicusor Dan and authorities said....",gcaptain.com,Unknown,News,2026-09-01T16:14:28.266737Z
8372dad93e39c4d1d3b353d11607baca,Turkiye summons Ukraine ambassador over Black Sea attacks,https://www.aljazeera.com/news/2026/8/29/turkiye-summons-ukraine-ambassador-over-black-sea-attacks-2,,2026-08-29T17:41:57Z,cargo shipping,Two Turkish-operated vessels have been struck this week as a result of the war between Russia and Ukraine.,Al Jazeera English,Russia,News,2026-09-01T16:14:28.266757Z
3ec5da0310ebf480acd90ebbaa3892ef,Türkiye summons Kiev’s envoy over attacks on Black Sea shipping,https://www.rt.com/news/644816-turkiye-summons-ukraine-envoy/,RT,2026-08-29T17:30:01Z,cargo shipping,Ankara has summoned Kiev’s envoy after two Turkish-operated vessels were attacked in the Black Sea Read Full Article at RT.com,RT,Turkey,News,2026-09-01T16:14:28.266789Z
108c24d2ce364c7784e46d55b89693f7,Turkey summons Ukraine’s ambassador after drones hit cargo ships in Black Sea,https://cryptobriefing.com/turkey-summons-ukraine-ambassador-drone-cargo-ships/,Editorial Team,2026-08-29T17:28:02Z,cargo shipping,"Turkey's response to Black Sea drone strikes could disrupt global shipping and commodities markets, impacting regional stability and trade.
The post Turkey summons Ukraine’s ambassador after drones hit cargo ships in Black Sea appeared first on Crypto Briefin…",Crypto Briefing,Ukraine,Market Report,2026-09-01T16:14:28.266817Z
fa5fc898a73390920d3e5bf5aa7dcd9a,U.S. Eyes 18th-Century Law to Seize and Sell Iranian Oil,https://oilprice.com/Energy/Crude-Oil/US-Eyes-18th-Century-Law-to-Seize-and-Sell-Iranian-Oil.html,OilPrice.com,2026-08-29T16:00:00Z,cargo shipping,"The US government is exploring an unusual legal route for dealing with Iranian oil and ships captured as part of its blockade: bringing back a wartime maritime system that has barely been used for generations, according to Bloomberg. The Justice Department, w…",OilPrice.com,Unknown,News,2026-09-01T16:14:28.266867Z
5be9f2e26d3dc7ef63fe72bb89ea113c,Aceh revives Ro-Ro shipping route to Penang after flood suspension,https://en.antaranews.com/news/429013/aceh-revives-ro-ro-shipping-route-to-penang-after-flood-suspension,"Rahmat Fajri, Uyu Liman",2026-08-29T13:31:29Z,cargo shipping,The Aceh provincial government is resuming efforts to develop a Roll-on/Roll-off (Ro-Ro) shipping route connecting Krueng Geukueh Port in North Aceh to ...,Antaranews.com,Unknown,News,2026-09-01T16:14:28.266927Z
36a7d8cedf87e53c048adf75be68ee49,"Six months ago, Iran was supposed to collapse. Here’s what happened instead",https://www.rt.com/news/644802-six-months-iran-us-israel/,RT,2026-08-29T12:20:27Z,cargo shipping,"Six months into the war, Tehran has survived decapitation strikes, sanctions and economic pressure while Washington searches for an exit Read Full Article at RT.com",RT,Unknown,News,2026-09-01T16:14:28.266972Z
c4e39c877fbde6a2ff1944d86326cf94,"Strait of Hormuz Tanker Traffic Climbs Sharply, but It Remains Well Below Prewar Shipping Levels",https://www.ibtimes.com.au/tanker-traffic-strait-hormuz-surges-1874729,Joe Green,2026-08-29T10:35:29Z,cargo shipping,"Tanker traffic through the Strait of Hormuz increased by over 30% last week, yet remains below pre-war levels due to ongoing conflict involving the US, Israel, and Iran.",Ibtimes.com.au,Unknown,News,2026-09-01T16:14:28.267010Z
ab7051c2444176d7f25b752ba2160118,"Offshore nuclear barges could power ports and data centers—starting with California, where nuclear is banned",https://fortune.com/2026/08/29/offshore-nuclear-barges-power-ports-data-centers-california-banned/,Jordan Blum,2026-08-29T07:12:00Z,cargo shipping,Offshore nuclear power could potentially power everything from ports and data centers to merchant cargo ships and military fleets.,Fortune,Unknown,News,2026-09-01T16:14:28.267107Z
a5299f3ad8c900cf4a0640441dd114a7,"I reviewed the Kingbull Ranger, and it’s a blast",https://the-gadgeteer.com/2026/08/28/i-reviewed-the-kingbull-ranger-and-its-a-blast/,Vincent Nguyen,2026-08-29T01:37:18Z,cargo shipping,"The Kingbull Ranger looks like someone stretched a vintage moped over a fat-tire e-bike, and somehow the result looks amazing. The long brown bench seat, low frame, wide tires, and old-school details give it more personality than most e-bikes I see. I really …",The Gadgeteer,Unknown,Analysis/Opinion,2026-09-01T16:14:28.267257Z
39c81b3df5968d52c63b78cc69b1610c,Iran’s crude oil exports near zero as US targets banking networks with Operation Economic Outcast,https://cryptobriefing.com/iran-oil-exports-near-zero-us-sanctions/,Editorial Team,2026-08-28T21:14:39Z,cargo shipping,"The US sanctions on Iran's oil exports could destabilize global oil markets and strain Iran's economy, impacting regional geopolitics.
The post Iran’s crude oil exports near zero as US targets banking networks with Operation Economic Outcast appeared first on…",Crypto Briefing,Global,Market Report,2026-09-01T16:14:28.267347Z
5887764567e9f4a5e6534d00958701d8,lululemon Men's Pants We Made Too Much Specials: Up to 60% off + free shipping,https://www.dealnews.com/lululemon-Mens-Pants-We-Made-Too-Much-Specials-Up-to-60-off-free-shipping/22110223.html,https://www.dealnews.com/authors/Liz-Z/247.html,2026-08-28T19:55:02Z,cargo shipping,"lululemon's We Made Too Much Event covers men's pants starting at $49, including styles like the ABC Slim-Fit Trouser and Pace Breaker Jogger. Several styles such as the ABC Classic-Fit 5 Pocket Pant and Sojourn Jogger are marked down from $138-$148 to as low…",Dealnews.com,Unknown,News,2026-09-01T16:14:28.267397Z
04b0b82458d7600501ec53ccd5785ac2,Black Jack Drive-Maxx 1000 4.75-Gallon Asphalt Sealer for $32 + free shipping w/ $45,https://www.dealnews.com/Black-Jack-Drive-Maxx-1000-4-75-Gallon-Asphalt-Sealer-for-32-free-shipping-w-45/22110160.html,https://www.dealnews.com/authors/David-W/244.html,2026-08-28T19:07:02Z,cargo shipping,"We've pictured the Black Jack Drive-Maxx 1000 4.75-gallon Asphalt Sealer, now $32 at Lowe's, down from $40. It covers up to 350 sq. ft. per application and comes with a 10-year guarantee against wear. This deal ends September 9. Buy Now at Lowe's
 Features
…",Dealnews.com,Unknown,News,2026-09-01T16:14:28.267447Z
bdd848fac4857133b4b1c40578cadd18,Msmsse Men's 100% cotton Relaxed Cargo Short from $10.36 + Free Shipping w/ Prime or on $35+,https://slickdeals.net/f/19939041-msmsse-men-s-100-cotton-relaxed-cargo-short-from-10-36-free-shipping-w-prime-or-on-35,babgaly,2026-08-28T18:58:12Z,cargo shipping,Msmsse via Amazon [amazon.com] has *Msmsse Men's 100% cotton Relaxed Cargo Short (Various) *on sale for $17.28 - 40% off when you enter the coupon code R9GBIQXN =*$10.36*. Shipping is free w/ Prime...,Slickdeals.net,Unknown,News,2026-09-01T16:14:28.267485Z
d5833cd0019ae064b9f87a75c116e7ae,Tommy Bahama High Folding Beach Chair for $30 + free shipping,https://www.dealnews.com/Tommy-Bahama-High-Folding-Beach-Chair-for-30-free-shipping/22110144.html,https://www.dealnews.com/authors/David-W/244.html,2026-08-28T18:58:11Z,cargo shipping,"This Tommy Bahama beach chair is $29.98, down from $74.98 at Lowe's. That's $45 off and the lowest price we could find.  It sits higher off the ground than a typical beach chair, making it easier to get in and out of, and it folds down with a carrying strap f…",Dealnews.com,Unknown,News,2026-09-01T16:14:28.267532Z
67b4cdd81003e2f511eb9068be0c738f,BRICS set to adopt framework for supply-chain cooperation,https://economictimes.indiatimes.com/news/india/brics-set-to-adopt-framework-for-supply-chain-cooperation/articleshow/133598318.cms,Dipanjan Roy Chaudhury,2026-08-28T18:26:32Z,cargo shipping,"India will chair the BRICS Summit, focusing on development and innovation.  The summit will address resilient supply chains and promote trade in national currencies.  Global institutional reforms and BRICS Bank projects will also be discussed.  Unilateral san…",The Times of India,India,News,2026-09-01T16:14:28.267561Z
f6aa55bb31d9f5f9f7704b20941f9954,Style Selections Polyester Tropical Print Folding Beach Chair for $25 + pickuo,https://www.dealnews.com/Style-Selections-Polyester-Tropical-Print-Folding-Beach-Chair-for-25-pickuo/22110105.html,https://www.dealnews.com/authors/David-W/244.html,2026-08-28T18:19:20Z,cargo shipping,"This Style Selections beach chair is $24.99, down from $49.98 at Lowe's. That's the lowest price we could find. It folds for storage and includes a carrying strap for transport to the beach or campsite. Choose in-store pickup or spend over $45 to get free shi…",Dealnews.com,Unknown,News,2026-09-01T16:14:28.267611Z
f087f18f10e30003f984abfe0f7744e1,Capacity Squeeze Looms as Panama Canal Restrictions Tighten,https://gcaptain.com/capacity-squeeze-looms-as-panama-canal-restrictions-tighten/,The Loadstar,2026-08-28T17:27:16Z,cargo shipping,"CMA CGM has postponed its $150 per TEU Low Water Surcharge on cargo moving from South America’s west coast through the Panama Canal, where more restrictions on draught and transits are expected.",gcaptain.com,USA,News,2026-09-01T16:14:28.267686Z
56c33f91065cc6095a55b64adf26a344,COSCO SHIPPING Ports Announces 2026 Interim Results,https://www.prnewswire.com/news-releases/cosco-shipping-ports-announces-2026-interim-results-302862855.html,,2026-08-28T14:02:00Z,cargo shipping,"Weaving New Connections Empowering Smart Journeys HONG KONG, Aug. 28, 2026 /PRNewswire/ -- COSCO SHIPPING Ports Limited (""COSCO SHIPPING Ports"" or ""CSP"" or the ""Company"", SEHK: 1199), the world's leading ports logistics service provider, today announced the i…",PRNewswire,Unknown,News,2026-09-01T16:14:28.267765Z
1c3271f5990f02545f3c55e8db23df99,Mavi Jeans Canada: End of Season Sale up to 50% off,https://smartcanucks.ca/mavi-jeans-canada-end-of-season-sale-up-to-50-off-3/,Anne Dougherty,2026-08-28T13:57:01Z,cargo shipping,"There is an End of Season Sale on now at Mavi Jeans Canada, and almost everything is up to 50% off. The sale includes styles for men and women, and shipping is free on orders of $140 or more. For orders less than $140 there is a shipping charge of $8. Here ar…",Smartcanucks.ca,Unknown,News,2026-09-01T16:14:28.267812Z
7829238778354c219ee16c5c2059815c,"Why is China‑Europe Trade Taking an ""Ice‑Breaking"" Route?",https://www.prnewswire.com/news-releases/why-is-chinaeurope-trade-taking-an-icebreaking-route-302862616.html,,2026-08-28T13:00:00Z,cargo shipping,"BEIJING, Aug. 28, 2026 /PRNewswire/ -- A news report from China.org.cn on China-Europe Arctic Express: China's ""Polar Silk Road"" has been trending online again. This comes as the China-Europe Arctic container express route (China-Europe Arctic Express), which…",PRNewswire,China,Market Report,2026-09-01T16:14:28.267877Z
9d97d0b672ab4dccdeb2873e9d8fc454,"After six months of war, what have US, Iran gained and lost?",https://www.aljazeera.com/news/2026/8/28/after-six-months-of-war-what-have-us-iran-gained-and-lost,Shola Lawal,2026-08-28T12:37:10Z,cargo shipping,"Many of the US president's goals remain unfulfilled, despite claims of victory.",Al Jazeera English,Unknown,News,2026-09-01T16:14:28.267906Z
07fbe7222c90cb619a5b1840ddbc7e68,Romania Probes Cause of Black Sea Cargo Ship Sinking,https://www.insurancejournal.com/news/international/2026/08/28/883236.htm,admin,2026-08-28T12:08:15Z,cargo shipping,"A merchant ship caught fire and sank off the coast of Romania in the Black Sea on Thursday evening, likely after being hit, Romanian President Nicusor Dan and authorities said. The Romanian Border Police on Friday confirmed the fire on …",Insurance Journal,Unknown,News,2026-09-01T16:14:28.267954Z
8e179b910e3112f060f7f6a7de194d03,DSG Men's Agility Cargo Pants (Green Perfect Camo) $8.97 + Free Shipping on $49 (2 replies),https://slickdeals.net/f/19937223-dsg-men-s-agility-cargo-pants-green-perfect-camo-8-97-free-shipping-on-49,minntwins | Staff,2026-08-28T11:40:40Z,cargo shipping,Dick's Sporting Goods [dickssportinggoods.com] has DSG Men's Agility Cargo Pants (Green Perfect Camo) on sale for $8.97. Shipping is free for Score Card Members on orders over $49 (free to j,Slickdeals.net,Unknown,News,2026-09-01T16:14:28.267992Z
2a3ff74a5c4388e2707efa35d4ae9e44,Pipelines and Ports: Iran War Spurs Gulf Infrastructure Investment,https://gcaptain.com/pipelines-and-ports-iran-war-spurs-gulf-infrastructure-investment/,Reuters,2026-08-28T10:30:40Z,cargo shipping,"The Iran war's redrawing of the global trade map is forcing Gulf nations to retool their investment play book, plowing capital into infrastructure, from energy pipelines to ports, to weather the fallout from the conflict.",gcaptain.com,Global,News,2026-09-01T16:14:28.268036Z
234c99ae91d7928521b9e74a927adafc,Pipelines and ports: Iran war spurs Gulf infrastructure investment,https://economictimes.indiatimes.com/news/international/world-news/pipelines-and-ports-iran-war-spurs-gulf-infrastructure-investment/articleshow/133588003.cms,Reuters,2026-08-28T09:16:38Z,cargo shipping,"Gulf nations are investing billions in infrastructure to bypass the Strait of Hormuz.  Ports, pipelines, and railways are top priorities as trade routes face disruption.  This strategic shift aims to future-proof economies against ongoing geopolitical challen…",The Times of India,Unknown,News,2026-09-01T16:14:28.268090Z
2773ee390e27bc59a95d5c5ab4849bb5,Tanker pays record US$5.3 million to transit Panama Canal: Administrator,https://www.channelnewsasia.com/world/panama-canal-tanker-pay-record-transit-sk-gas-g-spirit-6347256,,2026-08-28T06:59:00Z,cargo shipping,"South Korean company SK Gas paid the record sum for the G Spirit to transit the shipping lane on Sep 1, two days before canal authorities reduce the number of transits due to the El Nino weather phenomenon, Bloomberg reported.",CNA,South Korea,Market Report,2026-09-01T16:14:28.268117Z
d6ffd5d24c69c941e96ca652c551a702,Tanker pays record $5.3 mn to transit Panama Canal: administrator,https://www.digitaljournal.com/article/tanker-pays-record-5-3-mn-to-transit-panama-canal-administrator/,AFP,2026-08-28T05:00:36Z,cargo shipping,"Panama became the latest Central American country to declare an emergency over El Nino, which has caused dwindling water levels in the canal due to a severe drought across the region.
The post Tanker pays record $5.3 mn to transit Panama Canal: administrator …",Digital Journal,USA,News,2026-09-01T16:14:28.268175Z
42754e7a900a773b78bc5ac458ab188b,Trump is bringing back privateers to stop smuggled Iranian oil,https://www.americanthinker.com/blog/2026/08/trump-is-bringing-privateers-back-to-stop-smuggled-iranian-oil/,,2026-08-28T04:00:00Z,cargo shipping,"By S. David SultzerIt’s an idea with roots over 400 years deep in British and American history, and it has a solid constitutional and legal foundation.",Americanthinker.com,USA,News,2026-09-01T16:14:28.268198Z
2a4df486eeb2fa4c2cba1db32e92793c,BPCL to get first Iraqi crude cargo as Hormuz disruption persists,https://economictimes.indiatimes.com/industry/energy/oil-gas/bpcl-to-get-first-iraqi-crude-cargo-as-hormuz-disruption-persists/articleshow/133575708.cms,ET Bureau,2026-08-27T18:00:15Z,cargo shipping,Bharat Petroleum Corporation will soon receive its first Iraqi crude oil shipment.  This move aims to secure supplies while facing disruptions in the Strait of Hormuz.  The company is also open to purchasing more Gulf crude on a free-on-board basis.  BPCL pla…,The Times of India,Unknown,News,2026-09-01T16:14:28.268319Z
11243d46bab5d07b397356938eefff96,‘Prize courts’: DOJ moving to activate Civil War-era process for ships seized in Iran war,https://www.wnd.com/2026/08/prize-courts-doj-moving-activate-civil-war-era/,Bob Unruh,2026-08-27T18:00:14Z,cargo shipping,"'Note the key difference: the proceeds would go to the Treasury, not to the crews of the warships involved'",Wnd.com,Unknown,News,2026-09-01T16:14:28.268357Z
d411635f36102e4123ba8f66b6b9c9d1,MacGregor Leads Lashing Innovation with Hippo Fully Automatic Twistlock and Balanced Lashing System,https://gcaptain.com/macgregor-leads-lashing-innovation-with-hippo-fully-automatic-twistlock-and-balanced-lashing-system/,gCaptain,2026-08-27T17:18:03Z,cargo shipping,"MacGregor has experienced a highly positive trend in the demand for its cargo securing innovations in 2026, driven by strong market uptake of its ACV-1 Hippo fully automatic twistlock (FAT)...",gcaptain.com,Unknown,Market Report,2026-09-01T16:14:28.268429Z
59310bede72a5cd3d834b9827c362548,Report: U.S. Mulls Reviving Wartime ‘Prize Courts’ to Seize Iranian Tankers,https://legalinsurrection.com/2026/08/report-u-s-mulls-reviving-wartime-prize-courts-to-seize-iranian-tankers/,Vijeta Uniyal,2026-08-27T17:00:37Z,cargo shipping,"""The seized goods would then be sold with proceeds transferred to the treasury.""
The post Report: U.S. Mulls Reviving Wartime ‘Prize Courts’ to Seize Iranian Tankers first appeared on Le·gal In·sur·rec·tion.",Legalinsurrection.com,Unknown,Market Report,2026-09-01T16:14:28.268474Z
040141a3d3656905b4be4dce91e4fbc7,How fashion outsiders Matières Fécales won over the establishment,https://www.dazeddigital.com/fashion/article/70867/1/matieres-fecales-dazed-cover-autumn-2026-hannah-rose-dalton-steven-raj-bhaskaran?utm_source=Link&utm_medium=Link&utm_campaign=RSSFeed&utm_term=how-fashion-outsiders-matieres-fecales-won-over-the-establishment,Elliot Hoste,2026-08-27T16:00:00Z,cargo shipping,"From runway provocations to off-kilter bridal wear, Matières Fécales’ seductive style is reaching new heights. Here, designers Hannah Rose Dalton and Steven Raj Bhaskaran reflect on their journey from misfit outsiders to fashion-world darlings",Dazed,Unknown,News,2026-09-01T16:14:28.268526Z
a8a96f5c87eeed4abdc9245f7c1e504a,Men's Textured Jacquard Button-Down Shirt 3-Pack for $27 + $9 shipping,https://www.dealnews.com/Mens-Textured-Jacquard-Button-Down-Shirt-3-Pack-for-27-9-shipping/22105188.html,,2026-08-27T15:29:35Z,cargo shipping,"For anyone who wants a few reliable button-downs on rotation without shopping for each one separately, this jacquard 3-pack covers weekend and casual office wear in one go. Apply coupon code ""CRM27"" for a savings of $63. Shipping adds $9. Buy Now at LoomBasic…",Dealnews.com,Unknown,News,2026-09-01T16:14:28.268617Z
cc6306617e4a7e16f6b8ef9ac90337cb,US probes Singapore-based Apex Logistics over alleged Nvidia chip smuggling,https://www.business-standard.com/world-news/us-probes-singapore-based-apex-logistics-over-alleged-nvidia-chip-smuggling-126082701296_1.html,Bloomberg,2026-08-27T15:07:47Z,cargo shipping,Authorities are looking into whether Apex - a unit of shipping giant Kuehne+Nagel - may have transported AI systems made by Super Micro Computer Inc. in violation of US export restrictions,Business Standard,Singapore,News,2026-09-01T16:14:28.268700Z
f450b52626d1c3f42e7027ac98bf3206,Ukraine hit more than 200 civilian vessels this year – Moscow,https://www.rt.com/russia/644718-ukraine-hit-200-civilian-vessels/,RT,2026-08-27T14:52:11Z,cargo shipping,"Ukraine has hit 214 civilian vessels in the Black Sea in 2026, Russian Foreign Ministry spokeswoman Maria Zakharova said, accusing Kiev of undermining regional trade",RT,Russia,News,2026-09-01T16:14:28.268726Z
1a07e6289a90441902ce92e26d4dddeb,Jawaharlal Nehru Port records highest growth among top 30 global container ports,https://www.thehindubusinessline.com/economy/logistics/jawaharlal-nehru-port-records-highest-growth-among-top-30-global-container-ports/article71395942.ece,T E Raja Simhan & Aneesh Phadnis,2026-08-27T14:40:33Z,cargo shipping,"Jawaharlal Nehru Port becomes the fastest-growing global container port, achieving 14% growth and ranking 21st worldwide.",BusinessLine,Global,News,2026-09-01T16:14:28.268759Z
08c205639beab8150926d9239fa8600d,Russia-bound Turkish ship hit by drones – media,https://www.rt.com/news/644704-turkish-cargo-ship-drones/,RT,2026-08-27T14:29:44Z,cargo shipping,"A Turkish-owned cargo ship carrying fresh vegetables to Russia has been hit by drones in the Black Sea, according to media reports Read Full Article at RT.com",RT,Russia,Market Report,2026-09-01T16:14:28.268783Z
65a96d56b86b74450e1d947eec37b3fa,DP World reportedly shutting down SeaRates digital freight platform,https://finance.yahoo.com/technology/articles/dp-world-reportedly-shutting-down-140045089.html,Stuart Chirls,2026-08-27T14:00:45Z,cargo shipping,DP World reportedly winding down standalone digital freight platform. The post DP World reportedly shutting down SeaRates digital freight platform appeared f...,Yahoo Entertainment,Unknown,Market Report,2026-09-01T16:14:28.268816Z
37c3d25ead89f63e8577a5f7fc0ece1f,JNPA rises seven spots to rank 21st among top global container ports,https://www.business-standard.com/industry/news/jnpa-rises-seven-spots-to-rank-21st-among-top-global-container-ports-126082701220_1.html,Prachi Pisal,2026-08-27T13:20:48Z,cargo shipping,"JNPA climbed from 28th position in 2025 to 21st in H1 2026 as operational efficiency, cargo evacuation, vessel handling and multimodal connectivity improved",Business Standard,Global,News,2026-09-01T16:14:28.268868Z
b3d76890c58df28cbd9e1f934afebfec,Bevel Foldable Car Trunk Storage Box for $62 + free shipping,https://www.dealnews.com/Bevel-Foldable-Car-Trunk-Storage-Box-for-62-free-shipping/22104978.html,,2026-08-27T12:17:50Z,cargo shipping,"This foldable trunk storage box is $62 at AliExpress, down from $150. Shipping is free from a U.S. warehouse. It collapses flat when not in use and comes in a 66L size for hauling camping gear or organizing a car trunk. Buy Now at AliExpress
 Features
 <ul>…",Dealnews.com,Unknown,News,2026-09-01T16:14:28.269000Z
4fb074cafa2803d08456ea9c8cc64b9d,"52 Hazmat Violations. 27,000 Hazmat Loads. How the Government Data Gets Misread Every Time.",https://www.prnewswire.com/news-releases/52-hazmat-violations-27-000-hazmat-loads-how-the-government-data-gets-misread-every-time-302861183.html,,2026-08-27T12:00:00Z,cargo shipping,"Roadmaster Group President Calls Out a Systemic Flaw in How the Industry Vets Hazardous Materials Carriers GLENDALE, Ariz., Aug. 27, 2026 /PRNewswire/ -- Shippers and brokers who vet hazmat carriers by looking at raw violation counts are asking the wrong ques…",PRNewswire,Unknown,News,2026-09-01T16:14:28.269052Z
55d596689e4b4889731227cd138287ad,Jawaharlal Nehru Port records highest growth among top 30 global container ports,https://www.thehindubusinessline.com/news/jawaharlal-nehru-port-records-highest-growth-among-top-30-global-container-ports/article71395942.ece,T E Raja Simhan & Aneesh Phadnis,2026-08-27T11:17:45Z,cargo shipping,"Jawaharlal Nehru Port becomes the fastest-growing global container port, achieving 14% growth and ranking 21st worldwide.",BusinessLine,Global,News,2026-09-01T16:14:28.269085Z
98c2262b87db63411f229c45535a1e86,No need to escalate Ukraine conflict – Kremlin,https://www.rt.com/russia/644700-bloomberg-ukraine-escalation-kremlin/,RT,2026-08-27T09:35:47Z,cargo shipping,"Russia has no reason to escalate the Ukraine conflict because it has the upper hand, Kremlin spokesman Dmitry Peskov has told Bloomberg Read Full Article at RT.com",RT,Russia,News,2026-09-01T16:14:28.269108Z
7babc66ffa2ff72fbc9492ce8bdd53bc,Record-breaking young pilot who flew solo around Australia at just 16 feared dead after plane crashes into sea,https://www.dailymail.com/news/article-16085723/bob-bramley-plane-crash-nt.html,Kylie Stevens,2026-08-27T23:23:44Z,vessel charter,"The NT Police search for Bob Bramley, 24, and the aircraft wreckage will enter its fourth day on Friday.",Dailymail.com,Australia,News,2026-09-01T16:14:28.514540Z
056e50709591c15922d262663187f1fb,VIDEO: Spirit Removes 200T of Offshore Kit in Decom Campaign,https://www.rigzone.com/news/video_spirit_removes_200t_of_offshore_kit_in_decom_campaign-27-aug-2026-184469-article/,Andreas Exarheas,2026-08-27T08:36:05Z,vessel charter,Spirit Energy announced that it has completed a $54 million UK North Sea decommissioning campaign.,Rigzone,Unknown,News,2026-09-01T16:14:28.514604Z
85a3107bee903eddcff8d12dff9f3d6a,"Charter guide spots foreign fishing boat, crew detained",https://www.abc.net.au/news/2026-08-25/foreign-fishing-boat-seized-far-north-queensland/107074500,Christopher Testa,2026-08-25T01:37:42Z,vessel charter,"The operator of a Far North Queensland fishing charter company says there is still anxiety about the arrivals of suspected illegal foreign boats, despite Border Force responding quickly to a fresh arrival.",ABC News (AU),Unknown,News,2026-09-01T16:14:28.514993Z
f8a7bf97cf683057c219f1da6c2a26c9,Tim Cook was the best Apple CEO for his time — John Ternus' tenure will be defined by AI,https://www.techradar.com/phones/iphone/tim-cook-was-the-best-apple-ceo-for-his-time-john-ternus-tenure-will-be-defined-by-ai,"lance.ulanoff@futurenet.com (Lance Ulanoff) , Lance Ulanoff",2026-08-31T16:07:04Z,shipping market,"Tim Cook took over as Apple CEO in the long shadow of his predecessor, Steve Jobs — and yet he became the best tech CEO in a generation, more than preparing the company for his successor, John Ternus.",TechRadar,Unknown,News,2026-09-01T16:14:28.893930Z
5c5cb0b539b8746bf58f637375d6713a,Iran Weakened but Defiant After 6 Months of War,https://oilprice.com/Geopolitics/Middle-East/Iran-Weakened-but-Defiant-After-6-Months-of-War.html,RFE/RL staff,2026-08-31T16:00:00Z,shipping market,"Six months after US and Israeli air strikes against Iran launched a conflict that has shaken energy markets and disrupted global shipping, there is still no clear end to the confrontation. While Iran's military capabilities have suffered major damage, it reta…",OilPrice.com,Global,Market Report,2026-09-01T16:14:28.893979Z
5671a031715ec05a6f4ddc719ac83cf5,"LightMake Unveils L4: A Linear Motor-Powered, Independent Four-Head Desktop 3D Printer",https://www.prnewswire.com/news-releases/lightmake-unveils-l4-a-linear-motor-powered-independent-four-head-desktop-3d-printer-302864392.html,,2026-08-31T16:00:00Z,shipping market,"SHENZHEN, China, Aug. 31, 2026 /PRNewswire/ -- LightMake today has launched L4, a professional desktop 3D printer with four independent print heads powered by linear motors. It prints up to four models at once, blends four materials in a single print, and rea…",PRNewswire,China,News,2026-09-01T16:14:28.894004Z
48cc9ee62b114ef39f94e584cb318b67,You can’t grow roses in a cornfield,https://uxdesign.cc/you-cant-grow-roses-in-a-cornfield-490d47dd8f74,Vlad Derdeicea,2026-08-31T15:56:04Z,shipping market,"A conversation with Whitney Hess, on careers, whispers, and where to plant yourself",Uxdesign.cc,Unknown,News,2026-09-01T16:14:28.894076Z
b65390b5adfd92b974fe43e75caa56c0,Bitcoin on course for best August since 2017 despite renewed US-Iran hostilities,https://cryptoslate.com/bitcoin-on-course-for-best-august-since-2017-despite-renewed-us-iran-hostilities/,Oluwapelumi Adejumo,2026-08-31T15:50:44Z,shipping market,"Bitcoin is on track to log its best August performance since 2017, demonstrating remarkable resilience against back-to-back macro shocks as escalating US-Iran hostilities and a hawkish pivot from the Federal Reserve test the durability of the digital-asset re…",CryptoSlate,Unknown,News,2026-09-01T16:14:28.894155Z
504f980e8c2b851f56d208cf585c32b1,Apple at $320: Here’s Who Should Hold Their Shares,https://247wallst.com/investing/2026/08/31/apple-at-320-heres-who-should-hold-their-shares/,Alex Sirois,2026-08-31T15:45:30Z,shipping market,"Apple has run nearly 38% in a year, printed a ninth straight earnings beat, and authorized a massive buyback, yet something in the numbers is making analysts...",24/7 Wall St.,Unknown,News,2026-09-01T16:14:28.894227Z
a46614114793627db5a377001596b521,InPost Delivers Growth With a Margin Hangover,https://app.moby.co/home/news/news-inpost-delivers-growth-with-a-margin-hangover?utm_source=yahoo_finance&amp;utm_medium=rss,Mark Nichols,2026-08-31T15:08:04Z,shipping market,"The parcel-locker group is shipping more packages across Europe, but higher investment, Polish price pressure and a messy U.K. turnaround forced a profit-gui...",Moby.co,Unknown,News,2026-09-01T16:14:28.894262Z
47fa9556cfd89514f03837f7e8cc307c,Is Taiwan The Only Leverage The U.S. Has In Getting China To Toe The Line In Ira,https://oilprice.com/Geopolitics/Asia/Is-Taiwan-The-Only-Leverage-The-US-Has-In-Getting-China-To-Toe-The-Line-In-Ira.html,Simon Watkins,2026-08-31T15:00:00Z,shipping market,"There is always a winner in any major global oil crisis. In 1973/74, it was Saudi Arabia and its OPEC brothers who shifted the balance of power in the market away from the previous arrangement dominated by the West’s ‘Seven Sisters’ to the oil producers of th…",OilPrice.com,China,Market Report,2026-09-01T16:14:28.894278Z
b3f91622480d8b2d2e7193f4d5c1b32d,Is Taiwan The Only Leverage The U.S. Has In Getting China To Toe The Line In Ira,https://finance.yahoo.com/energy/articles/taiwan-only-leverage-u-getting-150000246.html,Simon Watkins,2026-08-31T15:00:00Z,shipping market,"China appears unlikely to abandon Iranian oil easily, relying on alternative payment systems, independent refiners and its economic leverage over Washington...",Yahoo Entertainment,China,News,2026-09-01T16:14:28.894295Z
95f98f33fffb0005f7326c73ebd1b2fc,Tesla Jumps 4% as Oil Climbs to $86: Is the Gas-Price Trade Back?,https://247wallst.com/investing/2026/08/31/tesla-jumps-4-as-oil-climbs-to-86-is-the-gas-price-trade-back/,David Moadel,2026-08-31T14:48:38Z,shipping market,"Crude oil surged on fresh Middle East tensions and Tesla shot up 4% while the broader market fell, but the last time this exact trade appeared, it collapsed...",24/7 Wall St.,Unknown,Market Report,2026-09-01T16:14:28.894339Z
2dd098fcf43a1a175f204baf31aaa2b9,How To Restructure Your Marketing Team & Budget For The AI-Search Era,https://www.searchenginejournal.com/how-to-restructure-your-marketing-team-budget-for-the-ai-search-era/586153/,Jason Shafton,2026-08-31T14:30:03Z,shipping market,"Three role changes and a budget rebalance can move a marketing team from invisible to cited in AI search results, no new headcount required.
The post How To Restructure Your Marketing Team & Budget For The AI-Search Era appeared first on Search Engine Journal.",Search Engine Journal,Unknown,Market Report,2026-09-01T16:14:28.894415Z
cb6187709e8e400fe564d5f13b4e0b14,"Early Action, Flexibility and Execution Key to Success Through 2035, Says the 2026 ABS Outlook",https://gcaptain.com/early-action-flexibility-and-execution-key-to-success-through-2035-says-the-2026-abs-outlook/,gCaptain,2026-08-31T14:25:10Z,shipping market,"Annual ABS report offers a strategic guide for shipowners navigating fragmented regulations, rising carbon costs and shifting fuel pathways Shipping’s challenge is now how organizations can navigate decarbonization while maintaining...",gcaptain.com,Unknown,Analysis/Opinion,2026-09-01T16:14:28.894511Z
558e810469815663784f6f6d79df9a2a,"Acquia.com - Drupal Blog: Two Keynotes, One Question: Building Through Disruption at Drupal GovCon",https://www.acquia.com/blog/two-keynotes-one-question-building-through-disruption-drupal-govcon,,2026-08-31T14:19:54Z,shipping market,"Two Drupal GovCon keynotes on building through disruption: the courage to lead change, and the care to keep people from being left behind.",Acquia.com,Unknown,News,2026-09-01T16:14:28.894548Z
e7e5caa81b4706ca7c9d9412cb840b16,Indian businesses redesigning supply chain to capture new growth opportunities: Report,https://economictimes.indiatimes.com/news/economy/indicators/indian-businesses-redesigning-supply-chain-to-capture-new-growth-opportunities-report/articleshow/133654734.cms,PTI,2026-08-31T13:50:42Z,shipping market,Indian businesses are actively redesigning supply chains for resilience and growth. Supplier diversification and strategic inventory are key priorities for companies. Technology adoption and entry into new markets are also significant drivers. India's trade g…,The Times of India,India,Market Report,2026-09-01T16:14:28.894688Z
956f29787751e2b7000cebaa86991b97,Iran calls latest US hostilities a ‘limited’ confrontation: Reuters,https://cryptobriefing.com/iran-calls-latest-us-hostilities-a-limited-confrontation-reuters/,Estefano Gomez,2026-08-31T13:50:31Z,shipping market,"The limited confrontation heightens uncertainty in maritime security, impacting global oil markets and reducing chances of a swift resolution.
The post Iran calls latest US hostilities a ‘limited’ confrontation: Reuters appeared first on Crypto Briefing.",Crypto Briefing,Global,Market Report,2026-09-01T16:14:28.894734Z
af21f86ea3309da961c7abf3d63d88f3,Fly-Hi Maritime Travels to hit IPO waters with Rs 52.6 crore BSE SME issue on Tuesday,https://economictimes.indiatimes.com/markets/ipos/fpos/fly-hi-maritime-travels-to-hit-ipo-waters-with-rs-52-6-crore-bse-sme-issue-on-tuesday/articleshow/133653396.cms,PTI,2026-08-31T12:39:03Z,shipping market,"Fly-Hi Maritime Travels is preparing to debut its much-anticipated Rs 52.6-crore SME IPO on September 1. With shares priced at Rs 102 each, the funds raised will be directed towards enhancing operational capabilities, repaying debts, and bolstering marketing …",The Times of India,Unknown,Market Report,2026-09-01T16:14:28.894797Z
f95e850e6acbbd34b010aed65549951e,Longtime Madison Family Turns Dream of Business Ownership into Reality with Opening of Pak Mail Location,https://www.prnewswire.com/news-releases/longtime-madison-family-turns-dream-of-business-ownership-into-reality-with-opening-of-pak-mail-location-302863042.html,,2026-08-31T12:31:00Z,shipping market,"Annex Brands, Inc. Continues to Expand Shipping and Office Services Franchise Footprint SAN DIEGO, Aug. 31, 2026 /PRNewswire/ -- Annex Brands, Inc., one of the leading franchisors in the packing, shipping and office services industries, is excited to announce…",PRNewswire,Unknown,News,2026-09-01T16:14:28.894854Z
bafc4d014dfdaeb5f3e094c7ed984b59,"Current price of oil as of August 31, 2026",https://fortune.com/article/price-of-oil-08-31-2026/,Joseph Hostetler,2026-08-31T12:30:00Z,shipping market,"When oil prices change, it affects your energy costs—and even the price of everyday items. Here’s why.",Fortune,Unknown,Market Report,2026-09-01T16:14:28.894885Z
abdf626af45437ed7726673051d3a524,The Toys Aren’t the Only Things Star Wars Collectors Want Anymore and This Auction Proves It,http://comicbook.com/collectibles/news/the-toys-arent-the-only-things-star-wars-collectors-want-anymore-and-this-auction-proves-it/,Vaspaan Dastoor,2026-08-31T12:00:00Z,shipping market,"Demand for vintage action figures and toys has skyrocketed in recent years. Whether that’s due to millennials having more disposable income or due to the trickle effect that Pokemon TCG cards have had on the collectors market, everyone wants to own vintage to…",ComicBook.com,Unknown,Market Report,2026-09-01T16:14:28.894966Z
23877f73eff4eff1d2e3889b7143e76a,I Think the Military Commissary's Freezers Were Hacked,https://signalandsilence.substack.com/p/i-think-someone-hacked-the-commissary,jcurbo,2026-08-31T11:45:48Z,shipping market,"Article URL: https://signalandsilence.substack.com/p/i-think-someone-hacked-the-commissary
Comments URL: https://news.ycombinator.com/item?id=49508506
Points: 3
# Comments: 0",Substack.com,Unknown,Analysis/Opinion,2026-09-01T16:14:28.894995Z
5af82b70b37f3892ac7c271cad462f28,The World Is Telling the Wrong Story About China,https://www.theatlantic.com/international/2026/08/china-beijing-communist-xi-favorability/688454/,Michael Schuman,2026-08-31T10:00:00Z,shipping market,The country’s ‘stability’ hides a host of problems.,The Atlantic,China,News,2026-09-01T16:14:28.895135Z
0074bc0ebcb129f96de82fe3b0f9fcbb,Regional Black Friday Offers: Strategic Global Marketing Guide,https://www.growthsuite.net/questions/should-i-create-regional-black-friday-offers,Muhammed Tüfekyapan,2026-08-31T09:49:07Z,shipping market,"Learn how to create targeted Black Friday promotions for different regions, maximize conversions, and overcome international e-commerce challenges.",Growthsuite.net,Global,Market Report,2026-09-01T16:14:28.895165Z
1aa676afef0e27d4b2ae2b6fce01366b,"Monday Morning JB: Sean Payton's master plan, Donald's return and a $25 billion NFL team",https://www.usatoday.com/story/sports/nfl/columnist/bell/2026/08/31/nfl-news-sean-payton-play-calling-broncos-davis-webb-aaron-donald-ty-simpson/91542537007/,"Jarrett Bell, USA TODAY",2026-08-31T09:31:14Z,shipping market,NFL columnist Jarrett Bell has been covering the league for USA TODAY Sports since 1993. Here's what stood out to him during NFL preseason Week 3.,USA Today,Unknown,Analysis/Opinion,2026-09-01T16:14:28.895197Z
347479b14fa8e15b8588fdef691d05b3,Blame AI companies for Mac mini and Mac Studio shortage,https://www.cultofmac.com/news/blame-ai-companies-mac-mini-mac-studio-shortage,Rajesh Pandey,2026-08-31T08:32:43Z,shipping market,"OpenAI and Anthropic are snapping up Mac minis and Mac Studios for agentic workloads, creating a hardware boom Apple never saw coming.
(via Cult of Mac - Your source for the latest Apple news, rumors, analysis, reviews, how-tos and deals.)",Cult of Mac,Unknown,Analysis/Opinion,2026-09-01T16:14:28.895329Z
6cd9f8caa2faebb086160fc93e8a9694,What we know about Trump's deal giving US access to vast oil reserves in Venezuela,https://abcnews.com/Business/wireStory/trumps-deal-giving-us-access-vast-oil-reserves-136058932,"COLLIN BINKLEY Associated Press, JUAN PABLO ARRÁEZ Associated Press",2026-08-31T08:25:44Z,shipping market,There's a lot that's not immediately clear about President Donald Trump's deal giving the United States a stake in Venezuela’s vast oil reserves,Abcnews.com,USA,News,2026-09-01T16:14:28.895353Z
6e50b3cf431b57424c046ca99b8fcb96,"Morning recap: Dangote defends petrol price hikes, APC-ADC subsidy row, other top stories",https://punchng.com/morning-recap-dangote-defends-petrol-price-hikes-apc-adc-subsidy-row-other-top-stories/,Punch Newspapers,2026-08-31T07:05:04Z,shipping market,"Making the headlines this morning, August 31, 2026, are stories that revolve around politics and energy costs, particularly how political parties and actors are making strategic moves towards the upcoming 2027 general elections. In just eight days, the Dangot…",The Punch,Unknown,News,2026-09-01T16:14:28.895406Z
9684148623e3ad70d7875767eb0ecb99,‘We’re facing a double whammy’: America’s hottest tinned fish snack is shrinking by nearly half thanks to climate change and war in Iran,https://fortune.com/2026/08/31/double-whammy-america-tinned-fish-sardines-shrinking-climate-change-iran-war/,Catherina Gioino,2026-08-31T07:03:00Z,shipping market,"Sardine landings in Morocco, the world's top supplier, have fallen nearly 46% as warming waters and war-driven fuel costs squeeze the fleet.",Fortune,USA,News,2026-09-01T16:14:28.895434Z
03f4461176b0eb891e692062bb5c70be,"Temu helps European small businesses expand internationally and create new jobs, survey shows",https://www.prnewswire.com/news-releases/temu-helps-european-small-businesses-expand-internationally-and-create-new-jobs-survey-shows-302864745.html,,2026-08-31T07:00:00Z,shipping market,"Temu survey finds half of responding sellers increased capacity, hired staff or both, while one in three surveyed across EU markets expanded internationally DUBLIN, Aug. 31, 2026 /PRNewswire/ -- European businesses selling on Temu report hiring staff, increas…",PRNewswire,Global,Market Report,2026-09-01T16:14:28.895481Z
e3c3f668a65b6f14910c0f436a8c6613,U.S.-Iran escalation shows Washington's frustration with slow-moving sanctions,https://www.cnbc.com/2026/08/31/us-trump-hormuz-iran-kharg-larak-oil-analysts-sanctions-.html,Anniek Bao,2026-08-31T06:59:11Z,shipping market,Renewed hostilities reopen the question of whether the conflict is grinding toward a settlement or further escalation.,CNBC,Unknown,News,2026-09-01T16:14:28.895517Z
f27bc008a7cb311440d3435f2d1ec1ac,Butcher backs meat producers as Woolworths to stop selling Tassie beef,https://www.abc.net.au/news/2026-08-31/tasmanian-butcher-promotes-local-beef-as-woolworths-withdraws/107097258,Duncan Bailey,2026-08-31T06:45:44Z,shipping market,A Tasmanian butcher promotes the importance of shopping local following Woolworths's decision to stop selling Tasmanian beef in stores across the country from 2027.,ABC News (AU),Unknown,News,2026-09-01T16:14:28.895554Z
7373a770b89fdf15a5a1f546ec7d6ce2,"Market under pressure; Nifty trades near 24,000 level",https://www.business-standard.com/markets/capital-market-news/market-under-pressure-nifty-trades-near-24-000-level-126083100403_1.html,Capital Market,2026-08-31T06:20:20Z,shipping market,"Market participants remained cautious ahead of the MSCI index rebalancing, which is expected to trigger sizeable passive fund flows under the new Closing Auction Session (CAS) mechanism. The Nifty traded below 24,000 level.",Business Standard,Unknown,Market Report,2026-09-01T16:14:28.895591Z
d0840e703aef862616b5eb8161fd0a3d,"Indian rice draws global interest as 3,317 buyers from 138 countries register for BIRC 2026: IREF",https://www.thehindubusinessline.com/economy/agri-business/indian-rice-draws-global-interest-as-3317-buyers-from-138-countries-register-for-birc-2026-iref/article71409770.ece,ANI,2026-08-31T05:56:22Z,shipping market,Bangladesh leads the list as New Delhi rice meet looks to turn early interest into new export markets,BusinessLine,India,Market Report,2026-09-01T16:14:28.895606Z
040fc56c35f4d801d967811fb55a5db1,European markets set to decline amid US-Iran conflict resumption,https://cryptobriefing.com/european-markets-set-to-decline-amid-us-iran-conflict-resumption/,Estefano Gomez,2026-08-31T05:55:24Z,shipping market,"Geopolitical tensions may exacerbate inflation and supply chain issues, impacting European economic stability and market performance.
The post European markets set to decline amid US-Iran conflict resumption appeared first on Crypto Briefing.",Crypto Briefing,Unknown,Market Report,2026-09-01T16:14:28.895644Z
773c49715ca36601d6c58e45de9f110a,"Indian rice draws global interest as 3,317 buyers from 138 countries register for BIRC 2026: IREF",https://economictimes.indiatimes.com/news/economy/agriculture/indian-rice-draws-global-interest-as-3317-buyers-from-138-countries-register-for-birc-2026-iref/articleshow/133643157.cms,ANI,2026-08-31T05:44:33Z,shipping market,"Over 3,300 buyers from 138 countries registered for the upcoming Bharat International Rice Conference.  This wide geographical spread highlights global markets seeking Indian rice exports.  The conference aims to convert participation into new trade routes an…",The Times of India,India,Market Report,2026-09-01T16:14:28.895668Z
634fb6e2bd204486f500b052cda9e87e,"New autumn polls and the TIF pre-election package, an interesting article on the Samaras party and a quiz — spot the differences between ministers",https://en.protothema.gr/2026/08/31/new-autumn-polls-and-the-tif-pre-election-package-an-interesting-article-on-the-samaras-party-and-a-quiz-spot-the-differences-between-ministers/,Electra Delavogia,2026-08-31T05:43:28Z,shipping market,"///
The post New autumn polls and the TIF pre-election package, an interesting article on the Samaras party and a quiz — spot the differences between ministers appeared first on ProtoThema English.",Protothema.gr,Unknown,News,2026-09-01T16:14:28.895735Z
5efa7131f3cb2b24ee9a97b999a66c6e,Iran supertanker catches fire after hitting naval mines in Strait of Hormuz,https://cryptobriefing.com/iran-supertanker-catches-fire-after-hitting-naval-mines-in-strait-of-hormuz/,Estefano Gomez,2026-08-31T04:28:29Z,shipping market,"The incident heightens regional tensions, potentially prompting U.S. military action and impacting global energy markets and geopolitical stability.
The post Iran supertanker catches fire after hitting naval mines in Strait of Hormuz appeared first on Crypto …",Crypto Briefing,Global,Market Report,2026-09-01T16:14:28.895782Z
fd19958d0ecdc88256c456275224cefb,"20 stocks, 100% returns: How retail investors tapped a multibagger wave in deeper Indian market",https://economictimes.indiatimes.com/markets/stocks/news/20-stocks-100-returns-how-retail-investors-tapped-a-multibagger-wave-in-deeper-indian-market/articleshow/133641555.cms,Akash Podishetti,2026-08-31T04:27:38Z,shipping market,"Retail investors enjoyed impressive returns by picking specific stocks wisely. Over the last year, numerous companies showcased returns exceeding one hundred percent. Sectors like telecom and capital goods led the way, with high-beta and event-driven stocks a…",The Times of India,India,Market Report,2026-09-01T16:14:28.895804Z
fa4546559710c020656d410b56480e76,Indices drift lower in early trade; breadth positive,https://www.business-standard.com/markets/capital-market-news/indices-drift-lower-in-early-trade-breadth-positive-126083100178_1.html,Capital Market,2026-08-31T04:21:05Z,shipping market,"Market participants remained cautious ahead of the MSCI index rebalancing, which is expected to trigger sizeable passive fund flows under the new Closing Auction Session (CAS) mechanism. The Nifty traded near 24,050 mark.",Business Standard,Unknown,Market Report,2026-09-01T16:14:28.895839Z
11610e01adbb216e2012ca9605931e1d,GIFT Nifty signals weak opening amid global risk-off mood,https://www.business-standard.com/markets/capital-market-news/gift-nifty-signals-weak-opening-amid-global-risk-off-mood-126083100117_1.html,Capital Market,2026-08-31T03:34:01Z,shipping market,GIFT Nifty:,Business Standard,Global,News,2026-09-01T16:14:28.895881Z
4a0a92a98393219915473bf74c55915e,Is Nifty set for a breakout? Analysts see signs of a shift ahead,https://economictimes.indiatimes.com/markets/stocks/news/is-nifty-set-for-a-breakout-analysts-see-signs-of-a-shift-ahead/articleshow/133640368.cms,ET Bureau,2026-08-31T03:20:08Z,shipping market,"Nifty hovered near 24,175, needing to clear 24,200 to regain strength. Analysts suggest bullish option spreads for rebounds and caution against a 23,900 break. HEG and Laurus Labs are recommended buys with specific targets and stop losses. Glenmark Pharmaceut…",The Times of India,Unknown,News,2026-09-01T16:14:28.895933Z
5c7e37ee272b778c486101e5c8be88f1,BYD's overseas revenue tops China sales for first time as profit rises,https://www.business-standard.com/world-news/byd-s-overseas-revenue-tops-china-sales-for-first-time-as-profit-rises-126083100075_1.html,Bloomberg,2026-08-31T02:41:17Z,shipping market,"BYD's overseas revenue accounted for 53% of first-half sales as domestic revenue fell 31%, highlighting the growing importance of foreign markets for Chinese carmakers",Business Standard,China,Market Report,2026-09-01T16:14:28.895944Z
1900c6535c23a4f78f0a5dc5272430b8,Oil prices jump more than 1% after US attack on Iran's Larak island,https://www.business-standard.com/markets/commodities/oil-prices-jump-more-than-1-after-us-attack-on-iran-s-larak-island-126083100057_1.html,Reuters,2026-08-31T02:30:57Z,shipping market,Brent crude rose 1.23% to $89.18 a barrel after US strikes on Iran and Tehran's reported retaliation raised fears of further escalation in West Asia,Business Standard,Unknown,Market Report,2026-09-01T16:14:28.895978Z
5c0e67359093bb5132ad6c734f2075c3,Oil Prices Surge as U.S. and Iran Exchange Strikes,https://oilprice.com/Energy/Oil-Prices/Oil-Prices-Surge-as-US-and-Iran-Exchange-Strikes.html,Josh Owens,2026-08-31T02:30:06Z,shipping market,"Oil prices climbed in early Asian trade on Monday after the U.S. struck Iran for the first time in over a month, with Iran then retaliating against U.S. bases in Jordan. At the time of writing, WTI front-month futures were trading at $85.46 per barrel, up 2.4…",OilPrice.com,Unknown,Market Report,2026-09-01T16:14:28.896024Z
ee157730fee9d6d9ca57cf730cb11c80,Grindr wants to be the everything app for gay men; investors are still deciding whether it can pull it off,https://techcrunch.com/2026/08/30/grindr-wants-to-be-the-everything-app-for-gay-men-investors-are-still-deciding-whether-it-can-pull-it-off/,Connie Loizos,2026-08-31T02:18:57Z,shipping market,"George Arison is done letting Wall Street's ""Grindr discount"" go unchallenged — in a wide-ranging Q&A, the CEO walks us through how AI, a controversial $350-plus EDGE tier, and a bet on healthcare and long-distance matchmaking are turning Grindr into the ""gay…",TechCrunch,Unknown,News,2026-09-01T16:14:28.896079Z
085725b95e018cf3334d79f9e56271d7,Oil Price Today (August 31): Crude oil reclaims $90 as fresh US attacks dim peace deal hopes. What are experts saying?,https://economictimes.indiatimes.com/markets/commodities/news/oil-price-today-august-31-crude-oil-reclaims-90-as-fresh-us-attacks-dim-peace-deal-hopes-what-are-experts-saying/articleshow/133639765.cms,Veer Sharma,2026-08-31T02:11:49Z,shipping market,"U.S. forces on Sunday struck two launchers on Iran's Larak island in the Strait of Hormuz. It was the first known American strike on the Gulf nation since late July. Iran responded by attacking two U.S. air bases in Jordan, Iranian media reported on Monday, c…",The Times of India,USA,Market Report,2026-09-01T16:14:28.896109Z
2915e294efbb83ffba6ee7e4e79a4dbc,Honey Roasted Cashews Nutrition Benefits and Facts,https://nutsoasis.co.uk/blogs/blog/honey-roasted-cashews-nutrition,Belal Ahmed,2026-08-31T01:49:53Z,shipping market,"Honey roasted cashews offer an irresistible combination of sweet honey flavor and rich, nutty crunch that makes snacking both enjoyable and nutritious. These golden treats pack impressive health benefits, delivering heart-healthy unsaturated fats that help lo…",Nutsoasis.co.uk,Unknown,News,2026-09-01T16:14:28.896159Z
f8c568255aab19f2d033950f7af85393,Brent above $90 after U.S. strike on Iran,https://en.protothema.gr/2026/08/31/brent-above-90-after-u-s-strike-on-iran/,admin,2026-08-31T01:48:29Z,shipping market,"Oil prices rise more than 2% as concerns over the Strait of Hormuz flare up again
The post Brent above $90 after U.S. strike on Iran appeared first on ProtoThema English.",Protothema.gr,Unknown,Market Report,2026-09-01T16:14:28.896191Z
f1b60f396ea924776b321bcc46306b5e,Lindian Resources secures heavy rare earths supply deal for SARECO facility,https://www.fool.com.au/2026/08/31/lindian-resources-secures-heavy-rare-earths-supply-deal-for-sareco-facility/,Laura Stewart,2026-08-30T23:19:05Z,shipping market,"Lindian Resources has secured an option over 13,389 tonnes of Kazakh heavy rare earths, supporting its SARECO facility expansion.
The post Lindian Resources secures heavy rare earths supply deal for SARECO facility appeared first on The Motley Fool Australia.",Motley Fool Australia,Australia,News,2026-09-01T16:14:28.896284Z
3ca0a57a6be3357aabd68363b361b650,COMHOMA Big and Tall Office Chair Heavy Duty Wide Ergonomic Gaming Chair with Deluxe Embossing Designed Leather with Foot Rest $129 AC + Free Shipping,https://slickdeals.net/f/19946124-comhoma-big-and-tall-office-chair-heavy-duty-wide-ergonomic-gaming-chair-with-deluxe-embossing-designed-leather-with-foot-rest-129-ac-free-shipping,travisshyn,2026-08-30T22:27:19Z,shipping market,"COMHOMA Big and Tall Office Chair Heavy Duty Wide Ergonomic Gaming Chair with Deluxe Embossing Designed Leather with Foot Rest,150°Reclining Adjustable Armrests Pocket Spring Back Support and Pillow...",Slickdeals.net,Unknown,News,2026-09-01T16:14:28.896341Z
458b4a9811a2c1bb4e9483428434f4d1,"30 Years After the Keychain, Bandai Just Made the Tamagotchi a Ring",https://www.yankodesign.com/2026/08/30/30-years-after-the-keychain-bandai-just-made-the-tamagotchi-a-ring/,JC Torres,2026-08-30T20:45:20Z,shipping market,"30 Years After the Keychain, Bandai Just Made the Tamagotchi a RingThe original Tamagotchi was a plastic egg about 50 mm tall that you clipped to your bag and tried not to kill. Thirty years later,...",Yanko Design,Unknown,News,2026-09-01T16:14:28.896453Z
b8c3a21e72fbccfbfc9a1390de56623d,US strikes IRGC positions as forces prepare to launch sea mines into Strait of Hormuz,https://cryptobriefing.com/us-strikes-iranian-launchers-strait-hormuz/,Editorial Team,2026-08-30T19:44:07Z,shipping market,"US forces struck IRGC positions preparing to launch sea mine-armed rockets at the Strait of Hormuz, escalating a months-long confrontation over
The post US strikes IRGC positions as forces prepare to launch sea mines into Strait of Hormuz appeared first on Cr…",Crypto Briefing,Unknown,News,2026-09-01T16:14:28.896508Z
1054e439d5b8b059df878f92f48b7e78,Russia markets in everything,https://biztoc.com/x/c7491b2a10db8559,marginalrevolution.com,2026-08-30T19:25:17Z,shipping market,"While Western export bans have severed Russia from much of the auto market, they have not tempered the demand for brand-name SUVs and trucks. That has given rise to a sophisticated network of criminals that steals cars, hides them in shipping containers and s…",Biztoc.com,Russia,Market Report,2026-09-01T16:14:28.896532Z
3dda890e77ba89ba2c4638e061577ef4,Donald Trump faces sanctions conundrum over Iran amid China risks,https://cryptobriefing.com/trump-iran-sanctions-china-dilemma/,Editorial Team,2026-08-30T19:24:31Z,shipping market,"Trump's Iran sanctions face limited impact without confronting China's oil purchases, risking diplomatic tensions and questioning their efficacy.
The post Donald Trump faces sanctions conundrum over Iran amid China risks appeared first on Crypto Briefing.",Crypto Briefing,China,News,2026-09-01T16:14:28.896550Z
0cdecb8a95069220c5a7d6f467904fea,Why U.S. intelligence keeps getting blindsided,https://www.wnd.com/2026/08/why-u-s-intelligence-keeps-getting-blindsided/,RealClearWire,2026-08-30T19:09:32Z,shipping market,Cognitive diversity and operational accountability are identified as components of solution,Wnd.com,Unknown,News,2026-09-01T16:14:28.896580Z
bc269a192165d11a3fc7a3753521d59b,Russia markets in everything,https://marginalrevolution.com/marginalrevolution/2026/08/russia-markets-in-everything.html,Tyler Cowen,2026-08-30T19:06:32Z,shipping market,"While Western export bans have severed Russia from much of the auto market, they have not tempered the demand for brand-name SUVs and trucks. That has given rise to a sophisticated network of criminals that steals cars, hides them in shipping containers and s…",Marginalrevolution.com,Russia,Market Report,2026-09-01T16:14:28.896602Z
f38398032922229bec827b8223a34645,UBS Says a Major Commodity Upcycle Is Taking Shape,https://oilprice.com/Metals/Commodities/UBS-Says-a-Major-Commodity-Upcycle-Is-Taking-Shape.html,OilPrice.com,2026-08-30T19:00:00Z,shipping market,"One day after veteran commodities strategist Jeff Currie told investors to ""get long and buckle up"" for the next leg of the commodities rally, UBS strategist Sagar Khandelwal issued a similarly bullish call, urging clients to ""position for a commodity upcycle…",OilPrice.com,Unknown,News,2026-09-01T16:14:28.896674Z
2670d564ce9ec747caf809bcb6cf1a78,‘I think they’re doing it to cling to power’ — Venezuelans bash their government’s deal handing over vast oil reserves to the U.S.,https://fortune.com/2026/08/30/venezuela-oil-reserves-trump-us-access-delcy-rodriguez/,"Collin Binkley, Juan Arraez, The Associated Press",2026-08-30T18:19:22Z,shipping market,"Venezuela’s acting president, Delcy Rodríguez, described the deal as a step toward economic recovery that will modernize the country’s oil industry.",Fortune,Unknown,News,2026-09-01T16:14:28.896755Z
d2931629b847eea046c6ed89c7f464c5,Strike a Balance Between Growth and Stability With These 3 Names Ready to Rally,https://www.marketbeat.com/articles/strike-a-balance-between-growth-and-stability-with-these-3-names-ready-to-rally/?utm_source=yahoofinance&amp;utm_medium=yahoofinance,"Nathan Reiff, MarketBeat",2026-08-30T16:10:00Z,shipping market,"Allegro MicroSystems, Onto Innovation, and Badger Meter offer stability with growth potential, tied to secular trends in EVs, chip manufacturing, and water i...",MarketBeat,Unknown,News,2026-09-01T16:14:28.896792Z
b315f6325eef0408e191d409cb10e6cd,What we know about Trump's deal giving US access to vast oil reserves in Venezuela,https://economictimes.indiatimes.com/news/international/global-trends/what-we-know-about-trumps-deal-giving-us-access-to-vast-oil-reserves-in-venezuela/articleshow/133631225.cms,AP,2026-08-30T14:14:53Z,shipping market,The United States and Venezuela have announced a significant oil deal. This agreement grants America a stake in Venezuela's vast oil reserves. Experts caution that infrastructure repairs will take years and substantial investment. Venezuelans express concerns…,The Times of India,USA,News,2026-09-01T16:14:28.896823Z
d14d9bc9de59e50279ccd2580eb5ca12,Can Domestic Drone Production Transform Japan's Defense?,https://newsonjapan.com/article/150552.php,News On Japan,2026-08-30T11:16:44Z,shipping market,"Japan is moving to strengthen its defenses against mass drone attacks after Terra Drone became the sole company to advance through a Defense Ministry program for a Japanese-made interceptor drone, drawing on battlefield technology and production methods devel…",Newsonjapan.com,Japan,News,2026-09-01T16:14:28.896899Z
ce477a2509fcff4651847a8419e0f740,My sister and I were laid off around the same time. We started a small business together to survive unemployment.,https://www.businessinsider.com/sisters-started-small-business-together-after-lay-off-2026-8#article,Amanda Leigh Lichtenstein,2026-08-30T11:07:01Z,shipping market,"My sister and I started a small business, selling vintage items. It's helping us after being laid off and facing the death of our parents.",Business Insider,Unknown,News,2026-09-01T16:14:28.896970Z
d5602e20c134f5e56b85c51a1291bb80,Trump says $465K in savings makes you 'rich.' Financial experts warn it falls short — how much do you actually need?,https://finance.yahoo.com/markets/articles/trump-says-465k-savings-makes-110500861.html,Robyn Tellefsen,2026-08-30T11:05:00Z,shipping market,Here’s what to know about an executive order to expand retirement account access for those who don’t have access to workplace retirement savings plans.,Yahoo Entertainment,Unknown,News,2026-09-01T16:14:28.897015Z
b6fd9b108e6239c551ba7b37bedb90cc,Corsair RM1000e (2026) ThermalProtect power supply review: Temperature-sensing 12V-2x6 cable shuts the GPU down before a connector can melt,https://www.tomshardware.com/pc-components/power-supplies/corsair-rm1000e-2026-thermalprotect-power-supply-review,E. Fylladitakis,2026-08-30T11:05:00Z,shipping market,"Corsair's mainstream RMe series returns for 2026 with Platinum-class efficiency, a 500W fanless window, and a temperature-sensing 12V-2x6 cable that shuts the GPU down before a connector can melt.",Tom's Hardware UK,Unknown,Analysis/Opinion,2026-09-01T16:14:28.897051Z
f087500de16522d9084936cf7077dc36,20x Stomach Ease Forte (Hyoscine Butylbromide 20mg) $9.99 Delivered @PharmacySavings,https://www.ozbargain.com.au/node/973285,jason101,2026-08-30T10:13:06Z,shipping market,"Hi Ozbargainers, I've had a few requests for Stomach Ease, (for the relief of acute stomach ache and pain due to cramps and spasms), we've got a bit of stock which has just over 3 months …",Ozbargain.com.au,Unknown,News,2026-09-01T16:14:28.897095Z
d8ebe6b7c5ea3458b26ede36c83b793b,OpenAI and Anthropic are battling Big Tech for talent. We asked workers who's winning them over — and who's not.,https://www.businessinsider.com/tech-workers-dream-employers-openai-anthropic-apple-google-amazon-jobs-2026-8#article,Jacob Zinkula,2026-08-30T09:30:02Z,shipping market,"Tech workers share their dream employers, from OpenAI and Anthropic to Google and NVIDIA — and the companies they'd rather pass on.",Business Insider,Unknown,News,2026-09-01T16:14:28.897140Z
2aa83156fdd8c5f24eabdca66928be72,"Iran vows strong response to US economic pressures, tensions rise",https://cryptobriefing.com/iran-vows-strong-response-to-us-economic-pressures-tensions-rise/,Estefano Gomez,2026-08-30T08:45:50Z,shipping market,"Iran's strong response to US pressures could destabilize regional security, disrupt key shipping routes, and impact global markets.
The post Iran vows strong response to US economic pressures, tensions rise appeared first on Crypto Briefing.",Crypto Briefing,Global,Market Report,2026-09-01T16:14:28.897177Z
c065c38ae52617f1b42955d6f184423a,"Hormuz understanding with Oman hinges on US commitments, says Iran official",https://cryptobriefing.com/hormuz-understanding-with-oman-hinges-on-us-commitments-says-iran-official/,Estefano Gomez,2026-08-30T06:16:36Z,shipping market,"The situation underscores the fragile Iran-U.S. relations and highlights the geopolitical complexities affecting regional stability and maritime security.
The post Hormuz understanding with Oman hinges on US commitments, says Iran official appeared first on C…",Crypto Briefing,Unknown,News,2026-09-01T16:14:28.897227Z
5aa989a8d6f6a650f985c78b48480c17,"GDP data, crude prices among 7 factors likely to steer D-Street this week",https://economictimes.indiatimes.com/markets/stocks/news/gdp-data-crude-prices-among-7-factors-likely-to-steer-d-street-this-week/articleshow/133622736.cms,Gaurav Kumar,2026-08-30T04:00:43Z,shipping market,"Indian equities are likely to take cues from a slew of domestic and global factors this week, including India’s first-quarter GDP data, US jobs numbers, crude oil prices, institutional flows and global technology sentiment. Analysts expect the Nifty to remain…",The Times of India,India,Market Report,2026-09-01T16:14:28.897279Z
57863c62d53d518680a596efd07d7304,"Iran challenges US claims on Strait of Hormuz oil traffic, insists waterway is closed",https://cryptobriefing.com/iran-challenges-us-strait-hormuz-claims/,Editorial Team,2026-08-29T22:27:33Z,shipping market,"The closure of the Strait of Hormuz exacerbates global energy market volatility, prompting shifts in shipping routes and rising insurance costs.
The post Iran challenges US claims on Strait of Hormuz oil traffic, insists waterway is closed appeared first on C…",Crypto Briefing,Global,Market Report,2026-09-01T16:14:28.897369Z
c0b099f49dc22bbfde492cc41e5e57d3,Asia Refiners Scoop Up Argentine Oil,https://www.rigzone.com/news/wire/asia_refiners_scoop_up_argentine_oil-31-aug-2026-184493-article/,"Lucia Kassai, Yongchang Chin",2026-08-31T13:29:45Z,Suez Canal,Asian refiners have increased purchases of Argentinian crude as the Iran war disrupts supply from the Middle East.,Rigzone,Unknown,News,2026-09-01T16:14:29.163879Z
995b5a918a57683ac26ab4e2b37c4604,Clever Art (10 Photos),https://streetartutopia.com/2026/08/31/clever-street-artworks-in-the-streets/,Vidar,2026-08-31T09:34:43Z,Suez Canal,"A tree hovers over its own trunk. A stairwell completes a giant cello. Perspective, scale and architecture make flat walls appear to open, pavement fill with water and whole buildings change shape. Some of these illusions only work from one exact angle.  “A…",Streetartutopia.com,Unknown,Analysis/Opinion,2026-09-01T16:14:29.164013Z
e5055bf8b8d29a2f641290d4c6c48db9,Asian Refiners Turn to Argentina as Iran War Disrupts Oil Supply,https://oilprice.com/Latest-Energy-News/World-News/Asian-Refiners-Turn-to-Argentina-as-Iran-War-Disrupts-Oil-Supply.html,Tsvetana Paraskova,2026-08-31T08:35:35Z,Suez Canal,"Asian crude oil importers, including China, Japan, and South Korea, have turned to buying oil from as far as Argentina to offset supply losses from the Middle East, anonymous traders with knowledge of the purchases told Bloomberg on Monday.     Refiners in As…",OilPrice.com,China,News,2026-09-01T16:14:29.164038Z
69793a4f7dac6e15955d0116a2b16f7b,China's Xi builds diplomatic clout with multiple state visits ahead of Trump summit,https://www.cnbc.com/2026/08/31/china-xi-us-trump-visit-sco-brics-modi-india.html,"Evelyn Cheng, Priyanka Salve",2026-08-31T04:57:24Z,Suez Canal,Chinese President Xi Jinping is expected to make his first visit to India before traveling to the U.S. for a meeting with U.S. President Donald Trump.,CNBC,China,News,2026-09-01T16:14:29.164055Z
e6b27a934b1ead2d885a1e85fe34e0af,Mind-blowing (10 Photos),https://streetartutopia.com/2026/08/31/mind-blowing-street-art/,Vidar,2026-08-30T22:01:00Z,Suez Canal,"A tree hovers over its own trunk. A stairwell completes a giant cello. Perspective, scale and architecture make flat walls appear to open, pavement fill with water and whole buildings change shape. Some of these illusions only work from one exact angle.  “A…",Streetartutopia.com,Unknown,Analysis/Opinion,2026-09-01T16:14:29.164095Z
dc11d3949dfbc9c573ff45e7c122ebe8,China and Russia Explore Inland Waterway to Bypass Maritime Chokepoints,https://sputnikglobe.com/20260830/china-and-russia-explore-inland-waterway-to-bypass-maritime-chokepoints-1124647285.html,Sputnik International,2026-08-30T11:08:58Z,Suez Canal,"The two countries are considering the development of a river route that would connect China's western regions to the Arctic Ocean, as conflicts around the world expose the fragility of traditional shipping lanes, the South China Morning Post reports.",Sputnikglobe.com,China,Market Report,2026-09-01T16:14:29.164110Z
7dc060624b2e68c1d2e98cdf79f3e683,Show HN: Masareef – Android expense tracker that reads bank alerts on-device,https://play.google.com/store/apps/details?id=com.mohamedgado.masareef&amp;hl=en_US,mgado,2026-08-30T05:18:18Z,Suez Canal,"Article URL: https://play.google.com/store/apps/details?id=com.mohamedgado.masareef&hl=en_US
Comments URL: https://news.ycombinator.com/item?id=49495918
Points: 1
# Comments: 0",Google News,Unknown,Analysis/Opinion,2026-09-01T16:14:29.164147Z
be4323233b144fa69f9aafb1792bc616,Unusual risks,https://languagelog.ldc.upenn.edu/nll/?p=74130,Mark Liberman,2026-08-29T14:10:38Z,Suez Canal,"The title of Sal Mercogliano's latest ""What's Going on With Shipping?"" vlog offer two idiom extensions: ""Understanding Global Shipping Risks: Black Swans, Black Jellyfish & Black Elephants"". The ""black swan"" metaphor starts with Juvenal (Satire VI, line 165),…",Upenn.edu,Global,News,2026-09-01T16:14:29.164234Z
93229702cf8c7f3457a8e92376b213db,US Treasury imposes limits on Egyptian bank for Iran dealings,https://cryptobriefing.com/us-treasury-limits-egyptian-bank-iran/,Editorial Team,2026-08-28T14:19:15Z,Suez Canal,"The US Treasury's actions may strain Egypt-US relations and highlight the complexities of enforcing global sanctions on Iran.
The post US Treasury imposes limits on Egyptian bank for Iran dealings appeared first on Crypto Briefing.",Crypto Briefing,Egypt,News,2026-09-01T16:14:29.164373Z
a9378c745b12dceb4543398bf95c4859,Another US Navy Supercarrier Set To Deploy To The Middle East,https://www.forbes.com/sites/petersuciu/2026/08/27/another-us-navy-supercarrier-set-to-deploy-to-the-middle-east/,"Peter Suciu, Contributor, 
 Peter Suciu, Contributor
 https://www.forbes.com/sites/petersuciu/",2026-08-27T19:57:00Z,Suez Canal,The San Diego-based USS Theodore Roosevelt will be sent to CENTCOM’s area of responsibility to relieve the USS George Washington next month,Forbes,Unknown,News,2026-09-01T16:14:29.164452Z
8e5cc202fb50ed9af6501e4a1f17c7d2,Indonesia plans Jakarta handover ceremony for first aircraft carrier,https://en.antaranews.com/news/428631/indonesia-plans-jakarta-handover-ceremony-for-first-aircraft-carrier,"W. Marison, Tegar Nurfitra",2026-08-27T02:22:48Z,Suez Canal,"Indonesia&rsquo;s Defense Ministry confirmed that ITS Giuseppe Garibaldi, the country&rsquo;s first aircraft carrier, is set to undergo a handover ceremony in ...",Antaranews.com,Indonesia,News,2026-09-01T16:14:29.164482Z
bf378562aed6800ed9ae745f48988257,Global Oil Security Looks Shakier as Conflicts Hit 45 Million Bpd of Supply,https://oilprice.com/Energy/Energy-General/Global-Oil-Security-Looks-Shakier-as-Conflicts-Hit-45-Million-Bpd-of-Supply.html,Irina Slav,2026-08-27T00:00:00Z,Suez Canal,"Almost half of the world’s oil supply is produced in regions currently engaged in hot conflicts, Reuters reported this week. The situation raises questions about long-term oil supply security and the limits to diversification. The Middle East, of course, is t…",OilPrice.com,Global,Market Report,2026-09-01T16:14:29.164529Z
740007b4ce9922b2bb3eaa39280d2114,Houthis Use Muhammad's Birthday to Threaten Saudi Arabia,https://www.breitbart.com/middle-east/2026/08/26/houthis-use-muhammads-birthday-to-threaten-saudi-arabia/,Frances Martel,2026-08-26T14:41:23Z,Suez Canal,"The leader of the Shiite jihadist terror group Ansar Allah, known commonly as the Houthis, marked the Islamic holiday celebrating the birthday of Mohammed on Tuesday with an accusatory screed claiming the government of Saudi Arabia was ""serving Zionism"" and t…",Breitbart News,Unknown,News,2026-09-01T16:14:29.164583Z
980d6d659afd694dcb1a34394038a0a6,After America: The Causes and Consequences of US Global Decline,https://www.fairobserver.com/politics/after-america-the-causes-and-consequences-of-us-global-decline/,Alfred W. McCoy,2026-08-26T13:36:46Z,Suez Canal,"While Washington’s war with Iran drags on, month after month, without any end in sight, the world is witnessing the very real limits of US global power. As US President Donald Trump lurches repeatedly from threats of devastation to promises of peace, it’s bec…",Fair Observer,USA,News,2026-09-01T16:14:29.164614Z
87ef25fd8a6c967040d97371eb0f622b,"Under Threat, Saudi Arabia Reroutes Oil Exports Yet Again",https://biztoc.com/x/7da17fbda0e11250,nytimes.com,2026-08-26T09:18:57Z,Suez Canal,"Forced away from the Strait of Hormuz in the Persian Gulf, the Saudis turned to the Red Sea. Now they are relying on a less dangerous but more complicated detour via the Suez Canal.",Biztoc.com,Egypt,News,2026-09-01T16:14:29.164645Z
7c7efebf0b72c363b30191aa2b0bbf53,Indonesia's first aircraft carrier begins voyage from Italy,https://en.antaranews.com/news/428543/indonesias-first-aircraft-carrier-begins-voyage-from-italy,"Benardy F, Rahmad Nasution",2026-08-26T09:10:09Z,Suez Canal,"Indonesia&#39;s first aircraft carrier, the ITS Giuseppe Garibaldi, departed Italy on Monday night and is expected to arrive in Indonesia in mid-September, ...",Antaranews.com,Indonesia,News,2026-09-01T16:14:29.164672Z
bb088738128a7be27a1a2a3eff2adb46,"Has Mojtaba Khamenei DIED? Months after he was named as Iran's new leader, rumours swirl in Tehran where there is still no sign of him and even his ministers have not met him",https://www.dailymail.com/news/article-16080577/Has-Mojtaba-Khamenei-DIED-Months-named-Irans-new-leader-rumours-swirl-Tehran-no-sign-ministers-not-met-him.html,Isabella Machin,2026-08-26T08:56:00Z,Suez Canal,"Ayatollah Mojtaba Khamenei (pictured) was named Iran's new supreme leader on March 8, a week after joint US-Israeli airstrikes killed his father Ali Khamenei on February 28.",Dailymail.com,Unknown,News,2026-09-01T16:14:29.164717Z
0b5aa5b395ff192253bd2dcdca30bd86,"Six months into Iran war, almost half of global oil flows from war zones",https://economictimes.indiatimes.com/news/international/world-news/six-months-into-iran-war-almost-half-of-global-oil-flows-from-war-zones/articleshow/133529753.cms,Reuters,2026-08-26T04:35:38Z,Suez Canal,"As of 2026, nearly half the world's oil originates from conflict-affected nations.  Current oil disruptions have surpassed previous energy crises significantly.  Attacks on Iran and the Russia-Ukraine war have severely impacted production.",The Times of India,Russia,News,2026-09-01T16:14:29.164744Z
40180285c806e2f0d728f2b221167baf,"Six months into Iran war, almost half of global oil flows from war zones",https://economictimes.indiatimes.com/news/international/world-news/six-months-into-iran-war-almost-half-of-global-oil-flows-from-war-zones/articleshow/133529519.cms,Reuters,2026-08-26T04:35:38Z,Suez Canal,"As of 2026, nearly half the world's oil originates from conflict-affected nations.  Current oil disruptions have surpassed previous energy crises significantly.  Attacks on Iran and the Russia-Ukraine war have severely impacted production.",The Times of India,Russia,News,2026-09-01T16:14:29.164760Z
70f297ec436e83afac53b03e513a8626,MSC Joins Carriers Bringing More Cargo Back Through Red Sea,http://wwd.com/sourcing-journal/logistics/msc-red-sea-suez-canal-return-east-west-services-houthis-maer-1239149511/,Glenn Taylor,2026-08-25T19:16:17Z,Suez Canal,"The world's largest ocean carrier is bringing four East-West services back through the waterway, joining chief rivals Maersk and CMA CGM in testing a broader return to the Suez Canal.",WWD,Egypt,News,2026-09-01T16:14:29.164792Z
c8ab4cfca3640734b440d87500f97c0a,"[Mains Model Ans] “The centre of global trade is gradually shifting from the Atlantic region to the Indo-Pacific region.” Examine this statement. (15m, 250words, CSM’26)",https://mrunal.org/2026/08/mains-model-ans-the-centre-of-global-trade-is-gradually-shifting-from-the-atlantic-region-to-the-indo-pacific-region-examine-this-statement-15m-250words-csm26.html,mrunalmanage,2026-08-25T16:30:19Z,Suez Canal,Table of Contents Mains-PYQ-GSM1–2026-Indo-Pacific-Trade-Shift ✍️ Intro  Body1: How Atlantic became the centre of global trade  Body2: The shift towards the Indo-Pacific  Body3: Counter Arguments- not totally shifted ✍️ Conclusion Yes Covered in Mrunal’…,Mrunal.org,Global,News,2026-09-01T16:14:29.164853Z
deeb1d413f55d7d2516a8c2400aacf1a,Indonesia's first aircraft carrier to debut at TNI anniversary,https://en.antaranews.com/news/428477/indonesias-first-aircraft-carrier-to-debut-at-tni-anniversary,Bayu Prasetyo,2026-08-25T14:11:40Z,Suez Canal,"The aircraft carrier ITS Giuseppe Garibaldi, which will be renamed KRI Gajah Mada, is scheduled to make its debut at the 81st anniversary of the Indonesian ...",Antaranews.com,Indonesia,News,2026-09-01T16:14:29.164880Z
57ee0730576cb70916b87d749017f3ba,Indonesia's first aircraft carrier base enters finishing phase,https://en.antaranews.com/news/428469/indonesias-first-aircraft-carrier-base-enters-finishing-phase,"W. Marison, Tegar Nurfitra",2026-08-25T13:41:54Z,Suez Canal,"The Indonesian Navy (TNI AL) assured that construction of the base for the country&rsquo;s first aircraft carrier, the Giuseppe Garibaldi, in Lampung would be ...",Antaranews.com,Indonesia,News,2026-09-01T16:14:29.164909Z
df847f7217c9eea71c22527af2436aac,Japan Holds Off on New Oil Reserve Release Despite September Import Drop,https://oilprice.com/Latest-Energy-News/World-News/Japan-Holds-Off-on-New-Oil-Reserve-Release-Despite-September-Import-Drop.html,Irina Slav,2026-08-25T08:30:00Z,Suez Canal,"Japan expects its oil imports next month to be lower than this month’s but has no plans to release additional crude from storage, the country’s economy minister said. Oil imports next month are seen at 80% of the average monthly for 2025, Ryosei Akazawa said,…",OilPrice.com,Japan,Market Report,2026-09-01T16:14:29.164979Z
0c3000d55f75cb7c172f8e93f9b57cdc,Iran hits back at US 'D-Day' sanctions and hints it could drag war out for the rest of Trump's presidency: 'We know how to play the game',https://www.dailymail.com/news/article-16077645/Iran-sanctions-Trumps-presidency-game.html,"Sophia Stanford, Eliana Silver",2026-08-25T08:19:26Z,Suez Canal,Tehran has said they are 'prepared' for these sanctions with a 'two-year plan to manage these events' and have even warned that their 'enemies should wait for an attack'.,Dailymail.com,Unknown,News,2026-09-01T16:14:29.165021Z
111b418b920e54a42ed97e9c410ac17a,Conflict-hit oil supply crisis deepens as nearly half of global output comes from affected countries,https://economictimes.indiatimes.com/markets/us-stocks/wall-street-guide/conflict-hit-oil-supply-crisis-deepens-as-nearly-half-of-global-output-comes-from-affected-countries/articleshow/133499798.cms,Anupam Nagar,2026-08-25T07:49:06Z,Suez Canal,"Nearly half of the world’s oil supply now comes from countries affected by conflict, highlighting the growing vulnerability of global energy markets. Reuters calculations based on IEA data show that Iran, Russia, Ukraine, Libya and Venezuela produced around 4…",The Times of India,Russia,Market Report,2026-09-01T16:14:29.165048Z
448048ea42ee55d31cb13a644ffdc112,"Six months into Iran war, almost half of global oil flows from war zones",https://uk.finance.yahoo.com/news/six-months-iran-war-almost-050842411.html,"By Seher Dareen, Anushree Mukherjee and Robert Harvey",2026-08-25T05:08:42Z,Suez Canal,"By Seher Dareen, Anushree Mukherjee and Robert Harvey LONDON Aug 25 (Reuters) - Almost half the world's oil comes from countries affected by conflict in 2026...",Yahoo Entertainment,UK,News,2026-09-01T16:14:29.165083Z
9d007e9baff8a58a790d61275edff08f,"Changes Unseen, Strategies Uncharted | Sinification: August 2026",https://sinocism.com/p/changes-unseen-strategies-uncharted,Jacob Mardell,2026-08-30T22:23:14Z,Panama Canal,"This month’s digest pulls in different directions—insofar as we can follow a single thread, it is that of traditional systems being swept away and of “changes unseen in a century” coming to pass: in discussions of nuclear proliferation, the Cold War nuclear o…",Sinocism.com,Unknown,News,2026-09-01T16:14:29.485199Z
5328501f6111b29c253a8f18a4ee7c5d,Should We Have Kept the American Empire?,https://www.maximum-progress.com/p/should-we-have-kept-the-american,Maxwell Tabarrok,2026-08-30T17:50:06Z,Panama Canal,Arguments Against Renouncing Empire,Maximum-progress.com,USA,News,2026-09-01T16:14:29.485251Z
1da1ec0c83b7a5f52fb5670a419872c3,El Niño puts Earth in 'uncharted territory.' Here's what could happen,https://www.usatoday.com/story/news/weather/2026/08/29/2026-el-nino-problems-for-forecasts/91455361007/,"Dinah Voyles Pulver, USA TODAY",2026-08-29T15:29:46Z,Panama Canal,Experts face a big problem with no clear answer: What will a historically strong El Niño look like stacked on top of Earth's unprecedented warming?,USA Today,Unknown,News,2026-09-01T16:14:29.485330Z
1d4d968eddc16a8cb4101d7d3d917ab9,Report: Tanker pays record $5.3m to transit Panama Canal,https://timesofindia.indiatimes.com/world/rest-of-world/report-tanker-pays-record-5-3m-to-transit-panama-canal/articleshow/133602028.cms,AFP - Climate and Environment,2026-08-29T00:58:43Z,Panama Canal,"Rest of World News: A tanker carrying liquefied petroleum gas has paid $5.3 million for priority passage through the Panama Canal ahead of El Nino-related restrictions, t.",The Times of India,Panama,Market Report,2026-09-01T16:14:29.485384Z
7845b6a16545d68f027017b517a1026b,Trump’s Lake Ontario bluster: Why treating his sovereignty threats as a joke is dangerous,https://theconversation.com/trumps-lake-ontario-bluster-why-treating-his-sovereignty-threats-as-a-joke-is-dangerous-290701,"Cornel Grey, Assistant Professor in Department of Gender, Sexuality, and Women's Studies, Western University",2026-08-28T23:51:24Z,Panama Canal,"When a political leader repeatedly tells us what he wants, albeit through absurdity, there is a point at which treating it as a joke becomes its own form of denial.",The Conversation Africa,Unknown,News,2026-09-01T16:14:29.485430Z
1aac527c5a95e5ce4d6cf7ee7946071e,Mosquito Self-Defense: Protecting Your Family from the Silent Swarm,https://www.globalresearch.ca/mosquito-self-defense-protecting-silent-swarm/5938177,Dr. Peter McCullough,2026-08-27T17:18:21Z,Panama Canal,"As summer winds down most are going to miss the sun and fun but no one will miss mosquito season which can last well into the fall.
The Silent Swarm: Mosquito-Borne Illness in the United States
.
.

.
The 
…
The post Mosquito Self-Defense: Protecting Your Fam…",Globalresearch.ca,USA,News,2026-09-01T16:14:29.485685Z
2c23e0537af34939d7ebe821eb3e658f,Want 1990s travel prices? Viral video reveals a best-kept secret in shockingly affordable vacation,https://nypost.com/2026/08/27/lifestyle/want-1990s-travel-prices-viral-video-reveals-a-best-kept-secret/,Aurielle Weiss,2026-08-27T16:32:19Z,Panama Canal,It may be time to break out those dusty travel magazines.,New York Post,Unknown,Market Report,2026-09-01T16:14:29.485712Z
d494ca9ee50939c8891c26111d335798,Links 8/27/2024,https://www.nakedcapitalism.com/2026/08/links-8-27-2024-3.html,Conor Gallagher,2026-08-27T10:55:05Z,Panama Canal,"Our meditative links: US warns Russia as UK dares Moscow, Nepal flood, ICE political weaponization, and the everything shortage.",Nakedcapitalism.com,Russia,News,2026-09-01T16:14:29.485730Z
bc43a9d06f72b5294be2def39dcdd80a,South American Trial Could Reveal Key Facts About Iran Terror Network Targeting Americans,https://freerepublic.com/focus/f-chat/4393175/posts,The Federalist,2026-08-26T13:41:47Z,Panama Canal,"Panamanian authorities have a 1994 bombing’s suspected Iranian-backed Hezbollah mastermind in custody, with a trial ensuing soon. For more than three decades, the mystery of who blew Alas Chiricanas Flight 901 out of the Panama sky, killing all 21 aboard, inc…",Freerepublic.com,USA,News,2026-09-01T16:14:29.485808Z
8b2fc1864165f2ab427981588e277f84,South American Trial Could Reveal Key Facts About Iran Terror Network Targeting Americans,https://thefederalist.com/2026/08/26/south-american-trial-could-reveal-key-facts-about-iran-terror-network-targeting-americans/,Todd Bensman,2026-08-26T11:38:15Z,Panama Canal,"Panamanian authorities have a 1994 bombing’s suspected Iranian-backed Hezbollah mastermind in custody, with a trial ensuing soon.",The Federalist,USA,News,2026-09-01T16:14:29.485885Z
efc91e3f5ebeeef368e31a985a3034ed,How climate change affects different modes of transport – from roads to railways,https://theconversation.com/how-climate-change-affects-different-modes-of-transport-from-roads-to-railways-289834,"Vahid Aryanpur, Principal Investigator and Research Fellow, Energy Systems Modelling, University College Cork",2026-08-26T09:54:04Z,Panama Canal,Climate change does not affect every form of transport in the same way. And the result is more than just cancelled journeys.,The Conversation Africa,Unknown,News,2026-09-01T16:14:29.485925Z
bf9e3f2a7814a4a5acf36b4aaf9ebbe4,"El Nino shows its “teeth”: Alarm in Panama & El Salvador as drought, lost crops & fewer ships hit the Canal",https://en.protothema.gr/2026/08/26/el-nino-shows-its-teeth-alarm-in-panama-el-salvador-as-drought-lost-crops-fewer-ships-hit-the-canal/,Newsroom,2026-08-26T07:56:00Z,Panama Canal,"Emergency measures by governments as drought affects water reserves, crops and global trade flows
The post El Nino shows its “teeth”: Alarm in Panama & El Salvador as drought, lost crops & fewer ships hit the Canal appeared first on ProtoThema English.",Protothema.gr,Panama,News,2026-09-01T16:14:29.485971Z
6ed16d1a7c806667e223bac699b007b6,California is running out of refineries – and running out of time,https://wattsupwiththat.com/2026/08/25/california-is-running-out-of-refineries-and-running-out-of-time/,Guest Blogger,2026-08-26T05:00:00Z,Panama Canal,"California is not proactively supporting the reanimating of the closed Valero Refinery in Benicia or the closed Phillips Refinery in Wilmington. In addition, California government is not making the necessary policy changes to avert the hemorrhaging loss of on…",Wattsupwiththat.com,Brazil,News,2026-09-01T16:14:29.486000Z
42eb09f35a5a674319e27680baaf4eda,The Teacher Pay Penalty Remained High in 2025,https://www.commondreams.org/newswire/the-teacher-pay-penalty-remained-high-in-2025,Newswire Editor,2026-08-25T21:47:36Z,Panama Canal,"Teachers earned 25.2 percent less than comparable college graduates in other professions in 2025, according to a new report from the Economic Policy Institute and the Center for Economic and Policy Research (CEPR).The relative teacher pay penalty — which is a…",Common Dreams,Unknown,Market Report,2026-09-01T16:14:29.486090Z
1725eeaa8015838c264b139c2619946c,Panama Canal Auction Hits New Record at $5.3 Million,https://gcaptain.com/panama-canal-auction-hits-new-record-at-5-3-million/,Mike Schuler,2026-08-25T20:19:21Z,Panama Canal,"By Ruth Liao, Lucia Kassai and Nicholas Lua (Bloomberg) — A shipper needing to transit the Panama Canal bid a record $5.3 million to secure its spot, according to people familiar...",gcaptain.com,Panama,News,2026-09-01T16:14:29.486127Z
8c0b605de28f7635df4cce940cfd06e8,The Disney Adventure Is FINALLY Getting A Port of Call,https://www.disneyfoodblog.com/2026/08/25/the-disney-adventure-is-finally-getting-a-port-of-call/,Robin Burks,2026-08-25T18:12:01Z,Panama Canal,The Disney Adventure is getting a new port of call!,disneyfoodblog.com,Unknown,News,2026-09-01T16:14:29.486154Z
47a440a57432ae75bcbdb5c18d5a8eb2,"New Disney Cruise Line 2027-2028 Itineraries: Return to New York, Canada Comeback, Adventure Adds First Port",https://www.disneytouristblog.com/new-disney-cruise-line-2027-2028-itineraries-return-to-new-york-canada-comeback-adventure-adds-first-port/,Tom Bricker,2026-08-25T16:39:18Z,Panama Canal,"Disney Cruise Line unveiled itineraries for Fall 2027 and Spring 2028 for the Magic, Wonder, Dream, Fantasy legacy ships, plus the newer Adventure, Destiny, Treasure, and Wish! The only ship not included in the announcement is the upcoming Believe, which seem…",Disneytouristblog.com,Unknown,News,2026-09-01T16:14:29.486208Z
a8c239cc147375c58a2831a347bf1ab2,Trump’s ‘Lake America’ Threat to Canada Is Just Lazy,http://nymag.com/intelligencer/article/trumps-lake-america-threat-to-canada-is-just-lazy.html,Margaret Hartmann,2026-08-25T16:25:09Z,Panama Canal,"Trump’s ‘Lake America’ threat to Canada is just lazy. Instead of coming up with a creative new way to bully our neighbors, he’s giving Lake Ontario the ‘Gulf of America’ treatment.",New York Magazine,USA,News,2026-09-01T16:14:29.486233Z
f9f7ab2df63ac1f8a21712a596096724,Disney Cruise Line Fall 2027 and Spring 2028 Itineraries with Disney Wish Headed to New York,https://disneyparksblog.com/dcl/disney-cruise-line-fall-2027-and-spring-2028-itineraries-announced/,The Editors,2026-08-25T14:41:19Z,Panama Canal,"It’s back to school season, so are you thinking what I’m thinking? Back to dreaming of another vacation! There are oceans of exciting trips on the horizon with Disney Cruise Line. Today, we’re getting a first look at Fall 2027 and Spring 2028 itineraries, whi…",Disneyparksblog.com,Unknown,News,2026-09-01T16:14:29.486286Z
1592dd1ec1fd7eba1f92250481f6d7c4,The BBC’s El Niño Apocalypse Friday,https://wattsupwiththat.com/2026/08/25/the-bbcs-el-nino-apocalypse-friday/,Guest Blogger,2026-08-25T09:00:00Z,Panama Canal,"From THE DAILY SCEPTIC By Guy de la Bédoyère Friday, August 21st 2026 was a slow news day. You could tell because the BBC’s Radio 4 6 O’Clock News led with the vacuous… 
The post The BBC’s El Niño Apocalypse Friday appeared first on Watts Up With That?.",Wattsupwiththat.com,Unknown,Market Report,2026-09-01T16:14:29.486337Z
bfa1f9469c4dd3dec87fada5652d165e,Asian Refiners Scoop Up US Crude,https://www.rigzone.com/news/wire/asian_refiners_scoop_up_us_crude-25-aug-2026-184449-article/,"N. Risser, C. Charleston & Y. Chin",2026-08-25T08:25:33Z,Panama Canal,"Asian refiners are on course to nearly double their purchases of U.S. crude for September from a month earlier, a move that stands to squeeze domestic fuel makers at a time when Americans are already facing record high pump prices.",Rigzone,USA,Market Report,2026-09-01T16:14:29.486356Z
bdadbe6b2cefbb6756c32c186bf82f9d,"Asian buyers snap up US crude, adding stress to tight market",https://economictimes.indiatimes.com/news/international/global-trends/asian-buyers-snap-up-us-crude-adding-stress-to-tight-market/articleshow/133489462.cms,Bloomberg,2026-08-25T03:43:52Z,Panama Canal,"Asian refiners are set to nearly double purchases of US crude for September as Middle Eastern oil prices surge amid the Iran war and Strait of Hormuz disruption. More than 40 million barrels could head to Asia, tightening US crude supplies, pressuring domesti…",The Times of India,Unknown,Market Report,2026-09-01T16:14:29.486399Z
2058dd9417ffa0c05a64253975571148,"Το Νέο Γεωπολιτικό Παίγνιο: Ασύμμετρες Απειλές, Τεχνολογική Αυτονομία και η Άνοδος των Περιφερειακών Δυνάμεων",https://i-epikaira.blogspot.com/2026/08/blog-post_77.html,noreply@blogger.com (Unknown),2026-08-31T11:46:30Z,Black Sea shipping,"Edited by iEpikaira*

 
 [Η ανάλυση παρατίθεται παρακάτω και στα ελληνικά.]

 

 Executive Summary


 
 Beneath the surface of the international system, a subtle yet critical transformation is underway. The global geopolitical picture points to a system wh…",Blogspot.com,Global,News,2026-09-01T16:14:29.828458Z
c93aee591fccff377f13582ad6090e05,"U.S., Venezuela strike oil deal. And, the staggering hidden toll of U.S. heat deaths",https://www.npr.org/2026/08/31/g-s1-141187/up-first-newsletter-venezuela-oil-iran-war-house-government-funding-grand-canyon-flash-flooding,Brittney Melton,2026-08-31T11:20:15Z,Black Sea shipping,"The U.S. and Venezuela have entered into an oil deal. And, NPR spent two years tracking heat-related deaths and found that people in the U.S. are dying from heat more than the official counts show.",NPR,Unknown,News,2026-09-01T16:14:29.828503Z
02526ab5a896a716e87497b8e94cde15,"Researchers analysing hardened plaque from eight people buried in Edo-era Osaka detected 38 dietary proteins, including luxury red sea bream and cold-water fish imported through Japan’s shipping networks",https://timesofindia.indiatimes.com/science/researchers-analysing-hardened-plaque-from-eight-people-buried-in-edo-era-osaka-detected-38-dietary-proteins-including-luxury-red-sea-bream-and-cold-water-fish-imported-through-japans-shipping-networks/articleshow/133641273.cms,TOI Lifestyle Desk,2026-08-31T04:15:40Z,Black Sea shipping,"Dental plaque analysis revealed diverse diets for Edo-period Osaka commoners. Researchers found proteins from 17 food types, including luxury red sea bream. This suggests developing markets made once-exclusive foods accessible to ordinary people. Salmon prote…",The Times of India,Japan,Analysis/Opinion,2026-09-01T16:14:29.828607Z
76e3634ae2e1dbe42a3c168afef8e5d8,Vessels Crossing Strait Of Hormuz Drop To 5 Per Day,https://gcaptain.com/vessels-crossing-strait-of-hormuz-drop-to-5-per-day/,Reuters,2026-08-30T23:42:52Z,Black Sea shipping,"By Florence Tan SINGAPORE, Aug 31 (Reuters) – The number of visible commodity vessels transiting the Strait of Hormuz dropped to five per day over the weekend,shipping data showed on Monday, as companies...",gcaptain.com,Singapore,News,2026-09-01T16:14:29.828638Z
edac117578be724f91f5fdc09a4b9d63,"U.S. Strikes Iranian Launchers Set to Mine Hormuz, IRGC Vows ‘Severe Repercussions’",https://www.breitbart.com/politics/2026/08/30/u-s-strikes-iranian-launchers-set-to-mine-hormuz-irgc-vows-severe-repercussions/,Joshua Klein,2026-08-30T22:33:49Z,Black Sea shipping,"U.S. forces struck two Iranian rocket launchers Sunday after the military observed Islamic Revolutionary Guard Corps (IRGC) forces preparing to fire rockets carrying sea mines into the Strait of Hormuz, prompting Tehran to vow retaliation in the first known A…",Breitbart News,Unknown,News,2026-09-01T16:14:29.828695Z
544ce939bd4434590373d33be2dc3143,How Pakistan’s “Dual-Track” Diplomacy Helped to Calm the US-Iran Crisis,https://www.fairobserver.com/region/middle_east_north_africa/how-pakistans-dual-track-diplomacy-helped-to-calm-the-us-iran-crisis/,Amina Jabbar,2026-08-30T13:32:43Z,Black Sea shipping,The memorandum of understanding that was announced between the United States and Iran on June 15 may end up being one of the more consequential diplomatic breakthroughs in recent Middle Eastern history. After weeks of rapidly rising military tensions that wer…,Fair Observer,USA,News,2026-09-01T16:14:29.828764Z
2f63593f291bec343db08c5d9bd08aff,"107+ best early Labor Day sales to shop now — plus, which sales to skip, according to experts",https://www.nbcnews.com/select/shopping/best-early-labor-day-deals-2026-rcna594921,Zoe Malin,2026-08-28T20:56:35Z,Black Sea shipping,"Labor Day is on Monday, Sept. 7, but early deals are already here. I found the best ones at Amazon, Target, Brooks and more, and shared expert saving advice.",NBC News,Unknown,News,2026-09-01T16:14:29.829038Z
ad2ea0ffd3222b386bad78568919847a,"All the best deals from Ulta’s fall 21 Days of Beauty Event, according to a beauty writer",https://www.nbcnews.com/select/shopping/ulta-21-days-of-beauty-sale-fall-2026-rcna594922,Ashley Morris,2026-08-28T18:41:55Z,Black Sea shipping,"Ulta’s 21 Days of Beauty Sale is officially back, featuring daily deals of 50% off brands like Cecred, Supergoop, Farmacy and more.",NBC News,Unknown,Market Report,2026-09-01T16:14:29.829110Z
cabb11d3796d8d8b72ff34a949683964,Germany’s Rhine River Is Drying Up,http://foreignpolicy.com/2026/08/27/germany-rhine-river-economy-war/,Cameron Abadi and Adam Tooze,2026-08-27T17:33:18Z,Black Sea shipping,The economic damage is just one of the consequences.,Foreign Policy,Germany,News,2026-09-01T16:14:29.829321Z
c48ab061c7c2f64bf74efac36a0eec15,"Bulgaria purchases 7 minehunter ships from Belgium and Netherlands to protect Black Sea, secure shipping routes",https://nypost.com/2026/08/27/world-news/bulgaria-purchases-7-minehunter-ships-from-belgium-and-netherlands-to-protect-black-sea/,Reuters,2026-08-27T14:26:01Z,Black Sea shipping,"Along with Romania and Turkey, Bulgaria agreed at a NATO summit in July to expand a joint ​task force that clears mines floating in the Black Sea ​to include missions to protect critical infrastructure.",New York Post,Turkey,News,2026-09-01T16:14:29.829409Z
5a0736dbcf5cbf21e5cf9a1a45d66b86,Backbone’s iPhone Gaming Controller Goes Translucent for Xbox’s 25th Anniversary,https://www.yankodesign.com/2026/08/26/backbones-iphone-gaming-controller-goes-translucent-for-xboxs-25th-anniversary/,Sarang Sheth,2026-08-26T18:30:27Z,Black Sea shipping,Backbone’s iPhone Gaming Controller Goes Translucent for Xbox’s 25th AnniversaryRemember when you could see inside your Game Boy? Or your iMac? Or basically every piece of tech your parents told you was “too expensive...,Yanko Design,Unknown,News,2026-09-01T16:14:29.829562Z
ae2368ca09684dc7519f3b29164e9921,A Greenland Glacier Loses Another Chunk of Ice,https://www.universetoday.com/articles/a-greenland-glacier-loses-another-chunk-of-ice,"Evan Gough, Evan Gough (https://www.universetoday.com/authors/ion23drive)",2026-08-26T17:55:54Z,Black Sea shipping,"The ESA's Sentinel satellites captured a 76 sq. km. chunk of ice breaking off from Greenland's Petermann Glacier. They watched the cracks and deformations happen in real time leading up to the calving. While calving is normal, it's happening more often, and t…",Universe Today,Unknown,News,2026-09-01T16:14:29.829610Z
8ea6f45f225b89bd61cd94730130b0f1,MSC halts Russian Black Sea service after drone strike,https://cryptobriefing.com/msc-halts-russian-black-sea-service-drone-strike/,Editorial Team,2026-08-26T15:16:25Z,Black Sea shipping,"The suspension of services by major carriers highlights escalating regional instability, threatening global supply chains and economic stability.
The post MSC halts Russian Black Sea service after drone strike appeared first on Crypto Briefing.",Crypto Briefing,Russia,News,2026-09-01T16:14:29.829702Z
1bf0830863d018649caa2c2c17785b31,Moscow slams Finland’s Stubb for backing Kiev’s strikes on Russian businesses (VIDEO),https://www.rt.com/russia/644660-moscow-slams-stubb-ukraine-strikes/,RT,2026-08-26T12:03:51Z,Black Sea shipping,Moscow has branded Finland‘s Alexander Stubb a “degraded” politician over his support for Ukrainian strikes on civilian sites in Russia Read Full Article at RT.com,RT,Russia,News,2026-09-01T16:14:29.829732Z
f8aea7e20d1498038327bd8752f27f31,"There’s a jar in your kitchen that costs about two dollars. Seven hundred years ago, it was worth a fortune, and empires were willing to commit atrocities to control its supply.",https://spacedaily.com/k-theres-a-jar-in-your-kitchen-that-costs-about-two-dollars-seven-hundred-years-ago-it-was-worth-a-fortune-and-empires-were-willing-to-commit-atrocities-to-control-its-supply/,Kiran Journals,2026-08-26T01:00:24Z,Black Sea shipping,"A humble spice cabinet staple sparked colonial conquest, slavery, and genocide—all for the sake of flavoring eggnog.
The post There’s a jar in your kitchen that costs about two dollars. Seven hundred years ago, it was worth a fortune, and empires were willing…",Space Daily,Unknown,News,2026-09-01T16:14:29.829919Z
baa43de4da10bf967b72e1841b89d409,"Russia-Ukraine war likely to raise import price of sunflower oil, yellow peas",https://economictimes.indiatimes.com/news/economy/foreign-trade/russia-ukraine-war-likely-to-raise-import-price-of-sunflower-oil-yellow-peas/articleshow/133522331.cms,Jayashree Bhosale,2026-08-25T18:22:28Z,Black Sea shipping,"The escalation of the Russia-Ukraine war could raise India’s import costs for sunflower oil and yellow peas, as attacks and shipping disruptions in the Black Sea have sharply reduced exports from the region.",The Times of India,India,News,2026-09-01T16:14:29.829972Z
1941a9e164e4bca722e8f8f93b4affd1,Ukraine’s drone strikes push Russian oil processing to lowest level since 2002,https://cryptobriefing.com/ukraine-drone-strikes-russian-oil-disruption/,Editorial Team,2026-08-25T17:35:04Z,Black Sea shipping,"Ukraine's drone strikes on Russian oil infrastructure could lead to global energy market disruptions and increased geopolitical tensions.
The post Ukraine’s drone strikes push Russian oil processing to lowest level since 2002 appeared first on Crypto Briefing.",Crypto Briefing,Russia,Market Report,2026-09-01T16:14:29.829999Z
1468190c91ccc9706dcad3dafd07d8d3,America’s Strategic Petroleum Reserve Is Running on Fumes. What Happens When the Next Supply Shock Hits?,https://247wallst.com/investing/2026/08/25/americas-strategic-petroleum-reserve-is-running-on-fumes-what-happens-when-the-next-supply-shock-hits/,Rich Duprey,2026-08-25T13:42:19Z,Black Sea shipping,"The U.S. just used its emergency oil buffer to blunt a major supply shock, and it worked. But the strategy left America's strategic reserve at its lowest poi...",24/7 Wall St.,USA,News,2026-09-01T16:14:29.830103Z
321a0a7d34f42d2a40f8250cd33f2c9f,The Return of the Teen Crime Panic,https://www.nybooks.com/online/2026/08/25/the-return-of-the-teen-crime-panic-raise-the-age/,Dana Liebelson,2026-08-25T11:00:00Z,Black Sea shipping,"In the early hours of Sunday, August 3, 2025, Edward Coristine, a nineteen-year-old computer programmer who had achieved notoriety as an employee of Elon Musk’s Department of Government Efficiency, was walking a friend back to her car near U Street in Washing…",The New York Review of Books,Unknown,News,2026-09-01T16:14:29.830152Z
712ad738e9c17d4fa3533a8350f6f8c7,"Pakistan, Saudi Arabia, Turkiye meet: What’s next for their defence pact?",https://www.aljazeera.com/news/2026/8/31/pakistan-saudi-arabia-turkiye-meet-whats-next-for-their-defence-pact,Abid Hussain,2026-08-31T12:57:49Z,Red Sea shipping,"As US-Iran strikes resume, Pakistan, Saudi Arabia and Turkiye test their pact's substance, and who might join next.",Al Jazeera English,Unknown,News,2026-09-01T16:14:30.196474Z
0d63ae260e271c5b2d8a20a7f79ae143,"Rubina Dilaik questions how item songs have changed over the years; says, ‘It has become obscene now’",https://timesofindia.indiatimes.com/tv/news/hindi/rubina-dilaik-questions-how-item-songs-have-changed-over-the-years-says-it-has-become-obscene-now/articleshow/133642142.cms,etimes.in,2026-08-31T04:50:27Z,Red Sea shipping,"In a candid discussion, Rubina Dilaik, Hina Khan, and Abhinav Shukla explored the changing landscape of music. Rubina remarked on the rising controversy around item songs, mentioning their sometimes explicit nature. Meanwhile, Abhinav and Rocky delved into th…",The Times of India,Unknown,News,2026-09-01T16:14:30.196675Z
f0301d6b8cc163cd080d6dfb55f17569,"IBPS RRB CRP-XV Clerk 2026 registration begins September 1; check official notification PDF, dates and eligibility",https://timesofindia.indiatimes.com/education/news/ibps-rrb-crp-xv-clerk-2026-registration-begins-september-1-check-official-notification-pdf-dates-and-eligibility/articleshow/133641411.cms,TOI Education,2026-08-31T04:50:01Z,Red Sea shipping,"IBPS RRB Clerk 2026: IBPS RRB Clerk 2026 registration is expected to begin on September 1 for Office Assistant posts under CRP RRBs-XV. The application window is scheduled to close on September 21. Office Assistant prelims are scheduled for December 6, 12 and…",The Times of India,Unknown,News,2026-09-01T16:14:30.196728Z
54a6f163ce006e27fb38e1d208554e96,"September 2026 school holidays: Janmashtami, Ganesh Chaturthi and state-specific holiday dates",https://timesofindia.indiatimes.com/education/news/september-2026-school-holidays-janmashtami-ganesh-chaturthi-and-state-specific-holiday-dates/articleshow/133641911.cms,TOI Education,2026-08-31T04:47:09Z,Red Sea shipping,"September school holidays 2026: September 2026 will have several school holidays linked to Janmashtami, Ganesh Chaturthi, Vishwakarma Puja, Anant Chaturdashi and regional religious and commemorative occasions. September 4 is the common festival holiday listed…",The Times of India,Unknown,News,2026-09-01T16:14:30.196783Z
f29904392319c18b24439c0b90daa0c0,US mayor Joe Anderson dies mysteriously at 45 after sudden collapse on Colorado hike,https://timesofindia.indiatimes.com/world/us/us-mayor-joe-anderson-dies-mysteriously-at-45-after-sudden-collapse-on-colorado-hike/articleshow/133641571.cms,Prisha Roy,2026-08-31T04:45:07Z,Red Sea shipping,"Englewood Mayor Pro Tem Joe Anderson, 45, died after collapsing during a mountain hike in Colorado on Friday, with authorities yet to determine what caused his death.",The Times of India,Unknown,News,2026-09-01T16:14:30.196823Z
91f3425b039c29376f6cd3babb1b3129,"Mumbai: July rain 4th highest in decade, August 3rd lowest",https://timesofindia.indiatimes.com/city/mumbai/mumbai-july-rain-4th-highest-in-decade-august-3rd-lowest/articleshow/133641950.cms,Richa Pinto,2026-08-31T04:42:57Z,Red Sea shipping,"Mumbai recorded its third-lowest August rainfall in ten years after a very wet July. The Santacruz observatory registered 315.3mm of rain, significantly below the usual average. This subdued rainfall has not impacted the city's water supply, which remains at …",The Times of India,India,News,2026-09-01T16:14:30.196853Z
12b7b2336299d906e961783f53a24f18,"Hail, a new era of colonialism begins",https://timesofindia.indiatimes.com/toi-blogs/money-matters/hail-a-new-era-of-colonialism-begins/articleshow/133641663.cms,Gaurav Bhalla,2026-08-31T04:36:11Z,Red Sea shipping,"Money Matters News: On June 12, 2026, a ship arrived.It did not fly the flag of Britain or Portugal, Spain or France, or the Dutch Republic. It did not carry soldiers and.",The Times of India,UK,News,2026-09-01T16:14:30.196887Z
b3d64f883aad7b2e1d5f7afc33723dc0,Saudi Arabia reroutes oil exports amid Red Sea shipping threats,https://cryptobriefing.com/saudi-arabia-reroutes-oil-exports-red-sea/,Editorial Team,2026-08-30T17:30:41Z,Red Sea shipping,"Saudi Arabia's rerouting of oil exports highlights vulnerabilities in global energy supply chains, emphasizing the need for diversified routes.
The post Saudi Arabia reroutes oil exports amid Red Sea shipping threats appeared first on Crypto Briefing.",Crypto Briefing,Global,News,2026-09-01T16:14:30.197043Z
abf995915f13bf4fdbfc7bf4c4469871,Piracy attacks off Somalia surge this year,https://www.rte.ie/news/newslens/2026/0830/1589710-somalia-piracy/,RTÉ News,2026-08-30T11:23:02Z,Red Sea shipping,"Piracy off the Horn of Africa has reached its highest levels since 2013, according to an AFP analysis based on data from the International Maritime Organization (IMO).",RTE,Global,Analysis/Opinion,2026-09-01T16:14:30.197073Z
67769e168da001b924a822f22f31587b,"No, Tehran is not winning | CNN Politics",https://www.cnn.com/2026/08/30/politics/iran-losing-leverage-hormuz-mcgurk,Brett H. Mcgurk,2026-08-30T10:30:29Z,Red Sea shipping,"As the latest phase of the war unfolds, Iran is losing its leverage in Hormuz",CNN,Unknown,News,2026-09-01T16:14:30.197101Z
f942fd3ce8aec52a0cf8923265b48520,"Tyler, The Creator & Turnstile Conquer All Points East: Best Moments",http://www.billboard.com/lists/tyler-the-creator-best-moments-all-points-east/,Luke Morgan Britton,2026-08-29T15:00:37Z,Red Sea shipping,"Tyler, The Creator and Turnstile were among the performers at London's All Points East on Aug. 28.",Billboard,UK,News,2026-09-01T16:14:30.197200Z
fca700e2a99fd4813e372ea38fccad76,World running short of Crude oil refined products says Mirae Asset,https://www.business-standard.com/markets/news/world-running-short-of-crude-oil-refined-products-says-mirae-asset-126082800694_1.html,Mohammed Imran,2026-08-28T09:45:44Z,Red Sea shipping,"US refineries are running near maximum capacity at 97.4 per cent, supported by strong export demand.",Business Standard,Unknown,News,2026-09-01T16:14:30.197585Z
a169282ac95934904534b935f431c194,How much are red snappers worth?,https://www.lifesciencesworld.com/how-much-are-red-snappers-worth/,Ava Reynolds,2026-08-28T07:19:49Z,Red Sea shipping,"How Much Are Red Snappers Worth? A Deep Dive into Market Value The market value of red snappers fluctuates significantly depending on factors like size, freshness, origin, and market demand, but expect to pay anywhere from $4 to $30+ per pound at retail. Ulti…",Lifesciencesworld.com,Unknown,Market Report,2026-09-01T16:14:30.197720Z
b2da16f27c6b4c86e896e9383bf1d48d,Oil Price Today (August 28): Crude oil falls over 5% this week despite Trump rejecting terms of Iran deal. What are experts saying?,https://economictimes.indiatimes.com/markets/commodities/news/oil-price-today-august-28-crude-oil-falls-over-5-this-week-despite-trump-rejecting-terms-of-iran-deal-what-are-experts-saying/articleshow/133581385.cms,Veer Sharma,2026-08-28T02:20:32Z,Red Sea shipping,"Brent crude futures fell 50 cents, or 0.6%, to $89 a barrel, while West Texas Intermediate crude futures declined 42 cents, or 0.50%, to $83. Brent was on track to lose 5.3% for the week, while WTI was set to fall 4.3%.",The Times of India,Unknown,News,2026-09-01T16:14:30.197764Z
72c3770b63e42ebccc0069e1478de87b,Diets in Premodern Japan Examined Through Dental Calculus,https://archaeology.org/news/2026/08/27/diets-in-premodern-japan-examined-through-dental-calculus/,Jessica Esther Saraceni,2026-08-27T17:30:00Z,Red Sea shipping,"OSAKA, JAPAN—According to a statement released by the Graduate University for Advanced Studies (SOKENDAI), researchers […]
The post Diets in Premodern Japan Examined Through Dental Calculus appeared first on Archaeology Magazine.",Archaeology,Japan,News,2026-09-01T16:14:30.197903Z
80892bfd682683ec245464d8d3cd4234,Leyton Orient criticise badge on new Wrexham kit,https://www.bbc.com/sport/football/articles/c14dl88djrmo?xtor=AL-72-%5Bpartner%5D-%5Byahoo.north.america%5D-%5Bheadline%5D-%5Bsport%5D-%5Bbizdev%5D-%5Bisapi%5D,BBC,2026-08-27T14:18:02Z,Red Sea shipping,"Leyton Orient criticise Wrexham and their celebrity owners, Ryan Reynolds and Rob Mac, for putting a badge on their new kit that mirrors their own.",BBC News,Unknown,News,2026-09-01T16:14:30.197985Z
ccc517af32dafbc5bebbfdd27415be6a,Leyton Orient criticise badge on new Wrexham kit,https://www.bbc.co.uk/sport/football/articles/c14dl88djrmo,BBC Sport,2026-08-27T14:12:51Z,Red Sea shipping,"Leyton Orient criticise Wrexham and their celebrity owners, Ryan Reynolds and Rob Mac, for putting a badge on their new kit that mirrors their own.",BBC News,Unknown,News,2026-09-01T16:14:30.198008Z
51d6d8b81b6552b919c0d22a88f1ebc4,Qatar and Kuwait Restore 70% of Pre-War Oil Exports Through Hormuz,https://finance.yahoo.com/energy/articles/qatar-kuwait-restore-70-pre-110000147.html,Tsvetana Paraskova,2026-08-27T11:00:00Z,Red Sea shipping,Qatar and Kuwait have restored crude exports to about 70% of pre-war levels by shuttling oil through the Strait of Hormuz and transferring cargoes outside th...,Yahoo Entertainment,Unknown,News,2026-09-01T16:14:30.198197Z
e59c9306695404840325f56dcb93adcb,"Analysis-After six months, the Iran war has reached its endgame - a costly stalemate",https://uk.news.yahoo.com/analysis-six-months-iran-war-095659927.html,By Samia Nakhoul,2026-08-27T10:31:57Z,Red Sea shipping,"BEIRUT, Aug 27 (Reuters) - The Iran war has reached its endgame: a costly stalemate. and Israeli forces attacked Iran, killing its supreme leader and maiming...",Yahoo Entertainment,Unknown,Analysis/Opinion,2026-09-01T16:14:30.198229Z
55cf271ba29ba561a40e84e356f8ff94,"After six months, the Iran war has reached its endgame, a costly stalemate",https://economictimes.indiatimes.com/news/international/world-news/iran-war-stalemate-a-costly-clash-between-resilience-and-sanctions/articleshow/133564947.cms,Reuters,2026-08-27T10:17:37Z,Red Sea shipping,The Iran war has reached a costly stalemate after six months of conflict.  The Iranian government faces economic siege but believes it has time on its side.  Tehran is betting that China and India will not fully comply with US sanctions.  Washington's latest …,The Times of India,China,News,2026-09-01T16:14:30.198253Z
69d98885ae76a48e4225931920fb1c8e,Nikkei Slips as Nvidia Rally Fades Into Profit-Taking,https://newsonjapan.com/article/150530.php,News On Japan,2026-08-27T09:31:09Z,Red Sea shipping,"Tokyo stocks slipped on August 27, with the Nikkei 225 closing at 66,131.98, down 130.18 points, as early buying in artificial intelligence and semiconductor-related shares following Nvidia’s strong earnings forecast faded into profit-taking, while the broade…",Newsonjapan.com,Japan,Analysis/Opinion,2026-09-01T16:14:30.198282Z
5fe015036e6f85a39ee19c7bd244ca08,"Kuwait, Qatar Cargoes Boost Hormuz Oil Flows",https://www.rigzone.com/news/wire/kuwait_qatar_cargoes_boost_hormuz_oil_flows-27-aug-2026-184468-article/,Yongchang Chin & Alex Longley,2026-08-27T07:58:09Z,Red Sea shipping,"The two countries, which exported a combined two million barrels a day of oil before the outbreak of the Iran war, have managed to get shipments back to 70 percent of pre-conflict levels, according to traders.",Rigzone,Unknown,News,2026-09-01T16:14:30.198371Z
fb98b4f8d95886f8509fcb95b09021ba,How freight volatility and geopolitical tensions are reshaping commodity markets,https://www.thehindubusinessline.com/multimedia/audio/how-freight-volatility-and-geopolitical-tensions-are-reshaping-commodity-markets/article71395125.ece,Subramani Ra Mancombu & Siddharth Mathew Cherian,2026-08-27T05:44:49Z,Red Sea shipping,"In this episode of BusinessLine’s Trending Commodities podcast, Subramani Ra Mancombu speaks with Soham Chokshi, Co-founder and CEO of Shipsy, about how freight volatility, geopolitical tensions and trade disruptions are influencing commodity prices",BusinessLine,Unknown,Market Report,2026-09-01T16:14:30.198428Z
3ea841adb3dffcd9bede22ae8a637ee3,Six consequences of six months of war in Iran,https://www.yahoo.com/news/us/articles/six-consequences-six-months-war-050601771.html,Reuters,2026-08-27T05:13:07Z,Red Sea shipping,"WASHINGTON, Aug 27 () - Six months after the United States and Israel launched strikes on Iran, the war that President Donald Trump has called a ""little excu...",Yahoo Entertainment,USA,News,2026-09-01T16:14:30.198447Z
92ef08d338e3045edb805f0775087872,‘We will retaliate like an earthquake:’ How Iran could respond to Trump’s economic ‘D-Day’,https://www.cnn.com/2026/08/27/middleeast/how-iran-could-respond-to-trumps-economic-d-day-intl,"Mostafa Salem, CNN",2026-08-27T04:01:29Z,Red Sea shipping,"As Washington launches its latest plan to cripple Iran’s economy, the Islamic Republic has threatened a regional and global response designed to raise the st...",CNN,Global,News,2026-09-01T16:14:30.198494Z
375d19a86d83f819b57976ff6d33ae90,"Oil Price Today (August 27): Crude oil dips to $87, down for 4th session amid Hormuz reopening hopes. What are experts saying?",https://economictimes.indiatimes.com/markets/commodities/news/oil-price-today-august-27-crude-oil-dips-to-87-down-for-4th-session-amid-hormuz-reopening-hopes-what-are-experts-saying/articleshow/133555256.cms,Veer Sharma,2026-08-27T03:49:24Z,Red Sea shipping,"Oil prices slipped on Thursday, extending their losing streak, as hopes of a Strait of Hormuz reopening grew amid diplomatic efforts involving Iran and Oman. Brent crude fell 0.7% to $87.24 a barrel, while WTI declined 0.7% to $81.67. Markets are watching dev…",The Times of India,Unknown,Market Report,2026-09-01T16:14:30.198543Z
bbc488132e2392c807a97fede214456c,Oil Futures Fall,https://www.rigzone.com/news/wire/oil_futures_fall-26-aug-2026-184467-article/,"C. Gorrivan, A. Longley, K. Matsuyama",2026-08-26T20:36:45Z,Red Sea shipping,Oil eased in a choppy session as traders weighed progress on diplomatic efforts to resume shipping through the Strait of Hormuz against fresh risks of a global supply squeeze.,Rigzone,Global,News,2026-09-01T16:14:30.198577Z
681670abfa9cf8a51b0afea06873cb7d,"Nikkei Reclaims 66,000 as Nvidia Caution Keeps Trading Thin",https://newsonjapan.com/article/150520.php,News On Japan,2026-08-26T16:21:50Z,Red Sea shipping,"Tokyo stocks rose on August 26, with the Nikkei 225 closing at 66,262.16, up 405.73 points, or 0.62%, as investors bought back selected semiconductor and financial shares, although trading was thin ahead of Nvidia’s earnings and uncertainty remained over arti…",Newsonjapan.com,Japan,Market Report,2026-09-01T16:14:30.198654Z
26c74fef2bf54efa710e239ff3d920cf,Oil Price Today (August 26): Crude oil tanks 6% in two days to hover near $85. What’s behind the decline?,https://economictimes.indiatimes.com/markets/commodities/news/oil-price-today-august-26-crude-oil-tanks-6-in-two-days-to-hover-near-85-whats-behind-the-decline/articleshow/133527538.cms,Veer Sharma,2026-08-26T02:14:27Z,Red Sea shipping,"Brent crude futures were down $2.35, or 2.65%, at $86 a barrel, while U.S. West Texas Intermediate crude futures fell $1.94, or 2.36%, to $80.42. Both benchmarks had declined more than 3% on Tuesday.",The Times of India,Unknown,News,2026-09-01T16:14:30.198983Z
1b7a7b4b0806744d0c9365351201631e,Deep Sea Scientists Hunting a Shipwreck Accidentally Stumbled Across The Ocean's Own Backrooms,https://www.sciencealert.com/deep-sea-scientists-hunting-a-shipwreck-accidentally-stumbled-across-the-oceans-own-backrooms,Jess Cockerill,2026-08-25T19:00:00Z,Red Sea shipping,"Is there no corner of this Earth our junk does not reach?ScienceAlert stories are written, fact-checked, and edited by humans, never generated by AI. Don't miss a story, subscribe here.",ScienceAlert,Unknown,News,2026-09-01T16:14:30.199057Z
4a202c568944230ec673c649ff60d217,"‘This is obviously a very, very lucrative business for them’: Somali pirates are back—the Iran war is keeping the US too busy to stop them",https://fortune.com/2026/08/25/somali-pirate-profiteers-lucrative-business-iran-war/,Joshua Hong,2026-08-25T16:46:58Z,Red Sea shipping,"Brett Erickson, a managing principal at Obsidian Risk Advisors, says Somali pirates have a lower risk of American retaliation because of resources in the Middle East.",Fortune,USA,Market Report,2026-09-01T16:14:30.199080Z
3cbefd24e3b8a769dc7040497dbb253c,Sanctions or missiles? Why Gulf may not relish Trump’s new Iran approach,https://www.aljazeera.com/news/2026/8/25/sanctions-or-missiles-why-gulf-may-not-relish-trumps-new-iran-approach,Caolán Magee,2026-08-25T16:39:24Z,Red Sea shipping,"As Washington pressures Tehran, Gulf states weigh sanctions against the risk of escalation.",Al Jazeera English,Unknown,News,2026-09-01T16:14:30.199117Z
352fe1219cd892091f273f03a1f207d1,IMO Sounds Alarm as Somali Pirates Hold More Than 90 Seafarers,https://gcaptain.com/imo-sounds-alarm-as-somali-pirates-hold-more-than-90-seafarers/,Mike Schuler,2026-08-25T16:11:45Z,Red Sea shipping,"The International Maritime Organization is calling for urgent action against a resurgence of piracy in the Gulf of Aden, where six merchant ships and more than 90 seafarers are now...",gcaptain.com,Global,Market Report,2026-09-01T16:14:30.199152Z
ccf63fcacb9d0c6f2677e6366d40d292,Oil Prices Fall as Iran Negotiation Hopes Return,https://oilprice.com/Energy/Crude-Oil/Oil-Prices-Fall-as-Iran-Negotiation-Hopes-Return.html,Tom Kool,2026-08-25T15:53:00Z,Red Sea shipping,"U.S. sanctions pressure on Iran intensifies, but Pakistani mediation hopes push Brent back to $89. US Blockade Leaves Iran’s Oil Trade on Borrowed Time - The announcement of the Trump administration’s ‘Economic D-Day’ sanctions on Iran coincides with an overa…",OilPrice.com,Unknown,Market Report,2026-09-01T16:14:30.199198Z
cc548de99bcf500c49fe5a72dc73ccc9,Iran vows to retaliate after US widens sanctions,https://www.irishtimes.com/world/middle-east/2026/08/25/iran-vows-to-retaliate-after-us-widens-sanctions/,,2026-08-25T09:14:08Z,Red Sea shipping,US threatens Iran’s trading partners but makes no mention of China,The Irish Times,China,Market Report,2026-09-01T16:14:30.199375Z
52c98110a58551a47b2384cc6c7a161a,Tracking a Sanctioned Russian Vessel’s West African Odyssey,https://www.bellingcat.com/news/africa/2026/08/25/patria-sanctioned-russian-vessel-russia-us-africa-cameroon-gabon-lagos-nigeria/,Bellingcat Investigation Team,2026-08-25T08:52:50Z,Red Sea shipping,"A sanctioned vessel that was previously reported to have transported weapons destined for Russian mercenaries has been traversing ports on the west coast of Africa since March, exhibiting what experts told Bellingcat  was an unusual set of movements and behav…",Bellingcat.com,Russia,Market Report,2026-09-01T16:14:30.199405Z
ce03ad4dbe1135484b55466bc70503e2,"Higher crude oil prices risk demand destruction, says Mirae Asset Sharekhan",https://www.business-standard.com/markets/news/higher-crude-oil-prices-risk-demand-destruction-says-mirae-asset-sharekhan-126082500640_1.html,Mohammed Imran,2026-08-25T08:42:14Z,Red Sea shipping,The main source of uncertainty remains the US-Iran standoff and the continuing disruption around the Strait of Hormuz.,Business Standard,Unknown,Market Report,2026-09-01T16:14:30.199437Z
670d6c932892a37319e4ef587994c15d,Oil steadies as US plan offers little clarity on Hormuz deadlock,https://www.irishtimes.com/business/2026/08/25/oil-steadies-as-us-plan-offers-little-clarity-on-hormuz-deadlock/,Nicholas Lua,2026-08-25T05:56:37Z,Red Sea shipping,Countries will face a specific timeline to shut down links with Iran,The Irish Times,Unknown,News,2026-09-01T16:14:30.199534Z
cf3ba37bc9c3e7c2b165f8be35f9e6bb,Iran war disrupts nearly half of global oil flows as Strait of Hormuz traffic collapses,https://cryptobriefing.com/iran-war-disrupts-global-oil-flows/,Editorial Team,2026-08-25T05:16:51Z,Red Sea shipping,"The disruption in oil flows exacerbates global inflation, challenges central banks, and shifts energy market dynamics, impacting economies worldwide.
The post Iran war disrupts nearly half of global oil flows as Strait of Hormuz traffic collapses appeared fir…",Crypto Briefing,Global,Market Report,2026-09-01T16:14:30.199579Z
62da9993b10bc271ca200c730df9182b,"France, Saudi Arabia agree on $7bn theme park project near Paris",https://www.aljazeera.com/news/2026/8/25/france-saudi-arabia-agree-on-7bn-theme-park-project-near-paris,Al Jazeera Staff,2026-08-25T04:38:20Z,Red Sea shipping,"Theme park project is among a raft of deals spanning energy, defence, AI and tourism signed during MBS's visit to Paris.",Al Jazeera English,Unknown,News,2026-09-01T16:14:30.199612Z
e03e09e28707b5d80149b8c538eddb6e,Oil Price Today (August 25): Crude oil at $92 as investors digest US economic sanctions on Iran. What’s next for investors?,https://economictimes.indiatimes.com/markets/commodities/news/oil-price-today-august-25-crude-oil-at-92-as-investors-digest-us-economic-sanctions-on-iran-whats-next-for-investors/articleshow/133487237.cms,Veer Sharma,2026-08-25T02:08:39Z,Red Sea shipping,"Brent crude futures were up 6 cents, or 0.1%, at $92.16 a barrel, while U.S. West Texas Intermediate crude was up 15 cents at $85.12. Both contracts fell more than 2% on Monday, with U.S. crude touching a one-week low as investors took profits following a ral…",The Times of India,Unknown,News,2026-09-01T16:14:30.199670Z
6ce23de9ba9174898ffe335403118674,Georgia approves fuel waiver. What are the current gas prices?,https://biztoc.com/x/e4f6e84418369e22,yahoo.com,2026-08-31T16:14:21Z,Strait of Hormuz,"Conflict in Iran and regular interruptions in traffic through the Strait of Hormuz continues to affect gas prices. Luckily, prices have started to recently decrease, and federal action may help further mitigate the impact.
On Thursday, Georgia Agriculture ann…",Biztoc.com,Unknown,Market Report,2026-09-01T16:14:30.541145Z
5ae21df410606d1af58e7014495daac0,Oil Prices Jump Above $90 As U.S. and Iran Trade Strikes. Is $100 Next?,https://biztoc.com/x/4afedbe25ad7e486,finance.yahoo.com,2026-08-31T16:13:59Z,Strait of Hormuz,"Quick Read
- Brent crude surged 3.5% to $91 and WTI jumped 3.7% to $86 after U.S. forces struck Iranian missile launchers near the Strait of Hormuz.
- With no active diplomatic talks and the June negotiation framework expired, Strait traffic has already dropp…",Biztoc.com,Unknown,Market Report,2026-09-01T16:14:30.541209Z
c4b42a25228d942b61620b196e19cead,Scott Bessent huddles with G20 to try to rally allies on Iran as tariffs strain ties,https://economictimes.indiatimes.com/news/international/world-news/scott-bessent-huddles-with-g20-to-try-to-rally-allies-on-iran-as-tariffs-strain-ties/articleshow/133657717.cms,AP,2026-08-31T16:10:21Z,Strait of Hormuz,US Treasury Secretary Scott Bessent is meeting with global finance ministers in Asheville this week.  He aims to focus discussions on economic growth and managing international debt burdens.  The meetings occur as the US escalates sanctions against Iran and f…,The Times of India,Global,News,2026-09-01T16:14:30.541317Z
a75eeaa04986db3269a35486e3bafdbc,Trump’s Venezuela Deal Leaves $100 Billion Question Unanswered,https://finance.yahoo.com/energy/articles/trump-venezuela-deal-leaves-100-155334143.html,Mie Dahl,2026-08-31T15:53:34Z,Strait of Hormuz,President Donald Trump is framing the deal for a US stake in 65 billion barrels of Venezuelan oil as a victory that will lower gasoline prices and replenish...,Yahoo Entertainment,Unknown,Market Report,2026-09-01T16:14:30.541402Z
33f8fbfdba40d1549e04ae2d7b0bf8cf,Oil Prices Jump Above $90 As U.S. and Iran Trade Strikes. Is $100 Next?,https://247wallst.com/investing/2026/08/31/oil-prices-jump-above-90-as-u-s-and-iran-trade-strikes-is-100-next/,Rich Duprey,2026-08-31T15:53:02Z,Strait of Hormuz,"Fresh strikes between U.S. and Iranian forces have crude surging past $90, but the real question for oil investors is not what happened this morning. It is w...",24/7 Wall St.,Unknown,Market Report,2026-09-01T16:14:30.541438Z
c0121821d4f958edaa157aa8dfa1c1a7,The anatomy of US public debt,https://www.thehindubusinessline.com/opinion/the-anatomy-of-us-public-debt/article71411906.ece,CP Chandrasekhar & Jayati Ghosh,2026-08-31T15:51:33Z,Strait of Hormuz,US government debt shows no signs of reversal. The only option is the one Trump abhors — raising taxes,BusinessLine,Unknown,News,2026-09-01T16:14:30.541473Z
7a8e233268c62ddd79ad2f773c0c85cf,US and Iran trade strikes for first time in weeks,https://www.bbc.co.uk/news/videos/cwyzw0el1lpo,,2026-08-31T15:50:00Z,Strait of Hormuz,Iran and the US have traded strikes after American forces attacked two rocket launchers on Larak Island in the Strait of Hormuz.,BBC News,USA,News,2026-09-01T16:14:30.541549Z
7e34e5dadf4945c5c20a33a7d4487eb1,The dreaded 'N' word is back again as Trump runs out of Iran options,https://economictimes.indiatimes.com/news/defence/the-dreaded-n-word-is-back-again-as-trump-runs-out-of-iran-options/articleshow/133657292.cms,ET Online,2026-08-31T15:48:58Z,Strait of Hormuz,Recent US and Iran military exchanges have revived discussions about a nuclear option.  These attacks follow a period of relative calm and highlight a strategic stalemate.  Former officials have raised concerns about limited conventional choices available to …,The Times of India,Unknown,News,2026-09-01T16:14:30.541603Z
1df6d9fe2d18490d6de8c257f886602c,Tesla Stock Rises Nearly 5 Percent as Optimus Robot Enters Production at Fremont Factory This Week Today,https://www.ibtimes.com.au/tesla-stock-surges-optimus-robot-production-1874801,Tony Jackson,2026-08-31T15:46:15Z,Strait of Hormuz,"Tesla shares rose nearly 5% as the company announced the production of its Optimus humanoid robot, highlighting its robotics ambitions amid a declining broader market and ongoing macroeconomic challenges.",Ibtimes.com.au,Unknown,Market Report,2026-09-01T16:14:30.541643Z
b8912aa0251b0ec7e96a846567ecc1a8,Ukraine says its strikes on oil refineries have forced Russia to start importing jet fuel for its warplanes,https://www.businessinsider.com/ukraine-says-hits-russis-oil-facilities-forcing-jet-fuel-imports-2026-8#article,Sinéad Baker,2026-08-31T15:44:45Z,Strait of Hormuz,"Ukraine has been conducting a long-range strike campaign, hitting Russia's oil and gas facilities to try to hurt its economy and war effort.",Business Insider,Russia,News,2026-09-01T16:14:30.541670Z
07529033d6a54e9cf5bc045b58b8f2f0,Ukraine says its strikes on oil refineries have forced Russia to start importing jet fuel for its warplanes,https://www.businessinsider.com/ukraine-says-hits-russis-oil-facilities-forcing-jet-fuel-imports-2026-8,Sinéad Baker,2026-08-31T15:44:45Z,Strait of Hormuz,"Ukraine has been conducting a long-range strike campaign, hitting Russia's oil and gas facilities to try to hurt its economy and war effort.",Business Insider,Russia,News,2026-09-01T16:14:30.541685Z
0ecd51213e9b8fb85d2572402844b2d7,The USS “Lincoln” Is Part of a Long History of Naval Mistreatment,https://www.thenation.com/article/politics/the-u-s-s-lincoln-is-part-of-a-long-history-of-naval-mistreatment/,Jasper Craven,2026-08-31T15:28:28Z,Strait of Hormuz,"Jasper Craven



The ship has been out to sea for the longest stretch of time without a port call in modern history. Effects on physical and mental health are dire.




The post The USS “Lincoln” Is Part of a Long History of Naval Mistreatment appeared firs…",Thenation.com,Unknown,News,2026-09-01T16:14:30.541738Z
591ebf9e5b31605e37720b039920fc6c,Watch: Trump Posts A.I. Video of Iran’s Kharg Island ‘Blown to Smithereens’,https://www.breitbart.com/middle-east/2026/08/31/watch-trump-posts-a-i-video-of-irans-kharg-island-blown-to-smithereens/,John Hayward,2026-08-31T15:25:43Z,Strait of Hormuz,"President Donald Trump on Sunday posted a ten-second A.I.-generated video of Iran’s Kharg Island oil terminal being “blown to smithereens,” as he put it, shortly after the first U.S. airstrikes against Iran in a month. None of the actual strikes was confirmed…",Breitbart News,Unknown,News,2026-09-01T16:14:30.541796Z
19d5e6616bf88c6065d7456180630222,Trump threatens to blow Kharg Island 'to smithereens' after Iran hits US airbases in Jordan,https://freerepublic.com/focus/f-news/4393754/posts,Human Events,2026-08-31T15:18:58Z,Strait of Hormuz,"President Donald Trump has threatened to blow up Kharg Island to ""smithereens"" after Iran attacked two US bases in Jordan following a US strike on two launchers on Iran's Larak Island in the Strait of Hormuz. ~snip~ In another post on Monday, the president sa…",Freerepublic.com,Unknown,News,2026-09-01T16:14:30.541851Z
b997e7be7c0f795ba85791413c694712,California had 2.34 million acres covered by a toxic yellow weed until tiny Australian beetles fought back and reduced it by 99% within a decade,https://timesofindia.indiatimes.com/science/california-had-2-34-million-acres-covered-by-a-toxic-yellow-weed-until-tiny-australian-beetles-fought-back-and-reduced-it-by-99-within-a-decade/articleshow/133656691.cms,TOI Science Desk,2026-08-31T15:16:57Z,Strait of Hormuz,"Science News: For years, St. John’s wort was treated as a useful medicinal plant in parts of Europe. In northern California, its reputation became very different. T.",The Times of India,Australia,News,2026-09-01T16:14:30.541875Z
2d786d19a96bb0211bdd34ee090a992d,Abu Dhabi National Oil Co. restores full capacity at major refinery after Iranian attacks disrupted UAE energy sector,https://cryptobriefing.com/adnoc-restores-refinery-capacity-uae-recovery/,Editorial Team,2026-08-31T15:14:29Z,Strait of Hormuz,"The restoration highlights resilience but underscores ongoing regional instability, impacting global energy markets and price volatility.
The post Abu Dhabi National Oil Co. restores full capacity at major refinery after Iranian attacks disrupted UAE energy s…",Crypto Briefing,Global,Market Report,2026-09-01T16:14:30.541925Z
2dc9e427a0cae3cbe6a9abf14b5221d7,Live Updates: U.S. strikes Iran for first time in weeks as 6-month war reignites over Strait of Hormuz - CBS News,https://slashdot.org/firehose.pl?op=view&amp;id=185322920,feedfeeder,2026-08-31T15:14:00Z,Strait of Hormuz,"Live Updates: U.S. strikes Iran for first time in weeks as 6-month war reignites over Strait of HormuzCBS News Retaliation on Kharg Island weighed as US-Iran hostilies reigniteFox News Iran still wants negotiated end to war, president says after exchanges of …",Slashdot.org,Unknown,News,2026-09-01T16:14:30.541980Z
84381ebfd7dc474f0c1f33106a99a187,"Trump says Iran is ‘dead’, vows to respond after renewed clashes",https://www.aljazeera.com/news/2026/8/31/trump-says-iran-is-dead-vows-to-respond-after-renewed-clashes,Al Jazeera Staff,2026-08-31T15:11:15Z,Strait of Hormuz,US president promises to hit Iran and calls for the country's leaders to be prosecuted for killing protesters.,Al Jazeera English,Unknown,News,2026-09-01T16:14:30.542015Z
2df7f57186e19233d7782072cd39e0f6,PG&E Falls on Liability Bill; Nvidia Rises on Chip Investment | Stock Movers,https://finance.yahoo.com/video/pg-e-falls-liability-bill-150555562.html,Bloomberg,2026-08-31T15:05:55Z,Strait of Hormuz,On this episode of Stock Movers: - PG&E (PGE) are extending their downward move as California legislators introduced a bill that would update the state's wi...,Yahoo Entertainment,Unknown,News,2026-09-01T16:14:30.542051Z
be8fb40266ca3314f4ca2b36aded68e0,Death toll rises to three from US military strike on Iran’s Larak Island,https://cryptobriefing.com/us-strike-iran-larak-island-death-toll/,Editorial Team,2026-08-31T15:03:55Z,Strait of Hormuz,"Escalating tensions in the Strait of Hormuz could disrupt global oil supply, heightening geopolitical instability and economic uncertainty.
The post Death toll rises to three from US military strike on Iran’s Larak Island appeared first on Crypto Briefing.",Crypto Briefing,Global,News,2026-09-01T16:14:30.542107Z
eed95b3fd9f147bcf63f591ab6afe45e,US military strike on Iran’s Larak Island raises death toll to three,https://cryptobriefing.com/us-military-strike-on-irans-larak-island-raises-death-toll-to-three/,Estefano Gomez,2026-08-31T15:03:15Z,Strait of Hormuz,"Escalating U.S.-Iran tensions in the Strait of Hormuz could disrupt global oil markets, shifting focus from diplomacy to military conflict.
The post US military strike on Iran’s Larak Island raises death toll to three appeared first on Crypto Briefing.",Crypto Briefing,Global,Market Report,2026-09-01T16:14:30.542152Z
f81f1c3a4649b3f2e701e0dedbf7c125,German inflation rises with energy costs as US-Iran war drags on,https://www.thelocal.de/20260831/german-inflation-rises-with-energy-costs-as-us-iran-war-drags-on,AFP,2026-08-31T14:54:52Z,Strait of Hormuz,"German inflation accelerated again in August as the Iran war stoked energy costs, official data showed Monday, fuelling expectations the European Central Bank would raise interest rates next month.",The Local Germany,Germany,Market Report,2026-09-01T16:14:30.542219Z
a5a9a65ae86b4d6dfd893e7477096b92,Amazon Stock Falls More Than 2 Percent as Renewed US Iran Clash Sends Oil Prices Surging,https://www.ibtimes.com.au/amazon-shares-dip-us-iran-tensions-oil-prices-1874797,Tony Jackson,2026-08-31T14:53:53Z,Strait of Hormuz,"Amazon shares fell over 2% amid U.S.-Iran tensions and rising oil prices, impacting the company's logistics costs. Despite recent declines, analysts maintain a positive outlook on Amazon's long-term growth.",Ibtimes.com.au,Unknown,Analysis/Opinion,2026-09-01T16:14:30.542254Z
b267df25aa37c422c4dbf2952fda96fc,Dow Falls as Renewed US Strikes on Iran Near the Strait of Hormuz Rattle Wall Street to Close August,https://www.ibtimes.com.au/dow-jones-dips-us-iran-tensions-oil-prices-1874796,Tony Jackson,2026-08-31T14:41:18Z,Strait of Hormuz,"The Dow Jones fell as U.S.-Iran tensions resurfaced, impacting oil prices and inflation concerns. Despite this, major indexes are set to post gains for August amid market volatility.",Ibtimes.com.au,Unknown,Market Report,2026-09-01T16:14:30.542332Z
972bc4e9c331dde9e3ce2424a79288b6,Iran Dismisses Trump Claim of Kharg Attack as Hostilities Return,https://oilprice.com/Latest-Energy-News/World-News/Iran-Dismisses-Trump-Claim-of-Kharg-Attack-as-Hostilities-Return.html,Charles Kennedy,2026-08-31T14:30:00Z,Strait of Hormuz,"Iran on Monday dismissed as “laughable” a Truth Social AI-generated post by U.S. President Donald Trump that the key Iranian oil export hub of Kharg Island is “being blown to smithereens”, as tensions in the Middle East boiled up again with U.S. attacks and I…",OilPrice.com,Unknown,News,2026-09-01T16:14:30.542385Z
ef5d2bf47c384ad062b39d84073a5a82,US and Iran Exchange Attacks for First Time in a Month,https://biztoc.com/x/2e05ab1469d4f0d9,youtube.com,2026-08-31T14:24:33Z,Strait of Hormuz,The US and Iran exchanged strikes for the first time in about a month as American forces hit an island in the Strait of Hormuz and the Islamic Republic responded by launching attacks on the United Arab Emirates and Jordan. #trump #iran #news #usa #politics #w…,Biztoc.com,USA,Market Report,2026-09-01T16:14:30.542409Z
972b17c689a28d76932d3cd541a57417,Qatar condemns Iranian missile and drone attacks on Jordan and UAE as Gulf tensions spike,https://cryptobriefing.com/qatar-condemns-iran-missile-drone-attacks-jordan-uae/,Editorial Team,2026-08-31T14:20:57Z,Strait of Hormuz,"Qatar's condemnation highlights the escalating regional instability and underscores the urgent need for diplomatic engagement to prevent further conflict.
The post Qatar condemns Iranian missile and drone attacks on Jordan and UAE as Gulf tensions spike appea…",Crypto Briefing,Unknown,News,2026-09-01T16:14:30.542465Z
4e6e9550f4167b2aea473867eba11a66,"Scott Bessent Emphasizes Back to Basics, Iran Sanctions at G20 Finance Opening",https://www.breitbart.com/politics/2026/08/31/scott-bessent-emphasizes-back-to-basics-iran-sanctions-at-g20-finance-opening/,Matt Mercer,2026-08-31T14:19:40Z,Strait of Hormuz,"U.S. Treasury Secretary Scott Bessent told reporters the G20 was getting back to basics ahead of a full day of meetings at the G20 Finance Minsters meeting in Asheville, NC taking place Monday and Tuesday.
The post Scott Bessent Emphasizes Back to Basics, Ira…",Breitbart News,Unknown,Market Report,2026-09-01T16:14:30.542516Z
b88428430816ded9aee3495696916c04,Iran warns of harsher response to future US attacks amid 2026 conflict,https://cryptobriefing.com/iran-warns-of-harsher-response-to-future-us-attacks-amid-2026-conflict/,Estefano Gomez,2026-08-31T14:03:18Z,Strait of Hormuz,"Iran's warning heightens geopolitical tensions, complicating diplomatic resolutions and impacting global oil markets amid ongoing conflict.
The post Iran warns of harsher response to future US attacks amid 2026 conflict appeared first on Crypto Briefing.",Crypto Briefing,Global,Market Report,2026-09-01T16:14:30.542554Z
8f4f631748304744d1d8e80088c3fb85,Oil prices jump 3% to over $90 after US-Iran exchange strikes for first time in a month,https://nypost.com/2026/08/31/business/oil-prices-jump-3-to-over-90-after-us-iran-fire-strikes-for-first-time-in-a-month/,Taylor Herzlich,2026-08-31T13:59:16Z,Strait of Hormuz,"Tanker traffic through the Strait of Hormuz has been severely disrupted amid the Middle East conflict, which recently hit the six-month mark.",New York Post,Unknown,Market Report,2026-09-01T16:14:30.542588Z
de2938f338c3d1daa8f31beb4e555a8c,Trump Declares Iran a 'Failed Nation': 'Leadership Is In Total Disarray',https://www.breitbart.com/politics/2026/08/31/trump-declares-iran-a-failed-nation-leadership-is-in-total-disarray/,Elizabeth Weibel,2026-08-31T13:56:33Z,Strait of Hormuz,"President Donald Trump declared Iran to be a ""Failed Nation"" and continued to criticize Iranian leadership for being ""in total disarray"" and being ""incapable"" of representing Iranian citizens.
The post Trump Declares Iran a ‘Failed Nation’: ‘Leadership Is In …",Breitbart News,Unknown,News,2026-09-01T16:14:30.542642Z
4ac521626a3fe0661f22c7a34ab563b6,CENTCOM denies IRGC tanker mine claim,https://biztoc.com/x/f995b4ea6eaa6f7b,breakingthenews.net,2026-08-31T13:39:15Z,Strait of Hormuz,"United States Central Command (CENTCOM) said on Monday that Iran's Islamic Revolutionary Guard Corps' (IRGC) claim that a ""supertanker passing through the southern route of the Strait of Hormuz struck...",Biztoc.com,USA,News,2026-09-01T16:14:30.542741Z
dc254de2040413b9e5f3bd566b02ad10,Iran says two killed in US strikes on island in Strait of Hormuz,https://www.abc.net.au/news/2026-08-31/iran-says-two-killed-in-us-strikes-in-larak-island-strike/107100108,,2026-08-31T13:33:00Z,Strait of Hormuz,"It comes as the United Arab Emirates said it intercepted an Iranian drone over its waters , an attack that followed US and Iran trading strikes over the weekend —  the first time in a month.",ABC News (AU),Unknown,Market Report,2026-09-01T16:14:30.542781Z
84958a52164c75a7f919b589206a4fb9,Marandi warns of ‘different’ and ‘very painful’ response to US strikes (VIDEO),https://www.rt.com/news/644900-iran-us-attack-response-marandi/,RT,2026-08-31T13:25:15Z,Strait of Hormuz,"Iran could target both military and economic assets in response to renewed US strikes, Professor Seyed Mohammad Marandi has told RT Read Full Article at RT.com",RT,Unknown,News,2026-09-01T16:14:30.542866Z
aa36eb582be989d7c67c0409ca6ff1ac,QatarEnergy extends LNG cancellations into November as Hormuz disruption drags on,https://biztoc.com/x/56730bbd09c537da,euronews.com,2026-08-31T13:23:41Z,Strait of Hormuz,"QatarEnergy’s latest cancellations run into early November. Buyers in Europe and Asia are finding replacement cargoes, switching to other fuels or using less gas, while no one knows when LNG shipping through the Strait of Hormuz will return to normal.",Biztoc.com,Unknown,News,2026-09-01T16:14:30.542918Z
1349e4d90a5c5393b55d0d41b4f3d11f,‘A good line of BULLSH**’: Watch Trump tease explosive retaliation on Kharg Island after Iran strikes U.S. bases in Jordan,https://www.wnd.com/2026/08/good-line-bullsh-watch-trump-tease-explosive-retaliation/,Joe Kovacs,2026-08-31T13:21:14Z,Strait of Hormuz,'They must be tried for war crimes against humanity!',Wnd.com,Unknown,News,2026-09-01T16:14:30.542957Z
f34d701e32331bbee31a41df84db40a6,Trump pledges to halve US energy prices in 12-18 months amid rising costs,https://cryptobriefing.com/trump-pledges-to-halve-us-energy-prices-in-12-18-months-amid-rising-costs/,Estefano Gomez,2026-08-31T13:11:56Z,Strait of Hormuz,"Trump's energy price pledge may reshape global oil markets, heighten geopolitical tensions, and influence U.S.-Iran relations significantly.
The post Trump pledges to halve US energy prices in 12-18 months amid rising costs appeared first on Crypto Briefing.",Crypto Briefing,Global,Market Report,2026-09-01T16:14:30.542995Z
9a424a8ce32864fa8e8d75ea0ade398c,"For more than four decades, George Divoky has worked from Cooper Island’s lone cabin; by 1989, the black guillemot colony he tracked had reached 200 breeding pairs",https://timesofindia.indiatimes.com/world/rest-of-world/for-nearly-11-cumulative-years-george-divoky-has-worked-from-cooper-islands-lone-cabin-by-1989-the-black-guillemot-colony-he-tracked-had-reached-200-breeding-pairs/articleshow/133651976.cms,TOI World Desk,2026-08-31T13:08:38Z,Strait of Hormuz,"For over thirty years, George Divoky meticulously studied the Arctic guillemot colony on Cooper Island, watching their population blossom from a mere ten pairs to an impressive two hundred. However, as rising Arctic temperatures led to vanishing sea ice, the …",The Times of India,Unknown,News,2026-09-01T16:14:30.543055Z
dbbfe3f894a1511465a22feb7052db1e,"In 1991, a private buyer turned 63.5-acre Cousine Island into a Seychelles nature reserve; monitoring has since recorded more than 900 nesting hawksbill turtles",https://timesofindia.indiatimes.com/world/rest-of-world/in-1991-a-private-buyer-turned-74-acre-cousine-island-into-a-seychelles-nature-reserve-monitoring-has-since-recorded-more-than-900-nesting-hawksbill-turtles/articleshow/133651986.cms,TOI World Desk,2026-08-31T13:00:51Z,Strait of Hormuz,"Since 1992, Cousine Island has served as a private haven dedicated to conservation efforts. Over 900 hawksbill turtles have been recorded since 1993, showcasing the island’s commitment to research. The monitoring program diligently observes nesting behaviors …",The Times of India,Unknown,News,2026-09-01T16:14:30.543114Z
ea3498c153bf922579545d11cb54639e,"Can Iran use rockets to mine the Strait of Hormuz, as US claims?",https://www.aljazeera.com/news/2026/8/31/can-iran-use-rockets-to-mine-the-strait-of-hormuz-as-us-claims,Al Jazeera Staff,2026-08-31T13:00:10Z,Strait of Hormuz,Analysts say it's implausible but Iran is well-versed in adapting conventional weapons to suit its needs.,Al Jazeera English,Unknown,News,2026-09-01T16:14:30.543149Z
39e09b4fedd8cc7cbf6ab9b1b64b8a5d,"In 1968–1969, Robert Redford acquired a Utah ski area and surrounding land amid development pressure; his family later placed 865 acres of wildlife habitat under permanent protection",https://timesofindia.indiatimes.com/world/us/in-1969-robert-redford-bought-a-utah-ski-area-threatened-by-development-his-family-later-placed-865-acres-of-critical-wildlife-habitat-under-permanent-protection/articleshow/133648419.cms,TOI World Desk,2026-08-31T12:58:10Z,Strait of Hormuz,"In the late 1960s, Robert Redford transformed Timp Haven in Utah's Provo Canyon into Sundance, emphasizing the dual focus on conservation and recreational activities. Over the years, the Redford family implemented essential conservation easements that safegua…",The Times of India,Unknown,News,2026-09-01T16:14:30.543216Z
70183bbbbba54abd216fbdd70628b7cb,Donald Trump vows strong US response to Iranian missile attack on forces in Jordan,https://cryptobriefing.com/trump-vows-response-iran-missile-attack/,Editorial Team,2026-08-31T12:57:44Z,Strait of Hormuz,"The escalating US-Iran tensions risk destabilizing the Middle East further, impacting global oil markets and regional geopolitical stability.
The post Donald Trump vows strong US response to Iranian missile attack on forces in Jordan appeared first on Crypto …",Crypto Briefing,Global,Market Report,2026-09-01T16:14:30.543309Z
e59cada77f1dd8e36d1c95cb806bf7eb,"G20 meetings, strikes on Iran, the 'alphabet soup' economy and more in Morning Squawk",https://www.cnbc.com/2026/08/31/5-things-to-know-before-the-stock-market-opens.html,Alex Harring,2026-08-31T12:56:43Z,Strait of Hormuz,Here are five key things investors need to know to start the trading day.,CNBC,Unknown,Market Report,2026-09-01T16:14:30.543339Z
23c6a344117dbe542a2647539542a2db,How Trump Is Trying to Keep His Iran War From Further Blowing Up in His Face,https://www.commondreams.org/opinion/trump-iran-war-midterm-elections,Trita Parsi,2026-08-31T12:56:28Z,Strait of Hormuz,"Despite the excitement around Donald Trump’s new sanctions and even the US strikes against the Iranian island of Larak just hours ago, much suggests that Trump is not seeking a dramatic ratcheting up of pressure on Iran. According to reports Sunday, the U.S. …",Common Dreams,Unknown,Market Report,2026-09-01T16:14:30.543387Z
1b1f169668d084d9cedf6b9940a1c73c,Trump says US will hit Iran with more attacks as conflict reignites,https://www.irishtimes.com/world/middle-east/2026/08/31/trump-says-us-will-hit-iran-with-more-attacks-as-conflict-reignites/,Steff Chávez in Washington,2026-08-31T12:55:54Z,Strait of Hormuz,First exchange of fire between two countries in more than a month sends oil prices rising 3%,The Irish Times,Unknown,Market Report,2026-09-01T16:14:30.543415Z
736624ce9c981391afc0acde5a0f1275,"Silver prices today, Monday, August 31, 2026: Silver opens lower as rate-hike expectations rise",https://finance.yahoo.com/personal-finance/investing/article/silver-prices-today-monday-august-31-2026-silver-opens-lower-as-rate-hike-expectations-rise-125201881.html,Tim Manni,2026-08-31T12:52:01Z,Strait of Hormuz,"Silver December futures opened at $66.80 per ounce on Monday, August 31, 2026, down 1.4% from Friday's closing price. Silver rose this morning, reaching $67....",Yahoo Entertainment,Unknown,Market Report,2026-09-01T16:14:30.543449Z
914ff586cd5f025fec9b7b373514a6ec,Dutch TTF natural gas price exceeds €70 for first time since January 2023,https://cryptobriefing.com/dutch-ttf-natural-gas-price-exceeds-70/,Editorial Team,2026-08-31T12:51:56Z,Strait of Hormuz,"Rising TTF gas prices signal potential economic strain for Europe, highlighting vulnerabilities in energy supply and geopolitical dependencies.
The post Dutch TTF natural gas price exceeds €70 for first time since January 2023 appeared first on Crypto Briefin…",Crypto Briefing,Unknown,Market Report,2026-09-01T16:14:30.543497Z
1bf32d14a0c1b4b8422685dc6758c70f,Delusional Trump Says He's 'Largely Taken Care Of Inflation',https://crooksandliars.com/2026/08/delusional-trump-says-hes-largely-taken,Heather,2026-08-31T12:45:51Z,Strait of Hormuz,"During a softball interview on Fox not ""news"" this Sunday, Trump once again proved he's living in some alternative reality.
Following yet anther unhinged rant during an hour long softball interview with former GOP Rep. turned Fox host Trey Gowdy, where he was…",Crooksandliars.com,Unknown,Analysis/Opinion,2026-09-01T16:14:30.543540Z
6efaa7ee0266772112c0076f12cb24b1,World shares are mixed and oil prices surge after US strike on Iranian rocket launchers,https://biztoc.com/x/7c3b0730468a1dcf,apnews.com,2026-08-31T12:39:07Z,Strait of Hormuz,"US futures fall and oil prices surge after US hits Iranian sites in the Strait of Hormuz
U.S. markets are sliding after American forces struck Iranian rocket launchers in the Strait of Hormuz, the first military action in a month.
The futures for the S&P 500 …",Biztoc.com,USA,Market Report,2026-09-01T16:14:30.543565Z
a0251599eaae866fd4275b8212066a4d,China's LNG Imports Set to Drop 18% in August as Prices Soar,https://oilprice.com/Latest-Energy-News/World-News/Chinas-LNG-Imports-Set-to-Drop-18-in-August-as-Prices-Soar.html,Tsvetana Paraskova,2026-08-31T12:30:00Z,Strait of Hormuz,"China’s liquefied natural gas imports are on track to slump by 18% in August from a year earlier, bucking a three-month-long trend of growing purchases this summer, as high LNG prices put off some price-sensitive industrial consumers, vessel-tracking data com…",OilPrice.com,China,Market Report,2026-09-01T16:14:30.543580Z
dbb942f1decec57f289ec3fc924e4cb3,Trump calls for leaders of ‘failed nation’ Iran to be tried for ‘war crimes against humanity’ after latest US strikes,https://nypost.com/2026/08/31/world-news/trump-calls-for-leaders-of-failed-nation-iran-to-be-tried-for-war-crimes-against-humanity/,Ryan King,2026-08-31T12:28:07Z,Strait of Hormuz,"President Trump publicly called Monday for Iran's leaders to be prosecuted for ""war crimes against humanity"" after trashing the Islamic Republic as a ""failed nation.""",New York Post,Unknown,News,2026-09-01T16:14:30.543627Z
2cd1188743f5d6386f63fa3d9dc8531a,Pete Hegseth rocked by secret Pentagon revolt as generals break ranks on Iran war with chilling US homeland warning,https://www.dailymail.com/news/article-16092935/Pete-Hegseth-rocked-secret-Pentagon-revolt-generals-break-ranks-Iran-war-chilling-US-homeland-warning.html,Phillip Nieto,2026-08-31T12:06:03Z,Strait of Hormuz,"US ships, aircraft and other equipment have been pulled from around the world to sustain the Iran war, limiting missions and disrupting military training across three continents.",Dailymail.com,Unknown,News,2026-09-01T16:14:30.543671Z
1a89ce8b15d57fbffd7a54e78a095bad,Putin-Modi meeting at SCO: Can Russia-India ties hold?,https://www.dw.com/en/putin-and-modi-meet-at-sco-summit-as-us-pressure-grows-on-russia-and-india/a-78575121,Murali Krishnan,2026-08-31T12:02:00Z,Strait of Hormuz,Indian Prime Minister Modi and Russian President Putin are at the Shanghai Cooperation Organisation (SCO) summit in Kyrgyzstan as Moscow and New Delhi face rising tensions with Washington.,DW (English),China,News,2026-09-01T16:14:30.543688Z
dc6896e482f3ce7b48e42d0e73033ac6,INR pares initial losses and settles higher,https://www.business-standard.com/markets/capital-market-news/inr-pares-initial-losses-and-settles-higher-126083100905_1.html,Capital Market,2026-08-31T12:01:01Z,Strait of Hormuz,"The Indian rupee pared initial losses and settled for the day with gains of 26 paise at 95.17 (provisional) against the US dollar on Monday, on possible RBI intervention, as rising crude oil prices and geopolitical strain weighed on the local unit. At the int…",Business Standard,India,Market Report,2026-09-01T16:14:30.543742Z
8305a33b238f682f6ece73f76011d90c,"Here Are Monday’s Top Wall Street Analyst Research Calls: AGCO Corporation, Deere & Co., Edison International, Lumentum Holdings, PG&E, Sempra Energy, STAG Industrial, Ticketplus, and More",https://247wallst.com/investing/2026/08/31/here-are-mondays-top-wall-street-analyst-research-calls-agco-corporation-deere-co-edison-international-lumentum-holdings-pge-sempra-energy-stag-industrial-ticketplus-and-more/,Lee Jackson,2026-08-31T11:56:22Z,Strait of Hormuz,"Rate hike fears rattled markets heading into the Labor Day weekend, and Wall Street analysts responded with a flurry of bold calls on utilities, farm equipme...",24/7 Wall St.,Global,Market Report,2026-09-01T16:14:30.543790Z
dbf46190a868a366d18ac208c9670b08,Brent crude oil tops $90 after U.S. strikes Iran,https://biztoc.com/x/597284564639ee50,finance.yahoo.com,2026-08-31T11:55:14Z,Strait of Hormuz,"Brent crude climbed back above $90 a barrel on Monday after U.S. forces struck Iranian positions for the first time in roughly a month, reigniting supply fears tied to the Strait of Hormuz. Brent futures climbed 3.4% to $91.09 a barrel, with WTI matching that…",Biztoc.com,Unknown,News,2026-09-01T16:14:30.543838Z
af0ee51910f3492b810a21a8cc93b962,Whiskey Pete Is In Over His Head As US Military Turns On Him Over Iran War,https://crooksandliars.com/2026/08/pentagon-pete-over-his-head-us-military,Andrea Thompson,2026-08-31T11:51:33Z,Strait of Hormuz,"President Trump's war with Iran, which was supposed to be over within a matter of a few weeks, has now raged full force into its sixth month with absolutely no conceivable end in sight, and the US military has had enough. 
According to a bombshell new report …",Crooksandliars.com,Unknown,Market Report,2026-09-01T16:14:30.543885Z
3a4a51be4093b9850f1eb20c97d061b7,Iran targets US allies in overnight attacks after American strikes,https://cryptobriefing.com/iran-targets-us-allies-overnight-attacks/,Editorial Team,2026-08-31T11:48:18Z,Strait of Hormuz,"The escalating US-Iran conflict risks destabilizing Gulf alliances and threatens global energy markets via the strategic Strait of Hormuz.
The post Iran targets US allies in overnight attacks after American strikes appeared first on Crypto Briefing.",Crypto Briefing,USA,Market Report,2026-09-01T16:14:30.543904Z
e2f5676a32e656d26d0a9e8e6768f016,Modi-Putin meeting at SCO: Can India-Russia ties hold?,https://www.dw.com/en/modi-putin-meeting-at-sco-can-india-russia-ties-hold/a-78575121,Murali Krishnan,2026-08-31T11:47:00Z,Strait of Hormuz,"Indian PM Modi meets Russia's President Putin at the SCO summit in Bishkek as Moscow and New Delhi face rising tensions with Washington — Russia over war-related sanctions, and India over its energy and trade choices.",DW (English),India,News,2026-09-01T16:14:30.543930Z
fa7dfd8d068e19f767b4d2a43a1d68ad,Oil Prices Surge After U.S. Strike On Iranian Rocket Launchers,https://www.huffpost.com/entry/iran-oil-prices-us-strike_n_6a9565e9e4b00d32fd4e7727,HuffPost,2026-08-31T11:39:00Z,Strait of Hormuz,"Oil prices jumped more than 3% after U.S. forces struck Iranian rocket launchers on the Strait of Hormuz, marking their first military action in a month.",HuffPost,Unknown,Market Report,2026-09-01T16:14:30.544014Z
d2803dffdf673ad631b12ab8f6997c6f,"Stock market today: Dow, S&P 500, Nasdaq futures fall as US strikes Iran, rate-hike bets jump",https://finance.yahoo.com/markets/live/stock-market-today-monday-august-31-dow-sp-500-nasdaq-113851714.html,Grace O'Donnell,2026-08-31T11:38:51Z,Strait of Hormuz,Traders increased bets of a Fed rate hike following Kevin Warsh's speech on Friday and a flare-up in Middle East hostilities.,Yahoo Entertainment,Unknown,Market Report,2026-09-01T16:14:30.544045Z
34740ae2b706b4b15716bdc63ebf4515,Modi talks trade with Iranian president on SCO summit sidelines,https://www.rt.com/india/644898-modi-pezeshkian-sco-bishkek/,RT,2026-08-31T11:35:15Z,Strait of Hormuz,Indian PM Narendra Modi discussed trade and the safety of seafarers with Iranian President Masoud Pezeshkian on the sidelines of the SCO summit as the Middle East conflict flared up again,RT,India,News,2026-09-01T16:14:30.544066Z
8d1605829072befb7290d25e0932c135,"Benchmarks end lower as US-Iran tensions, crude prices weigh",https://www.business-standard.com/markets/capital-market-news/benchmarks-end-lower-as-us-iran-tensions-crude-prices-weigh-126083100862_1.html,Capital Market,2026-08-31T11:34:09Z,Strait of Hormuz,"Key equity benchmarks ended lower on Monday, with the Nifty slipping below 24,100 as renewed US-Iran tensions, higher crude oil prices and weak global cues weighed on sentiment. The selloff was broad-based, although private bank and healthcare stocks provided…",Business Standard,Global,Market Report,2026-09-01T16:14:30.544109Z
804130e22fb7cccbcddd5a10cb93ecdc,US threatens Iran with ‘financial violence’,https://www.rt.com/news/644892-us-financial-violence-iran-sanctions/,RT,2026-08-31T11:30:14Z,Strait of Hormuz,"The US has threatened Iran with “financial violence” as Washington prepares weekly secondary sanctions targeting banks, Scott Bessent says Read Full Article at RT.com",RT,Unknown,Market Report,2026-09-01T16:14:30.544149Z
2b6fb211cc2a7ad3c5ff70317d7cf1b6,US Forces Strike Iranian Missile Launchers Near Strait of Hormuz,https://www.today.com/video/us-forces-strike-iranian-missile-launchers-near-strait-of-hormuz-269089861978,TODAY,2026-08-31T11:30:09Z,Strait of Hormuz,"The United States and Iran are trading attacks for the first time in weeks, just days after the war reached the six-month mark. US CENTCOM says it struck Larak Island where missile launchers were preparing to deploy mines into the Strait of Hormuz. NBC’s Matt…",TODAY,USA,Market Report,2026-09-01T16:14:30.544174Z
908acceecc1a798758c2ef0f2ed4d048,UAE intercepts drone after US and Iran exchange attacks,https://www.aljazeera.com/news/2026/8/31/uae-intercepts-drone-after-us-and-iran-exchange-attacks,Al Jazeera Staff,2026-08-31T11:25:43Z,Strait of Hormuz,The UAE says it intercepted a drone coming from Iran and rejected 'false' reports of an attack on its Al Menhad airbase.,Al Jazeera English,Unknown,Market Report,2026-09-01T16:14:30.544242Z
7530c0fcec9cfc22e96db7364c1c0947,"Iran, US trade fire in first exchange for a month",https://www.hurriyetdailynews.com/iran-us-trade-fire-in-first-exchange-for-a-month-226274,hurriyetdailynews.com,2026-08-31T11:16:27Z,Strait of Hormuz,"Iran attacked U.S. military targets in the Middle East on Aug. 31 in retaliation for American strikes on an island in the Strait of Hormuz, the first exchange of fire for a month in a war that has engulfed the region.",Hurriyet Daily News,USA,News,2026-09-01T16:14:30.544373Z
189a14e795e89e73edac2266033843a8,Trump Questions Why US Should ‘Help’ South Korea After Iran Snub: ‘You Can’t Be a Stupid Person’,https://www.mediaite.com/media/tv/trump-questions-why-us-should-help-south-korea-after-iran-snub-you-cant-be-a-stupid-person/,David Gilmour,2026-08-31T11:07:12Z,Strait of Hormuz,"Trump singled out South Korea for declining his request to help in Iran war, a move that the president said he vowed he was “going to remember.""
The post Trump Questions Why US Should ‘Help’ South Korea After Iran Snub: ‘You Can’t Be a Stupid Person’ first ap…",Mediaite,South Korea,News,2026-09-01T16:14:30.544411Z
db89b9e0afa55d9b6c8e48186ad20a30,Iran Says Supertanker Hit by Mines in Strait of Hormuz,https://oilprice.com/Latest-Energy-News/World-News/Iran-Says-Supertanker-Hit-by-Mines-in-Strait-of-Hormuz.html,Tsvetana Paraskova,2026-08-31T11:00:00Z,Strait of Hormuz,"A supertanker caught fire after hitting two naval mines in the southern Strait of Hormuz, Iranian state media reported on Monday, citing Iran’s Islamic Revolutionary Guard Corps. The tanker was trying to transit the Strait illegally, the Revolutionary Guards …",OilPrice.com,Unknown,Market Report,2026-09-01T16:14:30.544459Z
dfd1e80223893a2c174b646b2ff95c71,"Trump voters criticize him, and flood recovery efforts in Nepal and Grand Canyon: Morning Rundown",https://www.nbcnews.com/news/us-news/trump-voters-flood-recovery-grand-canyon-nepal-morning-rundown-rcna595090,Kayla Hayempour,2026-08-31T10:56:32Z,Strait of Hormuz,Longtime Trump supporters in some of the nation’s most competitive congressional districts are voicing rare frustration with the president.,NBC News,Unknown,News,2026-09-01T16:14:30.544509Z
7c8233a94dac2e41eb5a8004b113c9aa,Links 8/31/2026,https://www.nakedcapitalism.com/2026/08/links-8-31-2026.html,Conor Gallagher,2026-08-31T10:55:39Z,Strait of Hormuz,"Our fish-eyed daily links, including Dems search for 'good' billionaires, Venezuela oil hopium, BRICS empty talk, and ICE robot dogs.",Nakedcapitalism.com,Unknown,Market Report,2026-09-01T16:14:30.544536Z
994ddd59fa7dae3bc818226fd784abbc,US and Iran exchange fire for the first time in over a month,https://biztoc.com/x/7863a57d9eb4bda7,semafor.com,2026-08-31T10:52:12Z,Strait of Hormuz,"The US and Iran traded fire for the first time in over a month, with Washington hitting two rocket launchers and Tehran retaliating by firing missiles at Jordan. The US said the launchers were about to deploy mines into the Strait of Hormuz. Brent crude rose …",Biztoc.com,Unknown,News,2026-09-01T16:14:30.544586Z
4bd9476e2eb88e7fb2c488fc93110bc6,"Stock Market Today (Aug. 31, 2026): Dow futures fall on escalation of U.S.-Iran conflict",https://biztoc.com/x/adeec6685b990c32,thestreet.com,2026-08-31T10:51:58Z,Strait of Hormuz,"This live blog is refreshed throughout the day with the latest updates from the market. To find the latest Stock Market Today threads, click here.
Happy Monday. Stock futures were sliding and oil prices were surging after U.S. forces struck Iranian rocket lau…",Biztoc.com,Unknown,Market Report,2026-09-01T16:14:30.544630Z
3fbc824b1f5c680360264b182f286b4a,"Q1 GDP grows 7.8% as service, investment support economy",https://www.moneycontrol.com/news/business/economy/q1-gdp-grows-7-8-as-service-investment-support-economy-14018988.html,Ishaan Gera,2026-08-31T10:51:10Z,Strait of Hormuz,"Gross value added (GVA), which measures the value of goods and services produced in the economy, growth moderate to 8.2% from 8.7% in the previous quarter",Moneycontrol,Unknown,News,2026-09-01T16:14:30.544663Z
bdb12673bb44ec804cf1c3ab3e2f735d,"US, Iran Exchange Attacks, Apple's Changing of the Guard | The Pulse 8/31/2026",https://biztoc.com/x/9a7df627ca767f3d,youtube.com,2026-08-31T10:49:32Z,Strait of Hormuz,The US and Iran exchanged strikes for the first time in about a month as American forces hit an island in the Strait of Hormuz and ...,Biztoc.com,USA,News,2026-09-01T16:14:30.544682Z
55443ecb494daf8bd2637c8e66cef591,Rupee rises 26 paise to close at 95.17 against US dollar,https://www.thehindubusinessline.com/markets/forex/rupee-rises-26-paise-to-close-at-9517-against-us-dollar/article71410410.ece,PTI,2026-08-31T10:43:32Z,Strait of Hormuz,"The rupee gains 26 paise to close at 95.17 against the US dollar, bolstered by RBI intervention and strong forex inflows.",BusinessLine,Unknown,News,2026-09-01T16:14:30.544715Z
42d05803ddaa050436e1a5917677ec59,World shares are mixed and oil prices surge after US strike on Iranian rocket launchers,https://abcnews.com/Business/wireStory/world-shares-mixed-oil-prices-surge-after-us-136080940,ELAINE KURTENBACH AP business writer,2026-08-31T10:41:29Z,Strait of Hormuz,Shares are mixed in Europe and Asia and U.S. futures have declined on expectations that the U.S. Federal Reserve may raise interest rates soon,Abcnews.com,Unknown,Market Report,2026-09-01T16:14:30.544750Z
c82a69c0a1f0395f3c89680c1f68058f,"Trump threatens to blow Kharg Island ‘to smithereens’ as U.S. and Iran trade fresh strikes in the Gulf, driving up the price of oil",https://fortune.com/2026/08/31/trump-blow-kharg-island-smithereens-us-iran-strikes-gulf-oil/,Jim Edwards,2026-08-31T10:41:21Z,Strait of Hormuz,Everything you need to know before you reach the office this morning.,Fortune,Unknown,News,2026-09-01T16:14:30.544789Z
f17cbe2136421100db49d2b5e60f23f5,IOCL targets gas sales of over 10.5 million tonnes by 2030,https://www.thehindubusinessline.com/companies/iocl-targets-gas-sales-of-over-105-million-tonnes-by-2030/article71410334.ece,Rishi Ranjan Kala,2026-08-31T10:33:56Z,Strait of Hormuz,"The natural gas business of the country’s largest fuel retailer witnessed record sales in the last financial year, ending March 2026",BusinessLine,Unknown,News,2026-09-01T16:14:30.544827Z
bee8a37e9ec599c8905f5cb0b6d30e25,Impeachment calls as Trump froths at AI video of Kharg Island 'blown to smithereens',https://www.rawstory.com/trump-kharg-island/,Daniel Hampton,2026-08-31T10:29:41Z,Strait of Hormuz,"President Donald Trump lit up Truth Social late Sunday with an AI-generated video and boast that showed Iran's most important oil hub obliterated — and critics wasted no time torching him for it.""Kharg Island being blown to smithereens!!!"" Trump captioned the…",Raw Story,Unknown,News,2026-09-01T16:14:30.544883Z
21cb7efa8a90afe93a15c27b8d2d2605,"Global market: European shares dip as fresh US-Iran strikes push oil, bond yields higher",https://economictimes.indiatimes.com/markets/us-stocks/news/global-market-european-shares-dip-as-fresh-us-iran-strikes-push-oil-bond-yields-higher/articleshow/133649880.cms,Anupam Nagar,2026-08-31T10:23:25Z,Strait of Hormuz,"European shares opened lower on Monday as renewed US-Iran military tensions pushed oil prices and bond yields higher, although the STOXX 600 remained on track for its fifth consecutive monthly gain. Energy stocks rose as Brent crude climbed above $90 a barrel…",The Times of India,Global,Market Report,2026-09-01T16:14:30.544929Z
89b77ffd217d6ad348236f933ea17c9e,Japanese stocks end mixed as rate hike concerns weigh on sentiment,https://www.business-standard.com/markets/capital-market-news/japanese-stocks-end-mixed-as-rate-hike-concerns-weigh-on-sentiment-126083100721_1.html,Capital Market,2026-08-31T10:20:18Z,Strait of Hormuz,"Investor sentiment was hurt after Fed Chair Kevin Warsh took a hawkish tone in his Jackson Hole speech. He said inflation is not slowing enough and stressed the Feds commitment to bringing inflation back to 2%, raising concerns that US interest rates could re…",Business Standard,Japan,Market Report,2026-09-01T16:14:30.544959Z
752054dd6eb461efafd154b6c3163e28,"Bitcoin Faces a Three-Way Macro Test Near $78,000",https://cryptonews.com/news/bitcoin-macro-risks-78000/,Ahmed Barakat,2026-08-31T10:20:16Z,Strait of Hormuz,"Bitcoin traded at $78,500 as the Japanese yen breached 160 per dollar in Tokyo trading, while a U.S. strike on Iran’s Larak Island added to market uncertaint...",Cryptonews,Japan,Market Report,2026-09-01T16:14:30.544983Z
e926b5d715467935d3bfd4474fc8b0e2,"Attacks flare between U.S., Iran after month-long pause",https://www.npr.org/2026/08/31/g-s1-141175/attacks-flare-us-iran,Jane Arraf,2026-08-31T10:04:30Z,shipping sanctions,U.S. threats erupt into attacks in the Strait of Hormuz; Iran retaliates against U.S. targets in the UAE and Jordan in the first exchange of fire since July 29,NPR,Unknown,News,2026-09-01T16:14:30.909425Z
33ef2d538c58f0d613be4b79efdf1104,United Arab Emirates says it has intercepted an Iranian drone over its territorial waters,https://www.thehindubusinessline.com/news/world/united-arab-emirates-says-it-has-intercepted-an-iranian-drone-over-its-territorial-waters/article71410102.ece,AP- PTI,2026-08-31T10:03:48Z,shipping sanctions,"During the lull in fighting, the US has been ratcheting up economic pressure on Iran with the hope of forcing concessions out of Tehran, including reopening the vital Strait of Hormuz to shipping",BusinessLine,Unknown,Market Report,2026-09-01T16:14:30.909462Z
87f3eb717e6ffabbb688198cac4a799d,Coupang dispute fuels new U.S. tariff pressure on South Korea,https://www.cnbc.com/2026/08/31/coupang-south-korea-us-tariffs.html,Justin Papp,2026-08-31T10:00:01Z,shipping sanctions,"South Korea's dismissal of Congress' allegations that it discriminated against U.S.-based Coupang is straining the country's ties with the U.S., sources said.",CNBC,South Korea,News,2026-09-01T16:14:30.909489Z
1b212f3a6909f794761adfd96d1e6494,"Iran attacks Jordan, UAE after US bombs Larak Island: What’s the latest?",https://www.aljazeera.com/news/2026/8/31/iran-attacks-jordan-uae-after-us-bombs-larak-island-whats-the-latest,Al Jazeera Staff,2026-08-31T09:19:40Z,shipping sanctions,The retaliatory attacks came after the US targeted two Iranian launchers on Larak Island in the Strait of Hormuz.,Al Jazeera English,Unknown,News,2026-09-01T16:14:30.909531Z
8c6fc9088af07e1076d6c3da613149e8,Brent oil tops $90 after US-Iran fighting resumes in Strait of Hormuz,https://cryptobriefing.com/brent-oil-tops-90-us-iran-fighting/,Editorial Team,2026-08-31T09:10:16Z,shipping sanctions,"Rising oil prices due to US-Iran tensions could strain global economies, increase shipping costs, and heighten geopolitical instability.
The post Brent oil tops $90 after US-Iran fighting resumes in Strait of Hormuz appeared first on Crypto Briefing.",Crypto Briefing,Global,Market Report,2026-09-01T16:14:30.909572Z
ec24af9035d938a19d61a7aee35b99fe,United Arab Emirates says it has intercepted an Iranian drone over its territorial waters,https://abcnews.com/US/wireStory/united-arab-emirates-intercepted-iranian-drone-territorial-waters-136081106,DAVID RISING Associated Press,2026-08-31T08:20:19Z,shipping sanctions,The United Arab Emirates’ air force has intercepted an Iranian drone over its territorial waters,Abcnews.com,Unknown,Market Report,2026-09-01T16:14:30.909649Z
9dc95884bc9eeac162d407ef8edb3aeb,"US, Iran Trade Strikes for First Time in a Month",https://www.rigzone.com/news/wire/us_iran_trade_strikes_for_first_time_in_a_month-31-aug-2026-184490-article/,Kevin Whitelaw & Wendy Benjaminson,2026-08-31T07:54:03Z,shipping sanctions,American forces hit Iranian rocket launchers and the Islamic Republic responded by firing missiles toward Jordan.,Rigzone,USA,News,2026-09-01T16:14:30.909669Z
bc4730492c99b7ea6bbd3c903ce86d43,US and Iran Exchange Attacks for First Time in About a Month,https://gcaptain.com/us-and-iran-exchange-attacks-for-first-time-in-about-a-month/,Bloomberg,2026-08-31T07:48:20Z,shipping sanctions,The US and Iran exchanged strikes for the first time in about a month as American forces hit Iranian rocket launchers and the Islamic Republic responded by firing missiles toward Jordan.,gcaptain.com,USA,News,2026-09-01T16:14:30.909691Z
81ce4ef716375c2610598129a98808be,Trump says Kharg Island is 'being blown to smithereens' in post showing AI bombing video as US and Iran trade strikes and oil prices surge,https://www.dailymail.com/news/article-16092387/Trump-says-Kharg-Island-blown-smithereens-post-showing-AI-bombing-video-US-Iran-trade-strikes-oil-prices-surge.html,Eliana Silver,2026-08-31T06:50:13Z,shipping sanctions,There was no other evidence that the Iranian energy hub was under attack and no immediate response to Mr Trump's post on Iranian media.,Dailymail.com,Unknown,Market Report,2026-09-01T16:14:30.909764Z
ca862c3356baf87cd4f759156bad7f6d,United Arab Emirates says it has intercepted an Iranian drone over its territorial waters,https://www.yahoo.com/news/world/articles/united-arab-emirates-says-intercepted-064732395.html,DAVID RISING,2026-08-31T06:47:32Z,shipping sanctions,"The United Arab Emirates’ air force intercepted an Iranian drone over its territorial waters Monday, the Defense Ministry said, an attack that comes after th...",Yahoo Entertainment,Unknown,Market Report,2026-09-01T16:14:30.909803Z
1e17d0d413d6ce440c179f971a6af920,Oil jumps over 2% after US attack on Iran's Larak Island,https://www.rte.ie/news/business/2026/0831/1589759-world-oil-prices/,RTÉ News,2026-08-31T06:31:31Z,shipping sanctions,"Oil prices were trading more than 2% higher today after the US attacked an Iranian island in the Strait of Hormuz and drew retaliation from Tehran, as their conflict extended into its sixth month.",RTE,Unknown,Market Report,2026-09-01T16:14:30.909839Z
110e8ee45bb4f19e01a5c39dd9cfa7da,Trump delivers ominous warning that 'Israel would be gone' without him as he defends military action in Iran,https://www.dailymail.com/news/article-16092233/Trump-warning-Israel-Iran-war.html,Stephen M. Lepore,2026-08-31T05:48:19Z,shipping sanctions,The President's comments were broadcast on the same night that US and Iranian attacks ratcheted up again after a momentary lull in the now six month war.,Dailymail.com,Unknown,Analysis/Opinion,2026-09-01T16:14:30.909870Z
7ea12a304489b33a462c444f460c3880,"Trump Says Iran's Kharg Is Being 'Blown To Smithereens,' But Gives No Details",https://www.huffpost.com/entry/trump-kharg-island-blown-smithereens_n_6a94ff0de4b0f75d1947d891,HuffPost,2026-08-31T04:16:17Z,shipping sanctions,"Iran’s energy hub of Kharg Island is being blown to smithereens, Trump said with no evidence.",HuffPost,Unknown,News,2026-09-01T16:14:30.909906Z
988789e8991f9eaa9e54ca1318556b42,"Trump says Iran's Kharg is being 'blown to smithereens', but gives no details",https://uk.news.yahoo.com/us-iran-exchange-fire-flare-021359484.html,By Phil Stewart and David Lawder,2026-08-31T03:29:40Z,shipping sanctions,"WASHINGTON, Aug 30 (Reuters) - Iran's energy hub of Kharg Island is being blown to smithereens, U. President Donald Trump said on Sunday in a one-line social...",Yahoo Entertainment,Unknown,News,2026-09-01T16:14:30.909943Z
c7d727cb8dfc5ffc60c8d5ae3cb235dd,U.S. strikes Iranian launchers near Strait of Hormuz,https://freerepublic.com/focus/f-news/4393719/posts,Seeking Alpha,2026-08-31T02:50:27Z,shipping sanctions,"U.S. forces attacked two Iranian launchers on Larak Island on Sunday, carrying out the first publicly known American strikes inside Iran since late July, Reuters reported. A U.S. official said Islamic Revolutionary Guard Corps personnel appeared to be prepari…",Freerepublic.com,USA,Market Report,2026-09-01T16:14:30.909973Z
fb2aeed20722876c3136e5d43a6e65ff,US strikes Iranian rocket launchers in first military action in weeks,https://www.business-standard.com/world-news/us-strikes-iranian-rocket-launchers-in-first-military-action-in-weeks-126083100048_1.html,AP,2026-08-31T02:10:13Z,shipping sanctions,"US forces struck Iranian rocket launchers on the Strait of Hormuz in their first military action in a month on Sunday, breaking a lull in fighting during an intermittent war that has lasted more than six months. Iran swiftly vowed to retaliate for what it cal…",Business Standard,Unknown,News,2026-09-01T16:14:30.910027Z
3e84e1d2c5e19cae1d8d222345486bfb,US strikes Iranian rocket launchers on Strait of Hormuz in first military action in weeks,https://www.thehindubusinessline.com/news/world/us-strikes-iranian-rocket-launchers-on-strait-of-hormuz-in-first-military-action-in-weeks/article71409544.ece,AP- PTI,2026-08-31T02:07:21Z,shipping sanctions,"A return to open conflict would be dangerous for the region, where Iran has targeted US military bases and infrastructure in Gulf countries since the war began on February 28",BusinessLine,Unknown,News,2026-09-01T16:14:30.910068Z
d8d3ef9a33aabd07f5f11f1dcd39784d,US Strikes Iranian Rocket Launchers on the Strait of Hormuz in First Military Action in Weeks,https://military.com/us-strikes-iranian-rocket-launchers-on-the-strait-of-hormuz-in-first-military-action-in-weeks,MLT Staff,2026-08-31T01:14:49Z,shipping sanctions,Iran swiftly vowed to retaliate for what it called a deadly attack.,Military.com,Unknown,News,2026-09-01T16:14:30.910143Z
c127352500ca15718cff855f857e6ae9,US Treasury launches weekly sanctions blitz on banks facilitating Iranian finance,https://cryptobriefing.com/us-treasury-weekly-sanctions-iran-banks/,Editorial Team,2026-08-31T00:01:26Z,shipping sanctions,"The US Treasury's aggressive sanctions strategy could reshape global banking dynamics, pressuring banks to sever Iranian ties or face isolation.
The post US Treasury launches weekly sanctions blitz on banks facilitating Iranian finance appeared first on Crypt…",Crypto Briefing,Global,Market Report,2026-09-01T16:14:30.910195Z
f6d99ba42720afc7d20a89e7891cd4d9,"Iran’s ‘Supreme Leader’ Khamenei Calls for Gulf Unity, Confront ‘Real Enemy’ U.S., Israel",https://www.breitbart.com/politics/2026/08/30/irans-supreme-leader-khamenei-calls-for-gulf-unity-confront-real-enemy-u-s-israel/,Joshua Klein,2026-08-30T21:55:55Z,shipping sanctions,"Iranian “Supreme Leader” Ayatollah Mojtaba Khamenei called on Gulf states to unite against the United States and Israel as their “real enemy” in a written message Sunday, an overture to neighbors Tehran has spent months attacking and threatening as the Islami…",Breitbart News,USA,News,2026-09-01T16:14:30.910314Z
ee5c903ac286678d23f313055504930e,US strikes Iran for first time in a month,https://www.rt.com/news/644843-us-airstrike-iran-larak-island/,RT,2026-08-30T21:55:53Z,shipping sanctions,"The US has struck Iran’s Larak Island, killing and wounding soldiers and civilians, the IRGC has said, vowing to “punish the aggressor” Read Full Article at RT.com",RT,Unknown,News,2026-09-01T16:14:30.910353Z
49043dbb4741e5437144dbdeb29ffd66,U.S. Forces Strike Iranian Rocket Launchers On The Strait Of Hormuz In First Military Action In Weeks,https://www.huffpost.com/entry/us-forces-strike-iranian-rocket-launchers-strait-hormuz_n_6a948d4fe4b0e9dbd39bcf91,HuffPost,2026-08-30T21:46:29Z,shipping sanctions,A U.S. officials says that U.S. forces have struck Iranian rocket launchers on the Strait of Hormuz in the first military action in a month.,HuffPost,Unknown,News,2026-09-01T16:14:30.910390Z
d0ce3c0e45df311b9468721792fb17a4,US strikes Iranian launchers on Larak Island in first known attack in weeks,https://www.bbc.co.uk/news/articles/cx2z72x5z1po,https://www.facebook.com/bbcnews,2026-08-30T21:15:42Z,shipping sanctions,Iran says the attack killed some civilians and is the first known US strike on Iran since late July.,BBC News,Unknown,News,2026-09-01T16:14:30.910444Z
fe02146f5e610d78ca3e5fd231730199,US forces strike Iranian missle launchers that were primed to attack Strait of Hormuz,https://www.dailymail.com/news/article-16091755/US-forces-strike-Iranian-missle-launchers.html,Stephen M. Lepore,2026-08-30T21:14:41Z,shipping sanctions,Forces with the Iran Revolutionary Guard Corps were seen preparing to launch rockets with sea mines into the strait.,Dailymail.com,Unknown,News,2026-09-01T16:14:30.910480Z
a171fe1c91b4f5ab801b6af37f5d79a7,"Battle for Hormuz: U.S. forces take first military action against Iran in a month, striking rocket launchers being used to deploy sea mines",https://fortune.com/2026/08/30/battle-for-hormuz-us-forces-iran-rocket-launchers-sea-mines/,"Konstantin Toropin, Cara Anna, Ben Finley, The Associated Press",2026-08-30T21:04:39Z,shipping sanctions,The U.S. military last week completed clearing sea mines from the strait’s international shipping routes.,Fortune,Global,News,2026-09-01T16:14:30.910527Z
88f4d7193cf14d15ac1921f4f7f8dfeb,Iran’s Khamenei calls for Gulf unity as Hormuz tensions persist,https://www.aljazeera.com/news/2026/8/30/irans-khamenei-calls-for-gulf-unity-as-hormuz-tensions-persist,Al Jazeera Staff,2026-08-30T10:30:57Z,shipping sanctions,Khamenei urges Gulf rulers to confront their 'real enemy' as Iran keeps Hormuz restricted amid stalled diplomacy.,Al Jazeera English,Unknown,News,2026-09-01T16:14:30.910643Z
1717f5845dffb46484427fdd2b0d997a,Report: U.S. Shifts from Military Strikes to Economic Warfare Against Iran,https://www.naturalnews.com/2026-08-30-us-shifts-military-strikes-economic-warfare-iran.html,Garrison Vance,2026-08-30T06:00:00Z,shipping sanctions,"The U.S. is not expected to launch new military attacks on Iran and will instead focus on economic warfare, according to a report by The Cradle. The report, citing unnamed officials, states that the shift in strategy comes after recent exchanges and aims to p…",Naturalnews.com,Unknown,Market Report,2026-09-01T16:14:30.910758Z
886fbeedfc419eed56de00a3846bb404,"Bessent Announces Sanctions Campaign Against Iran, Warns of Global Financial Disruption",https://www.naturalnews.com/2026-08-30-secretary-bessent-announces-sanctions-campaign-against-iran.html,Garrison Vance,2026-08-30T06:00:00Z,shipping sanctions,"Treasury Secretary Unveils “Operation Economic Outcast” Treasury Secretary Scott Bessent announced a new sanctions campaign targeting Iran’s technology, gold, aviation, shipping, and digital assets sectors on Aug. 24, according to statements made at a news co…",Naturalnews.com,Global,News,2026-09-01T16:14:30.910811Z
0a5b66427786f00cf86bdde01a92575b,Government won't release confidential email on Aughinish sanctions over 'commercial sensitivity',https://www.thejournal.ie/aughinish-alumina-department-of-enterprise-russian-7144038-Aug2026/,Niall O'Connor,2026-08-30T05:30:58Z,shipping sanctions,The controversial Russian-owned refinery has faced a major campaign against it because of claims it is involved in the country’s war effort in Ukraine.,TheJournal.ie,Russia,News,2026-09-01T16:14:30.910839Z
e538a51bc3f7431c8653e50259a9003a,Trump's Venezuelan oil deal: What we know and how it could impact Canada's oil industry,https://www.cbc.ca/news/world/trump-venezuela-oil-deal-explainer-9.7325621,,2026-08-29T21:28:52Z,shipping sanctions,"Several questions about the U.S. deal to develop vast Venezuelan oil reserves remain unanswered, and a rapid and large-scale increase in production is unlikely. But experts say increased exports from Venezuela ""would compete directly with Canadian crude in th…",CBC News,Unknown,News,2026-09-01T16:14:30.910914Z
fe61128a40f4e0361f7150ce43150c8a,War weighs on Iran's economy as US intensifies sanctions,https://economictimes.indiatimes.com/news/defence/war-weighs-on-irans-economy-as-us-intensifies-sanctions/articleshow/133614980.cms,Reuters,2026-08-29T15:41:22Z,shipping sanctions,"Iranian leaders admit economic hardship from war and sanctions, while vowing to resist US pressure. President Pezeshkian stated foreign trade has shrunk by one-third due to sanctions and blockades. Supreme Leader Khamenei urged addressing inflation and job cr…",The Times of India,Unknown,News,2026-09-01T16:14:30.911098Z
8461051171f8f02ca87f4643c5b31f38,Strait of Hormuz traffic remains below normal as US sanctions pressure Iran,https://www.foxnews.com/live-news/iran-war-us-sanctions-trump-strait-hormuz-oman-oil-prices-08-29-2026,Fox News,2026-08-29T11:14:13Z,shipping sanctions,"Tehran has vowed to resist new U.S. sanctions, as prospects for diplomacy to reopen the Strait of Hormuz remain uncertain. At least 70 attacks on international shipping have been recorded in the Persian Gulf since the Iran war began six months ago.",Fox News,Global,News,2026-09-01T16:14:30.911210Z
ca60cd81391e4a6adaa051e121d76fb5,"Iran’s leaders acknowledge economic toll of war, pledge diplomacy, defence",https://www.aljazeera.com/news/2026/8/29/irans-leaders-acknowledge-economic-toll-of-war-pledge-diplomacy-defence,,2026-08-29T10:09:26Z,shipping sanctions,Iran's president said sanctions and the US naval blockade had caused exports and imports to slump by nearly 35 percent.,Al Jazeera English,Unknown,News,2026-09-01T16:14:30.911249Z
511533032cc3ab79e18569705cd1ea3a,"Iran’s economy reels as US sanctions bite, foreign trade falls 35% amid war",https://www.thehindubusinessline.com/news/world/irans-economy-reels-as-us-sanctions-bite-foreign-trade-falls-35-amid-war/article71403529.ece,Reuters,2026-08-29T04:49:54Z,shipping sanctions,"Iran’s foreign trade has fallen nearly 35% amid US sanctions and a naval blockade, while annual inflation reached 66% as economic pressure deepens.",BusinessLine,Unknown,News,2026-09-01T16:14:30.911462Z
5d9f2ac85c6be1ae67e60e4019b21379,"Oil settles lower on clues about Fed policy, rumors of Hormuz deal",https://economictimes.indiatimes.com/markets/commodities/news/oil-settles-lower-on-clues-about-fed-policy-rumors-of-hormuz-deal/articleshow/133603629.cms,Reuters,2026-08-29T04:13:11Z,shipping sanctions,"On Friday, oil prices dipped, driven by signals from the Federal Reserve and circulating rumors regarding the Strait of Hormuz. Market traders assessed the possibility of rate hikes by the U.S. Federal Reserve aimed at battling inflation. Additionally, talks …",The Times of India,Unknown,Market Report,2026-09-01T16:14:30.911507Z
8624cb2c748ddaca7726b078c198ce08,‘Goods Are Not Coming In’: Tehran Braces for Unrest as Trump Intensifies Economic Offensive,https://www.breitbart.com/politics/2026/08/28/goods-not-coming-tehran-braces-unrest-trump-intensifies-economic-offensive/,Joshua Klein,2026-08-29T02:54:43Z,shipping sanctions,"Iranian President Masoud Pezeshkian acknowledged Friday that the U.S. blockade has slashed Iran’s trade and left critical imports — including gasoline — unable to enter the country, as the Trump administration intensifies an economic offensive aimed at isolat…",Breitbart News,Unknown,News,2026-09-01T16:14:30.911563Z
66785c30fca90f39240042e786dfbb3f,"US expands sanctions on Iran, targeting oil, shipping, and digital assets",https://cryptobriefing.com/us-expands-sanctions-on-iran-targeting-oil-shipping-and-digital-assets/,Estefano Gomez,2026-08-29T02:12:31Z,shipping sanctions,"The expanded sanctions could destabilize Iran's economy further, potentially leading to political upheaval and leadership changes.
The post US expands sanctions on Iran, targeting oil, shipping, and digital assets appeared first on Crypto Briefing.",Crypto Briefing,Unknown,News,2026-09-01T16:14:30.911610Z
6e2003099256dfa8db48919ab1291e4f,Iran’s foreign trade plunges 35% as US sanctions deepen war’s economic toll,https://economictimes.indiatimes.com/news/international/world-news/irans-foreign-trade-plunges-35-as-us-sanctions-deepen-wars-economic-toll/articleshow/133602320.cms,Reuters,2026-08-29T02:11:01Z,shipping sanctions,"Iranian leaders are acknowledging mounting economic pain six months into the war with the US, as President Masoud Pezeshkian says foreign trade has fallen 35% under sanctions and a naval blockade. Supreme Leader Mojtaba Khamenei urged action on inflation and …",The Times of India,Unknown,News,2026-09-01T16:14:30.911666Z
58c9fce05bd7748c0e9e6bf948d84d84,Iran faces economic strain amid ongoing tensions with US and Israel,https://cryptobriefing.com/iran-faces-economic-strain-amid-ongoing-tensions-with-us-and-israel/,Estefano Gomez,2026-08-28T21:31:21Z,shipping sanctions,"Iran's economic strain amid tensions may exacerbate regional instability, impacting global markets and Strait of Hormuz shipping routes.
The post Iran faces economic strain amid ongoing tensions with US and Israel appeared first on Crypto Briefing.",Crypto Briefing,Global,Market Report,2026-09-01T16:14:30.911706Z
7d5814f4befd81ccdfd6d0b8c2d59ca7,Iran Returns to 'Diplomacy' Talk as Economy Collapses,https://www.breitbart.com/middle-east/2026/08/28/iran-returns-to-diplomacy-talk-as-economy-collapses/,John Hayward,2026-08-28T20:09:40Z,shipping sanctions,Iranian Foreign Minister Abbas Araghchi said on Friday that he had “creative discussions” with the leader of Qatar and “putting diplomacy back on track isn’t impossible” — a noticeable change in tune from Iran’s previous belligerence as the Iranian economy be…,Breitbart News,Unknown,News,2026-09-01T16:14:30.911838Z
8fe85265b1d0b22b148b6eb30ef46c52,Europe’s Russia Sanctions Have a Major Blind Spot,https://oilprice.com/Energy/Energy-General/Europes-Russia-Sanctions-Have-a-Major-Blind-Spot.html,Cyril Widdershoven,2026-08-28T20:00:00Z,shipping sanctions,"Over the last two years, the EU and UK have emerged as leading actors in imposing sanctions on Russia. But people like Maria Demertzis, Professor at the European University Institute in Italy, have raised questions around the effectiveness of the sanctions ca…",OilPrice.com,Russia,News,2026-09-01T16:14:30.911870Z
2256be1d2aae923dbb1f51a84a6b4fa6,Iran Urges Countries Not to Implement New U.S. Sanctions as Mediators Focus on Reopening Strait,https://gcaptain.com/iran-urges-countries-not-to-implement-new-u-s-sanctions-as-mediators-focus-on-reopening-strait/,Reuters,2026-08-28T19:14:47Z,shipping sanctions,"Iran condemned the United States' new economic sanctions on Friday as ""state terrorism,"" while its supreme leader said he was banning acts that could harm ""social cohesion"" amid concern that more financial pain could spark unrest at home.",gcaptain.com,USA,News,2026-09-01T16:14:30.911931Z
586e2589709fdb5fedcd532690ae22ee,United States imposes sweeping sanctions on Iran-linked entities under Operation Economic Outcast,https://cryptobriefing.com/us-sanctions-iran-operation-economic-outcast-2/,Editorial Team,2026-08-28T14:20:43Z,shipping sanctions,"The expanded sanctions heighten global compliance challenges, impacting international trade, digital assets, and humanitarian activities.
The post United States imposes sweeping sanctions on Iran-linked entities under Operation Economic Outcast appeared first…",Crypto Briefing,USA,News,2026-09-01T16:14:30.912100Z
846c3c1be04a843276cd4bc6dc149c99,"‘I don’t have to announce everything, do I?’ Trump bristles at questions over blocked Hormuz, sanction-free China",https://fortune.com/2026/08/28/trump-iran-war-six-months-china-sanctions/,"Aamer Madhani, The Associated Press",2026-08-28T13:13:20Z,shipping sanctions,"As the Iran War marks its six-month anniversary, Trump insists he's “not in a hurry” to get back to the negotiating table.",Fortune,China,News,2026-09-01T16:14:30.912155Z
8b40607b29fdcacb2d878be1f3d9090f,Iran Oil Exports Plunge 80% As Trump’s Powerful Naval Blockade Crushes Crude Shipments,https://thecrosswiredaily.com/business/energy/iran-oil-exports-plungel/,Kennedy Simiyu,2026-08-28T13:06:04Z,shipping sanctions,Iran Oil Exports Plunge 80% As Trump’s Powerful Naval Blockade Crushes Crude Shipmentsthecrosswiredaily.com,Thecrosswiredaily.com,Unknown,Market Report,2026-09-01T16:14:30.912192Z
cde382743aaf29d78f430d952c920606,Oil Selloff Outruns Reality in Hormuz,https://oilprice.com/Energy/Energy-General/Oil-Selloff-Outruns-Reality-in-Hormuz.html,Editorial Dept,2026-08-28T12:30:00Z,shipping sanctions,"WTI crude oil futures were trading at $83.51 late Thursday, down $3.13, or 3.61%, for the week. The market opened near the weekly high at $86.57, then broke to $79.62 as traders sold on reports that Iran, Oman and the United States were moving toward a workab…",OilPrice.com,USA,Market Report,2026-09-01T16:14:30.912246Z
b3a7c458065d22dc94cd4e57d8f7bcf7,Hormuz Shipping Remains Subdued Despite Apparent Reopening,https://oilprice.com/Energy/Energy-General/Hormuz-Shipping-Remains-Subdued-Despite-Apparent-Reopening.html,Editorial Dept,2026-08-28T12:30:00Z,shipping sanctions,"Politics, Geopolitics & Conflict Hormuz is “open”, but nowhere close to functioning normally. The U.S. has cleared mines from the internationally recognized shipping lanes and can technically get vessels through, but Iran’s military capability will still keep…",OilPrice.com,Global,News,2026-09-01T16:14:30.912296Z
99ce040a971cf03d42d1186657b47981,"Trump Used To Say He Saw A Quick End To His Iran War, But 6 Months Later He Claims He's In No Hurry",https://www.huffpost.com/entry/us-iran-war-six-months-milestone_n_6a917353e4b0fc8477ab51da,HuffPost,2026-08-28T12:06:43Z,shipping sanctions,President Donald Trump marks an awkward moment in his second White House term as the U.S.-Israel conflict with Iran reaches the six-month mark.,HuffPost,Unknown,News,2026-09-01T16:14:30.912357Z
c7eecac7eb08a03ef77ceaf411f05211,"Trump used to say he saw a quick end to his Iran war, but 6 months later he claims he's in no hurry",https://abcnews.com/US/wireStory/trump-quick-end-iran-war-6-months-claims-136021517,AAMER MADHANI Associated Press,2026-08-28T11:29:17Z,shipping sanctions,President Donald Trump marks an awkward moment in his second White House term as the U.S.-Israel conflict with Iran reaches the six-month mark,Abcnews.com,Unknown,News,2026-09-01T16:14:30.912381Z
1d73a4e5299afa7da43ab2ab278d29a1,"Current price of oil as of August 28, 2026",https://finance.yahoo.com/energy/articles/current-price-oil-august-28-110000735.html,Joseph Hostetler,2026-08-28T11:00:00Z,shipping sanctions,"When oil prices change, it affects your energy costs—and even the price of everyday items. Here’s why.",Yahoo Entertainment,Unknown,Market Report,2026-09-01T16:14:30.912411Z
c54c9575d0b6f43ec264e59dcce311eb,"Current price of oil as of August 28, 2026",https://fortune.com/article/price-of-oil-08-28-2026/,Joseph Hostetler,2026-08-28T11:00:00Z,shipping sanctions,"When oil prices change, it affects your energy costs—and even the price of everyday items. Here’s why.",Fortune,Unknown,Market Report,2026-09-01T16:14:30.912432Z
93f99725da5522ad8a28e8a1d0622e60,US Commander Declares Hormuz Shipping Lanes Are Mine-Free,https://gcaptain.com/us-commander-declares-hormuz-shipping-lanes-are-mine-free/,Bloomberg,2026-08-28T10:34:54Z,shipping sanctions,"The top US commander for the Middle East said that American forces have cleared Iranian mines from the Strait of Hormuz, after Washington’s allies expressed doubts about similar claims by President Donald Trump.",gcaptain.com,USA,News,2026-09-01T16:14:30.912491Z
8ee833ad0790c95a69602e5720fb4c56,Trump declares Strait of Hormuz open as commercial traffic tells a different story,https://cryptobriefing.com/trump-strait-hormuz-open-iran-response/,Editorial Team,2026-08-28T10:28:19Z,shipping sanctions,"The disparity between political claims and actual shipping data highlights ongoing geopolitical tensions, impacting global oil markets significantly.
The post Trump declares Strait of Hormuz open as commercial traffic tells a different story appeared first on…",Crypto Briefing,Global,Market Report,2026-09-01T16:14:30.912535Z
400637a7ce574f5c400b6857e283e0e1,Who will give Donald Trump the desperately needed victory?,https://punchng.com/who-will-give-donald-trump-the-desperately-needed-victory/,Punch Newspapers,2026-08-28T09:36:22Z,shipping sanctions,"President Trump’s easy victory in Venezuela contrasts sharply with the ongoing struggle in Iran. Can economic sanctions deliver the desperately needed win?

Read More: https://punchng.com/who-will-give-donald-trump-the-desperately-needed-victory/",The Punch,Unknown,News,2026-09-01T16:14:30.912608Z
a3ba7162454d8c9123c10d5229b3b94e,"6 Months Into The Iran War, These 4 Issues Could Shape What's Next",https://www.rferl.org/a/iran-war-six-months-four-issues-experts/33842411.html,Alex Raufoglu,2026-08-28T09:27:32Z,shipping sanctions,"Six months after US-Israeli strikes, the Iran conflict remains unresolved. Despite military losses, Iran retains leverage over the Strait of Hormuz. Experts say key questions involve economic pressure, diplomacy, shipping, and support from Russia and China.",Radio Free Europe/ Radio Liberty,China,News,2026-09-01T16:14:30.912626Z
e50f574fa3c6d0838b8005f05dce00a8,What are the bad things about ferrets?,https://www.lifesciencesworld.com/what-are-the-bad-things-about-ferrets/,Ava Reynolds,2026-08-31T08:02:39Z,export bans,"What Are The Bad Things About Ferrets? Unveiling the Downsides of Ferret Ownership Ferrets, while undeniably charming, present several challenges to potential owners. What are the bad things about ferrets? They require significant commitment due to their spec…",Lifesciencesworld.com,Unknown,News,2026-09-01T16:14:31.174962Z
e5ca20196294c84ac0d931b73c1e9e7b,"Scott Bessent urges G20 to push China to curb exports, boost domestic demand",https://economictimes.indiatimes.com/news/international/world-news/scott-bessent-urges-g20-to-push-china-to-curb-exports-boost-domestic-demand/articleshow/133640981.cms,Reuters,2026-08-31T03:52:22Z,export bans,US Treasury Secretary Scott Bessent will urge G20 members to re-examine trade terms with China. He aims to shrink global imbalances and press Beijing to rebalance its economy. The current flood of exports from China is deemed unsustainable by the US official.…,The Times of India,China,News,2026-09-01T16:14:31.174990Z
a589bd83ac46a7579535c071846193b0,The Strait of Hormuz crisis threatened Asia’s oil and gas lifeline. Here’s how the region is rewriting its energy playbook,https://fortune.com/2026/08/28/iran-war-hormuz-blocked-asia-energy-crisis-oil-gas/,Katie Silver,2026-08-29T00:00:00Z,export bans,"“Notwithstanding the rise of alternative and green technologies over the past decade, the global economy is still very reliant on oil and gas.""",Fortune,Global,News,2026-09-01T16:14:31.175110Z
ae71140c6a92dcbab11122f1a39e53a8,The Strait of Hormuz crisis threatened Asia’s oil and gas lifeline. Here’s how the region is rewriting its energy playbook,https://finance.yahoo.com/energy/articles/strait-hormuz-crisis-threatened-asia-000000172.html,Katie Silver,2026-08-29T00:00:00Z,export bans,"“Notwithstanding the rise of alternative and green technologies over the past decade, the global economy is still very reliant on oil and gas.""",Yahoo Entertainment,Global,News,2026-09-01T16:14:31.175146Z
d955bc8292dbdba5c09cbc10557f08aa,Russia gasoline output falls of demand after drone attacks: Reuters,https://cryptobriefing.com/russia-gasoline-output-falls-of-demand-after-drone-attacks-reuters/,Estefano Gomez,2026-08-28T18:12:30Z,export bans,"The reduced gasoline output in Russia may tighten global oil markets, potentially driving up prices amid existing geopolitical tensions.
The post Russia gasoline output falls of demand after drone attacks: Reuters appeared first on Crypto Briefing.",Crypto Briefing,Russia,Market Report,2026-09-01T16:14:31.175201Z
07b9829fb775384180b03368365787bc,UK Government Puts Temporary Export Ban on $97.2 M. Rembrandt Painting,https://www.artnews.com/art-news/news/uk-government-temporary-export-ban-rembrandt-painting-1234796213/,Maximilíano Durón,2026-08-28T16:30:32Z,export bans,"Rembrandt's 'Portrait of Catrina Hooghsaet' is the subject of a temporary export ban by the UK government, with the hope that a local museum will buy it.",ARTnews,Unknown,News,2026-09-01T16:14:31.175240Z
d65b1e6fbef4909aa3d2010b99a590d9,Russia faces second wave of fuel shortages after Ukrainian strikes cripple refining capacity,https://cryptobriefing.com/russia-fuel-shortages-ukrainian-strikes/,Editorial Team,2026-08-28T12:06:09Z,export bans,"Russia's fuel crisis exacerbates economic strain, impacting agriculture and increasing reliance on imports, highlighting vulnerability in energy security.
The post Russia faces second wave of fuel shortages after Ukrainian strikes cripple refining capacity ap…",Crypto Briefing,Russia,News,2026-09-01T16:14:31.175276Z
a2176c6eb933c6273e131cbc29226efd,China’s Success Is Forcing a U.S. AI Rethink,http://foreignpolicy.com/2026/08/27/china-ai-technology-trump-silicon-valley-open-weights/,Robert A. Manning and Giulia Neaher,2026-08-27T18:35:13Z,export bans,Silicon Valley obsessions may have led Washington down a dead end.,Foreign Policy,China,News,2026-09-01T16:14:31.175291Z
4ac2edd31ecb78da21a707f9c593ef28,DW users on life in Russia: 'People are mad as hell',https://www.dw.com/en/dw-users-on-life-in-russia-people-are-mad-as-hell/a-78523454,"Oleg Loginov, Nikita  Oshuev",2026-08-27T11:54:00Z,export bans,Official polling suggests public sentiment in Russia is deteriorating as economic pressure builds. DW asked its users to share their experiences. Fuel shortages are disrupting daily routines. Discontent over pay is rising as job prospects weaken. Planning for…,DW (English),Russia,Market Report,2026-09-01T16:14:31.175332Z
12fa2600069c1bc97fd1ef9fea574868,Kathleen Stock is Right About UK’s Role in Climate – But Wrong About What’s Making Things Worse for Brits,https://wattsupwiththat.com/2026/08/27/kathleen-stock-is-right-about-uks-role-in-climate-but-wrong-about-whats-making-things-worse-for-brits/,Guest Blogger,2026-08-27T09:00:00Z,export bans,"There is indeed a great deal of work to be done, as Stock says. It begins with accurate description rather than mood music, with cost-benefit accounting rather than moral symmetry between a rigorous empirical literature and its caricature and with the plain r…",Wattsupwiththat.com,Unknown,News,2026-09-01T16:14:31.175392Z
4c9a8842bc7790e32e79a14dd16a6de0,Alcohol became a flashpoint in the US-Canada trade war. Now both sides say they're losing.,https://www.businessinsider.com/alcohol-us-canada-trade-war-makers-urge-end-bans-tariffs-2026-8#article,Kelsey Vlamis,2026-08-27T08:11:01Z,export bans,Alcohol makers in the US and Canada say the industry has been used as leverage in the trade war and both sides are suffering.,Business Insider,Unknown,News,2026-09-01T16:14:31.175429Z
03a94fe247c9703f01b74ee479822205,Fact-checking the White House statement of facts about Canada,https://www.cbc.ca/news/world/fact-check-white-house-trade-tariffs-9.7320445,,2026-08-26T02:38:53Z,export bans,"The White House on Tuesday released a list of ""facts"" about Canada that claims to be a record of abuse against the United States on trade. Some of the claims are true. Others are the Trump administration's opinion of Canada, not facts.",CBC News,USA,Analysis/Opinion,2026-09-01T16:14:31.175445Z
769cf1b667563a2fa7d96e8f193c026e,25 years since the Tampa affair: How 'stop the boats' changed the world,https://www.abc.net.au/news/2026-08-26/tampa-affair-anniversary-refugee-asylum-policy-howard/106948294,Anna Levy,2026-08-25T18:30:00Z,export bans,"In 2001, Australia was criticised on the world stage for its unprecedented hardline policy on asylum seekers. Now, nations around the world are following suit.",ABC News (AU),Australia,News,2026-09-01T16:14:31.175486Z
48f4846097d9071a1ceb51b4ac4bdd35,What the Heck Is “Structural Excess Capacity”?,https://econbrowser.com/archives/2026/08/what-the-heck-is-structural-excess-capacity,Menzie Chinn,2026-08-25T17:47:38Z,export bans,"The US is going to expand the trade war against a whole slew of countries, using Section 301 charging “structural excess capacity”, caused by government intervention. China is up on the block, according Bloomberg: The US is set to impose a 7.5% tariff on Chin…",Econbrowser.com,China,News,2026-09-01T16:14:31.175509Z
4ac0d4dc7988457a9e9cb36f3b18a036,"Tariffs first, electricity and critical minerals next: Canada may hit the US without hurting itself",https://economictimes.indiatimes.com/news/international/global-trends/tariffs-first-electricity-and-critical-minerals-next-canada-may-hit-the-us-without-hurting-itself/articleshow/133502127.cms,ET Online,2026-08-25T09:02:40Z,export bans,"Canada is preparing targeted retaliatory tariffs after trade talks with the United States collapsed and President Donald Trump threatened 50% duties on Canadian autos, auto parts and steel. Prime Minister Mark Carney’s options extend beyond tariffs to electri…",The Times of India,USA,News,2026-09-01T16:14:31.175541Z
5cf88174faaed10eebc5b76c3b3aff71,"Taiwan Tech Production Hit by Chinese Germanium Export Restrictions, Insiders Say",https://www.naturalnews.com/2026-08-25-taiwan-tech-production-hit-chinese-germanium-export-restrictions.html,Edison Reed,2026-08-25T06:00:00Z,export bans,"Taiwanese technology companies are experiencing production disruptions as a result of Chinese export controls on germanium, according to industry insiders cited by Nikkei Asia. The restrictions, which include delays and limits on shipments of germanium- and q…",Naturalnews.com,China,News,2026-09-01T16:14:31.175565Z
aae7c4f4fbc7335c91e07a429aece573,Economic Digest: A Snapshot of Nepal’s Business News,https://english.khabarhub.com/2026/25/564672/,Khabarhub,2026-08-25T02:15:27Z,export bans,"KATHMANDU: Economic Digest presents a brief yet comprehensive roundup of major business developments in Nepal, delivered in clear and accessible summaries. The reports indicate a mixed but broadly active economic and policy environment in Nepal, marked by str…",Khabarhub.com,Unknown,Market Report,2026-09-01T16:14:31.175613Z
ff52e5d166bc35b3954c7c37417d0455,International Petroleum Corporation Announces Results of Normal Course Issuer Bid and Updated Share Capital,https://financialpost.com/globe-newswire/international-petroleum-corporation-announces-results-of-normal-course-issuer-bid-and-updated-share-capital-23,GlobeNewswire,2026-08-31T15:33:28Z,import tariffs,"TORONTO, Aug. 31, 2026 (GLOBE NEWSWIRE) — International Petroleum Corporation (IPC or the Corporation) (TSX, Nasdaq Stockholm: IPCO) is pleased to announce that IPC repurchased a total of 224,832 IPC common shares (ISIN: CA46016U1084) during the period of Aug…",Financial Post,Global,News,2026-09-01T16:14:31.530223Z
41105e0ba4544c5c39113d483f7e12a0,CNH and Bourgault announce strategic alliance to expand global seeding portfolio,https://financialpost.com/globe-newswire/cnh-and-bourgault-announce-strategic-alliance-to-expand-global-seeding-portfolio,GlobeNewswire,2026-08-31T15:32:43Z,import tariffs,"CNH and Bourgault announce strategic alliance to expand global seeding portfolio Accelerating where it matters most: This strategic alliance supports CNH’s strategy to bring innovation to market faster, expand customer choice, and focus investment on creating…",Financial Post,Global,Market Report,2026-09-01T16:14:31.530288Z
d7a5c84a25a4350874e04cf46b1559fe,"AMD, Cisco and HUMAIN Expand Saudi Arabia's AI Infrastructure as AMD Instinct Systems Go Live",https://www.prnewswire.com/news-releases/amd-cisco-and-humain-expand-saudi-arabias-ai-infrastructure-as-amd-instinct-systems-go-live-302865089.html,,2026-08-31T15:26:00Z,import tariffs,"News Highlights HUMAIN is now delivering production AI compute in Saudi Arabia powered by AMD Instinct™ MI355X GPUs, AMD EPYC™ CPUs and Cisco Silicon One-based AI networking to deliver the performance, scale and resilience necessary for next-generation worklo…",PRNewswire,Unknown,News,2026-09-01T16:14:31.530359Z
88e46b41162aade16c08bc00d96610e1,Shein raises $1.7B in Hong Kong IPO as Chinese tech listings surge,https://cryptobriefing.com/shein-hong-kong-ipo-chinese-tech-boom/,Editorial Team,2026-08-31T14:32:24Z,import tariffs,"Shein's IPO highlights shifting global trade dynamics and regulatory challenges, impacting Chinese tech firms' strategic market decisions.
The post Shein raises $1.7B in Hong Kong IPO as Chinese tech listings surge appeared first on Crypto Briefing.",Crypto Briefing,China,Market Report,2026-09-01T16:14:31.530374Z
d15a9b8c18db7c31d79c8afab31ae110,"As US Bans Chinese Robots, Serbia Launches Mass Humanoid Production",https://www.rferl.org/a/robotics-serbia-china-factory-us-ban-humanoid/33844101.html,Svetlana Bozic Kraincanic,2026-08-31T14:21:58Z,import tariffs,"Robotics company AGIBOT has begun producing humanoid robots as part of a Chinese/Serbian venture at a facility in western Serbia. The robots could appear in Serbia’s military within weeks, Belgrade claims.",Radio Free Europe/ Radio Liberty,China,News,2026-09-01T16:14:31.530396Z
eb431fd060b06fd159a543c947f8c414,GRT Jewellers seeks control of Tribhovandas Bhimji Zaveri in up to $109 million deal,https://economictimes.indiatimes.com/industry/cons-products/fashion-/-cosmetics-/-jewellery/grt-jewellers-seeks-control-of-tribhovandas-bhimji-zaveri-in-up-to-109-million-deal/articleshow/133654324.cms,Reuters,2026-08-31T13:46:23Z,import tariffs,GRT Jewellers will acquire a significant stake in Tribhovandas Bhimji Zaveri for over 10 billion rupees. This acquisition aims to expand GRT's nationwide presence through Tribhovandas Bhimji Zaveri's existing stores. The deal involves acquiring a majority sta…,The Times of India,Unknown,News,2026-09-01T16:14:31.530449Z
65d3a5e0cfe9b3c4a2850a96857064ec,"AMD, Cisco and HUMAIN Expand Saudi Arabia’s AI Infrastructure as AMD Instinct Systems Go Live",https://financialpost.com/globe-newswire/amd-cisco-and-humain-expand-saudi-arabias-ai-infrastructure-as-amd-instinct-systems-go-live,GlobeNewswire,2026-08-31T11:17:34Z,import tariffs,"News Highlights HUMAIN is now delivering production AI compute in Saudi Arabia powered by AMD Instinct™ MI355X GPUs, AMD EPYC™ CPUs and Cisco Silicon One-based AI networking to deliver the performance, scale and resilience necessary for next-generation worklo…",Financial Post,Unknown,News,2026-09-01T16:14:31.530531Z
2f1f48767b096a458c004b47165c63e3,"AMD, Cisco and HUMAIN Expand Saudi Arabia’s AI Infrastructure as AMD Instinct Systems Go Live",https://newsroom.cisco.com/c/r/newsroom/en/us/a/y2026/m08/amd-cisco-and-humain-expand-saudi-arabia-ai-infrastructure.html,,2026-08-31T11:15:00Z,import tariffs,"Cisco and HUMAIN, announced that AMD Instinct MI355X GPU-based AI infrastructure built on Cisco Silicon One-based AI networking is now live in Saudi Arabia and serving HUMAIN customers in the Kingdom and beyond. More RSS Feeds: https://newsroom.cisco.com/c/r/…",Cisco.com,Unknown,News,2026-09-01T16:14:31.530584Z
27bfa0d983fe73d237a12cf5fe789e98,"How Trump's beef plan, tariffs risk alienating farmers, GOP voters",https://abcnews.com/Politics/trumps-beef-plan-tariffs-risk-alienating-farmers-gop/story?id=136042007,"Gaby Vinick, Benjamin Siegel",2026-08-31T09:42:18Z,import tariffs,Some districts with the largest volume of cattle sales are among the most competitive this cycle.,Abcnews.com,Unknown,News,2026-09-01T16:14:31.530650Z
8a0f0b2cc6c6e7133225c24f2a847662,"Around the Book World: August 31, 2026",https://publishingperspectives.com/2026/08/around-the-book-world-august-31-2026/,Carlo Carrenho,2026-08-31T08:17:56Z,import tariffs,"Publishing analyst Carlo Carrenho kicks off the week with a review of the headlines from across the international publishing world.
The post Around the Book World: August 31, 2026 appeared first on Publishing Perspectives.",Publishingperspectives.com,Global,Analysis/Opinion,2026-09-01T16:14:31.530682Z
dcfc2a8986cd610ba7f185f419ae87e4,Govt likely discussing import duty cut on gold and silver as high tariffs ‘fail’ to curb imports,https://economictimes.indiatimes.com/industry/cons-products/fashion-/-cosmetics-/-jewellery/govt-likely-discussing-import-duty-cut-on-gold-and-silver-as-high-tariffs-fail-to-curb-imports/articleshow/133645802.cms,Rakshanda Sharma,2026-08-31T07:51:53Z,import tariffs,"The government is discussing a possible cut in gold and silver import duties after the higher rates failed to reduce imports and instead contributed to a rise in the grey market, Gems & Jewellery Council chairman Rajesh Rokde told ET Online.",The Times of India,Unknown,Market Report,2026-09-01T16:14:31.530728Z
4cf69645b0b8a30e23cd68682ffb0246,Shein CEO’s wealth slumps $15 billion after whittled-down IPO,https://fortune.com/2026/08/30/shein-ceo-wealth-sky-xu-15-billion-hong-kong-ipo/,"Dave Sebastian, Pui Gwen Yeung, Bloomberg",2026-08-30T23:39:25Z,import tariffs,Shein is set to go public in Hong Kong on Tuesday at just over a quarter of the $100 billion it was worth in 2022.,Fortune,Unknown,News,2026-09-01T16:14:31.530787Z
b21a88860b32cb2ab6971a1bffad0bc0,Shein CEO’s Wealth Slumps $15 Billion After Whittled-Down IPO,https://finance.yahoo.com/markets/stocks/articles/shein-ceo-wealth-slumps-15-230000278.html,Dave Sebastian and Pui Gwen Yeung,2026-08-30T23:00:00Z,import tariffs,"Chinese fast-fashion business Shein Global Holdings Ltd. was once worth more than the parent companies of H&M and Zara, giving its reclusive boss Sky Xu a ne...",Yahoo Entertainment,China,News,2026-09-01T16:14:31.530804Z
4a406cd7065edecd0b2f1e8482feab03,How a comic book store got swept into the tariff storm,https://www.npr.org/2026/08/30/nx-s1-5939521/tariff-refunds-canada-trade-war,Stephan Bisaha,2026-08-30T10:00:00Z,import tariffs,Tariffs continue to rile all kinds of American businesses more than a year after Trump unveiled his first set of tariffs — including a comic book store owner in Ohio.,NPR,USA,News,2026-09-01T16:14:31.530861Z
5f53fc923ae2ff59180c2c239063043c,How to avoid rental disputes: Delhi Police plans awareness session for Northeast tenants,https://timesofindia.indiatimes.com/real-estate/news/how-to-avoid-rental-disputes-delhi-police-plans-awareness-session-for-northeast-tenants/articleshow/133626930.cms,Yashasvi Vasistha,2026-08-30T09:56:40Z,import tariffs,Delhi Police will host an awareness program next week for Northeast residents. The event will focus on rental agreements and security deposit issues. Tenants will learn about their rights and responsibilities regarding rent. Police will widely circulate advis…,The Times of India,Unknown,News,2026-09-01T16:14:31.530917Z
805807a6db5377fb55d7a50fd3c30dd0,"NEET PG 2026: NBEMS announces September 5 re-exam for 2,445 candidates affected at Jaipur's Sitapura centres",https://timesofindia.indiatimes.com/education/news/neet-pg-2026-nbems-announces-september-5-re-exam-for-2445-candidates-affected-at-jaipurs-sitapura-centres/articleshow/133626894.cms,TOI Education,2026-08-30T09:49:08Z,import tariffs,"The NEET PG 2026 re-examination is set for September 5, following technical issues at two Jaipur centers that affected 2,445 students. In response, the National Board of Examinations in Medical Sciences has scheduled this new date to maintain fairness among p…",The Times of India,Unknown,News,2026-09-01T16:14:31.530969Z
98d8aaaa0204dc99c6d8eb1f7d9d9623,"Iceland rejects EU membership plan in referendum, public broadcaster reports | CNN",https://www.cnn.com/2026/08/29/europe/iceland-eu-referendum-talks-votes-hnk-intl,,2026-08-30T03:31:41Z,import tariffs,"Iceland has rejected ​the government’s proposal to ⁠hold accession talks ⁠with the European Union, public broadcaster ‌RUV ⁠reported on Sunday with only ​a small ​number ‌of ​votes left to ⁠count.",CNN,Unknown,Market Report,2026-09-01T16:14:31.531058Z
5c6e371305eb33c64e0ae5d952d16166,Hamberder helper,https://www.lawyersgunsmoneyblog.com/2026/08/hamberder-helper,Shakezula,2026-08-29T21:55:20Z,import tariffs,"I had a few immediate observations when I read about about Operation Dead Meat, the tRump Roast plan to dump 300,000 tons of mystery meat on the U.S. market. It is supposed to help American consumers and cattle ranchers, and make people like him. The first th…",Lawyersgunsmoneyblog.com,USA,Market Report,2026-09-01T16:14:31.531080Z
c312fa35a14072d81a3fa479cf43ff5f,US defends Trump’s tariffs on Asian allies,https://www.manilatimes.net/2026/08/30/business/top-business/us-defends-trumps-tariffs-on-asian-allies/2414491,Allen Limos,2026-08-29T17:49:38Z,import tariffs,"THE United States defended President Donald Trump’s administration on its imposition of tariffs, describing them as an essential tool designed to “rebalance trade.”",The Manila Times,USA,News,2026-09-01T16:14:31.531104Z
21e5c379ad20612757a54e64ac9ade1e,"Trump vs Carney: Cars, homes, booze and more caught in US-Canada tariff war",https://timesofindia.indiatimes.com/business/international-business/trump-vs-carney-cars-homes-booze-and-more-caught-in-us-canada-tariff-war/articleshow/133615510.cms,Shivanghi Payal,2026-08-29T16:17:41Z,import tariffs,The recent imposition of new tariffs on vehicles and construction materials has intensified the trade conflict between the US and Canada. This has also led to surging import taxes on other household products and alcoholic beverages. Both businesses and consum…,The Times of India,Unknown,News,2026-09-01T16:14:31.531159Z
f1af5c616139c8454a174cd17f3b8020,"For his latest tariffs, Trump used a statute so obscure many lawyers didn’t even know it still existed. ‘This law is literally a blank canvas’",https://fortune.com/2026/08/29/trump-tariffs-canada-trade-war-smoot-hawley-act-1930/,"Paul Wiseman, The Associated Press",2026-08-29T14:51:15Z,import tariffs,Trump invoked Section 338 of the Tariff Act of 1930 to slap a 50% tax on $20 billion worth of Canadian imports.,Fortune,Unknown,News,2026-09-01T16:14:31.531204Z
6d5659b23f09592f3b44a790027a08f2,"Untested in court, Trump's new tariffs on Canada raise legal questions",https://abcnews.com/Business/wireStory/untested-court-trumps-new-tariffs-canada-raise-legal-136053365,PAUL WISEMAN AP economics writer,2026-08-29T13:34:02Z,import tariffs,"In firing up a trade war with Canada, President Donald Trump turned to a 96-year-old statute so obscure that many trade lawyers didn’t even know it was still on the books",Abcnews.com,Unknown,News,2026-09-01T16:14:31.531247Z
6231f98a45bb972c530aa7c74ab0d833,"Untested in court, Trump's new tariffs on Canada raise legal questions",https://economictimes.indiatimes.com/news/international/global-trends/untested-in-court-trumps-new-tariffs-on-canada-raise-legal-questions-section-338-us-news/articleshow/133612623.cms,AP,2026-08-29T13:17:29Z,import tariffs,"President Trump invoked a 96-year-old law to impose tariffs on Canadian imports. This action prompted retaliatory measures from Ottawa, straining bilateral relations. Legal experts question the legality and applicability of this Depression-era statute. Newer …",The Times of India,Unknown,News,2026-09-01T16:14:31.531299Z
bc6810d6d8993a9b1ac3122604a78047,"Buffett remains active at 96, but Berkshire's shares aren't doing much",https://www.cnbc.com/2026/08/29/buffett-remains-active-at-96-but-berkshires-shares-arent-doing-much.html,Alex Crippen,2026-08-29T11:53:36Z,import tariffs,"Warren Buffett will be celebrating his 96th birthday on Sunday, but Berkshire Hathaway investors aren't celebrating the stock's anemic performance.",CNBC,Unknown,News,2026-09-01T16:14:31.531346Z
5973b5d01328f417dfaaf80c7ab85f64,Taiwan prosecutors search Unimicron in suspected China fraud case,https://economictimes.indiatimes.com/tech/technology/taiwan-prosecutors-search-unimicron-in-suspected-china-fraud-case/articleshow/133602615.cms,Reuters,2026-08-29T02:45:19Z,import tariffs,Prosecutors ‌in the ⁠northern ⁠city of Taoyuan said they had searched two company ​locations and questioned 18 defendants and witnesses.,The Times of India,China,News,2026-09-01T16:14:31.531365Z
4f1b8b79ad77c8c9913797119e0eb428,What tariffs will really cost Canadians and Americans,https://www.bbc.co.uk/news/articles/cx2z4dv6vn2o,https://www.facebook.com/bbcnews,2026-08-29T00:15:19Z,import tariffs,"Households and businesses have become used to tariffs impacting the cost of living for more than year now, so what will change now?",BBC News,USA,News,2026-09-01T16:14:31.531384Z
9d89734b2158a2d4cde53030fa0913ab,PPWR lands another blow to an precarious tabletop industry,https://www.rascal.news/ppwr-lands-another-blow-to-an-already-precarious-tabletop-industry/,healsdata,2026-08-28T23:41:05Z,import tariffs,"Article URL: https://www.rascal.news/ppwr-lands-another-blow-to-an-already-precarious-tabletop-industry/
Comments URL: https://news.ycombinator.com/item?id=49485504
Points: 3
# Comments: 0",Rascal.news,Unknown,Analysis/Opinion,2026-09-01T16:14:31.531414Z
bd3dc74c3b1ff4192bb09d755eefc91a,Harley-Davidson becomes unlikely flashpoint in Canada-U.S. trade war,https://nationalpost.com/news/harley-davidson-becomes-unlikely-flashpoint-in-canada-u-s-trade-war,Tracy Moran,2026-08-28T18:58:18Z,import tariffs,"Canadian planned tariffs on large US-origin motorcycles could test Trump’s reshoring agenda, turning Harley into a symbol before midterms.",National Post,Unknown,News,2026-09-01T16:14:31.531505Z
e665c505a17568c43d88fdb870908934,Trump officially signs executive order directing government to rename Lake Ontario as ‘Lake America’,https://fortune.com/2026/08/28/trump-lake-ontario-lake-america-canada/,"Michelle L. Price, Will Weissert, The Associated Press",2026-08-28T17:49:52Z,import tariffs,"Trump, who signed the order at the Resolute Desk in the Oval Office, sat in front of a map with the words, “MAKING THE GREAT LAKES EVEN GREATER.”",Fortune,USA,News,2026-09-01T16:14:31.531532Z
ac9e487c670ee99aca5ee93ebbb85082,Map Shows Donald Trump Approval Rating in America’s Biggest Beef States - Newsweek,https://slashdot.org/firehose.pl?op=view&amp;id=185255190,feedfeeder,2026-08-28T17:13:11Z,import tariffs,"Map Shows Donald Trump Approval Rating in America’s Biggest Beef StatesNewsweek Trump signs proclamation to pause some beef tariffs despite backlash from farmers, GOPABC News - Breaking News, Latest News and Videos Cattle ranchers express concern about U.S. p…",Slashdot.org,USA,News,2026-09-01T16:14:31.531564Z
5766136a69bd6c8b8db699021a322e99,Canadian economy recovers sharply in Q2 but shadow of US tariffs in future,https://www.aljazeera.com/economy/2026/8/28/canadian-economy-recovers-sharply-in-q2-but-shadow-of-us-tariffs-in-future,,2026-08-28T16:59:48Z,import tariffs,"Healthy domestic demand, led by consumer spending and business investment, shows Canada was brushing off past tariffs.",Al Jazeera English,Unknown,News,2026-09-01T16:14:31.531630Z
8599fe861df6a0c925ce6ae2e6026b8f,Interprovincial trade barriers are falling. But rewriting old rules will take time,https://www.cbc.ca/news/politics/interprovincial-trade-barriers-9.7323970,Ian Bickis,2026-08-28T14:14:49Z,import tariffs,The collapse of talks with the United States has added urgency to reducing trade barriers within Canada. But experts say it's not a simple fix.,CBC News,USA,News,2026-09-01T16:14:31.531651Z
835e7b68700b4ec55476d23893556855,"Canadian economy recovers sharply in second quarter as domestic demand revives, exports grow",https://finance.yahoo.com/economy/articles/canadas-second-quarter-gdp-recovers-123845634.html,By Promit Mukherjee,2026-08-28T13:59:42Z,import tariffs,"OTTAWA, Aug 28 (Reuters) - Canada's economy rebounded sharply in the second quarter after six months of virtually no growth, aided by a strong jump in export...",Yahoo Entertainment,Unknown,News,2026-09-01T16:14:31.531688Z
9f405d91c1068683c3abd0287da97aa0,Canada's second quarter GDP recovers sharply,https://www.rte.ie/news/business/2026/0828/1589597-canadas-second-quarter-gdp-recovers-sharply/,RTÉ News,2026-08-28T13:28:54Z,import tariffs,"Canada's economy rebounded sharply in the second quarter after six months of virtually no growth, aided by a strong jump in exports and solid domestic demand, data showed today.",RTE,Unknown,News,2026-09-01T16:14:31.531724Z
7e15a80af8e2cdc551b5a14a14d9628e,"Datacenters face direct hit from China rare earth curbs, as clock runs out on escalated licensing chokeoff",https://www.theregister.com/systems/2026/08/28/datacenters-face-direct-hit-from-china-rare-earth-curbs-as-clock-runs-out-on-escalated-licensing-chokeoff/5293257,Dan Robinson,2026-08-28T13:01:14Z,import tariffs,Paused export controls on materials used in key IT components due for review in November,Theregister.com,China,Analysis/Opinion,2026-09-01T16:14:31.531733Z
4bfd156bf6dd35b71bc513d07714dbce,India sees Canada export opening as US trade tensions reshape imports: Report,https://economictimes.indiatimes.com/news/economy/foreign-trade/india-sees-canada-export-opening-as-us-trade-tensions-reshape-imports-report/articleshow/133591581.cms,ET Online,2026-08-28T12:56:39Z,import tariffs,"India sees new export chances in Canada as economic ties strengthen.  Bilateral trade aims for fifty billion dollars by twenty thirty, with talks ongoing.  India's goods exports to Canada grew significantly, showing market momentum.  Canada's tariffs on US pr…",The Times of India,India,Market Report,2026-09-01T16:14:31.531755Z
23fd42b1024e40d17f227239e4409e17,"Novavax's Partnership Strategy Continues to Deliver with XFG-adapted Nuvaxovid™ Approvals in the U.S., EU and Japan for 2026-2027 Vaccination Season",https://www.prnewswire.com/news-releases/novavaxs-partnership-strategy-continues-to-deliver-with-xfg-adapted-nuvaxovid-approvals-in-the-us-eu-and-japan-for-2026-2027-vaccination-season-302862775.html,,2026-08-28T12:30:00Z,import tariffs,"COVID-19 remains a public health challenge, particularly among older adults and high-risk populations1 Novavax's partners are ready to bring its protein-based, non-mRNA vaccine with a favorable tolerability profile to global markets, providing an important op…",PRNewswire,Japan,Market Report,2026-09-01T16:14:31.531792Z
f57570f7f2fae53eb612bd80f09833ba,"Canada can weather latest U.S. tariffs, economists tell Champagne",https://financialpost.com/news/economy/canada-weather-us-tariffs-economists-carney-finance-chief,Bloomberg News,2026-08-28T11:31:14Z,import tariffs,Small- and medium-sized businesses are likely to feel the brunt of the new import taxes the U.S. has placed on hundreds of items from Canada,Financial Post,Unknown,News,2026-09-01T16:14:31.531826Z
d74b6fa268c15af476428add2d83c837,Canada Should Ignore Trump's Protectionism and Unilaterally Enact Free Trade,https://finance.yahoo.com/economy/policy/articles/canada-ignore-trumps-protectionism-unilaterally-110032348.html,J.D. Tuccille,2026-08-28T11:00:32Z,import tariffs,U.S. tariffs hurt Americans. Retaliatory tariffs will hurt Canadians.,Yahoo Entertainment,USA,News,2026-09-01T16:14:31.531847Z
3968bb93e66f11b7c5215731ccd7f4c2,Shein shifts IPO plans from New York and London to Hong Kong,https://cryptobriefing.com/shein-ipo-hong-kong-listing/,Editorial Team,2026-08-28T10:04:57Z,import tariffs,"Shein's Hong Kong IPO reflects shifting geopolitical dynamics and highlights the challenges Chinese firms face in Western financial markets.
The post Shein shifts IPO plans from New York and London to Hong Kong appeared first on Crypto Briefing.",Crypto Briefing,China,Market Report,2026-09-01T16:14:31.531861Z
fbfa55b778d37c8884b041d22f63f4db,Businesses are getting tariff refunds. Why aren't consumers getting their cut?,https://www.npr.org/2026/08/28/nx-s1-5946782/businesses-getting-tariff-refunds-why-arent-consumers-getting-their-cut,Stephan Bisaha,2026-08-28T09:00:00Z,import tariffs,"A slew of American companies are getting billions of dollars back in tariff refunds after a Supreme Court ruling. Many consumers, though, may never get anything back.",NPR,USA,News,2026-09-01T16:14:31.531883Z
c69595e2d6b1ec0385c395dbd69a6092,Goa-born Canadian's photos reveal the full story after Trump’s eagle-goose post backfires,https://economictimes.indiatimes.com/news/international/world-news/goa-born-canadians-photos-tell-the-full-story-after-trumps-eagle-goose-post-backfires/articleshow/133587356.cms,PTI,2026-08-28T08:46:32Z,import tariffs,A White House photograph intended to show American dominance backfired online. The image depicted a bald eagle struggling against a Canada goose. This photo was previously used after the US hockey team defeated Canada. The US recently imposed significant tari…,The Times of India,USA,News,2026-09-01T16:14:31.531916Z
1368251b142b7fd08a18450fe61ec388,The US needs more aluminium and it needs it now,https://economictimes.indiatimes.com/news/international/world-news/the-us-needs-more-aluminium-and-it-needs-it-now/articleshow/133587051.cms,Reuters,2026-08-28T08:05:44Z,import tariffs,The United States urgently requires more aluminium for its defense sector. Domestic production faces significant challenges and long lead times for new facilities. High-purity aluminium imports are particularly vulnerable after a recent attack on a key suppli…,The Times of India,USA,News,2026-09-01T16:14:31.531944Z
76574f13193341084f0a239146985c42,Trump signs proclamation to pause some beef tariffs despite backlash from base,https://abcnews.com/Politics/trump-signs-proclamation-pause-beef-tariffs-despite-backlash/story?id=136009139,"Emily Chang, Benjamin Siegel",2026-08-28T01:54:40Z,import tariffs,"Farmers, ranchers and GOP lawmakers have expressed public outrage over the plan.",Abcnews.com,Unknown,News,2026-09-01T16:14:31.531974Z
1ac41f2e6e4e59fca32f9fc066ba0803,Alberta Canada Premier Danielle Smith Speaks Out – Explains Why PM Carney’s Threats Against US is Suicide for Canadian Economy (Video),https://www.thegatewaypundit.com/2026/08/alberta-canada-premier-danielle-smith-speaks-explains-why/,Jim Hoft,2026-08-27T21:40:12Z,import tariffs,"Globalist leader and Canadian Prime Minister Mark Carney walked away from a trade deal with the United States after negotiations reportedly broke apart on Friday night.
The post Alberta Canada Premier Danielle Smith Speaks Out – Explains Why PM Carney’s Threa…",Thegatewaypundit.com,USA,Market Report,2026-09-01T16:14:31.532007Z
7cf8d1a16eadd3212de77d17ebd62b44,"AUTODESK, INC. ANNOUNCES FISCAL 2027 SECOND QUARTER RESULTS",https://www.prnewswire.com/news-releases/autodesk-inc-announces-fiscal-2027-second-quarter-results-302861696.html,,2026-08-27T20:01:00Z,import tariffs,"- Second quarter revenue grew 16 percent year over year as reported, 14 percent on a constant currency basis, to $2.05 billion SAN FRANCISCO, Aug. 27, 2026 /PRNewswire/ -- Autodesk, Inc. (NASDAQ: ADSK) today reported financial results for the second quarter o…",PRNewswire,Unknown,Market Report,2026-09-01T16:14:31.532094Z
f5e80b1380b198486df95215ab9b7896,"In border states, even Trump’s own party wants the Canada fight to be over",https://fortune.com/2026/08/27/tariff-canada-reaction-maine-michigan-vermont/,Nick Lichtenberg,2026-08-27T19:39:07Z,import tariffs,"Governors, senators, and automakers in Maine, Vermont, and Michigan have spent 18 months warning the White House a trade war with Canada would bite.",Fortune,Unknown,News,2026-09-01T16:14:31.532134Z
fb2715b2ae8fc6f246fc0e33c7b90ecf,Fed's Collins says latest US inflation readings are 'mixed',https://economictimes.indiatimes.com/markets/us-stocks/news/feds-collins-says-latest-us-inflation-readings-are-mixed/articleshow/133576376.cms,Reuters,2026-08-27T18:24:01Z,import tariffs,"US Federal Reserve officials offered differing views on the inflation outlook, with Boston Fed President Susan Collins calling July’s data mixed and maintaining her expectation of gradual disinflation. Cleveland Fed President Beth Hammack remained more hawkis…",The Times of India,Unknown,Analysis/Opinion,2026-09-01T16:14:31.532177Z
042cdc88e67f3c0bb9a1f85393abef22,Canada Should Ignore Trump's Protectionism and Unilaterally Enact Free Trade,https://reason.com/2026/08/28/canada-should-ignore-trumps-protectionism-and-unilaterally-enact-free-trade/,J.D. Tuccille,2026-08-27T18:04:35Z,import tariffs,Countering self-inflicted harm on Americans with self-inflicted harm on Canadians doesn't lead anywhere good,Reason,USA,News,2026-09-01T16:14:31.532197Z
c0e0075540d66dfab6fc11958c2b21c8,Fed's Collins says latest US inflation readings are 'mixed',https://finance.yahoo.com/economy/policy/articles/feds-collins-says-latest-us-180405367.html,By Howard Schneider,2026-08-27T18:04:05Z,import tariffs,"JACKSON HOLE, Wyoming, Aug 27 (Reuters) - The latest U. inflation report was ""mixed,"" with the headline rate stronger than expected but driven higher by a pa...",Yahoo Entertainment,Unknown,Market Report,2026-09-01T16:14:31.532234Z
eaffe6f8ffdd3cd7327e0eb873bf3e26,Panic Passes Trump Tariff Refunds Back to Playdate Customers,https://news.slashdot.org/story/26/08/27/1641246/panic-passes-trump-tariff-refunds-back-to-playdate-customers,BeauHD,2026-08-27T18:00:00Z,import tariffs,"Panic is refunding Playdate customers the 19% tariff charges it passed along while the Trump administration's import duties were in effect, after the Supreme Court ruled the tariffs illegal and the company began receiving refunds from the government. Panic sa…",Slashdot.org,Unknown,News,2026-09-01T16:14:31.532284Z
2959e9a100cec28fb4276ae9f892dbf2,"Canadian consumers will feel the pinch from tariffs, just not right away, economists say",https://financialpost.com/news/economy/tariffs-may-hike-canadian-consumer-prices-future,Paula Tran,2026-08-27T17:50:29Z,import tariffs,Canada’s counter-tariffs could add pressure on households amid rising living costs but the full impact may not be felt for months. Read on,Financial Post,Unknown,News,2026-09-01T16:14:31.532335Z
c22e5ec905ef8a1296d0e685e18e76f9,Trump signs order renaming Lake Ontario as 'Lake America' in the United States,https://www.yahoo.com/news/politics/articles/us--trump-lake-ontario-173428717.html,MICHELLE L. PRICE and WILL WEISSERT,2026-08-27T17:34:28Z,import tariffs,President Donald Trump said Thursday he is renaming Lake Ontario to be known as “Lake America” in the United States as he exacerbates his trade war with Cana...,Yahoo Entertainment,USA,News,2026-09-01T16:14:31.532360Z
ef8f9cab28340bcbb3cdf5b5cfdf7656,Trump threatens to reinstate video game hardware tariffs as console prices already hit record highs,https://cryptobriefing.com/trump-video-game-hardware-tariffs-2026/,Editorial Team,2026-08-27T17:26:07Z,import tariffs,"Potential tariffs could exacerbate console price hikes, strain supply chains, and challenge the gaming industry's market dynamics and growth.
The post Trump threatens to reinstate video game hardware tariffs as console prices already hit record highs appeared…",Crypto Briefing,Unknown,Market Report,2026-09-01T16:14:31.532407Z
07b0383d3bf6e3a29453cbe02e937257,Trump Appears to Exclude Argentina From Cheap Beef Imports Plan,https://biztoc.com/x/40c94ff879dd55ce,newsweek.com,2026-08-27T17:20:49Z,import tariffs,"Though questions still surround President Donald Trump’s plan to import foreign beef to ease domestic costs, official announcements from the administration appear to be narrowing the list of countries that could supply the meat to the U.S.
On Friday, Trump sa…",Biztoc.com,Unknown,News,2026-09-01T16:14:31.532458Z
909bfce50ca503971e468d536a8d5719,Trump Reportedly Flirting With A New Round Of Tariffs On Gaming Hardware,https://kotaku.com/trump-reportedly-flirting-with-a-new-round-of-tariffs-on-gaming-hardware-2000728863,Ethan Gach,2026-08-27T15:40:24Z,import tariffs,Console prices are already going up due to RAMageddon,Kotaku,Unknown,Market Report,2026-09-01T16:14:31.532484Z
946234d6e7033355e58e75a3733cf3d1,"In Effort to Boost Affordability, Trump Signs Proclamation Importing Foreign Beef",https://www.dailysignal.com/2026/08/27/trump-proclamation-importing-beef/,Elizabeth Mitchell,2026-08-27T15:20:00Z,import tariffs,"President Donald Trump signed a proclamation Wednesday afternoon to increase foreign imports of beef in an effort to lower beef prices ahead of midterms. Trump is temporarily removing tariffs from 300,000 metric tons of imported lean beef trimmings for 90 day…",Daily Signal,Unknown,Market Report,2026-09-01T16:14:31.532530Z
a940898f85db927f2cba3d7af00bf7cb,Rancher resents being held accountable for her Trump vote,http://www.dailykos.com/stories/2026/8/27/800089881/news/rancher-resents-being-held-accountable-for-her-trump-vote/,kos,2026-08-27T15:00:00Z,import tariffs,That FAFO stage is always the worst.,Dailykos.com,Unknown,News,2026-09-01T16:14:31.532555Z
6b55c29172a3a092e7ea7f060adfde02,"No major challenge likely in E10 petrol supplies, several aspects under consideration: BPCL CMD",https://www.livemint.com/companies/news/no-major-challenge-likely-in-e10-petrol-supplies-several-aspects-under-consideration-bpcl-cmd-11787836537518.html,Rituraj Baruah,2026-08-27T14:49:00Z,import tariffs,"Oil marketing companies are prepared to supply petrol containing up to 10% ethanol, as the existing network can dispense it, says Sanjay Khanna, chairman and managing director of BPCL.",Livemint,Unknown,Market Report,2026-09-01T16:14:31.532591Z
7faeab97768d3314150cfdb8dad92bad,"Canada removes U.S. seafood from counter-tariffs, citing feedback",https://financialpost.com/news/economy/canada-removes-us-seafood-from-counter-tariffs,Bloomberg News,2026-08-27T13:52:10Z,import tariffs,Canada removed fish and seafood from a list of counter-tariffs one day after announcing import duties against U.S. goods. Find out more here,Financial Post,Unknown,News,2026-09-01T16:14:31.532627Z
bdbee630f0a12315bb64ea9303eed170,Map Reveals America's Top Beef Suppliers As Trump Signs Controversial Import Plan,https://biztoc.com/x/28dbee98b215f695,newsweek.com,2026-08-27T12:16:23Z,import tariffs,"President Donald Trump has formalized plans to temporarily lower tariff rates and import significant quantities of foreign beef in an effort to ease record-high prices in the U.S.
According to a proclamation signed on Wednesday, tariffs will be waived on 300,…",Biztoc.com,USA,Market Report,2026-09-01T16:14:31.532653Z
7afc4909d2705a54039dac618206ac91,Forget the RAM crisis: New US tariff proposal could make your next smartphone even more expensive,https://www.androidauthority.com/us-semiconductor-tariffs-consumer-electronics-proposal-3703912/,Aamir Siddiqui,2026-08-27T12:10:15Z,import tariffs,"Proposed US tariffs on semiconductor-powered devices could soon drive up prices on smartphones, laptops, and everyday tech.",Android Authority,Unknown,Market Report,2026-09-01T16:14:31.532684Z
348789d7c936787e1812fa9c66cc7d96,How tariff refunds are shaking up earnings calls,https://www.cfodive.com/news/tariff-refunds-shaking-earnings-calls-trump/828616/,Alexei Alexis,2026-08-27T10:44:00Z,import tariffs,"Billions have been paid out in tariff refunds, with the impact showing up prominently in public companies’ earnings calls and financial statements.",CFO Dive,Unknown,News,2026-09-01T16:14:31.532765Z
35608326a6d677c670d2fe5738923e6d,"Markets News, Aug. 27, 2026: Nvidia Stock Powers Higher After Earnings, Driving Tech Gains; Nasdaq Closes Sharply Higher",https://www.investopedia.com/stock-market-today-dow-jones-s-and-p-500-08272026-12069234,Aaron Rennie,2026-08-27T10:43:24Z,import tariffs,"The tech-focused Nasdaq Composite finished with sharp gains Thursday, and the benchmark S&P 500 and blue-chip Dow Jones Industrial Average also advanced, fol...",Investopedia,Unknown,Market Report,2026-09-01T16:14:31.532799Z
9138bcf384fc4a483e50828ae77e2d80,HORMEL FOODS REPORTS THIRD QUARTER FISCAL 2026 RESULTS,https://www.prnewswire.com/news-releases/hormel-foods-reports-third-quarter-fiscal-2026-results-302861347.html,,2026-08-27T10:30:00Z,import tariffs,"Company Raises and Narrows Adjusted EPS¹ Outlook Following Solid Third Quarter and Strong Year-to-Date Performance AUSTIN, Minn., Aug. 27, 2026 /PRNewswire/ -- Hormel Foods Corporation (NYSE: HRL), a Fortune 500 global branded food company, today reported res…",PRNewswire,Global,Analysis/Opinion,2026-09-01T16:14:31.532839Z
d0875fe8f52eac411f3388fd7a6ed11c,Copper Hits Record as U.S. Tariff Threat Absorbs Global Surplus,https://www.naturalnews.com/2026-08-27-copper-hits-record-tariff-threat-absorbs-surplus.html,Sterling Ashworth,2026-08-27T06:00:00Z,import tariffs,"Copper hit a record in New York on Tuesday, Aug. 25, as the threat of U.S. import tariffs continues to pull metal into American warehouses and absorb what was projected to be a comfortable global surplus. Commodity Exchange (COMEX) copper for September delive…",Naturalnews.com,USA,News,2026-09-01T16:14:31.532918Z
b1d07be7ccc0c669f67f4967571a1d27,America faces crushing debt and a race-communist crisis,https://www.americanthinker.com/blog/2026/08/america-faces-crushing-debt-and-a-race-communist-crisis/,,2026-08-27T04:00:00Z,import tariffs,"By Joseph Ford CottoThe math is clear, the stakes absolute, and the responsibility rests with those who really put America first.",Americanthinker.com,USA,News,2026-09-01T16:14:31.532937Z
7894da9c7b4820073e9ba3e2d4f9b2fb,"Inside India newsletter: U.S., Russia vie for a bigger slice of the world’s third-largest energy market",https://www.cnbc.com/2026/08/27/india-us-russia-energy-oil-market.html,Priyanka Salve,2026-08-27T00:03:23Z,import tariffs,U.S. and Russia are competing to assert dominance in the world's third largest energy market.,CNBC,India,Market Report,2026-09-01T16:14:31.532955Z
9f88b35d305d7b3f99798bf1692839f3,Can Nigeria turn China’s zero-tariffs into industrial transformation?,https://punchng.com/can-nigeria-turn-chinas-zero-tariffs-into-industrial-transformation/,Punch Newspapers,2026-08-26T23:40:13Z,import tariffs,"There are moments in international trade when a policy announcement is much bigger than the headline suggests. China’s decision to extend zero-tariff treatment to products from 53 African countries is one of them. Effective May 1, 2026, China began granting z…",The Punch,China,News,2026-09-01T16:14:31.532978Z
bf464161400958fb64e827998c1069b4,Trump faces backlash from ranchers over plan to import beef,https://biztoc.com/x/0ff857031954dd6e,pbs.org,2026-08-26T23:23:09Z,import tariffs,"Backlash is mounting over President Trump's plan to pause tariffs on imported ground beef. The announcement has drawn sharp criticism from both ranchers and Republican politicians, who say the cheap imports will undercut struggling American producers and weak…",Biztoc.com,USA,News,2026-09-01T16:14:31.533010Z
38961a4a766fb394066a5ea2f8113c4a,Trump signs controversial beef import plan despite ranchers' backlash - Politico,https://slashdot.org/firehose.pl?op=view&amp;id=185207174,feedfeeder,2026-08-26T23:13:31Z,import tariffs,Trump signs controversial beef import plan despite ranchers' backlashPolitico Trump Eases Tariffs on Some Ground Beef Products to Lower PricesBloomberg.com G.O.P. Lawmakers Rebuke Trump on Plan to Increase Beef ImportsThe New York Times Trump reputation with …,Slashdot.org,Unknown,Market Report,2026-09-01T16:14:31.533056Z
3aafa086f4c69810f3be3caec15180bf,"In this red state, cattle ranchers are fuming. They blame Trump.",https://www.usatoday.com/story/news/politics/2026/08/26/cattle-ranchers-montana-reel-trump-foreign-beef/91440529007/,"Zachary Schermele, USA TODAY",2026-08-26T23:06:43Z,import tariffs,Some cattle ranchers in Montana are sounding off on President Trump's decision to import 300K metric tons of foreign beef.,USA Today,Unknown,News,2026-09-01T16:14:31.533090Z
1eb8cff6d82c65664e60f115c14d16c4,Canada is beating Trump at his own tariff game,http://www.dailykos.com/stories/2026/8/26/800089612/business-and-economy/canada-is-beating-trump-at-his-own-tariff-game/,kos,2026-08-26T23:01:00Z,import tariffs,"For all his self-created lore of being a consummate dealmaker, President Donald Trump actually sucks at deals, mostly using legal threats and actions to bully his way to his preferred outcomes. Canada has already retaliated, and its tariffs may have far more …",Dailykos.com,Unknown,News,2026-09-01T16:14:31.533139Z
925832a8b03009da3c591a9668fa7531,Trump faces backlash from ranchers over plan to import beef,https://www.pbs.org/newshour/show/trump-faces-backlash-from-ranchers-over-plan-to-import-beef,"PBS News, PBS NewsHour",2026-08-26T22:25:33Z,import tariffs,"Backlash is mounting over President Trump's plan to pause tariffs on imported ground beef. The announcement has drawn sharp criticism from both ranchers and Republican politicians, who say the cheap imports will undercut struggling American producers and weak…",PBS,USA,News,2026-09-01T16:14:31.533164Z
c3fe90ecde4358298ec926658d5e20a1,Canada walked away from a U.S. trade deal. What happens now?,https://theconversation.com/canada-walked-away-from-a-u-s-trade-deal-what-happens-now-290311,"Subhadip Ghosh, Associate Professor, School of Business, MacEwan University",2026-08-26T21:38:30Z,import tariffs,"Ottawa’s decision to walk away may have been justified, but it is costly for an economy still heavily dependent on the U.S. market.",The Conversation Africa,Unknown,Market Report,2026-09-01T16:14:31.533198Z
69b9788a22ac6d4d1eb4851338474d14,The White House's preferred economic tools are hitting snags,https://www.npr.org/2026/08/26/nx-s1-5928351/white-house-tarifffs-snags,Emily Feng,2026-08-26T20:29:45Z,import tariffs,Tariffs and export controls have been the Trump administration's main economic security tools. Neither is working very well right now.,NPR,Unknown,News,2026-09-01T16:14:31.533231Z
9158ba006f6f44ba2f95a5832f1770ae,Farming Leader Rips Trump's Beef Deal: 'There’s Always Something In It For Himself',https://www.huffpost.com/entry/black-farmers-association-john-boyd-blasts-trump-beef-insult_n_6a8f3467e4b02b26136eaf16,HuffPost,2026-08-26T20:29:39Z,import tariffs,"“It’s the right solution for himself, it’s what it sounds like, and those are many of the deals that the president does,” the farming leader said.",HuffPost,Unknown,News,2026-09-01T16:14:31.533274Z
d2cf1486937946ce68f3f940aa847bce,"Trump’s Canada, beef trade actions add to GOP midterm worries",https://financialpost.com/news/economy/trumps-canada-beef-trade-actions-add-midterm-worries,Bloomberg News,2026-08-26T18:57:08Z,import tariffs,Donald Trump’s latest trade upheaval is threatening to deepen Republicans’ peril in November’s U.S. midterm elections. Find out more here,Financial Post,Unknown,News,2026-09-01T16:14:31.533343Z
1a1999cf0aa0852f54b78a1fbc332d42,Fears that resurgent Midwest city famed for its blue collar industries could be plunged back into financial despair thanks to Trump's new tariffs on Canada,https://www.dailymail.com/news/article-16081331/fears-detroit-cars-canada-trump-tariffs.html,Lauren Acton-Taylor,2026-08-26T17:20:18Z,import tariffs,"After a trade deal between Canada and the US failed on Friday, Trump's new tariff threats have fears mounting for Detroit's booming automotive industry.",Dailymail.com,Unknown,News,2026-09-01T16:14:31.533389Z
d22be69e585e7d571c1f1e662a034522,"In 2025, First Solar began production at a 2.4-million-square-foot Louisiana plant. 1 year later, it can turn raw glass into 12 finished panels every minute",https://economictimes.indiatimes.com/news/international/us/science-in-2025-first-solar-began-production-at-a-2-4-million-square-foot-louisiana-plant-1-year-later-it-can-turn-raw-glass-into-12-finished-panels-every-minute/articleshow/133540793.cms,Muskan Singh,2026-08-26T17:12:11Z,import tariffs,"A massive Louisiana solar panel factory operates independently of new import tariffs. This plant produces panels using a unique cadmium telluride semiconductor technology. While free from polysilicon tariffs, it still needs Chinese tellurium for production. T…",The Times of India,China,Market Report,2026-09-01T16:14:31.533412Z
3491f2e44547d9e7b1e958872fb7ff80,Nenshi urges Alberta premier to cancel separation vote amid Canada-U.S. trade war,https://www.cbc.ca/news/canada/calgary/alberta-ndp-leader-calls-postpone-referendum-9.7321280,,2026-08-26T16:35:57Z,import tariffs,Alberta's Opposition leader says now is not the time to hold a referendum on quitting Canada as the country wages a consequential trade war with its southern neighbour.,CBC News,Unknown,News,2026-09-01T16:14:31.533450Z
8f4a98053ec1c3640fba29d80623447e,It Will Take a Fortune in Toilet Paper to Wipe Away Trump's Tariff Manipulation,https://www.jezebel.com/trump-tariffs-canada-toilet-paper-prices-lumber-materials-argentina-beef-ranchers-congress-angry,Jim Vorel,2026-08-26T15:02:27Z,import tariffs,Skyrocketing toilet paper prices and pissed-off beef ranchers have GOP members of Congress turning on Trump's damaging tariffs.,Jezebel,Unknown,Market Report,2026-09-01T16:14:31.533482Z
6fe9df3b8452bcf493658e4ffc839ca4,"US inflation holds at 3.7% in July, complicating Fed rate debate",https://economictimes.indiatimes.com/news/international/global-trends/us-inflation-holds-at-3-7-in-july-complicating-fed-rate-debate/articleshow/133542657.cms,Reuters,2026-08-26T13:29:31Z,import tariffs,"U.S. inflation remained unchanged in July, exceeding the Federal Reserve's target. This persistent inflation complicates the central bank's debate on interest rates. Economic growth for the second quarter was also reported unchanged at 1.5%. New tariff pressu…",The Times of India,Unknown,Market Report,2026-09-01T16:14:31.533527Z
b422e2240644839301a9150655e45d51,US inflation remains sticky in July at 3.7%,https://www.rte.ie/news/business/2026/0826/1589328-us-inflation-figures/,RTÉ News,2026-08-26T13:25:42Z,import tariffs,Annual US inflation unexpectedly held steady in July and remained well above the Federal Reserve's 2% target for the 65th month in a row.,RTE,Unknown,News,2026-09-01T16:14:31.533559Z
69f0fefe32d007dfd58d99b4df5a14e9,"Chinese drones, now facing tariffs, are the top choice of US builders",https://www.constructiondive.com/news/construction-chinese-drones-tariffs-top-choice/828846/,Matthew Thibault,2026-08-26T12:56:12Z,import tariffs,"Among respondents to an ABC survey, 97% of those who use drones said their primary machines were built by China’s DJI. The second most-cited brand also comes...",Constructiondive.com,China,News,2026-09-01T16:14:31.533577Z
9544e47efc7c67dafba31536e4939ad3,US inflation remains sticky in July; 2nd-quarter GDP unrevised at 1.5%,https://finance.yahoo.com/economy/policy/articles/us-inflation-remains-sticky-july-124816701.html,Reuters,2026-08-26T12:49:44Z,import tariffs,"Aug 26 (Reuters) - Annual U.S. inflation unexpectedly held steady in July well above the Federal Reserve's 2% target for the 65th straight month, and the pau...",Yahoo Entertainment,Unknown,News,2026-09-01T16:14:31.533612Z
6637cbad27ce48d0bd7e5312b94800c5,It's a quaint California enclave with a stunning mountain backdrop... so why is the median home price just $250k?,https://www.dailymail.com/real-estate/article-16082505/trinity-county-median-home-price-california.html,Sophie Gable,2026-08-31T15:04:00Z,trade restrictions,"Buying a home may seem like a distant dream for many, especially in expensive California, but in this stunning enclave, the average house price is nearly $200,000 below the national average.",Dailymail.com,Unknown,News,2026-09-01T16:14:32.302267Z
6110ada943d526a0bc6778e1d1207e3d,New York Governor Kathy Hochul thinks AI should be ‘less evil’,https://www.theverge.com/podcast/986661/ny-gov-kathy-hochul-ai-data-centers-ban-3d-printed-guns-flock-cameras,Nilay Patel,2026-08-31T14:06:46Z,trade restrictions,"Today, I’m talking with New York Governor Kathy Hochul, and I’ll just warn you — this episode moves really fast. It’s an election year, after all, with a shocking amount of tech policy at stake, and Governor Hochul has taken strong positions on almost every m…",The Verge,Unknown,News,2026-09-01T16:14:32.302338Z
60f7383ab62ead4ad7c75b4c3e37c9a2,"Kalshi promo code NYPMAX: Trade $25, get $25 for Aston Villa vs. Arsenal",https://nypost.com/2026/08/31/betting/kalshi-promo-code-nypmax-trade-25-get-25-for-aston-villa-vs-arsenal/,Michael Leboff,2026-08-31T14:00:00Z,trade restrictions,"Readers of The Post can trade $25, get $25 for Premier League soccer with Kalshi promo code NYPMAX.",New York Post,Unknown,News,2026-09-01T16:14:32.302371Z
afbf64c5a4646d02bd510fbcfe4650bc,"Knowledge, Attitudes and Practices (KAP) on Dengue Fever in Burkina Faso: Findings from the national household survey in Burkina Faso",https://journals.plos.org/plosntds/article?id=10.1371/journal.pntd.0014027,"Nicolas Ouédraogo, Siaka Débé, Harouna Soré, Farida Tiendrébégo, Gérard Wendyam Nonkani, Guillaume Sylvestre Sanou, Réné Kinda, Adama Ganou, Casimire Wendlamita Tarama, Sonia Ilboudo, Moussa Wamdaogo Guelbéogo, Isaie Medah, Adama Gansane",2026-08-31T14:00:00Z,trade restrictions,"Author summary Dengue fever is a mosquito-borne disease that is spreading in many parts of the world, including West Africa. In Burkina Faso, outbreaks have been reported in recent years, but little is known about what communities understand about the disease…",Plos.org,Unknown,Market Report,2026-09-01T16:14:32.302427Z
524bc1ccea7a14fb7ee8adedfe374c62,This Thesis for Marvell Technology Keeps Me Accumulating Amid Tailwinds,https://247wallst.com/investing/2026/08/31/this-thesis-for-marvell-technology-keeps-me-accumulating-amid-tailwinds/,Alex Sirois,2026-08-31T13:50:22Z,trade restrictions,"A post-earnings drop handed one investor a reason to buy more Marvell Technology, not sell it, and a Google warrant that binds a hyperscaler to shareholder r...",24/7 Wall St.,Unknown,News,2026-09-01T16:14:32.302465Z
bebd007b4a66d8125ed6264494dc2a20,"Orissa HC backs Odisha tobacco curbs, rejects manufacturers' challenge",https://www.business-standard.com/industry/news/orissa-hc-backs-odisha-tobacco-curbs-rejects-manufacturers-challenge-126083101151_1.html,Hemant Kumar Rout,2026-08-31T13:50:19Z,trade restrictions,The Orissa High Court rejected challenges by chewing-tobacco manufacturers but clarified that the state notification does not impose a blanket ban on all tobacco products,Business Standard,Unknown,News,2026-09-01T16:14:32.302503Z
d967a4210fcc77726224748a26e5a1c7,IPA Terminal Commences Arbitration to Prevent LOGISTEC From Reneging on Purchase Agreement,https://www.prnewswire.com/news-releases/ipa-terminal-commences-arbitration-to-prevent-logistec-from-reneging-on-purchase-agreement-302864983.html,,2026-08-31T13:12:00Z,trade restrictions,"Deal Hailed by Mexican and Canadian Governments; Buyers Now Cite Bogus Sanctions Issue as Pretext for Backing Out ALTAMIRA, Mexico, Aug. 31, 2026 /PRNewswire/ -- Christian Hess Ratz, Jurgen Hess Ratz, and Steel Connect, B.V. (collectively, the ""Sellers"") will…",PRNewswire,Unknown,News,2026-09-01T16:14:32.302615Z
95e8a9bd4a561f7537438a35177e7126,AIxC's RoboShare Makes U.S. Robot-Sharing History as Seven Robots Share the Stage with DU$TY and Big,https://www.prnewswire.com/news-releases/aixcs-roboshare-makes-us-robot-sharing-history-as-seven-robots-share-the-stage-with-duty-and-big-302864740.html,,2026-08-31T12:00:00Z,trade restrictions,"Paid Malibu deployment marks what AIxC believes is a U.S. robot-sharing first, demonstrates RoboShare's end-to-end service model and generates more than 20 expressions of commercial interest for potential future deployments LOS ANGELES, Aug. 31, 2026 /PRNewsw…",PRNewswire,Unknown,Market Report,2026-09-01T16:14:32.302663Z
5802ee82b01f9f59aa9a6431769bed8a,DOJ’s ‘sweetheart’ $400M settlement with TikTok puzzles DC insiders: ‘How did you get to that number?’,https://nypost.com/2026/08/31/business/dojs-sweetheart-400m-settlement-with-tiktok-puzzles-dc-insiders-how-did-you-get-to-that-number/,Thomas Barrabi,2026-08-31T11:34:23Z,trade restrictions,"The Justice Department’s $400 million deal to settle TikTok child privacy allegations has puzzled Beltway insiders over its easy terms and an unusual lack of transparency around the resolution to the blockbuster case, The Post has learned. In an Aug. 21 press…",New York Post,Unknown,News,2026-09-01T16:14:32.302769Z
a3bc5ec9915113b486b25b8dad999bab,"Vulnerability Summary for the Week of August 24, 2026",https://www.cisa.gov/news-events/bulletins/sb26-243,CISA,2026-08-31T11:06:49Z,trade restrictions,"High Vulnerabilities

<table>

<tr>
<th>PrimaryVendor -- Product</th>
<th>Description</th>
<th>Published</th>
<th>CVSS Score</th>
<th>Source Info</th>
</tr>



<tr>
<td>4MOSAn Security Technology--4MOSAn GCB Doctor</td>
<td>4MOSAn GCB Doctor developed by 4M…",Cisa.gov,Unknown,News,2026-09-01T16:14:32.302968Z
8da081f07743a763c2ac068129b7c098,The looming failure of Operation Economic Outcast,https://www.aljazeera.com/opinions/2026/8/31/the-looming-failure-of-operation-economic-outcast,"Jeffrey D Sachs, Sybil Fares",2026-08-31T10:18:40Z,trade restrictions,The latest package of US sanctions on Iran is unlikely to achieve Washington’s objectives.,Al Jazeera English,Unknown,News,2026-09-01T16:14:32.303002Z
50d1f41ea6c6d66d2a659ba235772ae9,Indonesia regulates textile imports to balance market demand,https://en.antaranews.com/news/429139/indonesia-regulates-textile-imports-to-balance-market-demand,"Ahmad, Kenzu",2026-08-31T09:07:26Z,trade restrictions,The Industry Ministry has ensured that its policy regulating imports of textiles and textile products (TPT) aims to balance supply and demand while protecting ...,Antaranews.com,Indonesia,Market Report,2026-09-01T16:14:32.303052Z
2ecb22f76062261761caa21b47685c56,Why India may revive 'Most-Favoured-Nation' rule in bilateral treaties,https://www.business-standard.com/economy/news/why-india-may-revive-most-favoured-nation-rule-in-bilateral-treaties-126083100575_1.html,Akshita Singh,2026-08-31T08:52:35Z,trade restrictions,"Most Favoured Nation: India dropped the MFN clause from its 2016 Model BIT after an investment dispute raised concerns over its broad use. Now, a limited MFN rule is reportedly under consideration",Business Standard,India,Market Report,2026-09-01T16:14:32.303113Z
53901f872705cb04bfaaca12259b9617,you can sing a different song - Anonymous - Heated Rivalry (TV) [Archive of Our Own],https://archiveofourown.org/works/88549011#main,silentflux,2026-08-31T05:47:01Z,trade restrictions,"Yuna Hollander has always loved hockey, from the first time her father sat her in front of a television screen to watch a game after dinner. It was the one thing she most looked forward to passing on to her own children, and she’s grateful that Shane took to …",Archiveofourown.org,Unknown,News,2026-09-01T16:14:32.303166Z
548142b534788efd96fc994fd92fbb12,Crypto Self-Directed IRA,https://themattwalshblog.com/crypto-self-directed-ira/,Matt Walsh,2026-08-31T05:15:32Z,trade restrictions,"A Crypto Self-Directed IRA is a retirement account that allows its owner to invest in cryptocurrencies such as Bitcoin and Ethereum. It preserves the tax structure of a Traditional, Roth, SEP, or SIMPLE IRA while providing access to assets that conventional b…",Themattwalshblog.com,Unknown,News,2026-09-01T16:14:32.303218Z
fef10b0914d1d5b6fbf7e8cccbf39f37,Huawei Mate XT 2 pre-orders are open and the specs look seriously ambitious,https://www.intomobile.com/2026/08/30/huawei-mate-xt-2-pre-orders-are-open-and-the-specs-look-seriously-ambitious/,Dusan Belic,2026-08-31T04:34:50Z,trade restrictions,"16GB RAM across every config, up to 2TB storage, and a brand new folding design — Huawei's next tri-folder is coming in hot",Intomobile.com,Unknown,News,2026-09-01T16:14:32.303272Z
0d0a6ebd6bd9cc94018172cf2072e97a,Trump demands Canadian companies relocate to US,https://www.rt.com/news/644861-trump-canadian-companies-relocate-us/,RT,2026-08-31T04:32:47Z,trade restrictions,President Donald Trump has demanded that Canadian companies operating in the American market relocate to the US to avoid tariffs Read Full Article at RT.com,RT,USA,Market Report,2026-09-01T16:14:32.303290Z
2b2ea85c3227716e55c4d4b4c22b40fc,Will GloFish reproduce?,https://www.lifesciencesworld.com/will-glofish-reproduce/,Ava Reynolds,2026-08-31T02:59:27Z,trade restrictions,"Will GloFish Reproduce? Unraveling the Mysteries of GloFish Breeding Will GloFish reproduce? The short answer is yes, GloFish are capable of reproducing, but successful breeding requires specific conditions and isn’t guaranteed in a typical home aquarium. The…",Lifesciencesworld.com,Unknown,News,2026-09-01T16:14:32.303345Z
c730a3a78ec5bce94b94c4d735e3181b,"The U.S. is building barriers around drones and robots, but China has scale to get around them",https://cryptobriefing.com/the-us-is-building-barriers-around-drones-and-robots-but-china-has-scale-to-get/,Estefano Gomez,2026-08-31T02:36:29Z,trade restrictions,"The U.S.-China tech rivalry intensifies, potentially reshaping global tech markets and impacting geopolitical stability, especially around Taiwan.
The post The U.S. is building barriers around drones and robots, but China has scale to get around them appeared…",Crypto Briefing,China,Market Report,2026-09-01T16:14:32.303361Z
851ea06e54ba4fe66bcbaa90d02ab8c4,"U.S. Visa Restrictions, Reviews and Applicant Suspensions Create Massive Anxiety in India – Millions Pour into DC Lobbyists",https://freerepublic.com/focus/f-bloggers/4393712/posts,The Conservative Treehouse,2026-08-31T01:36:40Z,trade restrictions,"CTH strongly emphasizes two key policy sectors, Maganomics and Immigration enforcement; they go together. We cannot achieve the economic results we want for the American people unless strong and powerful immigration enforcement is in place. While the Dept of …",Freerepublic.com,India,Analysis/Opinion,2026-09-01T16:14:32.303383Z
9a02b7e674834f9eaf5ee69b9085805b,Britain's Chief Rabbi warns sanctions over E1 could harm British Jews,https://www.israelnationalnews.com/news/432463,Israel National News,2026-08-31T00:08:26Z,trade restrictions,"Rabbi Sir Ephraim Mirvis warns planned UK sanctions over Israeli construction in E1 could harm British Jews, trade ties and prospects for Middle East peace.",Israelnationalnews.com,UK,News,2026-09-01T16:14:32.303419Z
af97e50c8c0621b39b9dc7453321232e,Three Canadian microbiologists recognised for breakthrough research that could transform healthcare and food security,https://www.digitaljournal.com/article/three-canadian-microbiologists-recognised-for-breakthrough-research-that-could-transform-healthcare-and-food-security/,Dr. Tim Sandle,2026-08-30T19:33:15Z,trade restrictions,"As Canada and the wider world continue to confront evolving infectious disease challenges, the contributions of these emerging researchers demonstrate that the next wave of solutions is already taking shape within the laboratory. 
The post Three Canadian micr…",Digital Journal,Unknown,News,2026-09-01T16:14:32.303581Z
f94e41ad6bdaa47fa382e2526a105b41,"DraftKings Predictions promo code: Spend $5, Get $200 for Mariano Navone vs. Novak Djokovic",https://nypost.com/2026/08/30/betting/draftkings-predictions-promo-code-spend-5-get-200-for-navone-vs-djokovic/,Malik Smith,2026-08-30T19:30:00Z,trade restrictions,"Trade $5, get $200 in Predictions Dollars for the US Open with the DraftKings Predictions promo code.",New York Post,Unknown,Analysis/Opinion,2026-09-01T16:14:32.303611Z
0325538e8f058eac8b4d11a9ba0fe6ee,World mostly shrugs off Bessent’s ‘D-Day’ Iran sanctions threat,https://fortune.com/2026/08/30/scott-bessent-d-day-iran-sanctions-threat-china-uae-turkey/,"Yash Roy, Patrick Sykes, Bloomberg",2026-08-30T18:34:49Z,trade restrictions,Iranian bank branches remained open in Dubai. Commercial flights also continued between Iran and Turkey as well as Iran and the United Arab Emirates.,Fortune,Turkey,Market Report,2026-09-01T16:14:32.303639Z
9b9318104e5b9dd5d2bf93c9fa69ecb5,CVS Health (NYSE: CVS) Looks Undervalued As Wall Street Maintains Bullish Outlook,https://ibusiness.news/news/2026-08-30/cvs-health-nyse-cvs-looks-undervalued-as-wall-street-maintains-bullish-outlook/,Jordan Hayes,2026-08-30T18:16:36Z,trade restrictions,"CVS Health (NYSE: CVS) posted triple-digit earnings growth in the second quarter, yet the stock has continued to slide despite the strong results. The healthcare giant reported revenue of $106.1 billion for Q2, representing a 7.3% increase year over year, wit…",Ibusiness.news,Unknown,Analysis/Opinion,2026-09-01T16:14:32.303684Z
7f412449c0e97eda969c5550bbb0a1aa,How to apply for an Amex business card,https://thepointsguy.com/credit-cards/amex-business-card-application/,Toni Perkins and Augusta Stone,2026-08-30T17:00:54Z,trade restrictions,This step-by-step guide will show you how to accurately complete an American Express business card application.,The Points Guy,USA,News,2026-09-01T16:14:32.303702Z
a572ff867a4fe9cbeeeace3183c0bb6b,American data companies earn $500M a year from Chinese AI labs while also serving the Pentagon,https://cryptobriefing.com/american-data-companies-chinese-ai-pentagon/,Editorial Team,2026-08-30T16:40:21Z,trade restrictions,"The dual-client model highlights a regulatory gap, risking national security by enabling Chinese AI advancements through US expertise.
The post American data companies earn $500M a year from Chinese AI labs while also serving the Pentagon appeared first on Cr…",Crypto Briefing,China,News,2026-09-01T16:14:32.303725Z
afa3b450db86304753d6c113cb9487fc,China’s CXMT Is Getting Ready To Make History As LPDDR6 RAM Mass Production Scheduled To Happen In September; One Hint Reveals Limitations In Total Output,https://wccftech.com/chinas-cxmt-lpddr6-ram-mass-production-september-output-limit-hint/,Omar Sohail,2026-08-30T15:41:43Z,trade restrictions,"Xiaomi’s XRING 03 was previously reported to be the first smartphone chipset to have support for LPDDR6 RAM thanks to the Chinese firm’s partnership with CXMT. Now, it appears that there’s no stopping the momentum of the memory maker because mass production o…",Wccftech,China,Market Report,2026-09-01T16:14:32.303747Z
5446b28baf0008bd84c349ecb93f606f,Think tank GTRI calls for review of quality control orders,https://www.thehindubusinessline.com/economy/think-tank-gtri-calls-for-review-of-quality-control-orders/article71407952.ece,PTI,2026-08-30T13:46:31Z,trade restrictions,GTRI urges review of quality control orders to reduce costs for MSMEs and prevent barriers to trade and exports.,BusinessLine,Unknown,Analysis/Opinion,2026-09-01T16:14:32.303772Z
8e1f916308aaacca6556faa722caa587,"Kalshi promo code NYPMAX: Trade $25, get $25 for Manchester United vs. Ipswich Town",https://nypost.com/2026/08/30/betting/kalshi-promo-code-nypmax-trade-25-get-25-for-manchester-united-vs-ipswich-town/,Mike Turay,2026-08-30T11:30:00Z,trade restrictions,"Readers of The Post can trade $25, get $25 for Premier League soccer with Kalshi promo code NYPMAX.",New York Post,Unknown,News,2026-09-01T16:14:32.303804Z
70997b7bb237dcfcedc0b88058a02072,Out There: A Postmortem,https://www.gamedeveloper.com/business/out-there-a-postmortem,Game Developer Podcast,2026-08-30T11:12:37Z,trade restrictions,"Replete with moments of joy and disappointment, FibreTigre tells the creation of the science fiction video game Out There.",Gamedeveloper.com,Unknown,News,2026-09-01T16:14:32.303835Z
ed5c6a03f3d6740c324ded93e3e5808e,GTRI calls for review of quality control orders to ease trade barriers,https://www.business-standard.com/industry/news/gtri-calls-for-review-of-quality-control-orders-to-ease-trade-barriers-126083000306_1.html,Press Trust of India,2026-08-30T09:55:48Z,trade restrictions,"Economic think tank GTRI on Sunday called for review of quality control orders (QCOs) to ensure that these norms protect consumers without becoming import restrictions or licensing barriers.
Mandatory quality certification under these orders raises costs, hur…",Business Standard,Unknown,Analysis/Opinion,2026-09-01T16:14:32.303878Z
a8d029b1ca245ece2b71de714259b215,"First they erased terror in Israel, now they are erasing 9/11",https://www.israelnationalnews.com/news/432430,Duvi Honig,2026-08-30T09:45:55Z,trade restrictions,"The word “terrorism"" requires sensitivity. Condemning Israel apparently does not... Opinion.",Israelnationalnews.com,Unknown,Analysis/Opinion,2026-09-01T16:14:32.303907Z
3ac1a705690d4fa999cfb76c94d013b7,Prime Minister blocks hundreds more criminals from sentencing changes,https://www.gov.uk/government/news/prime-minister-blocks-hundreds-more-criminals-from-sentencing-changes,"Prime Minister's Office, 10 Downing Street",2026-08-30T05:53:29Z,trade restrictions,Unlawful killing and historic child sex offences will be blocked from upcoming changes to prison sentences after the Prime Minister ordered more serious offenders to be kept behind bars for longer.,Www.gov.uk,Unknown,News,2026-09-01T16:14:32.304023Z
a5b42290b4f42910aba202ad93486d1e,How Meta’s agreement could change the internet: What the 35-page settlement provides and Europe’s position,https://en.protothema.gr/2026/08/30/how-metas-agreement-could-change-the-internet-what-the-35-page-settlement-provides-and-europes-position/,Newsroom,2026-08-30T05:31:00Z,trade restrictions,"Meta may not have acknowledged legal liability for the allegations brought against it by US states. However, it is accepting for the first time that a large part of its business model is unsuitable for children - The commitments it has undertaken & the “game”…",Protothema.gr,Unknown,News,2026-09-01T16:14:32.304078Z
0628cd89327408970db836dfc3ff3602,India emerges as key petrol supplier to Russia amid Ukrainian attacks,https://www.business-standard.com/external-affairs-defence-security/news/india-emerges-as-key-petrol-supplier-to-russia-amid-ukrainian-attacks-126083000127_1.html,Press Trust of India,2026-08-30T05:26:55Z,trade restrictions,"India has emerged as a key supplier of gasoline (petrol) to Russia amid a surge in Russian fuel imports triggered by Ukrainian drone attacks on refineries, ship tracking data showed.
Russia's seaborne gasoline imports surged to a record around 125,000 barrels…",Business Standard,India,News,2026-09-01T16:14:32.304135Z
5af153497b4d27ae1db25ac7c2e885a1,India emerges as key petrol supplier to Russia as refinery attacks disrupt fuel supplies,https://www.thehindubusinessline.com/markets/commodities/india-emerges-as-key-petrol-supplier-to-russia-as-refinery-attacks-disrupt-fuel-supplies/article71407053.ece,PTI,2026-08-30T05:20:15Z,trade restrictions,"Indian refiners supplies as much as 1 million barrels of gasoline in the last two months. The supplies essentially come from Vadinar refinery in Gujarat, operated by Nayara Energy, which is half owned by Russia's Rosneft",BusinessLine,India,News,2026-09-01T16:14:32.304158Z
4d482944eb466ee8830ba6f4a1e74884,India becomes key petrol supplier to Russia as refinery attacks bite,https://economictimes.indiatimes.com/news/economy/foreign-trade/india-becomes-key-petrol-supplier-to-russia-as-refinery-attacks-bite/articleshow/133623634.cms,PTI,2026-08-30T05:18:15Z,trade restrictions,India has become a key gasoline supplier to Russia recently. Russian fuel imports surged due to Ukrainian drone attacks on its refineries. Indian refiners supplied significant gasoline volumes to Russia in recent months. These supplies largely originated from…,The Times of India,India,News,2026-09-01T16:14:32.304187Z
72da32f87ced490536f48dcd67100ab6,iTrustCapital vs Caleb and Brown,https://themattwalshblog.com/itrustcapital-vs-caleb-and-brown/,Matt Walsh,2026-08-30T05:09:49Z,trade restrictions,"iTrustCapital and Caleb & Brown both provide access to cryptocurrency, but they are not direct substitutes. iTrustCapital is primarily a US retirement-investment platform that allows eligible customers to buy and hold cryptocurrency and precious metals inside…",Themattwalshblog.com,Unknown,News,2026-09-01T16:14:32.304235Z
2d07e719bdf57bf055cc2bbc8f0c57e4,"Israel Restricts Cooking Gas Into Gaza, So We Must Burn Toxic Plastic to Cook",https://www.juancole.com/2026/08/restricts-cooking-plastic.html,Truthdig,2026-08-30T04:04:29Z,trade restrictions,The vile fumes saturate our food with their smell. Our daily inhalation of toxic burned plastics is slowly killing us,Juancole.com,Unknown,Market Report,2026-09-01T16:14:32.304266Z
e52483250e4b3e0ddb98474b7aaa3ec0,Are there ferrets in Japan?,https://www.lifesciencesworld.com/are-there-ferrets-in-japan/,Ava Reynolds,2026-08-30T00:40:37Z,trade restrictions,"Are There Ferrets in Japan? A Comprehensive Look The answer to “Are there ferrets in Japan?” is nuanced: While wild, native ferrets do not exist in Japan, domestic ferrets are kept as pets throughout the country. Introduction: Ferrets in the Global Context Fe…",Lifesciencesworld.com,Japan,News,2026-09-01T16:14:32.304309Z
2a451c613ea4f5389b2709dfe2b1baad,Media Coverage Buried Key Factor Behind Collapse of U.S.-Canada Trade Talks,https://legalinsurrection.com/2026/08/media-coverage-buried-key-factor-behind-collapse-of-u-s-canada-trade-talks/,Elizabeth Stauffer,2026-08-29T21:00:33Z,trade restrictions,"Trump had good reason to walk away from the negotiating table. Canada was not bargaining in good faith.
The post Media Coverage Buried Key Factor Behind Collapse of U.S.-Canada Trade Talks first appeared on Le·gal In·sur·rec·tion.",Legalinsurrection.com,Unknown,News,2026-09-01T16:14:32.304401Z
b4d31defb122dd99dc4095d98f37725f,"Israel Restricts Cooking Gas Into Gaza, So We Must Burn Toxic Plastic to Cook",https://truthout.org/articles/israel-restricts-cooking-gas-into-gaza-so-we-must-burn-toxic-plastic-to-cook/,Nour Abo Aisha,2026-08-29T15:43:03Z,trade restrictions,The vile fumes saturate our food with their smell. Our daily inhalation of toxic burned plastics is slowly killing us.,Truthout,Unknown,Market Report,2026-09-01T16:14:32.304427Z
3cdf324158844e92fac85e9a7addd14d,"Borders not closed, Tunji-Ojo faults Atiku’s plan to reopen land borders",https://punchng.com/borders-not-closed-tunji-ojo-faults-atikus-plan-to-reopen-land-borders/,Punch Newspapers,2026-08-29T15:05:32Z,trade restrictions,"The Minister of Interior, Olubunmi Tunji-Ojo, has faulted former Vice President Atiku Abubakar’s plan to reopen Nigeria’s land borders if elected President in 2027, saying the country’s borders are not closed and therefore cannot be reopened. Tunji-Ojo stated…",The Punch,Unknown,News,2026-09-01T16:14:32.304480Z
8a08b922fc7e62c77576eea9f543030e,"Kalshi promo code NYPMAX: Trade $25, get $25 for Florida State vs. New Mexico State",https://nypost.com/2026/08/29/betting/kalshi-promo-code-nypmax-trade-25-get-25-for-florida-state-vs-new-mexico-state/,Michael Leboff,2026-08-29T13:00:00Z,trade restrictions,"Readers of The Post can trade $25, get $25 for Florida State vs. New Mexico State with Kalshi promo code NYPMAX.",New York Post,Unknown,News,2026-09-01T16:14:32.304512Z
881a9f3f54252002b4b010ea7376116e,Onto Innovation Stock: AI’s Next Bottleneck Is Yield (NYSE:ONTO),https://wordupnews.com/business/onto-innovation-stock-ais-next-bottleneck-is-yield-nyseonto/,Newsadmin,2026-08-29T12:59:23Z,trade restrictions,"This article was written by Follow “AWS Certified AI Practitioner Early Adopter”I am a DevOps Engineer for a major, wholly owned subsidiary of a large-cap Fortune 500. I have been the primary driver of Anthropic-based tooling in our company’s division, and ha…",Wordupnews.com,Unknown,News,2026-09-01T16:14:32.304563Z
0cf41e09550d5f0cfce57b90306c15fe,7 Best Camping Gadgets & Gear for Labor Day 2026 for the Guy Who Always Books the Hotel,https://www.yankodesign.com/2026/08/29/7-best-camping-gadgets-gear-for-labor-day-2026-for-the-guy-who-always-books-the-hotel/,Srishti Mitra,2026-08-29T11:40:24Z,trade restrictions,7 Best Camping Gadgets & Gear for Labor Day 2026 for the Guy Who Always Books the HotelYou have booked the hotel on the last night of every camping trip you have ever taken. Not because you are soft. Because your sleeping...,Yanko Design,Unknown,News,2026-09-01T16:14:32.304647Z
33ec3dc3cae01afe9b34649d05b18ed4,"DraftKings Predictions promo code: Spend $5, Get $200 for Week 0",https://nypost.com/2026/08/29/betting/draftkings-predictions-promo-code-spend-5-get-200-for-week-0/,Michael Leboff,2026-08-29T11:30:00Z,trade restrictions,The DraftKings Predictions promo code unlocks an exclusive welcome offer for Week 0.,New York Post,Unknown,Analysis/Opinion,2026-09-01T16:14:32.304672Z
f6ae8e37aef0a4d76fc8b02af67823b3,"College football Week 0 betting promos: Collect over $4,000 in sportsbook and prediction market bonuses",https://nypost.com/2026/08/29/betting/college-football-week-0-betting-promos-collect-over-4000-in-sportsbook-and-prediction-market-bonuses/,Michael Leboff,2026-08-29T11:00:00Z,trade restrictions,Check out the best sportsbook and prediction market bonuses for Week 0.,New York Post,Unknown,Analysis/Opinion,2026-09-01T16:14:32.304699Z
49382de0a1b9933937d2eaf23a7dd43e,Huawei’s HarmonyOS is growing faster than most people expected,https://www.intomobile.com/2026/08/29/huaweis-harmonyos-is-growing-faster-than-most-people-expected/,Dusan Belic,2026-08-29T09:42:14Z,trade restrictions,"With 400,000 native apps and a target of 100 million devices, this OS is no longer just a backup plan",Intomobile.com,Unknown,News,2026-09-01T16:14:32.304733Z
501d83ba8618a43a28b11e3d7eb11d1e,You Know GDPR Is Good Based on Who Hates It,https://matduggan.com/you-know-gdpr-is-good-based-on-who-hates-it/,Mathew Duggan,2026-08-29T09:19:22Z,trade restrictions,"FDR has always been one of my favorite presidents, second maybe to Lincoln. Both were men the establishment assumed were one of them until, to their horror, they governed like they weren't. Both could trash the opposition in one breath and take the moral high…",Matduggan.com,Unknown,News,2026-09-01T16:14:32.304781Z
5d001d610763924c774d8f333db107d3,"Reliance Jio IPO: 7 risk factors investors should know as firm gets Sebi nod for Rs 37,000-crore issue",https://economictimes.indiatimes.com/markets/ipos/fpos/reliance-jio-ipo-7-risk-factors-investors-should-know-as-firm-gets-sebi-nod-for-rs-37000-crore-issue/articleshow/133608417.cms,Veer Sharma,2026-08-29T09:18:10Z,trade restrictions,"Reliance Jio’s proposed Rs 37,700-crore IPO has received Sebi approval, bringing the much-awaited listing closer. While the offering could value Jio Platforms at nearly Rs 9.5 lakh crore, its DRHP flags several risks, including spectrum challenges, intense co…",The Times of India,Unknown,News,2026-09-01T16:14:32.304833Z
0693bb9ef08c0798601f449d9a0b3d25,Canada ready to further distance itself from U.S. on military procurement,https://www.cbc.ca/news/politics/canada-ready-to-further-distance-itself-from-u-s-on-military-procurement-9.7324301,Daniel Leblanc,2026-08-29T08:00:00Z,trade restrictions,The flareup in the Canada-U.S. tariff war has not only strengthened Ottawa’s resolve to boost military co-operation with Europe and Asia — it's also hurting prospects of major military purchases from the United States.,CBC News,USA,News,2026-09-01T16:14:32.304860Z
de9a77f82f9ae714551eb12b661d2386,Apparel exporters urge commerce minister Piyush Goyal to regulate cotton yarn exports,https://economictimes.indiatimes.com/industry/cons-products/garments-/-textiles/apparel-exporters-urge-commerce-minister-piyush-goyal-to-regulate-cotton-yarn-exports/articleshow/133606663.cms,PTI,2026-08-29T07:10:44Z,trade restrictions,Apparel exporters requested government intervention to regulate cotton yarn exports.  Rising yarn prices are significantly hurting the industry's global competitiveness.  Limited stock and increased demand from countries like Bangladesh and Vietnam contribute…,The Times of India,Global,Market Report,2026-09-01T16:14:32.304907Z
c61aff1768d3c3bed040d66b2ed3cac6,"‘Lake America’, Kim Jong Un and more: Trump’s distraction game heats up as Iran war drags on and midterms loom",https://economictimes.indiatimes.com/news/international/global-trends/lake-america-kim-jong-un-and-more-trumps-distraction-game-heats-up-as-iran-war-drags-on-and-midterms-loom/articleshow/133605847.cms,ET Online,2026-08-29T06:51:31Z,trade restrictions,"From trolling Canada about a lake to suddenly talking about Kim Jong Un, US President Donald Trump's recent distractions speak louder than words. A week earlier, Trump suddenly brought up the prospect of talks with North Korean leader Kim, despite having rare…",The Times of India,USA,News,2026-09-01T16:14:32.304944Z
7a6fd18ab3ba6c2b4de185fb84542ed1,iTrustCapital vs Bitcoin IRA,https://themattwalshblog.com/itrustcapital-vs-bitcoin-ira/,Matt Walsh,2026-08-29T05:08:41Z,trade restrictions,"iTrustCapital and BitcoinIRA are two prominent platforms for holding cryptocurrency inside a self-directed retirement account. Both let eligible US investors transfer or roll over retirement funds, buy supported digital assets, and trade within a tax-advantag…",Themattwalshblog.com,Unknown,News,2026-09-01T16:14:32.304992Z
98c21bc726b6d541cb79a714d38e95c6,"India wants global factories, but its own quality checks may be putting investors off: GTRI",https://economictimes.indiatimes.com/news/economy/foreign-trade/india-wants-global-factories-but-its-own-quality-checks-may-be-putting-investors-off-gtri/articleshow/133604189.cms,ET Online,2026-08-29T05:00:47Z,trade restrictions,Concerns have surfaced among Japanese enterprises regarding India's compulsory BIS certification rules. A newly released study proposes a significant revamp of the QCO framework. The existing regulations are leading to considerable delays and inflated complia…,The Times of India,India,News,2026-09-01T16:14:32.305021Z
061d4be44f3d12d2f814899a28541245,How unrest at Oberstown detention centre came to a head,https://www.irishtimes.com/crime-law/2026/08/29/how-unrest-at-oberstown-detention-centre-came-to-a-head/,Kitty Holland,2026-08-29T05:00:01Z,trade restrictions,"Agreement has been reached to increase staffing levels, although concerns remain about lack of capacity and an increase in detainees ‘acting out’",The Irish Times,Unknown,News,2026-09-01T16:14:32.305062Z
88840cd48b1029fcd8c3803d34a02cb2,The Entire Financial System Is Chained to Government Debt,https://www.lewrockwell.com/2026/08/martin-armstrong/the-entire-financial-system-is-chained-to-government-debt/,Martin Armstrong,2026-08-29T04:01:00Z,trade restrictions,The Bank for International Settlements is warning that near-record public debt and the growing role of hedge funds and other nonbank financial institutions have created what it calls a “fiscal-financial stability nexus.” That is sanitized bureaucratic languag…,Lewrockwell.com,Global,News,2026-09-01T16:14:32.305114Z
9d3e979b552886fb16acd56aa528a3f3,"How to Watch Bears vs Titans Preseason Finale: Live Stream, TV, Start Time",https://heavy.com/sports/nfl/chicago-bears/bears-titans-preseason-finale-watch-live/,Jonathan Vankin,2026-08-29T03:05:24Z,trade restrictions,"How to watch the Bears vs. Titans preseason finale, including live stream information, TV channel and start time. The post How to Watch Bears vs Titans Preseason Finale: Live Stream, TV, Start Time appeared first on HEAVY.",Heavy.com,Unknown,News,2026-09-01T16:14:32.305157Z
6d7874eb91082b8a5f84120937d5021b,How to Compare Cryptocurrency Exchanges: The CryptoVantage Research Framework,https://www.solidsmack.com/finance/how-to-compare-cryptocurrency-exchanges-the-cryptovantage-research-framework/,Kyrie Mattos,2026-08-29T02:20:12Z,trade restrictions,"Choosing a cryptocurrency exchange can be more complicated than it first appears. Platforms advertise low fees, extensive asset selections, strong security, and beginner-friendly software, but those claims are not always easy to compare. Costs may be calculat…",Solidsmack.com,Unknown,News,2026-09-01T16:14:32.305263Z
f7497ef8dfa717b22d814ebca0811157,Institutions poured $580M into crypto ETFs right before Warsh’s hawkish speech cratered the market,https://cryptobriefing.com/institutions-580m-crypto-etfs-warsh-speech/,Editorial Team,2026-08-29T00:06:10Z,trade restrictions,"Institutional enthusiasm for crypto ETFs highlights the volatility and risk of market timing amid regulatory and policy shifts impacting digital assets.
The post Institutions poured $580M into crypto ETFs right before Warsh’s hawkish speech cratered the marke…",Crypto Briefing,Unknown,Market Report,2026-09-01T16:14:32.305333Z
7ca355cf74b76e4a5d5def593568c094,INTURAI VENTURES ANNOUNCES CLOSING OF FIRST TRANCHE OF PRIVATE PLACEMENT,https://www.prnewswire.com/news-releases/inturai-ventures-announces-closing-of-first-tranche-of-private-placement-302863194.html,,2026-08-28T23:30:00Z,trade restrictions,"(CSE: URAI / OTC: URAIF / FSE: 3QG0) investor@inturai.com Highlights The Company has completed the first tranche of its previously announced non-brokered private placement, issuing 6,273,331 Units at a price of $0.15 per Unit for gross proceeds of $940,999.65…",PRNewswire,Unknown,News,2026-09-01T16:14:32.305386Z
3ca096a03fdad1f3b86cc34ab99b64e2,"Takeda Receives U.S. FDA Approval of MIMRYLO™ (rusfertide), Marking a Potential Shift in the Treatment Paradigm for Polycythemia Vera",https://financialpost.com/pmn/business-wire-news-releases-pmn/takeda-receives-u-s-fda-approval-of-mimrylo-rusfertide-marking-a-potential-shift-in-the-treatment-paradigm-for-polycythemia-vera,Business Wire,2026-08-28T22:45:01Z,trade restrictions,"MIMRYLO, a First-in-Class Medicine with a Unique Mechanism of Action, is Approved for the Treatment of Erythrocytosis in Adults with Polycythemia Vera (PV) MIMRYLO Has Been Shown to Maintain Hematocrit Control, the Primary Treatment Goal in PV, as Well as Red…",Financial Post,Unknown,News,2026-09-01T16:14:32.305445Z
3e97c58006df98666fda888ee54c91d7,One of the Supreme Court’s worst ideas could save the midterms from Trump,https://www.vox.com/politics/501251/supreme-court-mail-voting-trump-major-questions-talwani,Ian Millhiser,2026-08-28T21:35:58Z,trade restrictions,"Well, that was quick. On Thursday evening, federal district Judge Indira Talwani issued a new order that temporarily blocks an effort by the Trump administration that appears designed to sabotage voting by mail in the upcoming midterm election. Talwani previo…",Vox,Unknown,News,2026-09-01T16:14:32.305500Z
ddf86f77e7e612daf798871ddb5c2327,"What went wrong with U.S. trade talks, according to Canada's chief negotiator",https://www.cbc.ca/news/politics/canada-us-trade-talks-tariffs-trump-lutnick-greer-carney-janice-charette-9.7324707,"Benjamin Lopez Steven, Catherine Cullen, Derek Vanderwyk",2026-08-28T21:00:00Z,trade restrictions,"Canada's chief U.S. trade negotiator is disputing several claims made by American officials about why trade talks fell apart last week, namely that the Canadian side brought forward last-minute demands on autos and that U.S. negotiators weren't interested in …",CBC News,USA,News,2026-09-01T16:14:32.305532Z
97a4052858842d796d06e416d0f4de30,IRGC denies US claims of open Strait of Hormuz amid rising tensions,https://cryptobriefing.com/irgc-denies-us-claims-of-open-strait-of-hormuz-amid-rising-tensions/,Estefano Gomez,2026-08-28T20:39:33Z,trade restrictions,"Rising tensions over the Strait of Hormuz could disrupt global energy markets, heightening geopolitical risks and impacting international trade.
The post IRGC denies US claims of open Strait of Hormuz amid rising tensions appeared first on Crypto Briefing.",Crypto Briefing,Global,Market Report,2026-09-01T16:14:32.305571Z
025ae9f04658546f83531e208dd93739,Ex-MAGA Queen Marjorie Taylor Greene Reveals Her Surprising Congressional Salary — as She's Praised for Her Full 'Transparency',https://radaronline.com/p/marjorie-taylor-greene-congressional-salary-revealed/,Alex West,2026-08-28T20:00:00Z,trade restrictions,"In an act of 'transparency,' Marjorie Taylor Greene shared her congressional salary with her supporters.",Radaronline.com,Unknown,News,2026-09-01T16:14:32.305614Z
4b22be601513b79e6cb79bf42e41e03b,"U.S. may seek win with Mexico in wake of collapsed trade talks with Canada, says ex-negotiator",https://www.cbc.ca/news/world/mexico-canada-us-trade-9.7324372,Jorge Barrera,2026-08-28T19:02:07Z,trade restrictions,"The collapse of trade talks between Ottawa and Washington could see U.S. negotiators try to ""aggressively"" secure a win with Mexico in their ongoing bilateral talks, says a former Mexican trade negotiator.",CBC News,Unknown,News,2026-09-01T16:14:32.305655Z
6b23147991eb1aa3f05f8b7b89f2570f,Ink Business Cash vs. Amex Blue Business Cash: Which no-annual-fee business card is better?,https://thepointsguy.com/credit-cards/ink-business-cash-vs-amex-blue-business-cash/,Stephanie Stevens,2026-08-28T19:00:52Z,trade restrictions,Compare the Ink Business Cash and Amex Blue Business Cash to see which no-annual-fee card is the better fit for your business.,The Points Guy,Unknown,News,2026-09-01T16:14:32.305690Z
710b05ddec1cd87aba19dd6418c82287,"How Kosher, Halal and Jain diets signalled trust, turning food laws into passports for global trade",https://economictimes.indiatimes.com/news/india/how-kosher-halal-and-jain-diets-signalled-trust-turning-food-laws-into-passports-for-global-trade/articleshow/133597799.cms,Devdutt Pattanaik,2026-08-28T18:09:59Z,trade restrictions,"Jain and Marwari merchants in India created, perhaps, the strongest iteration of this framework. Their strict vegetarianism and avoidance of root vegetables, along with very specific fasting periods, made it very difficult, almost impossible, to fake over a l…",The Times of India,India,News,2026-09-01T16:14:32.305720Z
8c50f1219291679f180078b73a52cc0c,Trump Targets Foreign Technology in New U.S. Power Grid Security Order,https://securityaffairs.com/198025/security/trump-targets-foreign-technology-in-new-u-s-power-grid-security-order.html,Pierluigi Paganini,2026-08-28T18:00:24Z,trade restrictions,"Trump targets foreign-made power grid equipment, citing cyber, sabotage and supply-chain risks to U.S. national security. Executive Order 14420, signed on August 26, targets equipment and technologies that could expose the power grid to sabotage, unauthorized…",Securityaffairs.com,Unknown,News,2026-09-01T16:14:32.305771Z
911628f4f6e53b6dff284b6b304a7068,"Traffic restrictions in Kochi on Aug 30, 31 for Vice-President’s visit",https://timesofindia.indiatimes.com/city/kochi/traffic-restrictions-in-kochi-on-aug-30-31-for-vice-presidents-visit/articleshow/133597171.cms,TNN,2026-08-28T17:36:41Z,trade restrictions,"Kochi traffic curbs Aug 30-31 for Vice-President visit: restrictions 12:30–5:30 pm on NH 544, Medical College Road, Seaport-Airport Road; diversions, no parking/vending.",The Times of India,Unknown,News,2026-09-01T16:14:32.305813Z
4460144b81469bd76fb64aa6f0d28011,"Linux never got a licensed DVD player, and the code everyone uses instead ended up on T-shirts and in a haiku",https://www.xda-developers.com/linux-never-got-licensed-dvd-player-code-t-shirts-haiku/,Adam Conway,2026-08-28T17:30:15Z,trade restrictions,"Everytime you play a DVD on Linux, you're technically in a weird legal gray area.",XDA Developers,Unknown,News,2026-09-01T16:14:32.305850Z
e73a7303f371bd863b0782f706751f47,"From BoP crisis to record reserves, RBI's forex strategy pays dividends",https://www.business-standard.com/specials/news/from-bop-crisis-to-record-reserves-rbi-s-forex-strategy-pays-dividends-126082801414_1.html,Anjali Kumari,2026-08-28T17:27:44Z,trade restrictions,That swing has been made possible by a shift in forex management policy that was forged in the fire of the balance-of-payments crisis of 1991,Business Standard,Unknown,News,2026-09-01T16:14:32.305887Z
9b67eceda095d268e51053cc3fd2a2f8,California Moves Into Federal Consumer Protection Void Under Chopra,https://www.pymnts.com/legal/2026/california-moves-into-federal-consumer-protection-void-under-chopra/,PYMNTS,2026-08-28T17:23:37Z,trade restrictions,"California is positioning itself to fill the regulatory space left by Washington’s retreat from consumer financial oversight, with former Consumer Financial Protection Bureau Director Rohit Chopra bringing his enforcement philosophy to the nation’s largest st…",pymnts.com,Unknown,News,2026-09-01T16:14:32.305939Z
1b75a95846db2471aac4b042a055f803,"Economists impressed with GDP data, expect interest rates to hold with uncertainty ahead",https://financialpost.com/news/economy/economists-impressed-gdp-expect-interest-rates-hold,Denise Paglinawan,2026-08-28T16:48:37Z,trade restrictions,"'Trade uncertainty is back with new U.S. tariffs now imposed, Canadian retaliation due early next month, and the prospect of further escalation hard to dismiss'",Financial Post,Unknown,Market Report,2026-09-01T16:14:32.305973Z
50bda14973fe3aea501b1167a80ae104,Trump admin moves to block risky foreign technology from US power grid,https://www.nextgov.com/cybersecurity/2026/08/trump-admin-moves-block-risky-foreign-technology-us-power-grid/415701/,David DiMolfetta,2026-08-28T16:25:00Z,trade restrictions,"A new executive order targets hardware, software and remote-access services and could require operators to isolate or replace equipment already in use.",Nextgov,Unknown,News,2026-09-01T16:14:32.306007Z
c08469c28bb54818998aa4bb89e73e48,"Kalshi promo code NYPMAX: Trade $25, get $25 for Saints vs. Cowboys",https://nypost.com/2026/08/28/betting/kalshi-promo-code-nypmax-trade-25-get-25-for-saints-vs-cowboys/,Mike Turay,2026-08-28T16:00:00Z,trade restrictions,"Kalshi promo code NYPMAX unlocks an exclusive trade $25, get a $25 bonus offer.",New York Post,Unknown,News,2026-09-01T16:14:32.306035Z
