article_id,title,link,creator,pubdate,category,description,source,country,article_type,scrape_timestamp
3474190cb68f960c79fb854daebe56a7,Genco Shipping & Trading Q2 Earnings Call Highlights,https://www.marketbeat.com/instant-alerts/genco-shipping-trading-q2-earnings-call-highlights-2026-08-08/?utm_source=yahoofinance&amp;utm_medium=yahoofinance,MarketBeat,2026-08-08T10:03:47Z,dry bulk shipping,"Genco Shipping & Trading (NYSE:GNK) reported stronger second-quarter results as dry bulk freight rates rose, supported by higher earnings from its expanded f...",MarketBeat,Unknown,Market Report,2026-08-10T07:44:53.821816Z
1a27d81f6b2e055a2138f138a3a7ed88,"Globus Maritime Limited Reports Financial Results for the Second Quarter and Six-Month Period Ended June 30, 2026",https://www.globenewswire.com/news-release/2026/08/07/3341388/0/en/globus-maritime-limited-reports-financial-results-for-the-second-quarter-and-six-month-period-ended-june-30-2026.html,Globus Maritime Limited,2026-08-07T20:05:00Z,dry bulk shipping,"GLYFADA, Greece, Aug. 07, 2026 (GLOBE NEWSWIRE) -- Globus Maritime Limited (“Globus”, the “Company”, “we”, or “our”) (NASDAQ: GLBS), a dry bulk shipping company, today reported its unaudited consolidated financial results for the second quarter and six-month …",GlobeNewswire,Greece,Market Report,2026-08-10T07:44:53.822050Z
cf49a486374957cc3e2575ac916ce650,"31+ best back-to-school deals for students, teachers and parents, plus what not to buy right now",https://www.nbcnews.com/select/shopping/back-to-school-supplies-discounts-rcna591350,Zoe Malin,2026-08-07T15:56:35Z,dry bulk shipping,"School supplies cost more than ever. Here’s where to find the best back-to-school shopping deals, and expert-approved saving tips to avoid overspending.",NBC News,Unknown,News,2026-08-10T07:44:53.822142Z
f369c6aaab2778b75411828b23bfaae5,Castor Maritime to establish joint venture for M/V Magic Starlight,https://www.thefly.com/ctrm,,2026-08-07T13:18:02Z,dry bulk shipping,"See the rest of the story here.

thefly.com provides the latest financial news as it breaks. Known as a leader in market intelligence, The Fly's real-time, streaming news feed keeps individual investors, professional money managers, active traders, and corpor…",Thefly.com,Unknown,Market Report,2026-08-10T07:44:53.822192Z
0560b8fcd651b97acb91b9fdac8c9495,Diana Shipping Inc. Announces Time Charter Contract for m/v Florida with NYK,https://www.globenewswire.com/news-release/2026/08/07/3341117/10065/en/diana-shipping-inc-announces-time-charter-contract-for-m-v-florida-with-nyk.html,Diana Shipping Inc. c/o Diana Shipping Services S.A.,2026-08-07T13:01:00Z,dry bulk shipping,"ATHENS, Greece, Aug. 07, 2026 (GLOBE NEWSWIRE) -- Diana Shipping Inc. (NYSE: DSX), (the “Company”), a global shipping company specializing in the ownership and bareboat charter-in of dry bulk vessels, today announced that, through a separate wholly-owned subs…",GlobeNewswire,Greece,News,2026-08-10T07:44:53.822236Z
f7c91d8870aee6f6f913881007bf44c7,Castor Maritime Inc. Announces Joint Venture and Contribution of the M/V Magic Starlight,https://www.globenewswire.com/news-release/2026/08/07/3341114/0/en/castor-maritime-inc-announces-joint-venture-and-contribution-of-the-m-v-magic-starlight.html,Castor Maritime Inc.,2026-08-07T13:00:00Z,dry bulk shipping,"LIMASSOL, Cyprus, Aug. 07, 2026 (GLOBE NEWSWIRE) -- Castor Maritime Inc. (NASDAQ: CTRM), (“Castor” or the “Company”), a diversified global shipping and energy company, announces that it has entered into an agreement to establish a joint venture (the ""Joint Ve…",GlobeNewswire,Global,News,2026-08-10T07:44:53.822289Z
c517d4193f2f0b6814f03bbc4254fa42,Saudi Arabia operator mulls 25-year Cape Town port deal | News24,https://www.news24.com/business/companies/-20260807-0720,business,2026-08-07T12:52:04Z,dry bulk shipping,Saudi Arabian ports operator Red Sea Gateway Terminal is considering bidding for a 25-year concession to refurbish and operate a terminal at the Port of Cape Town.,News24,South Africa,News,2026-08-10T07:44:53.822324Z
aa03f5719d1563975421f3807d405713,Saudi Arabia Terminal Operator Mulls 25-Year Cape Town Port Deal,https://financialpost.com/pmn/business-pmn/saudi-arabia-terminal-operator-mulls-25-year-cape-town-port-deal,Bloomberg News,2026-08-07T11:25:12Z,dry bulk shipping,Saudi Arabian ports operator Red Sea Gateway Terminal is considering bidding for a 25-year concession to refurbish and operate a terminal at the Port of Cape Town.,Financial Post,South Africa,News,2026-08-10T07:44:53.822363Z
3d382a3d7a3052815014a64ebf5a83ef,"Middle East: Saudi Arabia, Turkey, Pakistan sign defense deal",https://www.dw.com/en/middle-east-saudi-arabia-turkey-pakistan-sign-defense-deal/live-78272895,"Jon Shelton, Emmy Sasipornkarn",2026-08-07T10:48:00Z,dry bulk shipping,"Saudi Arabia, Turkey and Pakistan signed a joint defense deal. According to the agreement, an armed attack on any one of the three countries will be regarded as an attack against all of them. Follow DW for the latest. Saudi Arabia, Turkey and Pakistan signed …",DW (English),Turkey,News,2026-08-10T07:44:53.822407Z
f2671bf0c719e41b90f5d08dcd3b096e,Iran's chief negotiator accuses Trump of 'theater diplomacy' with Hormuz traffic near standstill,https://www.cnbc.com/2026/08/07/us-iran-war-trump-hormuz-diplomacy-oil-.html,Anniek Bao,2026-08-07T01:46:01Z,dry bulk shipping,"The conflict is broadening across the region, with Gulf energy infrastructure and key shipping chokepoints under renewed threat.",CNBC,Unknown,News,2026-08-10T07:44:53.822444Z
b930841a6965e79e002b5e05538944d7,Moonies Travel Wipes 10-Pack for $5.75 via Sub. & Save + free shipping w/ Prime,https://www.dealnews.com/Moonies-Travel-Wipes-10-Pack-for-5-75-via-Sub-Save-free-shipping-w-Prime/21980638.html,,2026-08-06T14:17:07Z,dry bulk shipping,"At Amazon, clip the on-page coupon and check out with Subscribe & Save to get this Moonies Travel Wipes 10-Pack for $5.75. It's the best price Amazon has charged for this multipack. Shipping is free for Prime members. Buy Now at Amazon",Dealnews.com,Unknown,News,2026-08-10T07:44:53.822486Z
eced484be6a3841c237fce7c41c48de6,Gulf Shipping Grinds to a Halt Following Houthi Missile Claim,https://oilprice.com/Latest-Energy-News/World-News/Gulf-Shipping-Grinds-to-a-Halt-Following-Houthi-Missile-Claim.html,Charles Kennedy,2026-08-06T13:30:00Z,dry bulk shipping,Vessel traffic at the Strait of Hormuz and the Bab el-Mandeb Strait crumbled on Wednesday from the previous day amid a Houthi claim they have hit a Saudi oil tanker in the Red Sea and hopes that Oman and Iran could reach a deal on jointly managing Hormuz. On …,OilPrice.com,Unknown,News,2026-08-10T07:44:53.822537Z
2b0177d7815757ba0e42c6dd45bbf6c9,"EuroDry Ltd. Reports Results for the Quarter and Six-Month Period Ended June 30, 2026",https://www.globenewswire.com/news-release/2026/08/06/3340148/0/en/EuroDry-Ltd-Reports-Results-for-the-Quarter-and-Six-Month-Period-Ended-June-30-2026.html,EuroDry Ltd.,2026-08-06T11:30:00Z,dry bulk shipping,"ATHENS, Greece, Aug. 06, 2026 (GLOBE NEWSWIRE) -- EuroDry Ltd. (NASDAQ: EDRY, the “Company” or “EuroDry”), an owner and operator of drybulk vessels and provider of seaborne transportation for drybulk cargoes, announced today its results for the three- and six…",GlobeNewswire,Greece,Market Report,2026-08-10T07:44:53.822584Z
d5c6135a2e281e64eae3673a2138e0fd,"Strait of Hormuz tolls would harm livelihoods worldwide, shipowners warn",https://www.aljazeera.com/economy/2026/8/6/strait-of-hormuz-tolls-would-harm-livelihoods-worldwide-shipowners-warn,Erin Hale,2026-08-06T05:05:06Z,dry bulk shipping,Eight leading shipping organisations sign letter opposing fees in critical waterway.,Al Jazeera English,Global,News,2026-08-10T07:44:53.822616Z
4ea9cde6a206990903cf2dee7cf4c6cd,US Iran war: Qatar says mediators make progress; Indian ship sinks in the Middle East,https://economictimes.indiatimes.com/news/international/world-news/us-iran-war-qatar-says-mediators-make-progress-after-indian-ship-sinks-in-the-middle-east/articleshow/132882612.cms,Reuters,2026-08-05T00:49:19Z,dry bulk shipping,"Mediators report progress in efforts to end the US-Iran war, which has driven oil prices lower.  Qatar's Emir discussed de-escalation efforts with President Trump, stressing the importance of dialogue.  Senior US officials expressed optimism about reopening t…",The Times of India,India,Market Report,2026-08-10T07:44:53.822640Z
3e86991d58c61c8237cc73a70bcb6ce7,Oil prices drop on hopes Strait of Hormuz could reopen,https://www.irishtimes.com/world/middle-east/2026/08/04/oil-prices-drop-on-hopes-strait-of-hormuz-could-reopen/,"Shariq Khan ‌, Anushree Mukherjee",2026-08-04T16:12:42Z,dry bulk shipping,US secretary of state Marco Rubio says progress in talks could allow shipments to resume,The Irish Times,Unknown,Market Report,2026-08-10T07:44:53.822666Z
922b3e716afcb819bed99b3672f36d51,"Oil Extends Losses After US, Qatar Signal Progress on Iran Draft Deal",https://oilprice.com/Energy/Crude-Oil/Oil-Extends-Losses-After-US-Qatar-Signal-Progress-on-Iran-Draft-Deal.html,Tom Kool,2026-08-04T15:45:00Z,dry bulk shipping,"Brent crude fell back to around $80 per barrel after renewed optimism over a potential US-Iran draft agreement eased geopolitical fears, even as President Trump criticized US refiners for high fuel profits. Trump Takes Aim at Big Oil’s War Profits - Runaway Q…",OilPrice.com,Unknown,News,2026-08-10T07:44:53.822718Z
15be0f75350a104c03cba11e3495c510,"Oil Extends Losses After US, Qatar Signal Progress on Iran Draft Deal",https://finance.yahoo.com/energy/articles/oil-extends-losses-us-qatar-154500196.html,Tom Kool,2026-08-04T15:45:00Z,dry bulk shipping,Brent crude fell back to around $80 per barrel after renewed optimism over a potential US-Iran draft agreement eased geopolitical fears,Yahoo Entertainment,Unknown,News,2026-08-10T07:44:53.822754Z
a84e0d8d9630fc2645102db1863b01d8,Road Trains Roam The Backroads of Australia,https://hackaday.com/2026/08/04/road-trains-roam-the-backroads-of-australia/,Zoe Skyforest,2026-08-04T14:00:10Z,dry bulk shipping,"Trains and the railways they run on are a great way to move lots of stuff, or lots of people, a long way. Steel wheels on steel rail can shift great loads at good speeds and railways remain a backb…",Hackaday,Australia,News,2026-08-10T07:44:53.822776Z
464d5b469c4fc8e7669b6dcd857f8340,Ship attacked near Strait of Hormuz as status of U.S.-Iran talks remain unclear,https://www.cbc.ca/news/world/strait-of-hormuz-iran-united-states-oil-9.7295480,,2026-08-04T12:05:25Z,dry bulk shipping,"An attack on a vessel near the Strait of Hormuz and a rebound in oil prices on Tuesday underscored doubts that the U.S.-Iran war was nearing a resolution, as Tehran pushed back against President Donald Trump's assertion that talks were under way.",CBC News,Unknown,Market Report,2026-08-10T07:44:53.822817Z
c015f2a87e0bcbdae7695e30d9919853,Hormuz Traffic at a Trickle as Ship Attacks Heighten Concerns,https://www.insurancejournal.com/news/international/2026/08/04/880135.htm,Admin,2026-08-04T10:32:31Z,dry bulk shipping,Observable traffic transiting the Strait of Hormuz remained at a trickle as attacks on vessels and Iranian threats heightened safety concerns for shipowners and crews considering a trip through the waterway. Shipping activity was subdued on Tuesday after six …,Insurance Journal,Unknown,News,2026-08-10T07:44:53.822870Z
ce605a74f53dd90cecc03dcd5ae31553,Status Of U.S.-Iran Talks Uncertain As Ship Struck In Strait Of Hormuz,https://www.huffpost.com/entry/us-iran-talks-uncertain_n_6a71be31e4b02974827b0778,HuffPost,2026-08-04T10:31:39Z,dry bulk shipping,Tehran has pushed back against President Donald Trump’s assertion that talks were under way.,HuffPost,Unknown,News,2026-08-10T07:44:53.822908Z
9fb7caf0686e3288e17b8cc8de138f44,"Dry bulk ship hit by projectile near Strait of Hormuz, maritime security sources report",https://cryptobriefing.com/dry-bulk-ship-hit-by-projectile-near-strait-of-hormuz-maritime-security-sources/,Estefano Gomez,2026-08-04T09:10:26Z,dry bulk shipping,"The incident exacerbates regional instability, threatening global trade routes and highlighting the urgent need for diplomatic conflict resolution.
The post Dry bulk ship hit by projectile near Strait of Hormuz, maritime security sources report appeared first…",Crypto Briefing,Global,Market Report,2026-08-10T07:44:53.822959Z
92890c0424b4aa7b94e380ddeb83d101,"Danaos Corporation Reports Second Quarter and Half Year Results for the Period Ended June 30, 2026",https://www.prnewswire.com/news-releases/danaos-corporation-reports-second-quarter-and-half-year-results-for-the-period-ended-june-30-2026-302841542.html,,2026-08-03T20:30:00Z,dry bulk shipping,"ATHENS, Greece, Aug. 3, 2026 /PRNewswire/ -- Danaos Corporation (""Danaos"") (NYSE: DAC), one of the world's largest independent owners of container vessels, today reported unaudited results for the three and six month periods ended June 30, 2026. Financial Sum…",PRNewswire,Greece,Market Report,2026-08-10T07:44:53.823005Z
31265458837b3eb00112059b9cb311b4,"Vulnerability Summary for the Week of July 27, 2026",https://www.cisa.gov/news-events/bulletins/sb26-215,CISA,2026-08-03T11:14:18Z,dry bulk shipping,"High Vulnerabilities

<table>

<tr>
<th>PrimaryVendor -- Product</th>
<th>Description</th>
<th>Published</th>
<th>CVSS Score</th>
<th>Source Info</th>
</tr>



<tr>
<td>@fastify/rate-limit--@fastify/rate-limit</td>
<td>@fastify/rate-limit before 11.2.0 keys…",Cisa.gov,Unknown,News,2026-08-10T07:44:53.823049Z
5ad249e8fa3839fb8ba8b7d7f7384916,CMB.TECH fleet update,https://www.globenewswire.com/news-release/2026/08/03/3337230/0/en/CMB-TECH-fleet-update.html,CMB.TECH NV.,2026-08-03T05:59:00Z,dry bulk shipping,"CMB.TECH FLEET UPDATE  ANTWERP, Belgium, 3 August 2026, 08:00 CET – CMB.TECH NV (“CMBT”, “CMB.TECH” or “the company”) (NYSE: CMBT, Euronext Brussels: CMBT...",GlobeNewswire,Unknown,News,2026-08-10T07:44:53.823098Z
da5ccb3e790b76d5487a5e4a2c8c780a,Plans for nuclear-powered merchant ships must confront risks,https://www.nature.com/articles/d41586-026-02388-6,"Jihong Chen, Zheng Wan",2026-08-03T00:00:00Z,dry bulk shipping,Vessels propelled by atomic reactors have low emissions but create other hazards that need clear regulations.,Nature.com,Unknown,News,2026-08-10T07:44:53.823130Z
9b441c4482d4ff4e26010a51c50d9759,iPhone 18 Pro Release Date: Apple’s Strategy Demands September Launch,https://www.forbes.com/sites/ewanspence/2026/08/07/apple-iphone-18-pro-september-launch-window-supply-chain-analysis/,Ewan Spence,2026-08-08T21:11:10Z,bulk carrier,"Apple's September launch of the iPhone 18 Pro family is more than tradition. It is a key part of the entire ecosystem, all built around this fixed date in the calendar.",Forbes,Unknown,News,2026-08-10T07:44:54.475000Z
77b88a325f1adaaf1d29cc77f2f04863,Strikes at the country's largest port this weekend could cost millions,https://www.abc.net.au/news/2026-08-08/port-hedland-strike-importance-australia-largest-bulk-port/106994084,Kimberley Putland,2026-08-07T21:44:16Z,bulk carrier,"As unions begin 48 hours of industrial action at BHP's operations in Port Hedland, what makes the mammoth export facility so critical to Australia's economy?",ABC News (AU),Australia,News,2026-08-10T07:44:54.475034Z
9f596f3b77da44e7787a72653ab55da7,"T-Mobile’s CEO Dismisses Elon Musk’s Starlink Threat As “Exaggerated,” Says SpaceX’s Entry In The Carrier Business Serves No Purpose",https://wccftech.com/t-mobiles-ceo-dismisses-elon-musks-starlink-threat-as-exaggerated-says-spacexs-entry-in-the-carrier-business-serves-no-purpose/,Rohail Saleem,2026-08-07T17:11:05Z,bulk carrier,"T-Mobile's CEO has chosen to be dismissive of SpaceX's recent braggadocio, terming the threat posed by Elon Musk's cellular ambitions as ""exaggerated"" and lacking any particularly strong utility in solving consumer-centric problems. And yet, this seemingly ca…",Wccftech,Unknown,News,2026-08-10T07:44:54.475298Z
556bb1b628e3d782d81f6bc1074caecf,"Three maritime flashpoints on high alert: Explosions in the Strait of Hormuz, new attacks in Yemen, and commercial ships hit near Odesa",https://en.protothema.gr/2026/08/07/three-maritime-flashpoints-on-high-alert-explosions-in-the-strait-of-hormuz-new-attacks-in-yemen-and-commercial-ships-hit-near-odesa/,admin,2026-08-07T16:31:26Z,bulk carrier,"The risk remains at the highest level for vessels linked to Saudi Arabia in the Red Sea, while two merchant ships were struck near Odesa. Explosions on Iran's Qeshm Island have once again heightened uncertainty over navigation through the Strait of Hormuz
The…",Protothema.gr,Ukraine,News,2026-08-10T07:44:54.475339Z
fe4fe324488635bf5bf269b03cb38cd6,Twilio Stock Hits 52-Week High as AI Customers Keep Spending Bigger,https://www.cmswire.com/customer-experience/twilio-stock-hits-52-week-high-as-ai-customers-keep-spending-bigger/,pr@cmswire.com (Dom Nicastro),2026-08-07T16:06:09Z,bulk carrier,"Shares jumped 30% the morning after Q2 earnings. Here's what Twilio's AI-native customers are actually buying, and why they keep buying more.
Continue reading...",CMSWire,Unknown,News,2026-08-10T07:44:54.475376Z
778bf3bc121257f16e322f1a2d0420ae,,https://hackernoon.com/best-proxy-for-web-scraping,Oxylabs,2026-08-07T13:04:55Z,bulk carrier,"Compare the best proxy for web scraping in 2026. We ranked 10 top proxy providers on IP pool size, pricing, success rates, and ease of integration.",hackernoon.com,Unknown,Market Report,2026-08-10T07:44:54.475407Z
9fdb81356602286811565df059e2ef07,Mint Mobile just made every single one of its plans $15 per month,https://www.intomobile.com/2026/08/07/mint-mobile-just-made-every-single-one-of-its-plans-15-per-month/,Dusan Belic,2026-08-07T12:49:42Z,bulk carrier,"Yes, even Unlimited. This might be the best wireless deal the carrier has ever run.",Intomobile.com,Unknown,News,2026-08-10T07:44:54.475488Z
7c1ed89572bf65fe7e39da5fd902b1ff,"Mint Mobile has dropped all of its wireless plans down to just $15 per month — and yes, that includes Unlimited",https://www.androidcentral.com/phones/mint-mobile/mint-mobile-has-dropped-all-of-its-wireless-plans-down-to-just-usd15-per-month-and-yes-that-includes-unlimited,"patrick.farmer@futurenet.com (Patrick Farmer) , Patrick Farmer",2026-08-07T12:05:00Z,bulk carrier,"Mint Mobile is back with an offer that carves 50% off its unlimited plan, regardless of how much wireless you choose to buy.",Android Central,Unknown,News,2026-08-10T07:44:54.475531Z
76814baaad4ff7a2dfc1adf14805bac2,Vessel Traffic Through Hormuz Dwindles This Week As Markets Watch Iran-Oman Talks,https://gcaptain.com/vessel-traffic-through-hormuz-dwindles-this-week-as-markets-watch-iran-oman-talks/,Reuters,2026-08-07T11:44:47Z,bulk carrier,"Shipping traffic through the Strait of Hormuz has dwindled to 33 vessels from Monday to Thursday this week, data showed, versus 50 in the week-ago period, as markets watched talks between Iran and Oman for signs of progress in reopening the key waterway.",gcaptain.com,Unknown,Market Report,2026-08-10T07:44:54.475572Z
d9f0095d0b3fb59b019b6f0745f16b11,Algoma Central Corporation Reports Financial Results for the 2026 Second Quarter,https://financialpost.com/pmn/business-wire-news-releases-pmn/algoma-central-corporation-reports-financial-results-for-the-2026-second-quarter,Business Wire,2026-08-07T11:03:06Z,bulk carrier,"Strategic acquisitions, expanded credit facilities, and strong segment performance position Algoma for continued growth. ST. CATHARINES, Ontario — Algoma Central Corporation (TSX: ALC) (“Algoma”, the “Company”) today reported its results for the three and six…",Financial Post,Unknown,Market Report,2026-08-10T07:44:54.475622Z
975d288fa3af257e6fe509058719dfa8,"Iran War: Heads Explode Over Iran Draft Terms for Strait of Hormuz; Ansar Allah Strike on Saudi Forces, Killing Over 50",https://www.nakedcapitalism.com/2026/08/iran-war-heads-explode-over-iran-draft-terms-for-strait-of-hormuz-ansar-allah-strike-on-saudi-forces-killing-over-50.html,Yves Smith,2026-08-07T10:54:36Z,bulk carrier,Today's Iran war news: Iran's draft to Parliament re operating the Strait gives new meaning to the word maximalist as Ansar Allah ramps up.,Nakedcapitalism.com,Unknown,News,2026-08-10T07:44:54.475665Z
090372fadeca5381717e5f5caddb3b10,Deals on Wheels - The Innovative Development of Shopping Carts,https://www.hhhistory.com/2026/08/deals-on-wheels-innovative-development.html,Mary Dodge Allen,2026-08-07T06:30:00Z,bulk carrier,By Mary Dodge Allen Shopping carts... have you ever thought about how this simple invention revolutionized the chore of shopping? Most of u...,Hhhistory.com,Unknown,News,2026-08-10T07:44:54.475699Z
24a0f8859ea4d0580e49c5e2ea0ff78c,Vessel traffic through Hormuz dwindles this week as markets watch Iran-Oman talks,https://economictimes.indiatimes.com/news/international/world-news/vessel-traffic-through-hormuz-dwindles-this-week-as-markets-watch-iran-oman-talks/articleshow/133021456.cms,Reuters,2026-08-07T04:40:29Z,bulk carrier,"Shipping traffic through the Strait of Hormuz has significantly decreased this week.  Markets are closely watching Iran and Oman talks for waterway reopening signs.  Several Chinese and Indian refiners seek discounted crude oil from Iraq.  However, shipowners…",The Times of India,China,Market Report,2026-08-10T07:44:54.475715Z
e82e8042c33da506eecd75bd0c0c0666,NTSB: Pilot’s Personal Phone Call Contributed to Fatal Houston Ship Channel Collision,https://gcaptain.com/ntsb-pilots-personal-phone-call-contributed-to-fatal-houston-ship-channel-collision/,Mike Schuler,2026-08-06T20:23:56Z,bulk carrier,A Houston ship pilot’s extended personal cell phone conversation and multiple failures to maintain a proper lookout led to the fatal 2024 collision between the bulk carrier Yangze 7 and the towing...,gcaptain.com,Unknown,News,2026-08-10T07:44:54.475800Z
9faa591262d00a45577d66ef50483d1d,"I hope Galaxy Z Flip 8 isn’t the last of its kind, but I can see why it might",http://9to5google.com/2026/08/06/samsung-galaxy-z-flip-8/,Ben Schoon,2026-08-06T18:30:00Z,bulk carrier,"Rumors have been floating around that the Galaxy Z Flip 8 will be Samsung’s last foldable flip phone. After spending a bit of time with this latest generation, I’m not exactly sad at the thought of seeing it go, but I also see the writing on the wall as to wh…",9to5google.com,Unknown,News,2026-08-10T07:44:54.475853Z
22822f5e4ee2d9245b76458345534d82,Trimac buys food-grade bulk carrier California Freight - TT,https://www.ttnews.com/articles/trimac-buy-california-freight,Keiron Greenhalgh,2026-08-06T16:10:40Z,bulk carrier,"Trimac Transportation acquired food-grade bulk carrier California Freight for an undisclosed sum, its second acquisition in the Golden State in two years.",Transport Topics Online,Unknown,News,2026-08-10T07:44:54.475891Z
a481d5991497662ec866f20f84accdb9,Russia and Ukraine Are Mutually Shutting Down the Black Sea,http://foreignpolicy.com/2026/08/06/russia-ukraine-war-black-sea-shipping-ports-exports-grain-food-agriculture-drones-missiles/,Paul Hockenos,2026-08-06T14:05:14Z,bulk carrier,Strikes on ports and ships could portend another global food shortage.,Foreign Policy,Russia,News,2026-08-10T07:44:54.475910Z
24098a3ab9f3c2a1fca1966926e5aca3,"Middle East Situation Remains “Predictably Unpredictable,” Lloyd’s List Intelligence",https://gcaptain.com/middle-east-situation-remains-predictably-unpredictable-lloyds-list-intelligence/,Lori Ann LaRocco,2026-08-06T13:39:23Z,bulk carrier,"Almost six months into the U.S./ Israel war with Iran, the state of the Strait of Hormuz is still constrained. Ambrey has alerted another tanker aborted its transit through the Strait of Hormuz after two explosions were reported 37 NM southwest of Bandar-e-Ja…",gcaptain.com,Unknown,Market Report,2026-08-10T07:44:54.475960Z
a128d382d2655fdc92abe268ea823ca2,Tewolde Gebremariam: The storied career of Air India's new helmsman and the tough India test that awaits him,https://economictimes.indiatimes.com/industry/transportation/airlines-/-aviation/tewolde-gebremariam-the-storied-career-of-air-indias-new-helmsman-and-the-tough-india-test-that-awaits-him/articleshow/132996767.cms,Reuters,2026-08-06T10:15:59Z,bulk carrier,"Tewolde Gebremariam, known for crisis management, will lead Air India. He previously managed Ethiopian Airlines through major global crises. The airline faces safety concerns and financial losses after recent incidents. Modernising the fleet and navigating ai…",The Times of India,India,News,2026-08-10T07:44:54.476097Z
5ddfe58b7a245a84451bebab6b59c830,Stromal cell senescence augments haematopoietic cell fitness in clonal haematopoiesis,https://www.nature.com/articles/s41556-026-02025-4,"Jayna J. Mistry, Kira A. Young, Anna Navarro Figueredo, Gibran Edun, Alicia G. Aguilar-Navarro, Patricia A. Colom Díaz, Maria Telpoukhovskaia, Inés Fernández Maestre, Sheng F. Cai, Katharina S. Götze, Anastasia N. Tikhonova, Ross L. Levine, Jennifer J. Trowbridge",2026-08-06T00:00:00Z,bulk carrier,Mistry et al. propose that Dnmt3a-mutant haematopoietic cells induce mesenchymal stromal cell senescence. Removal of senescent non-haematopoietic cells reduces Dnmt3a-mutant haematopoiesis.,Nature.com,Unknown,News,2026-08-10T07:44:54.476139Z
9bde747d4bac6140f9aab4f8097dfb9c,Windup in a Lake 2026: Celebrating Fifty Years of Citizen Eco-Drive Innovation and One Unforgettable Recovery Mission,https://wornandwound.com/windup-in-a-lake-2026-celebrating-fifty-years-of-citizen-eco-drive-innovation-and-one-unforgettable-recovery-mission/,Sponsored,2026-08-05T20:00:47Z,bulk carrier,"For the last three years, Citizen¹ has supported what has affectionately become known as Windup in a Lake—a diving event on Lake Michigan coinciding with Windup Watch Fair Chicago. We’ve celebrated Promaster¹ milestones with folk legends, and thrown ’80s-them…",Wornandwound.com,Unknown,News,2026-08-10T07:44:54.476195Z
dfdbeae37442a1049af1e6ed7c820ef6,Ukraine and Russia exchange attacks after ‘seven killed on beach’,https://www.irishtimes.com/world/europe/2026/08/04/ukraine-and-russia-exchange-attacks-after-seven-killed-on-beach/,,2026-08-04T10:10:55Z,bulk carrier,"Footage online shows a drone slamming into a crowded beach, with what sounds like rapid gunfire ringing in the background",The Irish Times,Russia,News,2026-08-10T07:44:54.476271Z
405b078e36ba5c0f0e59b6cd6f42be5f,Greek-owned vessel hit in the Strait of Hormuz – One seafarer missing,https://en.protothema.gr/2026/08/04/greek-owned-vessel-hit-in-the-strait-of-hormuz-one-seafarer-missing/,Newsroom,2026-08-04T08:00:48Z,bulk carrier,"The cargo ship Minoan Pioneer suffered damage to its engine room and experienced a complete blackout - A fire broke out in the crew accommodation areas
The post Greek-owned vessel hit in the Strait of Hormuz – One seafarer missing appeared first on ProtoThema…",Protothema.gr,Greece,News,2026-08-10T07:44:54.476319Z
33eebe7a14a13ad86ac35df815bf88fd,Saudi tankers reroute around Africa to bypass Houthi Red Sea blockade,https://www.israelnationalnews.com/news/431189,Israel National News,2026-08-03T22:10:07Z,bulk carrier,"Six Saudi ships divert around Africa, adding two weeks to their voyages, to circumvent a Houthi-declared shipping blockade in the Red Sea chokepoint.",Israelnationalnews.com,Unknown,News,2026-08-10T07:44:54.476355Z
05b1a71d7a9209debcb85ccdee0b7ffc,Developmental factors drive the compartmentalized and discontinuous maturation of the small intestinal epithelium during the early postnatal period,https://journals.plos.org/plosbiology/article?id=10.1371/journal.pbio.3003212,"Johannes Schöneich, Aline Dupont, Stefan Schlößer, Mingbo Cheng, Matthias A. Schmitz, Isabel Richter, Narasimha Murthy Keshava Prasad Gubbi, Kaiyi Zhang, Tiago Maié, Asmae Laouina, Sofia Jäverfelt, Fabian Imdahl, Christophe Toussaint, Antoine-Emmanuel Saliba, Christoph Kuppe, Oliver Pabst, Thaher Pelaseyed, Ivan G. Costa, Mathias W. Hornef",2026-08-03T14:00:00Z,bulk carrier,"During the postnatal period, the small intestinal epithelium transitions from placental energy supply to enteral feeding. This study systematically analyses the temporal, spatial and cellular diversity during the maturation of murine postnatal mucosal tissues…",Plos.org,Unknown,News,2026-08-10T07:44:54.476417Z
130f5708f38e8d1799d24066ed383559,Topical formulation of repurposed FDA-approved compounds inhibits Pseudomonas aeruginosa ExoU and improves corneal infection outcomes,https://journals.plos.org/plospathogens/article?id=10.1371/journal.ppat.1014474,"Daniel M. Foulkes, David G. Fernig, Keri McLean, Marie Held, John A. Harris, Yan Sun, Joanne L. Fothergill, Valerie Price, Dominic P. Byrne, Gabriela Czanner, Connie Tam, Stephen B. Kaye",2026-08-03T14:00:00Z,bulk carrier,"Author summary Pseudomonas aeruginosa is a leading cause of microbial keratitis, a sight-threatening infection characterised by rapid tissue destruction. A major contributor to disease severity is the type III secretion system effector ExoU, a potent phosphol…",Plos.org,Unknown,News,2026-08-10T07:44:54.476480Z
e0be5285995bf85a88315e8cf869e8db,BFG Monday: Your Gear Is Not a System Just Because It Fits on the Same Belt,https://soldiersystems.net/2026/08/03/bfg-monday-your-gear-is-not-a-system-just-because-it-fits-on-the-same-belt/,Eric G,2026-08-03T10:00:00Z,bulk carrier,"By John Chapman Executive Director, Task Force 70 Foundation Photo courtesy of John ChapmanAsk most cops what makes a good loadout and they will start naming gear. A better belt. A lighter pouch. Whatever sling everybody is running this year. Good equipment m…",Soldiersystems.net,Unknown,News,2026-08-10T07:44:54.476533Z
36d18dc5db76b1c278aad7c8bf7655b8,‘We are still the gateway to Europe’: Policing the west Cork coast for drug smuggling,https://www.irishtimes.com/crime-law/2026/08/03/we-are-still-the-gateway-to-europe-policing-the-west-cork-coast-for-drug-smuggling/,Barry Roche,2026-08-03T05:00:00Z,bulk carrier,"While the methods used to bring contraband into the State and the Continent have changed over the years, the country’s geography has not",The Irish Times,Unknown,News,2026-08-10T07:44:54.476576Z
261cb4f22e3ceef278184a422e7a2852,"Costamare Bulkers Holdings Limited Reports Results for the Second Quarter and Six-Month Period Ended June 30, 2026",https://www.globenewswire.com/news-release/2026/08/03/3337283/0/en/Costamare-Bulkers-Holdings-Limited-Reports-Results-for-the-Second-Quarter-and-Six-Month-Period-Ended-June-30-2026.html,Costamare Bulkers Holdings Limited,2026-08-03T09:21:00Z,capesize,"MONACO, Aug. 03, 2026 (GLOBE NEWSWIRE) -- Costamare Bulkers Holdings Limited (“Costamare Bulkers” or the “Company”) (NYSE: CMDB) today reported unaudited financial results for the second quarter and six-month period ended June 30, 2026.",GlobeNewswire,Unknown,Market Report,2026-08-10T07:44:54.960677Z
5c6e5734cb5cf99ad94d4d2789a6922a,Dorian LPG Q1 Earnings Call Highlights,https://www.marketbeat.com/instant-alerts/dorian-lpg-q1-earnings-call-highlights-2026-08-08/?utm_source=yahoofinance&amp;utm_medium=yahoofinance,MarketBeat,2026-08-08T17:03:55Z,panamax,"Dorian LPG (NYSE:LPG) reported record quarterly chartering performance for its fiscal first quarter of 2027, as disruptions to Middle East LPG supply and con...",MarketBeat,Unknown,Market Report,2026-08-10T07:44:55.430375Z
df3ab9e5812778fefb32c376b4283823,Capital Clean Energy Carriers Corp. Announces Annual Meeting of Shareholders,https://www.globenewswire.com/news-release/2026/08/07/3341386/20327/en/capital-clean-energy-carriers-corp-announces-annual-meeting-of-shareholders.html,Capital Clean Energy Carriers Corp.,2026-08-07T20:05:00Z,panamax,"ATHENS, Greece, Aug. 07, 2026 (GLOBE NEWSWIRE) -- The Board of Directors of Capital Clean Energy Carriers Corp. (NASDAQ: CCEC) (the “Corporation” or “CCEC”) has called an annual meeting of shareholders to be held at the Corporation’s headquarters in Greece on…",GlobeNewswire,Greece,News,2026-08-10T07:44:55.430654Z
fac8374fff4070968f203372fca0e961,U.S. 4th Fleet Hosts Multinational Forces for PANAMAX 2026,https://www.globalsecurity.org/military/library/news/2026/08/mil-260806-usn02.htm,John Pike,2026-08-06T12:00:00Z,panamax,U.S. Naval Forces Southern Command/U.S. 4th Fleet is hosting the Combined Force Maritime Component Command (CFMCC) portion of the annual exercise PANAMAX from Aug. 3-12.,Globalsecurity.org,Panama,News,2026-08-10T07:44:55.430732Z
f5b2a424ec8a94422b1458ce015205ee,Global Ship Lease Reports Results for the Second Quarter of 2026,https://www.globenewswire.com/news-release/2026/08/05/3339245/0/en/Global-Ship-Lease-Reports-Results-for-the-Second-Quarter-of-2026.html,Global Ship Lease Inc.,2026-08-05T12:00:00Z,panamax,"Ordered 15 mid-size, ultra-high-reefer, wide-beam, latest generation newbuilds for an aggregate contract price of $1.33 billion, over 75% of which is covered by expected Adj. EBITDA from initial charters 100% contract cover for 2026 and 90% for 2027 Annualize…",GlobeNewswire,Global,Market Report,2026-08-10T07:44:55.430824Z
510e13edf1fd24fce7489a00dd3cd6c7,Coast Guard Participates in Panama Canal Counter-Threat Exercise,https://www.globalsecurity.org/military/library/news/2026/08/mil-260805-dodnews01.htm,John Pike,2026-08-05T12:00:00Z,panamax,"Panama's National Aeronaval Service welcomed key leaders from Mexico, Ecuador, Colombia and the United States during the pre-sail conference for Exercise Panamax 2026, Aug. 3.",Globalsecurity.org,USA,News,2026-08-10T07:44:55.430845Z
f59692198c9c2fd50f4de9daa2fff911,"Iran War: US Again Fabricates Talks On, “Deal Is Nigh” As Reuters Reports Even Greater Weapons Depletion; Iran Debunks Media Reports on Oman Negotiations v. “Opening”",https://www.nakedcapitalism.com/2026/08/iran-war-us-again-fabricates-talks-on-deal-is-nigh-as-reuters-reports-even-greater-weapons-depletion-iran-debunks-media-reports-on-oman-negotiations-v-opening.html,Yves Smith,2026-08-05T10:51:43Z,panamax,"Today's Iran war news: Disappointingly, more commentators are repeating Trump bogosity as the weapons and real economy crunch worsens.",Nakedcapitalism.com,Unknown,Analysis/Opinion,2026-08-10T07:44:55.430888Z
86c37776f3761d495dcc99663f8cdba7,Panama hosts pre-sail conference opening ceremony at start of PANAMAX 2026 exercise,https://www.globalsecurity.org/military/library/news/2026/08/mil-260804-southcom02.htm,John Pike,2026-08-04T12:00:00Z,panamax,"Panama's Servicio Nacional Aeronaval welcomed key leadership from the visiting partner nations of Mexico, Ecuador, Colombia and the United States on Aug. 3, 2026, who are participating in maritime operations in support of PANAMAX 2026, Aug. 3-13.",Globalsecurity.org,USA,News,2026-08-10T07:44:55.430918Z
ab42461c55af5fc31f138566710e17c9,U.S. 4th Fleet Hosts Multinational Forces for PANAMAX 2026,https://www.globalsecurity.org/military/library/news/2026/08/mil-260804-southcom01.htm,John Pike,2026-08-04T12:00:00Z,panamax,"""Securing the Western Hemisphere requires seamless cooperation and a unified effort between partner nations,"" said Sardiello. ""PANAMAX strengthens effective hemispheric command and control so that our combined forces can effectively secure strategic key terra…",Globalsecurity.org,Panama,News,2026-08-10T07:44:55.430961Z
c7cc17b8cdfabb09af3f94bf2986cd68,Capital Clean Energy Carriers Corp. Announces the Delivery of the LNG Carrier ‘Alcaios I’,https://apnews.com/press-release/globenewswire-mobile/press-release-37a6d251d578301e50c77e3e8efd97eb,Capital Clean,2026-08-04T03:23:13Z,panamax,"ATHENS, Greece, Aug. 03, 2026 (GLOBE NEWSWIRE) -- Capital Clean Energy Carriers Corp. (NASDAQ: CCEC), an international owner of ocean-going vessels (the ""Company,"" ""CCEC,"" ""we"" or ""us""), today announced that it has successfully taken delivery of the Liquefied…",Associated Press,Greece,News,2026-08-10T07:44:55.431010Z
bcc0a808053a7abb43100bda3390fcda,Capital Clean Energy Carriers Corp. Announces the Delivery of the LNG Carrier ‘Alcaios I’,https://www.globenewswire.com/news-release/2026/08/03/3337867/20327/en/Capital-Clean-Energy-Carriers-Corp-Announces-the-Delivery-of-the-LNG-Carrier-Alcaios-I.html,Capital Clean Energy Carriers Corp.,2026-08-03T20:05:00Z,panamax,"ATHENS, Greece, Aug. 03, 2026 (GLOBE NEWSWIRE) -- Capital Clean Energy Carriers Corp. (NASDAQ: CCEC), an international owner of ocean-going vessels (the ""Company,"" ""CCEC,"" ""we"" or ""us""), today announced that it has successfully taken delivery of the Liquefied…",GlobeNewswire,Greece,News,2026-08-10T07:44:55.431041Z
3891d26e0ab5e6d727e7e79e653a6e44,Panama to host multinational PANAMAX exercise Aug. 3-13,https://www.globalsecurity.org/military/library/news/2026/08/mil-260803-southcom01.htm,John Pike,2026-08-03T12:00:00Z,panamax,"Panama is set to host participants from 18 partner nations, including the United States, for the PANAMAX 2026 exercise Aug. 3-13, 2026. PANAMAX 2026 will provide participating nations an opportunity to conduct combined security and stability operations to enh…",Globalsecurity.org,USA,News,2026-08-10T07:44:55.431084Z
5e7b8de3e75b59a4f68588dde750207e,Navigator Q2 Earnings Call Highlights,https://www.marketbeat.com/instant-alerts/navigator-q2-earnings-call-highlights-2026-08-08/?utm_source=yahoofinance&amp;utm_medium=yahoofinance,MarketBeat,2026-08-08T21:03:55Z,handysize,"Navigator (NYSE:NVGS) reported record second-quarter results for 2026, citing higher shipping demand, elevated time charter equivalent rates and record throu...",MarketBeat,Brazil,Market Report,2026-08-10T07:44:56.088501Z
be09c9bae1c32ceafbe67322cd3779db,Navigator Gas Announces Signing of $121.8 Million Financing for Two Newbuild Ammonia Carriers in Navigator Amon Joint Venture,https://www.globenewswire.com/news-release/2026/08/03/3337399/0/en/Navigator-Gas-Announces-Signing-of-121-8-Million-Financing-for-Two-Newbuild-Ammonia-Carriers-in-Navigator-Amon-Joint-Venture.html,Navigator Holdings Ltd.,2026-08-03T11:30:00Z,handysize,"LONDON, Aug. 03, 2026 (GLOBE NEWSWIRE) -- Navigator Holdings Ltd. (“Navigator Gas” or the “Company”) (NYSE: NVGS), the owner and operator of the world’s largest fleet of handysize liquefied gas carriers, is pleased to announce that on July 31, 2026, subsidiar…",GlobeNewswire,UK,News,2026-08-10T07:44:56.088595Z
4a5e09c865b32c2fa1cf8c2d593a07d9,Iran says it has a deal to reopen the Strait of Hormuz—and shipowners are outraged by its plan to charge fees,https://fortune.com/2026/08/06/iran-oman-deal-strait-of-hormuz-shipowners-fees/,Jim Edwards,2026-08-06T10:13:59Z,baltic dry index,Everything you need to know before you reach the office this morning.,Fortune,Unknown,News,2026-08-10T07:44:56.414584Z
8477c8693053b42ae7437c1dd5e4a85f,Workers down tools for second time at BHP's Port Hedland operations,https://www.abc.net.au/news/2026-08-09/strikes-hit-bhp-port-hedland-operations-/107008046,Kimberley Putland,2026-08-09T00:51:34Z,iron ore,"Members of three unions have downed tools for 24 hours at BHP's Port Hedland operations, after a work stoppage by the Australian Workers Union a day earlier.",ABC News (AU),Australia,News,2026-08-10T07:44:56.874423Z
67f6332c8d2cd5527059a9199b52fa76,Iran Says Hormuz Stays Closed Until U.S. Meets Six Sweeping Demands,https://oilprice.com/Latest-Energy-News/World-News/Iran-Says-Hormuz-Stays-Closed-Until-US-Meets-Six-Sweeping-Demands.html,Tom Kool,2026-08-08T16:36:03Z,iron ore,"Iran has effectively rejected expectations of an imminent reopening of the Strait of Hormuz, laying out sweeping conditions that would require the United States to fundamentally change its policy toward Tehran. In a statement issued by Mohammad Baqer Zolghadr…",OilPrice.com,USA,News,2026-08-10T07:44:56.874648Z
112f27a8da47d30ff3fd8bb914e329c9,Marquis Holdings Appoints Veteran Canadian Mining Executive John Hick as Senior Adviser,https://www.globenewswire.com/news-release/2026/08/08/3341456/0/en/marquis-holdings-appoints-veteran-canadian-mining-executive-john-hick-as-senior-adviser.html,Marquis Holdings,2026-08-08T13:00:00Z,iron ore,"Appointment strengthens Marquis's international capital markets, governance and mining M&A capabilities as the Group advances Project Atlantic....",GlobeNewswire,Global,Market Report,2026-08-10T07:44:56.874686Z
9fd42c5d98178183bc7d9005d8527b8d,Australia Unions Push On With Strike At BHP’s Port Hedland,https://gcaptain.com/australia-unions-push-on-with-strike-at-bhps-port-hedland/,Reuters,2026-08-08T11:57:34Z,iron ore,"SYDNEY, Aug 8 (Reuters) – Workers will continue a two-day strike at BHP’s Port Hedland operations in Western Australia as planned, a union official said on Saturday, after the start of the first major...",gcaptain.com,Australia,News,2026-08-10T07:44:56.874714Z
749b263e6dc30dd4bb050ed7020b5e2e,NMDC cuts iron ore prices from August 8,https://economictimes.indiatimes.com/industry/indl-goods/svs/metals-mining/nmdc-cuts-iron-ore-prices-from-august-8/articleshow/133050269.cms,ANI,2026-08-08T10:07:56Z,iron ore,"NMDC has cut its iron ore prices effective August 8, 2026. Lump ore (65.5%) is now priced at Rs 5,250 per tonne, down from Rs 5,450 in July, while fines (64%) have been reduced to Rs 4,500 per tonne from Rs 4,700.",The Times of India,Unknown,Market Report,2026-08-10T07:44:56.874747Z
70af62c06ec7716d7719271aec3ca863,NMPA handles maiden steel grade pig iron cargo,https://www.thehindubusinessline.com/economy/logistics/nmpa-handles-maiden-steel-grade-pig-iron-cargo/article71321115.ece,BL Mangaluru Bureau,2026-08-08T09:35:11Z,iron ore,"According to NMPA, the maiden export shipment comprised 31,500 tonnes of steel grade pig iron to Kenya aboard m.v. Resolute Bay with Stemcor as the overseas buyer",BusinessLine,Unknown,News,2026-08-10T07:44:56.874814Z
36854448bbd84be974eaf6bb40e8a132,NMDC cuts iron ore prices from August 8,https://www.thehindubusinessline.com/markets/commodities/nmdc-cuts-iron-ore-prices-from-august-8/article71321119.ece,PTI,2026-08-08T09:29:23Z,iron ore,"The company's cumulative production during April-July 2026 stood at 19.16 MT, while sales were at 15.15 MT, reflecting sustained operational momentum",BusinessLine,Unknown,Market Report,2026-08-10T07:44:56.874843Z
48c4b58907483920ed59abe9eae02138,"Chronological Reading for Saturday August 8, 2026 (NIV)",https://www.biblegateway.com/reading-plans/chronological/2026/08/08/,,2026-08-08T04:06:42Z,iron ore,,Biblegateway.com,Unknown,News,2026-08-10T07:44:56.874867Z
76a84ebc294820f9e290f1e80c099a16,EU Locks In Plan To Triple Energy Storage Capacity By 2030,https://oilprice.com/Energy/Energy-General/EU-Locks-In-Plan-To-Triple-Energy-Storage-Capacity-By-2030.html,Haley Zaremba,2026-08-07T23:00:00Z,iron ore,"Europe desperately needs an energy storage revolution. As the region gets rocked by the third energy crisis in four years, the continent’s insufficient indigenous energy systems, and backups to those systems, has become abundantly and painfully clear. ""We swo…",OilPrice.com,Unknown,News,2026-08-10T07:44:56.874920Z
39c050943edf472f2d8aad379753b285,Is Iran Preparing to Permanently Block the Strait of Hormuz?,https://oilprice.com/Energy/Energy-General/Is-Iran-Preparing-to-Permanently-Block-the-Strait-of-Hormuz.html,Tom Kool,2026-08-07T16:04:46Z,iron ore,"Conflicting signals from Washington and Tehran keep oil markets on edge as Iran weighs a permanent Hormuz shipping ban while Trump insists a deal is within reach. Friday, August 07, 2026 The oil market’s very own schizophrenia – trying to read into the contra…",OilPrice.com,Unknown,Market Report,2026-08-10T07:44:56.875025Z
acda7ee3c11e0b2cb5ce3b8d79abd4ba,Is Iran Preparing to Permanently Block the Strait of Hormuz?,https://finance.yahoo.com/energy/articles/iran-preparing-permanently-block-strait-160446082.html,Tom Kool,2026-08-07T16:04:46Z,iron ore,Conflicting signals from Washington and Tehran keep oil markets on edge as Iran weighs a permanent Hormuz shipping ban while Trump insists a deal is within r...,Yahoo Entertainment,Unknown,Market Report,2026-08-10T07:44:56.875057Z
2d941e7c7d3fc4e22fa35d483f61bf4d,Guinea selects Glencore as bauxite offtaker for Nimba,https://www.mining-technology.com/news/guinea-glencore-bauxite-offtaker-nimba/,Shree Mishra,2026-08-07T13:35:10Z,iron ore,Nimba Mining has exported 4mt of bauxite so far during the current year.,Mining Technology,Unknown,News,2026-08-10T07:44:56.875102Z
59494f83560d81ee7a9a02791cdb6d8d,Trump hosts mining CEOs to lock down minerals for defense supply chains,https://cryptobriefing.com/trump-mining-ceos-minerals-defense-supply-chains/,Editorial Team,2026-08-07T10:31:19Z,iron ore,"The initiative could reduce reliance on China, bolster national security, and stimulate domestic and allied mineral production industries.
The post Trump hosts mining CEOs to lock down minerals for defense supply chains appeared first on Crypto Briefing.",Crypto Briefing,China,News,2026-08-10T07:44:56.875164Z
214749395319a754a570352159da268f,Coal India Makes Move Into Iron Ore In Diversification Push,https://financialpost.com/pmn/business-pmn/coal-india-makes-move-into-iron-ore-in-diversification-push,Bloomberg News,2026-08-07T08:26:04Z,iron ore,Coal India Ltd. is set to start mining iron ore as the world’s biggest coal producer diversifies its core business and reduces dependence on the dirtiest of fossil fuels.,Financial Post,India,News,2026-08-10T07:44:56.875188Z
a6d3e9f82201d249999039f49969e5ac,Coal India makes move into iron ore in diversification push,https://www.bloomberg.com/news/articles/2026-08-06/coal-india-makes-move-into-iron-ore-in-diversification-push,Bloomberg,2026-08-07T03:45:04Z,iron ore,Coal India is expanding into mining of other minerals and generate green power as India inches closer to achieving net zero emissions by 2070,Bloomberg,India,News,2026-08-10T07:44:56.875207Z
21db4c91dff050cab33e6260a462e9fd,LIC Q1 profit surges 23% on growth in value of new business,https://economictimes.indiatimes.com/markets/stocks/news/lic-q1-profit-surges-23-on-growth-in-value-of-new-business/articleshow/133018657.cms,ET Bureau,2026-08-07T01:25:18Z,iron ore,"Life Insurance Corporation of India reported a twenty-three percent net profit rise. Value of new business jumped sixty-one percent, boosting profitability margins significantly. Diversification into non-participating savings and protection products aided thi…",The Times of India,India,Market Report,2026-08-10T07:44:56.875232Z
3e1c8dd1abf21d3fea4af6288025ceeb,"PyroGenesis Announces Second Quarter 2026 Results: Revenue of $4.4 Million, Up 47% Year-Over-Year for Best Q2 Since 2022",https://financialpost.com/globe-newswire/pyrogenesis-announces-second-quarter-2026-results-revenue-of-4-4-million-up-47-year-over-year-for-best-q2-since-2022,GlobeNewswire,2026-08-07T01:00:52Z,iron ore,"First-half 2026 revenue has already surpassed the first nine months of 2025. Advancement of major projects drives Q2 revenue. Backlog of $40.0 million. MONTREAL, Aug. 06, 2026 (GLOBE NEWSWIRE) — PyroGenesis Inc. (“PyroGenesis” or “the Company”) (TSX: PYR) (OT…",Financial Post,Unknown,News,2026-08-10T07:44:56.875282Z
c3386fa0bbc859a6aa062cb676898b38,"PyroGenesis Announces Second Quarter 2026 Results: Revenue of $4.4 Million, Up 47% Year-Over-Year for Best Q2 Since 2022",https://www.globenewswire.com/news-release/2026/08/07/3340901/0/en/pyrogenesis-announces-second-quarter-2026-results-revenue-of-4-4-million-up-47-year-over-year-for-best-q2-since-2022.html,PyroGenesis Inc.,2026-08-07T01:00:00Z,iron ore,"MONTREAL, Aug. 06, 2026 (GLOBE NEWSWIRE) -- PyroGenesis Inc. (“PyroGenesis” or “the Company”) (TSX: PYR) (OTCQX: PYRGF) (FRA: 8PY1), a leader in ultra-high temperature processes and engineering innovation, and a plasma-based technology provider to heavy indus…",GlobeNewswire,Unknown,News,2026-08-10T07:44:56.875331Z
db45a5078398ce68be2107b1a9654593,Coal India Ltd preferred bidder for Odisha iron ore block,https://economictimes.indiatimes.com/markets/commodities/news/coal-india-ltd-preferred-bidder-for-odisha-iron-ore-block/articleshow/133018570.cms,ET Bureau,2026-08-07T00:55:40Z,iron ore,Coal India Limited has become the preferred bidder for Odisha's Gadadharpur iron ore block.  The state-owned miner will diversify operations by entering the iron ore sector.  This acquisition strengthens Coal India's critical mineral resource presence signifi…,The Times of India,India,News,2026-08-10T07:44:56.875358Z
2015bdf484c203b43a6d65cfde284f99,Coal India Ltd preferred bidder for Odisha iron ore block,https://economictimes.indiatimes.com/markets/commodities/news/coal-india-ltd-preferred-bidder-for-odisha-iron-ore-block/articleshow/133018448.cms,ET Bureau,2026-08-07T00:55:40Z,iron ore,Coal India Limited has become the preferred bidder for Odisha's Gadadharpur iron ore block.  The state-owned miner will diversify operations by entering the iron ore sector.  This acquisition strengthens Coal India's critical mineral resource presence signifi…,The Times of India,India,News,2026-08-10T07:44:56.875375Z
90ebd2bc078c6d5fdf74e4de5288ee05,"$10,000 invested in Rio Tinto shares 12 months ago is now worth…",https://www.fool.com.au/2026/08/07/10000-invested-in-rio-tinto-shares-12-months-ago-is-now-worth-2/,Grace Alvino,2026-08-06T21:12:05Z,iron ore,"Most investors know Rio Tinto for income. I suspect fewer expected a $10,000 investment to move this quickly.
The post $10,000 invested in Rio Tinto shares 12 months ago is now worth… appeared first on The Motley Fool Australia.",Motley Fool Australia,Australia,News,2026-08-10T07:44:56.875399Z
969b5fc9fd759dbc84e0ca34fb6bc955,Australian lithium miners want more value from Chinese-dominated battery supply chain,https://www.abc.net.au/news/2026-08-07/australian-lithium-miners-domestic-refineries/106619924,Clint Jasper,2026-08-06T18:48:53Z,iron ore,"Until recently, Australian lithium miners were digging up their ore and selling to China for processing into battery materials. Now, a handful of them are trying to get a bit more value out of that supply chain.",ABC News (AU),China,News,2026-08-10T07:44:56.875418Z
b707d8d07505099277334f1326c2ab77,Radiant World faces pressure as banks freeze funds and miners cut ties,https://cryptobriefing.com/radiant-world-banks-freeze-miners-cut-ties/,Editorial Team,2026-08-06T16:51:49Z,iron ore,"The unraveling of Radiant World's financial ties could destabilize the iron ore market, prompting tighter scrutiny and risk management.
The post Radiant World faces pressure as banks freeze funds and miners cut ties appeared first on Crypto Briefing.",Crypto Briefing,Unknown,Market Report,2026-08-10T07:44:56.875456Z
d516a6ff540fb5f285803e84ce995a64,Deutsche Bank freezes funds of Radiant World amid pressure from miners and trading giants,https://cryptobriefing.com/deutsche-bank-radiant-world-funds-frozen/,Editorial Team,2026-08-06T13:08:16Z,iron ore,"The Radiant World case underscores the urgent need for blockchain in trade finance to prevent document fraud and enhance trust.
The post Deutsche Bank freezes funds of Radiant World amid pressure from miners and trading giants appeared first on Crypto Briefin…",Crypto Briefing,Unknown,Market Report,2026-08-10T07:44:56.875505Z
a4516174c5654bb7d33b8f174bc3e85a,Coal India enters iron ore mining after Odisha block win,https://economictimes.indiatimes.com/industry/indl-goods/svs/metals-mining/coal-india-enters-iron-ore-mining-after-odisha-block-win/articleshow/133001532.cms,Reuters,2026-08-06T11:32:35Z,iron ore,Coal India secured the Gadadharpur iron ore block in Odisha. This acquisition marks the state-run miner's entry into iron ore mining. India's iron ore production is projected to increase significantly by 2026-27. Odisha's rising output will support planned st…,The Times of India,India,News,2026-08-10T07:44:56.875533Z
c8fa54eb861009fed247afe85189e400,Nigeria Eyes $50 Billion From 22 Offshore Oil and Gas Projects,https://oilprice.com/Latest-Energy-News/World-News/Nigeria-Eyes-50-Billion-From-22-Offshore-Oil-and-Gas-Projects.html,Irina Slav,2026-08-06T11:30:00Z,iron ore,"Nigeria expects to attract investments worth between $30 billion and $50 billion from 22 offshore oil and gas projects over the nest five years, the country’s Upstream Petroleum Regulatory Commission has said. “Beyond increasing production, these investments …",OilPrice.com,Unknown,News,2026-08-10T07:44:56.875582Z
6c732729eb16a06b63e1b231d9739d8c,China’s state iron ore buyer tells steel mills to stop negotiating with Rio Tinto,https://cryptobriefing.com/cmrg-steel-mills-rio-tinto-talks/,Editorial Team,2026-08-06T11:09:23Z,iron ore,"China's centralized iron ore purchasing strategy could shift global market dynamics, pressuring major suppliers to adjust pricing strategies.
The post China’s state iron ore buyer tells steel mills to stop negotiating with Rio Tinto appeared first on Crypto B…",Crypto Briefing,China,Market Report,2026-08-10T07:44:56.875641Z
548fc012d48316a38da892e0363660b3,Coal India emerges top bidder for Odisha iron ore mining block,https://www.livemint.com/companies/news/coal-india-iron-ore-mining-coal-miner-odisha-block-steel-prices-india-11786013416967.html,Dipali Banka,2026-08-06T11:03:22Z,iron ore,"State-run Coal India emerged as the highest bidder for the Gadadharpur iron ore block in Odisha with a 114% premium, marking its entry into a sector dominated by NMDC&nbsp;",Livemint,India,News,2026-08-10T07:44:56.875660Z
cc7cc9d48d8ea34d5dd5de3660387c0e,"Peracetic Acid Market Size to Surpass USD 2.10 Billion by 2035, Growing at 6.96% CAGR | SNS Insider",https://www.globenewswire.com/news-release/2026/08/06/3340043/0/en/Peracetic-Acid-Market-Size-to-Surpass-USD-2-10-Billion-by-2035-Growing-at-6-96-CAGR-SNS-Insider.html,SNS Insider pvt ltd,2026-08-06T10:29:00Z,iron ore,Europe to Hold 40% Market Share in 2025; U.S. Market to Reach USD 0.49 Billion by 2035 Europe to Hold 40% Market Share in 2025; U.S. Market to Reach USD 0.49 Billion by 2035,GlobeNewswire,Unknown,Market Report,2026-08-10T07:44:56.875694Z
ea6b0ac13f101cf0d1b57966cef21278,Iron Ore + 5 Loot Icons - PBR Game Ready by 3D Division Studios,https://assetstore.unity.com/packages/3d/props/iron-ore-5-loot-icons-pbr-game-ready-388694,,2026-08-06T10:06:17Z,iron ore,"A iron ore game-ready pack featuring 1 unique mesh, 5 loot icons with rarity variations, a high-resolution render, and a customizable PSD icon maker.Number of Meshes: 1 Unique MeshesNumber of Prefabs: 1 Prefab AssetsMaximum polygon count: 2892LODs: Yes, 3 LOD…",Unity.com,Unknown,News,2026-08-10T07:44:56.875746Z
b827cf103b8d6b17979a3e3c38c9cf3c,The German Mittelstand,https://kieranvelasquez.substack.com/p/on-the-german-mittelstand,Kieran Velasquez,2026-08-06T07:32:54Z,iron ore,What I learned from factories across Germany,Substack.com,Germany,News,2026-08-10T07:44:56.875768Z
55ab15437f3f26c5ba9131203d6ac547,"China's CMRG tells some steel mills to halt talks with Rio Tinto for shipments from September, sources say",https://finance.yahoo.com/markets/commodities/articles/chinas-cmrg-tells-steel-mills-065530999.html,Reuters,2026-08-06T06:55:30Z,iron ore,"Aug 6 () - China's state iron ore buyer has directed some steel mills to halt negotiations with Rio Tinto for shipments from September, two sources said, esc...",Yahoo Entertainment,China,News,2026-08-10T07:44:56.875787Z
e87a8726eca01758dd64396c0b0b4452,"Vedanta Aluminium seeks ₹13,500 crore bank loan after group demerger",https://www.bloomberg.com/news/articles/2026-08-06/billionaire-agarwal-s-vedanta-unit-seeks-mega-loan-after-business-split,Bloomberg,2026-08-06T02:44:25Z,iron ore,"Axis Bank, HDFC Bank and ICICI Bank are said to back the firm with a long-term rupee loan to refinance existing debt following the group’s restructuring.",Bloomberg,Unknown,News,2026-08-10T07:44:56.875830Z
8ee96cd4f98898ba244952ed89fa3e59,Billionaire Anil Agarwal’s Vedanta unit seeks mega $1.4 billion loan after business split,https://economictimes.indiatimes.com/industry/indl-goods/svs/metals-mining/billionaire-anil-agarwals-vedanta-unit-seeks-mega-1-4-billion-loan-after-business-split/articleshow/132979220.cms,Bloomberg,2026-08-06T02:09:59Z,iron ore,"Vedanta Aluminium Metal Ltd. is raising 135 billion rupees from three major banks. Axis Bank, HDFC Bank, and ICICI Bank are providing the substantial loan. This marks the first major local-currency borrowing after the conglomerate's recent split. Proceeds wil…",The Times of India,Unknown,News,2026-08-10T07:44:56.875887Z
59d75d8d49ffd2404e845d0da53e8669,BHP's copper guidance surprise: what does this mean for BHP shares,https://www.fool.com.au/2026/08/06/bhps-copper-guidance-surprise-what-does-this-mean-for-bhp-shares/,Mark Verhoeven,2026-08-05T21:59:04Z,iron ore,"A soft copper number, but a much stronger balance sheet.
The post BHP's copper guidance surprise: what does this mean for BHP shares appeared first on The Motley Fool Australia.",Motley Fool Australia,Australia,News,2026-08-10T07:44:56.875904Z
e93c789720c28faf703a5df0e8c2814e,Energy Fuels Announces Q2-2026 Results,https://www.prnewswire.com/news-releases/energy-fuels-announces-q2-2026-results-302844191.html,,2026-08-05T20:15:00Z,iron ore,"DENVER, Aug. 5, 2026 /PRNewswire/ -- Energy Fuels Inc. (NYSE American: UUUU) (TSX: EFR) (""Energy Fuels""or the ""Company""), a leading United States (""U.S."") producer of uranium, rare earth elements (""REEs""), and other critical minerals, today reported its finan…",PRNewswire,USA,Market Report,2026-08-10T07:44:56.875928Z
a837eeecb728766d4e0afb3258b570b3,Show HN: WeaveMark – a specification language for reusable prompts,https://github.com/paulosalem/weavemark,paulosalem,2026-08-05T14:36:14Z,iron ore,"Article URL: https://github.com/paulosalem/weavemark
Comments URL: https://news.ycombinator.com/item?id=49183628
Points: 1
# Comments: 1",Github.com,Unknown,Analysis/Opinion,2026-08-10T07:44:56.875958Z
c485383c451894073e95e625ba590e6f,Sudanese Masses Remain Overshadowed as the RSF Militias Lose Ground to the Armed Forces. Sudan is A Leading Producer of Gold,https://www.globalresearch.ca/sudanese-masses-overshadowed-rsf-militias-lose-ground-armed-forces/5935879,Abayomi Azikiwe,2026-08-05T13:53:24Z,iron ore,"Numerous reports emanating from the Republic of Sudan indicate that the Rapid Support Forces (RSF), the militia grouping which is said to be backed by the United Arab Emirates (UAE), has been forced out of areas in North Kordofan state.…
The post Sudanese Mas…",Globalresearch.ca,Unknown,Market Report,2026-08-10T07:44:56.876005Z
03923a194568b3571ff15f5f8728afc7,Iraq-Syria Pipeline to Bypass Hormuz Could Be Revived Within 3 Years,https://oilprice.com/Latest-Energy-News/World-News/Iraq-Syria-Pipeline-to-Bypass-Hormuz-Could-Be-Revived-Within-3-Years.html,Tsvetana Paraskova,2026-08-05T13:30:00Z,iron ore,"An old Iraq-to-Syria oil pipeline that bypasses the Strait of Hormuz could be up and running within three years, a senior Syrian official has said. The Hormuz crisis that cut off most of Iraq’s crude oil exports has accelerated plans by Iraq and Syria to rebu…",OilPrice.com,Unknown,News,2026-08-10T07:44:56.876056Z
6389f87e406f133db0c7148f72123856,Jefferies Gets New Evidence of Fake Invoices at Troubled Fund,https://biztoc.com/x/f2f32f0b3ea87106,youtube.com,2026-08-05T13:16:28Z,iron ore,Jeffries has found new evidence that invoices underpinning its financing to an iron ore trader called Sapphire Minmetals Corp. are ...,Biztoc.com,Unknown,News,2026-08-10T07:44:56.876100Z
e250c667d3e47274a8d1fb012538c9f9,Cartel v Cartel As China And Australia Exchange Trade Barbs,https://biztoc.com/x/89044ce5bfbbb505,finance.yahoo.com,2026-08-04T23:58:28Z,iron ore,"A 'cartel deadlock' could be developing in a trade dispute between Australia and China over the price of iron ore which has fallen by $18 a ton (16%) over the last three months to $93/t.
The fall favors China which wants cheaper raw material for its financial…",Biztoc.com,China,News,2026-08-10T07:44:56.876120Z
bba7be3431146bacf728029eb37824b2,Jefferies gets new evidence of fake invoices at Beleaguered Fund,https://economictimes.indiatimes.com/markets/us-stocks/wall-street-guide/jefferies-gets-new-evidence-of-fake-invoices-at-beleaguered-fund/articleshow/132869731.cms,Bloomberg,2026-08-04T18:21:47Z,iron ore,"The discovery of fake invoices related to Sapphire Minmetals by Jefferies Financial Group has intensified scrutiny over the financial reports of Radiant World. This revelation has led the bank to reevaluate its investment exposure to both iron ore traders, as…",The Times of India,Unknown,Market Report,2026-08-10T07:44:56.876169Z
588f9d77920de59afc1a07b778bce640,Oil Markets Price In an Iran Deal That Does Not Exist Yet,https://oilprice.com/Latest-Energy-News/World-News/Oil-Markets-Price-In-an-Iran-Deal-That-Does-Not-Exist-Yet.html,Julianne Geiger,2026-08-04T18:19:00Z,iron ore,"Oil prices tumbled Tuesday as traders once again priced in a U.S.-Iran agreement before anyone had actually signed one. West Texas Intermediate was trading at $75.64 per barrel shortly before 2 p.m. ET, down $4.70, or 5.85%, while Brent had fallen $4.61 to $7…",OilPrice.com,Unknown,Market Report,2026-08-10T07:44:56.876211Z
93e2a71e82e70862e04d53b5edf5502b,Iron Ore Prices Hit One-Year Low as China Demand Slump Deepens,https://oilprice.com/Metals/Commodities/Iron-Ore-Prices-Hit-One-Year-Low-as-China-Demand-Slump-Deepens.html,OilPrice.com,2026-08-04T16:00:00Z,iron ore,"Iron ore futures in Singapore fell to their lowest intraday level in one year as deteriorating fundamentals continued to weigh on the market. Steel demand in China remains soft amid an ongoing construction slump and weakening mill margins, while supply contin…",OilPrice.com,China,Market Report,2026-08-10T07:44:56.876227Z
7a53f2014e171b9c2d77ea88072e848b,Europe is betting big on a battery that runs for four days,http://electrek.co/2026/08/04/europe-is-betting-big-on-a-battery-that-runs-for-four-days/,Michelle Lewis,2026-08-04T15:55:36Z,iron ore,Long-duration energy storage startup Ore Energy has landed what it says is the largest iron-air battery deal in continental Europe so far – and now it’s raised Series A funding. [update],Electrek,Unknown,News,2026-08-10T07:44:56.876269Z
576fda85f4ac5c1734dbae0768a187c5,ArcelorMittal & Microsoft Deepen Partnership With Azure. How to Play MT Stock Here.,https://www.barchart.com/story/news/3640330/arcelormittal-microsoft-deepen-partnership-with-azure-how-to-play-mt-stock-here,Pathikrit Bose,2026-08-04T15:39:02Z,iron ore,Microsoft will be the European steelmaker's primary partner for cloud computing and analytics.,Barchart.com,Unknown,News,2026-08-10T07:44:56.876311Z
bbcc1281992347bc21c4e4137d0e2d59,Moonlight Peaks Tae guide,https://www.pockettactics.com/moonlight-peaks/tae,Kayleigh Partleton,2026-08-04T15:24:24Z,iron ore,"We can tell you everything about Moonlight Peaks’ Tae, including what gifts he likes, when his birthday is, and whether or not you can romance him.",Pockettactics.com,Unknown,News,2026-08-10T07:44:56.876346Z
daa63b8844883e391263725b74697500,"Sensex today | Stock Market Highlights: Markets end in the red; Sensex drops 210 points, Nifty slips 159",https://www.thehindubusinessline.com/markets/sensex-nifty50-today-stock-market-highlights-4th-august-2026/article71301258.ece,"Team BL, KS Badri Narayanan",2026-08-04T10:37:19Z,iron ore,"Sensex, Nifty, Share Prices Highlights: Indian equity benchmarks closed lower on Tuesday as investors turned cautious ahead of the RBI's policy decision, while adjustments to the new F&O closing-auction mechanism and rising crude oil prices added to market vo…",BusinessLine,India,Market Report,2026-08-10T07:44:56.876368Z
cac423dd1c1d7913fb0d5a90e438e65b,"Crisil assigns 'AA/stable' rating to Vedanta Iron & Steel on strong fundamentals, financial profile",https://www.thehindubusinessline.com/companies/crisil-assigns-aastable-rating-to-vedanta-iron-steel-on-strong-fundamentals-financial-profile/article71304524.ece,PTI,2026-08-04T10:06:00Z,iron ore,"A 'Crisil AA/stable' rating means the financial instrument has a high degree of safety regarding timely payment of interest and principal, carrying very low credit risk",BusinessLine,Unknown,News,2026-08-10T07:44:56.876409Z
e0aa235deea50f44e7aad38bcf874deb,"In 1948 US industrialist Henry J Kaise founded a town for about 4,000 people in California. Then it emptied almost overnight but still stands frozen in time",https://economictimes.indiatimes.com/news/international/global-trends/in-1948-us-industrialist-henry-j-kaise-founded-a-town-for-about-4000-people-in-california-then-it-emptied-almost-overnight-but-still-stands-frozen-in-time/articleshow/132855327.cms,ET Online,2026-08-04T09:53:52Z,iron ore,"Eagle Mountain was a company town built for a large iron mine in California's desert. The town housed thousands of residents and provided all necessary amenities for workers and families. After the mine closed in 1983, the community emptied almost overnight, …",The Times of India,Unknown,News,2026-08-10T07:44:56.876467Z
bff466bd29cde25e7224f60e0b5f0ec2,"Rhine Falls to Lowest Since 1880, Threatening European Trade",https://www.insurancejournal.com/news/international/2026/08/04/880115.htm,Admin,2026-08-04T09:26:46Z,iron ore,"The Rhine River’s water levels dropped to the lowest in nearly 150 years as hot, dry weather grips Europe, threatening to disrupt a crucial route for transporting coal, fuel and industrial commodities across a large swath of the continent. The …",Insurance Journal,Unknown,News,2026-08-10T07:44:56.876515Z
1bbbafecdda38d5e248460f43a0965be,The Green New Deal is not a solution for the real problem: Overshoot,https://energyskeptic.com/2026/the-green-new-deal-is-not-a-solution-for-the-real-problem-overshoot/,energyskeptic,2026-08-04T08:59:17Z,iron ore,"Preface.  Seibert & Rees’ paper is important and well-written, without unintelligible scientific jargon.  It explains overshoot in just 13 pages, and covers the most important issues we face and real solutions. It explains why the Green New Deal is a … Contin…",Energyskeptic.com,Unknown,News,2026-08-10T07:44:56.876570Z
7aae754798cd066d62d75f8ae136e0bc,"Iron Ore Below $100 As UBS Warns ""Fundamentals Are Deteriorating""",https://biztoc.com/x/24bc9823228c4a43,zerohedge.com,2026-08-04T08:20:07Z,iron ore,"Iron Ore Below $100 As UBS Warns ""Fundamentals Are Deteriorating"" 
 
Iron ore futures in Singapore fell to their lowest intraday level in one year as deteriorating fundamentals continued to weigh on the market.
Steel demand in China remains soft amid an ongoi…",Biztoc.com,China,Market Report,2026-08-10T07:44:56.876586Z
c840e002e9b76d203f6e802e04d504a7,"There’s a river in Spain that runs deep red and is as acidic as vinegar — so hostile that most ordinary life can’t survive it, yet it teems with unique iron- and sulfur-oxidizing microbes that give it that color, and it so resembles Mars that NASA uses it to rehearse the search for life on other worlds",https://spacedaily.com/d-theres-a-river-in-spain-that-runs-deep-red-and-is-as-acidic-as-vinegar-so-hostile-that-most-ordinary-life-cant-survive-it-yet-it-teems-with-unique-iron-and-sulfur-oxidizing-microbes-that/,Daniel Moran,2026-08-04T08:15:38Z,iron ore,"A Spanish river so toxic it mirrors Mars itself has become Earth's best laboratory for hunting signs of extraterrestrial life.
The post There’s a river in Spain that runs deep red and is as acidic as vinegar — so hostile that most ordinary life can’t survive …",Space Daily,Unknown,News,2026-08-10T07:44:56.876662Z
6983b06c4f261e1a7e7bc89bb8721ed4,"Odisha govt warns iron ore miners, steelmakers over grade manipulation",https://www.thehindubusinessline.com/companies/odisha-govt-warns-iron-ore-miners-steelmakers-over-grade-manipulation/article71304305.ece,Reuters,2026-08-04T07:45:03Z,iron ore,"The ‌warning ⁠follows inspections that ""revealed a consistent
grade manipulation by the lessees,"" which ⁠include major steel
producers, resulting in a ""substantial loss"" of state revenues",BusinessLine,Unknown,News,2026-08-10T07:44:56.876708Z
4d9a6c5c627a2a340c8923b638c0a330,South Australian mining technology heads to the US after commercial milestone,https://www.prnewswire.com/news-releases/south-australian-mining-technology-heads-to-the-us-after-commercial-milestone-302841077.html,,2026-08-03T21:00:00Z,iron ore,"ADELAIDE, Australia, Aug. 3, 2026 /PRNewswire/ -- South Australian mining technology company DryFlow Magnetics today marks a major commercial milestone with the official ribbon-cutting of its first commercial scale unit, as its Australian-developed waterless …",PRNewswire,Australia,News,2026-08-10T07:44:56.876733Z
09b0ebdbf7076bf2b1922aef5eaf61b1,"Rhine Falls to Lowest Since 1880, Threatening European Trade",https://financialpost.com/pmn/business-pmn/rhine-falls-to-lowest-since-1880-threatening-european-trade,Bloomberg News,2026-08-03T19:23:50Z,iron ore,"The Rhine River’s water levels dropped to the lowest in nearly 150 years as hot, dry weather grips Europe, threatening to disrupt a crucial route for transporting coal, fuel and industrial commodities across a large swath of the continent.",Financial Post,Unknown,News,2026-08-10T07:44:56.876777Z
dae89a65b469c57e06203a4f40b7d1e9,Sarda Energy and Minerals net up 9% in Q1,https://www.thehindubusinessline.com/companies/sarda-energy-and-minerals-net-up-9-in-q1/article71302496.ece,Suresh P Iyengar,2026-08-03T16:18:23Z,iron ore,"Sarda Energy and Minerals reports a 9% net profit increase in Q1, driven by strong cash flow and growth plans.",BusinessLine,Unknown,Market Report,2026-08-10T07:44:56.876812Z
15f52913f48bab68371adf807b765b08,10 Most Common Jobs in the American Frontier Era,https://www.mentalfloss.com/history/most-common-jobs-american-frontier,Paul Anthony Jones,2026-08-03T16:00:04Z,iron ore,"From blacksmiths to cowboys, these essential jobs defined everyday life on the rugged frontier.",Mental Floss,USA,News,2026-08-10T07:44:56.876829Z
f50c4c7ac25cbce0ab0d029e043b3bc6,From veterans to first-timers: Meet the 19 ministers inducted into Karnataka's expanded cabinet,https://economictimes.indiatimes.com/news/politics-and-nation/from-veterans-to-first-timers-meet-the-19-ministers-inducted-into-karnatakas-expanded-cabinet/articleshow/132834256.cms,ET Online,2026-08-03T14:13:43Z,iron ore,"Nineteen Congress MLAs took oath as ministers in Karnataka's first cabinet expansion.  The new council balanced regional representation, caste equations, and political experience.  Several former ministers returned, while new faces joined across the state.  T…",The Times of India,Unknown,News,2026-08-10T07:44:56.876885Z
e257dcf46c5c64bf2e1bdf45b3acd7ff,Best Military Movies and Shows on Netflix August 2023,https://military.com/13-must-see-military-movies-and-shows-streaming-on-netflix-in-august,Ryan Thomas LaBee,2026-08-03T12:17:24Z,iron ore,"Discover the top military movies and shows streaming on Netflix in August 2023, including new arrivals and must-watch titles for military enthusiasts.",Military.com,Unknown,News,2026-08-10T07:44:56.876918Z
c530726c941022feff7c5ed50ac9d6df,"Indian Railways records 9% growth in freight loading, higher passenger traffic in July",https://www.thehindubusinessline.com/economy/logistics/indian-railways-records-9-growth-in-freight-loading-higher-passenger-traffic-in-july/article71300925.ece,ANI,2026-08-03T11:55:18Z,iron ore,"Higher cargo movement and rising passenger demand reflect improving rail capacity, operational efficiency and stronger support for India’s economic activity",BusinessLine,India,News,2026-08-10T07:44:56.876944Z
d7edf41069f7b341af478cf9b6268631,MagIron Completes Study to Establish the First Large-Scale U.S. Merchant Pig Iron Producer,https://www.prnewswire.com/news-releases/magiron-completes-study-to-establish-the-first-large-scale-us-merchant-pig-iron-producer-302841064.html,,2026-08-03T09:18:00Z,iron ore,"GILBERT, Minn., Aug. 3, 2026 /PRNewswire/ -- MagIron LLC (""MagIron"" or the ""Company"") is pleased to announce the completion of a concept and economic study by Primetals Technologies (""Primetals""), a recognized global leader in engineering, plant building, and…",PRNewswire,Global,News,2026-08-10T07:44:56.877042Z
b5681672f8389a60a6f5fba0d9d81d74,ArcelorMittal reshaping digital backbone with Microsoft Cloud and AI,https://www.globenewswire.com/news-release/2026/08/03/3337233/0/en/ArcelorMittal-reshaping-digital-backbone-with-Microsoft-Cloud-and-AI.html,ArcelorMittal S.A.,2026-08-03T06:30:00Z,iron ore,"3 August 2026, 08:30 CET  ArcelorMittal today announces an expansion of its collaboration with Microsoft, accelerating the company's transformation into a...",GlobeNewswire,Unknown,News,2026-08-10T07:44:56.877086Z
6764909abee0c6404af4f96be5bb19ae,ASX 200 Slips as Iron Ore and Fortescue Slump to One-Year Lows Despite an Overnight Wall Street Rally,https://www.ibtimes.com.au/asx-200-dips-iron-ore-price-drop-mining-stock-pressure-1873393,Tony Jackson,2026-08-03T04:20:07Z,iron ore,"Australia's ASX 200 fell 0.11% as iron ore prices hit a yearly low, impacting mining stocks. Despite Wall Street's tech-driven gains, concerns over Chinese demand and economic data persist.",Ibtimes.com.au,China,Market Report,2026-08-10T07:44:56.877099Z
28aa547a47c31c8deb54ff8fffb0b3c5,The History of Catalog Shopping,https://everything-everywhere.com/the-history-of-catalog-shopping/,Gary Arndt,2026-08-09T06:15:23Z,steel production,"Podcast Transcript Long before smartphones and Amazon, shopping from home was already a global phenomenon thanks to the printed catalog. The massive Sears Catalog became an American icon, serving as a vital lifeline for isolated rural homesteads and a book of…",Everything-everywhere.com,USA,News,2026-08-10T07:44:57.354533Z
04e0567fb26cb99116c4f1015881b20c,Boker’s Camp Knife Skips the Survival Theater,https://the-gadgeteer.com/2026/08/09/boker-treebrand-camp-knife-black-bone/,Rei Padla,2026-08-09T05:10:51Z,steel production,"Camp knives keep getting bigger. Brands sell them as log splitters and survival props, while the cutting that actually happens at camp involves sausage skins, cordage, packaging tape, and one stubborn can lid at dusk. The Boker Treebrand Camp Knife Black Bone…",The Gadgeteer,Unknown,News,2026-08-10T07:44:57.354604Z
092fea240f8874ecec563bb3a0a4dc92,"Highlander icon Christopher Lambert, 69, COLLAPSES at fan convention and is taken away by ambulance",https://www.dailymail.com/tvshowbiz/article-16039253/highlander-icon-christopher-lambert-collapses-convention-ambulance.html,Jacqueline Lindenberg,2026-08-09T03:00:19Z,steel production,Highlander icon Christopher Lambert reportedly collapsed at Steel City Con in Pennsylvania on Saturday.,Dailymail.com,Unknown,Market Report,2026-08-10T07:44:57.354642Z
77756fca035347dac42be47927065869,New attempt to revive manganese smelter in Tasmania,https://www.abc.net.au/news/2026-08-09/new-attempt-revive-liberty-bell-bay-smelter-tasmania/107014022,Ashleigh Barraclough,2026-08-09T02:43:05Z,steel production,"The union representing workers at Australia's last manganese smelter says there are parties interested in taking over the site, days after the business was placed in liquidation.",ABC News (AU),Australia,News,2026-08-10T07:44:57.354659Z
1e4fbac68c4b352383259cf849cfa462,"From one northerner to another, Andy lad. You were nine when Maggie became PM, so what the heck do you know about the basket-case Britain she rescued us from? asks NEIL DARBYSHIRE",https://www.dailymail.com/news/article-16039185/Andy-nine-Maggie-PM-heck-you-know-basket-case-Britain-rescued-NEIL-DARBYSHIRE.html,Neil Darbyshire,2026-08-09T00:15:05Z,steel production,"It's 50 years ago to the day since I started work and, apart from a compulsory week's break between jobs in 2006, I've been in continuous employment ever since.",Dailymail.com,UK,News,2026-08-10T07:44:57.354707Z
38aeb5cdb665c9fc1d36539ab91b5d32,Nigeria can cut construction costs through local production – Chime,https://punchng.com/nigeria-can-cut-construction-costs-through-local-production-chime/,Punch Newspapers,2026-08-08T23:21:38Z,steel production,"Jude Chime, CEO of Elan Exhibitions, discusses how Nigeria can significantly cut construction costs by boosting local production of materials and implement

Read More: https://punchng.com/nigeria-can-cut-construction-costs-through-local-production-chime/",The Punch,Unknown,News,2026-08-10T07:44:57.354784Z
c87f070a054938835574a278cd690ac2,1974 Porsche 914,https://bringatrailer.com/listing/1974-porsche-914-207/,bringatrailer,2026-08-08T22:50:21Z,steel production,"This 1974 Porsche 914 was purchased by the seller circa 1981 and was regularly driven over the ensuing 11 years, and it was subsequently stored in a barn for approximately seven years. The seller tells us the car was then the subject of a partial refurbishmen…",Bringatrailer.com,Unknown,News,2026-08-10T07:44:57.354830Z
5bef8894745cc4a0ba0dbbccd159979a,3 Professional Plasma Cutting Systems That Support Lean Manufacturing Goals,https://ahouseinthehills.com/3-professional-plasma-cutting-systems-that-support-lean-manufacturing-goals/,Jackson Thorne,2026-08-08T20:25:51Z,steel production,"Lean manufacturing is built around one core principle: eliminate everything that doesn’t add value to the finished product. In plasma cutting, that principle applies directly — and the system a manufacturer chooses either supports lean goals or quietly works …",Ahouseinthehills.com,Unknown,News,2026-08-10T07:44:57.354882Z
bc776d228d2d25f1da4810b8d31ecbeb,502-Powered 1955 Chevrolet Bel Air 2-Door Hardtop,https://bringatrailer.com/listing/1955-chevrolet-bel-air-262/,bringatrailer,2026-08-08T18:50:13Z,steel production,"This 1955 Chevrolet Bel Air two-door hardtop is a custom build completed in ~2013, with work including the installation of a GM 502ci crate V8 and a four-speed automatic transmission. The yellow-and-white body is mounted to an Art Morrison chassis, which acco…",Bringatrailer.com,Unknown,News,2026-08-10T07:44:57.354933Z
1f76163940d245d5ce567589d0f229a3,"Russell Crowe’s Been Hitting The Gym With Drew McIntyre For Highlander, And Holy Guns",https://www.cinemablend.com/movies/russell-crowe-hitting-gym-drew-mcintyre-highlander-holy-guns,Sarah El-Mahmoud,2026-08-08T18:38:14Z,steel production,The Highlander co-stars are ripped!,CinemaBlend,Unknown,News,2026-08-10T07:44:57.354964Z
ba88d453fbc2d6e022f3580698b5693d,1968 Ford F-100 Custom Cab 3-Speed,https://bringatrailer.com/listing/1968-ford-f-100-113/,bringatrailer,2026-08-08T18:06:29Z,steel production,This 1968 Ford F-100 is a short-bed 4×2 pickup that is finished in Pebble Beige with Wimbledon White lower body panels and is powered by a 240ci inline-six paired with a column-shifted three-speed manual transmission. It is said to have been sold new in South…,Bringatrailer.com,Unknown,Analysis/Opinion,2026-08-10T07:44:57.355002Z
10e3c83bd441f176bfa7b36ce6c6f632,Mayville Engineering Q2 Earnings Call Highlights,https://www.marketbeat.com/instant-alerts/mayville-engineering-q2-earnings-call-highlights-2026-08-08/?utm_source=yahoofinance&amp;utm_medium=yahoofinance,MarketBeat,2026-08-08T18:03:52Z,steel production,"Mayville Engineering (NYSE:MEC) reported second-quarter sales growth that exceeded management’s expectations, driven by momentum in data center and critical...",MarketBeat,Unknown,Market Report,2026-08-10T07:44:57.355042Z
37cffa236452b6fb67e45b5c5a8ce415,"Bill Maher Accuses Trump of Socialism, Citing Admin Buying Stakes in 30 Companies",https://www.thewrap.com/creative-content/tv-shows/bill-maher-accuses-trump-socialism/,J. Kim Murphy,2026-08-08T17:34:52Z,steel production,"The ""Real Time"" host says ""we basically run their board room now"" about one corporation 
The post Bill Maher Accuses Trump of Socialism, Citing Admin Buying Stakes in 30 Companies appeared first on TheWrap.",TheWrap,Unknown,News,2026-08-10T07:44:57.355094Z
96766db9bcde810f74bc5366e04f27f1,39-Years-Family-Owned 1978 MG MGB Roadster,https://bringatrailer.com/listing/1978-mg-mgb-roadster-24/,bringatrailer,2026-08-08T16:50:24Z,steel production,This 1978 MGB roadster is said to have been purchased by a member of the owner's family from the original owner in 1987 with approximately 31k miles shown on the odometer. It remained in storage from the owner's 1990 acquisition until it was recommissioned in…,Bringatrailer.com,Unknown,News,2026-08-10T07:44:57.355141Z
ce6a80ad033758dfdb5a6e455990f3c7,What they say on their India plans,https://www.thehindubusinessline.com/portfolio/stock-fundamental-analysis-india/what-they-say-on-their-india-plans/article71318820.ece,NAFA Asset Managers,2026-08-08T14:05:05Z,steel production,Read on to know what CXOs of global corporations are saying about India and their perspectives and plans during this earnings season,BusinessLine,India,Analysis/Opinion,2026-08-10T07:44:57.355154Z
92ecfba7e4d3640f9b7ce49873aa82f2,"Quote of the day by Julia Roberts: 'The key to beauty is...' Life lessons from motivational quote on true beauty, emotional warmth, deep connection, affection, inner joy, and validation",https://economictimes.indiatimes.com/news/international/us/quote-of-the-day-by-julia-roberts-the-key-to-beauty-is-life-lessons-from-motivational-quote-on-true-beauty-emotional-warmth-deep-connection-affection-inner-joy-and-validation/articleshow/133053358.cms,Gandharv Walia,2026-08-08T13:29:31Z,steel production,"Quote of the day by Julia Roberts focuses on the idea that beauty can be connected to love, emotional safety and human connection. Julia Roberts said that looking at someone who loves you can change how you see yourself. Her words point to self-worth, affecti…",The Times of India,Unknown,News,2026-08-10T07:44:57.355217Z
3141c9b1c62ac1d3bc486f715aa5f7f0,BMW asked students to build a car that makes more energy than it uses — two years later they pulled it off,https://www.notebookcheck.net/BMW-asked-students-to-build-a-car-that-makes-more-energy-than-it-uses-two-years-later-they-pulled-it-off.1363571.0.html,Rahim Amir Noorali,2026-08-08T12:43:00Z,steel production,"Clemson University students have unveiled the BMW-sponsored Deep Orange 17, a lightweight solar-electric prototype designed to generate more energy than it consumes during a typical 12-mile city commute.",Notebookcheck.net,Unknown,News,2026-08-10T07:44:57.355265Z
6d3408d6f589810c127f3f6ca72cec01,Warrior Met Coal Q2 Earnings Call Highlights,https://www.marketbeat.com/instant-alerts/warrior-met-coal-q2-earnings-call-highlights-2026-08-08/?utm_source=yahoofinance&amp;utm_medium=yahoofinance,MarketBeat,2026-08-08T12:03:54Z,steel production,Warrior Met Coal (NYSE:HCC) reported sharply higher second-quarter earnings and cash generation as its Blue Creek mine contributed additional sales volumes a...,MarketBeat,Unknown,Market Report,2026-08-10T07:44:57.355297Z
215d55737bdd0ec736ff73094957675b,From infrastructure to energy storage: The expanding role of zinc in India’s development journey,https://www.thehindubusinessline.com/markets/commodities/from-infrastructure-to-energy-storage-the-expanding-role-of-zinc-in-indias-development-journey/article71319198.ece,Martin   Gagne,2026-08-08T11:50:18Z,steel production,"Discover how zinc is pivotal in enhancing India's infrastructure, energy storage, and agricultural resilience for sustainable development.",BusinessLine,India,News,2026-08-10T07:44:57.355321Z
6dae94bb9931e8b36be92588e8e601a4,American models broke into Hugging Face. A Chinese model was used to investigate.,https://thenextweb.com/news/hugging-face-delangue-china-open-models-winning,Alina Maria Stan,2026-08-08T11:39:25Z,steel production,"Hugging Face chief executive Clément Delangue told CNBC that China is winning the AI race, with Chinese-developed models accounting for 41% of downloads on his platform over the past year, the largest share of any single country. China has now surpassed the U…",The Next Web,China,News,2026-08-10T07:44:57.355343Z
a5d08fd594085219b015762d7c0a3702,"This derailleur cage has almost zero friction (but will cost you at least £630) – plus, SpongeBob goes aero, new shoes from Sidi and Giant, and loads more from Bianchi, 3T, Silca…",https://road.cc/tech-news/check-out-the-derailleur-cage-with-almost-zero-friction-plus-spongebob-goes-aero-new-shoes-from-sidi-and-giant-and-loads-more-from-bianchi-3t-silca,Mat Brett,2026-08-08T11:00:32Z,steel production,"We’ve got loads of shiny new cycling kit to tell you about this week, whether you’re eyeing up a new bike or wondering whether £350 shoes really can improve your climbing. We’ve also got a new app that turns your local roads into a game of territorial conques…",road.cc,Unknown,News,2026-08-10T07:44:57.355403Z
f647c25fcbbda9971895c50d8b944219,This BMW-Backed Solar EV Makes More Energy Than It Uses,https://www.bmwblog.com/2026/08/08/bmw-backed-solar-ev-makes-more-energy-than-it-uses/,Steven Paul,2026-08-08T10:00:28Z,steel production,"Solar-powered cars have never quite escaped the concept stage, but BMW and Clemson University have developed a prototype that takes the idea further than simply placing a few panels on the roof. Called Deep Orange...
First published by https://www.bmwblog.com",BMWBLOG,Unknown,News,2026-08-10T07:44:57.355475Z
7e7780b692f1e32d419ae9d6accd7171,The Color Recession May Be Permanent,https://www.theatlantic.com/ideas/2026/08/colorless-gray-products-houses/688174/,Amogh Dimri,2026-08-08T10:00:00Z,steel production,"Consumers are so afraid of getting colors wrong, they don’t use them at all.",The Atlantic,Unknown,News,2026-08-10T07:44:57.355506Z
2a8fe9f141f75f6b760f837cab19aa78,Gerdau Q2 Earnings Call Highlights,https://www.marketbeat.com/instant-alerts/gerdau-q2-earnings-call-highlights-2026-08-08/?utm_source=yahoofinance&amp;utm_medium=yahoofinance,MarketBeat,2026-08-08T09:03:44Z,steel production,"Gerdau (NYSE:GGB) reported second-quarter 2026 consolidated adjusted EBITDA of BRL 3.4 billion, its strongest quarterly consolidated EBITDA since the third q...",MarketBeat,Unknown,Market Report,2026-08-10T07:44:57.355566Z
2c8c77506802000b1505f4839ac4a1d9,"That dusty old chair could be worth $50 or $5,000, it all comes down to details almost no one notices",https://www.thecoolist.com/that-dusty-old-chair-could-be-worth-50-or-5000-it-all-comes-down-to-details-almost-no-one-notices-h2r4/,TheCoolist Team,2026-08-08T08:00:32Z,steel production,"Most people looking at an old chair in an attic, thrift store, or estate sale face the same question: is it simply used furniture, or could it be something genuinely valuable? The answer rarely comes from age alone. A chair can be decades old and still have l…",Thecoolist.com,Unknown,News,2026-08-10T07:44:57.355618Z
0215ac5ff4fe920bb7106f8c64a5bd96,US to block exports of tungsten scraps,https://www.arkansasonline.com/news/2026/aug/08/us-to-block-exports-of-tungsten-scraps/,Ernest Scheyder Reuters,2026-08-08T06:48:00Z,steel production,"The U.S. Commerce Department said on Thursday it will block exports of tungsten scrap and battery waste, part of a push to boost the domestic recycling industry and critical mineral production.",Arkansas Online,Unknown,News,2026-08-10T07:44:57.355654Z
9dd72d39d125ddd6f77c7fb8248dfb99,The Snap-on Tool Trolley From “Ferris Bueller’s Day Off” Is For Sale,https://silodrome.com/snap-on-tool-trolley-ferris-buellers-day-off/,Ben Branch,2026-08-08T06:30:32Z,steel production,"This is the Snap-on tool trolley that was in that famous glass pavilion garage in the iconic 1980s movie Ferris Bueller’s Day Off. After...
The post The Snap-on Tool Trolley From “Ferris Bueller’s Day Off” Is For Sale appeared first on Silodrome.",Silodrome.com,Unknown,News,2026-08-10T07:44:57.355703Z
c6ffd2dc4aed3cf112560b7ff93316c2,The Best Watch I Have Ever Owned: The Jaeger-LeCoultre Geophysic Universal Time,https://www.fratellowatches.com/the-best-watch-i-have-ever-owned/,Lex Stolk,2026-08-08T05:00:10Z,steel production,"The option of being like Thomas and picking the Rolex Explorer II for the best watch I have ever owned was tempting. I thought about it, and yes, my Explorer II 16570 “Polar” was a very good watch in many ways. But it wasn’t the best one I have ever owned. Th…",Fratellowatches.com,Unknown,News,2026-08-10T07:44:57.355751Z
88988620a42ff4b20b05c5e59b4c5c48,"Trump Unveils Billions of Dollars in Mining-Tied Deals, Investments",https://www.breitbart.com/politics/2026/08/07/trump-unveils-billions-of-dollars-in-mining-tied-deals-investments/,Nick Gilbertson,2026-08-08T02:12:36Z,steel production,"President Donald Trump on Friday announced billions of dollars in deals and investments in and around the mining industry, as well as more than $180 million in funding for mining schools.
The post Trump Unveils Billions of Dollars in Mining-Tied Deals, Invest…",Breitbart News,Unknown,News,2026-08-10T07:44:57.355803Z
9d5f5ab054086299f79539379bc449cf,Trump administration to back three mineral projects with $58 million in financing,https://economictimes.indiatimes.com/news/international/world-news/trump-administration-to-back-three-mineral-projects-with-58-million-in-financing/articleshow/133044814.cms,Reuters,2026-08-08T01:01:52Z,steel production,The US Export-Import Bank is lending fifty-eight million dollars to three critical mineral companies. This funding aims to reduce reliance on Chinese supplies and boost domestic mining operations. Westwater Resources will receive twenty-five million dollars f…,The Times of India,China,News,2026-08-10T07:44:57.355826Z
2c899687827fa6849f3a08ace2645475,1970 Porsche 911S Targa 5-Speed,https://bringatrailer.com/listing/1970-porsche-911s-targa-7/,bringatrailer,2026-08-07T23:58:03Z,steel production,"This 1970 Porsche 911S Targa was acquired by the seller as a project in 2021, reportedly following approximately 34 years of storage, and it underwent a refurbishment over the next five years. Work involved a repaint in the factory shade of Silver Metallic as…",Bringatrailer.com,Unknown,Market Report,2026-08-10T07:44:57.355868Z
5d9ab1b46c5c0153730e905abfa0df47,1950 Ford F-1 Pickup,https://bringatrailer.com/listing/1950-ford-f-1-pickup-96/,bringatrailer,2026-08-07T22:47:10Z,steel production,"This 1950 Ford F-1 pickup has undergone a multi-stage refurbishment that included refreshing the interior in 2002 and repainting the exterior in 2012. Finished in green and black over tan vinyl, the truck is powered by a 226ci flathead inline-six paired with …",Bringatrailer.com,Unknown,News,2026-08-10T07:44:57.355912Z
bdea7b0dac6722aaf3ff4e667558f487,21-Years-Owned 1982 Fiat Spider Turbo,https://bringatrailer.com/listing/1982-fiat-spider-turbo-5/,bringatrailer,2026-08-07T22:30:09Z,steel production,"This 1982 Fiat Spider Turbo spent time in Florida before it was imported to Canada under previous ownership, and it was acquired by the seller in 2005. Finished in Nero over tan vinyl, the car is powered by a turbocharged 2.0-liter inline-four paired with a f…",Bringatrailer.com,Unknown,News,2026-08-10T07:44:57.355958Z
69c693c2aff777a752deecdd69c703ce,LUCARA ANNOUNCES Q2 2026 RESULTS,https://www.prnewswire.co.uk/news-releases/lucara-announces-q2-2026-results-302846378.html,,2026-08-07T21:23:00Z,steel production,"VANCOUVER, BC, Aug. 7, 2026 /PRNewswire/ -- (TSX: LUC) (BSE: LUC) (Nasdaq FNGM: LUC) PDF Version Lucara Diamond Corp. (""Lucara"" or the ""Company"") today reports its results for the quarter ended June 31, 2026. All amounts are in U.S. dollars unless otherwise n…",PR Newswire UK,Unknown,Market Report,2026-08-10T07:44:57.356001Z
82056f1c8eaef442d54df09337642b78,22k-Mile 2019 Cadillac CT6-V,https://bringatrailer.com/listing/2019-cadillac-ct6-v-4/,bringatrailer,2026-08-07T20:20:06Z,steel production,"This 2019 Cadillac CT6-V is one of 915 examples produced over a two-year production run, 43 of which were finished in Satin Steel Metallic for the model year. The car was leased new and later purchased by the current owner, and it now has 22k miles. Dark Aubu…",Bringatrailer.com,Unknown,News,2026-08-10T07:44:57.356046Z
2db5236f3aa24477ccfa55312973ee3b,EMO Sculpted the World’s Thinnest Mechanical Keyboard From a Single Block of Aluminum,https://hiconsumption.com/tech/electronic-materials-office-altar-ii-keyboard/,Ryan Calder,2026-08-07T20:09:04Z,steel production,Complete with a magnetic media dial you can 3D print yourself.,Hiconsumption.com,Unknown,News,2026-08-10T07:44:57.356092Z
416743d45559abf06c8fa15e5c5b7422,Exclusive-Trump administration to back three mineral projects with $58 million in financing,https://www.yahoo.com/news/articles/exclusive-trump-administration-back-three-190703170.html,By Jarrett Renshaw and Ernest Scheyder,2026-08-07T19:07:03Z,steel production,"By Jarrett Renshaw and Ernest Scheyder WASHINGTON, Aug 7 (Reuters) - The U.S.",Yahoo Entertainment,Unknown,News,2026-08-10T07:44:57.356124Z
b0ebc44bcedb5e75c3f5be805950187a,1968 BMW 1600 GT,https://bringatrailer.com/listing/1968-bmw-1600-gt-6/,bringatrailer,2026-08-07T18:12:39Z,steel production,"This 1968 BMW 1600 GT is one of approximately 1,255 examples built during 11 months of production following BMW’s acquisition of Hans Glas GmbH. Initially delivered to BMW's Paris, France-based distributor and sold through Établissements Buchet & Compagnie in…",Bringatrailer.com,Unknown,News,2026-08-10T07:44:57.356168Z
be8ea0edf961286149bda8cd4c475680,"BMW challenged students to build an EV that makes more energy than it uses. They covered it in 1,700 solar cells and it works.",https://thenextweb.com/news/bmw-clemson-deep-orange-17-luminetta-solar-ev-energy-positive,Darius Popa,2026-08-07T18:11:38Z,steel production,"Clemson students built the Luminetta, a 1,212-pound solar EV with 1,700 photovoltaic cells that generates 31 miles of range daily from sunlight alone. BMW backed the project.",The Next Web,Unknown,Market Report,2026-08-10T07:44:57.356205Z
fae496fcf64398bffdc3f2c4adc2f3fd,Resolution Copper awards $110 million in US contracts to advance underground mine,https://www.prnewswire.com/news-releases/resolution-copper-awards-110-million-in-us-contracts-to-advance-underground-mine-302846225.html,,2026-08-07T16:43:00Z,steel production,"SUPERIOR, Ariz., Aug. 7, 2026 /PRNewswire/ -- Resolution Copper has awarded approximately $110 million in contracts to Major Drilling America Inc. and Redpath USA Corporation to advance exploration and underground development at the proposed Resolution Copper…",PRNewswire,USA,News,2026-08-10T07:44:57.356236Z
09a7469312290404e9b177ebe45cdd5d,"Country Producer and Steel Guitarist Tommy Detamore Dies at 70, Sunny Sweeney Mourns Him in Texas",https://www.ibtimes.com.au/remembering-tommy-detamore-legacy-country-americana-music-1873731,Jason Taylor,2026-08-07T16:08:30Z,steel production,"Tommy Detamore, renowned country and Americana producer and pedal steel guitarist, passed away at 70. His work shaped countless albums, leaving a lasting legacy in the music industry.",Ibtimes.com.au,USA,News,2026-08-10T07:44:57.356262Z
4bdbdebbdfea30f74c4f65e361d08c47,"Q1 Results Today Highlights: SBI, Titan, Hindalco, Hitachi Energy, Oil India and PFC post profit growth; Ola Electric, BEML losses narrow; HGS slips into loss",https://www.thehindubusinessline.com/markets/q1-results-today-highlights-sbi-titan-hindalco-power-finance-corporation-godrej-consumer-oil-india-nlc-kaynes-tech-ramco-cements-afcons-infra-lemon-tree-cello-hitachi-lic-trent-results-07-august-202/article71313123.ece,"KS Badri Narayanan, Madhu Balaji, Team BL",2026-08-07T16:02:36Z,steel production,"Q1 Results Today, 07th August 2026 highlights: Find all the latest Q1 results 2026 updates of Aarti Pharmalabs, Advait Energy Transitions, Amba Enterprises, Afcons Infrastructure, AG Ventures, Akshar Spintex, Alankit, Anuh Pharma, APM Industries, Aqylon Nexus…",BusinessLine,India,News,2026-08-10T07:44:57.356370Z
b67107b0d30777ad3e1131a5623368e6,"wrapped in a photovoltaic skin, this student-designed EV creates more energy than it uses",https://www.designboom.com/art/photovoltaic-skin-ev-creates-more-energy-deep-orange-17-car-luminetta-clemson-bmw/,daily desk,2026-08-07T15:51:53Z,steel production,"a skin of 1,781 photovoltaic cells turns deep orange 17's exterior into an active energy-harvesting surface.
The post wrapped in a photovoltaic skin, this student-designed EV creates more energy than it uses appeared first on designboom | architecture & desig…",Designboom,Unknown,News,2026-08-10T07:44:57.356422Z
317efd0cce98f07386c84cd9b085a86a,"Tommy Detamore dies suddenly at 70, wife pays heartfelt tribute",https://economictimes.indiatimes.com/news/international/global-trends/tommy-detamore-dies-suddenly-at-70-wife-pays-heartfelt-tribute/articleshow/133037377.cms,ET Online,2026-08-07T15:31:17Z,steel production,"Country music mourns Tommy Detamore, a respected pedal steel guitarist and producer.  His wife confirmed his passing at the age of seventy on Wednesday, August 5.  Detamore shaped country music's sound for over four decades with his collaborations.  He worked…",The Times of India,Unknown,News,2026-08-10T07:44:57.356471Z
dc6e5ad5b1914298dc1c2f3b135cc474,1995 Ducati 900 Supersport SP,https://bringatrailer.com/listing/1995-ducati-900ss-29/,bringatrailer,2026-08-07T15:21:01Z,steel production,"This 1995 Ducati 900 Supersport Sport Production has been fitted with a K&N air filter, steel-braided clutch and brake lines, APE heavy-duty cylinder studs, and carbon-fiber mufflers. It is powered by a 904cc L-twin paired with a six-speed transmission and is…",Bringatrailer.com,Unknown,News,2026-08-10T07:44:57.356517Z
8cf9c278520cbc9d33c2840e8b84c271,Parliament panel proposes export resilience schemes to shield India’s key sectors from US tariff shocks,https://www.moneycontrol.com/news/business/parliament-panel-proposes-export-resilience-schemes-to-shield-india-s-key-sectors-from-us-tariff-shocks-13998333.html,Adrija Chatterjee,2026-08-07T15:18:12Z,steel production,"From a self-reliance scheme for seafood inputs and tariff parity for gems and jewellery to duty relief for leather and emergency support for textiles, the panel recommends a sector-specific strategy to protect exporters and expand India’s US market footprint.",Moneycontrol,India,Market Report,2026-08-10T07:44:57.356542Z
391b4f3faf4c495fb79f0ab85df784b9,"Telo raises its tiny electric truck’s tow rating to 8,000 lbs",http://electrek.co/2026/08/07/telo-tow-rating-8000-lbs-electric-truck/,Fred Lambert,2026-08-07T14:06:23Z,steel production,"Telo is raising the tow rating on its Mini-sized electric truck to 8,000 lbs, up from the 6,600 lbs it previously advertised.
The startup says months of real-world towing convinced it the little MT1 can safely pull more than a truck that size looks like it sh…",Electrek,Unknown,News,2026-08-10T07:44:57.356589Z
e8b59abaa6c67eba08b9e32e08f6de2b,"Influence of pelleting and β-mannanase on nutrient digestibility and metabolizable energy of DDGS, copra meal, palm kernel meal, and jatropha meal in precision-fed Single Comb White Leghorn roosters",https://journals.plos.org/plosone/article?id=10.1371/journal.pone.0355743,"Bounmy Keohavong, Musabbir Ahammed, Jong Suh Shin, Lohakare Jayant, Sang Jip Ohh",2026-08-07T14:00:00Z,steel production,"This study evaluated the effects of pelleting and β-mannanase supplementation on nutrient digestibility and metabolizable energy of four alternative feed ingredients distillers dried grains with solubles (DDGS), copra meal, palm kernel meal (PKM), and jatroph…",Plos.org,Unknown,News,2026-08-10T07:44:57.356655Z
f6e92f2ec2b52b3a93d32172f100d11d,This Week in Games - After-Dark Edition,https://www.animenewsnetwork.com/this-week-in-games/2026-08-07/after-dark-edition/.240256,,2026-08-07T14:00:00Z,steel production,"We're doing something a little different this week! Instead of recounting the bigger news regarding Japanese games this past week, we'll be discussing a particular theme: Japanese erotic games, better known as eroge!",Anime News Network,Japan,News,2026-08-10T07:44:57.356682Z
d2b058155cc53333c8d994bf32fce341,Europe's rivers are drying up. Can they be saved?,https://www.dw.com/en/europes-rivers-are-drying-up-can-they-be-saved/a-78276662,Tim Schauenberg,2026-08-07T13:36:00Z,steel production,"The Rhine and Danube have reached historic lows. Dwindling water levels are affecting shipping, agriculture and ecosystems — and raising concerns about the future of drinking water supplies.",DW (English),Unknown,News,2026-08-10T07:44:57.356726Z
ec90ce7fb0fbcdfaac5fff8e570ac6ca,Europe's rivers are drying up: The growing cost of extreme drought,https://www.dw.com/en/what-should-europe-do-about-its-drying-rivers/a-78276662,Tim Schauenberg,2026-08-07T13:36:00Z,steel production,"The Rhine and Danube have reached historic lows. Dwindling water levels are affecting shipping, agriculture and ecosystems — and raising concerns about the future of drinking water supplies.",DW (English),Unknown,News,2026-08-10T07:44:57.356765Z
9ccbb7438872b8383821baa138f01553,Tudor Turns 100: The New Monarch Is the Brand’s Boldest Launch in Years,https://www.hautetime.com/tudor-monarch-100-years-centennial-watch/,Seth Semilof,2026-08-07T13:00:00Z,steel production,"Tudor marked its centennial at Watches & Wonders Geneva 2026 with the Monarch, a 39mm faceted steel watch on an integrated bracelet with a dark champagne California dial, the manufacture Calibre MT5662-2U and dual COSC and METAS Master Chronometer certificati…",Hautetime.com,Unknown,News,2026-08-10T07:44:57.356850Z
682c0f5e175728da2e77e15b881f43d0,Can Role Model move past his viral moment by leaning into authenticity?,https://www.npr.org/2026/08/07/nx-s1-5924103/role-model-chuck-timely-interview,Isabella Gomez Sarmiento,2026-08-07T12:59:27Z,steel production,"The singer, who had a viral hit last year with ""Sally, When the Wine Runs Out,"" filled his follow-up album, <em>Chuck Timely & The Hourglass</em>, with dive bar jukebox melodies and live instrumentation.",NPR,Unknown,News,2026-08-10T07:44:57.356889Z
3604bd2672ca4465124d9c1fde4cc75a,"Iran’s grip on trade is a potent weapon, but it has an expiry date",https://www.aljazeera.com/opinions/2026/8/7/irans-grip-on-trade-is-a-potent-weapon-but-it-has-an-expiry-date,Mohammad Reza Farzanegan,2026-08-07T12:28:52Z,steel production,"Iran can exploit dependence on Hormuz today, but prolonged disruption will erode that leverage",Al Jazeera English,Unknown,News,2026-08-10T07:44:57.356924Z
c466692d6642edb16df1c085d76d8279,"Aeternum Announces Acquisition of an Option to Acquire 51% of American Renaissance Minerals, Sponsor of the Nkamouna Cobalt-Nickel-Manganese Project in Cameroon",https://www.globenewswire.com/news-release/2026/08/07/3341068/0/en/aeternum-announces-acquisition-of-an-option-to-acquire-51-of-american-renaissance-minerals-sponsor-of-the-nkamouna-cobalt-nickel-manganese-project-in-cameroon.html,Aeternum Health Inc.,2026-08-07T12:00:00Z,steel production,Aeternum Announces Acquisition of an Option to Acquire 51% of American Renaissance Minerals...,GlobeNewswire,USA,News,2026-08-10T07:44:57.356945Z
5925ef8d0e56d059dd05fe69089d1a66,Department of War Announces an $85.5 Million Agreement With Strategic Bauxite USA to Secure the Critical Refractory Grade Bauxite Supply Chain,https://www.globalsecurity.org/military/library/news/2026/08/mil-260807-dod04.htm,John Pike,2026-08-07T12:00:00Z,steel production,"The Department of War's (DOW) Economic Defense Unit, in partnership with the Office of the Assistant Secretary of War for Industrial Base Policy announced today an $85.5 million equity investment agreement with Strategic Bauxite USA, LLC (SBX) through the Ind…",Globalsecurity.org,Unknown,News,2026-08-10T07:44:57.356999Z
466bf5ed1d7010740c22a7dcc1c9ab42,India seeks to boost domestic green ammonia supplies to fertiliser sector,https://economictimes.indiatimes.com/industry/indl-goods/svs/chem-/-fertilisers/india-seeks-to-boost-domestic-green-ammonia-supplies-to-fertiliser-sector/articleshow/133032968.cms,Reuters,2026-08-07T11:47:36Z,steel production,"India's Solar Energy Corporation (SECI) is on a mission to boost the production of green ammonia, targeting a significant reduction in the country's dependence on imported fertilizers. The corporation is set to issue tenders for an impressive additional one m…",The Times of India,India,News,2026-08-10T07:44:57.357026Z
6635b1c326ff3494ffab5dcafed4c823,Alpha Announces Financial Results for Second Quarter 2026,https://www.prnewswire.com/news-releases/alpha-announces-financial-results-for-second-quarter-2026-302843848.html,,2026-08-07T11:30:00Z,steel production,"Reports second quarter net loss of $12.3 million and Adjusted EBITDA of $25.6 million BRISTOL, Tenn., August 7, 2026 /PRNewswire/ -- Alpha Metallurgical Resources, Inc. (NYSE: AMR), a leading U.S. supplier of metallurgical products for the steel industry, tod…",PRNewswire,Unknown,Market Report,2026-08-10T07:44:57.357082Z
da7771dc8f78707a063247b63bffb7a8,"Wine, Wheat and Art Share the Same Acreage at These Out-of-the-Way Estates",https://observer.com/2026/08/6-bucolic-art-centers-that-double-as-farms-and-vineyards/,"Margaret Carrigan, Margaret Carrigan",2026-08-07T10:30:01Z,steel production,"Though often far from the usual cultural circuits, they reward the effort for serious devotees of contemporary art willing to make the trek.",Observer,Unknown,News,2026-08-10T07:44:57.357114Z
99bc191b60fbd27b2e1e8f2af0f1c7b1,Ratio vs. Simply Good: Which Plastic-Free Coffee Maker Is Best?,https://www.wired.com/story/plastic-free-coffee-makers/,Matthew Korfhage,2026-08-07T09:32:00Z,steel production,"Microplastics are in everything, especially your coffee. A new generation of plastic-free drip coffee brewers is trying to change this.",Wired,Unknown,News,2026-08-10T07:44:57.357146Z
3f1846a89348fafdf47b81070106b73c,Pezeshkian stresses resilience and regional cooperation,https://www.globalsecurity.org/wmd/library/news/iran/2026/08/iran-260807-irna02.htm,John Pike,2026-08-07T09:25:19Z,steel production,"Iranian President Masoud Pezeshkian has said his administration is expanding regional cooperation, strengthening domestic infrastructure, and accelerating railway development to counter the impact of sanctions while maintaining economic stability and public s…",Globalsecurity.org,Unknown,News,2026-08-10T07:44:57.357200Z
30e57c3091ca03f305b97f93284b5167,$30B undersea power line between Canada and Europe narrows to four routes,https://www.nationalobserver.com/2026/08/07/news/transatlantic-power-transmission-line-routes-mapped,Darius Snieckus,2026-08-07T08:55:03Z,steel production,"The developer of the North Atlantic Transmission Link megaproject has revealed the shortlist of lay routes for the 4,000-km transatlantic interconnector along with a deal with a major power technology supplier for the line's substations.",National Observer,Unknown,News,2026-08-10T07:44:57.357243Z
c75c45a45c7fac73bb0d51ae2052bd63,"Lada Niva 4x4 for sale for £22,000... and it's one of just 36 left on the road",https://www.dailymail.com/money/cars/article-16033351/Lada-Niva-22k-36-left-Britains-roads.html,Rob Hull,2026-08-07T07:00:49Z,steel production,"Why so pricey, you ask? That's because it is one of the last examples imported from the Russian factory... and it has barely turned a wheel since landing on UK shores.",Dailymail.com,Russia,News,2026-08-10T07:44:57.357291Z
45c1a4da49963e1dd050a1640520cfa6,"Show HN: Seedance 2.5 video API (30s single-take, 50 refs, 4K) on Atlas Cloud",https://www.atlascloud.ai/models/seedance-2.5,qqt,2026-08-07T06:32:51Z,steel production,"ByteDance just dropped their global Seedance 2.5 API. Now you can try it on Atlas Cloud (ByteDance's official US partner)

Comments URL: https://news.ycombinator.com/item?id=49206655
Points: 1
# Comments: 0",Atlascloud.ai,Global,Analysis/Opinion,2026-08-10T07:44:57.357337Z
9ee11a1c64fb6035222cd78dcb970044,Nippon Steel Targets High-Performance Steel,https://newsonjapan.com/article/150285.php,News On Japan,2026-08-07T05:45:14Z,steel production,"Nippon Steel has completed a new production line at its Nagoya Works after investing about 300 billion yen, as Japan's largest steelmaker seeks to expand production of high-performance steel products primarily for automakers. (News On Japan)",Newsonjapan.com,Japan,News,2026-08-10T07:44:57.357365Z
54d4eadce4e896eb7e1fba3e4afc0422,To poll or not to poll: Trump’s US economy claims tell only part of the story,https://economictimes.indiatimes.com/news/international/global-trends/to-poll-or-not-to-poll-trumps-economic-claims-tell-only-part-of-the-story/articleshow/133019346.cms,AP,2026-08-07T02:32:38Z,steel production,"Donald Trump touts economic successes, but facts present a mixed picture.  Job growth has slowed considerably in recent years, despite record highs.  The stock market has seen new records, driven by company profits and AI.  Manufacturing activity shows improv…",The Times of India,Unknown,Market Report,2026-08-10T07:44:57.357434Z
6c511f55111d9a51c1f593c9b3df793d,World-first ride: 2027 Yamaha YZ250F Tested,https://www.mcnews.com.au/2027-yamaha-yz250f-review/,Aaron Clifton,2026-08-07T00:45:33Z,steel production,"We ride the extensively updated 2027 Yamaha YZ250F, testing its redesigned engine, hydraulic clutch, revised chassis, KYB suspension and dramatically improved front-end feel.
The post World-first ride: 2027 Yamaha YZ250F Tested appeared first on MCNews.",Mcnews.com.au,Unknown,News,2026-08-10T07:44:57.357577Z
104f6cb2c7796464a4d8645889339f4a,"Storage, transmission key for next phase of India's energy transition: Experts",https://www.livemint.com/industry/energy/india-clean-energy-transition-grid-expansion-battery-storage-renewables-11786012731692.html,Rituraj Baruah,2026-08-07T00:24:15Z,steel production,"Stakeholders at the Mint Sustainability Summit 2026 say transmission bottlenecks, battery storage and regulatory reforms will determine the next phase of India's renewable energy growth.",Livemint,India,News,2026-08-10T07:44:57.357598Z
3cf1947165f2e34b1be1468d4f259f05,"JSW Steel and Tata Steel choose different growth paths—one bets on scale, the other on value",https://www.livemint.com/industry/india-jsw-tata-steel-pursue-different-growth-paths-scale-value-11785988279369.html,Dipali Banka,2026-08-07T00:00:54Z,steel production,"While JSW Steel is expanding its production capacity aggressively through new projects and joint ventures, Tata Steel is betting on higher-margin, value-added products. Their strategies are more nuanced than stark and present different choices being made in a…",Livemint,Unknown,News,2026-08-10T07:44:57.357652Z
0b0104a75f2eaf84297615b6891baf5e,1972 Maserati Ghibli SS 4.9 Coupe,https://bringatrailer.com/listing/1972-maserati-ghibli-5/,bringatrailer,2026-08-06T23:57:00Z,steel production,"This 1972 Maserati Ghibli is one of 1,170 coupes manufactured during six years of production and is among approximately 425 examples built with power from a 4.9-liter quad-cam V8. Chassis 1954 was imported to the US via Europe following the current owner's pu…",Bringatrailer.com,Unknown,News,2026-08-10T07:44:57.357697Z
5113f05082bf95b0c858c661eb3a91ae,1939 Cadillac Fleetwood Series 75 Convertible Coupe,https://bringatrailer.com/listing/1939-cadillac-fleetwood-series-75-3/,bringatrailer,2026-08-06T23:49:12Z,steel production,This 1939 Cadillac Fleetwood Series 75 convertible coupe is one of 27 produced and is said to have been delivered new in Seattle. It later underwent a three-year refurbishment and was purchased by the current owner in 2020. The car is finished in Kingston Gra…,Bringatrailer.com,Unknown,News,2026-08-10T07:44:57.357745Z
d0e94004401214a996eda4d0df3b183b,22k-Mile 1976 Cadillac Eldorado Convertible Bicentennial Edition,https://bringatrailer.com/listing/1976-cadillac-eldorado-convertible-143/,bringatrailer,2026-08-06T23:40:12Z,steel production,"This 1976 Cadillac Eldorado Convertible is one of 200 Bicentennial Edition examples produced for the model year, all in Cotillion White over White Sierra Grain leather with burgundy piping. A 500ci V8 drives the front wheels through a three-speed automatic tr…",Bringatrailer.com,Unknown,News,2026-08-10T07:44:57.357794Z
1bba708dfdec6fa34ada527686c1316f,1960 Buick LeSabre Estate Wagon,https://bringatrailer.com/listing/1960-buick-lesabre-6/,bringatrailer,2026-08-06T21:42:11Z,steel production,"This 1960 Buick LeSabre Estate Wagon is finished in blue with a white roof over blue and white vinyl upholstery, and power is supplied by a 364ci V8 paired with a Turbine Drive two-speed automatic transmission. The wagon rides on 15"" wheels with covers and ha…",Bringatrailer.com,Unknown,News,2026-08-10T07:44:57.357839Z
dfe5d0eb50932fad101aae4783b93e31,ca.1945 T-34/85 Medium Tank,https://bringatrailer.com/listing/1945-czech-arsenal-t-34-85/,bringatrailer,2026-08-06T21:24:11Z,steel production,"This T-34/85 is a medium tank that was reportedly produced in 1945 and was utilized by the Czechoslovakian Army until the 1980s. It was later moved to the UK, where it was purchased by the seller and imported to the US over 25 years ago. The tank is finished …",Bringatrailer.com,Norway,Market Report,2026-08-10T07:44:57.357875Z
a656a7f09a48ebb3af3ed1e705cc55f2,10 Can’t-Miss Works at ”A Nation of Artists“,https://www.phillymag.com/things-to-do/2026/08/06/nation-of-artists-exhibit-philadelphia/,Liz Spikol,2026-08-06T21:13:21Z,steel production,There’s a time each August — somewhere between the 10th consecutive day of stultifying heat and the moment you realize you’re now sick of water […],phillymag.com,Unknown,News,2026-08-10T07:44:57.357913Z
04b384926d427044391dd726d29e9cc4,The GOP Is Warning About Socialism While Quietly Embracing It,https://reason.com/2026/08/06/the-gop-is-warning-about-socialism-while-quietly-embracing-it/,Veronique de Rugy,2026-08-06T21:06:34Z,steel production,"Federal ownership of private companies has become routine. And it is happening on the right, even as conservatives point fingers at the left for its socialism.",Reason,Unknown,News,2026-08-10T07:44:57.357950Z
14b49b81db097b459e2bb9ee16c3e60a,"Scientists uncover how ancient Roman concrete became more durable over nearly 2,000 years",https://economictimes.indiatimes.com/news/international/us/scientists-uncover-how-ancient-roman-concrete-became-more-durable-over-nearly-2000-years/articleshow/133015489.cms,Shreya Biswas,2026-08-06T21:02:33Z,steel production,"Researchers have made significant strides in understanding the enduring nature of ancient Roman concrete, which has surprisingly withstood the test of time. Through a natural process within an untouched latrine at Hadrian's Villa, calcite formed and enhanced …",The Times of India,Unknown,News,2026-08-10T07:44:57.358006Z
22b313c471383b71fb4274cd970d274a,Canada Nickel Reports Additional Exploration Drilling Results and Highest Grade Intervals to Date at Reid Nickel Sulphide Project,https://www.prnewswire.com/news-releases/canada-nickel-reports-additional-exploration-drilling-results-and-highest-grade-intervals-to-date-at-reid-nickel-sulphide-project-302845456.html,,2026-08-06T21:00:00Z,steel production,"Highlights Highest grade intervals to date from Reid: 1.01% nickel over 4.5 metres within 0.54% nickel over 43.5 metres within overall 0.29% nickel over 576.6 metres in REI26-92A TORONTO, Aug. 6, 2026 /PRNewswire/ -- Canada Nickel Company Inc. (""Canada Nickel…",PRNewswire,Unknown,Market Report,2026-08-10T07:44:57.358057Z
0783037b02adf491d20d03bf20d4f1ca,NFI Reports 2026 Second Quarter Results and Raises 2026 Guidance,https://www.globenewswire.com/news-release/2026/08/06/3340837/0/en/NFI-Reports-2026-Second-Quarter-Results-and-Raises-2026-Guidance.html,NFI Group Inc,2026-08-06T21:00:00Z,steel production,"Year-over-year improvements in deliveries, revenue, gross profit, Free Cash Flow¹, Adjusted EBITDA¹ and net earnings. Closing backlog¹ of $12.5 billion and increased 2026 guidance. Year-over-year improvements in deliveries, revenue, gross profit, Free Cash Fl…",GlobeNewswire,Unknown,Market Report,2026-08-10T07:44:57.358119Z
5a682e423659e2cfae2ea0c19d84d1e8,"Friedman Industries, Incorporated Announces First Quarter Results",https://www.globenewswire.com/news-release/2026/08/06/3340829/0/en/Friedman-Industries-Incorporated-Announces-First-Quarter-Results.html,Friedman Industries Inc.,2026-08-06T20:40:00Z,steel production,Friedman announces strong first quarter earnings...,GlobeNewswire,Unknown,News,2026-08-10T07:44:57.358147Z
46736e82e4dbd584cdb2e0308488db49,VALHI REPORTS SECOND QUARTER 2026 RESULTS,https://www.globenewswire.com/news-release/2026/08/06/3340787/0/en/VALHI-REPORTS-SECOND-QUARTER-2026-RESULTS.html,"Valhi, Inc.",2026-08-06T20:15:00Z,steel production,"Dallas, Texas, Aug. 06, 2026 (GLOBE NEWSWIRE) -- Valhi, Inc. (NYSE: VHI) reported net income attributable to Valhi stockholders of $22.3 million, or $.78 per share, in the second quarter of 2026 compared to net income of $.9 million, or $.03 per share, in the…",GlobeNewswire,Unknown,Market Report,2026-08-10T07:44:57.358190Z
34872a807a0debe5b3f0efa172cbae4c,Joe Reeves on Producing Stella Lefty’s “Boston”: ‘It’s Capturing Lightning In a  Bottle’,http://www.billboard.com/pro/joe-reeves-stella-leftys-boston-capturing-lightning-bottle/,Jessica Nicholson,2026-08-06T19:51:54Z,steel production,Joe Reeves on Producing Stella Lefty’s “Boston”: ‘It’s Capturing Lightning In a  Bottle’billboard.com,Billboard,Unknown,News,2026-08-10T07:44:57.358228Z
dfe30554ec3371f3863b2650b3ef45a4,1960 Alfa Romeo 2000 Spider,https://bringatrailer.com/listing/1962-alfa-romeo-2000-2/,bringatrailer,2026-08-06T19:45:29Z,steel production,"This 1960 Alfa Romeo 2000 is one of 3,443 Touring-bodied Spiders manufactured over a four-year production run and was initially imported to the US by Hoffman Motor Company of New York in August 1961. Chassis 02293 is believed to have spent time in the Northea…",Bringatrailer.com,Unknown,News,2026-08-10T07:44:57.358273Z
c0192af31c3768a26318596f3a54dac1,1959 Jensen 541R,https://bringatrailer.com/listing/1959-jensen-541r-2/,bringatrailer,2026-08-06T18:02:24Z,steel production,"This 1959 Jensen 541R is one of 193 produced over a four-year span, and it was sold new through Jones Garage in Syston, England. Chassis 3424319 spent more than four decades near Birmingham, changing hands several times before it was purchased in 2003 by Mich…",Bringatrailer.com,Unknown,News,2026-08-10T07:44:57.358318Z
2a589d6647da2df577c293e5c3b8f2a9,Germany Confronts Rhine Threat to Economy After Crisis Talks,https://gcaptain.com/germany-confronts-rhine-threat-to-economy-after-crisis-talks/,Bloomberg,2026-08-06T17:34:39Z,steel production,"Germany’s economy is being threatened by a chronic lack of water in the Rhine, according to Transport Minister Steffen Bilger.",gcaptain.com,Germany,News,2026-08-10T07:44:57.358353Z
ec767ae47fa6c2ec2e517420e6bd1415,390-Powered 1959 Ford Custom Ranchero at No Reserve,https://bringatrailer.com/listing/1959-ford-custom-ranchero-2-2-2/,bringatrailer,2026-08-06T15:50:07Z,steel production,"This 1959 Ford Custom Ranchero is powered by a replacement 390ci V8 paired with a three-speed automatic transmission and is finished in gold and white over two-tone bronze and brown vinyl upholstery. Features include quad headlights, front disc brakes, power …",Bringatrailer.com,Unknown,News,2026-08-10T07:44:57.358404Z
4a586f0e5b2f1a67d67e7b291dbc2fe7,HII Signs Performance-based Production Agreements with Path Robotics and GrayMatter Robotics,https://www.globenewswire.com/news-release/2026/08/06/3340512/14858/en/HII-Signs-Performance-based-Production-Agreements-with-Path-Robotics-and-GrayMatter-Robotics.html,HII,2026-08-06T15:30:00Z,steel production,"The multi-year deal, which expands shipbuilding capacity, is worth up to $900 million, and is a commitment by the three companies to transform how complex shipbuilding structures are fabricated, assembled, and outfitted. The multi-year deal, which expands shi…",GlobeNewswire,Unknown,News,2026-08-10T07:44:57.358456Z
dda088efec31a9e04354e564dee5fc74,Primary steel makers may maintain Rs 11K per tn operating profitability in FY27 despite cost pressure,https://economictimes.indiatimes.com/industry/indl-goods/svs/steel/primary-steel-makers-may-maintain-rs-11k-per-tn-operating-profitability-in-fy27-despite-cost-pressure/articleshow/133008640.cms,PTI,2026-08-06T14:19:54Z,steel production,Primary steel producers expect steady operating profitability this fiscal year. Higher global steel prices and safeguard duties will support profit margins. Domestic steel demand is projected to grow between five and seven percent. This growth will be driven …,The Times of India,Global,Market Report,2026-08-10T07:44:57.358502Z
14e21a754fd82ee3616d6e1247e9af95,"Maruti Suzuki Chairman RC Bhargava urges faster reforms for easier business, predicts car industry growth",https://economictimes.indiatimes.com/industry/auto/auto-news/maruti-suzuki-chairman-rc-bhargava-urges-faster-reforms-for-easier-business-predicts-car-industry-growth/articleshow/133063611.cms,PTI,2026-08-09T07:04:35Z,coal demand,Maruti Suzuki Chairman RC Bhargava urged faster reforms for easier business operations. He anticipates significant car industry growth to 6.1 million units by 2030-31. The company is investing in biogas plants for clean energy and farmer income. He stressed t…,The Times of India,Unknown,News,2026-08-10T07:44:57.853037Z
692f0a84ce0869802f4aed08227926d9,"Car industry to hit 6.3 million units by FY31, with small cars growing faster: Maruti Suzuki Chairman RC Bhargava",https://www.thehindubusinessline.com/companies/car-industry-to-hit-63-million-units-by-fy31-with-small-cars-growing-faster-maruti-suzuki-chairman-rc-bhargava/article71324219.ece,S Ronendra Singh,2026-08-09T06:59:05Z,coal demand,"Urges government, including the State governments, to proceed faster reforms and increase efforts to make doing business easier",BusinessLine,Unknown,News,2026-08-10T07:44:57.853107Z
51a8428f1a11b2300f7030473e967de7,"Full solar eclipse on Wednesday evening could pile pressure on power grids across Europe, experts warn",https://www.dailymail.com/news/article-16039199/Full-solar-eclipse-pile-pressure-power-grids-Europe.html,Elizabeth Ivens,2026-08-09T00:26:55Z,coal demand,Experts say a dip in solar power because of the eclipse could affect the electricity grid which has suffered because of this summer's extreme weather.,Dailymail.com,Unknown,News,2026-08-10T07:44:57.853146Z
72fece771c714c5559b30fdabcc5355e,Natural Resource Partners Q2 Earnings Call Highlights,https://www.marketbeat.com/instant-alerts/natural-resource-partners-q2-earnings-call-highlights-2026-08-08/?utm_source=yahoofinance&amp;utm_medium=yahoofinance,MarketBeat,2026-08-08T21:03:54Z,coal demand,"Natural Resource Partners (NYSE:NRP) reported second-quarter 2026 net income of $25 million, operating cash flow of $41 million and free cash flow of $42 mil...",MarketBeat,Unknown,Market Report,2026-08-10T07:44:57.853211Z
2c914b243c41407f32ab02d7bde6be3a,Synergy of Wind & Solar Generators in Australia’s NEM,https://wattsupwiththat.com/2026/08/08/synergy-of-wind-solar-generators-in-australias-nem/,Guest Blogger,2026-08-08T21:00:00Z,coal demand,"The de-industrialisation of the Australian economy continues per Image 2 with quarterly volume down 0.5% year-on-year as rooftops exceed any growth.
The post Synergy of Wind & Solar Generators in Australia’s NEM appeared first on Watts Up With That?.",Wattsupwiththat.com,Australia,News,2026-08-10T07:44:57.853243Z
49112696dbb170b107ca7e0906d89672,NACCO Industries Q2 Earnings Call Highlights,https://www.marketbeat.com/instant-alerts/nacco-industries-q2-earnings-call-highlights-2026-08-08/?utm_source=yahoofinance&amp;utm_medium=yahoofinance,MarketBeat,2026-08-08T20:03:53Z,coal demand,"NACCO Industries (NYSE:NC) reported stronger operating performance across its utility coal mining, contract mining and minerals and royalties businesses in t...",MarketBeat,Unknown,Market Report,2026-08-10T07:44:57.853276Z
fa3d047600828dc0b6d8de2517d0f020,America's First Grid-Scale Sodium-Ion Battery Plant Gets Its First Big Test,https://hardware.slashdot.org/story/26/08/08/1940232/americas-first-grid-scale-sodium-ion-battery-plant-gets-its-first-big-test,EditorDavid,2026-08-08T19:43:00Z,coal demand,"""In a milestone for energy storage technology, Peak Energy has selected Sacramento, California, as the home of America's first manufacturing facility dedicated to grid-scale sodium-ion battery systems,"" according to the sustainability news site Intelligent Li…",Slashdot.org,USA,News,2026-08-10T07:44:57.853309Z
1bf86f68d08f8041f3033bbe2a4a2cd0,China’s Great Wall of Fossil Fuels,https://wattsupwiththat.com/2026/08/08/chinas-great-wall-of-fossil-fuels/,Guest Blogger,2026-08-08T17:00:00Z,coal demand,"Instead of focusing on China's shiny clean energy activities—which, while impressive in scale, remain largely additive rather than transformative—the developed world, particularly Europe, should take a page out of China's energy security playbook and fortify …",Wattsupwiththat.com,China,News,2026-08-10T07:44:57.853330Z
ba986bdc2deec60541bcc4912b5dd377,Koppers Q2 Earnings Call Highlights,https://www.marketbeat.com/instant-alerts/koppers-q2-earnings-call-highlights-2026-08-08/?utm_source=yahoofinance&amp;utm_medium=yahoofinance,MarketBeat,2026-08-08T15:03:58Z,coal demand,"Koppers (NYSE:KOP) reported second-quarter sales growth and record first-half cash generation, while higher coal tar, freight and logistics costs pressured p...",MarketBeat,Unknown,Market Report,2026-08-10T07:44:57.853361Z
3656dfd4f814fe07415d91cf66228224,Kennametal Q4 Earnings Call Highlights,https://www.marketbeat.com/instant-alerts/kennametal-q4-earnings-call-highlights-2026-08-08/?utm_source=yahoofinance&amp;utm_medium=yahoofinance,MarketBeat,2026-08-08T15:03:57Z,coal demand,"Kennametal (NYSE:KMT) reported sharply higher fourth-quarter and fiscal 2026 earnings, citing pricing actions tied to elevated tungsten costs, modest volume...",MarketBeat,Unknown,Market Report,2026-08-10T07:44:57.853392Z
5bab29c1137e48e18375bd4d3ee63753,I'm 62 and Have $650K to Retire but My Husband Wants to Open a BBQ Restaurant Because He Won the Backyard Cook-Off,https://finance.yahoo.com/small-business/articles/im-62-650k-retire-husband-130017791.html,Jeannine Mancini,2026-08-08T13:00:17Z,coal demand,A championship brisket can win trophies. It doesn’t always justify risking a retirement. That’s the crossroads one couple finds themselves facing in this fic...,Yahoo Entertainment,Unknown,News,2026-08-10T07:44:57.853451Z
afd361625020f628879d98eee17e1445,Big Tech’s Masterclass on Manufacturing Dissent,https://www.commondreams.org/opinion/big-tech-manufactures-dissent,Todd Paglia,2026-08-08T10:45:01Z,coal demand,"If I told you that Big Tech billionaires have accomplished something rare in our incredibly divided country, you might laugh and assume I’m joking. But I couldn’t be more serious.Through the data center buildout boom, Big Tech has done the impossible—they’ve …",Common Dreams,Unknown,News,2026-08-10T07:44:57.853532Z
47ceb072527688a338b1aa21247b270d,How Chevron became the AI darling of Big Oil,https://fortune.com/2026/08/08/how-chevron-became-the-ai-darling-of-big-oil/,Jordan Blum,2026-08-08T07:11:00Z,coal demand,Chevron's West Texas data center deal with Microsoft may jumpstart a new Big Ol and AI trend.,Fortune,Unknown,News,2026-08-10T07:44:57.853592Z
c3523f93301d62fd0b894bb882dee8e2,Natural gas loses momentum despite geopolitical risks: Will prices recover?,https://economictimes.indiatimes.com/markets/stocks/news/natural-gas-loses-momentum-despite-geopolitical-risks-will-prices-recover/articleshow/133047978.cms,ETMarkets.com,2026-08-08T06:45:25Z,coal demand,"Natural gas prices remain subdued despite Middle East tensions, as abundant U.S. production, rising LNG supplies and healthy inventories outweigh geopolitical concerns. Weather-driven demand has also weakened following the winter rally. While near-term prices…",The Times of India,Unknown,Market Report,2026-08-10T07:44:57.853641Z
35de0cf6be97474aea6b959cf7ee3091,Can agricultural waste become India’s next commodity?,https://www.thehindubusinessline.com/economy/agri-business/can-agricultural-waste-become-indias-next-commodity/article71319093.ece,Jabir   Karat,2026-08-08T03:40:33Z,coal demand,Treating agricultural residue as an economic resource could transform a seasonal environmental challenge into India’s most significant rural and green economy opportunities,BusinessLine,India,News,2026-08-10T07:44:57.853668Z
ebc34a91d89533a629f352d48ea05caa,"Colombia's new president signals energy policy shift, backs oil and gas",https://abcnews.com/International/wireStory/colombias-new-president-signals-energy-policy-shift-backs-135474499,STEVEN GRATTAN Associated Press,2026-08-08T01:15:28Z,coal demand,Colombian President Abelardo de la Espriella is pledging to revive the country's oil and gas sector and restore state-owned energy company Ecopetrol,Abcnews.com,Unknown,News,2026-08-10T07:44:57.853703Z
3bd82ca842e0f21c3238b63f56ab2179,"Colombia's new president signals energy policy shift, backs oil and gas",https://www.yahoo.com/news/politics/articles/colombias-president-signals-energy-policy-005724571.html,STEVEN GRATTAN,2026-08-08T00:57:24Z,coal demand,"Colombian President Abelardo de la Espriella on Friday pledged to revive the country’s oil and gas sector, restore state-owned energy company Ecopetrol and s...",Yahoo Entertainment,Unknown,News,2026-08-10T07:44:57.853745Z
0be123497c8fdfae709b076b95849761,South Korea planted more than ten billion trees after the Korean War — and the volume of wood standing on its hills has risen roughly thirtyfold since 1953,https://spacedaily.com/m-south-korea-planted-more-than-ten-billion-trees-after-the-korean-war-and-the-volume-of-wood-standing-on-its-hills-has-risen-roughly-thirtyfold-since-1953/,Mal James,2026-08-07T18:29:38Z,coal demand,"A devastated nation transformed its barren mountains into one of the world's great reforestation success stories—but the real test lies in what happens next.
The post South Korea planted more than ten billion trees after the Korean War — and the volume of woo…",Space Daily,South Korea,News,2026-08-10T07:44:57.853833Z
78a2ec922342345bfa4f2b9d8d27bd30,Who’s next for a Data Center? €50 billion in investments over the next decade,https://en.protothema.gr/2026/08/07/another-one-for-data-centers-e50-billion-in-investments-over-the-next-decade/,admin,2026-08-07T17:59:01Z,coal demand,"Greece’s geographic location—between Europe, Africa, the Middle East, and Asia—makes it an attractive destination for strategic investments. Amazon, Google, and Microsoft are establishing facilities in Attica, while a large-scale data center is planned on the…",Protothema.gr,Greece,News,2026-08-10T07:44:57.853882Z
4a4a3e615360f73a3c168462439e759d,Elon Musk to build a 100M-square-foot megafactory in Texas — 5 times the size of the world’s biggest building,https://nypost.com/2026/08/07/real-estate/elon-musk-set-to-build-the-largest-building-on-earth/,Mary K. Jacob,2026-08-07T17:38:33Z,coal demand,"It would beat out China's New Century Global Center, which spans 18.9 million square feet and comes with an indoor beach and ski slope inside.",New York Post,China,News,2026-08-10T07:44:57.853901Z
1bea64ae997636d7c87faeabf9bf131a,Trump hates offshore wind so much that he’s using taxpayer money for billion-dollar settlements to kill projects,https://fortune.com/2026/08/07/trump-wind-buyback-scam-whitehouse-rwe/,"Jennifer McDermott, The Associated Press",2026-08-07T12:29:09Z,coal demand,"President Donald Trump, who often talks about his hatred of wind power, has said his goal is to not let any “windmills” be built.",Fortune,Unknown,News,2026-08-10T07:44:57.854019Z
f82481efbf9102d963ae36ee7324c6b3,JCP&L Rate Proposal Delays Bill Impact for Residential Customers Until 2028 While Supporting Reliability Investments,https://www.prnewswire.com/news-releases/jcpl-rate-proposal-delays-bill-impact-for-residential-customers-until-2028-while-supporting-reliability-investments-302845382.html,,2026-08-07T12:00:00Z,coal demand,"Plan gives customers time to prepare while continuing investments to strengthen electric system HOLMDEL, N.J., Aug. 7, 2026 /PRNewswire/ -- Jersey Central Power & Light (JCP&L) has filed a rate proposal with the New Jersey Board of Public Utilities (BPU). The…",PRNewswire,Unknown,News,2026-08-10T07:44:57.854085Z
584cfdb32467737be7d3c94c5fef3d1f,India’s Climate Stress and the Solar Power Paradox,https://thediplomat.com/2026/08/indias-climate-stress-and-the-solar-power-paradox/,Shanthie Mariet D’Souza,2026-08-07T11:19:00Z,coal demand,"Rising demand will keep coal the backbone of India’s power grid in the coming years. This buys time for executing an energy transition, if India can see through its plans.",The Diplomat,India,News,2026-08-10T07:44:57.854140Z
e0b371683b75d6e32fe93086d90d8753,Why The Hydrogen Economy Is Taking Longer Than Promised,https://www.forbes.com/sites/sverrealvik/2026/08/07/why-the-hydrogen-economy-is-taking-longer-than-promised/,"Sverre Alvik, Contributor, 
 Sverre Alvik, Contributor
 https://www.forbes.com/sites/sverrealvik/",2026-08-07T10:55:20Z,coal demand,"Hydrogen hasn't disappeared, but reality has caught up with the hype. As costs, geopolitics and policy reshape the market, the industry's next phase begins.",Forbes,Unknown,Market Report,2026-08-10T07:44:57.854219Z
ddb3ef23ca2525aacf88c19ab703d55b,"Sensex today | Stock Market Highlights: Sensex falls 456 points, Nifty slips as banking stocks drag markets lower",https://www.thehindubusinessline.com/markets/sensex-nifty50-today-stock-market-highlights-updates-7th-august-2026/article71314561.ece,"Team BL, KS Badri Narayanan",2026-08-07T10:53:45Z,coal demand,"Sensex Today, Nifty 50 | Stock Market Highlights: 7 August 2026 - Indian benchmark indices closed lower on Friday, ending a two-day recovery, as weakness in banking and financial stocks combined with elevated crude oil prices and geopolitical concerns weighed…",BusinessLine,India,Market Report,2026-08-10T07:44:57.854242Z
efddb8822defc9a30534ccc06df475ac,Stock Index Futures Gain With All Eyes on Key U.S. Jobs Report,https://www.barchart.com/story/news/3714808/stock-index-futures-gain-with-all-eyes-on-key-u-s-jobs-report,Oleksandr Pylypenko,2026-08-07T10:26:44Z,coal demand,"September S&P 500 E-Mini futures (ESU26) are up +0.25%, and September Nasdaq 100 E-Mini futures (NQU26) are up +0.55% this morning, rebounding from yesterday...",Barchart.com,Unknown,Market Report,2026-08-10T07:44:57.854273Z
6618ec9a01eb4fe7e6e2b835c08c8241,"Andhra to procure 1,600 MW thermal power through competitive bidding",https://www.thehindubusinessline.com/news/national/andhra-to-procure-1600-mw-thermal-power-through-competitive-bidding/article71316956.ece,PTI,2026-08-07T09:12:43Z,coal demand,"The bidding process will be conducted on the basis of the standard Request for Qualification (RfQ), Request for Proposal (RfP) and Power Supply Agreement (PSA) documents notified by the Union Ministry of Power",BusinessLine,Unknown,News,2026-08-10T07:44:57.854311Z
c688ff6348887c92f83beafff10b6b48,Vedanta tops bidding for Karlapat bauxite block with record 175% premium,https://www.livemint.com/companies/news/vedanta-odisha-mining-auction-balco-bauxite-bid-india-aluminium-capacity-11786084751473.html,Dipali Banka,2026-08-07T07:00:02Z,coal demand,"The high auction premium for Karlapat reflects a broader shift underway in India's aluminium industry, where access to captive raw materials is becoming as important as adding smelting capacity and companies are racing to secure the ore.",Livemint,India,News,2026-08-10T07:44:57.854357Z
3e05e7eb6a516b74da9505092b36881b,"Assessment and pathways of the energy production revolution in the Yellow River Basin, China towards carbon peaking: a machine learning approach",https://www.nature.com/articles/s41598-026-53035-z,"Jian Xu, Jie Song, Yifan Yan, Ziwei Jia, Yanghong Lu, Mengna Li",2026-08-07T00:00:00Z,coal demand,"Scientific Reports - Assessment and pathways of the energy production revolution in the Yellow River Basin, China towards carbon peaking: a machine learning approach",Nature.com,China,Market Report,2026-08-10T07:44:57.854457Z
ad8d53446def4758698374b4871a16be,Gas Shortages and High Prices Derail Southeast Asia’s Power Buildout,https://oilprice.com/Energy/Natural-Gas/Gas-Shortages-and-High-Prices-Derail-Southeast-Asias-Power-Buildout.html,Tsvetana Paraskova,2026-08-06T23:00:00Z,coal demand,"Southeast Asia is falling short of its ambitious projects to boost gas-fired power generation to meet growing electricity demand and replace some of the coal use. Fuel availability, volatile prices, and supply chain bottlenecks threaten to drive up costs and …",OilPrice.com,Unknown,Market Report,2026-08-10T07:44:57.854505Z
006e5e2ab46d9ec2dd318c942895a527,"More Than 1,200 Online Graduates from Across the Country to Gather for Penn Foster's 2026 Graduation Ceremony in Atlanta",https://www.prnewswire.com/news-releases/more-than-1-200-online-graduates-from-across-the-country-to-gather-for-penn-fosters-2026-graduation-ceremony-in-atlanta-302845429.html,,2026-08-06T20:21:00Z,coal demand,"America's Got Talent winner Brandon Leake will deliver the keynote as Penn Foster honors Graduate of the Year Mahogany Hayes and learners from across the country ATLANTA, Aug. 6, 2026 /PRNewswire/ -- As more Americans turn to flexible online education to own …",PRNewswire,USA,News,2026-08-10T07:44:57.854541Z
a618ae96931d9ad86957fd303546847b,How drought threatens electricity supplies in Europe,https://www.dw.com/en/how-drought-threatens-electricity-supplies-in-europe/a-78269916,Keno Verseck,2026-08-06T19:55:00Z,coal demand,"Droughts, heat and falling water levels in the Danube are hitting central and southeastern Europe hard. Hungary and Romania are experiencing an energy crisis — whereas countries like Bulgaria are better prepared.",DW (English),Unknown,News,2026-08-10T07:44:57.854587Z
dff145fbce35c7a2e297febc5c1f9481,Drought threatens power supplies in Danube countries,https://www.dw.com/en/drought-europe-electricity-supplies-danube/a-78269916,Keno Verseck,2026-08-06T19:55:00Z,coal demand,"Droughts, heat and falling water levels in the Danube are hitting central and southeastern Europe hard. Hungary and Romania are experiencing an energy crisis — whereas countries like Bulgaria are better prepared. Riverbeds reduced to tiny streams, asphalt mel…",DW (English),Unknown,News,2026-08-10T07:44:57.854634Z
eef11bab450c3bb17d164dfa4ad04360,Trump administration to buy back company's offshore wind leases off 3 states,https://abcnews.com/Business/wireStory/trump-administration-buy-back-companys-offshore-wind-leases-135430002,JENNIFER MCDERMOTT Associated Press,2026-08-06T17:23:43Z,coal demand,"An offshore wind company says it's reached a $1.2 billion deal with the Trump administration to walk away from projects under development off New York, California and Louisiana",Abcnews.com,Unknown,News,2026-08-10T07:44:57.854670Z
7fa2a571deca02ff55c39e4646974811,Trump administration is ending more wind power projects by buying leases,https://apnews.com/article/trump-offshore-wind-energy-projects-fossil-fuels-d39aaf20d259d15d0777dcaec7aa3524,Jennifer Mcdermott,2026-08-06T16:57:04Z,coal demand,"An offshore wind company says it's reached a $1.2 billion settlement with the Trump administration to walk away from projects under development off New York, California and Louisiana. This latest agreement brings the total amount spent on such settlements to …",Associated Press,Unknown,News,2026-08-10T07:44:57.854720Z
a13bd9e3cf844d1058d6ce11b97de476,Trump administration is ending more wind power projects by buying leases,https://www.wsbradio.com/news/business/trump-administration/A32CDUNMRAYKJLRVFC2ST6RXWE/,Jennifer Mcdermott,2026-08-06T16:52:25Z,coal demand,"An offshore wind company says it's reached a $1.2 billion settlement with the Trump administration to walk away from projects under development off New York, California and Louisiana",WSB Radio,Unknown,News,2026-08-10T07:44:57.854755Z
3ef7dbbbafca5952fbbb98232d58d586,Weak Energy Demand May Signal a Much Bigger Economic Problem,https://oilprice.com/Energy/Energy-General/Weak-Energy-Demand-May-Signal-a-Much-Bigger-Economic-Problem.html,Gail Tverberg,2026-08-06T16:00:00Z,coal demand,"With the recent closure of the Strait of Hormuz, many expected oil prices to spike and stay high. Instead, they have barely budged. The latest spike in prices is a mini spike. If these oil prices were adjusted for inflation, the spikes in the past would appea…",OilPrice.com,Unknown,Market Report,2026-08-10T07:44:57.854798Z
d7d70f143d18a3cea967fa17f62fb80c,"India cuts energy import dependence to 42%, oil imports still meet 90% of demand: CII-EY",https://economictimes.indiatimes.com/industry/energy/oil-gas/india-reduces-energy-import-dependence-to-42-while-oil-imports-still-dominate-reveals-cii-ey-report/articleshow/133009821.cms,ET Online,2026-08-06T15:32:42Z,coal demand,India's primary energy import dependence has decreased to forty-two percent by FY25.  Crude oil imports still meet nearly ninety percent of domestic demand.  Natural gas import dependence has increased to about fifty percent.  Coal import dependence has falle…,The Times of India,India,News,2026-08-10T07:44:57.854826Z
90c3e45f14d7c4d690b2cd596271ac0a,"Delhi’s EV Policy Changes the Engine, Not the System",https://thediplomat.com/2026/08/delhis-ev-policy-changes-the-engine-not-the-system/,Soumyajit Bhar,2026-08-06T14:03:00Z,coal demand,"Electric vehicles can reduce pollution and emissions. But underlying issues of preserving car dependence, displacing environmental harm, and workers bearing the costs of a clean future need to be addressed.",The Diplomat,Unknown,News,2026-08-10T07:44:57.854915Z
7aa2e996bacad3dc1379048d800c6542,Study on the performance of cement composites using composite-activated coal gangue,https://journals.plos.org/plosone/article?id=10.1371/journal.pone.0355188,"Chaoyang Luo, Jing Bi",2026-08-06T14:00:00Z,coal demand,"This study investigated the feasibility of utilizing thermally activated coal gangue as a partial replacement for Portland cement through a composite activation strategy involving red mud and sodium silicate. Orthogonal experimental design, together with isot…",Plos.org,Unknown,News,2026-08-10T07:44:57.854968Z
e5456b118229f6da9b7d39b7a23e0d21,You Can’t Drink Data: Native Communities Are Resisting the AI Death Cycle,https://truthout.org/audio/you-cant-drink-data-native-communities-are-resisting-the-ai-death-cycle/,Kelly Hayes,2026-08-06T13:30:45Z,coal demand,"“These are tools to extract from who we are to erase us,” says organizer Krystal Two Bulls.",Truthout,Unknown,News,2026-08-10T07:44:57.855003Z
8bc5e8d13ba9f45bf23a83b33d2ad836,Pentagon war game exposed a critical U.S. aluminum risk months before Iran attacks,https://fortune.com/2026/08/06/pentagon-war-game-exposed-a-critical-u-s-aluminum-risk-months-before-iran-attacks/,"Bloomberg, Yvonne Yue Li",2026-08-06T12:52:00Z,coal demand,"Iran drone attacks on plants in the UAE and Bahrain pushed the metal to a four-year high, straining suppliers as military stockpiles run low.",Fortune,Unknown,News,2026-08-10T07:44:57.855040Z
3f6762b09b715aba92104330d33cb844,Human-Caused Climate Emergency Made Canada's Summer Wildfires Twice as Likely: Study,https://www.commondreams.org/news/canada-fires-climate-change,Julia Conley,2026-08-06T12:02:10Z,coal demand,"Committed to climate denial, President Donald Trump has insisted in recent weeks that hundreds of wildfires currently burning across Canada are the result of the country's mismanagement of its vast boreal forests—but scientists confirmed in a study out Thursd…",Common Dreams,Unknown,News,2026-08-10T07:44:57.855100Z
e634500f500f44699a530d012e5cc686,Centrus Energy Signs LEU and HALEU Supply Agreement with X-energy,https://www.prnewswire.com/news-releases/centrus-energy-signs-leu-and-haleu-supply-agreement-with-x-energy-302844906.html,,2026-08-06T12:00:00Z,coal demand,"Advances Commercialization for Domestic LEU and HALEU Enrichment Contract includes X-energy prepayments to Centrus Planned project to bring clean energy investment and jobs to Eastern Tennessee BETHESDA, Md., Aug. 6, 2026 /PRNewswire/ -- Centrus Energy Corp. …",PRNewswire,Unknown,News,2026-08-10T07:44:57.855150Z
d5d4e56784ec54fc815da3acc318f02b,The Ghost in the Machine Is Not a Feudal Lord,https://ozcanbuze947071.substack.com/p/the-ghost-in-the-machine-is-not-a,Özcan Buze,2026-08-06T10:25:53Z,coal demand,"Yannis Varoufakis and others refer to large technology companies as ‘techno-feudalism’. This term does not sharpen the critique of capitalism; on the contrary, it blunts it.",Substack.com,Unknown,News,2026-08-10T07:44:57.855281Z
c68862199bb3291381f647e81524e215,Stella-Jones Announces Second Quarter Results,https://www.globenewswire.com/news-release/2026/08/06/3340011/0/en/Stella-Jones-Announces-Second-Quarter-Results.html,Stella-Jones Inc,2026-08-06T10:00:00Z,coal demand,Utility Products Momentum Underscores Underlying Strength Utility Products Momentum Underscores Underlying Strength,GlobeNewswire,Unknown,News,2026-08-10T07:44:57.855311Z
3eca0390e0fa495ba83fb599b479ff39,Climate Change Is Rewriting Europe’s Nuclear Cooling Assumptions,https://cleantechnica.com/2026/08/06/climate-change-europe-nuclear-cooling-assumptions/,Michael Barnard,2026-08-06T06:50:39Z,coal demand,"Romania gave Europe the kind of energy-transition image that should make planners uncomfortable. On August 3, Romanian naval engineers used 180 kilograms of explosives to remove a rock outcrop in the Bala Canal, a branch of the Danube. The controlled blast cl…",CleanTechnica,Unknown,News,2026-08-10T07:44:57.855387Z
fcaa5e6f4680a881d42804a4d69eb07f,Skeptical Science New Research for Week #32 2026,https://skepticalscience.com/new_research_2026_32.html,,2026-08-06T05:21:13Z,coal demand,"Open access notables
‘Towards electric vehicle misinformation communities: Shared narratives, networked validation, and reassurance among Australian consumers, McEwen et al., Energy Research & Social Science


Electric vehicles (EVs) provide a pathway to sust…",Skepticalscience.com,Australia,News,2026-08-10T07:44:57.855411Z
c2230ae49b12567787cb6fc052cd2509,Climate change squeezes Malaysian durian growers as they chase China's booming market,https://abcnews.com/International/wireStory/climate-change-squeezes-malaysian-durian-growers-chase-chinas-135409598,"KANIS LEUNG Associated Press, VINCENT THIAN Associated Press",2026-08-06T02:32:20Z,coal demand,Malaysian durian farmers face challenges as climate change impacts their crops,Abcnews.com,China,Market Report,2026-08-10T07:44:57.855422Z
4fdddb1f3cc2e7a2016618bdcd251bcd,Climate change squeezes Malaysian durian growers as they chase China's booming market,https://abcnews.com/Business/wireStory/climate-change-squeezes-malaysian-durian-growers-chase-chinas-135409599,"KANIS LEUNG Associated Press, VINCENT THIAN Associated Press",2026-08-06T02:32:15Z,coal demand,Malaysian durian farmers face challenges as climate change impacts their crops,Abcnews.com,China,Market Report,2026-08-10T07:44:57.855430Z
ace10703590c4c9a400aec0d5ad810ec,"Younger Boomer Asks, What Are You Going to Do With a 4,000-Square-Foot Home in Your 70s? ‘They’re Not Going to Have Any Choice’ but Move",https://finance.yahoo.com/real-estate/articles/younger-boomer-asks-going-4-010119540.html,Jeannine Mancini,2026-08-06T01:01:19Z,coal demand,Boomers get plenty of grief online for holding onto sprawling homes long after the kids move out. One self-identified boomer says that criticism misses the p...,Yahoo Entertainment,Unknown,News,2026-08-10T07:44:57.855476Z
890150a9bcf3a674d4d8c9a0ab18c7ee,Middle East War Throws LNG’s Growth Story Into Doubt,https://oilprice.com/Energy/Natural-Gas/Middle-East-War-Throws-LNGs-Growth-Story-Into-Doubt.html,Irina Slav,2026-08-05T23:00:00Z,coal demand,The Middle East war has caused what may well be an unprecedented degree of disruption in global energy flows. While crude oil gets a lot of the attention—and with good reason—the situation in liquefied gas is arguably worse and deserving of more attention. Th…,OilPrice.com,Global,News,2026-08-10T07:44:57.855526Z
a9a1db6954aa62d0f1a962c65a93e390,New Mexico’s clean energy success story,https://skepticalscience.com/new-mexico-clean-energy-success.html,,2026-08-05T21:23:41Z,coal demand,"This is a re-post from Yale Climate Connections by Karin Kirk
It’s hot. Fans and air conditioners are humming in homes, offices, commercial buildings, and factories. July is the most electricity-intensive time of year in the U.S., and the grid is working hard…",Skepticalscience.com,Unknown,News,2026-08-10T07:44:57.855592Z
0038fe55e02b6ce15adfd6a7e0b7a7ea,NACCO INDUSTRIES ANNOUNCES SECOND QUARTER 2026 RESULTS,https://www.prnewswire.com/news-releases/nacco-industries-announces-second-quarter-2026-results-302844225.html,,2026-08-05T20:40:00Z,coal demand,"CLEVELAND, Aug. 5, 2026 /PRNewswire/ -- Consolidated Q2 2026 Highlights: Gross profit of $15.2 million improved 123% over Q2 2025 on 6% revenue increase Operating loss of $2.3 million includes $12.0 million of solar asset impairment charges Net loss of $1.0 m…",PRNewswire,Unknown,News,2026-08-10T07:44:57.855638Z
4c2141fd922951a436647235b5cfd74c,Centrus Reports Second Quarter 2026 Results,https://www.prnewswire.com/news-releases/centrus-reports-second-quarter-2026-results-302843983.html,,2026-08-05T20:30:00Z,coal demand,"Revenue of $176.1 million, compared to revenue of $154.5 million in Q2 2025 GAAP net income of $16.8 million compared to GAAP net income of $28.9 million in Q2 2025 Non-GAAP adjusted net income (1) of $38.7 million, compared to non-GAAP adjusted net income(1)…",PRNewswire,Unknown,Market Report,2026-08-10T07:44:57.855684Z
30685a662f1d934296d6fd5e031c827a,"Couple Says Her Parents Were Supposed To Stay For A Few Months — Three Years Later, They Needed An $85,000 Home Addition",https://finance.yahoo.com/real-estate/articles/couple-says-her-parents-were-170102528.html,Caroline Lubinsky,2026-08-05T17:01:02Z,coal demand,A 48-year-old couple agreed to let her aging parents move into their home three years ago after her father’s declining health made living alone unsafe. The a...,Yahoo Entertainment,Unknown,News,2026-08-10T07:44:57.855730Z
1b9df34dbd96fa33b69c2cdc7b1871c7,"Climate Crusaders Turn to Flimsy ‘Extreme Event Attribution’ to Bring Down Oil, Gas, and Coal",https://wattsupwiththat.com/2026/08/05/climate-crusaders-turn-to-flimsy-extreme-event-attribution-to-bring-down-oil-gas-and-coal/,Guest Blogger,2026-08-05T17:00:00Z,coal demand,"At best, “extreme event attribution” is an interesting hypothetical exercise – an educated guess. It is no more than that. It will be a tragic day when governments and courts start relying on it as hard evidence – and a warning to candy bar makers to lawyer u…",Wattsupwiththat.com,Unknown,News,2026-08-10T07:44:57.855785Z
edf43a54bf6a72f41f5b811e61a137d9,The hidden danger inside Spain's eucalyptus forests that worries scientists,https://economictimes.indiatimes.com/news/international/global-trends/the-hidden-danger-inside-spains-eucalyptus-forests-that-worries-scientists/articleshow/132944983.cms,ET Online,2026-08-05T15:25:59Z,coal demand,Spain's eucalyptus plantations appear green but support fewer native birds and insects.  These monocultures lack the diverse vegetation and nesting sites of natural woodlands.  Research shows eucalyptus expansion strongly correlates with declining bird specie…,The Times of India,Unknown,News,2026-08-10T07:44:57.855837Z
0ab0db6f8852ba4dd56d00529bb42587,Glencore Turns Middle East Chaos Into a Trading Jackpot,https://app.moby.co/home/news/news-glencore-turns-middle-east-chaos-into-a-trading-jackpot?utm_source=yahoo_finance&amp;utm_medium=rss,Mark Nichols,2026-08-05T15:15:23Z,coal demand,"The miner’s first-half earnings surged as oil, LNG, freight and commodity volatility gave its marketing machine exactly the market it was built for.",Moby.co,Unknown,Market Report,2026-08-10T07:44:57.855871Z
44ffc9be872f4d3ed3bd73b9262bdb09,5 Dividend Stocks Paying Out This Month – But There’s a Catch,https://247wallst.com/investing/2026/08/05/5-dividend-stocks-paying-out-this-month-but-theres-a-catch/,David Moadel,2026-08-05T15:14:55Z,coal demand,"Five dividend payments hit accounts this month, but a Friday deadline separates investors who collect from those who wait another quarter. Not every yield on...",24/7 Wall St.,Unknown,Market Report,2026-08-10T07:44:57.855906Z
816cd20ee2cb4ed81458116e46b3282c,"JP Nadda visits Assam flood-hit village, assures full central support",https://economictimes.indiatimes.com/news/india/jp-nadda-visits-assam-flood-hit-village-assures-full-central-support/articleshow/132931598.cms,Bikash Singh,2026-08-05T13:57:56Z,coal demand,"Union Minister Jagat Prakash Nadda toured the flood-impacted Nepali Khuti village in Assam, offering reassurance to the displaced families of unwavering assistance from the Central government. Chief Minister Himanta Biswa Sarma underscored the state's swift r…",The Times of India,Unknown,News,2026-08-10T07:44:57.855958Z
2d2ebfabd356d44613b9f70db23efdca,Shell to invest in Surat Gas Project Central in Queensland,https://www.offshore-technology.com/news/shell-arrow-energys-surat-project-australia/,Salong Debbarma,2026-08-05T13:34:10Z,coal demand,Surat Gas Project Central is expected to begin production in 2028.,Offshore Technology,Unknown,News,2026-08-10T07:44:57.855986Z
10bbca8a64b6050889102daa6062f615,Pinnacle West Capital Q2 Earnings Call Highlights,https://www.marketbeat.com/instant-alerts/pinnacle-west-capital-q2-earnings-call-highlights-2026-08-05/?utm_source=yahoofinance&amp;utm_medium=yahoofinance,MarketBeat,2026-08-05T12:04:07Z,coal demand,"Pinnacle West Capital (NYSE:PNW) reported second-quarter 2026 earnings of $1.43 per share, down $0.15 from the same period a year earlier, as higher interest...",MarketBeat,Unknown,Market Report,2026-08-10T07:44:57.856017Z
5c3ba41059cea6d0a2ede467a07dd4f7,Mastermyne wins Dendrobium mining services contract in NSW,https://www.mining-technology.com/news/mastermyne-dendrobium-mining-services-contract/,Shree Mishra,2026-08-05T10:56:37Z,coal demand,"The contract is set for an initial two-year period, with two options to extend by a further two years each.",Mining Technology,Unknown,News,2026-08-10T07:44:57.856048Z
d64f5ee5963cc81abf60582cb5d690d0,"Sensex today | Stock Market Highlights: Sensex rises 152 points, Nifty ends above 24,620 after RBI keeps repo rate unchanged",https://www.thehindubusinessline.com/markets/sensex-nifty50-today-stock-market-highlights-5th-august-2026/article71306480.ece,"Team BL, KS Badri Narayanan",2026-08-05T10:56:26Z,coal demand,"Sensex Today, Nifty 50 | Stock Market Highlights, 5 August:  Indian benchmark indices ended higher after the RBI retained the repo rate and improved its FY27 growth outlook while lowering inflation projections. Gains in auto, realty and metal stocks offset co…",BusinessLine,India,Analysis/Opinion,2026-08-10T07:44:57.856086Z
c90f05d49cb92231210baf36ad88b48e,S&P Futures Gain on Hopes for U.S.-Iran Deal; SpaceX and AMD Sink After Earnings,https://www.barchart.com/story/news/3658914/s-p-futures-gain-on-u-s-iran-deal-prospect,Oleksandr Pylypenko,2026-08-05T10:41:25Z,coal demand,"September S&P 500 E-Mini futures (ESU26) are up +0.37% this morning, signaling a new record high for the benchmark index as hopes for a U.S.-Iran deal to reo...",Barchart.com,Unknown,Market Report,2026-08-10T07:44:57.856119Z
62d5405c9b293060abfbbcbb3328358b,China’s Power Demand Hits Records as Heatwave Grips Key Regions,https://oilprice.com/Latest-Energy-News/World-News/Chinas-Power-Demand-Hits-Records-as-Heatwave-Grips-Key-Regions.html,Irina Slav,2026-08-05T08:30:00Z,coal demand,"Electricity demand in much of China hit a record this week due to scorching summer temperatures, driving grid loads to all-time highs, the State Grid Corporation of China said today, as cited by Reuters. On Monday and Tuesday, the company said, electricity lo…",OilPrice.com,China,News,2026-08-10T07:44:57.856145Z
c1f4c3d3421f357b9d37f12d99ec5f28,Vedanta Aluminium shares can rally up to 28%? Why Systematix initiated coverage on the stock,https://economictimes.indiatimes.com/markets/stocks/news/vedanta-aluminium-shares-can-rally-up-to-28-why-systematix-initiated-coverage-on-the-stock/articleshow/132896821.cms,Rounak Khare,2026-08-05T06:21:44Z,coal demand,"Vedanta Aluminium shares: Systematix Institutional Equities initiated coverage on Vedanta Aluminium with a Buy rating and a target price of Rs 598, implying 28% upside. The brokerage expects earnings growth to be driven by higher volumes, deeper backward inte…",The Times of India,Unknown,News,2026-08-10T07:44:57.856197Z
da421ee0cc126bad319cbc5f745021f0,‘Consumption story remains resilient despite challenges in specific sectors’,https://www.thehindubusinessline.com/money-and-banking/consumption-story-remains-resilient-despite-challenges-in-specific-sectors/article71305127.ece,Suresh P Iyengar,2026-08-05T05:32:15Z,coal demand,"Aditya Birla Sun Life AMC’s Balasubramanian and Krishnan on oil, currency, consumption, earnings and SIPs",BusinessLine,Unknown,News,2026-08-10T07:44:57.856237Z
2dce1160ac32ce349fba17000d0ad47f,Inside LIC’s Rs 16 lakh crore portfolio: Its biggest stock buys and sells in June quarter,https://economictimes.indiatimes.com/markets/stocks/news/inside-lics-rs-16-lakh-crore-portfolio-its-biggest-stock-buys-and-sells-in-june-quarter/articleshow/132886296.cms,Nikhil Agarwal,2026-08-05T03:02:53Z,coal demand,"Life Insurance Corporation bought shares worth over Rs 16,000 crore in June.  Bharti Airtel and Maruti Suzuki saw the largest buying from the insurer.  LIC also sold shares worth over Rs 13,000 crore during this period.  Its overall market share declined to a…",The Times of India,Unknown,Market Report,2026-08-10T07:44:57.856283Z
6b8085a9f36126907d59386541dce582,Cold snap prompts NZ’s highest-ever power use; how much generation is needed?,https://www.nzherald.co.nz/business/companies/energy/cold-snap-prompts-nzs-highest-ever-power-use-how-much-generation-is-needed/premium/LT6VKYPMYRAXPMT53BOAQ4WH3M/,Jamie Gray,2026-08-04T23:32:01Z,coal demand,Demand could again be very high on Thursday and Friday mornings.,New Zealand Herald,Unknown,News,2026-08-10T07:44:57.856316Z
0bbcaca18ebfcc3c0db86382ba3271ca,What Great Depression Women Knew That Most of Us Have Forgotten,https://thesurvivalmom.com/great-depression-women-skills/,Lisa Bedford,2026-08-04T21:27:46Z,coal demand,"Depression-era women kept families fed, clothed, and healthy on almost nothing. Here's what they knew and why it is still important today.",Thesurvivalmom.com,Unknown,News,2026-08-10T07:44:57.856349Z
c33be50dbed53a1383b1b5c18a1322eb,China Launches New Crackdown on Organized Crime,http://foreignpolicy.com/2026/08/04/china-crime-illegal-mining-sand-industry-crackdown/,James Palmer,2026-08-04T21:06:05Z,coal demand,"From local gangs to sand mafias, Beijing keeps running into the same problems.",Foreign Policy,China,News,2026-08-10T07:44:57.856362Z
71702bb2925483760dce1cbfea95c114,Kadant Reports Second Quarter 2026 Results,https://www.globenewswire.com/news-release/2026/08/04/3338875/0/en/Kadant-Reports-Second-Quarter-2026-Results.html,Kadant Inc,2026-08-04T20:37:00Z,coal demand,"WESTFORD, Mass., Aug.  04, 2026  (GLOBE NEWSWIRE) -- Kadant Inc. (NYSE: KAI) reported its financial results for the second quarter ended July 4, 2026. ...",GlobeNewswire,Unknown,Market Report,2026-08-10T07:44:57.856392Z
c894db17f71d661dd7ea711b211369d2,Turkey pushes for Black Sea shipping safety agreement as drone attacks hit civilian vessels,https://cryptobriefing.com/turkey-black-sea-shipping-drone-attacks/,Editorial Team,2026-08-08T10:24:49Z,grain exports,"Turkey's push for a Black Sea safety agreement highlights the urgent need for international cooperation to secure vital global trade routes.
The post Turkey pushes for Black Sea shipping safety agreement as drone attacks hit civilian vessels appeared first on…",Crypto Briefing,Turkey,News,2026-08-10T07:44:58.174692Z
31c216f7439fb67c94004b2b4e1e597e,The Agricultural And Environmental Toll Of Russia’s War In Ukraine,https://www.forbes.com/sites/marktemnycky/2026/08/08/the-agricultural-and-environmental-toll-of-russias-war-in-ukraine/,"Mark Temnycky, Senior Contributor, 
 Mark Temnycky, Senior Contributor
 https://www.forbes.com/sites/marktemnycky/",2026-08-08T10:00:00Z,grain exports,"Russia’s ongoing full-scale invasion has damaged Ukraine’s agricultural sector and caused over $57 billion in environmental harm. Now, Ukraine is seeking accountability.",Forbes,Russia,News,2026-08-10T07:44:58.174780Z
9c222f5f9269f6ff82677bf9ba23d917,Camels find unlikely home in outback Australia,https://timesofmalta.com/article/camels-find-unlikely-home-outback-australia.1132423,Sponsored,2026-08-08T01:06:07Z,grain exports,They were imported by the British in the 19th century for transport but set free with the advent of cars,Times of Malta,Australia,News,2026-08-10T07:44:58.174797Z
55289692f5f6801745f976c7e1fc274b,Ukraine’s agricultural shipments could drop over 50% as Russian attacks shut down Black Sea ports,https://cryptobriefing.com/ukraine-agricultural-shipments-drop-russian-attacks/,Editorial Team,2026-08-07T19:00:41Z,grain exports,"The disruption of Ukraine's agricultural exports could exacerbate global food insecurity and drive up prices, impacting vulnerable economies.
The post Ukraine’s agricultural shipments could drop over 50% as Russian attacks shut down Black Sea ports appeared f…",Crypto Briefing,Russia,Market Report,2026-08-10T07:44:58.174827Z
eb3fc04fb68a7ec923d23b299a0c716d,Zelensky’s 40-day Influence Operation Backfired Badly in Kharkov and Odessa,https://korybko.substack.com/p/zelenskys-40-day-influence-operation-2b5,Andrew Korybko,2026-08-06T11:17:10Z,grain exports,"Ukraine’s drone-enforced “blockade” of Crimea prompted Russia to impose its own type of “blockades” on Kharkov and Odessa, the resultant damage of which is incomparably greater than that which Ukraine inflicted on Russia, which amounts to Putin consistently “…",Substack.com,Russia,News,2026-08-10T07:44:58.174918Z
2c5fe2c0792d1a9899725eb3c8a0361b,"Russian strikes on Black Sea ports freeze Ukraine’s exports and arms imports, officials say",https://www.naturalnews.com/2026-08-06-russian-striles-black-sea-ports-freeze-ukraines-exports-arms-imports.html,Garrison Vance,2026-08-06T06:00:00Z,grain exports,"Russian Strikes on Black Sea Ports Cripple Ukraine’s Exports and Arms Imports Russian missile and drone strikes have effectively closed Ukraine’s Black Sea ports since early July, according to shipping operators and Ukrainian transport officials, freezing an …",Naturalnews.com,Russia,News,2026-08-10T07:44:58.174955Z
8bdbe465056e409b813aa66b28d33676,"In Odesa, no-one is safe from Russia's new Black Sea strikes",https://www.bbc.co.uk/news/articles/cy8ev4y172yo,https://www.facebook.com/bbcnews,2026-08-06T05:00:54Z,grain exports,Blackened ships and smashed docks mark Russia's recent surge of attacks on Ukraine's coastline.,BBC News,Russia,News,2026-08-10T07:44:58.174988Z
c96efb517ff504bc42db8b0e5c3b9528,Alto Ingredients Q2 Earnings Call Highlights,https://www.marketbeat.com/instant-alerts/alto-ingredients-q2-earnings-call-highlights-2026-08-05/?utm_source=yahoofinance&amp;utm_medium=yahoofinance,MarketBeat,2026-08-05T22:03:50Z,grain exports,"Alto Ingredients (NASDAQ:ALTO) reported a fourth consecutive quarter of positive gross profit, operating income, net income and adjusted EBITDA in the second...",MarketBeat,Unknown,Market Report,2026-08-10T07:44:58.175022Z
c8d9159dee66cffde0a3d1407f79a976,Global Food Prices Will Soar And Acute Hunger Will Spike Thanks To A Shocking Confluence Of Disastrous Events,http://theeconomiccollapseblog.com/global-food-prices-will-soar-and-acute-hunger-will-spike-thanks-to-a-shocking-confluence-of-disastrous-events/,Michael,2026-08-05T17:32:27Z,grain exports,"Experts are warning that a historic global food crisis has begun. Food prices have already been rising for years, and now they are about to go significantly higher. The number of impoverished people in the world suffering from acute hunger was already at an a…",Theeconomiccollapseblog.com,Global,Market Report,2026-08-10T07:44:58.175083Z
3afd479d5f54c5f2d7e2772ee96aaf40,Was Herbert Hoover America’s Most Misunderstood President?,https://www.theatlantic.com/podcasts/2026/08/david-frum-show-margaret-hoover-herbert-hoover/688191/,David Frum,2026-08-05T17:10:00Z,grain exports,"Margaret Hoover on Herbert Hoover’s life, presidency, and legacy, and the renovation of his presidential library. Plus: Trump’s dropped Reflecting Pool indictment and The Spy Who Came in From the Cold by John le Carré",The Atlantic,USA,News,2026-08-10T07:44:58.175113Z
0383ce530f7734d3d15d3a70b9cf60fe,Surge in Black Sea attacks adds to strain on global commodity flows,https://economictimes.indiatimes.com/news/international/world-news/black-sea-conflict-disrupts-global-commodity-flows-surging-attacks-on-ships-and-ports-escalate-trade-crisis/articleshow/132945873.cms,Reuters,2026-08-05T15:54:52Z,grain exports,Attacks on Black Sea shipping routes are disrupting global grain and oil supplies.  Ukraine and Russia have intensified strikes on each other's export facilities and vessels.  This escalation adds pressure to commodity markets already facing Middle East disru…,The Times of India,Russia,Market Report,2026-08-10T07:44:58.175144Z
432ce05a60cf889f657b2afa030fd0c1,Ports in a storm: How Kiev’s warehouse warfare cost Ukraine its coastline,https://www.rt.com/russia/643859-russia-strike-ukraine-ports/,RT,2026-08-05T13:03:34Z,grain exports,Vladimir Zelensky’s long-range strikes against Russian civilians have invited harsh retribution against Ukraine’s Black Sea ports Read Full Article at RT.com,RT,Russia,News,2026-08-10T07:44:58.175173Z
ad110cddd224f01576ac3066bb383062,Argentina grain exports halt as maritime pilots strike over Milei decree,https://www.aljazeera.com/news/2026/8/4/argentina-grain-exports-halt-as-maritime-pilots-strike-over-milei-decree,Al Jazeera Staff,2026-08-04T20:20:11Z,grain exports,More than 45 vessels have been affected by the strike at Argentinian ports.,Al Jazeera English,Unknown,News,2026-08-10T07:44:58.175204Z
c9e96956e07a76d348f92372bf067a4e,What Are Wheat Producers Seeing That Traders Aren't?,https://www.barchart.com/story/news/3644491/what-are-wheat-producers-seeing-that-traders-aren-t,Don Dawson,2026-08-04T19:26:59Z,grain exports,"Weather headlines and geopolitical tensions grab attention, but wheat keeps struggling to hold its rallies. Producers are selling into strength, seasonal tre...",Barchart.com,Unknown,News,2026-08-10T07:44:58.175241Z
e87cbd83d7f1a46fbb4bc2814f93931d,Corn Facing Turnaround Tuesday Pressure,https://www.barchart.com/story/news/3642323/corn-facing-turnaround-tuesday-pressure,Austin Schroeder,2026-08-04T17:21:05Z,grain exports,"Corn futures are trading with 7 to 8 cent losses across most contracts at midday on Tuesday, reverting from Monday gains. Crude oil, down $4.30, is adding pr...",Barchart.com,Unknown,Market Report,2026-08-10T07:44:58.175274Z
31781f2e9c26de7b9a5f3d12437d7080,FFmpeg 9.0,https://jbkempf.com/blog/2026/ffmpeg-9.0/,enz,2026-08-04T14:49:50Z,grain exports,"FFmpeg 9.0 is a major release with a major ABI break, new swscale architecture, more Vulkan work, Dolby Vision Profile 7 handling, and a few fun surprises.",Jbkempf.com,Unknown,News,2026-08-10T07:44:58.175304Z
dd18c3c997a26f15678a7dfa29da73ab,SHARE3DCAM Introduces C10 Series of SLAM-Based Mobile LiDAR Scanners for Geospatial and Reality Capture Workflows,https://www.globenewswire.com/news-release/2026/08/04/3338284/0/en/SHARE3DCAM-Introduces-C10-Series-of-SLAM-Based-Mobile-LiDAR-Scanners-for-Geospatial-and-Reality-Capture-Workflows.html,SHARE3DCAM,2026-08-04T12:19:00Z,grain exports,SHARE3DCAM Introduces C10 Series of SLAM-Based Mobile LiDAR Scanners for Geospatial and Reality Capture Workflows...,GlobeNewswire,Unknown,News,2026-08-10T07:44:58.175342Z
5610ec820699691589abdd09644db859,Crop Trader ADM Raises 2026 Outlook as Biofuels Drive Growth,https://financialpost.com/pmn/business-pmn/crop-trader-adm-raises-2026-outlook-as-biofuels-drive-growth,Bloomberg News,2026-08-04T11:43:24Z,grain exports,"Archer-Daniels-Midland Co. raised its 2026 profit outlook for a second time, as the crop trader increasingly looks to biofuels as a major driver of growth.",Financial Post,Unknown,Analysis/Opinion,2026-08-10T07:44:58.175371Z
e7e5bb228c0654c85c75b1663977233c,"International Law for a Fragile World: Economic Risk – Global Markets, Debt, and Resilience in Law (Part I)",http://opiniojuris.org/2026/08/04/international-law-for-a-fragile-world-economic-risk-global-markets-debt-and-resilience-in-law-part-i/,Sergey Sayapin,2026-08-04T08:00:02Z,grain exports,"[Dr Sergey Sayapin is Professor of Law at KIMEP University (Almaty, Kazakhstan) and Distinguished Visiting Global Scholar at the NUS Centre for International Law (2025)] For much of the post-war period, international economic law was built around a promise of…",Opiniojuris.org,Global,Market Report,2026-08-10T07:44:58.175420Z
525f1a2796cce5be0241db3ec5f04f71,"Drone strike on Turkish ship in Black Sea escalates maritime war, threatens global food supply",https://www.naturalnews.com/2026-08-04-drone-strike-in-black-sea-escalates-maritime-war.html,Willow Tohi,2026-08-04T06:00:00Z,grain exports,"Ukrainian drones struck the Turkish-operated cargo ship Nadezhda near the Russian port of Novorossiysk on August 3, injuring three crew members. The vessel was sailing from Russia to Turkey, and Ankara confirmed the attack, calling for immediate safety measur…",Naturalnews.com,Russia,News,2026-08-10T07:44:58.175455Z
e60273f13bfbc1c36b348afe40fe7074,"‘They Took Our Copy Of It’: Why Don’t Americans Use The Metric System? It’s Because Of The ‘Pirates Of The Caribbean’. No, Seriously",https://brobible.com/culture/article/pirates-stole-metric-system/,Ljeonida Mulabazi,2026-08-04T02:00:18Z,grain exports,"The U.S. often gets heat for being one of the few countries in the world that does not rely on the metric system for everyday use. According to one history buff on TikTok, however, there is one group of people Americans can blame for that: British pirates. In…",BroBible,USA,Market Report,2026-08-10T07:44:58.175483Z
df84b2bea8499f823cfe7841376816d7,"Wheat, Soybean, and Corn Prices Fall to Start a New Month. What to Watch Next.",https://www.barchart.com/story/news/3618567/wheat-soybean-and-corn-prices-fall-to-start-a-new-month-what-to-watch-next,Jim Wyckoff,2026-08-03T19:00:02Z,grain exports,"It’s very likely going to take a U.S. soybean crop weather market scare in August to reignite bullish enthusiasm in soybeans, which then could spill over int...",Barchart.com,Unknown,Market Report,2026-08-10T07:44:58.175520Z
09232e1eea1b4d6581f0ff25af3cccce,The Iran war already has a winner: The world’s largest shipbroker notching record earnings from the ‘exceptional volatility’ in the Strait of Hormuz,https://fortune.com/2026/08/03/the-iran-war-already-has-a-winner-the-worlds-largest-shipbroker-notching-record-earnings-from-the-exceptional-volatility-in-the-strait-of-hormuz/,Sasha Rogelberg,2026-08-03T18:36:53Z,grain exports,"Geopolitical chaos “actually increases the importance of such firms because people are getting a bit more desperate,” one maritime trade expert told Fortune.",Fortune,Unknown,News,2026-08-10T07:44:58.175572Z
a8e1562d8d1339760bd377445c88079a,The Iran war already has a winner: The world’s largest shipbroker notching record earnings from the ‘exceptional volatility’ in the Strait of Hormuz,https://finance.yahoo.com/markets/commodities/articles/iran-war-already-winner-world-183653864.html,Sasha Rogelberg,2026-08-03T18:36:53Z,grain exports,"Geopolitical chaos “actually increases the importance of such firms because people are getting a bit more desperate,” one maritime trade expert told Fortune.",Yahoo Entertainment,Unknown,News,2026-08-10T07:44:58.175606Z
6b04518b4349417f2749512127eaf5aa,"Putin's hell as Ukraine unleashes its most intense bombardment of the war, igniting fires across Russia and destroying drone factory",https://www.dailymail.com/news/article-16024243/Putins-hell-Ukraine-unleashes-intense-bombardment-war-igniting-fires-Russia-destroying-drone-factory.html,Perkin Amalaraj,2026-08-03T09:34:12Z,grain exports,"Ukraine has unleashed what is believed to be its most intense bombing campaign of the war, setting fires across Russia and blowing up a drone factory last night.",Dailymail.com,Russia,News,2026-08-10T07:44:58.175631Z
41fbc9bcb9d5b7c2322016ca15e69643,"Russian Forces Strike Fuel Tanks and Tugboat in Ukrainian Ports, Defense Ministry Says",https://www.naturalnews.com/2026-08-03-russian-forces-strike-fuel-tanks-tugboat-ukrainian-ports.html,Garrison Vance,2026-08-03T06:00:00Z,grain exports,"The Russian armed forces struck fuel storage facilities used to supply the Ukrainian military at the port of Odessa and a tugboat converted for uncrewed surface vessels at the port of Nikolaev, the Russian Defense Ministry said Saturday. [1] The ministry said…",Naturalnews.com,Russia,News,2026-08-10T07:44:58.175708Z
c0a8e5d5595465980e22c3f9a8c3b465,Soybeans Extending Bounce Early on Friday,https://www.barchart.com/story/news/3717436/soybeans-extending-bounce-early-on-friday,Austin Schroeder,2026-08-07T12:13:28Z,soybean exports,"Soybeans are trading with fractional to 2 cent gains early on Friday. Futures firmed late on Thursday, with contracts closing near the highs and 6 to 9 cents...",Barchart.com,Unknown,Market Report,2026-08-10T07:44:58.521227Z
085349c28d69626cfb83f0e7bc9eb7ac,"Soybeans Turn Higher into Thursday’s Close, Spurred by Chinese Rumors",https://www.barchart.com/story/news/3706134/soybeans-turn-higher-into-thursdays-close-spurred-by-chinese-rumors,Austin Schroeder,2026-08-06T22:04:23Z,soybean exports,"Soybeans firmed late on Thursday, with contracts closing near the highs and 6 to 9 cents off the lows to post 1 to 5 ¾ cent gains in the front months. The cm...",Barchart.com,China,News,2026-08-10T07:44:58.521453Z
e1f7146883b4c0f856131aa5cca4e932,"China books US soybean cargoes to fulfill trade pledge, but Brazil looms large",https://cryptobriefing.com/china-us-soybean-trade-pledge/,Editorial Team,2026-08-06T15:20:43Z,soybean exports,"China's shift to Brazilian soybeans post-truce highlights market volatility and price sensitivity, impacting US agricultural export stability.
The post China books US soybean cargoes to fulfill trade pledge, but Brazil looms large appeared first on Crypto Bri…",Crypto Briefing,China,Market Report,2026-08-10T07:44:58.521473Z
bd159fdab2cba8a240b623af759cf65a,"No concessions, commitments on ethanol import for fuel blending from US in trade talks",https://economictimes.indiatimes.com/industry/energy/oil-gas/india-rejects-us-ethanol-import-claims-amid-trade-talks-sticking-to-domestic-sourcing/articleshow/133008939.cms,Kirtika Suneja,2026-08-06T14:51:57Z,soybean exports,India has dismissed claims regarding United States ethanol imports for fuel blending.  All ethanol procurement for the blending program is sourced domestically by India.  No concessions or commitments were made to the US for ethanol imports.  Reports suggesti…,The Times of India,India,Market Report,2026-08-10T07:44:58.521501Z
dd98a905b286e89b0c657edbea7e51a6,Itafos Reports Q2 2026 Financial Results and Operational Highlights,https://www.globenewswire.com/news-release/2026/08/05/3339830/0/en/Itafos-Reports-Q2-2026-Financial-Results-and-Operational-Highlights.html,Itafos,2026-08-05T21:10:00Z,soybean exports,"HOUSTON, Aug. 05, 2026 (GLOBE NEWSWIRE) -- Itafos Inc. (TSX-V: IFOS) (OTCQX: ITFS) (the “Company”) today reported its Q2 2026 financial results and provided a corporate update. The Company’s financial statements and management’s discussion and analysis for th…",GlobeNewswire,Unknown,Analysis/Opinion,2026-08-10T07:44:58.521545Z
d578cbbb934cde08ffa2137bad825876,Soybeans Losses Pushing to Wednesday AM Trade,https://www.barchart.com/story/news/3662686/soybeans-losses-pushing-to-wednesday-am-trade,Austin Schroeder,2026-08-05T12:37:26Z,soybean exports,"Soybeans are trading with Wednesday AM losses of 6 to 7 ½ cents. Futures were pressured by weaker products, crude and a wetter forecast on Tuesday, with cont...",Barchart.com,Unknown,Analysis/Opinion,2026-08-10T07:44:58.521578Z
20dc162ad94df5552df7103d94600640,Soybeans Face Pressure on Tuesday with Wetter Forecast,https://www.barchart.com/story/news/3649448/soybeans-face-pressure-on-tuesday-with-wetter-forecast,Austin Schroeder,2026-08-04T22:09:45Z,soybean exports,"Soybeans were pressured by weaker products, crude and a wetter forecast on Tuesday, with contracts steady in some deferreds to down 15 cents in the nearbys....",Barchart.com,Unknown,Analysis/Opinion,2026-08-10T07:44:58.521609Z
346ec2bf99a483f3a795c289d541d3db,Soybeans Falling Back Lower on Tuesday,https://www.barchart.com/story/news/3642333/soybeans-falling-back-lower-on-tuesday,Austin Schroeder,2026-08-04T17:21:05Z,soybean exports,"Soybeans are falling 18 to 20 cents across the board on Tuesday, pressured by weaker products, crude and a wetter forecast. The cmdtyView national average Ca...",Barchart.com,Unknown,Analysis/Opinion,2026-08-10T07:44:58.521674Z
49f29d56055fad5067d0f94381de59b9,"After 3 months of decline, farmer sentiment rebounds in July",https://www.prnewswire.com/news-releases/after-3-months-of-decline-farmer-sentiment-rebounds-in-july-302841163.html,,2026-08-04T13:30:00Z,soybean exports,"WEST LAFAYETTE, Ind., Aug. 4, 2026 /PRNewswire/ -- After three consecutive months of decline, farmer sentiment rebounded as the Purdue University/CME Group Ag Economy Barometer reported an increase of 13 points in July to 126. The Current Conditions Index inc…",PRNewswire,Unknown,Market Report,2026-08-10T07:44:58.521720Z
e0c7b6eae4915fbc3976ee9b57a9d5c4,Soybeans Falling on Tuesday Morning,https://www.barchart.com/story/news/3634567/soybeans-falling-on-tuesday-morning,Austin Schroeder,2026-08-04T12:28:24Z,soybean exports,"Soybeans are trading with early weakness on Tuesday, with contracts down 7 to 10 cents. Futures were busy firming into the Monday close, as contracts settled...",Barchart.com,Unknown,Market Report,2026-08-10T07:44:58.521761Z
d269023eb71b44681e5c2fc2a381c72d,War With Iran: A Double-Edged Sword for the US Economy and Agriculture,https://original.antiwar.com/greg_pence/2026/08/03/war-with-iran-a-double-edged-sword-for-the-us-economy-and-agriculture/,Greg Pence,2026-08-04T00:00:37Z,soybean exports,"The sharp swings in oil prices following the latest round of attacks and negotiations over safe passage through the Strait of Hormuz demonstrate that wars do not always reveal themselves first on the battlefield. Sometimes, their earliest signs appear on gas-…",Antiwar.com,Unknown,Market Report,2026-08-10T07:44:58.521835Z
efffd9d430503376341d545412eeca64,Soybeans Push Higher into Monday’s Close,https://www.barchart.com/story/news/3622056/soybeans-push-higher-into-mondays-close,Austin Schroeder,2026-08-03T21:59:00Z,soybean exports,"Soybeans were busy firming into the close, as contracts settled 3 to 7 ½ cents higher, with nearby August down 3 ¼ cents. The cmdtyView national average Cash...",Barchart.com,Unknown,Analysis/Opinion,2026-08-10T07:44:58.521869Z
c7292767f1a26a4d7b4ad266429c0e35,Soybeans On the Higher Side at Midday,https://www.barchart.com/story/news/3617360/soybeans-on-the-higher-side-at-midday,Austin Schroeder,2026-08-03T17:23:43Z,soybean exports,"Soybeans are posting 1 to 5 1/4 cents gains across the front months on Monday, as products push higher. The cmdtyView national average Cash Bean price is up...",Barchart.com,Unknown,Analysis/Opinion,2026-08-10T07:44:58.521935Z
668fd5d49c5d6cb5cc3735b8c6d773a2,Manufacturing PMI® at 55.6%; July 2026 ISM® Manufacturing PMI® Report,https://www.prnewswire.com/news-releases/manufacturing-pmi-at-55-6-july-2026-ism-manufacturing-pmi-report-302840669.html,,2026-08-03T14:00:00Z,soybean exports,"New Orders Growing; Production Growing; Employment Growing; Supplier Deliveries Slowing; Raw Materials Inventories Growing; Customers' Inventories Too Low; Prices Increasing; Imports Growing; Exports Growing TEMPE, Ariz., Aug. 3, 2026 /PRNewswire/ -- Economic…",PRNewswire,Unknown,Market Report,2026-08-10T07:44:58.521984Z
52d88aa51c7ed0f3bf2b73cbc4738120,Food prices edged up in July amid heatwaves and energy price hikes,https://news.un.org/en/story/2026/08/1168096,dpicampaigns,2026-08-07T12:00:00Z,wheat exports,"The cost of key foods edged up last month as searing heatwaves and ongoing geopolitical uncertainty impacted energy prices around the world. Read Full Story on UN News
The post Food prices edged up in July amid heatwaves and energy price hikes appeared first …",UN News,Unknown,Market Report,2026-08-10T07:44:59.013213Z
c1e6ea7008ca6d1eec9aaf6f22e52605,Wheat Back to Falling Lower on Thursday,https://www.barchart.com/story/news/3698586/wheat-back-to-falling-lower-on-thursday,Austin Schroeder,2026-08-06T17:05:38Z,wheat exports,The wheat complex is lower across the three markets so far on Thursday. Chicago SRW contracts are down 13 to 14 cents in the front months KC HRW futures are...,Barchart.com,Unknown,Market Report,2026-08-10T07:44:59.013245Z
47b328f5041d2d9cd3ec3a0a2e534b4b,‘There is no money’: Is Iraq entering a phase of lean years?,https://www.aljazeera.com/news/2026/8/6/there-is-no-money-is-iraq-entering-a-phase-of-lean-years,Al Jazeera,2026-08-06T13:19:37Z,wheat exports,Iraqi government needs approximately $8.24bn a month to pay state salaries and cover basic obligations.,Al Jazeera English,Unknown,News,2026-08-10T07:44:59.013301Z
66d666a029c63a3b418643ab5e9d0d60,Drought and the war in Ukraine changed what families in Kenya could afford to eat – research tracked food and cooking gas use,https://theconversation.com/drought-and-the-war-in-ukraine-changed-what-families-in-kenya-could-afford-to-eat-research-tracked-food-and-cooking-gas-use-287424,"Matthew Shupler, Postdoctoral Research Associate in Environmental Public Health, Harvard University",2026-08-05T13:48:25Z,wheat exports,A study of 701 households in Nairobi found that rising food and fuel prices after Russia’s invasion of Ukraine forced many families to eat and cook less.,The Conversation Africa,Russia,Market Report,2026-08-10T07:44:59.013532Z
23fe71205391180af9d2144330a4a500,Wheat Posting a Wednesday Morning Rebound,https://www.barchart.com/story/news/3662696/wheat-posting-a-wednesday-morning-rebound,Austin Schroeder,2026-08-05T12:37:26Z,wheat exports,"Wheat is trading with gains across the complex. The wheat complex was under pressure on Tuesday, with the three markets falling lower. Chicago SRW contracts...",Barchart.com,Unknown,Market Report,2026-08-10T07:44:59.013591Z
6225f63a802f0b41984935ce46a46ca4,"World faces fresh food price surge, FAO warns",https://economictimes.indiatimes.com/news/international/business/world-faces-fresh-food-price-surge-fao-warns/articleshow/132917456.cms,Reuters,2026-08-05T10:44:21Z,wheat exports,Global food prices may rise by year-end and next year. Wars in Iran and Ukraine impact agricultural inputs and exports. Extreme weather events like El Nino are also reducing crop yields. This combination of factors will likely increase consumer food costs glo…,The Times of India,Ukraine,Market Report,2026-08-10T07:44:59.013617Z
02f49f87572fc119c294c40b72eec22e,"If Iran War lasts into 2027, Europe could suffer Cold, Hungry Winter",https://www.juancole.com/2026/08/europe-suffer-hungry.html,Juan Cole,2026-08-09T04:15:50Z,fertilizer exports,"Europe does not have its usual stock piles of diesel and fossil gas by this time of year, late summer, according to Goldman Sachs analyst",Juancole.com,Unknown,News,2026-08-10T07:44:59.495764Z
819159c1e77a4e5dfe92731ac375958b,Mosaic Q2 Earnings Call Highlights,https://www.marketbeat.com/instant-alerts/mosaic-q2-earnings-call-highlights-2026-08-08/?utm_source=yahoofinance&amp;utm_medium=yahoofinance,MarketBeat,2026-08-08T19:03:47Z,fertilizer exports,"Mosaic (NYSE:MOS) said it is managing production, costs and liquidity through what Chief Executive Officer Bruce Bodine described as a difficult phosphate ma...",MarketBeat,Unknown,News,2026-08-10T07:44:59.495813Z
05e206ba3d6de6ed848561f8fe7c848b,Should EU–Pakistan Trade Be Based on Conditionality?,https://www.fairobserver.com/region/central_south_asia/should-eu-pakistan-trade-be-based-on-conditionality/,Farwa Imtiaz,2026-08-08T13:13:09Z,fertilizer exports,"On June 1, EU representative Kaja Kallas made two statements in Islamabad during the EU–Pakistan Strategic Dialogue’s Joint Press Communiqué. First, she acknowledged Pakistan as the primary mediator in the current US–Iran conflict. Second, she reminded the ro…",Fair Observer,Unknown,News,2026-08-10T07:44:59.496086Z
c2a930fba4e591741f8ef504cd118b7d,Anand says women are key in the pursuit of shared economic growth with African countries,https://www.nationalobserver.com/2026/08/07/news/anand-says-women-are-key-pursuit-shared-economic-growth-african-countries,Dylan Robertson,2026-08-07T10:57:46Z,fertilizer exports,"Foreign Affairs Minister Anita Anand says Canada is pushing for more airline connections, trade and security projects with African nations, including through boosting the role of women on the continent to foster economic growth.",National Observer,Unknown,News,2026-08-10T07:44:59.496133Z
c3c620dbdafc973c4a4d5fee0c00d8c3,Links 8/7/2026,https://www.nakedcapitalism.com/2026/08/links-8-7-2026.html,Conor Gallagher,2026-08-07T10:55:36Z,fertilizer exports,"Our daily links, including AI viruses, Islamic NATO, Democrats attack the Left, desperation in Ukraine, Yen intervention sputters, and President Vance?",Nakedcapitalism.com,Ukraine,Market Report,2026-08-10T07:44:59.496153Z
38a930c3a354ccf345fc00c104890f7b,"India, Brazil must join hands to defend multilateralism amid tariffs: Brazilian Trade Minister Márcio Fernando Elias Rosa",https://economictimes.indiatimes.com/news/economy/foreign-trade/brazils-trade-minister-advocates-for-multilateralism-and-stronger-india-brazil-ties-amid-us-tariff-challenges/articleshow/133008395.cms,Dipanjan Roy Chaudhury,2026-08-06T14:27:56Z,fertilizer exports,"Brazil's Industry Minister urged India to jointly defend multilateralism and the WTO.  He highlighted the need to counter unilateral tariff impositions by the United States.  Brazil seeks to diversify export markets, with India being a key priority.  Brazilia…",The Times of India,Brazil,Market Report,2026-08-10T07:44:59.496181Z
8c3066fbf4b680178fa288d36e60770d,"EIR Still Sees Oil at $100 in H2, 2027",https://www.rigzone.com/news/eir_still_sees_oil_at_100_in_h2_2027-05-aug-2026-184298-article/,Andreas Exarheas,2026-08-05T10:00:33Z,fertilizer exports,"'EIR finds that global oil markets remain structurally tight despite recent price volatility', the company said.",Rigzone,Global,Market Report,2026-08-10T07:44:59.496365Z
d5af74c5fd1cd79419d894cd80cab7f1,"Health Ranger Report: The Collapse Is Already Here and Americans Are Unaware Of It, Bracken Warns",https://www.activistpost.com/health-ranger-report-the-collapse-is-already-here-and-americans-are-unaware-of-it-bracken-warns/,Editor,2026-08-05T10:00:00Z,fertilizer exports,Former Navy officer Matt Bracken has warned that the U.S. could face an abrupt societal collapse – triggered by coordinated attacks on global energy chokepoints – during a recent appearance on the “Health Ranger Report” with the Health Ranger Mike Adams and M…,Activistpost.com,USA,Market Report,2026-08-10T07:44:59.496393Z
bb4be40dd300ccd360fae82616638033,Oil prices move higher after Yemen's Iran-backed Houthis claim Saudi tanker strike,https://www.cnbc.com/2026/08/05/oil-prices-iran-war-houthis-saudi-tanker.html,Hugh Leask,2026-08-05T09:53:06Z,fertilizer exports,Crude prices rose Wednesday after Yemen's Houthis claimed they had struck a Saudi Arabian oil tanker in the Red Sea.,CNBC,Unknown,Market Report,2026-08-10T07:44:59.496423Z
8b84a2c70069b0a3ecad86c27759744f,Gallium: Why the US Cannot Produce Precision Missiles and Fully-Functional F-35s,https://sonar21.com/the-galling-gallium-chokehold-why-the-us-cannot-produce-precision-missiles-and-fully-functional-f-35s/,SanjayMehta,2026-08-05T00:54:18Z,fertilizer exports,"Article URL: https://sonar21.com/the-galling-gallium-chokehold-why-the-us-cannot-produce-precision-missiles-and-fully-functional-f-35s/
Comments URL: https://news.ycombinator.com/item?id=49177301
Points: 10
# Comments: 0",Sonar21.com,Unknown,Analysis/Opinion,2026-08-10T07:44:59.496456Z
531c54d2a417b7ccf34440511968ddbe,What’s Behind Indonesia’s Anti-Corruption Crusade?,http://foreignpolicy.com/2026/08/04/indonesia-corruption-nadiem-makari-investigation-jokowi-prabowo/,Michael Neilson,2026-08-04T14:07:20Z,fertilizer exports,A high-profile case is raising doubts about President Prabowo Subianto’s motivations.,Foreign Policy,Indonesia,News,2026-08-10T07:44:59.496490Z
c9d34bba86caf94677473faee335b2c8,"Strait of Hormuz disruption hits energy, fertilizer and industrial trade",https://www.globalsecurity.org/wmd/library/news/iran/2026/08/iran-260804-unnews01.htm,John Pike,2026-08-04T12:00:00Z,fertilizer exports,"Disruption in the Strait of Hormuz has exposed the vulnerability of global trade to a single maritime chokepoint, with early data showing sharp falls in exports of energy, fertilizers and industrial products.",Globalsecurity.org,Global,News,2026-08-10T07:44:59.496531Z
0257bae6d6fe887a7271a3e425c1ad82,Biotech International Limited Reports Strong FY2025 Performance,https://www.thehindubusinessline.com/brandhub/pr-release/biotech-international-limited-reports-strong-fy2025-performance/article71300181.ece,,2026-08-03T13:40:27Z,fertilizer exports,"The New Delhi-based company manufacturing and marketing biological products for agriculture and public health reported revenue in the range of INR 100–150 crore for the financial year ended March 31, 2025!",BusinessLine,Global,Market Report,2026-08-10T07:44:59.496653Z
e0c7bdabb8766cf306cbd23a36e8e3da,The Gulf’s Escalation: From Regional War to Systemic Crisis,https://www.juancole.com/2026/08/escalation-regional-systemic.html,Dan Steinbock,2026-08-03T04:15:37Z,fertilizer exports,"Thanks to US/Israeli wars, the Gulf region and the Middle East  are no longer experiencing isolated crises but an interconnected conflict system.",Juancole.com,Unknown,News,2026-08-10T07:44:59.496693Z
112fb8c07aac7009bda33953e8fb8a60,Vietnam Trade Deficit Reaches $3.59 Billion as Imports Surge,https://financialpost.com/pmn/business-pmn/vietnam-trade-deficit-reaches-3-59-billion-as-imports-surge,Bloomberg News,2026-08-03T02:50:21Z,fertilizer exports,"Vietnam posted an eighth straight monthly trade deficit in July as factories continue to ramp up capacity, even as the export-reliant economy comes under renewed pressure from US tariffs.",Financial Post,Unknown,Market Report,2026-08-10T07:44:59.496727Z
0b560fd35a1aa898194577aa1f787ed3,"Mining project near India's first marine sanctuary, national park in Gujarat gets nod",https://economictimes.indiatimes.com/industry/indl-goods/svs/metals-mining/mining-project-near-indias-first-marine-sanctuary-national-park-in-gujarat-gets-nod/articleshow/133055919.cms,PTI,2026-08-08T16:46:52Z,bauxite,"A bauxite and marl mining initiative has secured essential clearance close to Gujarat's important marine conservation zones. Nestled several kilometers away from the country's inaugural marine wildlife sanctuary, the project is situated near diverse coral ree…",The Times of India,India,News,2026-08-10T07:44:59.789730Z
7cec55c6420b7c2d1409d549694058e9,"Five decades in the making, a Garma announcement has an eye to the future",https://www.abc.net.au/news/2026-08-08/dilak-land-council-land-rights-nt-history-garma-festival/107003652,Matt Garrick,2026-08-07T22:35:08Z,bauxite,"Half a century after Aboriginal land rights in the Northern Territory were written into law, a Garma Festival announcement could usher in a next chapter. But what would it look like?",ABC News (AU),Unknown,News,2026-08-10T07:44:59.789916Z
6608915a83ef301805093d70720fb5bd,"Hindalco beats Q1 estimates, remains cautious on bauxite auctions",https://www.livemint.com/companies/company-results/hindalco-q1fy27-results-bauxite-mine-bidding-satish-pai-profit-11786106131404.html,Dipali Banka,2026-08-07T14:20:31Z,bauxite,"The Aditya Birla Group metal flagship reported an almost 75% year-on-year jump in the June-quarter net profit attributable to owners at  ₹7,013 crore.",Livemint,Unknown,Market Report,2026-08-10T07:44:59.789956Z
16a7d8becb6247dc2c0fd724e715d8ac,Century Aluminum Company Q2 2026 Earnings Call Summary,https://app.moby.co/home/research/tools/earningsCalendar/earnings-century-aluminum-company-q2-2026-earnings-call-summary?utm_source=yahoo_finance&amp;utm_medium=rss,Moby Intelligence,2026-08-07T03:25:10Z,bauxite,Moby summary of Century Aluminum Company's Q2 2026 earnings call,Moby.co,Unknown,News,2026-08-10T07:44:59.790103Z
027b21b4f82b30e00d06c87df058f614,"Glycolic Acid Market Size to Skyrocket USD 818.89 Million by 2035, Growing at 8.06% CAGR | SNS Insider",https://www.globenewswire.com/news-release/2026/08/06/3340056/0/en/Glycolic-Acid-Market-Size-to-Skyrocket-USD-818-89-Million-by-2035-Growing-at-8-06-CAGR-SNS-Insider.html,SNS Insider pvt ltd,2026-08-06T10:46:00Z,bauxite,"U.S. Market to Reach USD 180.61 Million, Europe USD 228.65 Million by 2035 as Premium Skincare Adoption Accelerates U.S. Market to Reach USD 180.61 Million, Europe USD 228.65 Million by 2035 as Premium Skincare Adoption Accelerates",GlobeNewswire,Unknown,Market Report,2026-08-10T07:44:59.790190Z
9ec2cb80d12ec163bd874889513f341d,METLEN - FINANCIAL RESULTS H1 2026,https://www.prnewswire.com/news-releases/metlen---financial-results-h1-2026-302844812.html,,2026-08-06T08:50:00Z,bauxite,"METLEN Delivers Record H1 Performance across all key Financial metrics (incl. Revenues, EBITDA, Net Income, as well as Operating cash flow). ATHENS and LONDON, Aug. 6, 2026 /PRNewswire/ -- METLEN Energy & Metals PLC (LSE: MTLN) (RIC: MTLN.L) (Bloomberg: MTLN.…",PRNewswire,UK,News,2026-08-10T07:44:59.790238Z
a6670b8caa449f71ab1b7330a7816a38,PANGAEA LOGISTICS SOLUTIONS ANNOUNCES SECOND QUARTER 2026 CONFERENCE CALL DATE,https://www.prnewswire.com/news-releases/pangaea-logistics-solutions-announces-second-quarter-2026-conference-call-date-302841599.html,,2026-08-03T20:30:00Z,bauxite,"NEWPORT, R.I., Aug. 3, 2026 /PRNewswire/ -- Pangaea Logistics Solutions (Nasdaq: PANL, or ""the Company""), a global provider of comprehensive maritime logistics solutions, today announced that it will issue second quarter 2026 results after the market closes o…",PRNewswire,Global,Market Report,2026-08-10T07:44:59.790338Z
12f2cf84fc24c2b0265f65a64b11a496,DEN urges fairer downstream benefits for regions,https://en.antaranews.com/news/426037/den-urges-fairer-downstream-benefits-for-regions,"Bayu, Kenzu",2026-08-07T10:25:47Z,nickel ore,Chairman of the National Economic Council (DEN) Luhut Binsar Pandjaitan said the benefits of the downstream policy must be felt more fairly by producing ...,Antaranews.com,Unknown,News,2026-08-10T07:45:00.117213Z
328d1542c1819195767c7dbbdff2f378,Maritana drills freshnew gold target 400m metres from WA processing hub,https://thewest.com.au/business/bulls-n-bears/maritana-drills-freshnew-gold-target-400m-metres-from-wa-processing-hub-c-22692307,Murray Ward,2026-08-07T07:53:29Z,nickel ore,"Maritana Minerals has kicked off a 4000m drill campaign at its Wilsons gold prospect, just 400m from its fully funded Black Swan processing hub being built near Kalgoorlie.",The West Australian,Unknown,News,2026-08-10T07:45:00.117252Z
de6d92ce3ea3d85cbe7a7edbdd21a20d,"Wheaton Precious Metals Announces Second Quarter 2026 Results and Record Year-to-Date Production, Revenue, Earnings and Cash Flow",https://www.prnewswire.com/news-releases/wheaton-precious-metals-announces-second-quarter-2026-results-and-record-year-to-date-production-revenue-earnings-and-cash-flow-302845435.html,,2026-08-06T21:00:00Z,nickel ore,"SECOND QUARTER FINANCIAL RESULTS VANCOUVER, BC, Aug. 6, 2026 /PRNewswire/ -- ""Wheaton delivered another strong quarter, with solid production across the portfolio driving record year-to-date production, sales volumes, revenue, earnings and cash flow,"" said Ha…",PRNewswire,Unknown,News,2026-08-10T07:45:00.117507Z
be3cf87760bac3997fc43fe586d1e9d4,"Congo bans copper and cobalt concentrate exports, pushing for domestic processing",https://cryptobriefing.com/congo-bans-copper-cobalt-concentrate-exports/,Editorial Team,2026-08-06T14:56:46Z,nickel ore,"The DRC's export ban may drive global investment in local processing, impacting metal prices and supply chains in tech and energy sectors.
The post Congo bans copper and cobalt concentrate exports, pushing for domestic processing appeared first on Crypto Brie…",Crypto Briefing,Global,Market Report,2026-08-10T07:45:00.117572Z
baf0d9074874dddd17010a8ba705d01f,"DRC bans copper and cobalt exports, and crypto miners should be paying attention",https://cryptobriefing.com/drc-bans-copper-cobalt-exports/,Editorial Team,2026-08-06T10:51:57Z,nickel ore,"The DRC's export ban could reshape global supply chains, prompting industries to reassess sourcing strategies and invest in local processing.
The post DRC bans copper and cobalt exports, and crypto miners should be paying attention appeared first on Crypto Br…",Crypto Briefing,Global,News,2026-08-10T07:45:00.117626Z
ae1ab622d9579987603ed1e7a188f21a,Europe has the missing piece of the critical minerals puzzle that Canada needs,https://financialpost.com/commodities/mining/europe-has-missing-critical-minerals-canada-needs,Special to Financial Post,2026-08-05T16:44:08Z,nickel ore,"Mirco Wojnarowicz: Canada has the resources, but Germany has the policy architecture needed to develop a midstream processing industry",Financial Post,Germany,News,2026-08-10T07:45:00.117685Z
ea4a73995e629e1b01b9ceb1a3497012,US-Backed Group Favored as Investor in Tanzania Nickel Project,https://financialpost.com/pmn/business-pmn/us-backed-group-favored-as-investor-in-tanzania-nickel-project,Bloomberg News,2026-08-05T08:36:23Z,nickel ore,"A US government-backed consortium has been picked as the favored candidate to invest in a large nickel project in Tanzania, as the Trump administration looks to fund new supplies of key metals.",Financial Post,Unknown,News,2026-08-10T07:45:00.117724Z
23facc07f4ee37871a75c12920fd660d,OR Royalties Q2 Earnings Call Highlights,https://www.marketbeat.com/instant-alerts/or-royalties-q2-earnings-call-highlights-2026-08-08/?utm_source=yahoofinance&amp;utm_medium=yahoofinance,MarketBeat,2026-08-08T23:03:49Z,copper concentrate,"OR Royalties (NYSE:OR) reported second-quarter revenue of $97.8 million and operating cash flow of $83.2 million, with both measures rising 62% from a year e...",MarketBeat,Unknown,Market Report,2026-08-10T07:45:00.617922Z
b07afffbb7af5730fd86cba0ea02229c,Nexa Resources Q2 Earnings Call Highlights,https://www.marketbeat.com/instant-alerts/nexa-resources-q2-earnings-call-highlights-2026-08-08/?utm_source=yahoofinance&amp;utm_medium=yahoofinance,MarketBeat,2026-08-08T20:03:55Z,copper concentrate,"Nexa Resources (NYSE:NEXA) reported second-quarter 2026 adjusted EBITDA of $286 million, up 78% from a year earlier, as higher metal prices, a recovery in Pe...",MarketBeat,Unknown,Market Report,2026-08-10T07:45:00.617968Z
905efcbb1e4166d6a8134c6305be3954,Could Copper’s Tariff-Driven Rally Be Running Out of Steam?,https://investorshub.advfn.com/market-news/article/33783/could-coppers-tariff-driven-rally-be-running-out-of-steam,Fiona Craig,2026-08-08T13:30:00Z,copper concentrate,Copper prices have surged to near-record levels as markets continue to price in the possibility of new U. S.,Advfn.com,Unknown,Market Report,2026-08-10T07:45:00.618009Z
723e314779fbfbc9358b66ac43bd71f0,Ero Copper Q2 Earnings Call Highlights,https://www.marketbeat.com/instant-alerts/ero-copper-q2-earnings-call-highlights-2026-08-08/?utm_source=yahoofinance&amp;utm_medium=yahoofinance,MarketBeat,2026-08-08T07:03:59Z,copper concentrate,"Ero Copper (NYSE:ERO) reported stronger second-quarter operating and financial performance, supported by higher gold sales, solid copper output and commodity...",MarketBeat,Unknown,Market Report,2026-08-10T07:45:00.618042Z
3cc6b8af9688d357087e4abb71aebaca,Copper stockpiles shrink as US and China compete for metal,https://cryptobriefing.com/copper-stockpiles-shrink-us-china-compete/,Editorial Team,2026-08-07T17:30:43Z,copper concentrate,"The US-China copper tug-of-war may lead to long-term supply chain shifts, impacting global pricing and industrial strategies.
The post Copper stockpiles shrink as US and China compete for metal appeared first on Crypto Briefing.",Crypto Briefing,China,News,2026-08-10T07:45:00.618081Z
41428350c4c0738c572cf4a4b05353e6,Royal Gold Q2 Earnings Call Highlights,https://www.marketbeat.com/instant-alerts/royal-gold-q2-earnings-call-highlights-2026-08-07/?utm_source=yahoofinance&amp;utm_medium=yahoofinance,MarketBeat,2026-08-07T10:03:48Z,copper concentrate,"Royal Gold (NASDAQ:RGLD) reported sharply higher second-quarter 2026 revenue, earnings and operating cash flow, as contributions from acquisitions completed...",MarketBeat,Unknown,Market Report,2026-08-10T07:45:00.618453Z
3b60bb94d4da62096d13110581346556,"Copper Hits Record High, Analysts Cite Supply Constraints Over Growth",https://www.naturalnews.com/2026-08-07-copper-hits-record-high-analysts-cite-supply-constraints.html,Edison Reed,2026-08-07T06:00:00Z,copper concentrate,"U.S. copper futures climbed to about $6.90 a pound Thursday, a record high, before retreating to end the session, according to a CNBC report. The move extends a rally that has pushed copper prices to repeated records. In January, UBS described copper as “the …",Naturalnews.com,Unknown,Market Report,2026-08-10T07:45:00.618500Z
a6c262f02690044c803f061bfb3427a4,Imperial Reports Second Quarter 2026 Financial Results,https://www.globenewswire.com/news-release/2026/08/06/3340883/0/en/Imperial-Reports-Second-Quarter-2026-Financial-Results.html,Imperial Metals Corporation,2026-08-06T22:52:00Z,copper concentrate,"VANCOUVER, British Columbia, Aug. 06, 2026 (GLOBE NEWSWIRE) -- Imperial Metals Corporation (the “Company” or “Imperial”) (TSX:III) reports financial results for the three and six months ended June 30, 2026. Imperial’s consolidated production for the second qu…",GlobeNewswire,UK,Market Report,2026-08-10T07:45:00.618546Z
402469ca5ee3f14edc06d5fdd459c443,Is Iran Winning the Battle Over the Strait of Hormuz?,http://foreignpolicy.com/2026/08/06/us-iran-reopen-strait-hormuz-deal-tolls-oman-trump-missiles/,Alexandra Sharp,2026-08-06T21:22:55Z,copper concentrate,Any level of Iranian control would mark a major geopolitical shift in Tehran’s favor.,Foreign Policy,Unknown,News,2026-08-10T07:45:00.618579Z
0b38e25ed9882b93fac632be18f3323e,"Atico Produces 2.08 Million Pounds of Cu and 1,465 Ounces of Au in Second Quarter 2026",https://www.globenewswire.com/news-release/2026/08/06/3340850/0/en/Atico-Produces-2-08-Million-Pounds-of-Cu-and-1-465-Ounces-of-Au-in-Second-Quarter-2026.html,Atico Mining Corporation,2026-08-06T21:11:00Z,copper concentrate,"VANCOUVER, British Columbia, Aug. 06, 2026 (GLOBE NEWSWIRE) -- Atico Mining Corporation (the “Company” or “Atico”) (TSX.V: ATY | OTCIQ: ATCMF) announces its operating results for the three months ended June 30, 2026 from its El Roble mine. Production for the …",GlobeNewswire,UK,News,2026-08-10T07:45:00.618626Z
ffa1ad398c65615570d56898596fad92,Glencore reports 49% revenue rise in H1 2026,https://www.mining-technology.com/news/glencore-revenue-rise-h1-2026/,Srivani Venna,2026-08-06T14:14:59Z,copper concentrate,"Glencore reported a substantial increase in funds from operations, which were up 158% to $8.1bn (SFr6.55bn).",Mining Technology,Unknown,Market Report,2026-08-10T07:45:00.618777Z
4dc1b3edc8312abeef6e8652d44517c5,DR Congo limits mineral exports as US pushes for greater access,https://www.rt.com/africa/643944-dr-congo-limits-mineral-exports-us-pushes-greater-access/,RT,2026-08-06T14:02:57Z,copper concentrate,DR Congo has halted copper and cobalt concentrate exports to boost local processing amid growing US interest in the country’s mineral sector Read Full Article at RT.com,RT,Unknown,News,2026-08-10T07:45:00.618821Z
d683be5c3f9631cecd10106c104cca48,"DENARIUS METALS ANNOUNCES PRIVATE PLACEMENT AND STRATEGIC INVESTMENT IN COPPER GIANT RESOURCES, GAINING EXPOSURE TO ITS WORLD CLASS MOCOA COPPER-MOLYBDENUM PROJECT IN SOUTHERN COLOMBIA",https://www.prnewswire.com/news-releases/denarius-metals-announces-private-placement-and-strategic-investment-in-copper-giant-resources-gaining-exposure-to-its-world-class-mocoa-copper-molybdenum-project-in-southern-colombia-302844387.html,,2026-08-06T11:00:00Z,copper concentrate,"TORONTO, Aug. 6, 2026 /PRNewswire/ -- Denarius Metals Corp. (Cboe CA: DMET) (OTCQX: DNRSF) (""Denarius Metals"" or the ""Company"") announced today that it has entered into a binding term sheet with Copper Giant Resources Corp. (""Copper Giant"") (TSXV: CGNT) (OTCQ…",PRNewswire,Unknown,News,2026-08-10T07:45:00.618880Z
b122873af7a70bc2ee23b95a2cc7f91e,Northisle Announces Significant Increase to North Island Resource Estimate,https://financialpost.com/pmn/business-wire-news-releases-pmn/northisle-announces-significant-increase-to-north-island-resource-estimate,Business Wire,2026-08-06T10:58:11Z,copper concentrate,"Contained Metal in Indicated Resources Increased to 10.1 billion lbs Cu Eq. or 16.2 million oz Au Eq. All dollar figures are C$ unless otherwise stated Highlights: Increased Indicated Resources by 330 million tonnes (+36%), adding 685 million lbs Cu (+22%) an…",Financial Post,Unknown,News,2026-08-10T07:45:00.618929Z
d5236cd6af61dca7944df758054c14da,"McEwen Q2 Results: Net Income of $9.6M ($0.16 per Share), Compared with $3.0M ($0.06 per Share) in Q2 2025; Exploration Results Driving Resource Growth Across All Sites; New Stock Mine in Timmins Nearing Production, with Mine Life Extended",https://www.globenewswire.com/news-release/2026/08/06/3339903/37420/en/McEwen-Q2-Results-Net-Income-of-9-6M-0-16-per-Share-Compared-with-3-0M-0-06-per-Share-in-Q2-2025-Exploration-Results-Driving-Resource-Growth-Across-All-Sites-New-Stock-Mine-in-Timm.html,McEwen Inc.,2026-08-06T03:48:00Z,copper concentrate,"(See Glossary for Defined Terms)  TORONTO, Aug.  05, 2026  (GLOBE NEWSWIRE) -- McEwen Inc. (NYSE/TSX: MUX) (“McEwen” or the “Company”) today announced its...",GlobeNewswire,Unknown,News,2026-08-10T07:45:00.619038Z
569f86bf8454310df0c286c14734effa,Trekor Announces $125 Million of Adjusted EBITDA in Second Quarter,https://financialpost.com/globe-newswire/trekor-announces-125-million-of-adjusted-ebitda-in-second-quarter,GlobeNewswire,2026-08-05T22:40:21Z,copper concentrate,"VANCOUVER, British Columbia, Aug. 05, 2026 (GLOBE NEWSWIRE) — Trekor Metals Limited (TSX: TKO; NYSE American: TGB; LSE: TKO) (“Trekor” or the “Company”) reports second quarter 2026 Adjusted EBITDA* of $125 million. Earnings from mining operations before deple…",Financial Post,USA,Market Report,2026-08-10T07:45:00.619076Z
57e26719d161547849ec9c86bbac0dcb,Trekor Announces $125 Million of Adjusted EBITDA in Second Quarter,https://www.globenewswire.com/news-release/2026/08/05/3339859/0/en/Trekor-Announces-125-Million-of-Adjusted-EBITDA-in-Second-Quarter.html,Trekor Metals Limited,2026-08-05T22:37:00Z,copper concentrate,"VANCOUVER, British Columbia, Aug. 05, 2026 (GLOBE NEWSWIRE) -- Trekor Metals Limited (TSX: TKO; NYSE American: TGB; LSE: TKO) (""Trekor"" or the ""Company"") reports second quarter 2026 Adjusted EBITDA* of $125 million. Earnings from mining operations before depl…",GlobeNewswire,USA,Market Report,2026-08-10T07:45:00.619098Z
08c3d288636158df382f5e53a9697542,Ero Copper Reports Second Quarter 2026 Operating and Financial Results,https://financialpost.com/globe-newswire/ero-copper-reports-second-quarter-2026-operating-and-financial-results,GlobeNewswire,2026-08-05T21:09:03Z,copper concentrate,"(all amounts in US dollars, unless otherwise noted) VANCOUVER, British Columbia, Aug. 05, 2026 (GLOBE NEWSWIRE) — Ero Copper Corp. (TSX: ERO, NYSE: ERO) (“Ero” or the “Company”) is pleased to announce its operating and financial results for the three and six …",Financial Post,UK,Market Report,2026-08-10T07:45:00.619143Z
c6f2198e2889cf11e0f32198761de990,Ero Copper Reports Second Quarter 2026 Operating and Financial Results,https://www.globenewswire.com/news-release/2026/08/05/3339827/0/en/Ero-Copper-Reports-Second-Quarter-2026-Operating-and-Financial-Results.html,Ero Copper Corp.,2026-08-05T21:05:00Z,copper concentrate,"(all amounts in US dollars, unless otherwise noted)  VANCOUVER, British Columbia, Aug.  05, 2026  (GLOBE NEWSWIRE) -- Ero Copper Corp. (TSX: ERO, NYSE:...",GlobeNewswire,UK,Market Report,2026-08-10T07:45:00.619176Z
9f03ad822bbb06d460cdec4d409cef59,Indonesia resumes mineral exports amid rare-earth rule revision,https://en.antaranews.com/news/425188/indonesia-resumes-mineral-exports-amid-rare-earth-rule-revision,"P.T Violletta, Tegar Nurfitra",2026-08-03T05:44:31Z,copper concentrate,"Indonesia has allowed mineral exports to resume following delays related to rare-earth elements (REE) content, Presidential Staff Office (KSP) Chief Dudung ...",Antaranews.com,Indonesia,News,2026-08-10T07:45:00.619245Z
d824132a802c1ea60f2faaedec98bfd3,"Will Nifty, Sensex extend losses on Monday? Middle East tension, Q1 results, 3 other factors to drive mood next week",https://economictimes.indiatimes.com/markets/stocks/news/will-nifty-sensex-extend-losses-on-monday-middle-east-tension-q1-results-3-other-factors-to-drive-mood-next-week/articleshow/133061939.cms,Veer Sharma,2026-08-09T03:50:58Z,shipping rates,"Indian stock markets ended lower as benchmark indices Sensex and Nifty diverged. Investors face crucial triggers next week, including over 2,000 Q1 earnings announcements, crude oil price movements amid Middle East geopolitical tensions, US nonfarm payroll da…",The Times of India,India,Market Report,2026-08-10T07:45:01.195630Z
55ade3a3bc68de45bfe940df36a1a89c,How much can you sell a bobcat pelt for?,https://www.lifesciencesworld.com/how-much-can-you-sell-a-bobcat-pelt-for/,Ava Reynolds,2026-08-09T01:20:35Z,shipping rates,"How Much Can You Sell a Bobcat Pelt For? The price of a bobcat pelt fluctuates significantly, but expect to earn between $20 and $700 depending on factors such as quality, size, color, region, and current market demand. Understanding these factors is crucial …",Lifesciencesworld.com,Unknown,Market Report,2026-08-10T07:45:01.195677Z
b7dd3092e02769c4e84759abcc161227,Climate Change Weekly # 587— Climate Panickers Bemoan Realists’ Inspired Policy Wins,https://wattsupwiththat.com/2026/08/08/climate-change-weekly-587-climate-panickers-bemoan-realists-inspired-policy-wins/,Guest Blogger,2026-08-09T01:00:00Z,shipping rates,"Based the lack of a climate crisis and the rate of success and costs associated with CCW efforts so far, CCS may prove to be among the biggest boondoggles of all. A government financed climate grift to exceed all climate grifts.
The post Climate Change Weekly…",Wattsupwiththat.com,Unknown,Market Report,2026-08-10T07:45:01.195727Z
5a47bcb8c63a0da071fef3ed31066f44,U.S. Energy Helps Cushion Global Supply Shock From Hormuz,https://finance.yahoo.com/energy/articles/u-energy-helps-cushion-global-230000293.html,Tsvetana Paraskova,2026-08-08T23:00:00Z,shipping rates,"The U.S. has helped cushion the global energy shock from the Hormuz disruption through record oil production, LNG exports, and fuel shipments, helping stabil...",Yahoo Entertainment,Global,News,2026-08-10T07:45:01.195762Z
e5f0412d98ac08d9dfd2b31b57d2e99c,U.S. Energy Helps Cushion Global Supply Shock From Hormuz,https://oilprice.com/Energy/Energy-General/US-Energy-Helps-Cushion-Global-Supply-Shock-From-Hormuz.html,Tsvetana Paraskova,2026-08-08T23:00:00Z,shipping rates,The U.S. energy system has helped mitigate the shock loss of oil and LNG supply from the Middle East when the Strait of Hormuz closed to traffic and sent refiners and gas importers worldwide scrambling for alternative supply. The record American crude oil pro…,OilPrice.com,USA,News,2026-08-10T07:45:01.195792Z
9a942f064c5bea83d65e16a64f4a0326,"If you want a concise answer: social media marketing optimization for a senior retail marketing team expanding internationally means matching creative, channel, and post-purchase motion to each market, instrumenting every touch so you can A/B test what dr",http://www.zigpoll.com/content/5-proven-ways-optimize-social-media-marketing-optimization-international-expansion,Zigpoll,2026-08-08T22:57:57Z,shipping rates,"If you want a concise answer: social media marketing optimization for a senior retail marketing team expanding internationally means matching creative, channel, and post-purchase motion to each market, instrumenting every touch so you can A/B test what drzigp…",Zigpoll.com,Global,Market Report,2026-08-10T07:45:01.195848Z
cb0ee29254057e3757cf36eb4b7afa9e,UAE Says Iran Attacked Vessel With Missile In Strait of Hormuz,https://gcaptain.com/uae-says-iran-attacked-vessel-with-missile-in-strait-of-hormuz/,Reuters,2026-08-08T13:07:44Z,shipping rates,Aug 8 (Reuters) – The United Arab Emirates on Saturday condemned what it said was an Iranian attack on a carrier linked to its state oil company as it passed through the Strait...,gcaptain.com,Unknown,Market Report,2026-08-10T07:45:01.195937Z
d6cd252e0dab48d869765a7bf03252a2,What Happens When the World is on Fire,https://time.com/article/2026/08/08/what-happens-when-the-world-is-on-fire/,John Vaillant,2026-08-08T12:00:03Z,shipping rates,"""From America to Algeria, dangerous blazes are occurring around the world, giving us a glimpse into an age ablaze,"" writes John Valliant.",Time,USA,News,2026-08-10T07:45:01.195956Z
3eb187923b85d3735a1d8cf23e0e146d,"ADNOC vessel targeted by missile in Strait of Hormuz, no injuries reported",https://cryptobriefing.com/adnoc-vessel-missile-strait-hormuz/,Editorial Team,2026-08-08T10:49:21Z,shipping rates,"The escalating attacks in the Strait of Hormuz threaten global energy security, increase shipping costs, and challenge UAE's economic stability.
The post ADNOC vessel targeted by missile in Strait of Hormuz, no injuries reported appeared first on Crypto Brief…",Crypto Briefing,Global,Market Report,2026-08-10T07:45:01.196005Z
13278257374b01f7753bbe91924f3230,"‘Tariffs have been incredible’: Trump says America’s ‘rocking’ as Toyota, giants pour billions into US. Was he right?",https://finance.yahoo.com/economy/policy/articles/tariffs-incredible-trump-says-america-101500758.html,Jing Pan,2026-08-08T10:15:00Z,shipping rates,"""We've never been so successful.""",Yahoo Entertainment,USA,News,2026-08-10T07:45:01.196030Z
db5c1185ddae9d059a1d4c7236a2d6d3,e.l.f. Beauty Q1 Earnings Call Highlights,https://www.marketbeat.com/instant-alerts/elf-beauty-q1-earnings-call-highlights-2026-08-08/?utm_source=yahoofinance&amp;utm_medium=yahoofinance,MarketBeat,2026-08-08T06:03:51Z,shipping rates,"e.l.f. Beauty (NYSE:ELF) reported first-quarter fiscal 2027 net sales growth of 36%, marking its 30th consecutive quarter of sales growth, as strong performa...",MarketBeat,Unknown,Market Report,2026-08-10T07:45:01.196143Z
be67e08f2f3ce87a976c12c2a9a7e52b,How the Best UX Design Teams Integrate Personas into Agile Workflows,https://ixdf.org/literature/article/how-the-best-ux-design-teams-integrate-personas-into-agile-workflows,James Newhook,2026-08-08T04:00:00Z,shipping rates,You've seen it countless times: Agile teams racing through sprints while personas gather dust in forgotten folders (or never get created at all). The promise of user-centered design crashes into the reality of two-week deadlines. But what if you could harness…,Ixdf.org,Unknown,News,2026-08-10T07:45:01.196196Z
4eb033dfce2573e29fbaf3c6318bd5d0,Iran conflict lifts chemical earnings,https://cen.acs.org/business/finance/iran-conflict-lifts-chemical-earnings/104/web/2026/08,Alexander Tullo,2026-08-08T02:07:22Z,shipping rates,Companies easily raise prices to pass along escalating raw material costs,Acs.org,Unknown,Market Report,2026-08-10T07:45:01.196222Z
a342b672d350545e9635189f7a8728aa,Indian manufacturers turn to air freight as West Asia crisis disrupts sea shipments,https://economictimes.indiatimes.com/industry/transportation/airlines-/-aviation/indian-manufacturers-turn-to-air-freight-as-west-asia-crisis-disrupts-sea-shipments/articleshow/133041727.cms,Writankar Mukherjee and Sharmistha Mukherjee,2026-08-08T00:00:00Z,shipping rates,"Indian manufacturers are airlifting components to ensure festive season production continuity.  Sea freight delays and congestion are making ocean shipping unreliable for these companies.  Air freight costs are significantly higher, but timely supplies are cr…",The Times of India,India,News,2026-08-10T07:45:01.196252Z
846c6704eb37f2d72da6e58a0c97e711,Cost competitiveness of alternative heavy-duty truck technologies under real-world utilisation profiles,https://www.nature.com/articles/s41467-026-76265-1,"Johanna Hoppe, Falko Ueckerdt, Patrick Plötz, Steffen Link, Daniel Speth, Bastian Weißenburger, Pei Zhao, Robert Pietzcker",2026-08-08T00:00:00Z,shipping rates,"Accounting for heterogeneous truck usage patterns, battery electric trucks outperform diesel trucks in total cost of ownership for most heavy-duty road freight activity in key European markets by 2030.",Nature.com,Unknown,Market Report,2026-08-10T07:45:01.196288Z
0668ed2e1c6b0b6cb376fb7fd278e37d,Stock market hits records as Fed removes key safety net,https://www.thestreet.com/investing/stock-market-hits-records-as-fed-reduces-forward-guidance,Faizan Farooque,2026-08-07T22:33:00Z,shipping rates,"Wall Street just got the milestone investors have been waiting for. The S&P 500hit new highs this week, and the Dow Jones Industrial Average closed above 54,...",TheStreet,Unknown,Market Report,2026-08-10T07:45:01.196318Z
8df1939013ff16bcaf328b89905ea9a8,"Jobs Are Down, But Stocks and Consumer Sentiment Are Up. What Gives?",http://wwd.com/sourcing-journal/industry-news/jobs-report-university-michigan-consumer-sentiment-stock-market-1239098554/,Kate Nishimura,2026-08-07T21:39:31Z,shipping rates,The retail sector is reckoning with a host of seeming contradictions and confusing market signals.,WWD,Unknown,Market Report,2026-08-10T07:45:01.196348Z
b06679ba212d6eabcf62e86f342da5ad,Stocks Settle Higher as a Weak Jobs Report Allays Rate Hike Fears,https://www.barchart.com/story/news/3726739/stocks-settle-higher-as-a-weak-jobs-report-allays-rate-hike-fears,Rich Asplund,2026-08-07T20:37:08Z,shipping rates,"The S&P 500 Index ($SPX ) (SPY ) closed up +0.62% on Friday, the Dow Jones Industrial Average ($DOWI ) (DIA ) closed up +0.28%, and the Nasdaq 100 Index ($IU...",Barchart.com,Unknown,Market Report,2026-08-10T07:45:01.196379Z
a3ac24267a59690bd1ec26e1563c56fe,Metabase SQLi zero-day exploited in customer data-theft attacks,https://www.bleepingcomputer.com/news/security/framework-tally-disclose-metabase-data-theft-attacks/,Mayank Parmar,2026-08-07T20:14:46Z,shipping rates,"A critical Metabase SQL injection vulnerability was exploited in zero-day attacks to breach customer instances in data theft attacks, known to impact Framework and Tally. [...]",BleepingComputer,Unknown,News,2026-08-10T07:45:01.196416Z
bee57b91dbd86cbfc5a8a62bc23f8e21,The Middle East Tries Its Hand at a NATO-Style Pact,http://foreignpolicy.com/2026/08/07/pakistan-saudi-arabia-turkey-mutual-defense-pact-iran-israel-military/,Alexandra Sharp,2026-08-07T19:45:31Z,shipping rates,"Pakistan, Saudi Arabia, and Turkey pledge mutual defense in the face of aggressive Iranian and Israeli operations.",Foreign Policy,Turkey,News,2026-08-10T07:45:01.196489Z
82911126571c03f11bc1347ca7cb14f8,U.S. Postal Service Reports Third Quarter Fiscal Year 2026 Results,https://www.prnewswire.com/news-releases/us-postal-service-reports-third-quarter-fiscal-year-2026-results-302846329.html,,2026-08-07T19:39:00Z,shipping rates,"Operating revenue was $19.9 billion, a 6.1 percent increase, compared to same quarter last year Controllable loss decreased $584 million and net loss decreased $562 million, compared to same quarter last year Despite improved third quarter results, the long-t…",PRNewswire,Unknown,Market Report,2026-08-10T07:45:01.196536Z
46d970efba3f2b4a854b1a419b92e583,Uncertainty Over Reopening of Strait of Hormuz Lifts Crude Prices,https://www.barchart.com/story/news/3725306/uncertainty-over-reopening-of-strait-of-hormuz-lifts-crude-prices,Rich Asplund,2026-08-07T19:13:36Z,shipping rates,"September WTI crude oil (CLU26 ) closed up +0.89 (+1.15%) on Friday, and September RBOB gasoline (RBU26 ) closed up +0.0468 (+1.59%). Crude oil and gasoline...",Barchart.com,Unknown,Market Report,2026-08-10T07:45:01.196567Z
bdd07944c1a8f35380b5cc4fb4bbcade,"Shipping Firms Offer ‘Massive Bonuses’ for Strait of Hormuz Crossings, Report Says",https://www.activistpost.com/shipping-firms-offer-massive-bonuses-for-strait-of-hormuz-crossings-report-says/,Editor,2026-08-07T18:00:00Z,shipping rates,"South Korean shipping operator Sinokor Group has offered crews six months of extra salary for a return voyage through the Strait of Hormuz, according to a document seen by Bloomberg and cited in a July 20 report. The offer follows a wave of attacks that have …",Activistpost.com,South Korea,Market Report,2026-08-10T07:45:01.196602Z
e4064e5ef0e73aea1a6c5013eacab06e,Nvidia considers reducing memory in next-gen Rubin Ultra GPU,https://cryptobriefing.com/nvidia-rubin-ultra-gpu-memory-reduction/,Editorial Team,2026-08-07T16:07:34Z,shipping rates,"Nvidia's potential memory reduction in Rubin Ultra GPUs could drive increased hardware costs and strategic shifts in the AI chip market.
The post Nvidia considers reducing memory in next-gen Rubin Ultra GPU appeared first on Crypto Briefing.",Crypto Briefing,Unknown,Market Report,2026-08-10T07:45:01.196638Z
240403dd9ea4c31713ff02bc5c3f50c1,Canopy Growth Q1 Earnings Call Highlights,https://www.marketbeat.com/instant-alerts/canopy-growth-q1-earnings-call-highlights-2026-08-07/?utm_source=yahoofinance&amp;utm_medium=yahoofinance,MarketBeat,2026-08-07T16:04:22Z,shipping rates,"Canopy Growth (NASDAQ:CGC) reported first-quarter fiscal 2027 net revenue of C$81.2 million, up 13% from the prior-year period, as the company recorded year-...",MarketBeat,Unknown,Market Report,2026-08-10T07:45:01.196669Z
1cb44a07ec07a4924fe713792d2b9d7e,Dow Jones Climbs Early After Soft Jobs Data Fuels Hopes of Fed Policy Flexibility,https://www.ibtimes.com.au/dow-jones-rises-amid-unexpected-job-losses-fed-policy-1873703,Mike Clair,2026-08-07T13:46:41Z,shipping rates,The Dow Jones rose slightly as July's unexpected job losses prompted speculation on the Federal Reserve's interest rate strategy. Investors are closely watching economic indicators and geopolitical developments.,Ibtimes.com.au,Unknown,News,2026-08-10T07:45:01.196709Z
19399e9fc28a6e448d18d061917adad5,"Oil slips, heads weekly loss as Hormuz deal uncertainty persists",https://economictimes.indiatimes.com/markets/us-stocks/wall-street-guide/oil-slips-heads-weekly-loss-as-hormuz-deal-uncertainty-persists/articleshow/133035490.cms,Somanjali Das,2026-08-07T13:36:55Z,shipping rates,"Oil prices declined as investors weighed prospects of reopening the Strait of Hormuz against persistent geopolitical risks. Markets also awaited US payrolls data, while uncertainty over Iran-related negotiations, shipping arrangements and regional security ke…",The Times of India,Unknown,Market Report,2026-08-10T07:45:01.196756Z
97e41b70959385c4264f473ab08b2d13,"Friday, August 7, 2026",https://kffhealthnews.org/morning-briefing/friday-august-7-2026/,khnlaureno,2026-08-07T13:25:09Z,shipping rates,"KFF Health News is a national newsroom that produces in-depth journalism about health issues and is one of the core operating programs at KFF—an independent source of health policy research, polling, and journalism. Learn more about KFF. This article first ap…",Kffhealthnews.org,Unknown,News,2026-08-10T07:45:01.196805Z
711d878e6c052d1e035e653f8877450e,"Day 1,626 of WW3. Stinky tells Zelenskyy ""We want missiles too"". Lithuania warns of Russian False flag attacks and US intel warns russia may want to commit suicide as early as this fall. This is your Finally Friday Ukraine War thread [Hero]",https://www.fark.com/comments/14156198/Day-1626-of-WW3-Stinky-tells-Zelenskyy-We-want-missiles-too-Lithuania-warns-of-Russian-False-flag-attacks-US-intel-warns-russia-may-want-to-commit-suicide-as-early-as-this-fall-This-is-your-Finally-Friday-Ukraine-War-thread,,2026-08-07T12:00:00Z,shipping rates,"Day 1,626 of WW3. Stinky tells Zelenskyy ""We want missiles too"". Lithuania warns of Russian False flag attacks and US intel warns russia may want to commit suicide as early as this fall. This is your Finally Friday Ukraine War thread",Fark.com,Russia,News,2026-08-10T07:45:01.196967Z
c04717831571ec6b89f74d907802868d,The SMB shipping trap: Trying to go it alone,https://finance.yahoo.com/small-business/articles/smb-shipping-trap-trying-alone-120000862.html,Thomas Wasson,2026-08-07T12:00:00Z,shipping rates,"Tariffs, fuel and last-mile rates are all moving the wrong way at once. ShipStation Global CEO Tom Madine says small shippers are trying to absorb the whole...",Yahoo Entertainment,Global,Market Report,2026-08-10T07:45:01.196997Z
1a0759fcf7a33846149f941176e2f144,"Iran Lawmakers Consider Revenge Ban on U.S., Israeli Ships Using Strait of Hormuz",https://www.breitbart.com/europe/2026/08/07/iran-lawmakers-consider-revenge-ban-on-u-s-israeli-ships-using-strait-of-hormuz/,Simon Kent,2026-08-07T11:36:02Z,shipping rates,"Iran lawmakers are considering enacting sweeping, punitive laws that would block ships from the U.S., Israel and other undefined “hostile” nations from transiting the disputed waters of the Strait of Hormuz, the country's national news service reports.
The po…",Breitbart News,Unknown,Market Report,2026-08-10T07:45:01.197045Z
f279bc1b3aee7e1c05ba5f07b5ee015f,TORM PLC - Major Shareholder Announcement,https://www.prnewswire.com/news-releases/torm-plc---major-shareholder-announcement-302846034.html,,2026-08-07T11:33:00Z,shipping rates,"HELLERUP, Denmark, Aug. 7, 2026 /PRNewswire/ -- Pursuant to section 30 of the Danish Capital Markets Act, TORM plc (NASDAQ: TRMD) (NASDAQ: TRMD.A) hereby announces that: Oaktree Capital Group Holdings GP, LLC (""Oaktree"") has notified TORM plc that, following …",PRNewswire,Unknown,Market Report,2026-08-10T07:45:01.197103Z
66dc6cd60b95450071bd8e0b024fea9e,"Trump targets birthright citizenship. And, Iran aims to ban U.S. from Strait of Hormuz",https://www.npr.org/2026/08/07/g-s1-137730/up-first-newsletter-trump-birthright-citizenship-iran-oman-strait-of-hormuz-anthony-fauci-mitch-mcconnell,Brittney Melton,2026-08-07T10:56:19Z,shipping rates,"President Trump says he has signed two new orders targeting birthright citizenship. And, Iran is aiming to ban U.S. ships from the Strait of Hormuz.",NPR,Unknown,News,2026-08-10T07:45:01.197138Z
a77f4d0ec1ea5db004f1ea54041eb404,Regulators Finally Poised to Review America’s Biggest Rail Merger,https://prospect.org/2026/08/07/regulators-review-americas-biggest-rail-merger-norfolk-southern-union-pacific/,James Baratta,2026-08-07T09:30:00Z,shipping rates,"The $85 billion proposed merger between Union Pacific and Norfolk Southern would create the nation’s first transcontinental railroad. Workers, shippers, and even business rivals are against it.
The post Regulators Finally Poised to Review America’s Biggest Ra…",The American Prospect,USA,Analysis/Opinion,2026-08-10T07:45:01.197184Z
0d05dbabdd058199bb76b615179a49a1,Global Market: European shares rise as healthcare stocks offset geopolitical concerns; investors await US jobs data,https://economictimes.indiatimes.com/markets/us-stocks/news/global-market-european-shares-rise-as-healthcare-stocks-offset-geopolitical-concerns-investors-await-us-jobs-data/articleshow/133029661.cms,Anupam Nagar,2026-08-07T09:27:56Z,shipping rates,"European stock markets edged higher on Friday, supported by gains in healthcare stocks, while rising oil prices and renewed Middle East tensions kept investors cautious ahead of the closely watched U.S. non-farm payrolls report.",The Times of India,Global,Market Report,2026-08-10T07:45:01.197223Z
2da433e6e51c2230a05476ad166c9ec9,Nikkei Slips as Chip Selling Offsets Broader Market Strength,https://newsonjapan.com/article/150290.php,News On Japan,2026-08-07T07:51:40Z,shipping rates,"Tokyo stocks ended slightly lower on August 7, with the Nikkei 225 closing at 65,606.71, down 76.55 points, or 0.12%, as selling in chip-related and artificial intelligence-linked shares outweighed solid buying in the broader market and a late recovery led by…",Newsonjapan.com,Japan,Market Report,2026-08-10T07:45:01.197251Z
e94d6d6c5757df04d5bfab5247e12636,Today in Germany: A roundup of the latest news on Friday,https://www.thelocal.de/20260807/today-in-germany-a-roundup-of-the-latest-news-on-friday-134,The Local,2026-08-07T06:39:58Z,shipping rates,"Transport minister announces response to low-water levels in the Rhine, Merz's party continues to lose support following government shuffle, one in seven pensioners continues to work in Germany and more news on Friday, August 7th.",The Local Germany,Germany,News,2026-08-10T07:45:01.197287Z
362e33b25cfb58ffd05b860d699834b9,"US stocks jump as employers unexpectedly cut 23,000 jobs, raising hopes that rate hikes can wait",https://finance.yahoo.com/markets/world-indices/articles/asian-shares-mixed-us-stocks-062902244.html,DAMIAN J. TROISE,2026-08-07T06:29:02Z,shipping rates,"Stocks rose on Wall Street Friday and Treasury yields fell after the government reported that employers unexpectedly cut 23,000 jobs last month.  Technology...",Yahoo Entertainment,Unknown,Market Report,2026-08-10T07:45:01.197323Z
daa2fbc56ff33a733c694d082190a15c,"U.S. Crude Oil Emergency Buffer Drops to 43 Days, Lowest in 45 Years",https://www.naturalnews.com/2026-08-07-us-crude-emergency-buffer-drops-43-days.html,Garrison Vance,2026-08-07T06:00:00Z,shipping rates,"U.S. crude oil supplies, including the Strategic Petroleum Reserve (SPR), are sufficient for 43 days of global supply, according to Bank of America Global Research data compiled by Bloomberg. The figure is the lowest in 45 years and stands well below the long…",Naturalnews.com,USA,News,2026-08-10T07:45:01.197352Z
eb6c604a7b111f0243b7414b17511113,Gold Steady as Traders Assess Impact of Hormuz Flare-Up on Rates,https://financialpost.com/pmn/business-pmn/gold-steady-as-traders-assess-impact-of-hormuz-flare-up-on-rates,Bloomberg News,2026-08-07T00:44:34Z,shipping rates,Gold moved in a narrow range as traders assessed the impact of a reported Iranian attack in the Strait of Hormuz on the Federal Reserve’s path for interest rates.,Financial Post,Unknown,Market Report,2026-08-10T07:45:01.197391Z
c0f4b4a3b884404e4372e0625c7c463e,"DJI Osmo Pocket 4 Standard Combo 4K/240fps 1"" CMOS Camera; free s&h $444.75 (7 replies)",https://slickdeals.net/f/19851783-dji-osmo-pocket-4-standard-combo-4k-240fps-1-cmos-camera-free-s-h-444-75,Tico22,2026-08-07T00:00:48Z,shipping rates,"On sale for $514.75. Total drops to $444.75 + tax after using $70 promo code YAECHOICE70 at checkout. (If that runs out, try these backup codes: YUSAF70 or USSR70)

That's $15 less than the previ",Slickdeals.net,Unknown,News,2026-08-10T07:45:01.197428Z
ad7b2246064dd1fe674b227077208289,Lower Oil Prices Lend Support For The Gold Rally,https://oilprice.com/Metals/Gold/Lower-Oil-Prices-Lend-Support-For-The-Gold-Rally.html,Alex Kimani,2026-08-07T00:00:00Z,shipping rates,"Oil prices fell for a second week running thanks to optimism surrounding renewed U.S.-Iran diplomacy to reopen the Strait of Hormuz. U.S. President Donald Trump announced on Monday that talks between Washington and Tehran would resume l, adding that U.S. alli…",OilPrice.com,Unknown,Market Report,2026-08-10T07:45:01.197474Z
b09072d55018bbbe9f68beedd58a8dc7,Lower Oil Prices Lend Support For The Gold Rally,https://finance.yahoo.com/markets/commodities/articles/lower-oil-prices-lend-support-000000831.html,Alex Kimani,2026-08-07T00:00:00Z,shipping rates,"Lower oil prices have boosted gold, as easing inflation concerns and weaker U.S. economic data have reduced expectations for further Fed tightening.",Yahoo Entertainment,Unknown,Market Report,2026-08-10T07:45:01.197506Z
20674e52da80ae3a8087602589be749d,Calfrac Reports Second Quarter 2026 Results,https://www.globenewswire.com/news-release/2026/08/06/3340887/0/en/Calfrac-Reports-Second-Quarter-2026-Results.html,Calfrac Well Services Ltd.,2026-08-06T23:27:00Z,shipping rates,"CALGARY, Alberta, Aug. 06, 2026 (GLOBE NEWSWIRE) -- Calfrac Well Services Ltd. (“Calfrac” or “the Company”) (TSX: CFW) announces its financial and operating results for the three and six months ended June 30, 2026. The following press release should be read i…",GlobeNewswire,Unknown,Market Report,2026-08-10T07:45:01.197550Z
2763c45d2e457c72b215676658579e66,Applied Optoelectronics Q2 Earnings Call Highlights,https://www.marketbeat.com/instant-alerts/applied-optoelectronics-q2-earnings-call-highlights-2026-08-06/?utm_source=yahoofinance&amp;utm_medium=yahoofinance,MarketBeat,2026-08-06T22:04:06Z,shipping rates,Applied Optoelectronics (NASDAQ:AAOI) reported record second-quarter revenue and a return to non-GAAP profitability as demand for data center networking prod...,MarketBeat,Unknown,Market Report,2026-08-10T07:45:01.197584Z
6933d253cc4af5ea26f57765b2db0c22,What is Tool Calling?,https://www.databricks.com/blog/what-is-tool-calling,Databricks Staff,2026-08-06T21:31:30Z,shipping rates,"* Tool calling is the mechanism that allows AI models to interact with external tools, APIs, and systems, transforming basic chatbots into capable AI agents that can take real-world action.
* The process follows a structured loop: the model recognizes when a…",Databricks.com,Unknown,News,2026-08-10T07:45:01.197632Z
a5f189f4a8185f8255397cdb0342f9ff,Hepsiburada Announces Second Quarter 2026 Financial Results,https://www.globenewswire.com/news-release/2026/08/06/3340816/0/en/Hepsiburada-Announces-Second-Quarter-2026-Financial-Results.html,D-MARKET Elektronik Hizmetler ve Ticaret A.Ş,2026-08-06T20:30:00Z,shipping rates,"ISTANBUL, Aug. 06, 2026 (GLOBE NEWSWIRE) -- D-MARKET Electronic Services & Trading (d/b/a “Hepsiburada”) (NASDAQ: HEPS), a leading Turkish e-commerce platform (referred to herein as “Hepsiburada” or the “Company”), today announces its unaudited financial resu…",GlobeNewswire,Turkey,Market Report,2026-08-10T07:45:01.197666Z
d0ea32b6ed07e4cb218a5cea7d92a138,ICU Medical Announces Second Quarter 2026 Results and Updates its Fiscal Year 2026 Guidance,https://www.globenewswire.com/news-release/2026/08/06/3340716/8573/en/ICU-Medical-Announces-Second-Quarter-2026-Results-and-Updates-its-Fiscal-Year-2026-Guidance.html,"ICU Medical, Inc.",2026-08-06T20:05:00Z,shipping rates,"SAN CLEMENTE, Calif., Aug. 06, 2026 (GLOBE NEWSWIRE) -- ICU Medical, Inc. (Nasdaq:ICUI), a leader in the development, manufacture and sale of innovative medical products, today announced financial results for the quarterly period ended June 30, 2026.",GlobeNewswire,Unknown,News,2026-08-10T07:45:01.197709Z
58b195fc7fe2ce61f688fec3c7294945,Vincent Kompany rates Bundesliga right behind Premier League,https://www.bavarianfootballworks.com/champions-league/240149/vincent-kompany-premier-league-bundesliga-comparison,Michael Scott,2026-08-06T19:00:00Z,shipping rates,FC Bayern is an elite club but the rest of the Bundesliga needs to pull its weight.,Bavarian Football Works,Unknown,Market Report,2026-08-10T07:45:01.197734Z
169de7edb8514b8755ee6f44e6ac0f95,E-Scooter Riders Face Higher Brain Injury Risk Than Motorcyclists. Lawmakers Want a Fix,https://gizmodo.com/e-scooter-riders-face-higher-brain-injury-risk-than-motorcyclists-lawmakers-want-a-fix-2000795419,Ece Yildirim,2026-08-06T18:50:27Z,shipping rates,"New York City, where electric bike and scooter accidents are plenty, is eyeing sweeping legislation.",Gizmodo.com,Unknown,News,2026-08-10T07:45:01.197768Z
1e61a6f779a462fc8a7ef2733b493f40,Some Losses for the Dollar Ahead of the NFP,https://finance.yahoo.com/markets/currencies/articles/losses-dollar-ahead-nfp-174711178.html,Michael Stark,2026-08-06T17:47:11Z,shipping rates,Apparent deescalation in the Gulf and lower expectations for the Fed to hike twice have been negative for the US dollar.,Yahoo Entertainment,Unknown,News,2026-08-10T07:45:01.197798Z
0c4a03f52758fe61644baec270e06458,"Microsoft vs. Broadcom: Two AI Powerhouses, One Better Investment",https://247wallst.com/investing/2026/08/06/microsoft-vs-broadcom-two-ai-powerhouses-one-better-investment/,Vandita Jadeja,2026-08-06T17:30:00Z,shipping rates,"Microsoft and Broadcom are both winning the AI trade, but they are winning it in completely different ways, and betting on the wrong one right now carries ve...",24/7 Wall St.,Unknown,News,2026-08-10T07:45:01.197835Z
3071ee0ee7ad30b1e304075ce662453c,Show HN: I broke down how Postiz went from $17K to $170K MRR,https://www.bestmillionstartups.com/best/postiz-mrr-growth-story-what-founders-can-learn-2026,brevn,2026-08-06T15:42:08Z,shipping rates,"Article URL: https://www.bestmillionstartups.com/best/postiz-mrr-growth-story-what-founders-can-learn-2026
Comments URL: https://news.ycombinator.com/item?id=49198201
Points: 1
# Comments: 1",Bestmillionstartups.com,Unknown,Analysis/Opinion,2026-08-10T07:45:01.197906Z
a967b02ddba89a0f8119d881e7cf122b,Scaling localization at Atlassian: keeping translation at the pace of AI-era development,https://www.atlassian.com/blog/how-we-build/scaling-localization-at-atlassian-keeping-translation-at-the-pace-of-ai-era-development,Aaron Booth,2026-08-06T14:37:52Z,shipping rates,"When developers started building with AI assistants, they began shipping features several times faster. That acceleration created a new challenge: every feature added text to translate, and the volume grew faster than our localization process could absorb. We…",Atlassian.com,Unknown,News,2026-08-10T07:45:01.197959Z
48e9b4b561a769cf87bd308ad9b427a9,"BNP Paribas Sees Gold Hitting $5,000 as Trump’s Pressure on the Fed Weakens the Dollar",https://247wallst.com/investing/2026/08/06/bnp-paribas-sees-gold-hitting-5000-as-trumps-pressure-on-the-fed-weakens-the-dollar/,AJ Tiarsmith,2026-08-06T14:36:05Z,shipping rates,"BNP Paribas Wealth Management just handed clients a gold target that would stun most investors, and the bank says two converging forces make it more realisti...",24/7 Wall St.,Unknown,News,2026-08-10T07:45:01.198002Z
b2103b0d014bfc716d80a61cea1ea773,Marco Rubio says millions of American jobs were destroyed for cheap goods — but Trump’s fix could crash your retirement,https://finance.yahoo.com/economy/policy/articles/marco-rubio-says-millions-american-135500017.html,Jing Pan,2026-08-06T13:55:00Z,shipping rates,"According to Rubio, the first step is rebalancing America’s “neighborhood.”",Yahoo Entertainment,USA,News,2026-08-10T07:45:01.198043Z
e5cc48930a339503a97fd5c9ba18626f,Bigcommerce Q2 Earnings Call Highlights,https://www.marketbeat.com/instant-alerts/bigcommerce-q2-earnings-call-highlights-2026-08-06/?utm_source=yahoofinance&amp;utm_medium=yahoofinance,MarketBeat,2026-08-06T13:04:00Z,shipping rates,"Bigcommerce (NASDAQ:BIGC), which operates under the Commerce brand, reported second-quarter 2026 revenue of $84.5 million and non-GAAP operating income of $8...",MarketBeat,Unknown,Market Report,2026-08-10T07:45:01.198130Z
bdafb8231955c6a042ebb467f4703603,Bose’s new QuietComfort headphones get spatial audio and USB-C lossless for $359,https://www.popsci.com/gear/bose-quietcomfort-headphones-2nd-gen-anc-bluetooth-audio-product-news/,Tony Ware,2026-08-06T13:00:00Z,shipping rates,"Bose's QuietComfort Headphones (2nd Gen) bring Ultra-only Immersive Audio and USB-C lossless to $359. Preorders open August 8, shipping August 13.
The post Bose’s new QuietComfort headphones get spatial audio and USB-C lossless for $359 appeared first on Popu…",Popular Science,Unknown,News,2026-08-10T07:45:01.198182Z
7efb7f9896712f5936e24eb74a7afcc8,Boomers Should Buy These High-Yield Dividend August Bargains Hand-Over-Fist,https://247wallst.com/investing/2026/08/06/boomers-should-buy-these-high-yield-dividend-bargain-gems-hand-over-fist/,Lee Jackson,2026-08-06T12:46:29Z,shipping rates,"Second-quarter earnings season shook loose some rare discounts on five high-yield dividend stocks that Wall Street analysts still rate as Buys, and income-fo...",24/7 Wall St.,Unknown,News,2026-08-10T07:45:01.198219Z
026b9c34e8dce83a5cbc0f439992f9c9,Disrupting Startup Failure Curve: Why Money and Skills Alone Are Not Enough,https://www.prnewswire.com/news-releases/disrupting-startup-failure-curve-why-money-and-skills-alone-are-not-enough-302844079.html,,2026-08-06T12:03:00Z,shipping rates,"On Disruption Interruption, Sean Reel explains why accelerators that focus on capital and training can miss the assumptions driving business failure. Ignite Bermuda uses enablement, minimum viable product (MVP) testing, and human-centered AI tools to help ent…",PRNewswire,Unknown,News,2026-08-10T07:45:01.198276Z
f9d02d85849189d8cc8f7e22d3df0d36,"Iran and Oman near deal on Strait of Hormuz shipping routes, with crypto tolls in the mix",https://cryptobriefing.com/iran-oman-hormuz-shipping-deal-crypto-tolls/,Editorial Team,2026-08-06T11:11:34Z,shipping rates,"The Iran-Oman deal could reshape global trade dynamics, impacting energy markets and boosting crypto's role in international transactions.
The post Iran and Oman near deal on Strait of Hormuz shipping routes, with crypto tolls in the mix appeared first on Cry…",Crypto Briefing,Global,Market Report,2026-08-10T07:45:01.198366Z
dc1171f2a539819103299efcb409f569,"Sensex today | Stock Market Highlights: Sensex climbs 374 pts; Nifty ends above 24,600 on RBI, crude oil cues",https://www.thehindubusinessline.com/markets/sensex-nifty50-today-stock-market-highlights-6-august-2026/article71309748.ece,"Team BL, KS Badri Narayanan",2026-08-06T11:09:51Z,shipping rates,"Sensex Today, Nifty 50 | Stock Market Highlights August 6: Indian benchmark indices ended higher on Thursday after a volatile, range-bound session, supported by easing crude oil prices, the Reserve Bank of India's steady policy stance and selective buying in …",BusinessLine,India,Market Report,2026-08-10T07:45:01.198388Z
c1c723e421cd58031d512ed4cd5a56c4,Lithium Americas Further Strengthens Balance Sheet with $175 Million Financing as Thacker Pass Approaches Peak Construction,https://financialpost.com/pmn/business-wire-news-releases-pmn/lithium-americas-further-strengthens-balance-sheet-with-175-million-financing-as-thacker-pass-approaches-peak-construction,Business Wire,2026-08-06T10:47:27Z,shipping rates,"(All amounts in US$) VANCOUVER, British Columbia — Lithium Americas Corp. (TSX: LAC) (NYSE: LAC) (“Lithium Americas” or the “Company”) today announced it has entered into a securities purchase agreement (the “Purchase Agreement”) with YA II PN, Ltd., an affil…",Financial Post,USA,News,2026-08-10T07:45:01.198420Z
7a23c53c9fb5c58ee4efde8732c2e51e,Validation Patterns for E-Commerce Logistics RAG,https://www.c-sharpcorner.com/article/validation-patterns-for-e-commerce-logistics-rag/,noreply@c-sharpcorner.com (Tuhin Paul),2026-08-06T09:25:22Z,shipping rates,"Fortify e-commerce logistics RAG with a 4-layer validation pipeline: schema, semantic, contextual, and temporal. Prevent costly LLM tool use errors.",C-sharpcorner.com,Unknown,News,2026-08-10T07:45:01.198454Z
7a429b7e3e5c0ca89688ba1296992fc9,Shorter-dated Treasury yields edge higher as traders sharpen focus on rates,https://www.cnbc.com/2026/08/06/treasury-yields-interest-rates-inflation-fed.html,Hugh Leask,2026-08-06T08:55:36Z,shipping rates,"Shorter-dated Treasury yields edged higher Thursday, as traders weighed the prospect of interest rate rises.",CNBC,Unknown,Market Report,2026-08-10T07:45:01.198482Z
811c4527caa754c6515b0498e1b7908d,China’s Top Refiner Pivots to Russian Crude,https://oilprice.com/Latest-Energy-News/World-News/Chinas-Top-Refiner-Pivots-to-Russian-Crude.html,Tsvetana Paraskova,2026-08-06T08:40:00Z,shipping rates,"China’s Sinopec, the world’s top refiner by capacity, has boosted purchases of Russia’s Far East crude for delivery in the third quarter as it looks to secure cargo arrivals amid continued shipping constraints in the Middle East. State-run Sinopec has acquire…",OilPrice.com,China,News,2026-08-10T07:45:01.198504Z
20ad578d302a7d6846b5a62cae63b7b4,Nikkei Falls as AI Heavyweights Drag Market Lower,https://newsonjapan.com/article/150271.php,News On Japan,2026-08-06T07:35:48Z,shipping rates,"Tokyo stocks diverged on August 6, with the Nikkei 225 closing at 65,683.26, down 617.18 points, or 0.93%, as selling in artificial intelligence and semiconductor-related heavyweights outweighed broad gains across the wider market. (News On Japan)",Newsonjapan.com,Japan,Market Report,2026-08-10T07:45:01.198526Z
10f5a93dfe8018b07e2270a6a475c636,UAE Bucks Risks to Lead Hormuz Oil Shipping,https://www.rigzone.com/news/wire/uae_bucks_risks_to_lead_hormuz_oil_shipping-06-aug-2026-184307-article/,Yongchang Chin & Alex Longley,2026-08-06T07:21:51Z,shipping rates,"The United Arab Emirates has moved more oil through the Strait of Hormuz than any other producer over the past two months, providing a much-needed buffer for global markets reeling from a historic energy crisis.",Rigzone,Global,Market Report,2026-08-10T07:45:01.198558Z
72b65279938f3c4eb1ce614554721400,Low water on Germany's Rhine river threatens new blow to economy,https://www.hurriyetdailynews.com/low-water-on-germanys-rhine-river-threatens-new-blow-to-economy-225278,hurriyetdailynews.com,2026-08-06T06:46:39Z,shipping rates,Dwindling water levels on some of Germany's major rivers worsened by heat and drought are raising fears that badly constrained riverboat cargo traffic may deal yet another blow to the struggling economy.,Hurriyet Daily News,Germany,News,2026-08-10T07:45:01.198593Z
b481e897cc561d1fbab8fd428c8e0b53,AI Code Audits Explained: How to Review AI-Generated Code Before Production,https://www.c-sharpcorner.com/article/ai-code-audits-explained-how-to-review-ai-generated-code-before-production/,noreply@c-sharpcorner.com (The Code Registry),2026-08-06T06:44:07Z,shipping rates,"Learn how enterprise AI code audits evaluate AI-generated code for security, governance, software provenance, compliance, and production readiness.",C-sharpcorner.com,Unknown,Analysis/Opinion,2026-08-10T07:45:01.198625Z
2d43fc9e146116a5944a7658164384b7,Half-year Financial Report,https://www.globenewswire.com/news-release/2026/08/06/3339938/0/en/Half-year-Financial-Report.html,Admiral Group PLC,2026-08-06T06:00:00Z,shipping rates,6 August 2026  2026 Interim Results Highlights  Admiral Group reports good H1 2026 results and continued growth  Six months ended:  30 June 202630 June...,GlobeNewswire,Unknown,Market Report,2026-08-10T07:45:01.198656Z
2987bda8208107e4bf4f1231c7018550,Valaris Reports Second Quarter 2026 Results,https://apnews.com/press-release/business-wire/press-release-a70b8893c3ec4070909fae639d849a1b,,2026-08-06T04:21:58Z,shipping rates,"HAMILTON, Bermuda--(BUSINESS WIRE)--Aug 5, 2026-- Valaris Limited (NYSE: VAL) (""Valaris"" or the ""Company"") today reported second quarter 2026 results.",Associated Press,Unknown,Market Report,2026-08-10T07:45:01.198685Z
a12e578a77fbec23c9053ed2671a820c,"Markets open flat as RBI holds rates, global cues stay mixed",https://www.thehindubusinessline.com/markets/stock-markets/markets-open-flat-as-rbi-holds-rates-global-cues-stay-mixed/article71312031.ece,Anupama Ghosh,2026-08-06T04:05:05Z,shipping rates,"Wall Street delivered a split verdict, the Dow Jones rose 0.5 per cent to a record close, while the S&P 500 slipped 0.2 per cent and the Nasdaq fell 0.8 per cent on a late-session selloff in technology stocks",BusinessLine,Global,Market Report,2026-08-10T07:45:01.198717Z
613c7c53b20e4a3735ba4b16a4d42468,What the EU's New AI Transparency Rules Mean,https://fstoppers.com/artificial-intelligence/what-eus-new-ai-transparency-rules-mean-903882,Alex Cooke,2026-08-06T02:52:23Z,shipping rates,"AI-generated images, video, audio, and certain text now have to be labeled in the European Union, and the rules reach any content shown to people inside the bloc no matter where you are based. Break them and the fines can climb to 15 million euros or 3 percen…",Fstoppers,Unknown,News,2026-08-10T07:45:01.198766Z
a88412ebafe02a5cf621fd5c617883c8,Chime Converts More Paychecks Into More Products,https://www.pymnts.com/earnings/2026/chime-converts-more-paychecks-into-more-products/,PYMNTS,2026-08-06T01:12:04Z,shipping rates,"For Chime Financial, direct deposit is proving to be the underwriting and repayment infrastructure for a growing lending business. That connection was clear in second-quarter results released after the markets closed Wednesday (Aug. 5). Instant Loan originati…",pymnts.com,Unknown,Market Report,2026-08-10T07:45:01.198810Z
0ababd7c1acb3131dd86eb8699b2e7e6,"Global Market Today: Asian stocks drop as AI rally pauses, oil dips",https://economictimes.indiatimes.com/markets/us-stocks/news/global-market-today-asian-stocks-drop-as-ai-rally-pauses-oil-dips/articleshow/132978857.cms,Bloomberg,2026-08-06T01:00:01Z,shipping rates,"Asian markets experienced a dip on Thursday as Wall Street's recent tech surge showed signs of slowing down. Crude oil prices also fell slightly after Iran and Oman reached a new agreement regarding the Strait of Hormuz. Meanwhile, Sandisk and Western Digital…",The Times of India,Global,Market Report,2026-08-10T07:45:01.198854Z
442c4573a3ae2b0783889fa77537e259,Gold Extends Gain as Hormuz Deal Progress Lowers Rate-Hike Odds,https://financialpost.com/pmn/business-pmn/gold-extends-gain-as-hormuz-deal-progress-lowers-rate-hike-odds,Bloomberg News,2026-08-06T00:56:47Z,shipping rates,Gold extended the biggest gain in six months as signs of progress in reopening the Strait of Hormuz eased energy-led pressure on the Federal Reserve to raise interest rates.,Financial Post,Unknown,Market Report,2026-08-10T07:45:01.198888Z
0b18f760768b3027762aed7bbbdf578b,"DJI Avata 360 Motion Goggles N3 Fly More Combo Drone, 8K 360° Imaging, free s&h $785.53",https://slickdeals.net/f/19847997-dji-avata-360-motion-goggles-n3-fly-more-combo-drone-8k-360-imaging-free-s-h-785-53,Tico22,2026-08-06T00:20:28Z,shipping rates,"On sale for $855.53. Total drops to *$785.53 + tax* after using $70 promo code YAECHOICE70 at checkout. (If that runs out, try these backup codes: YUSAF70 or USSR70) 
 
*This same model is on sale at...",Slickdeals.net,Unknown,News,2026-08-10T07:45:01.198929Z
157b7e4b28435fb0bddebc5b35397b19,"DJI Mini 5 Pro 4K Drone, 1-Inch CMOS, Obstacle Sensing; free s&h $656.37",https://slickdeals.net/f/19847970-dji-mini-5-pro-4k-drone-1-inch-cmos-obstacle-sensing-free-s-h-656-37,Tico22,2026-08-06T00:03:28Z,shipping rates,"On sale for $726.37. Total drops to *$656.37 + tax *after using $70 promo code YAECHOICE70 at checkout. (If that runs out, try these backup codes: YUSAF70 or USSR70) 
 
That’s *$27 less than the...",Slickdeals.net,Unknown,News,2026-08-10T07:45:01.198970Z
44a35ed72693c59d0c2c3bcc022620fc,$5 Promo Credit on $200+ Amazon Gift Card Spend (First 3000 Customers) @ Amazon AU,https://www.ozbargain.com.au/node/970390,kronosxmate,2026-08-05T23:57:08Z,shipping rates,The first 3000 orders who enter the promotional code “GCAUG5” in the “redeem a Gift Card or Promotional Code” box at checkout when purchasing $200 or more in Amazon.com.au Gift Cards in a …,Ozbargain.com.au,Unknown,News,2026-08-10T07:45:01.199015Z
dbba3214281e586d4f1cf40c3fcd15a0,"DJI Mini 5 Pro Fly More Combo (DJI RC 2); 4K Drone, 1-Inch CMOS, 3 Batteries, Obstacle Sensing; free s&h $902.09",https://slickdeals.net/f/19847949-dji-mini-5-pro-fly-more-combo-dji-rc-2-4k-drone-1-inch-cmos-3-batteries-obstacle-sensing-free-s-h-902-09,Tico22,2026-08-05T23:53:12Z,shipping rates,"On sale for $972.09. Total drops to *$902.09 + tax* after using $70 promo code YAECHOICE70 at checkout. (If that runs out, try these backup codes: YUSAF70 or USSR70) 
 
This same model is on sale at*...",Slickdeals.net,Unknown,News,2026-08-10T07:45:01.199054Z
44e75eb62c57d592e79e4d6ad7abac3f,"Insta360 X5 8K30fps 360 Action Camera Bundle, free s&h $359.53",https://slickdeals.net/f/19847931-insta360-x5-8k30fps-360-action-camera-bundle-free-s-h-359-53,Tico22,2026-08-05T23:31:54Z,shipping rates,"On sale for $414.53. Total drops to *$359.53 + tax* after using $55 promo code YAECHOICE55 at checkout. (If that runs out, try these backup codes: YUSAF55 or USSR55) 
 
*This same model is on sale at...",Slickdeals.net,Unknown,News,2026-08-10T07:45:01.199112Z
160e3fb83262bad12789a02ebaf461e3,"AOVOPRO AP07 Foldable Electric Adult Scooter, 10.5Ah 19mph, 23miles Max Range, Double shock absorption, free S&H $144.24",https://slickdeals.net/f/19847841-aovopro-ap07-foldable-electric-adult-scooter-10-5ah-19mph-23miles-max-range-double-shock-absorption-free-s-h-144-24,Tico22,2026-08-05T22:57:36Z,shipping rates,"On sale for $160.24. Total drops to *$144.24 + tax* after using $16 promo code YAECHOICE16 at checkout. (If that runs out, try these backup codes: YUSAF16 or USSR16) 
 
*This same model is on sale at...",Slickdeals.net,Unknown,News,2026-08-10T07:45:01.199150Z
4eff46a450d62082589484d779a12fce,Beyond Meat® Reports Second Quarter 2026 Financial Results,https://www.globenewswire.com/news-release/2026/08/05/3339855/0/en/Beyond-Meat-Reports-Second-Quarter-2026-Financial-Results.html,"Beyond Meat, Inc.",2026-08-05T22:09:00Z,shipping rates,"EL SEGUNDO, Calif., Aug. 05, 2026 (GLOBE NEWSWIRE) -- Beyond Meat, Inc. (NASDAQ: BYND), otherwise known as Beyond The Plant Protein Company™ (the “Company” or “Beyond Meat”), today reported financial results for its second quarter ended June 27, 2026.",GlobeNewswire,Unknown,Market Report,2026-08-10T07:45:01.199248Z
426060ed46ab0cf91694bde153f6985d,"The Build-It-Yourself Haven Ultra™ Cabin – $16,995 USD",https://silodrome.com/haven-ultra-bunkie/,Ben Branch,2026-08-09T06:30:56Z,freight rates,"This is the Haven Ultra™ Bunkie (or cabin) made by Canadian company Bunkie Life. Each one ships out in a flat packed box and...
The post The Build-It-Yourself Haven Ultra™ Cabin – $16,995 USD appeared first on Silodrome.",Silodrome.com,Unknown,News,2026-08-10T07:45:01.746553Z
45d8332c76cac6fd0b7693862be3eab8,ICL Group Q2 Earnings Call Highlights,https://www.marketbeat.com/instant-alerts/icl-group-q2-earnings-call-highlights-2026-08-08/?utm_source=yahoofinance&amp;utm_medium=yahoofinance,MarketBeat,2026-08-08T13:04:05Z,freight rates,"ICL Group (NYSE:ICL) reported higher second-quarter 2026 sales, earnings and cash flow, supported by stronger prices for potash, bromine and phosphate produc...",MarketBeat,Unknown,Market Report,2026-08-10T07:45:01.746678Z
bf1f3a022a4f3b8acb7e9f24932a2fb6,Hyster-Yale Q2 Earnings Call Highlights,https://www.marketbeat.com/instant-alerts/hyster-yale-q2-earnings-call-highlights-2026-08-08/?utm_source=yahoofinance&amp;utm_medium=yahoofinance,MarketBeat,2026-08-08T13:04:04Z,freight rates,"Hyster-Yale (NYSE:HY) said second-quarter results showed further signs of a gradual recovery in the lift truck market, with sequential gains in bookings, rev...",MarketBeat,Unknown,Market Report,2026-08-10T07:45:01.746707Z
031a5be0d3d49863d927491da06c7289,Hamilton Beach Brands Q2 Earnings Call Highlights,https://www.marketbeat.com/instant-alerts/hamilton-beach-brands-q2-earnings-call-highlights-2026-08-08/?utm_source=yahoofinance&amp;utm_medium=yahoofinance,MarketBeat,2026-08-08T11:03:49Z,freight rates,"Hamilton Beach Brands (NYSE:HBB) reported higher second-quarter revenue and operating profit, with results aided by a $36.5 million refund of tariffs imposed...",MarketBeat,Unknown,Market Report,2026-08-10T07:45:01.746777Z
e59a72263618cc141a77bf2969b243c1,FIGS Q2 Earnings Call Highlights,https://www.marketbeat.com/instant-alerts/figs-q2-earnings-call-highlights-2026-08-08/?utm_source=yahoofinance&amp;utm_medium=yahoofinance,MarketBeat,2026-08-08T08:03:59Z,freight rates,"FIGS (NYSE:FIGS) reported second-quarter fiscal 2026 revenue growth of 29% as demand increased across scrub wear, non-scrub apparel, international markets, i...",MarketBeat,Global,Market Report,2026-08-10T07:45:01.746889Z
b7da026a93674924c83492dfaf6713f9,"July thali costs rise as onions, oil and LPG get costlier: Report",https://economictimes.indiatimes.com/news/india/july-thali-costs-rise-as-onions-oil-and-lpg-get-costlier-report/articleshow/133041502.cms,ET Bureau,2026-08-07T19:05:58Z,freight rates,Home-cooked thali costs increased in July due to higher onion and oil prices. Vegetable oil and LPG cylinder prices also saw significant year-on-year increases. Onion prices climbed as rabi stocks entered the market and crop damage occurred. Potato and tomato…,The Times of India,Unknown,Market Report,2026-08-10T07:45:01.747089Z
f914fff8fded1cfc2ab758d2e679f5e3,"Miinor change in truck job numbers, bigger shift in warehouses",https://finance.yahoo.com/economy/articles/miinor-change-truck-job-numbers-163230456.html,John Kingston,2026-08-07T16:32:30Z,freight rates,"The level of employment in truck transportation circled back in July to where it was in February. The post Miinor change in truck job numbers, bigger shift i...",Yahoo Entertainment,Unknown,News,2026-08-10T07:45:01.747124Z
204a0e5630456fa2f29cbd84dc389f89,Transpacific Container Rates Rally as Europe’s Peak Season Fades,https://gcaptain.com/transpacific-container-rates-rally-as-europes-peak-season-fades/,The Loadstar,2026-08-07T16:02:34Z,freight rates,"European trades saw spot rates decline for a fourth consecutive week, with carriers cancelling or cutting back plans for rate boosting, but for those operating on the transpacific, the situation was far rosier, as increases were recorded for both US coasts.",gcaptain.com,Unknown,Market Report,2026-08-10T07:45:01.747168Z
ab256be5e3f81e01889f86500f8b9917,Lands’ End: This $400M Retailer Quietly Reinvented Its Business. Wall Street May Not Have Caught Up Yet – Initiation Report,https://finance.yahoo.com/markets/stocks/articles/lands-end-400m-retailer-quietly-154505048.html,Exec-Edge,2026-08-07T15:45:05Z,freight rates,"Download the Complete Report Here Lands’ End, Inc. (LE) WHP JV Sets the Stage for Debt-Light Growth and Value Creation The WHP JV transforms Lands’ End into...",Yahoo Entertainment,Unknown,Market Report,2026-08-10T07:45:01.747215Z
2164aceb0dcc1eba839a4157c9c711c5,Supply Chain and Logistics News Round Up of the Week (August 4th-7th 2026),https://logisticsviewpoints.com/2026/08/07/supply-chain-and-logistics-news-round-up-of-the-week-august-4th-7th-2026/,Gaven Simon,2026-08-07T11:00:03Z,freight rates,"The global supply chain landscape is transforming before our eyes this week, marked by a dual focus on radical simplification and high-frontier innovation. While automotive giants like BMW and Ford are aggressively stripping out complexity to safeguard margin…",Logisticsviewpoints.com,Global,News,2026-08-10T07:45:01.747365Z
3a8d45544f7ca29d8c5ffee6dee31aff,UNDER ARMOUR REPORTS FIRST QUARTER FISCAL 2027 RESULTS; MAINTAINS FULL-YEAR PROFITABILITY OUTLOOK WHILE UPDATING REVENUE EXPECTATIONS,https://www.prnewswire.com/news-releases/under-armour-reports-first-quarter-fiscal-2027-results-maintains-full-year-profitability-outlook-while-updating-revenue-expectations-302845564.html,,2026-08-07T10:55:00Z,freight rates,"BALTIMORE, Aug. 7, 2026 /PRNewswire/ -- Under Armour, Inc. (NYSE: UAA, UA) today announced unaudited financial results for the first quarter of fiscal 2027, which ended June 30, 2026. Results are reported in accordance with United States Generally Accepted Ac…",PRNewswire,USA,Analysis/Opinion,2026-08-10T07:45:01.747389Z
06757acb75fc3f8939fe3b3d5dfa5276,The road tax and TollRo enter a new phase. CNAIR announces when the new rates will take effect,https://www.mediafax.ro/english/the-road-tax-and-tollro-enter-a-new-phase-cnair-announces-when-the-new-rates-will-take-effect-23786758,Alexandra-Valentina Dumitru,2026-08-07T10:21:14Z,freight rates,Drivers and transport companies should take note of two important dates this fall. CNAIR has announced when the new rates for the road tax and TollRo will actually take effect.,Mediafax.ro,Unknown,Market Report,2026-08-10T07:45:01.747447Z
7eff3654390e779ea9fd59fc137374f1,Truck rentals hold steady in July as logistics sector eyes festive demand: Shriram Mobility Bulletin,https://www.thehindubusinessline.com/economy/logistics/truck-rentals-hold-steady-in-july-as-logistics-sector-eyes-festive-demand-shriram-mobility-bulletin/article71314913.ece,BL Chennai Bureau,2026-08-07T03:04:58Z,freight rates,"Truck rentals across key trunk routes remained steady in July, even as global market uncertainty weighed on goods and vehicle demand and uneven monsoon conditions affected freight movement.",BusinessLine,Global,Market Report,2026-08-10T07:45:01.747548Z
cd1d9c481cb6c9a5893698c801109655,Lassonde Industries Inc. announces its Q2-2026 results,https://financialpost.com/globe-newswire/lassonde-industries-inc-announces-its-q2-2026-results,GlobeNewswire,2026-08-06T21:16:38Z,freight rates,"ROUGEMONT, Quebec, Aug. 06, 2026 (GLOBE NEWSWIRE) — Lassonde Industries Inc. (TSX: LAS.A) (“Lassonde” or the “Corporation”) today announced its financial results for the second quarter of 2026. Financial Highlights:   Second quarters ended June 27, 2026 June …",Financial Post,Unknown,News,2026-08-10T07:45:01.747597Z
afaf4ad9c2066442c6618d317d31e7a6,Lassonde Industries Inc. announces its Q2-2026 results,https://www.globenewswire.com/news-release/2026/08/06/3340856/0/en/Lassonde-Industries-Inc-announces-its-Q2-2026-results.html,Lassonde Industries Inc,2026-08-06T21:15:00Z,freight rates,"ROUGEMONT, Quebec, Aug. 06, 2026 (GLOBE NEWSWIRE) -- Lassonde Industries Inc. (TSX: LAS.A) (“Lassonde” or the “Corporation”) today announced its financial results for the second quarter of 2026.",GlobeNewswire,Unknown,News,2026-08-10T07:45:01.747641Z
701fca96084182d30fcbc1ac9eea777a,Loma Negra Reports 2Q26 results,https://www.prnewswire.com/news-releases/loma-negra-reports-2q26-results-302845461.html,,2026-08-06T21:05:00Z,freight rates,"BUENOS AIRES, Argentina, Aug. 6, 2026 /PRNewswire/ -- Loma Negra, (NYSE: LOMA; BYMA: LOMA), (""Loma Negra"" or the ""Company""), the leading cement producer in Argentina, today announced results for the three-month period ended June 30, 2026 (our ""2Q26 Results"").…",PRNewswire,Unknown,Market Report,2026-08-10T07:45:01.747686Z
c330cc42672ce54ac36f3899364bf899,Uber Freight still unprofitable after big revenue jump,https://finance.yahoo.com/markets/stocks/articles/uber-freight-still-unprofitable-big-205131742.html,John Kingston,2026-08-06T20:51:31Z,freight rates,Uber Freight remained unprofitable though revenue rose. The post Uber Freight still unprofitable after big revenue jump appeared first on FreightWaves.,Yahoo Entertainment,Unknown,News,2026-08-10T07:45:01.747720Z
d4730af3f93669e54ef7217f6ad3e5e6,Mercer International Inc. Reports Second Quarter 2026 Results,https://www.globenewswire.com/news-release/2026/08/06/3340823/10647/en/Mercer-International-Inc-Reports-Second-Quarter-2026-Results.html,Mercer International Inc.,2026-08-06T20:30:00Z,freight rates,"Selected Highlights  Second quarter Operating EBITDA* of negative $21.0 million (net loss of $76.0 million), including a non-cash inventory impairment of...",GlobeNewswire,Global,Market Report,2026-08-10T07:45:01.747753Z
ade0a1accdfea255bb8f2bd1168a04bd,Historical Photos of Columbia River Log Rafts From Between the Late 19th and Early 20th Centuries,https://www.vintag.es/2026/08/columbia-river-log-rafts.html,Unknown,2026-08-06T16:40:34Z,freight rates,"In the 19th and early 20th centuries, the Columbia River served as the central highway for the Pacific Northwest’s booming timber industry. ...",Vintag.es,Unknown,News,2026-08-10T07:45:01.747794Z
1c43de4a89b5e5579eabcef28b512eac,FTAI Infrastructure Q2 Earnings Call Highlights,https://www.marketbeat.com/instant-alerts/ftai-infrastructure-q2-earnings-call-highlights-2026-08-06/?utm_source=yahoofinance&amp;utm_medium=yahoofinance,MarketBeat,2026-08-06T13:04:02Z,freight rates,"FTAI Infrastructure (NASDAQ:FIP) reported second-quarter adjusted EBITDA of $76.1 million, compared with $45.9 million in the prior-year period, as the compa...",MarketBeat,Unknown,Market Report,2026-08-10T07:45:01.747845Z
078b32fa57876e99270b9a1ef9722035,GigaCloud Technology Q2 Earnings Call Highlights,https://www.marketbeat.com/instant-alerts/gigacloud-technology-q2-earnings-call-highlights-2026-08-06/?utm_source=yahoofinance&amp;utm_medium=yahoofinance,MarketBeat,2026-08-06T13:04:02Z,freight rates,"GigaCloud Technology (NASDAQ:GCT) reported second-quarter revenue growth of 28% and record quarterly earnings per share, as the company cited marketplace exp...",MarketBeat,Unknown,Market Report,2026-08-10T07:45:01.747874Z
248f409d23bbf055339c037d17b1b784,"HMRC email updates, videos and webinars about importing and exporting",https://www.gov.uk/guidance/hmrc-email-updates-videos-and-webinars-about-importing-and-exporting,,2026-08-06T10:57:24Z,freight rates,Learn about about importing and exporting goods.,Www.gov.uk,Unknown,News,2026-08-10T07:45:01.747946Z
9d11bb1cd903b71ca35fe86e7900d6a8,BD Reports Third Quarter Fiscal 2026 Financial Results,https://www.prnewswire.com/news-releases/bd-reports-third-quarter-fiscal-2026-financial-results-302844166.html,,2026-08-06T10:30:00Z,freight rates,"Revenue of $5.0 billion increased 5.4% as reported, 4.4% FXN GAAP and adjusted diluted EPS from continuing operations of $1.64 and $3.23, respectively Year-to-date cash from continuing operations increased 33.3% to $2.1 billion and free cash flow increased 44…",PRNewswire,Unknown,Market Report,2026-08-10T07:45:01.747992Z
bedcd37a42ae5e18920e0de21b96daa9,TP ICAP Group Q2 Earnings Call Highlights,https://www.marketbeat.com/instant-alerts/tp-icap-group-q2-earnings-call-highlights-2026-08-06/?utm_source=yahoofinance&amp;utm_medium=yahoofinance,MarketBeat,2026-08-06T09:04:11Z,freight rates,"TP ICAP Group (LON:TCAP) reported an 8% increase in first-half revenue in constant currency, citing strong Global Broking performance, cost discipline and pr...",MarketBeat,Global,Market Report,2026-08-10T07:45:01.748070Z
5050f51bf03fdf7d5a24343f3f636984,New data shows US services sector steady,https://www.arkansasonline.com/news/2026/aug/06/new-data-shows-us-services-sector-steady/,Lucia Mutikani Reuters,2026-08-06T08:26:23Z,freight rates,"WASHINGTON -- The U.S. services sector maintained a strong pace of growth in July, but strong demand is colliding with supply constraints, driving up input costs for businesses and potentially keeping inflation elevated for a while.",Arkansas Online,Unknown,News,2026-08-10T07:45:01.748132Z
a44d23f98d6f9f272c2c1194486c0934,Dorian LPG Ltd. Q1 2027 Earnings Call Summary,https://app.moby.co/home/research/tools/earningsCalendar/earnings-dorian-lpg-ltd-q1-2027-earnings-call-summary?utm_source=yahoo_finance&amp;utm_medium=rss,Moby Intelligence,2026-08-06T02:17:04Z,freight rates,Moby summary of Dorian LPG Ltd.'s Q1 2027 earnings call,Moby.co,Unknown,News,2026-08-10T07:45:01.748194Z
2448d00d75e78f7d95ca313a476d2e7f,Forward Air Q2 Earnings Call Highlights,https://www.marketbeat.com/instant-alerts/forward-air-q2-earnings-call-highlights-2026-08-05/?utm_source=yahoofinance&amp;utm_medium=yahoofinance,MarketBeat,2026-08-06T02:04:00Z,freight rates,Forward Air (NASDAQ:FWRD) reported record quarterly operating revenue and its strongest consolidated EBITDA performance in more than two years during the sec...,MarketBeat,Unknown,Market Report,2026-08-10T07:45:01.748225Z
65a15bd3a7104bbb55ffed117d24d6f9,Why The Yen Isn't The Supply Chain Story Importers Should Be Watching,https://www.forbes.com/sites/izzyrosenzweig/2026/08/05/why-the-yen-isnt-the-supply-chain-story-importers-should-be-watching/,"Izzy Rosenzweig, Contributor, 
 Izzy Rosenzweig, Contributor
 https://www.forbes.com/sites/izzyrosenzweig/",2026-08-05T21:53:23Z,freight rates,"A weak yen grabbed headlines, but the real threat to import brands is Middle East freight disruption. The fix is diversifying shipping routes, not just factories.",Forbes,Unknown,News,2026-08-10T07:45:01.748261Z
d09f2a090a7b81cdb6a0f31759c1b056,OceanaGold Reports Second Quarter 2026 Results,https://www.prnewswire.com/news-releases/oceanagold-reports-second-quarter-2026-results-812128174.html,,2026-08-05T21:00:00Z,freight rates,"(All financial figures in United States dollars unless otherwise stated) Produced 138,800 ounces of gold, on track to deliver on full year guidance. Strong Free Cash Flow† of $130 million, with cash of $655 million and no debt at quarter end. Advanced growth …",PRNewswire,USA,Market Report,2026-08-10T07:45:01.748287Z
4a7311c5938a71757f719a572b4f17da,OceanaGold Reports Second Quarter 2026 Results,https://www.prnewswire.com/news-releases/oceanagold-reports-second-quarter-2026-results-302844241.html,,2026-08-05T21:00:00Z,freight rates,"(All financial figures in United States dollars unless otherwise stated) Produced 138,800 ounces of gold, on track to deliver on full year guidance. Strong Free Cash Flow† of $130 million, with cash of $655 million and no debt at quarter end. Advanced growth …",PRNewswire,USA,Market Report,2026-08-10T07:45:01.748304Z
54df7689e0e22d2dc0b42414e370c79b,Tronox Reports Second Quarter 2026 Financial Results,https://www.prnewswire.com/news-releases/tronox-reports-second-quarter-2026-financial-results-302844181.html,,2026-08-05T20:15:00Z,freight rates,"STAMFORD, Conn., Aug. 5, 2026 /PRNewswire/ -- Tronox Holdings plc (NYSE:TROX) (""Tronox"" or the ""Company""), the world's leading integrated manufacturer of titanium dioxide (""TiO2"") pigment, today reported its financial results for the quarter ending June 30, 2…",PRNewswire,Unknown,Market Report,2026-08-10T07:45:01.748349Z
189d820b34a7d28c39971d9da7f646fb,How Georgia’s modified comparative negligence rule and rising crash rates on I-285 are changing personal injury litigation,https://pagesix.com/contributor-content/how-georgias-modified-comparative-negligence-rule-and-rising-crash-rates-on-i-285-are-changing-personal-injury-litigation/,Kaitlyn Gomez,2026-08-05T19:27:20Z,freight rates,Atlanta’s highway safety statistics tell a difficult story.,Page Six,Unknown,Market Report,2026-08-10T07:45:01.748387Z
11e5b60cf4f249369d728a32acde8500,DHL 30% profit growth led by heavy air freight,https://finance.yahoo.com/markets/stocks/articles/dhl-30-profit-growth-led-192448774.html,Eric Kulisch,2026-08-05T19:24:48Z,freight rates,"DHL Group delivered strong results in the second quarter behind its Express division, which captured more heavyweight air cargo from logistics companies and...",Yahoo Entertainment,Unknown,News,2026-08-10T07:45:01.748420Z
7bcefd6c764392124fc9d223883ae0c8,Aramco's Record Profits Hide a Growing Cash Flow Crisis,https://finance.yahoo.com/energy/articles/aramcos-record-profits-hide-growing-170000879.html,Cyril Widdershoven,2026-08-05T17:00:00Z,freight rates,"While the balance sheet remains strong, rising capital spending, geopolitical risks to export routes, and weaker cash generation could eventually force diffi...",Yahoo Entertainment,Unknown,News,2026-08-10T07:45:01.748454Z
f958914ca47f6e04c9ed8a7ba55606bf,Aramco's Record Profits Hide a Growing Cash Flow Crisis,https://oilprice.com/Energy/Energy-General/Aramcos-Record-Profits-Hide-a-Growing-Cash-Flow-Crisis.html,Cyril Widdershoven,2026-08-05T17:00:00Z,freight rates,"While most media are focusing on the financial windfall due to the geopolitical turmoil (Iran war), Saudi Aramco's second-quarter 2026 results hide risks facing the Kingdom. The world’s largest oil producer’s adjusted net income has reached $33.4 billion, tak…",OilPrice.com,Unknown,News,2026-08-10T07:45:01.748507Z
8ce7e9707449ac9fe505480666ce7f18,Services PMI® at 54.1%; July 2026 ISM® Services PMI® Report,https://www.prnewswire.com/news-releases/services-pmi-at-54-1-july-2026-ism-services-pmi-report-302843134.html,,2026-08-05T14:00:00Z,freight rates,"Business Activity Index at 59.1%; New Orders Index at 57.2%; Employment Index at 47.4%; Supplier Deliveries Index at 52.8% TEMPE, Ariz., Aug. 5, 2026 /PRNewswire/ -- Economic activity in the services sector continued to expand in July, say the nation's purcha…",PRNewswire,Unknown,Market Report,2026-08-10T07:45:01.748553Z
984aa7408c4775b43aef7ea307363948,PACCAR Stock: Is Wall Street Bullish or Bearish?,https://www.barchart.com/story/news/3664112/paccar-stock-is-wall-street-bullish-or-bearish,Kritika Sarmah,2026-08-05T13:26:11Z,freight rates,"Despite its strong outperformance over the past year, analysts remain moderately optimistic about PACCAR's future growth prospects.",Barchart.com,Unknown,News,2026-08-10T07:45:01.748585Z
7716043c3c51d7fa2e3f6437cec38b4c,1stdibs.com Q2 Earnings Call Highlights,https://www.marketbeat.com/instant-alerts/1stdibscom-q2-earnings-call-highlights-2026-08-05/?utm_source=yahoofinance&amp;utm_medium=yahoofinance,MarketBeat,2026-08-05T13:04:12Z,freight rates,"1stdibs.com (NASDAQ:DIBS) reported second-quarter results that exceeded its guidance range, with gross merchandise value (GMV) returning to year-over-year gr...",MarketBeat,Unknown,Market Report,2026-08-10T07:45:01.748616Z
1f514f8e6bf92c567118eb00368be073,Explosions rock Dubai’s Jebel Ali Free Zone as conflicting accounts muddy the picture,https://cryptobriefing.com/dubai-jebel-ali-explosions-crypto-impact/,Editorial Team,2026-08-05T12:53:27Z,freight rates,"The explosions in Jebel Ali highlight vulnerabilities in global supply chains and could escalate geopolitical tensions, affecting regional stability.
The post Explosions rock Dubai’s Jebel Ali Free Zone as conflicting accounts muddy the picture appeared first…",Crypto Briefing,Global,News,2026-08-10T07:45:01.748669Z
1ef3564b1be7c9b51e4f7691463a23e9,Brookfield Asset Management Announces Record Second Quarter Results,https://www.globenewswire.com/news-release/2026/08/05/3339313/0/en/Brookfield-Asset-Management-Announces-Record-Second-Quarter-Results.html,Brookfield Asset Management Ltd,2026-08-05T12:44:00Z,freight rates,"Fundraised a Record $77 Billion in the Second Quarter; $98 Billion Year-to-Date QuarterlyFee-Related Earnings of $808 Million, Up 20% Year-Over-Year Quarterly DistributableEarnings of $707 Million, Up 15% Year-Over-YearAdvanced our Leadership Position in AI I…",GlobeNewswire,Unknown,News,2026-08-10T07:45:01.748718Z
a57ae9996f3b36b7f49a67e8905eacae,"Philadelphia’s failing air quality hits hardest in neighborhoods near industry and highways, where asthma rates soar",https://theconversation.com/philadelphias-failing-air-quality-hits-hardest-in-neighborhoods-near-industry-and-highways-where-asthma-rates-soar-286744,"Qian He, Assistant Professor of Geography, Planning and Sustainability, Rowan University, Mahbubur Meenar, Professor of Urban & Regional Planning, Rowan University, Sean Olcese, Graduate Research Fellow, Rowan University",2026-08-05T12:33:21Z,freight rates,"Greater Philadelphia earned failing air quality grades. A new study finds higher asthma rates near industry and major roads, especially where green space is scarce.",The Conversation Africa,Unknown,Market Report,2026-08-10T07:45:01.748761Z
d14434e5ab54c553cc75ff4be0bd2af9,Uber Revenue Climbs 12% to $14.2 Billion as Delivery Growth Offsets Weak Q3 Guidance Here's Why,https://www.ibtimes.com.au/ubers-q2-revenue-profit-surge-record-trip-volumes-1873623,George Anton,2026-08-05T12:05:03Z,freight rates,"Uber's Q2 revenue and profit rose due to delivery growth and record trip volumes, but shares fell after Q3 guidance missed expectations. The company continues to expand its platform and autonomous vehicle strategy.",Ibtimes.com.au,Unknown,News,2026-08-10T07:45:01.748803Z
42ded5ff5805f1ab9cb64cd34c62976d,Novelis Reports First Quarter Fiscal Year 2027 Results,https://www.prnewswire.com/news-releases/novelis-reports-first-quarter-fiscal-year-2027-results-302843634.html,,2026-08-05T10:12:00Z,freight rates,"Q1 Fiscal Year 2027 Highlights Net income attributable to our common shareholder of $164 million, up 71% YoY. Net income attributable to our common shareholder, excluding special items, was $265 million, up 128% YoY Adjusted EBITDA of $516 million, up 24% YoY…",PRNewswire,Unknown,Market Report,2026-08-10T07:45:01.748892Z
3419ff24f3f796843e3c39751041b9fa,A deal with Iran on the Strait of Hormuz—with a truckload of caveats—could come as soon as today,https://fortune.com/2026/08/05/iran-deal-strait-of-hormuz-trump/,Jim Edwards,2026-08-05T10:03:56Z,freight rates,Everything you need to know before you reach the office this morning.,Fortune,Unknown,News,2026-08-10T07:45:01.748927Z
5ec44948330258876e5f1a5b2c5663cd,Videndum H1 Earnings Call Highlights,https://www.marketbeat.com/instant-alerts/videndum-h1-earnings-call-highlights-2026-08-05/?utm_source=yahoofinance&amp;utm_medium=yahoofinance,MarketBeat,2026-08-05T09:04:08Z,freight rates,"Videndum (LON:VID) reported a difficult first half of 2026, with revenue broadly flat on a like-for-like constant-currency basis after adjusting for disconti...",MarketBeat,Unknown,Market Report,2026-08-10T07:45:01.748959Z
a7f53014ea9301b896881c0712b1036a,Europe is blowing up riverbeds as an extreme drought wreaks havoc on its economy,https://www.cnbc.com/2026/08/05/drought-rhine-danube-water-levels-economy.html,Sam Meredith,2026-08-05T06:01:47Z,freight rates,Severe drought is disrupting energy and freight across Europe as low Rhine and Danube levels raise risks for supply chains and economic growth.,CNBC,Unknown,News,2026-08-10T07:45:01.748995Z
688f6de5af8f28b002a0c5bcd5baeeb7,RBI MPC Meeting 2026: Sanjay Malhotra & team keeps repo rate at 5.25% as global risks linger with Iran war flare-up,https://economictimes.indiatimes.com/news/economy/policy/rbi-monetary-policy-meeting-2026-sanjay-malhotra-major-announcements-repo-rate-updates-key-takeaways-key-decisions-status-quo-5-25-as-global-risks-iran-war-flare-up/articleshow/132888864.cms,ET Online,2026-08-05T04:33:37Z,freight rates,RBI Monetary Policy Meeting 2026: The Reserve Bank of India's Monetary Policy Committee maintained the benchmark repo rate at 5.25 percent. Policymakers are carefully observing geopolitical uncertainties and rising inflationary pressures. Domestic economic gr…,The Times of India,India,News,2026-08-10T07:45:01.749027Z
81aa2aacac88d71e52b4da531e64b9a2,86-year-old furniture chain closes stores after decades in business,https://www.thestreet.com/retail/gormans-home-furnishings-store-closures,Fernanda Tronco,2026-08-04T23:00:00Z,freight rates,"Another longtime family-owned retailer is shutting down multiple locations after more than 80 years in business, reflecting the growing pressures facing furn...",TheStreet,Unknown,News,2026-08-10T07:45:01.749072Z
e173614f60bf4aa7d3782d5d6a456ec7,Ball Corporation Q2 2026 Earnings Call Summary,https://app.moby.co/home/research/tools/earningsCalendar/earnings-ball-corporation-q2-2026-earnings-call-summary?utm_source=yahoo_finance&amp;utm_medium=rss,Moby Intelligence,2026-08-04T21:44:31Z,freight rates,Moby summary of Ball Corporation's Q2 2026 earnings call,Moby.co,Unknown,News,2026-08-10T07:45:01.749099Z
eaa91f697468992848b47673fade37ba,BellRing Brands Q3 Earnings Call Highlights,https://www.marketbeat.com/instant-alerts/bellring-brands-q3-earnings-call-highlights-2026-08-04/?utm_source=yahoofinance&amp;utm_medium=yahoofinance,MarketBeat,2026-08-04T21:03:55Z,freight rates,"BellRing Brands (NYSE:BRBR) reported third-quarter fiscal 2026 net sales growth that exceeded its expectations, but lowered its profitability outlook as inve...",MarketBeat,Unknown,Analysis/Opinion,2026-08-10T07:45:01.749126Z
a88e176f2e71c0d61ee8637691294294,HYSTER-YALE ANNOUNCES SECOND QUARTER 2026 RESULTS,https://www.prnewswire.com/news-releases/hyster-yale-announces-second-quarter-2026-results-302842994.html,,2026-08-04T20:57:00Z,freight rates,Q2 2026 Consolidated Highlights: Bookings of $680 million represent the fourth consecutive quarter of growth; 17% higher sequentially and twice the level of Q2 2025 Revenue increased sequentially as stronger bookings began to translate into higher shipments O…,PRNewswire,Unknown,News,2026-08-10T07:45:01.749173Z
f13b0944b699022d84a518c33abad2d9,BRISTOW GROUP REPORTS SECOND QUARTER 2026 RESULTS,https://www.prnewswire.com/news-releases/bristow-group-reports-second-quarter-2026-results-302842957.html,,2026-08-04T20:30:00Z,freight rates,"COMPLETES THE ACQUISITION OF BERRY AVIATION HOUSTON, Aug. 4, 2026 /PRNewswire/ -- Second Quarter Highlights Total revenues of $411.8 million in Q2 2026 compared to $388.7 million in Q1 2026 Net income of $21.2 million, or $0.70 per diluted share, in Q2 2026 c…",PRNewswire,Unknown,Market Report,2026-08-10T07:45:01.749215Z
3cff37cef9b5963855c0e50a0e3d035d,Atlas Energy Solutions Q2 Earnings Call Highlights,https://www.marketbeat.com/instant-alerts/atlas-energy-solutions-q2-earnings-call-highlights-2026-08-04/?utm_source=yahoofinance&amp;utm_medium=yahoofinance,MarketBeat,2026-08-04T20:04:01Z,freight rates,"Atlas Energy Solutions (NYSE:AESI) reported second-quarter revenue of $293.2 million and adjusted EBITDA of $49.5 million, representing an adjusted EBITDA ma...",MarketBeat,Unknown,Market Report,2026-08-10T07:45:01.749247Z
a6705cc78966a4a5bbd74e3855bcb413,China's EV Boom Is Quietly Undermining Oil's Biggest Chokepoint,https://finance.yahoo.com/energy/articles/chinas-ev-boom-quietly-undermining-200000991.html,Leon Stille,2026-08-04T20:00:00Z,freight rates,"China’s electric vehicles displaced an estimated 34 million tonnes of oil in the first half of 2026, equivalent to roughly 1.35 million barrels per day.",Yahoo Entertainment,China,News,2026-08-10T07:45:01.749265Z
6d3638e364b8718f5216cd24a9640eb2,China's EV Boom Is Quietly Undermining Oil's Biggest Chokepoint,https://oilprice.com/Energy/Energy-General/Chinas-EV-Boom-Is-Quietly-Undermining-Oils-Biggest-Chokepoint.html,Leon Stille,2026-08-04T20:00:00Z,freight rates,"The conventional view of the Hormuz crisis is that China has been caught in an energy trap. It is the world’s largest crude importer, the Gulf remains one of its most important sources of supply, and an estimated 45–50% of Chinese crude imports normally trans…",OilPrice.com,China,Analysis/Opinion,2026-08-10T07:45:01.749279Z
06c5fa94a250b76cd045cdb67b01256b,Matson profit surges 30% on China shipping demand,https://finance.yahoo.com/markets/stocks/articles/matson-profit-surges-30-china-194054815.html,Stuart Chirls,2026-08-04T19:40:54Z,freight rates,"Matson exceeded Q2 2026 earnings expectations, fueled by strong demand and increased freight rates in its premium China service. The post Matson profit surge...",Yahoo Entertainment,China,Market Report,2026-08-10T07:45:01.749290Z
b907d216e8a683093d820e894e303748,"Strong quarter for Expeditors, air freight leads the way",https://finance.yahoo.com/markets/stocks/articles/strong-quarter-expeditors-air-freight-153423050.html,John Kingston,2026-08-04T15:34:23Z,freight rates,"Pretty much everything was higher at Expeditors in the second quarter. The post Strong quarter for Expeditors, air freight leads the way appeared first on Fr...",Yahoo Entertainment,Unknown,News,2026-08-10T07:45:01.749341Z
b8c1f193b689c644ee4761f16a6cb678,Strong finish: Ocean lines raise profit outlook by 200%,https://finance.yahoo.com/markets/stocks/articles/strong-finish-ocean-lines-raise-143405426.html,Stuart Chirls,2026-08-04T14:34:05Z,freight rates,"Ocean Network Express liners expect the coming quarter to carry 2026, raising its full-year profit outlook by 200%. The post Strong finish: Ocean lines raise...",Yahoo Entertainment,Unknown,Analysis/Opinion,2026-08-10T07:45:01.749370Z
5d20cb0f3f4734414108cc905ef1b569,"Energizer Holdings, Inc. Announces Fiscal 2026 Third Quarter Results",https://apnews.com/press-release/pr-newswire/press-release-e2ba08245d8ddba62d809c6fca9d6af0,,2026-08-04T13:42:55Z,freight rates,"Third Quarter Highlights Net sales of $734.1 million, +1.2% to prior year and +2.7% organic increase(1) Gross Margin of 38.2% and 39.2% on an adjusted basis(1) Earnings per share of $0.58 & Adjusted Earnings per share of $0.75(1) Updating fiscal year outlook …",Associated Press,Unknown,Analysis/Opinion,2026-08-10T07:45:01.749411Z
8951c345326c830066ae3bacedf1d2c8,"Transportation capacity falls faster in July, rates remains high",https://finance.yahoo.com/economy/articles/transportation-capacity-falls-faster-july-130441608.html,Todd Maiden,2026-08-04T13:04:41Z,freight rates,"The transportation market remained very tight in July, despite a modest slowdown from a seasonally stronger June. The post Transportation capacity falls fast...",Yahoo Entertainment,Unknown,Market Report,2026-08-10T07:45:01.749442Z
18c7e4664547c2d42adebccf7daec419,Review: 60494 Dump Truck & Front End Loader,https://brickset.com/article/133607/review-60494-dump-truck-front-end-loader,FlagsNZ,2026-08-04T13:00:00Z,freight rates,"LEGO City construction machines are one of the most loved perennial sub-themes of the LEGO City landscape. This year there are three construction sets released under the LEGO City banner.

As the set name suggests, 60494 Dump Truck & Front End Loader contains…",Brickset.com,Unknown,Analysis/Opinion,2026-08-10T07:45:01.749482Z
4b8c8049d60a706e9214bdd1f95af520,"Matson, Inc. Q2 2026 Earnings Call Summary",https://app.moby.co/home/research/tools/earningsCalendar/earnings-matson-inc-q2-2026-earnings-call-summary?utm_source=yahoo_finance&amp;utm_medium=rss,Moby Intelligence,2026-08-04T12:30:00Z,freight rates,"Moby summary of Matson, Inc.'s Q2 2026 earnings call",Moby.co,Unknown,News,2026-08-10T07:45:01.749507Z
fb19b4bee2c4b83221ffceea80cc7ced,Inventory Stockpiling Drives 19% Revenue Surge at CMA CGM,https://wwd.com/sourcing-journal/logistics/cma-cgm-inventory-stockpiling-revenue-surge-q2-1239092365/,Glenn Taylor,2026-08-04T12:30:00Z,freight rates,Higher freight rates and a rebound in trans-Pacific volumes lifted the ocean carrier's second quarter results as importers rushed to rebuild inventories ahea...,WWD,Unknown,Market Report,2026-08-10T07:45:01.749538Z
d511be7b235fd5a9cb2aee50e04bfa2e,Inventory Stockpiling Drives 19% Revenue Surge at CMA CGM,http://wwd.com/sourcing-journal/logistics/cma-cgm-inventory-stockpiling-revenue-surge-q2-1239092365/,Glenn Taylor,2026-08-04T12:30:00Z,freight rates,Higher freight rates and a rebound in trans-Pacific volumes lifted the ocean carrier's second quarter results as importers rushed to rebuild inventories ahead of tariffs and rising fuel costs.,WWD,Unknown,Market Report,2026-08-10T07:45:01.749568Z
8f8912318ff475c86edb0cf13ac00fa4,Truck capacity tightens as shippers pay more for less,https://finance.yahoo.com/economy/articles/truck-capacity-tightens-shippers-pay-120000729.html,Thomas Wasson,2026-08-04T12:00:00Z,freight rates,"Shippers moved less freight in the second quarter and paid sharply more to do it. Tightening truck capacity, not fuel, did most of the damage to their transp...",Yahoo Entertainment,Unknown,News,2026-08-10T07:45:01.749603Z
aeae3ab6757a0bf801fa12ed01c48b05,"Pidilite Industries posts 27.7% jump in Q1 profit, revenue up 22% to ₹4,237 crore",https://www.thehindubusinessline.com/companies/pidilite-industries-posts-277-jump-in-q1-profit-revenue-up-22-to-4237-crore/article71304964.ece,Anupama Ghosh,2026-08-04T11:13:01Z,freight rates,"Pidilite Industries reports a 27.7% Q1 profit increase, with revenues rising 22% to ₹4,237 crore, driven by strong growth.",BusinessLine,Unknown,Market Report,2026-08-10T07:45:01.749642Z
cf4c1b974fe329ec67e1e3be43c11226,"Energizer Holdings, Inc. Announces Fiscal 2026 Third Quarter Results",https://www.prnewswire.com/news-releases/energizer-holdings-inc-announces-fiscal-2026-third-quarter-results-302842128.html,,2026-08-04T10:50:00Z,freight rates,"Third Quarter Highlights Net sales of $734.1 million, +1.2% to prior year and +2.7% organic increase(1) Gross Margin of 38.2% and 39.2% on an adjusted basis(1) Earnings per share of $0.58 & Adjusted Earnings per share of $0.75(1) Updating fiscal year outlook …",PRNewswire,Unknown,Analysis/Opinion,2026-08-10T07:45:01.749678Z
2e2de7e62b301b1eda74321e9b36f398,Rhine Set for More Disruption After Hitting Lowest on Record,https://gcaptain.com/rhine-set-for-more-disruption-after-hitting-lowest-on-record/,Bloomberg,2026-08-04T10:30:18Z,freight rates,"Disruptions on one of Europe’s most important trade arteries are poised to intensify after the Rhine fell to the lowest on record ahead of the peak summer dry season, with conditions likely to worsen in the weeks ahead.",gcaptain.com,Unknown,News,2026-08-10T07:45:01.749725Z
7c53d1e94862286c7b3830cb15655a9d,Ingredion Incorporated Reports Second Quarter 2026 Results,https://www.globenewswire.com/news-release/2026/08/04/3338106/0/en/Ingredion-Incorporated-Reports-Second-Quarter-2026-Results.html,Ingredion Incorporated,2026-08-04T10:03:00Z,freight rates,Ingredion Incorporated reports second quarter 2026 results...,GlobeNewswire,Unknown,Market Report,2026-08-10T07:45:01.749752Z
dc1618e06a889e5f183809ab2c39fd17,Rhine Set for More Disruption After Hitting Lowest on Record,https://financialpost.com/pmn/business-pmn/rhine-set-for-more-disruption-after-hitting-lowest-on-record,Bloomberg News,2026-08-04T09:50:11Z,freight rates,"Disruptions on one of Europe’s most important trade arteries are poised to intensify after the Rhine fell to the lowest on record ahead of the peak summer dry season, with conditions likely to worsen in the weeks ahead.",Financial Post,Unknown,News,2026-08-10T07:45:01.749783Z
a60af423ff5d3b540405a59292aa9526,Reserve Bank of India expected to hold rates steady as energy costs cloud inflation outlook,https://cryptobriefing.com/rbi-interest-rates-unchanged-energy-inflation/,Editorial Team,2026-08-04T01:40:03Z,freight rates,"India's economic growth faces challenges as energy costs rise, impacting inflation and investment decisions, including in crypto markets.
The post Reserve Bank of India expected to hold rates steady as energy costs cloud inflation outlook appeared first on Cr…",Crypto Briefing,India,Analysis/Opinion,2026-08-10T07:45:01.749903Z
f2fddf4da1409b8027ad9c6f32534c82,Big Oil Warns Global Fuel Stocks Are Running Dangerously Low,https://oilprice.com/Energy/Energy-General/Big-Oil-Warns-Global-Fuel-Stocks-Are-Running-Dangerously-Low.html,Irina Slav,2026-08-03T23:00:00Z,freight rates,"The world is running short on fuels—the warning was first issued by some analysts who were watching the physical market rather than futures charts. Now, Big Oil is joining the chorus of warnings, with Shell, Exxon and Chevron all saying that prices at the pum…",OilPrice.com,Global,Market Report,2026-08-10T07:45:01.749992Z
b808cbef4cfc34beda732a8f15902d9b,Big Oil Warns Global Fuel Stocks Are Running Dangerously Low,https://finance.yahoo.com/energy/articles/big-oil-warns-global-fuel-230000108.html,Irina Slav,2026-08-03T23:00:00Z,freight rates,"Refining capacity has been hit by wars and export restrictions, with disruptions in the Middle East and Ukraine, China's fuel export caps, and Russia's diese...",Yahoo Entertainment,China,News,2026-08-10T07:45:01.750008Z
fb30824f7c39297edbf913230ff71a7e,"MATSON, INC. ANNOUNCES SECOND QUARTER 2026 RESULTS AND RAISES FULL YEAR OUTLOOK",https://www.prnewswire.com/news-releases/matson-inc-announces-second-quarter-2026-results-and-raises-full-year-outlook-302841264.html,,2026-08-03T20:05:00Z,freight rates,2Q26 EPS of $4.27 versus $2.92 in 2Q25 2Q26 Net Income of $129.4 million versus $94.7 million in 2Q25 2Q26 Consolidated Operating Income of $158.9 million versus $113.0 million in 2Q25 2Q26 EBITDA of $211.0 million versus $163.6 million in 2Q25 Repurchased ap…,PRNewswire,Unknown,Analysis/Opinion,2026-08-10T07:45:01.750048Z
6d8da574ba094bed0631dd82e8755cba,Clarksons Cashes In on Shipping Chaos,https://app.moby.co/home/news/news-clarksons-cashes-in-on-shipping-chaos?utm_source=yahoo_finance&amp;utm_medium=rss,Mark Nichols,2026-08-03T19:35:01Z,freight rates,"The shipbroker delivered record first-half profits as war, rerouting and trade disruption turned volatility into commission.",Moby.co,Unknown,News,2026-08-10T07:45:01.750098Z
7d1d33210614f30834be79eb58c89878,Are red snappers easy to catch?,https://www.lifesciencesworld.com/are-red-snappers-easy-to-catch/,Ava Reynolds,2026-08-09T02:11:24Z,charter rates,"Are Red Snappers Easy to Catch? Unveiling the Truth Behind This Prized Fish Whether red snappers are easy to catch depends on several factors, including location, time of year, fishing regulations, and your angling skill. While they can be abundant in certain…",Lifesciencesworld.com,Unknown,News,2026-08-10T07:45:02.182780Z
6ffafbd329d4e3cfa7edf78f18072cd0,DHT Q2 Earnings Call Highlights,https://www.marketbeat.com/instant-alerts/dht-q2-earnings-call-highlights-2026-08-07/?utm_source=yahoofinance&amp;utm_medium=yahoofinance,MarketBeat,2026-08-08T04:03:55Z,charter rates,"DHT (NYSE:DHT) reported its strongest quarter on record in the second quarter of 2026, as elevated tanker rates and commercial performance drove net income a...",MarketBeat,Unknown,Market Report,2026-08-10T07:45:02.182910Z
187810bf5d5a1698820f3c6302de3a60,"How much is needed in superannuation to target a $90,000 annual passive income?",https://www.fool.com.au/2026/08/08/how-much-is-needed-in-superannuation-to-target-a-90000-annual-passive-income/,Tristan Harrison,2026-08-07T23:30:00Z,charter rates,"Investors can unlock tens of thousands of dollars in dividends through superannuation.
The post How much is needed in superannuation to target a $90,000 annual passive income? appeared first on The Motley Fool Australia.",Motley Fool Australia,Australia,News,2026-08-10T07:45:02.182930Z
eb1b427786b266796e76df4c69986bae,Global economic policy seems to be at the mercy of Bessent's to-do list,https://www.abc.net.au/news/2026-08-08/yen-japan-united-states-euro-asia-financial-crisis-scott-bessent/107006174,Laura Tingle,2026-08-07T19:00:00Z,charter rates,"Global economic policy now seems at the mercy of an exceptionally casual approach to information, scribbled on a notepad, awaiting an update on Scott Bessent's to-do list.",ABC News (AU),Global,News,2026-08-10T07:45:02.183014Z
449b70260ed24d23583ef7c116de5147,How a years-long rise in teacher turnover reshaped American classrooms,http://www.dallasobserver.com/news/teacher-turnover-reshaped-american-classrooms-40701868/,"Matt Barnum, Chalkbeat",2026-08-07T13:00:00Z,charter rates,"From 2020 to 2025, Texas lost 35,000 teachers who would have stayed in the classroom if the state had kept up its pre-pandemic turnover figures.",Dallas Observer,USA,News,2026-08-10T07:45:02.183161Z
009dfca878c719d02ee1b2490497dc59,Kansas City Royals news: Lynch starting tonight,https://www.royalsreview.com/kansas-city-royals-news/103492/kansas-city-royals-news-lynch-starting-tonight-rr20260807,Frank Williams,2026-08-07T12:00:00Z,charter rates,Last night’s game was a Bummer,Royals Review,Unknown,News,2026-08-10T07:45:02.183188Z
be3a0acf2fb74a4d10b0c4e690b33d70,Analyst Report: Shopify Inc,https://finance.yahoo.com/research/reports/ARGUS_4837_AnalystReport_1786040077000/,,2026-08-06T18:14:37Z,charter rates,"At Yahoo Finance, you get free stock quotes, up-to-date news, portfolio management resources, international market data, social interaction and mortgage rates that help you manage your financial life.",Yahoo Entertainment,Global,Market Report,2026-08-10T07:45:02.183315Z
dee587a3af0cc8c9bffecbc0b273be24,"Bernstein praises Circle’s Q2 results, counters bearish concerns with Arc and partnership upside",https://cryptobriefing.com/bernstein-circle-q2-arc-bullish/,Editorial Team,2026-08-06T12:24:35Z,charter rates,"Circle's strategic partnerships and regulatory advancements position it for robust growth, despite competitive pressures in the stablecoin market.
The post Bernstein praises Circle’s Q2 results, counters bearish concerns with Arc and partnership upside appear…",Crypto Briefing,Unknown,Market Report,2026-08-10T07:45:02.183367Z
929dd55b93cf7ba371178b80ae8caadd,Nayax Files Application to Establish Nayax America Bank in the United States,https://www.globenewswire.com/news-release/2026/08/06/3340151/0/en/Nayax-Files-Application-to-Establish-Nayax-America-Bank-in-the-United-States.html,Nayax Ltd,2026-08-06T11:30:00Z,charter rates,Nayax deepens its financial relationship with U.S. customers by adding embedded banking services to the payments already run on the Nayax platform Nayax deepens its financial relationship with U.S. customers by adding embedded banking services to the payments…,GlobeNewswire,USA,News,2026-08-10T07:45:02.183447Z
2047a23dbb94eb833b071df0c700f47e,Trade Liberalization Never Lifted All Boats,https://www.nakedcapitalism.com/2026/08/trade-liberalization-never-lifted-all-boats.html,Yves Smith,2026-08-06T07:15:59Z,charter rates,"While selective trade liberalization has benefited powerful corporate interests and some others, most have lost out.",Nakedcapitalism.com,Unknown,News,2026-08-10T07:45:02.183482Z
9bc2058e6a1d9f6a30354b4dc8a4b74b,OSB GROUP PLC Interim Report for the six months ended 30 June 2026,https://www.globenewswire.com/news-release/2026/08/06/3339942/0/en/OSB-GROUP-PLC-Interim-Report-for-the-six-months-ended-30-June-2026.html,OSB GROUP PLC,2026-08-06T06:00:00Z,charter rates,6 August 2026                                                                LEI: 213800ZBKL9BHSL2K459  This announcement contains inside information for...,GlobeNewswire,Unknown,Market Report,2026-08-10T07:45:02.183515Z
fa20c4efb8d7b0b742e11ebe3af2fa75,Economic Digest: A Snapshot of Nepal’s Business News,https://english.khabarhub.com/2026/06/561981/,Khabarhub,2026-08-06T02:15:44Z,charter rates,"KATHMANDU: Economic Digest presents a brief yet comprehensive roundup of major business developments in Nepal, delivered in clear and accessible summaries. The collection of economic and policy developments presents a picture of an economy that is showing sig…",Khabarhub.com,Unknown,News,2026-08-10T07:45:02.183598Z
302ae5099441c6c52bcb22fbbce4a91a,"MiB: Mike Kelly, President and CIO, Future Standard",https://ritholtz.com/2026/08/mib-mike-kelly/,Barry Ritholtz,2026-08-05T21:00:59Z,charter rates,"This week, a special bonus episode! I speak with Mike Kelly. He’s president and chief investment officer of Future Standard and a member of the firm’s management committee. We discuss his career on Wall Street, from his time at Omega Advisors and Tiger Manage…",Ritholtz.com,Unknown,News,2026-08-10T07:45:02.183649Z
9348d424ee041acf8b0835f933bf2d5f,"Circle posts $701M in Q2 revenue as BlackRock, Visa join Arc validator set ahead of mainnet launch",https://cryptobriefing.com/circle-q2-revenue-arc-mainnet-validators/,Editorial Team,2026-08-05T17:02:23Z,charter rates,"Circle's strategic partnerships and regulatory advancements position it as a pivotal player in institutional crypto, despite margin pressures.
The post Circle posts $701M in Q2 revenue as BlackRock, Visa join Arc validator set ahead of mainnet launch appeared…",Crypto Briefing,Unknown,News,2026-08-10T07:45:02.183704Z
52bcb8f9ca42f4fd4c589f2dbb1612fd,Circle shares fall nearly 4% as revenue miss overshadows quarterly profit beat,https://economictimes.indiatimes.com/markets/us-stocks/news/circle-shares-fall-nearly-4-as-revenue-miss-overshadows-quarterly-profit-beat/articleshow/132948385.cms,Reuters,2026-08-05T16:00:04Z,charter rates,"Circle's profits in the second quarter significantly outperformed expectations, attributed to the growing adoption of USDC tokens. The surge in USDC circulation, accompanied by a marked increase in onchain transaction activity, highlighted a positive trend. D…",The Times of India,Unknown,News,2026-08-10T07:45:02.183758Z
f4785fd1165439eb8e0479f7b5dacccf,Circle Wants AI Payments to Create an Entirely New Stablecoin Market,https://www.pymnts.com/earnings/2026/circle-wants-ai-payments-to-create-an-entirely-new-stablecoin-market/,PYMNTS,2026-08-05T15:21:04Z,charter rates,Circle’s latest earnings suggest USDC is beginning to separate from the crypto cycle just as autonomous software agents create a potentially new market for digital payments. But the company’s second quarter 2026 earnings call Wednesday (Aug. 5) exposed the ce…,pymnts.com,Unknown,Market Report,2026-08-10T07:45:02.183803Z
537f86caa554df5983b1f4b6f3db736b,Ex-regulator frets over OCC brain drain,https://www.bankingdive.com/news/occ-brain-drain-cuts-supervision-chartering-citi-consent-order/826970/,Caitlin Mullen,2026-08-05T09:23:00Z,charter rates,A former regulator whose team got the ball rolling on Citi's 2020 consent order worries the exodus of OCC talent leaves the agency unable to respond to a fin...,Bankingdive.com,Unknown,News,2026-08-10T07:45:02.183883Z
499dbce1e44bac30b8f2ea55f6262f78,Okeanis Eco Tankers Corp. – 2025 ESG Report,https://www.globenewswire.com/news-release/2026/08/04/3338861/0/en/Okeanis-Eco-Tankers-Corp-2025-ESG-Report.html,Okeanis Eco Tankers Corp,2026-08-04T20:30:00Z,charter rates,"ATHENS, Greece, Aug. 04, 2026 (GLOBE NEWSWIRE) -- Okeanis Eco Tankers Corp. (“OET” or the “Company”) (NYSE: ECO / OSE: OET), announced today the publication of its 5th Environmental, Social and Governance Report (the “2025 ESG Report”), which has been develop…",GlobeNewswire,Greece,Market Report,2026-08-10T07:45:02.183924Z
9fe22d8561ae21ea709a09a5d1be80c5,Okeanis Eco Tankers Corp. – Unaudited Condensed Financial Statements for the Second Quarter and Six-Month Period of 2026,https://www.globenewswire.com/news-release/2026/08/04/3338843/0/en/Okeanis-Eco-Tankers-Corp-Unaudited-Condensed-Financial-Statements-for-the-Second-Quarter-and-Six-Month-Period-of-2026.html,Okeanis Eco Tankers Corp,2026-08-04T20:15:00Z,charter rates,"ATHENS, Greece, Aug. 04, 2026 (GLOBE NEWSWIRE) -- Okeanis Eco Tankers Corp. (together with its subsidiaries, unless context otherwise dictates, “OET” or the “Company”) (NYSE: ECO, OSE: OET) today reported its unaudited condensed financial results for the seco…",GlobeNewswire,Greece,Market Report,2026-08-10T07:45:02.183976Z
3b49afce2eb0aafb26888a0b2a20898b,"Compass, Inc. Reports Record Second Quarter 2026 Results",https://www.prnewswire.com/news-releases/compass-inc-reports-record-second-quarter-2026-results-302842907.html,,2026-08-04T20:05:00Z,charter rates,Actioned Entire $300 Million of Year 1 Net Cost Synergy Target 5 Months Ahead of Plan Q2 Revenue +14% YoY1; GAAP Net Income $92 Million; Adjusted EBITDA2 $363 Million Operating Cash Flow $191 Million; Cash Balance Increased $210 million QoQ to $694 Million NE…,PRNewswire,Unknown,Market Report,2026-08-10T07:45:02.184021Z
478cb383130b629f7342fe52c160d1f6,Saved from the Bell: Self-paced Learning Redefines the School Day,https://www.prnewswire.com/news-releases/saved-from-the-bell-self-paced-learning-redefines-the-school-day-302842898.html,,2026-08-04T19:09:00Z,charter rates,"GRAND RAPIDS, Mich., Aug. 4, 2026 /PRNewswire/ -- For generations, high school has been defined by time and space: first bell, daily attendance, seat time and last bell, all in the same place. For many students, that structure works. For others, it is a barri…",PRNewswire,Unknown,Market Report,2026-08-10T07:45:02.184077Z
e59159a0edf3b2804f7e0e20cddb6924,The Top 9 National Parks and Reserves in Kenya To Visit in the Fall,https://matadornetwork.com/read/kenya-in-the-fall-best-parks/,Suzie Dundas,2026-08-04T17:56:01Z,charter rates,"Kenya may be only roughly the size of Texas, but it takes environmental protection seriously, with a whopping 27 national parks. And that’s not counting national reserves like Samburu, Maasai Mara, or private and community-run reserves, like LUMO conservancy.…",Matadornetwork.com,Unknown,News,2026-08-10T07:45:02.184127Z
8abe3d787879af883e172193eccf472d,Parents are dreaming big about Trump Accounts. Here's the reality,https://www.usatoday.com/story/money/personalfinance/2026/08/04/trump-account-millionaire-projections/91157896007/,"Susan Tompor, USA TODAY NETWORK",2026-08-04T09:06:32Z,charter rates,Building wealth depends a great deal on how many years the money remains invested after the child turns 18 years old.,USA Today,Unknown,News,2026-08-10T07:45:02.184160Z
a0e65c8f86c96918c2b066f7f666cc47,Mitsotakis in Politico: EU needs new measures to tackle the weaponization of migration,https://en.protothema.gr/2026/08/04/mitsotakis-in-politico-eu-needs-new-measures-to-tackle-the-weaponization-of-migration/,Newsroom,2026-08-04T06:14:00Z,charter rates,"Hours before the EU emergency videoconference on Ceuta, he speaks of “the instrumentalization of asylum aimed at creating hybrid pressure” & proposes that, in exceptional cases, member states should “temporarily suspend the submission of asylum applications b…",Protothema.gr,Unknown,News,2026-08-10T07:45:02.184210Z
a539679ee0de9389b4372499848a1e5c,Greece’s Mitsotakis: EU needs new tools to fight back against weaponized migration,https://www.politico.eu/article/greece-kyriakos-mitsotakis-eu-tools-weaponized-migration/,Kyriakos Mitsotakis,2026-08-04T02:00:00Z,charter rates,Europe's standard procedures do not adequately address scenarios where asylum is instrumentalized to create hybrid pressure.,POLITICO.eu,Greece,News,2026-08-10T07:45:02.184248Z
ef6fd3197287adc674ffe3a25ba5fc4c,Wall Street Splits on Circle: $38 Bear vs. $140 Bull Two Days Before Q2,https://forkast.news/wall-street-splits-on-circle-38-bear-vs-140-bull-two-days-before-q2/,Nolan Pratt,2026-08-04T01:43:39Z,charter rates,"Wall Street has a funny way of looking at the same balance sheet and seeing two entirely different companies. Ahead of Circle’s Q2 earnings on August 5, the analyst community is currently engaged in a high-stakes disagreement over the firm’s future. On one si…",Forkast.news,Unknown,News,2026-08-10T07:45:02.184299Z
1178b1b1c9c309819216154e9d72ee0d,"Falling California school enrollment calls for shake-ups, not bailouts",https://nypost.com/2026/08/03/opinion/falling-california-school-enrollment-calls-for-shake-ups/,CA Post Editorial Board,2026-08-04T00:46:21Z,charter rates,Who knew the 3 R’s might include “relocation”? Enrollment is tumbling in many large California school districts — a trend on pace to accelerate. The California Post reported this week that Fresno Unified School District — the state’s third-largest — continues…,New York Post,Unknown,Market Report,2026-08-10T07:45:02.184345Z
713939ff51d755a1746b60b9da5e8619,CONVICTION AND INTEGRITY,https://www.acmilan.com/it/news/articoli/club/2026-08-03/convinzione-e-coerenza,AC Milan,2026-08-03T18:00:00Z,charter rates,"Franco Baresi has long been a leading figure within Fondazione Milan, serving as a Board member until recent years. Always available to support the Rossoneri foundation's initiatives, he consistently ...",Acmilan.com,Unknown,News,2026-08-10T07:45:02.184430Z
d8005bd7462c985fb8ff3524e170e526,"FULL LIST: Nigeria, 49 other countries affected by US $20,000 visa bond programme",https://punchng.com/full-list-nigeria-49-other-countries-affected-by-us-20000-visa-bond-programme/,Punch Newspapers,2026-08-03T05:54:18Z,charter rates,"The US has made its $20,000 visa bond program permanent, affecting Nigeria and 49 other countries. Learn who needs to pay this US visa bond and how it work

Read More: https://punchng.com/full-list-nigeria-49-other-countries-affected-by-us-20000-visa-bond-pro…",The Punch,Unknown,News,2026-08-10T07:45:02.184560Z
7c377a8fbc68d2c960a54efca7909a67,Fire extinguished at Saudi Aramco refinery amid escalating regional clash,https://www.israelnationalnews.com/news/431419,Israel National News,2026-08-09T03:18:31Z,maritime transport,Blaze at Saudi Aramco's Jazan refinery doused as Houthi strikes and border clashes continue to inflame tensions between Saudi Arabia and Yemen.,Israelnationalnews.com,Unknown,News,2026-08-10T07:45:03.181402Z
1eba24682aa39a67204bc9f3a0edffec,"Iran assures US no tolls planned for Strait of Hormuz, easing tensions",https://cryptobriefing.com/iran-assures-us-no-tolls-planned-for-strait-of-hormuz-easing-tensions/,Estefano Gomez,2026-08-08T18:14:57Z,maritime transport,"The assurance from Iran may stabilize global oil markets and reduce geopolitical risks, fostering a more predictable environment for trade.
The post Iran assures US no tolls planned for Strait of Hormuz, easing tensions appeared first on Crypto Briefing.",Crypto Briefing,Global,Market Report,2026-08-10T07:45:03.181716Z
4f7d22e66c78f56fca33801e0e27561c,"US working to establish safe shipping route through Strait of Hormuz, Vance says 'we don't trust' Iran",https://economictimes.indiatimes.com/news/international/world-news/us-working-to-establish-safe-shipping-route-through-strait-of-hormuz-vance-says-we-dont-trust-iran/articleshow/133055624.cms,ANI,2026-08-08T16:19:40Z,maritime transport,"US-Iran war news: The United States is pushing for secure passage for commercial vessels through the Strait of Hormuz. Meanwhile, Iran and Oman are in talks to establish a temporary shipping lane for oil transport. However, the U.S. remains doubtful about Ira…",The Times of India,USA,News,2026-08-10T07:45:03.181748Z
bb91ea0b56e9060b62294db11003566c,Saudi Arabia’s $5 Oil Detour Is Expensive—and Worth It,https://www.nakedcapitalism.com/2026/08/saudi-arabias-5-oil-detour-is-expensive-and-worth-it.html,Yves Smith,2026-08-08T07:55:40Z,maritime transport,"Saudi Arabia's new long route to Asia is viable economically, but how safe is it from further Ansar Allah escalation?",Nakedcapitalism.com,Unknown,News,2026-08-10T07:45:03.181834Z
895baaf12bfdb8b68b2d7e6aa102c960,Xiplomacy: Pursuing the greater good for all,https://peoplesreview.com.np/2026/08/08/xiplomacy-pursuing-the-greater-good-for-all/,People's Review,2026-08-08T04:45:11Z,maritime transport,"S BEIJING, Aug. 7 (Xinhua) — At Greece’s Port of Piraeus, one of Europe’s busiest maritime hubs, ships move in and out around the clock, ferrying goods and connecting markets across the world. Once plagued by economic difficulties, the port has undergone a re…",Peoplesreview.com.np,China,Market Report,2026-08-10T07:45:03.181851Z
1850c81065489a4e79affa71bd26e405,"US says Iran-Oman Strait of Hormuz deal near, shipping breakthrough expected",https://cryptobriefing.com/us-says-iran-oman-strait-of-hormuz-deal-near-shipping-breakthrough-expected/,Estefano Gomez,2026-08-07T19:09:10Z,maritime transport,"The nearing Iran-Oman deal could stabilize regional tensions, boost global shipping confidence, and influence oil market dynamics.
The post US says Iran-Oman Strait of Hormuz deal near, shipping breakthrough expected appeared first on Crypto Briefing.",Crypto Briefing,Global,Market Report,2026-08-10T07:45:03.181935Z
aa0170c2afda73fe5e49d47d436da3a5,How the Iran war spread beyond one single strait,https://www.abc.net.au/news/2026-08-08/iran-war-spreading-diplomacy-teeters/106990466,"Georgie Hewson, Jessica Riga, Simon Elvery, Matt Liddy, and Alison Xiao",2026-08-07T18:41:01Z,maritime transport,"The Middle East conflict isn't just widening, it's highlighting more vulnerabilities in the region.",ABC News (AU),Unknown,News,2026-08-10T07:45:03.181967Z
daadb11567fe196222b0e77ef8004ff2,Houthis target Saudi-aligned troops with drone and missile strikes,https://www.israelnationalnews.com/news/431391,"Elad Benari, Canada",2026-08-07T18:00:26Z,maritime transport,"Houthi forces launch missile and drone strikes on Marib's Sahn al-Jinn camp and residential areas, killing two and injuring 14 in the latest escalation.",Israelnationalnews.com,Unknown,News,2026-08-10T07:45:03.182004Z
398111019104691747f13a5aa0b55cdc,"Early surge in US container imports coming to an end, shippers say",https://economictimes.indiatimes.com/news/international/world-news/early-surge-in-us-container-imports-coming-to-an-end-shippers-say/articleshow/133039246.cms,Reuters,2026-08-07T17:22:41Z,maritime transport,"US container import volume, driven by tariffs and war surcharges, has peaked.  Shippers are now well-stocked for the upcoming holiday shopping season.  Import volume is expected to decline for the remainder of 2026.  However, ocean transport prices will likel…",The Times of India,Unknown,Market Report,2026-08-10T07:45:03.182050Z
718840d46ca308c042d5189f88295351,"Early surge in US container imports coming to an end, shippers say",https://finance.yahoo.com/economy/policy/articles/early-surge-us-container-imports-170035204.html,By Lisa Baertlein,2026-08-07T17:00:35Z,maritime transport,"By Lisa Baertlein LOS ANGELES, Aug 7 (Reuters) - An early seasonal surge in U.S. container import volume, driven by shippers racing to avoid higher fuel surc...",Yahoo Entertainment,Unknown,News,2026-08-10T07:45:03.182101Z
fb66db9c428beb21166122c8e558fe13,Spanish police arrest 78 people in bust of 'one of largest' smuggling networks,https://www.bbc.co.uk/news/articles/clylejzkkx4o,https://www.facebook.com/bbcnews,2026-08-07T16:13:45Z,maritime transport,"The group moved synthetic drugs from Spain to Algeria, then used the return journey to smuggle migrants and weapons.",BBC News,Unknown,News,2026-08-10T07:45:03.182175Z
d8ff86f2f324c4c923935f1c606ce967,TOTE Mobilizes U.S. Shipbuilding Base for Navy’s $2.2 Billion Landing Ship Program,https://gcaptain.com/tote-mobilizes-u-s-shipbuilding-base-for-navys-2-2-billion-landing-ship-program/,Mike Schuler,2026-08-07T15:46:10Z,maritime transport,"TOTE Services has begun assembling the nationwide shipbuilding and supplier network that will support the U.S. Navy and Marine Corps’ Medium Landing Ship program, bringing together more than 30 shipbuilders,...",gcaptain.com,Unknown,News,2026-08-10T07:45:03.182230Z
6876bebc0e951c2b25239fec43092b1c,Saudi Arabia’s $5 Oil Detour Is Expensive—and Worth It,https://oilprice.com/Energy/Crude-Oil/Saudi-Arabias-5-Oil-Detour-Is-Expensiveand-Worth-It.html,Leon Stille,2026-08-07T14:49:00Z,maritime transport,"The latest Saudi oil route looks absurd on a map. Crude moves west across Saudi Arabia to Yanbu, north through the Red Sea to Egypt, across the SUMED pipeline from Ain Sokhna to Sidi Kerir, then west through the Mediterranean before tankers sail around the Ca…",OilPrice.com,Egypt,News,2026-08-10T07:45:03.182272Z
a72547004e2212cf26da93bcb0a9a7b1,Saudi Arabia’s $5 Oil Detour Is Expensive—and Worth It,https://finance.yahoo.com/energy/articles/saudi-arabia-5-oil-detour-144900286.html,Leon Stille,2026-08-07T14:49:00Z,maritime transport,"Rerouting Saudi crude to Asia via Yanbu, Egypt’s SUMED pipeline and the Cape of Good Hope may add around $5 per barrel and up to four weeks to a voyage.",Yahoo Entertainment,Egypt,News,2026-08-10T07:45:03.182304Z
dd27bc9f21b4c4a269e19af5016ddb30,"Spanish-led police raid smashes a vast Mediterranean smuggling network, arresting 78",https://abcnews.com/International/wireStory/spanish-led-police-raid-smashes-vast-mediterranean-smuggling-135453661,MIKE CORDER Associated Press,2026-08-07T13:05:45Z,maritime transport,"Spanish authorities have dismantled a major criminal network involved in trafficking migrants, drugs and weapons across the Western Mediterranean",Abcnews.com,Unknown,News,2026-08-10T07:45:03.182342Z
2980c42c886c87099d0aba2886c5484f,Europe struggles for influence amid mounting crises,https://www.hurriyetdailynews.com/europe-struggles-for-influence-amid-mounting-crises-225322,hurriyetdailynews.com,2026-08-07T05:33:09Z,maritime transport,"Europe is facing simultaneous pressure from the wars in Iran and Ukraine, irregular migration and extreme weather, but its larger problem is its limited ability to shape developments that directly affect it, according to an analysis by The New York Times.",Hurriyet Daily News,Ukraine,Analysis/Opinion,2026-08-10T07:45:03.182399Z
fdb6452b8de9baadd31eed07befe0cb2,Ships stuck in the Strait of Hormuz region may be biosecurity risks when they leave. What can we do?,https://theconversation.com/ships-stuck-in-the-strait-of-hormuz-region-may-be-biosecurity-risks-when-they-leave-what-can-we-do-288551,"Chad Hewitt, Professor and Provost, Lincoln University, New Zealand, Gregory Ruiz, Senior Scientist in Marine Ecology and Biogeography, Smithsonian Institution, Ian Davidson, Senior Scientist in Invasion Ecology, Cawthron Institute, Mario Tamburri, Professor in Marine Ecology, University of Maryland Center for Environmental Science",2026-08-07T02:30:06Z,maritime transport,"Idle vessels accumulate biofouling quickly, especially in tropical waters. But there are precautions other ports can take against alien pests, parasites or disease.",The Conversation Africa,Unknown,News,2026-08-10T07:45:03.182439Z
e91ed8b6d9938196eaa6972def17664e,Report: Oman and Iran reach framework to temporarily reopen Strait of Hormuz,https://www.israelnationalnews.com/news/431361,Israel National News,2026-08-07T01:14:31Z,maritime transport,"Oman and Iran have reached a framework agreement to temporarily reopen the Strait of Hormuz, establishing split shipping lanes to resume commercial traffic.",Israelnationalnews.com,Unknown,Market Report,2026-08-10T07:45:03.182475Z
649c7952a9eec32d1afe300afac7a03f,‘Inadequate holding bays trigger 450% container transport surge’,https://punchng.com/inadequate-holding-bays-trigger-450-container-transport-surge/,Punch Newspapers,2026-08-06T23:35:46Z,maritime transport,"Inadequate holding bays are blamed for a 450% surge in container transport cost in Nigeria, impacting importers and port efficiency.

Read More: https://punchng.com/inadequate-holding-bays-trigger-450-container-transport-surge/",The Punch,Unknown,News,2026-08-10T07:45:03.182523Z
43f5bb493b7e2361fba0e4f2035610fb,"UK Targets Arctic LNG Carrier, Five Oil Tankers in Latest Russia Sanctions Package",https://gcaptain.com/uk-targets-arctic-lng-carrier-five-oil-tankers-in-latest-russia-sanctions-package/,gCaptain,2026-08-06T20:49:30Z,maritime transport,"The United Kingdom has expanded its sanctions against Russia with a new package targeting shipping, banking, and industrial entities, including six vessels accused of transporting Russian energy exports and an...",gcaptain.com,Russia,News,2026-08-10T07:45:03.182549Z
298fb2e611aa25cc962c03834d240711,"Iran considers blocking US, Israeli ships in Hormuz; oil prices rise $3",https://cryptobriefing.com/iran-considers-blocking-us-israeli-ships-in-hormuz-oil-prices-rise-3/,Estefano Gomez,2026-08-06T19:47:58Z,maritime transport,"Iran's potential blockade in Hormuz could heighten geopolitical tensions, impacting global energy markets and influencing diplomatic strategies.
The post Iran considers blocking US, Israeli ships in Hormuz; oil prices rise $3 appeared first on Crypto Briefing.",Crypto Briefing,Global,Market Report,2026-08-10T07:45:03.182586Z
68e997c5315113319af98173b93ad0ef,Uncle Sam aims to help nuclear energy find its sea legs,https://www.theregister.com/science/2026/08/06/uncle-sam-aims-to-help-nuclear-energy-find-its-sea-legs/5284179,Dan Robinson,2026-08-06T17:29:05Z,maritime transport,IAEA initiative tackles the rules for floating reactors and atom-powered civilian ships,Theregister.com,Unknown,News,2026-08-10T07:45:03.182616Z
114714b24e9bda4d99636f8110df5837,Research on the vessel passing capacity of the Changshan waterway,https://journals.plos.org/plosone/article?id=10.1371/journal.pone.0355503,"Rui Sun, Lvzhen Ren, Wen Ma, Luling Zeng",2026-08-06T14:00:00Z,maritime transport,"The Changshan Waterway is a key passage connecting the Bohai Sea and the Yellow Sea in northern China, where complex navigational conditions and heavy vessel traffic place increasing pressure on navigational safety and operational efficiency. To quantitativel…",Plos.org,China,News,2026-08-10T07:45:03.182655Z
98037d111c7a8e6880d8bae1c8be48f5,Η Εποχή της Πολυκεντρικής Αβεβαιότητας: Η Γεωοικονομία και η Τεχνολογία Επαναπροσδιορίζουν τον Παγκόσμιο Χάρτη - Ημερήσια Γεωπολιτική Επισκόπηση (06/08/2026),https://i-epikaira.blogspot.com/2026/08/06082026.html,noreply@blogger.com (Unknown),2026-08-06T11:58:39Z,maritime transport,"Edited by iEpikaira*

 [Η ανάλυση παρατίθεται παρακάτω και στα ελληνικά.]

 Executive Summary

 The reporting period indicates that the international system continues to move toward a more fragmented distribution of power in which geopolitical influence is…",Blogspot.com,Global,Market Report,2026-08-10T07:45:03.182703Z
7ea50647b019e81414a927585d795fbf,Space systems as targets and tools for cyberattacks,https://ics-cert.kaspersky.com/publications/reports/2026/08/06/space-systems-as-targets-and-tools-for-cyberattacks/?utm_source=ics-cert.kaspersky.com&utm_mediumrss&utm_campaignmain,Kaspersky ICS CERT Team,2026-08-06T09:00:00Z,maritime transport,A retrospective analysis of incidents related to information security of space systems provides valuable information for identifying hidden vulnerabilities and improving the resilience of space infrastructure.,Kaspersky.com,Unknown,Analysis/Opinion,2026-08-10T07:45:03.182736Z
567103ef7b5b9a988a8c854f144d58ce,Connecting the World to New Opportunities - Guangzhou Nansha Builds a New Ecosystem for Cross-Border Trade,https://en.antaranews.com/news/425792/connecting-the-world-to-new-opportunities-guangzhou-nansha-builds-a-new-ecosystem-for-cross-border-trade,PR Wire,2026-08-06T04:20:48Z,maritime transport,"Recently, seven journalists from leading media from APEC member economies visited Guangdong as part of the APEC China Year international media tour. As a key ...",Antaranews.com,China,News,2026-08-10T07:45:03.182791Z
7ad5041691199ef3771593391d2a26c0,Houthis target Saudi oil tankers in Red Sea and Gulf of Aden,https://www.israelnationalnews.com/news/431310,Israel National News,2026-08-06T03:22:27Z,maritime transport,"Yemen's Houthis claim missile attacks on two Saudi oil tankers off Yanbu and in the Gulf of Aden, intensifying their Red Sea naval blockade against Riyadh.",Israelnationalnews.com,Unknown,News,2026-08-10T07:45:03.182826Z
eedb6fff27feb276e5e33246bef5e6c5,"New tourism, engineering high school subjects get thumbs-up from airline industry",https://www.nzherald.co.nz/business/companies/airlines/new-tourism-engineering-high-school-subjects-get-thumbs-up-from-airline-industry/premium/KD7ECVOPMRCD3ECKCDHWEMNZHQ/,John Weekes,2026-08-06T03:09:52Z,maritime transport,"Tourism students could gain pathways into airport and travel jobs, airline group says.",New Zealand Herald,Unknown,News,2026-08-10T07:45:03.182856Z
2b20c2359a8105fb1eb072d731faa49f,Honeywell Aerospace Q2 Earnings Call Highlights,https://www.marketbeat.com/instant-alerts/honeywell-aerospace-q2-earnings-call-highlights-2026-08-05/?utm_source=yahoofinance&amp;utm_medium=yahoofinance,MarketBeat,2026-08-06T02:04:01Z,maritime transport,"Honeywell Aerospace (NASDAQ:HONA) reported 5% organic sales growth in the second quarter of 2026, but reduced its full-year outlook as supply-chain bottlenec...",MarketBeat,Unknown,Analysis/Opinion,2026-08-10T07:45:03.182884Z
04647e7496f83d5daae4b7d60b683b87,United States to Host International Atomic Energy Agency Launch for New Maritime Nuclear Initiative,https://www.energy.gov/articles/united-states-host-international-atomic-energy-agency-launch-new-maritime-nuclear,Energy.gov,2026-08-05T19:36:42Z,maritime transport,"The United States will host the ministerial launch of the International Atomic Energy Agency’s (IAEA) new initiative, Atomic Technologies Licensed for Applications at Sea (ATLAS), in Washington, D.C., on August 26–27, 2026.",Energy.gov,USA,News,2026-08-10T07:45:03.182913Z
9562d0c95b7bd4d3d0eeb19b4eba11e8,Inside the punishing conditions Carnival crew face on cruise ships,https://www.abc.net.au/news/2026-08-06/carnival-cruise-workers-horrifying-allegations-conditions-pay/106967922,Jasper Wells,2026-08-05T18:48:44Z,maritime transport,"Passengers boarding a Carnival cruise ship are promised a world of endless food, relaxation and oceanic luxury. But for the crew who make these escapes possible, life is vastly different.",ABC News (AU),Unknown,News,2026-08-10T07:45:03.182951Z
dddbbd6076686c7e35c3f7330edcd733,Port Day showcases Vancouver’s maritime industry at Canada Place,https://financialpost.com/globe-newswire/port-day-showcases-vancouvers-maritime-industry-at-canada-place,GlobeNewswire,2026-08-05T16:02:44Z,maritime transport,"Vancouver, B.C., Aug. 05, 2026 (GLOBE NEWSWIRE) — The Vancouver Fraser Port Authority will host its annual Port Day on Saturday, August 29, at Canada Place, inviting the community to learn about the maritime industry and its role in moving Canadian trade.  Th…",Financial Post,Unknown,News,2026-08-10T07:45:03.183003Z
25912beae77d3ecc846889271a97dd89,Port Day showcases Vancouver's maritime industry at Canada Place,https://www.globenewswire.com/news-release/2026/08/05/3339547/0/en/Port-Day-showcases-Vancouver-s-maritime-industry-at-Canada-Place.html,Vancouver Fraser Port Authority,2026-08-05T16:00:00Z,maritime transport,"Vancouver, B.C., Aug. 05, 2026 (GLOBE NEWSWIRE) -- The Vancouver Fraser Port Authority will host its annual Port Day on Saturday, August 29, at Canada Place, inviting the community to learn about the maritime industry and its role in moving Canadian trade.",GlobeNewswire,Unknown,News,2026-08-10T07:45:03.183050Z
656b629b0c1ecd2bc279600a0aa4f8cb,How trains can transform Persian Gulf politics and global security,https://theconversation.com/how-trains-can-transform-persian-gulf-politics-and-global-security-288055,"Stacy D. VanDeveer, Professor of Global Governance & Human Security, UMass Boston, Firmesk Rahim, PhD Student, UMass Boston",2026-08-05T12:32:46Z,maritime transport,"Once completed, the 2,177-kilometer GCC Railway will connect six Gulf kingdoms and provide alternative routes to Europe and Asia.",The Conversation Africa,Global,News,2026-08-10T07:45:03.183124Z
6e3f359a81173811575eaa00308ffb9e,HRH the Crown Prince Chairs Cabinet Session in Jeddah,https://www.globalsecurity.org/wmd/library/news/saudi/2026/saudi-260805-spa01.htm,John Pike,2026-08-05T12:00:00Z,maritime transport,"His Royal Highness Prince Mohammed bin Salman bin Abdulaziz Al Saud, Crown Prince and Prime Minister, chaired the Cabinet session held on Tuesday in Jeddah",Globalsecurity.org,Unknown,News,2026-08-10T07:45:03.183159Z
7d8d4b1fea710706d9db5d519ea50f5a,White House set to extend Jones Act waiver as Trump hunts for cheaper gasoline,https://economictimes.indiatimes.com/news/international/global-trends/white-house-set-to-extend-jones-act-waiver-as-trump-hunts-for-cheaper-gasoline/articleshow/132903032.cms,Reuters,2026-08-05T07:42:43Z,maritime transport,The White House plans to extend a Jones Act waiver to reduce gasoline prices. This waiver increases shipping flexibility and eases transport bottlenecks for fuel. President Trump is increasing pressure on oil companies to lower prices for consumers. Critics a…,The Times of India,Unknown,Market Report,2026-08-10T07:45:03.183206Z
054b6b148d87859f54f3498abc3bac91,Indonesian govt to review ferry safety after deadly fire,https://en.antaranews.com/news/425579/indonesian-govt-to-review-ferry-safety-after-deadly-fire,"M.Harianto, Rahmad Nasution",2026-08-05T01:51:06Z,maritime transport,"Indonesia&#39;s Transport Minister Dudy Purwagandhi said the government would conduct a comprehensive review of ferry safety standards, emergency procedures ...",Antaranews.com,Indonesia,Analysis/Opinion,2026-08-10T07:45:03.183228Z
24fb75c80fe55bfaa206184cecc9697e,Energy Secretary Signals Trump Likely to Extend Jones Act Waiver Again,https://gcaptain.com/energy-secretary-signals-trump-likely-to-extend-jones-act-waiver-again/,Mike Schuler,2026-08-04T23:40:34Z,maritime transport,"U.S. Energy Secretary Chris Wright said the Trump administration is likely to extend its temporary emergency waiver of the Jones Act again, arguing the measure has helped move energy supplies...",gcaptain.com,Unknown,News,2026-08-10T07:45:03.183266Z
6deb7a846766300d651b7929964c6dd8,Strategic autonomy: Nigeria’s doctrine for self-determination in a multipolar world,https://www.vanguardngr.com/2026/08/strategic-autonomy-nigerias-doctrine-for-self-determination-in-a-multipolar-world/,Emmanuel Okogba,2026-08-04T23:05:42Z,maritime transport,"By SOLA ENIKANOLAIYE   In an era defined by geopolitical competition, trade wars, sanctions regimes, and shifting alliances, one phrase has migrated from European policy papers to the heart of African diplomacy: “Strategic Autonomy”. For Nigeria, this is not …",Vanguard,Unknown,News,2026-08-10T07:45:03.183322Z
9e36f989cbb7cd37dc411db4d8a662b0,CENTCOM says the southern route through the Strait of Hormuz is still free and open for commercial ships,https://cryptobriefing.com/centcom-says-the-southern-route-through-the-strait-of-hormuz-is-still-free-and/,Estefano Gomez,2026-08-04T22:10:14Z,maritime transport,"The U.S. military's protective measures in the Strait of Hormuz may stabilize global oil transport, impacting market confidence and regional diplomacy.
The post CENTCOM says the southern route through the Strait of Hormuz is still free and open for commercial…",Crypto Briefing,Global,Market Report,2026-08-10T07:45:03.183369Z
492f50a22d501ffe287ce286bb32ec44,"White House Expected to Extend Controversial Jones Act Waiver, Sources Say",https://gcaptain.com/white-house-expected-to-extend-controversial-jones-act-waiver-sources-say/,Reuters,2026-08-04T19:53:01Z,maritime transport,"The White House is expected to extend a waiver of the century-old Jones Act in the coming days, sources say, reaching for one of the few tools it has to try and hold down gasoline prices as President Donald Trump escalates his attacks on Exxon Mobil XOM.Nand …",gcaptain.com,Unknown,Market Report,2026-08-10T07:45:03.183415Z
18e792dfbe2732bf0621c1179b220759,"Oil spill from grounded tanker off Oman expands sharply, satellite images show",https://abcnews.com/International/wireStory/oil-spill-grounded-tanker-off-oman-expands-sharply-135364138,The Associated Press,2026-08-04T19:50:53Z,maritime transport,"An oil spill from a sanctioned tanker off Oman is expanding dramatically, reaching shorelines and spreading far out to sea",Abcnews.com,Unknown,News,2026-08-10T07:45:03.183449Z
846b23d42b93531e76093a2ddbf26638,Pakistan Bets on Security and Trade as Ties with Iran Grow,https://oilprice.com/Geopolitics/Middle-East/Pakistan-Bets-on-Security-and-Trade-as-Ties-with-Iran-Grow.html,James Durso,2026-08-04T19:00:00Z,maritime transport,"Pakistan has played a key role as a mediator in the U.S./Israel war on Iran. Prime Minister Shehbaz Sharif and Field Marshal Asim Munir, Chief of Army Staff and Chief of Defence Forces, have raised Pakistan’s profile so much that Foreign Affairs gushed “Pakis…",OilPrice.com,Unknown,News,2026-08-10T07:45:03.183499Z
b1d51e8bd3f56e3e97854534305013bf,"Archer Aviation debuts Halo autonomous VTOL, Thunder's commercial twin",https://newatlas.com/aircraft/meet-halo-civilian-version-thunder-loyal-wingman/,David Szondy,2026-08-04T18:37:44Z,maritime transport,"Which came first, the chicken or the egg? In aviation circles, the debate is often which came first: the military or civilian variant? Case in point: Archer Aviation's announcement at Farnborough of Halo, the civilian counterpart to the Thunder autonomous att…",New Atlas,Unknown,News,2026-08-10T07:45:03.183550Z
ec8da300169c52a7fbaba036b0a9e8eb,New Agreements Advance Central Asia’s Middle Corridor Ambitions,https://oilprice.com/Energy/Energy-General/New-Agreements-Advance-Central-Asias-Middle-Corridor-Ambitions.html,OilPrice.com,2026-08-04T18:00:00Z,maritime transport,"The leaders of the five Central Asian states and Azerbaijan, meeting on the shores of Lake Issyk Kul in Kyrgyzstan on July 31, signaled an intent to deepen trans-Caspian connections. The meeting’s final document, known as the Cholpon-Ata Declaration, was perh…",OilPrice.com,Unknown,News,2026-08-10T07:45:03.183603Z
34e4f8dcd9b554a140e30294547abf50,€53 million-and Ireland's boycott of Israel could come at a high cost,https://www.israelnationalnews.com/news/431232,Israel National News,2026-08-04T15:46:19Z,maritime transport,Israeli technology was removed-and now questions are being raised about the aircraft's capabilities.,Israelnationalnews.com,Unknown,News,2026-08-10T07:45:03.183640Z
24a229e349fa568296c180afbd50cd9a,India eyes more Indonesian investments in airport,https://en.antaranews.com/news/425537/india-eyes-more-indonesian-investments-in-airport,"Bayu Saputra, Kuntum Khaira",2026-08-04T15:04:17Z,maritime transport,"An Indian airport operator, GMR Airports Limited or GMR Airports, is looking to expand its investments in Indonesia for private sector participation in ...",Antaranews.com,India,News,2026-08-10T07:45:03.183660Z
170d5a688ffe2483e0addf28cd5c5963,Connecting the World to New Opportunities - Guangzhou Nansha Builds a New Ecosystem for Cross-Border Trade,https://www.globenewswire.com/news-release/2026/08/04/3338199/0/en/Connecting-the-World-to-New-Opportunities-Guangzhou-Nansha-Builds-a-New-Ecosystem-for-Cross-Border-Trade.html,The Publicity Department of Nansha District,2026-08-04T11:48:00Z,maritime transport,"GUANGZHOU, China, Aug. 04, 2026 (GLOBE NEWSWIRE) -- Recently, seven journalists from leading media from APEC member economies visited Guangdong as part of the APEC China Year international media tour. As a key gateway for China's opening up in the Guangdong-H…",GlobeNewswire,China,News,2026-08-10T07:45:03.183726Z
eda9fe290831c4187fbf3caf2be6eebc,The Gulf can no longer outsource its security,https://www.aljazeera.com/opinions/2026/8/4/the-gulf-can-no-longer-outsource-its-security,Rashid Al-Mohanadi,2026-08-04T11:05:58Z,maritime transport,Iran’s attacks exposed the limits of external guarantees and the need for a Gulf-built security architecture.,Al Jazeera English,Unknown,News,2026-08-10T07:45:03.183761Z
432eea878fbac4021162351d243a3d47,Did the US and Israel Just Commit Their First Act of Hybrid War Against Spain?,https://www.nakedcapitalism.com/2026/08/was-moroccos-migrant-invasion-of-ceuta-the-us-and-israels-first-act-of-hybrid-war-against-spain.html,Nick Corbishley,2026-08-04T10:57:18Z,maritime transport,Both countries have their motives as well as the means.,Nakedcapitalism.com,Unknown,News,2026-08-10T07:45:03.183789Z
af43fe03baefb097c348441c0b835c44,House Speaker demands stricter ship safety after fatal accidents,https://en.antaranews.com/news/425456/house-speaker-demands-stricter-ship-safety-after-fatal-accidents,"Fath Putra Mulya, Yashinta Difa",2026-08-04T10:22:02Z,maritime transport,"House Speaker Puan Maharani called for an urgent strengthening of national maritime safety and security protocols, following a series of fatal ship accidents ...",Antaranews.com,Unknown,News,2026-08-10T07:45:03.183825Z
0e8fef04197bb4b2c3c6b70b99e73764,"Yacht off Skopelos was plundering Greek seabed – AADE’s DEOS seized protected corals worth €800,000",https://en.protothema.gr/2026/08/04/yacht-off-skopelos-was-plundering-greek-seabed-aades-deos-seized-protected-corals-worth-e800000/,Newsroom,2026-08-04T07:39:43Z,maritime transport,"From the depths of the Aegean to workshops in southern Italy - How AADE’s risk analysis and digital traces uncovered an illegal €800,000 cargo and the “red gold” racket
The post Yacht off Skopelos was plundering Greek seabed – AADE’s DEOS seized protected cor…",Protothema.gr,Greece,Analysis/Opinion,2026-08-10T07:45:03.183912Z
5590a9fbe1d005a58c116f0af555d88b,Aktsiaselts Infortar Investor Webinar introducing the results of the Q2 and H1 2026,https://www.globenewswire.com/news-release/2026/08/04/3338035/0/en/Aktsiaselts-Infortar-Investor-Webinar-introducing-the-results-of-the-Q2-and-H1-2026.html,AS Infortar,2026-08-04T06:00:00Z,maritime transport,Infortar organized a webinar for investors on 03.08.2026 at 12:00 (EET) in Estonian and at 14:00 (EET) in English to introduce the second quarter 2026 results. The webinar was attended by Managing Director of Infortar Martti Talgre and Investor Relations Mana…,GlobeNewswire,Unknown,News,2026-08-10T07:45:03.183966Z
d366b0f61423153a7a809879a9324cee,Status of US-Iran talks uncertain as ship struck in Strait of Hormuz,https://economictimes.indiatimes.com/news/international/world-news/status-of-us-iran-talks-uncertain-as-ship-struck-in-strait-of-hormuz/articleshow/132846215.cms,Reuters,2026-08-04T04:29:45Z,maritime transport,"US-Iran war news: Confusion reigns as the United States and Iran send mixed messages about their negotiating status. President Trump insists discussions are progressing, while Iran firmly denies any ongoing dialogue. Furthermore, a recent attack on shipping i…",The Times of India,USA,News,2026-08-10T07:45:03.183995Z
bd093408849fc821a3b75986b5cfe46b,Ukraine Attacks in Caspian Sea: Is Kyiv Now Part of Proxy War Against Iran?,https://www.globalresearch.ca/ukraine-attacks-caspian-sea-proxy-war-iran/5935595,Uriel Araujo,2026-08-04T01:39:31Z,maritime transport,"The latest Ukrainian operation in the Caspian Sea has drawn Iran directly into the geopolitical equation, placing the INSTC and Russia-Iran cooperation under pressure. 
As Kyiv expands operations far beyond the front lines, analysts increasingly debate whethe…",Globalresearch.ca,Russia,News,2026-08-10T07:45:03.184028Z
bbb859e552a826a2677abdcd571c23cd,UKMTO says tank struck off oman’s coast,https://cryptobriefing.com/ukmto-says-tank-struck-off-omans-coast/,Estefano Gomez,2026-08-04T01:05:43Z,maritime transport,"The incident heightens regional security concerns, potentially disrupting oil transport and affecting global market stability.
The post UKMTO says tank struck off oman’s coast appeared first on Crypto Briefing.",Crypto Briefing,Global,Market Report,2026-08-10T07:45:03.184078Z
c2811ef4d91929abf9c2b285aaa92d85,"The Ceuta Operation: Washington Wrote the Script in March, Morocco Ran It in July",https://original.antiwar.com/thomas_karat/2026/08/03/the-ceuta-operation-washington-wrote-the-script-in-march-morocco-ran-it-in-july/,Thomas S. Karat,2026-08-04T00:00:25Z,maritime transport,"Seventy-two bodies came out of the water at Tarajal, and the sea kept giving some of them back through the weekend. They drowned in sight of Europe, in the fourteen-kilometer channel where the Mediterranean meets the Atlantic, reaching for a seven-square-mile…",Antiwar.com,Unknown,News,2026-08-10T07:45:03.184132Z
ccbffa6cdd123dc7c7c3b8cc13e4d2f1,New govt jet may struggle to land in fog because state requested Israeli system not be included,https://www.thejournal.ie/dassault-falcon-6x-irish-air-corps-government-jet-elbit-7117818-Aug2026/,Niall O'Connor,2026-08-03T23:05:30Z,maritime transport,Multiple sources have confirmed to The Journal that a piece of equipment used to help land in fog or other inclement conditions was not included in the plane.,TheJournal.ie,Unknown,News,2026-08-10T07:45:03.184170Z
bd1abe02d5fcd60f119c786163d846f1,Iran in Port Sudan? The Next Threat to Asian Markets,https://thediplomat.com/2026/08/iran-in-port-sudan-the-next-threat-to-asian-markets/,Rohan Gunaratna,2026-08-03T21:49:00Z,maritime transport,"The Red Sea corridor Asian trade depends on has another volatile shore, and almost nobody is watching it.",The Diplomat,Unknown,Market Report,2026-08-10T07:45:03.184198Z
75399ae7458b412c03fa712bcc475d09,"Russia Is Running Out of Soldiers, Oil, and Time",https://oilprice.com/Energy/Energy-General/Russia-Is-Running-Out-of-Soldiers-Oil-and-Time.html,Simon Watkins,2026-08-03T20:00:00Z,maritime transport,"Over 1,600 days into Russian President Vladimir Putin’s 10-day special military operation and the situation for the Kremlin continues to deteriorate. Since Moscow ordered its troops illegally into Ukraine on 24 February 2022, more than 450,000 of them have be…",OilPrice.com,Russia,News,2026-08-10T07:45:03.184228Z
70af5b99b2f09571a52679255cd7df4e,24th Marine Expeditionary Unit and USS San Antonio Transit Panama Canal,https://www.globalsecurity.org/military/library/news/2026/08/mil-260803-usn01.htm,John Pike,2026-08-03T12:00:00Z,maritime transport,"On August 1, 2026, the 24th Marine Expeditionary Unit (MEU) - operating as Littoral Combat Force-24 (LCF-24) - aboard the amphibious transport dock ship USS San Antonio (LPD 17), completed a transit through the Panama Canal while operating under United States…",Globalsecurity.org,USA,News,2026-08-10T07:45:03.184342Z
2c65e6899d2fefd92aba610bf03df79b,The roads to the Moon,https://www.thespacereview.com/article/5280/1,info@thespacereview.com (Ernesto Gabriel Arias),2026-08-03T11:59:00Z,maritime transport,NASA has announced plans for a lunar base starting with its current Artemis architecture. Ernesto Gabriel Arias discusses an alternative approach better suited for lunar permanence.,The Space Review,Unknown,News,2026-08-10T07:45:03.184378Z
d071934b6885bb8be315ca5d1a67935c,Strategic bridge in Ukraine reportedly heavily damaged (UNCONFIRMED VIDEO),https://www.rt.com/russia/643794-russia-strikes-ukrainian-ports/,RT,2026-08-03T11:48:14Z,maritime transport,"Unconfirmed reports say Russian strikes have significantly damaged the Zatoka Bridge, a key route for traffic between Ukraine and Romania Read Full Article at RT.com",RT,Russia,Market Report,2026-08-10T07:45:03.184399Z
cb6f3514523859e5d94010fc2f4d3144,Weekly Climate and Energy News Roundup #700,https://wattsupwiththat.com/2026/08/03/weekly-climate-and-energy-news-roundup-700/,Guest Blogger,2026-08-03T09:00:00Z,maritime transport,"“The Party told you to reject the evidence of your eyes and ears.” — George Orwell
The post Weekly Climate and Energy News Roundup #700 appeared first on Watts Up With That?.",Wattsupwiththat.com,Unknown,Market Report,2026-08-10T07:45:03.184512Z
7dd037407111c56c858242de2cf5d90e,AS Infortar: Unaudited results for Q2 and H1 2026,https://www.globenewswire.com/news-release/2026/08/03/3337229/0/en/AS-Infortar-Unaudited-results-for-Q2-and-H1-2026.html,AS Infortar,2026-08-03T06:00:00Z,maritime transport,Infortar will arrange a webinar for investors today 3 August 2026. Please join the webinar via the following links:  at 12:00 (Tallinn local time) Estonian...,GlobeNewswire,Unknown,News,2026-08-10T07:45:03.184547Z
e5bf7d7f8d8887658c09ba7bae23e09c,Tanker carrying Russian cargo reroutes around Africa after Red Sea U-turn,https://economictimes.indiatimes.com/news/international/world-news/tanker-carrying-russian-cargo-reroutes-around-africa-after-red-sea-u-turn/articleshow/132819736.cms,Reuters,2026-08-03T05:59:27Z,maritime transport,"A Russian naphtha tanker changed course to sail around Africa.  The Sea Icon vessel avoided the Bab-el-Mandeb strait due to recent attacks.  This chokepoint has seen reduced shipping traffic after a maritime blockade declaration.  The tanker loaded over 100,0…",The Times of India,Russia,News,2026-08-10T07:45:03.184611Z
8ee97d04693e4cbbeef76109db1da751,Sinéad O'Sullivan: To everyone who wants us Ireland to go nuclear - have you heard of the Children’s Hospital?,https://www.irishtimes.com/opinion/2026/08/03/sinead-osullivan-to-everyone-who-wants-us-ireland-to-go-nuclear-have-you-heard-of-the-childrens-hospital/,Sinéad O'Sullivan,2026-08-03T05:00:00Z,maritime transport,The debate is little more than a nuclear distracter – absorbing all our energy instead of generating any,The Irish Times,Unknown,News,2026-08-10T07:45:03.184653Z
a5a71a0993af4eda8f58b66085ff1d7c,Aktsiaselts Infortar own share acquisition transactions,https://www.globenewswire.com/news-release/2026/08/03/3337211/0/en/Aktsiaselts-Infortar-own-share-acquisition-transactions.html,AS Infortar,2026-08-03T05:00:00Z,maritime transport,Aktsiaselts Infortar acquired its own shares on the Nasdaq Tallinn Stock Exchange during the period of 27 July – 31 July 2026 as follows:  DateAggregated...,GlobeNewswire,Unknown,News,2026-08-10T07:45:03.184693Z
5dca3d4a59371654e78c9e4bcabbb824,Europe’s ETS revision is an opportunity to strengthen maritime competitiveness,https://www.politico.eu/sponsored-content/europes-ets-revision-is-an-opportunity-to-strengthen-maritime-competitiveness/,"Nikos Mertzanidis, executive director, Europe, Cruise Lines International Association (CLIA)",2026-08-03T04:00:00Z,maritime transport,"Revising the EU Emissions Trading System offers a chance to reinvest carbon revenues into ports, alternative fuels and clean technologies, strengthening Europe's maritime leadership. Cruise is proof that innovation and decarbonization go hand in hand.",POLITICO.eu,Unknown,Market Report,2026-08-10T07:45:03.184780Z
dbf48cdb480a45c21f432dc5a51086e5,Indonesia probes Java Sea ferry fire that killed five,https://en.antaranews.com/news/425179/indonesia-probes-java-sea-ferry-fire-that-killed-five,"Suharsana Aji, Raka Adji",2026-08-03T03:49:25Z,maritime transport,"The Indonesian government has launched an official investigation into a deadly ferry fire in the Java Sea that killed five people.

The blaze broke out ...",Antaranews.com,Indonesia,News,2026-08-10T07:45:03.184807Z
1d904075a305eadbcc0910cc4b51481b,"US Iran war: Explosion reported near tanker off Oman coast, crew safe, UKMTO says",https://economictimes.indiatimes.com/news/international/world-news/us-iran-war-explosion-reported-near-tanker-off-oman-coast-crew-safe-ukmto-says/articleshow/132816030.cms,ANI,2026-08-03T00:55:42Z,maritime transport,"An explosion occurred near a tanker off Oman's coast, with all crew safe.  Maritime authorities are investigating this incident and advising vessels to exercise caution.  Iran and Oman are nearing completion of talks regarding the Strait of Hormuz management.…",The Times of India,Unknown,Market Report,2026-08-10T07:45:03.184858Z
5a86d3df6b12724397bc0df83f11f817,Germany news: Drone incidents prompt security research boost,https://www.dw.com/en/germany-news-drone-incidents-prompt-security-research-boost/live-78287439,"Karl Sexton, Saim Dušan Inayatullah, Timothy Jones",2026-08-09T06:25:00Z,cargo shipping,"Germany is moving to counter the threats posed by drones after a number of security incidents. The CEO of arms giant Rheinmetall says he is not ""chickening out"" despite alleged plots against him. DW has more.",DW (English),Germany,News,2026-08-10T07:45:03.595763Z
5a44252f04b15af852e38f79001ca1ff,Germany news: German kidnapped in Niger released — Algeria,https://www.dw.com/en/germany-news-german-kidnapped-in-niger-released-algeria/live-78287439,"Karl Sexton, Saim Dušan Inayatullah, Timothy Jones",2026-08-09T06:25:00Z,cargo shipping,"Algeria says a German citizen has been released after a ""criminal armed group"" kidnapped him in Niger for two weeks. Meanwhile, Germany is moving to counter the threats posed by drones. Follow DW.",DW (English),Germany,News,2026-08-10T07:45:03.595823Z
e9082806f8772d6de63362c40b465a54,Iran Says Strait of Hormuz Won’t Open Until U.S. ‘Corrects Its Behavior',https://www.huffpost.com/entry/iran-says-strait-of-hormuz-wont-open-until-us-corrects-its-behavior_n_6a77c9bae4b0a6d70bb1e4f5,HuffPost,2026-08-09T00:34:21Z,cargo shipping,A 60-day period to negotiate a final deal will end in just over a week but could be extended.,HuffPost,Unknown,News,2026-08-10T07:45:03.595861Z
4d8b3f82d2b9347651f5a1f43af33629,Iran Says Deal On Strait Of Hormuz Is Close But Not Enough To Open The Waterway,https://www.huffpost.com/entry/iran-says-deal-strait-hormuz-close-but-not-enough-open-waterway_n_6a77c498e4b019e3187d7a75,HuffPost,2026-08-09T00:15:38Z,cargo shipping,"A U.S. official said on Friday that Washington anticipated an agreement soon between Iran and Oman, so normal oil traffic could resume.",HuffPost,Unknown,News,2026-08-10T07:45:03.595898Z
b1fbdc1700269ac61bde1d650e60aea9,China to launch regular shipping to Europe via Russia’s Northern Sea Route – Rosatom,https://www.rt.com/russia/644019-china-europe-shipping-russia-arctic-route/,RT,2026-08-08T21:49:03Z,cargo shipping,"China is set to launch regular shipping to Europe via Russia’s Northern Sea Route, with weekly Arctic voyages planned from August to October, Rosatom CEO Aleksey Likhachev has said",RT,China,Market Report,2026-08-10T07:45:03.596127Z
fb589a1635ccec312adf27034083620f,Iran says Strait of Hormuz deal 'close' but reopening depends on other conditions,https://www.abc.net.au/news/2026-08-09/iran-and-oman-close-to-new-route-strait-of-hormuz/107013264,,2026-08-08T19:38:13Z,cargo shipping,"Iran and Oman are ""very close"" to reaching an accord on a new shipping route through the Strait of Hormuz, Iran's foreign minister says. This is your three-minute briefing on the key developments overnight in the Middle East.",ABC News (AU),Unknown,News,2026-08-10T07:45:03.596218Z
63bbf48b71fb1f401637561c37841861,Iran conditions reopening of Strait of Hormuz on US acceptance of its demands,https://cryptobriefing.com/iran-strait-of-hormuz-us-conditions/,Editorial Team,2026-08-08T10:13:09Z,cargo shipping,"The closure of the Strait of Hormuz exacerbates global energy market instability, potentially increasing costs and geopolitical tensions.
The post Iran conditions reopening of Strait of Hormuz on US acceptance of its demands appeared first on Crypto Briefing.",Crypto Briefing,Global,Market Report,2026-08-10T07:45:03.596393Z
cc961cc63c0a1a9c8effbf50ba4d9f65,Germany news: Trucking rules eased as rivers run low,https://www.dw.com/en/germany-news-trucking-rules-eased-as-rivers-run-low/live-78287439,Timothy Jones,2026-08-08T10:01:00Z,cargo shipping,Several states will let trucks use motorways on Sundays and holidays as freight shipping is hampered by low water levels. The body of a German sailor missing for days has been found in the southern Aegean. DW has more. Germany's main industrial association we…,DW (English),Germany,News,2026-08-10T07:45:03.596469Z
a202d560cf7eabb30e97993d0df0d93c,Turkish-flagged cargo ship hit by drone off Russia,https://www.hurriyetdailynews.com/turkish-flagged-cargo-ship-hit-by-drone-off-russia-225378,hurriyetdailynews.com,2026-08-08T08:27:37Z,cargo shipping,"A Turkish-flagged dry cargo ship was hit by a drone off Russia’s Black Sea port of Novorossiysk, damaging the vessel but causing no casualties, according to reports.",Hurriyet Daily News,Russia,Market Report,2026-08-10T07:45:03.596526Z
0f59d9d2003e90aae3c9f20f1d7ffec0,"India's gas demand returns to pre-disruption levels, but global LNG competition rises: Equirus",https://www.thehindubusinessline.com/markets/commodities/indias-gas-demand-returns-to-pre-disruption-levels-but-global-lng-competition-rises-equirus/article71320634.ece,ANI,2026-08-08T06:52:43Z,cargo shipping,"India's gas demand recovers to pre-disruption levels, facing challenges from rising global LNG competition and high spot prices.",BusinessLine,India,Market Report,2026-08-10T07:45:03.596579Z
bf816fc9b153bd026622c1aa3bb72b1b,"India's gas demand returns to pre-disruption levels, but global LNG competition rises: Equirus",https://economictimes.indiatimes.com/industry/energy/oil-gas/indias-gas-demand-returns-to-pre-disruption-levels-but-global-lng-competition-rises-equirus/articleshow/133046829.cms,ANI,2026-08-08T05:01:37Z,cargo shipping,"India's natural gas consumption recovered to near pre-disruption levels in June 2026. This recovery was broad-based across key sectors, indicating positive demand growth. Imported liquefied natural gas (LNG) consumption rose significantly, increasing India's …",The Times of India,India,News,2026-08-10T07:45:03.596608Z
34750b8c0a485a8e721307d5f7f43cd4,Ukraine promises to end attacks on US-linked oil terminal – Bloomberg,https://www.rt.com/russia/644008-ukraine-strikes-oil-terminal-chevron/,RT,2026-08-08T04:21:28Z,cargo shipping,Ukraine has reportedly promised to refrain from strikes on a vital Black Sea oil terminal in Russia’s Novorossiysk co-owned by US companies Read Full Article at RT.com,RT,Russia,Market Report,2026-08-10T07:45:03.596633Z
d2963682bd5665b14b68bc0ac038b98d,A Cup of Fresh Durian Coffee: The New Shu Road Comes to Life,https://www.prnewswire.com/news-releases/a-cup-of-fresh-durian-coffee-the-new-shu-road-comes-to-life-302846471.html,,2026-08-08T03:00:00Z,cargo shipping,"BEIJING, Aug. 7, 2026 /PRNewswire/ -- A news report from China.org.cn on the the New Shu Road: Have you ever seen durian coffee brewed right inside a fresh durian? This one-of-a-kind durian coffee has recently taken young people by storm at the Chengdu Intern…",PRNewswire,China,Market Report,2026-08-10T07:45:03.596650Z
ab1a9f7afe9d3c82d81c52def7122276,Taipei says China's traffic control order for Taiwan Strait during typhoon is 'ridiculous',https://economictimes.indiatimes.com/news/international/world-news/taipei-says-chinas-traffic-control-order-for-taiwan-strait-during-typhoon-is-ridiculous/articleshow/133045111.cms,Reuters,2026-08-08T02:07:11Z,cargo shipping,Taiwan has called China's traffic control attempts in the Taiwan Strait ridiculous. Beijing claims the strait and has imposed measures due to an approaching typhoon. Taiwan's government stated China has no right to restrict international waters access. The Co…,The Times of India,China,News,2026-08-10T07:45:03.596669Z
88609e7f9f134d4e1021bf786f381bcd,Taipei says China's traffic control order for Taiwan Strait during typhoon is 'ridiculous',https://www.yahoo.com/news/articles/taipei-says-chinas-traffic-control-013839486.html,Reuters,2026-08-08T01:38:39Z,cargo shipping,"TAIPEI, Aug 8 (Reuters) - China's attempt to implement traffic control measures on shipping heading into the Taiwan Strait during Typhoon Dolphin is ""ridicul...",Yahoo Entertainment,China,News,2026-08-10T07:45:03.596683Z
34a806dc534b736acfbfa3552324eb44,"47.2"" x 35.4"" Heavy Duty Cargo Net for Pickup Truck Bed for $16 + free shipping",https://www.dealnews.com/47-2-x-35-4-Heavy-Duty-Cargo-Net-for-Pickup-Truck-Bed-for-16-free-shipping/21985544.html,,2026-08-07T21:22:03Z,cargo shipping,"This MORSUMA cargo net is $15.99, down from $17.99 at Walmart. It includes 12 rubber-capped hooks and a dense 18 by 12 grid designed to keep smaller items from slipping through while securing larger loads.  Spend $35 for free shipping. Otherwise, shipping add…",Dealnews.com,Unknown,News,2026-08-10T07:45:03.596764Z
b537893d85e32f77b5397595c2202dc9,"Targeted, Merchant Marine Needs Help Confronting New, Dangerous Seas",https://www.forbes.com/sites/craighooper/2026/08/07/targeted-merchant-marine-needs-help-confronting-new-dangerous-seas/,"Craig Hooper, Senior Contributor, 
 Craig Hooper, Senior Contributor
 https://www.forbes.com/sites/craighooper/",2026-08-07T17:39:37Z,cargo shipping,"The U.S. is mulling new cargo ships. With merchant traffic targeted like never before, America can get new, battle-hardened cargo ships into service before anybody else.",Forbes,USA,News,2026-08-10T07:45:03.596894Z
7e0aed6bdce1ed50101e122d3b946f72,Iran Debates Hormuz Wording as Trump Says Deal’s ‘Moving Along’,https://gcaptain.com/iran-debates-hormuz-wording-as-trump-says-deals-moving-along/,Bloomberg,2026-08-07T16:51:19Z,cargo shipping,"(Bloomberg) — Iranian lawmakers are debating the wording of a proposed deal with Oman on the Strait of Hormuz, with US President Donald Trump insisting an agreement is getting closer....",gcaptain.com,Unknown,News,2026-08-10T07:45:03.596937Z
df9df5312976da1a05d51691be5857d8,U.S. Container Import Peak Winds Down After Tariff-Driven Rush,https://gcaptain.com/u-s-container-import-peak-winds-down-after-tariff-driven-rush/,Mike Schuler,2026-08-07T15:52:40Z,cargo shipping,The early peak season for U.S. container imports is beginning to wind down after retailers accelerated shipments to get ahead of new tariffs and supply chain uncertainty stemming from the...,gcaptain.com,Unknown,News,2026-08-10T07:45:03.597014Z
b4dbe3a811bd1d151427c9dc89f72694,Abu Dhabi National Oil Company reports 15 missile and drone attacks on its vessels in the Strait of Hormuz,https://cryptobriefing.com/adnoc-missile-drone-attacks-strait-of-hormuz/,Editorial Team,2026-08-07T14:37:11Z,cargo shipping,"Rising insurance costs and potential supply disruptions from attacks in the Strait of Hormuz threaten global energy market stability.
The post Abu Dhabi National Oil Company reports 15 missile and drone attacks on its vessels in the Strait of Hormuz appeared …",Crypto Briefing,Global,Market Report,2026-08-10T07:45:03.597145Z
32dbce178c9c0d1eea6a891b62b77678,Kpler: Only 8 Ships Pass Through Strait Of Hormuz Daily,https://www.globalsecurity.org/wmd/library/news/iran/2026/08/iran-260807-rferl03.htm,John Pike,2026-08-07T12:00:00Z,cargo shipping,"Despite the halt in reciprocal attacks by the United States and Iran, maritime traffic through the Strait of Hormuz remains severely disrupted, business intelligence firm Kpler announced.",Globalsecurity.org,USA,Market Report,2026-08-10T07:45:03.597385Z
de818c68ee674a36510f510af7110e3f,Friday: Hili dialogue,https://whyevolutionistrue.com/2026/08/07/friday-hili-dialogue-589/,whyevolutionistrue,2026-08-07T11:45:45Z,cargo shipping,"Welcome to the first Friday of the month: August 7, 2026, and International Beer Day.  I’ve always maintained that the best session beer (not the best overall beer) in the world is Timothy Taylor Landlord, brewed in Britain, and readers keep sending me welcom…",Whyevolutionistrue.com,UK,News,2026-08-10T07:45:03.597428Z
71f7ca5600e856c37f82b1afef942f03,Reliance Industries books supertanker at record $23-25 million freight to lift Iraqi crude,https://economictimes.indiatimes.com/industry/energy/oil-gas/reliance-industries-books-supertanker-at-record-freight-price-to-lift-iraqi-crude-mukesh-ambani/articleshow/133032231.cms,Reuters,2026-08-07T11:16:03Z,cargo shipping,Reliance Industries paid a record sum to charter a supertanker for Iraqi crude oil.  This reflects a limited vessel pool and soaring voyage costs in the Gulf.  Shipping traffic through the Strait of Hormuz remains below average levels.  Iraq offers steep disc…,The Times of India,Unknown,News,2026-08-10T07:45:03.597560Z
211d6274eeee8e9bd80573a547af4e22,"DYU D3F 14"" Folding Electric Bike for $180 + free shipping",https://www.dealnews.com/DYU-D3-F-14-Folding-Electric-Bike-for-180-free-shipping/21985366.html,,2026-08-07T10:47:19Z,cargo shipping,"For one final day at AliExpress, you can use the promo code ""YUSAF23"" to drop the price of this DYU D3F folding electric bike to just $180. You'd pay $79 more for the same model at Amazon. It packs a 500W peak motor, 280Wh battery, and top speed of 20mph into…",Dealnews.com,Unknown,News,2026-08-10T07:45:03.597679Z
ac4da1670cc2c5f63f20161a021bff3a,MAPS: Where water scarcity is disrupting life in Germany,https://www.thelocal.de/20260807/maps-where-water-scarcity-is-disrupting-life-in-germany,The Local,2026-08-07T10:41:33Z,cargo shipping,Germany has seen back-to-back heatwaves this summer while rain has been relatively sparse. Now historically low water levels are disrupting shipping lanes while cities urge residents to reduce water use.,The Local Germany,Germany,News,2026-08-10T07:45:03.597715Z
653c862e6ecd430c6b9d1cf5d4d212bb,Cannondale 10-in-1 Bike Multi-Tool for $19 + free shipping w/ $60,https://www.dealnews.com/Cannondale-10-in-1-Bike-Multi-Tool-for-19-free-shipping-w-60/21985332.html,,2026-08-07T09:31:26Z,cargo shipping,"Most other stores charge $25. It packs 10 tools, including seven hex keys, a Torx bit, a screwdriver, and a valve core tool, into a pocket-sized body with hardened, corrosion-resistant components. This item is discontinued, so stock may be limited. Buy Now at…",Dealnews.com,Unknown,News,2026-08-10T07:45:03.597761Z
3a4c903c887f808335ec508f8b6a2b14,Michael Bloomberg: America needs to repeal rather than just suspend a rusty old shipping law,https://www.livemint.com/opinion/online-views/michael-bloomberg-america-repeal-suspend-pointless-shipping-law-industry-iran-war-11786086002100.html,mint,2026-08-07T09:30:42Z,cargo shipping,"An old law framed to shield the US shipping industry, the Jones Act of 1920, was suspended after the Iran war broke out. That it’s an economic dead-weight is amply clear now that fresh evidence is in. So why not jettison it for good?",Livemint,USA,News,2026-08-10T07:45:03.597793Z
569692913bf7e09841e684782b6dfb00,Trump Says Hormuz Talks ‘Moving Along’ Even as Iran Mulls US Ban,https://financialpost.com/pmn/business-pmn/trump-says-hormuz-talks-moving-along-even-as-iran-mulls-us-ban,Bloomberg News,2026-08-07T09:22:14Z,cargo shipping,"US President Donald Trump said negotiations between Iran and Oman over the Strait of Hormuz are “moving along,” even after some Iranian lawmakers said they would seek to bar American and Israeli ships from the waterway as part of the deal.",Financial Post,USA,News,2026-08-10T07:45:03.597824Z
bcf6fc2b8ff8260be70deda61e0a06f8,Oil Prices Advance as Strait of Hormuz Uncertainty Returns to the Forefront,https://investorshub.advfn.com/market-news/article/33694/oil-prices-advance-as-strait-of-hormuz-uncertainty-returns-to-the-forefront,Fiona Craig,2026-08-07T08:42:03Z,cargo shipping,Oil prices moved higher on Friday as uncertainty surrounding the future of shipping through the Strait of Hormuz continued to support the market. Fresh propo...,Advfn.com,Unknown,Market Report,2026-08-10T07:45:03.597856Z
d785a85b94cee0c40d0d11955b5751a7,China’s Crude Imports Bounce Back After Historic June Slump,https://oilprice.com/Latest-Energy-News/World-News/Chinas-Crude-Imports-Bounce-Back-After-Historic-June-Slump.html,Irina Slav,2026-08-07T08:15:00Z,cargo shipping,"China’s crude oil imports reversed an earlier decline, rising by 22% from June to an average daily of 8.45 million barrels, or a total of 35.73 million tons, Bloomberg reported today, citing customs data. China slashed its total crude oil imports to a decade …",OilPrice.com,China,Market Report,2026-08-10T07:45:03.597874Z
43e7bb48ef598dfd05c22f921daf95c0,"Nishiki Men's Pueblo 1.1 26"" Mountain Bike for $280 + shipping varies",https://www.dealnews.com/Nishiki-Mens-Pueblo-1-1-26-Mountain-Bike-for-280-shipping-varies/21985285.html,,2026-08-07T07:29:44Z,cargo shipping,"This Nishiki Pueblo 1.1 mountain bike is $70 off at Dick's Sporting Goods, bringing it down to $279.99. It includes a suspension fork, 21-speed Shimano twist shifting, and dual linear pull brakes, and purchase comes with free bike assembly. Buy Now at Dick's …",Dealnews.com,Unknown,News,2026-08-10T07:45:03.597923Z
ac05ee2def829db43cd74584cee8b03e,JNPA earned more than Kandla & Paradip despite lower cargo volumes in FY26,https://www.thehindubusinessline.com/economy/logistics/jnpa-earned-more-than-kandla-paradip-despite-lower-cargo-volumes-in-fy26/article71316538.ece,Avinash Nair,2026-08-07T06:47:18Z,cargo shipping,"The port at Nhava Sheva earned ₹4,356 crore in FY26, accounting for 16.4 per cent of the combined revenue generated by the country’s 12 major ports",BusinessLine,India,News,2026-08-10T07:45:03.597945Z
f7407608bc653cf64e86792c04ea70c1,Sweden to hand over seized Russian 'shadow fleet' ship to Ukraine,https://www.thelocal.se/20260807/sweden-to-hand-over-seized-russian-shadow-fleet-ship-to-ukraine,The Local,2026-08-07T06:31:20Z,cargo shipping,"Sweden will hand over to Kyiv a seized Russian ""shadow fleet"" cargo ship which Ukraine suspects of transporting grain stolen from its occupied territory, Swedish court documents obtained by AFP on Thursday showed.",The Local Sweden,Russia,News,2026-08-10T07:45:03.598004Z
a4787b7c643f9fa4e27b2d2153ed8aa6,The key to colonizing Mars may be hidden inside asteroids,https://www.sciencedaily.com/releases/2026/08/260805082504.htm,,2026-08-07T05:29:22Z,cargo shipping,"Metal-rich asteroids could one day become hardware stores for Mars, supplying the materials needed to build and repair a growing colony. A new analysis shows that carefully selected asteroids may be reachable with current spacecraft technology. Some could eve…",Science Daily,Unknown,Analysis/Opinion,2026-08-10T07:45:03.598043Z
21a728255b8ee44c0bae3fa21a1fa3e8,Iran proposes 5-7% fee on Strait of Hormuz cargo amid US opposition,https://cryptobriefing.com/iran-proposes-5-7-fee-on-strait-of-hormuz-cargo-amid-us-opposition/,Estefano Gomez,2026-08-07T02:28:25Z,cargo shipping,"Iran's proposed fee could heighten regional tensions, impact global shipping costs, and challenge diplomatic relations with the U.S.
The post Iran proposes 5-7% fee on Strait of Hormuz cargo amid US opposition appeared first on Crypto Briefing.",Crypto Briefing,Global,News,2026-08-10T07:45:03.598095Z
92a7f8f1f9e71f136ac85897af12e5ec,Oil Price Today (August 7): Crude oil rises above $83 as Strait of Hormuz deadlock continues. Here’s why,https://economictimes.indiatimes.com/markets/commodities/news/oil-price-today-august-7-crude-oil-rises-above-83-as-strait-of-hormuz-deadlock-continues-heres-why/articleshow/133018974.cms,Veer Sharma,2026-08-07T02:04:58Z,cargo shipping,Oil prices climbed for a second session on Friday due to renewed Hormuz Strait concerns. Iran proposed restricting hostile vessels and imposing penalties for violations. Crude oil prices saw increases on Thursday and Friday. Analysts warn of significant price…,The Times of India,Unknown,Market Report,2026-08-10T07:45:03.598144Z
bf8c63a1bda4b69eba68541056ed9daf,Modular Truck Cap Comes Off in Under 15 Minutes and Hangs on a Wall in your Garage,https://www.yankodesign.com/2026/08/06/modular-truck-cap-comes-off-in-under-15-minutes-and-hangs-on-a-wall-in-your-garage/,Sarang Sheth,2026-08-07T01:45:52Z,cargo shipping,"Modular Truck Cap Comes Off in Under 15 Minutes and Hangs on a Wall in your GaragePickup trucks are one of the few vehicles people buy specifically to keep their options open. The whole point is hauling, versatility, doing whatever comes...",Yanko Design,Unknown,News,2026-08-10T07:45:03.598224Z
175a6d5cd46071ff14bf36e5368aefe3,"Aventon Pace 4 Step-Through Ebike for $1,299 + shipping varies",https://www.dealnews.com/Aventon-Pace-4-Step-Through-Ebike-for-1-299-shipping-varies/21980631.html,,2026-08-07T01:00:00Z,cargo shipping,"The Aventon Pace 4 step-through ebike is priced at $1,299 down from $1,799. It runs on a 500W motor with torque sensor technology and offers 3 levels of pedal assist. Security features include GPS tracking, unusual activity detection, and an integrated rear w…",Dealnews.com,Unknown,News,2026-08-10T07:45:03.598272Z
22d3626533ebce212fc57ebbc9f6fbbe,The Internet of Stuff,https://doc.searls.com/2026/08/06/the-internet-of-stuff/,Doc Searls,2026-08-07T00:05:04Z,cargo shipping,"We now have an internet of stuff, at the heart of which are the distribution and fulfillment centers that have been replacing farmland and former broadcast transmitter sites near highways and airports everywhere. (The one above straddles I-65 in Whitestown, I…",Searls.com,Unknown,News,2026-08-10T07:45:03.598320Z
6e1601c621155e5004c1e1d957b700bd,"Iranian parliament bill would ban US, Israeli ships from Strait of Hormuz",https://nypost.com/2026/08/06/world-news/iranian-parliament-bill-would-ban-us-israeli-ships-from-strait-of-hormuz/,Caitlin Doornbos,2026-08-06T23:01:00Z,cargo shipping,"The proposed legislation, dubbed the “Strategic Action for the Security and Sustainable Development of the Strait of Hormuz and the Persian Gulf,” is under review by parliament’s National Security and Foreign Policy Committee, Tasnim reported.",New York Post,Unknown,Analysis/Opinion,2026-08-10T07:45:03.598410Z
9351feeffe084bcb09274826f7b9f434,Iran Claims to Be in ‘Final Stages’ of Deal with Oman to Control Strait of Hormuz,https://www.breitbart.com/middle-east/2026/08/06/iran-claims-to-be-in-final-stages-of-deal-with-oman-to-control-strait-of-hormuz/,John Hayward,2026-08-06T22:05:13Z,cargo shipping,"Iranian Foreign Ministry spokesman Esmail Baqaei said on Wednesday that Iran and Oman have reached the “final stages” of a deal for mutual control of the Strait of Hormuz after two months of negotiations.
The post Iran Claims to Be in ‘Final Stages’ of Deal w…",Breitbart News,Unknown,News,2026-08-10T07:45:03.598465Z
f7c25d9b7107e8448c3e2619f9ea73b2,Iran aims to ban U.S. and Israeli ships from Strait of Hormuz and charge others a toll,https://www.npr.org/2026/08/06/nx-s1-5923623/iran-strait-hormuz-us-israel-ban,NPR's International Desk,2026-08-06T20:58:56Z,cargo shipping,"Iran's parliament is reviewing a plan to ban ships linked to the U.S., Israel and other ""hostile countries"" from transiting the Strait of Hormuz. The Trump administration has rejected the plan.",NPR,Unknown,Analysis/Opinion,2026-08-10T07:45:03.598498Z
44c5988ad70f9f2f6c557a2adc4fc1ed,"9"" SILKWORLD Men's 2-in-1 Swim Trunks w/ Compression Liner (Various) $11.99 + Free Shipping w/ Prime or on $35+ (0 replies)",https://slickdeals.net/f/19851393-9-silkworld-men-s-2-in-1-swim-trunks-w-compression-liner-various-11-99-free-shipping-w-prime-or-on-35,LolaBunny21 | Staff,2026-08-06T20:35:58Z,cargo shipping,"SILKWORLD® via Amazon [amazon.com] has 9"" SILKWORLD Men's 2-in-1 Swim Trunks w/ Compression Liner (various colors & sizes) on sale for $23.98 - 50% off when you apply promo code WPG3PIS",Slickdeals.net,Unknown,News,2026-08-10T07:45:03.598542Z
98500b52fa507b8d2d0a4ed3bd7fd0a0,"Iran weighs Hormuz plan banning Israeli and US ships, imposing cargo fines",https://freerepublic.com/focus/f-news/4390875/posts,Ynet Global,2026-08-06T20:09:34Z,cargo shipping,"Preliminary proposal reported by Iran’s Tasnim agency would also block Israel-linked cargo, demand compensation from ‘hostile states’ and fine violators up to 20% of cargo value; separate Iranian report says Tehran and Oman are discussing service fees and a j…",Freerepublic.com,Unknown,Market Report,2026-08-10T07:45:03.598626Z
455457ff0192b8ff54311c0f646fa8b0,"Oil settles up $3 as Iran reviews bill to ban US, Israeli vessels from Hormuz",https://finance.yahoo.com/news/oil-prices-slip-iran-oman-010712479.html,By Georgina McCartney,2026-08-06T19:22:30Z,cargo shipping,"By Georgina McCartney HOUSTON, Aug 6 (Reuters) - Oil prices settled up by more than $3 a barrel on Thursday on news an Iranian parliament committee is review...",Yahoo Entertainment,Unknown,Analysis/Opinion,2026-08-10T07:45:03.598749Z
0e9385fbede3796b6e04d73fbc553186,"Proposed Hormuz passage deal not feasible for shipping industry, sources say",https://economictimes.indiatimes.com/news/defence/challenges-of-proposed-iran-oman-deal-for-strait-of-hormuz-shipping-industry-concerns-over-fees-and-compliance/articleshow/133014167.cms,Reuters,2026-08-06T18:33:32Z,cargo shipping,A proposed Iran-Oman deal for Strait of Hormuz control faces significant challenges. U.S. sanctions and restrictive insurance clauses impede workable payment mechanisms for transit. Iran seeks fees between five and seven percent of cargo value for passage. Om…,The Times of India,Unknown,News,2026-08-10T07:45:03.598802Z
3c9baded03d888703fa60594cb6194bf,Iran Seeks to Bar US Ships in Hormuz as Deal With Oman Advances,https://financialpost.com/pmn/business-pmn/iran-seeks-to-bar-us-ships-in-hormuz-as-deal-with-oman-advances,Bloomberg News,2026-08-06T18:20:41Z,cargo shipping,"Iran will seek to bar US and Israeli ships from the Strait of Hormuz and require compensation from hostile countries before they’re allowed to use it, according to local media reports on a proposed Iran-Oman deal to manage the crucial waterway.",Financial Post,Unknown,Market Report,2026-08-10T07:45:03.598850Z
a8e8ce4663a70ec55cf1e39decacc024,Leipzig drone bomb was found near Ukrainian plane carrying ammunition,https://www.irishtimes.com/world/europe/2026/08/06/leipzig-drone-bomb-was-found-near-ukrainian-plane-carrying-ammunition/,Deborah Cole in Berlin,2026-08-06T18:02:16Z,cargo shipping,Germany investigating whether foreign state involved as minister says ‘ripped’ detonator stopped device going off,The Irish Times,Ukraine,News,2026-08-10T07:45:03.598874Z
94f152868e9179c7915ce09952cd8765,Iran proposes 5-7% toll for Strait of Hormuz passage amid US tensions,https://cryptobriefing.com/iran-proposes-5-7-toll-for-strait-of-hormuz-passage-amid-us-tensions/,Estefano Gomez,2026-08-06T17:51:23Z,cargo shipping,"Iran's toll proposal for the Strait of Hormuz could escalate geopolitical tensions, impacting global trade and diplomatic relations significantly.
The post Iran proposes 5-7% toll for Strait of Hormuz passage amid US tensions appeared first on Crypto Briefing.",Crypto Briefing,Global,News,2026-08-10T07:45:03.598918Z
2735fe71825acabbc77cdd1d25854347,‘Pure insanity’—Elon Musk details SpaceX’s plan to turn the moon into its newest manufacturing site,https://fortune.com/2026/08/06/pure-insanityelon-musk-details-spacexs-plan-to-turn-the-moon-into-its-newest-manufacturing-site/,Amanda Gerut,2026-08-06T17:36:35Z,cargo shipping,"SpaceX’s SEC filings describe lunar satellite factories, electromagnetic launchers, and robotic mineral mining. The founders building space equipment say the science checks out—even if the timeline doesn’t.",Fortune,Unknown,News,2026-08-10T07:45:03.598971Z
348fa788d6867fd6dde9510eade19a75,‘Pure insanity’—Elon Musk details SpaceX’s plan to turn the moon into its newest manufacturing site,https://finance.yahoo.com/technology/articles/pure-insanity-elon-musk-details-173635969.html,Amanda Gerut,2026-08-06T17:36:35Z,cargo shipping,"SpaceX’s SEC filings describe lunar satellite factories, electromagnetic launchers, and robotic mineral mining. The founders building space equipment say the...",Yahoo Entertainment,Unknown,News,2026-08-10T07:45:03.599006Z
e7844f87c7c053a47d47b1190ba7b8c4,Hormuz power play: Iran's proposed 7% shipping toll could unlock $100 billion a year,https://freerepublic.com/focus/f-chat/4390833/posts,Business Today,2026-08-06T16:11:07Z,cargo shipping,"According to various reports, Iran is pushing for a transit fee of between 5% and 7% of the cargo's value, while Oman has reportedly proposed a lower 3% toll. The Strait of Hormuz has long been one of the world's most strategically sensitive maritime chokepoi…",Freerepublic.com,Unknown,Market Report,2026-08-10T07:45:03.599105Z
4d1a5c15a4244b15ffb59e98e43b0f7b,"Yozma IN10 Electric Dirt Bike for $1,100 + free shipping",https://www.dealnews.com/Yozma-IN10-Electric-Dirt-Bike-for-1-100-free-shipping/21980668.html,,2026-08-06T15:18:52Z,cargo shipping,"This Yozma IN10 electric dirt bike is $999 off its regular price of $2,099. It's also at an all-time low, matching Amazon's lowest recorded price and well below the 90-day average of $2,021. The bike pairs a 3,000-watt mid-drive motor with a 45-mile range bat…",Dealnews.com,Unknown,News,2026-08-10T07:45:03.599150Z
87a0713e13c8600c76c99f00bc5f165a,Panama Canal to Tighten Draft Limits Again as Water Levels Continue to Fall,https://gcaptain.com/panama-canal-to-tighten-draft-limits-again-as-water-levels-continue-to-fall/,Mike Schuler,2026-08-06T14:19:09Z,cargo shipping,The Panama Canal Authority (ACP) will impose another round of draft restrictions for vessels transiting its Neopanamax locks later this month as water levels in Gatun Lake continue to decline...,gcaptain.com,Panama,News,2026-08-10T07:45:03.599185Z
fc4219beb69d436f6a6240275a04c1fc,Sweden to hand over seized Russian shadow fleet ship to Ukraine in landmark ruling,https://cryptobriefing.com/sweden-russian-shadow-fleet-ship-ukraine/,Editorial Team,2026-08-06T10:41:30Z,cargo shipping,"This ruling sets a precedent for proactive sanctions enforcement, potentially influencing future asset transfers to conflict-affected nations.
The post Sweden to hand over seized Russian shadow fleet ship to Ukraine in landmark ruling appeared first on Crypto…",Crypto Briefing,Russia,News,2026-08-10T07:45:03.599314Z
d5dc4ba4c5d7b85775a3edfe60dec693,"Stranded boats, idle fishermen as Danube hits record lows",https://www.rte.ie/news/europe/2026/0806/1586745-danube-river-levels/,RTÉ News,2026-08-06T10:08:01Z,cargo shipping,"The waters of the mighty Danube, Europe's second longest river, have dropped in parts to a record low due to successive heatwaves that have parched the continent since May.",RTE,Unknown,News,2026-08-10T07:45:03.599387Z
3a247bc081ebde4113bccb18d0ec7043,Urlife E26 750W Electric Bike for $333 + free shipping,https://www.dealnews.com/Urlife-E26-750-W-Electric-Bike-for-333-free-shipping/21980542.html,,2026-08-06T09:51:50Z,cargo shipping,"AliExpress is selling the Urlife E26 750W Electric Bike for just $333 right now, when you apply the promo code ""YUSAF35"". It's significantly less than half its original price of $872, and it will ship for free from a local US warehouse. The coupon expires on …",Dealnews.com,Unknown,News,2026-08-10T07:45:03.599433Z
a1f95aaa52d88be49438a3d7b31573ee,How the UAE Has Kept Its Oil Flowing Through Hormuz,https://oilprice.com/Latest-Energy-News/World-News/How-the-UAE-Has-Kept-Its-Oil-Flowing-Through-Hormuz.html,Tsvetana Paraskova,2026-08-06T09:40:00Z,cargo shipping,"The United Arab Emirates has managed to boost its oil exports to pre-crisis levels as early as June, as it has kept pushing crude through the Strait of Hormuz and outside it.   The UAE, which left OPEC on May 1, has found workarounds to the blockage at the St…",OilPrice.com,Unknown,Market Report,2026-08-10T07:45:03.599474Z
17acca7ce4fd77f7e041840b9acba86c,Oil steadies after sharp weekly decline as Hormuz developments offset by supply concerns,https://investorshub.advfn.com/market-news/article/33570/oil-steadies-after-sharp-weekly-decline-as-hormuz-developments-offset-by-supply-concerns,Fiona Craig,2026-08-06T09:35:19Z,cargo shipping,"Oil prices traded with little direction on Thursday, remaining close to their recent lows as markets balanced tentative progress on shipping through the Stra...",Advfn.com,Unknown,Market Report,2026-08-10T07:45:03.599507Z
6ca0b858c62bbeb0f9646098c494bc7a,"US futures steady as Iran negotiations, earnings and economic data dominate attention: Dow Jones, S&P, Nasdaq, Wall Street",https://investorshub.advfn.com/market-news/article/33566/us-futures-steady-as-iran-negotiations-earnings-and-economic-data-dominate-attention-dow-jones-sp-nasdaq-wall-street,Fiona Craig,2026-08-06T09:29:27Z,cargo shipping,"U. S. stock index futures traded with little direction on Thursday as investors monitored diplomatic developments involving Iran, assessed another round of c...",Advfn.com,Unknown,Market Report,2026-08-10T07:45:03.599545Z
df9ac9a7cb0202a430b96c362bc6b2ce,"Whakatāne’s Cascade Charters ordered to pay fine and reparation, after passengers thrown overboard on fishing charter",https://www.nzherald.co.nz/nz/whakatanes-cascade-charters-ordered-to-pay-fine-and-reparation-after-passengers-thrown-overboard-on-fishing-charter/J3QT6BZTU5EYLHWLOYJOVSSL2I/,Hannah Bartlett,2026-08-09T00:34:58Z,vessel charter,The men were on a fishing charter that got into trouble on the Whakatāne River bar.,New Zealand Herald,Unknown,News,2026-08-10T07:45:03.951544Z
522bbcb4602c314c13ed3644df781d11,Excelerate Energy Q2 Earnings Call Highlights,https://www.marketbeat.com/instant-alerts/excelerate-energy-q2-earnings-call-highlights-2026-08-08/?utm_source=yahoofinance&amp;utm_medium=yahoofinance,MarketBeat,2026-08-08T05:03:49Z,vessel charter,"Excelerate Energy (NYSE:EE) reported second-quarter 2026 net income of $50 million and adjusted EBITDA of $120 million, as the company advanced LNG infrastru...",MarketBeat,Unknown,Market Report,2026-08-10T07:45:03.951675Z
51a939eecf2afef131d98ec502321d97,SBM Offshore Half Year 2026 Earnings,https://www.globenewswire.com/news-release/2026/08/06/3339924/0/en/SBM-Offshore-Half-Year-2026-Earnings.html,SBM Offshore Amsterdam B.V.,2026-08-06T05:02:00Z,vessel charter,"Amsterdam, August 6, 2026  Highlights  112% increase in year-to-date Directional1 revenue of US$4.9 billion92% increase in year-to-date Directional EBITDA...",GlobeNewswire,Unknown,News,2026-08-10T07:45:03.952085Z
6f46b64de318008eb3ad3e89eb173641,Canada Charters Finnish Icebreaker Nordica to Support Arctic Operations,https://gcaptain.com/canada-charters-finnish-icebreaker-nordica-to-support-arctic-operations/,Mike Schuler,2026-08-04T19:28:10Z,vessel charter,"Finnish state-owned icebreaking company Arctia has secured a contract to deploy one of its multipurpose icebreakers to Canada’s Arctic later this year, providing additional capacity for the Canadian Coast Guard...",gcaptain.com,Unknown,News,2026-08-10T07:45:03.952320Z
05b4043e81f2293caa930c5c20f7f25a,Ukraine Deliberately Attacked Iranian Vessel in Caspian Sea - Iranian Foreign Ministry,https://www.globalsecurity.org/wmd/library/news/ukraine/2026/08/ukraine-260803-sputnik04.htm,John Pike,2026-08-03T12:00:00Z,vessel charter,"Iran has evidence that Ukraine deliberately attacked an Iranian cargo ship in the Caspian Sea on July 25, Iranian Foreign Ministry spokesman Ismail Baghaei said on Monday.",Globalsecurity.org,Ukraine,News,2026-08-10T07:45:03.952518Z
1a0251958cd7ade7d5af5fc0113f45a3,Ukraine Deliberately Attacked Iranian Vessel in Caspian Sea - Iranian Foreign Ministry,https://sputnikglobe.com/20260803/ukraine-deliberately-attacked-iranian-vessel-in-caspian-sea---iranian-foreign-ministry-1124532334.html,Sputnik International,2026-08-03T10:03:59Z,vessel charter,"TEHRAN (Sputnik) - Iran has evidence that Ukraine deliberately attacked an Iranian cargo ship in the Caspian Sea on July 25, Iranian Foreign Ministry spokesman Ismail Baghaei said on Monday.",Sputnikglobe.com,Ukraine,News,2026-08-10T07:45:03.952543Z
2fbbfd61ff4e94f63b34dc81600518a1,"Layered El Nino compounds global commodity market risk, says US analyst",https://www.thehindubusinessline.com/economy/agri-business/layered-el-nino-compounds-global-commodity-market-risk-says-us-analyst/article71324263.ece,Vinson Kurian,2026-08-09T07:20:08Z,shipping market,"Unusually warm subsurface Pacific waters and mounting global logistics pressures could amplify disruptions across agriculture, energy and trade, says climate and commodities expert Michael Ferrari.",BusinessLine,Global,Market Report,2026-08-10T07:45:04.379438Z
31e2a46adfe0b07a6bbce75da187c29d,Berkshire Hathaway spends down cash pile under CEO Greg Abel,https://economictimes.indiatimes.com/markets/us-stocks/news/berkshire-hathaway-spends-down-cash-pile-under-ceo-greg-abel/articleshow/133062858.cms,Bloomberg,2026-08-09T05:54:10Z,shipping market,"Berkshire Hathaway reduced its cash hoard to $365.5 billion in Q2, as CEO Greg Abel deployed capital into $4.5 billion of stock buybacks and nearly $20 billion in equities, including investments in Alphabet and Taylor Morrison. Operating earnings rose 16% to …",The Times of India,Unknown,News,2026-08-10T07:45:04.379701Z
7fc37f60a4621f6997a8c9ccfae8ebbd,The world has changed. African countries must rethink how they grow their economies,https://theconversation.com/the-world-has-changed-african-countries-must-rethink-how-they-grow-their-economies-289060,"Jonathan Munemo, Professor of Economics, Salisbury University",2026-08-09T04:30:23Z,shipping market,Africa still needs millions of better-paying jobs and higher productivity to reduce poverty. What has changed is the route to achieving those goals.,The Conversation Africa,Unknown,News,2026-08-10T07:45:04.379741Z
613fac057410359433b6433eade8f92c,US claims destruction of Iran’s nuclear program amid Strait of Hormuz tensions,https://cryptobriefing.com/us-claims-destruction-of-irans-nuclear-program-amid-strait-of-hormuz-tensions/,Estefano Gomez,2026-08-08T23:30:03Z,shipping market,"Escalating U.S. rhetoric may hinder diplomatic efforts, affecting global shipping and regional stability amid ongoing Strait of Hormuz tensions.
The post US claims destruction of Iran’s nuclear program amid Strait of Hormuz tensions appeared first on Crypto B…",Crypto Briefing,Global,News,2026-08-10T07:45:04.379948Z
fa5f69c788809c433cd5817e14e469a3,"Iran issues demands for US in Strait of Hormuz talks, complicating negotiations",https://cryptobriefing.com/iran-issues-demands-for-us-in-strait-of-hormuz-talks-complicating-negotiations/,Estefano Gomez,2026-08-08T22:56:16Z,shipping market,"Iran's demands in Hormuz talks heighten geopolitical tensions, impacting global energy markets and reducing confidence in a swift resolution.
The post Iran issues demands for US in Strait of Hormuz talks, complicating negotiations appeared first on Crypto Bri…",Crypto Briefing,Global,Market Report,2026-08-10T07:45:04.380133Z
f4af1a24720b795069b3dc7043aee9a9,AMD just made bold move to challenge Nvidia,https://www.thestreet.com/investing/stocks/amd-acquires-taalas-ai-inference-chips-nvidia-amd,Peace Longe,2026-08-08T22:07:00Z,shipping market,Advanced Micro Devices (AMD) has spent 2026 proving it can compete with Nvidia in the artificial intelligence race. Its stock has more than doubled this year...,TheStreet,Unknown,News,2026-08-10T07:45:04.380167Z
786613356fcd65a8271aa5a044bbd989,"Iran, Oman agree on vessel routes through Strait of Hormuz",https://cryptobriefing.com/iran-oman-agree-on-vessel-routes-through-strait-of-hormuz/,Estefano Gomez,2026-08-08T20:22:26Z,shipping market,"The Iran-Oman agreement may ease regional tensions and influence global energy security, but unresolved political issues could still pose risks.
The post Iran, Oman agree on vessel routes through Strait of Hormuz appeared first on Crypto Briefing.",Crypto Briefing,Global,News,2026-08-10T07:45:04.380269Z
96e2a23c17e376d7187dd93353d673f2,Iranian officials are worried the U.S. blockade will cause an economic collapse and admit sanctions relief is desperately needed,https://finance.yahoo.com/economy/articles/iranian-officials-worried-u-blockade-201408319.html,Jason Ma,2026-08-08T20:14:08Z,shipping market,But Iran's aggressive demands cool hopes that the strait will see traffic return to normal anytime soon or that the U.S. will stop applying economic pressure...,Yahoo Entertainment,Unknown,News,2026-08-10T07:45:04.380311Z
2b8305e2d2379e6f64dd574e8bb251d9,Iranian officials are worried the U.S. blockade will cause an economic collapse and admit sanctions relief is desperately needed,https://fortune.com/2026/08/08/iran-economic-collapse-us-naval-blockade-hormuz-sanctions-relief/,Jason Ma,2026-08-08T20:14:08Z,shipping market,But Iran's aggressive demands cool hopes that the strait will see traffic return to normal anytime soon or that the U.S. will stop applying economic pressure on Iran.,Fortune,Unknown,News,2026-08-10T07:45:04.380342Z
fd16e49443f4e7feb10080703958e60e,UAE accuses Iran of missile strike on ADNOC tanker in Strait of Hormuz,https://cryptobriefing.com/uae-accuses-iran-of-missile-strike-on-adnoc-tanker-in-strait-of-hormuz/,Estefano Gomez,2026-08-08T19:35:14Z,shipping market,"Rising tensions in the Strait of Hormuz threaten regional stability and global oil supply, complicating diplomatic and economic resolutions.
The post UAE accuses Iran of missile strike on ADNOC tanker in Strait of Hormuz appeared first on Crypto Briefing.",Crypto Briefing,Global,News,2026-08-10T07:45:04.380387Z
49d2093ccb1cb122d08be21b5f598c30,"Oman optimistic on Hormuz talks, Iran warns deal may not reopen strait",https://cryptobriefing.com/oman-optimistic-on-hormuz-talks-iran-warns-deal-may-not-reopen-strait/,Estefano Gomez,2026-08-08T19:25:10Z,shipping market,"The uncertainty in reopening the Strait of Hormuz underscores ongoing geopolitical tensions, impacting global shipping and market stability.
The post Oman optimistic on Hormuz talks, Iran warns deal may not reopen strait appeared first on Crypto Briefing.",Crypto Briefing,Global,Market Report,2026-08-10T07:45:04.380431Z
59b39977d3047c31e5d61bd3da76d9ff,Airlines Scramble for Jet Fuel as Hormuz Disruption Drags On,https://finance.yahoo.com/energy/articles/airlines-scramble-jet-fuel-hormuz-190000182.html,Felicity Bradstock,2026-08-08T19:00:00Z,shipping market,"The prolonged disruption to shipping through the Strait of Hormuz has created a global jet fuel crunch, driving up airline costs and forcing carriers to seek...",Yahoo Entertainment,Global,News,2026-08-10T07:45:04.380466Z
c8fae3b6c5939457b4333b05b2a22239,How Mexican Drug Cartels Have Shifted Methamphetamine Production to Africa,https://www.borderlandbeat.com/2026/08/how-mexican-drug-cartels-have-shifted.html,Sol Prendido,2026-08-08T17:12:35Z,shipping market,“Sol Prendido” for Borderland Beat  Mexican cartels have expanded their influence in Africa. While they previously moved drugs to and from t...,Borderlandbeat.com,Unknown,News,2026-08-10T07:45:04.380546Z
23f227f37ff4554d6b1e7e85376a967b,Iran demands US accept control over Strait of Hormuz amid ceasefire,https://cryptobriefing.com/iran-demands-us-accept-control-over-strait-of-hormuz-amid-ceasefire/,Estefano Gomez,2026-08-08T16:41:01Z,shipping market,"Iran's control over the Strait of Hormuz may destabilize regional security and hinder diplomatic efforts, affecting global energy markets.
The post Iran demands US accept control over Strait of Hormuz amid ceasefire appeared first on Crypto Briefing.",Crypto Briefing,Global,Market Report,2026-08-10T07:45:04.380614Z
e610d50bcd11eccc085a201d95a592d8,"Synopsys CXL 4.0 IP Hits 128 GT/s, Claims 3-6x KV Cache Offload Over SSDs",https://www.storagereview.com/news/synopsys-cxl-4-0-ip-hits-128-gt-s-claims-3-6x-kv-cache-offload-over-ssds,Harold Fritts,2026-08-08T16:28:31Z,shipping market,"Synopsys has announced what it describes as the industry’s first complete Compute Express Link (CXL) 4.0 intellectual property suite. The portfolio combines a CXL controller, IDE security modules, a PCIe 7.0-based physical layer, and verification IP for syste…",Storagereview.com,Unknown,News,2026-08-10T07:45:04.380692Z
0e1d3dbf87e3fdd124d72b352bdcd800,Iran-US tensions rise over Strait of Hormuz passage rights,https://cryptobriefing.com/iran-us-tensions-rise-over-strait-of-hormuz-passage-rights/,Estefano Gomez,2026-08-08T15:56:41Z,shipping market,"The ongoing diplomatic tensions and operational uncertainties could lead to prolonged instability in global oil markets and maritime security.
The post Iran-US tensions rise over Strait of Hormuz passage rights appeared first on Crypto Briefing.",Crypto Briefing,Global,Market Report,2026-08-10T07:45:04.380729Z
9a023e47995d5b8a4d53183dc4be4e24,Forecasting the AI bubble: When scarcity turns to surplus,https://siliconangle.com/2026/08/08/forecasting-ai-bubble-scarcity-turns-surplus/,Dave Vellante,2026-08-08T15:51:22Z,shipping market,AI can be technologically transformative and still produce a capital bubble. Those two ideas are not in conflict. The bubble bursting does not require AI to fail. It only requires deployable supply and capital commitments to grow faster than monetizable deman…,SiliconANGLE News,Unknown,Analysis/Opinion,2026-08-10T07:45:04.380772Z
b94ef2adfdaab9c33fdca0fe51a294bc,USDA Recalls Nearly 15 Tons of Argentine Beef That Skipped Required Import Reinspection,https://www.medicaldaily.com/usda-fsis-recall-argentine-beef-import-reinspection-florida-texas-2026-477048,Elena Vega,2026-08-08T15:30:13Z,shipping market,"FSIS recalled 29,628 pounds of Argentine beef shipped to Florida and Texas without required import reinspection. No illnesses have been reported.",Medical Daily,Unknown,Market Report,2026-08-10T07:45:04.380807Z
2fcf15bd43509555f0e8b2d9fd81668f,Pixel 11: All of the last-minute leaks [Video],http://9to5google.com/2026/08/08/pixel-11-all-of-the-last-minute-leaks-video/,Damien Wilde,2026-08-08T15:00:00Z,shipping market,"As is customary, we already know a ton about Google’s latest smartphone series before it officially launches. The last-minute leaks are seriously piling up for the Pixel 11 — here’s everything you need to know.",9to5google.com,Unknown,News,2026-08-10T07:45:04.380851Z
7ab355b403caee5ccacc86c890204d7a,"Shiprocket’s new businesses grow 65% as logistics firm eyes ₹1,618-crore IPO",https://www.thehindubusinessline.com/economy/logistics/shiprockets-new-businesses-grow-65-as-logistics-firm-eyes-1618-crore-ipo/article71322098.ece,Jyoti Banthia,2026-08-08T14:43:50Z,shipping market,"The company’s shift towards businesses such as checkout, advertising, data and omnichannel logistics is central to its strategy to build a broader technology platform for India’s small and medium businesses",BusinessLine,India,News,2026-08-10T07:45:04.380879Z
e99c7af1fce6f5b38f53c39f9eee7b2b,Oman urges Iran to halt attacks on ships near Strait of Hormuz,https://cryptobriefing.com/oman-urges-iran-to-halt-attacks-on-ships-near-strait-of-hormuz/,Estefano Gomez,2026-08-08T14:33:15Z,shipping market,"Oman's call for Iran to halt ship attacks highlights rising maritime security concerns and potential for increased regional diplomatic tensions.
The post Oman urges Iran to halt attacks on ships near Strait of Hormuz appeared first on Crypto Briefing.",Crypto Briefing,Unknown,News,2026-08-10T07:45:04.380927Z
f7e02c8f8cf658e41c2afc9449e1d65b,Oman reports positive progress in Strait of Hormuz shipping talks,https://cryptobriefing.com/oman-reports-positive-progress-in-strait-of-hormuz-shipping-talks/,Estefano Gomez,2026-08-08T14:30:47Z,shipping market,"Oman's diplomatic efforts may ease regional tensions, potentially stabilizing vital shipping routes and influencing global market dynamics.
The post Oman reports positive progress in Strait of Hormuz shipping talks appeared first on Crypto Briefing.",Crypto Briefing,Global,Market Report,2026-08-10T07:45:04.380964Z
6f8bb5e02def241b13860b957167720f,"Saudi, Pakistan, Turkiye form defense pact amid regional tensions",https://cryptobriefing.com/saudi-pakistan-turkiye-form-defense-pact-amid-regional-tensions/,Estefano Gomez,2026-08-08T14:09:16Z,shipping market,"The defense pact may heighten regional tensions, complicating diplomatic efforts and impacting market perceptions of Middle East stability.
The post Saudi, Pakistan, Turkiye form defense pact amid regional tensions appeared first on Crypto Briefing.",Crypto Briefing,Unknown,Market Report,2026-08-10T07:45:04.381001Z
4960e6d6c9c8f6af5c804b924d9b2804,Industry Shipped Agent Plugins 1.0 While the Standards Body Debated,https://forkast.news/industry-shipped-agent-plugins-1-0-while-the-standards-body-debated/,Dana Ellison,2026-08-08T14:05:20Z,shipping market,"On August 6, 2026, the agent ecosystem got its own npm moment. A coalition of major platform operators—Amazon, Microsoft, OpenAI, Vercel, and Cursor—simultaneously adopted Agent Plugins 1.0.0, an open, vendor-neutral standard for packaging Agent Skills and Mo…",Forkast.news,Unknown,News,2026-08-10T07:45:04.381052Z
408ff58b5f32d2f25ed525ae9bd0153a,Orix Corp Ads Q1 Earnings Call Highlights,https://www.marketbeat.com/instant-alerts/orix-corp-ads-q1-earnings-call-highlights-2026-08-08/?utm_source=yahoofinance&amp;utm_medium=yahoofinance,MarketBeat,2026-08-08T14:04:02Z,shipping market,"Orix Corp Ads (NYSE:IX) reported first-quarter net income of JPY 280.8 billion for the three months ended June 30, 2026, up JPY 173.5 billion from a year ear...",MarketBeat,Unknown,Market Report,2026-08-10T07:45:04.381094Z
356d132990f5df7e3fe928fd39a1166f,IonQ Q2 Earnings Call Highlights,https://www.marketbeat.com/instant-alerts/ionq-q2-earnings-call-highlights-2026-08-08/?utm_source=yahoofinance&amp;utm_medium=yahoofinance,MarketBeat,2026-08-08T14:04:00Z,shipping market,"IonQ (NYSE:IONQ) reported second-quarter 2026 revenue of $80.1 million, up 287% from a year earlier, as the quantum computing company cited demand for its fi...",MarketBeat,Unknown,Market Report,2026-08-10T07:45:04.381125Z
ba12d520e90fef72e3feb4a70e21824d,Ship hit by projectile near Oman amid regional tensions,https://cryptobriefing.com/ship-hit-by-projectile-near-oman-amid-regional-tensions/,Estefano Gomez,2026-08-08T13:24:42Z,shipping market,"The incident highlights escalating maritime security risks in a crucial shipping area, potentially impacting regional geopolitical stability.
The post Ship hit by projectile near Oman amid regional tensions appeared first on Crypto Briefing.",Crypto Briefing,Unknown,News,2026-08-10T07:45:04.381167Z
9c10f324dcb8c8cab19da74c18161d98,Donald Trump predicts Iran war could drive stock market down 20% to 25%,https://cryptobriefing.com/trump-iran-war-stock-market-prediction/,Editorial Team,2026-08-08T13:13:42Z,shipping market,"Market resilience amid geopolitical tensions highlights adaptability, but energy sector volatility underscores ongoing vulnerability to disruptions.
The post Donald Trump predicts Iran war could drive stock market down 20% to 25% appeared first on Crypto Brie…",Crypto Briefing,Unknown,Market Report,2026-08-10T07:45:04.381212Z
8615a426ff025944b0dd3f68e525c396,"Vessel hit by projectile near Oman, crew safe, no environmental damage",https://cryptobriefing.com/vessel-hit-by-projectile-near-oman-crew-safe-no-environmental-damage/,Estefano Gomez,2026-08-08T13:12:00Z,shipping market,"Ongoing maritime security threats in the Gulf region could undermine confidence in global shipping routes, affecting market stability.
The post Vessel hit by projectile near Oman, crew safe, no environmental damage appeared first on Crypto Briefing.",Crypto Briefing,Global,Market Report,2026-08-10T07:45:04.381249Z
341116eeb8c4ed0f929c03b7329dc5c4,"Iran, Oman finalize shipping route deal through Strait of Hormuz",https://cryptobriefing.com/iran-oman-finalize-shipping-route-deal-through-strait-of-hormuz/,Estefano Gomez,2026-08-08T13:08:30Z,shipping market,"The temporary deal may ease tensions but leaves unresolved geopolitical issues, impacting global energy markets and regional stability.
The post Iran, Oman finalize shipping route deal through Strait of Hormuz appeared first on Crypto Briefing.",Crypto Briefing,Global,Market Report,2026-08-10T07:45:04.381286Z
57a093d7ed2d1441b3424d25e46fd8e1,I Got My Hands on OpenAI's Sold-Out Codex Micro. Who Is This $230 Vibe-Coding Keyboard Even For?,https://uk.pcmag.com/ai/166622/i-got-my-hands-on-openais-sold-out-codex-micro-who-is-this-230-vibe-coding-keyboard-even-for,Brian Westover,2026-08-08T12:22:07Z,shipping market,"Built for agents and would-be app makers to wrangle complicated workflows, this programmable shortcut pad makes AI tangible. But do we need that?
In just a few short years, we've gone from marveling at chatbots that could hold a convincing conversation to age…",PCMag.com,Unknown,News,2026-08-10T07:45:04.381341Z
9451c17a3406ac2823889a3485fec70b,A Tome of Forbidden Technologies,https://ecosophia.net/a-tome-of-forbidden-technologies/,,2026-08-08T12:19:10Z,shipping market,"Once again we’re near the end of a month with five Wednesdays, and as regular readers of this blog know well, that means that readers got to nominate and vote on the subject of the fifth Wednesday …",Ecosophia.net,Unknown,News,2026-08-10T07:45:04.381383Z
77a40a0f0ae9fe478891e05f3d649ff9,Iran’s oil exports halt as US naval blockade shuts down Kharg Island,https://cryptobriefing.com/iran-oil-exports-halt-us-naval-blockade/,Editorial Team,2026-08-08T12:18:23Z,shipping market,"The US blockade on Iran's oil exports disrupts global oil markets, forcing buyers to seek alternatives and creating price volatility.
The post Iran’s oil exports halt as US naval blockade shuts down Kharg Island appeared first on Crypto Briefing.",Crypto Briefing,Global,Market Report,2026-08-10T07:45:04.381427Z
cbb802900f9f7f81205c1034436a53d2,How cleaning up space debris could grow to become a big business,https://www.cnbc.com/2026/08/08/space-debris-junk-spacex-rocket-moon-crash.html,Elsa Ohlen,2026-08-08T12:04:15Z,shipping market,"As Earth’s orbit gets more crowded, companies are betting that cleaning up space junk could become a lucrative new business.",CNBC,Unknown,News,2026-08-10T07:45:04.381466Z
dde1c8286ae77e7986fac2281c4ee350,Is it all just vapourware?,https://kirahowe.com/2026/aug/8/is-it-all-just-vapourware,Kira McLean,2026-08-08T12:00:00Z,shipping market,My personal space on the internet,Kirahowe.com,Unknown,News,2026-08-10T07:45:04.381489Z
f31ba6b574fbc114bcc369736897b957,"Two years after the fire, how is Jasper’s tourism economy really doing?",https://www.cbc.ca/news/canada/edmonton/jasper-visitor-economy-two-years-later-9.7298937,,2026-08-08T12:00:00Z,shipping market,"It's been two years since Jasper's visitor economy took a hit from the 2024 wildfire. With fewer attractions and accommodations to feed the tourism sector, what does a 'new normal' look like for local businesses?",CBC News,Unknown,News,2026-08-10T07:45:04.381532Z
43adfd654ceaa9f337eb7452561e10fc,Robert Kiyosaki warned Americans who own 401(k)s that the US could be on the brink of ‘Great Depression.’ Prepare now,https://finance.yahoo.com/markets/stocks/articles/robert-kiyosaki-warned-americans-own-113000295.html,Jing Pan,2026-08-08T11:30:00Z,shipping market,Here's why he thinks the economy is headed for trouble and what to invest in instead.,Yahoo Entertainment,USA,News,2026-08-10T07:45:04.381558Z
9d4743aaadfdaaaaf3981f3a9302d357,God Of War: Young Kratos Statue Is Seriously Impressive,https://screenrant.com/god-of-war-young-kratos-statue-2027/,Angharad Redden,2026-08-08T09:30:11Z,shipping market,"Discover the stunning Young Kratos 1:3 Scale Statue, showcasing a younger version of the iconic God of War character.",Screen Rant,Unknown,News,2026-08-10T07:45:04.381728Z
b27c3d7fac2c6fad903ed2a237529dc6,CIPA's First-Half 2026 Numbers Show a Market Trading Growth for Higher Prices,https://fstoppers.com/gear/cipas-first-half-2026-numbers-show-market-trading-growth-higher-prices-903924,Alex Cooke,2026-08-08T09:03:01Z,shipping market,"Camera makers shipped 4.36 million digital cameras worldwide during the first six months of 2026, barely changed from the 4.34 million units shipped over the same period in 2025. The headline may look flat, but the underlying market is changing: manufacturers…",Fstoppers,Global,Market Report,2026-08-10T07:45:04.381803Z
dbfc2a2bc43093a2db825fb354236baa,Forget saving up for retirement. They're saving up for burnout.,https://www.businessinsider.com/burnout-fund-workers-saving-pots-career-breaks-personal-finance-2026-8#article,Joshua Nelken-Zitser,2026-08-08T08:37:01Z,shipping market,"Workers are building burnout funds to prepare for career breaks as workplace pressure, job insecurity, and living costs increase.",Business Insider,Unknown,News,2026-08-10T07:45:04.381835Z
d83b6b35f2a87b3833a8172bd6d81777,Forget saving up for retirement. They're saving up for burnout.,https://www.businessinsider.com/burnout-fund-workers-saving-pots-career-breaks-personal-finance-2026-8,Joshua Nelken-Zitser,2026-08-08T08:37:01Z,shipping market,"Workers are building burnout funds to prepare for career breaks as workplace pressure, job insecurity, and living costs increase.",Business Insider,Unknown,News,2026-08-10T07:45:04.381859Z
bd7ed56849f22caf92911fb321b4feb7,"Want Energy Efficiency? Dude, You’re Getting a Dell!",https://hackaday.com/2026/08/08/want-energy-efficiency-dude-youre-getting-a-dell/,Tyler August,2026-08-08T08:00:40Z,shipping market,"With a title like “Intel Just Matched Apple Silicon. Seriously.“, the latest video from [Jeff Geerling] makes some pretty bold claims. But as we’d expect from [Jeff], he’s got the …read more",Hackaday,Unknown,News,2026-08-10T07:45:04.381901Z
f1b1ed601ce1ac65dc7a81e5e19fe1e3,Britannia Boosts Local Marketing as E-Commerce Fuels Q1 Growth,https://www.rswebsols.com/news/britannia-invests-in-local-marketing-as-e-commerce-drives-growth-in-q1/,Ranjana Banerjee,2026-08-08T07:30:08Z,shipping market,Britannia ramps up local marketing efforts as e-commerce fuels impressive Q1 growth; discover how this strategy is reshaping their market presence.,Rswebsols.com,Unknown,Market Report,2026-08-10T07:45:04.381965Z
e4274a0e779043e66104e4e49bd00c53,Pixel 11 Pro Fold vs. Samsung Galaxy Z Fold 8: Which Foldable Should You Buy This Coming Fall Season?,https://www.ibtimes.com.au/samsung-galaxy-z-fold-8-vs-google-pixel-11-pro-fold-1873743,George Anton,2026-08-08T04:21:49Z,shipping market,"Samsung's Galaxy Z Fold 8 has launched, offering confirmed specs and availability, while Google's Pixel 11 Pro Fold remains speculative, with leaks suggesting competitive pricing and features.",Ibtimes.com.au,Unknown,News,2026-08-10T07:45:04.382099Z
3cc546142af7f6e6dd12a90926012795,ADNOC reports 15 vessel attacks as Hormuz risks escalate,https://cryptobriefing.com/adnoc-reports-15-vessel-attacks-as-hormuz-risks-escalate/,Estefano Gomez,2026-08-08T02:38:43Z,shipping market,"The escalation in maritime threats could severely disrupt global oil supply chains, heightening geopolitical tensions and economic instability.
The post ADNOC reports 15 vessel attacks as Hormuz risks escalate appeared first on Crypto Briefing.",Crypto Briefing,Global,Market Report,2026-08-10T07:45:04.382138Z
247d9fb4b19b2a60d5d94edc9213eb63,My favorite feel-good show is back,https://www.theverge.com/tech/977084/ted-lasso-bose-tony-installer,David Pierce,2026-08-08T02:15:16Z,shipping market,"Hi, friends! Welcome to Installer No. 139, your guide to the best and Verge-iest stuff in the world. (If you're new here, welcome, barbecue sauce, and also you can read all the old editions at the Installer homepage.) This week, I've been reading about Johnny…",The Verge,Unknown,News,2026-08-10T07:45:04.382185Z
43365670c2d2a619282858406611fa9a,Iran says agreement on Hormuz shipping reached with Oman - Fortune,https://slashdot.org/firehose.pl?op=view&amp;id=184895272,feedfeeder,2026-08-08T01:12:40Z,shipping market,"Iran says agreement on Hormuz shipping reached with OmanFortune Iran Sees an Opening to Kick the U.S. Out of the GulfWSJ August 6, 2026 — Trump says US has ‘massive amounts’ of munitions after reports of low stockpileCNN Oil prices rise as as market waits on …",Slashdot.org,Unknown,Market Report,2026-08-10T07:45:04.382229Z
c49794b2bcd0a9c46a3690afb7eec7f2,BARK Q1 Earnings Call Highlights,https://www.marketbeat.com/instant-alerts/bark-q1-earnings-call-highlights-2026-08-07/?utm_source=yahoofinance&amp;utm_medium=yahoofinance,MarketBeat,2026-08-07T23:03:49Z,shipping market,"BARK (NYSE:BARK) reported fiscal first-quarter 2027 revenue at the high end of its guidance range, while management pointed to improving subscriber retention...",MarketBeat,Unknown,Market Report,2026-08-10T07:45:04.382295Z
eaa810355a18120f4594fce4003efc48,360 Energy Pulse: What mattered this week in energy,https://finance.yahoo.com/energy/articles/360-energy-pulse-mattered-week-213043744.html,Oil & Gas 360,2026-08-07T21:30:43Z,shipping market,"(By Oil & Gas 360) – This week underscored how quickly geopolitical uncertainty can reshape market sentiment, even as companies remain […]",Yahoo Entertainment,Unknown,Market Report,2026-08-10T07:45:04.382388Z
72e834a0dce010dcf13f9fd4b98b66fe,"The RAM Is All Gone, Folks",https://kotaku.com/the-ram-is-all-gone-folks-2000722562,Ethan Gach,2026-08-07T21:18:12Z,shipping market,Also: Black Ops quietly won the summer,Kotaku,Unknown,News,2026-08-10T07:45:04.382411Z
c729a8fc9f80a3e4dfe37a6a40d42f67,Oil Steadies as Hormuz Tensions Flare,https://www.rigzone.com/news/wire/oil_steadies_as_hormuz_tensions_flare-07-aug-2026-184329-article/,"M. Gindis, C. Gorrivan",2026-08-07T20:14:42Z,shipping market,Oil steadied as traders weighed a potential Hormuz deal against persistent Middle East shipping threats.,Rigzone,Unknown,News,2026-08-10T07:45:04.382474Z
e20d4891b42196ab14747302f3814255,Brent climbs $1 on uncertainty over end to Iran war,https://finance.yahoo.com/energy/articles/oil-rises-concerns-over-strait-004641480.html,Reuters,2026-08-07T20:04:54Z,shipping market,"HOUSTON, Aug 7 (Reuters) - Brent crude oil climbed more than $1 a barrel on Friday over ongoing uncertainty about the negotiations in progress that determine...",Yahoo Entertainment,Unknown,News,2026-08-10T07:45:04.382551Z
b47d04b2266213681a2f53236a995f52,"Iran Continues to Trash U.S., Claims No Peace Talks",https://www.breitbart.com/middle-east/2026/08/07/iran-continues-to-trash-u-s-claims-no-peace-talks/,John Hayward,2026-08-07T20:00:16Z,shipping market,"Iranian officials continued to make disparaging comments about the United States and tout their plans to take permanent control of the Strait of Hormuz on Friday, even as the White House remains optimistic about an imminent “deal” that would end the conflict …",Breitbart News,USA,Analysis/Opinion,2026-08-10T07:45:04.382571Z
f693cae5335e50c691a963e58552551d,Oil prices rise amid potential Iran-Oman Strait of Hormuz agreement,https://cryptobriefing.com/oil-prices-rise-amid-potential-iran-oman-strait-of-hormuz-agreement/,Estefano Gomez,2026-08-07T19:43:45Z,shipping market,"Rising oil prices highlight the global market's sensitivity to geopolitical shifts, underscoring the strategic importance of the Strait of Hormuz.
The post Oil prices rise amid potential Iran-Oman Strait of Hormuz agreement appeared first on Crypto Briefing.",Crypto Briefing,Global,Market Report,2026-08-10T07:45:04.382634Z
ae4d238c70cf75695ba4a3379a61739f,Four AI Escapes Just Redefined “Responsible AI”,https://www.forrester.com/blogs/four-ai-escapes-just-redefined-responsible-ai/,Brian Hopkins,2026-08-07T19:35:52Z,shipping market,"In nine days this month, OpenAI and Anthropic disclosed that their own models escaped safety evaluations and reached production systems at four other companies. No model malfunctioned. The governance did. Responsible AI now has to govern what agents do, not o…",Forrester.com,Unknown,News,2026-08-10T07:45:04.382732Z
d881965d79bc6d66a638e7332ad6fbca,US official: We expect a deal soon between Iran and Oman on Strait of Hormuz,https://economictimes.indiatimes.com/news/international/world-news/us-official-we-expect-a-deal-soon-between-iran-and-oman-on-strait-of-hormuz/articleshow/133041684.cms,Reuters,2026-08-07T19:22:51Z,shipping market,"Oman and Iran are making progress on Strait of Hormuz issues, with a deal anticipated soon. A United States official stated that commercial shipping will be restored without impediments. Following this announcement, the United States will lift its blockade of…",The Times of India,USA,News,2026-08-10T07:45:04.382761Z
3386b268c6d7e5dd702ad6f954850ce5,US set to lift Iranian port blockade amid Strait of Hormuz crisis talks,https://cryptobriefing.com/us-set-to-lift-iranian-port-blockade-amid-strait-of-hormuz-crisis-talks/,Estefano Gomez,2026-08-07T19:08:52Z,shipping market,"The potential lifting of the blockade may ease geopolitical tensions, stabilize energy markets, and foster U.S.-Iran diplomatic relations.
The post US set to lift Iranian port blockade amid Strait of Hormuz crisis talks appeared first on Crypto Briefing.",Crypto Briefing,Unknown,Market Report,2026-08-10T07:45:04.382868Z
0936d24278e44d90ee9e6d099965d6de,Vital Farms Q2 Earnings Call Highlights,https://www.marketbeat.com/instant-alerts/vital-farms-q2-earnings-call-highlights-2026-08-07/?utm_source=yahoofinance&amp;utm_medium=yahoofinance,MarketBeat,2026-08-07T19:04:20Z,shipping market,"Vital Farms (NASDAQ:VITL) reported second-quarter 2026 net revenue of $166 million, down 10.1% from a year earlier, as the company worked through an industry...",MarketBeat,Unknown,Market Report,2026-08-10T07:45:04.382899Z
5fb769a763848a572f8d5bfa1458400b,Cory Doctorow thinks Australia should be worried about digital sovereignty,https://www.abc.net.au/news/2026-08-08/cory-doctorow-on-the-ai-bubble-and-inevitability/106982988,Rhiannon Stevens,2026-08-07T19:00:00Z,shipping market,Cory Doctorow says the AI revolution promised by tech bros isn't inevitable but the bursting of an AI bubble is. He wants to remind us another future is possible.,ABC News (AU),Australia,News,2026-08-10T07:45:04.382914Z
0bcef4ed497e6680f6d14425aa12ec82,Valve receives another Steam Frame shipment as fans wait for a release date,https://www.notebookcheck.net/Valve-receives-another-Steam-Frame-shipment-as-fans-wait-for-a-release-date.1362053.0.html,Abdul Haddi,2026-08-07T18:32:00Z,shipping market,"Valve has received a brand new shipment of the Steam Frame, which is listed as containing VR controller + HMD + VR controller accessory.",Notebookcheck.net,Unknown,News,2026-08-10T07:45:04.382948Z
410441cec20503476de4d7c6d6cbf98c,Where to Livestream Outside Lands 2026 Performances Online,http://www.rollingstone.com/product-recommendations/streaming/where-to-livestream-outside-lands-2026-online-watch-free-1235605487/,Oscar Hartzog,2026-08-07T18:14:20Z,shipping market,"Here's how to watch some of the biggest Outside Lands shows at home, including Charli xcx, The Strokes, and Empire of the Sun",Rolling Stone,Unknown,News,2026-08-10T07:45:04.382981Z
2f705261cf40d5e8baae65fa73f221d2,Five9 Raises Full-Year AI Outlook to 60% Growth After Strong Q2,https://www.cmswire.com/customer-experience/five9-raises-full-year-ai-outlook-to-60-growth-after-strong-q2/,pr@cmswire.com (Dom Nicastro),2026-08-07T18:06:06Z,shipping market,"The contact center vendor beat guidance on revenue and EPS, closed its largest Google Marketplace deal to date.
Continue reading...",CMSWire,Unknown,Analysis/Opinion,2026-08-10T07:45:04.383010Z
101162cf2ef2792da0c22bf4bad8c722,Citi Lifts Brent Outlook but Still Sees Oil Falling in 2027,https://oilprice.com/Latest-Energy-News/World-News/Citi-Lifts-Brent-Outlook-but-Still-Sees-Oil-Falling-in-2027.html,Julianne Geiger,2026-08-07T18:05:14Z,shipping market,"Citi has raised its third-quarter Brent crude forecast to $80 per barrel from $75 as the U.S.-Iran war drags on and repeated attempts at a deal fail to restore normal oil flows through the Strait of Hormuz. The bank still expects the conflict to be resolved, …",OilPrice.com,Unknown,Analysis/Opinion,2026-08-10T07:45:04.383049Z
85cabcf292c100636fc5ba425e9df41b,The Iran-US War a Win for China? Not So Fast.,https://thediplomat.com/2026/08/the-iran-us-war-a-win-for-china-not-so-fast/,Wang Jin,2026-08-07T18:03:00Z,shipping market,The war is also creating strategic opportunities for Washington and new challenges for Beijing in the Middle East.,The Diplomat,China,News,2026-08-10T07:45:04.383078Z
3b9f9ed03d293bb73d1c26ec2108304a,The Toughest Questions AMD Faced On Its Latest Call,https://www.trefis.com/articles/610570/the-toughest-questions-amd-faced-on-its-latest-call/2026-08-07,Trefis Team,2026-08-07T17:58:49Z,shipping market,"Advanced Micro Devices just posted huge growth forecasts, but on its earnings call, analysts zeroed in on whether the company can actually build it all witho...",Trefis,Unknown,Analysis/Opinion,2026-08-10T07:45:04.383107Z
4eeeaddccb339a9b8eccfa7bde5025bf,How Whatnot’s founders turned 100 investor rejections into an $20 billion live-shopping rocket ship,https://finance.yahoo.com/small-business/articles/whatnot-founders-turned-100-investor-174639936.html,Sarah Glodek,2026-08-07T17:46:39Z,shipping market,Whatnot’s cofounders had trouble impressing investors before building the live-shopping app.,Yahoo Entertainment,Unknown,News,2026-08-10T07:45:04.383147Z
cc4d560db6c503ad59fcf13dfbe4d19d,How Whatnot’s founders turned 100 investor rejections into an $20 billion live-shopping rocket ship,https://fortune.com/2026/08/07/how-whatnots-founders-turned-100-investor-rejections-into-an-20-billion-live-shopping-rocket-ship/,Sarah Glodek,2026-08-07T17:46:39Z,shipping market,Whatnot’s cofounders had trouble impressing investors before building the live-shopping app.,Fortune,Unknown,News,2026-08-10T07:45:04.383173Z
442196b1c212ceef43c5e0b237e8b6df,"Uniqlo: 12% Upsized Cashback (Uncapped, Exclusions Apply) @ ShopBack",https://www.ozbargain.com.au/node/970641,trixieb,2026-08-07T17:02:08Z,shipping market,"Winter Great Deals. Offer ends today at 11:59pm AEST. Take note If you use any Promo, coupon or discount code, your whole order will not be eligible for Cashback. The final eligible …",Ozbargain.com.au,Unknown,News,2026-08-10T07:45:04.383213Z
1fba00fddfb21ca9df5ffe5b50239279,The Definitive Guide To Burrito Inflation,https://dailycaller.com/2026/08/07/definitive-guide-viral-burrito-debate-20-dollars-inflation-federal-reserve-iran-war-energy-grocery-prices,Will Upton,2026-08-07T16:51:13Z,shipping market,The divide between the neo-conservative Republican establishment and insurgent populist right became even wider this week … over burritos.,The Daily Caller,Unknown,News,2026-08-10T07:45:04.383251Z
4046826db1fd9ba704c17c143e58e9fc,"Trump teased an Iran deal that didn't come, but markets soared. Here’s why it keeps happening",https://www.cnbc.com/2026/08/07/trump-iran-hormuz-deal-stocks-oil.html,Kevin Breuninger,2026-08-07T16:34:39Z,shipping market,"As oil reserves and munitions stockpiles reportedly dwindle, analysts wonder how much longer markets will pounce when the Trump admin. dangles an Iran deal.",CNBC,Unknown,Market Report,2026-08-10T07:45:04.383289Z
2204b89202024427a551b154cddfb909,Mecca Joint Defense Agreement technically same as NATO's Article 5: Turkish foreign minister,https://www.hurriyetdailynews.com/mecca-joint-defense-agreement-technically-same-as-natos-article-5-turkish-foreign-minister-225387,hurriyetdailynews.com,2026-08-09T07:01:22Z,Suez Canal,"'Under our president’s vision, we should not remain limited to 3 countries. We should grow and, if necessary, bring all countries under this umbrella,' Hakan Fidan says",Hurriyet Daily News,Turkey,News,2026-08-10T07:45:04.860381Z
29575cb30a01534042c8191155dc1ddc,Oil Traders Stay Bearish Despite Deepening Middle East Disruptions,https://oilprice.com/Energy/Oil-Prices/Oil-Traders-Stay-Bearish-Despite-Deepening-Middle-East-Disruptions.html,Irina Slav,2026-08-07T23:00:00Z,Suez Canal,"Despite continued hostilities in the Middle East and an expansion of the war to the Red Sea, oil traders have remained largely bearish on the commodity, betting on a quick peace deal—and they might get a nasty shock. Earlier this week, Brent crude sank below …",OilPrice.com,Unknown,News,2026-08-10T07:45:04.860543Z
aafb69272b9644253570a1c0ce8615e9,Oil Traders Stay Bearish Despite Deepening Middle East Disruptions,https://finance.yahoo.com/energy/articles/oil-traders-stay-bearish-despite-230000144.html,Irina Slav,2026-08-07T23:00:00Z,Suez Canal,"Oil markets remain surprisingly bearish despite ongoing disruptions in the Middle East, with traders betting on a diplomatic breakthrough.",Yahoo Entertainment,Unknown,Market Report,2026-08-10T07:45:04.860576Z
4e2b14ffebf11b35856310065a57330b,Rosatom Says Seven Chinese Vessels Will Sail to Europe via Russia’s Arctic Route,https://gcaptain.com/rosatom-says-seven-chinese-vessels-will-sail-to-europe-via-russias-arctic-route/,Reuters,2026-08-07T17:02:21Z,Suez Canal,"Russia's state nuclear giant Rosatom, operator of the Northern Sea Route via the Arctic, said on Friday it had issued permits for seven Chinese transit vessels to sail to Europe via the NSR.",gcaptain.com,China,News,2026-08-10T07:45:04.860628Z
ac3c3b72adb62e6889c9553802f4b88b,How the Iran-backed Houthis' claims of deadly attacks are stoking fears of a wider regional conflict,https://economictimes.indiatimes.com/news/defence/how-the-iran-backed-houthis-claims-of-deadly-attacks-are-stoking-fears-of-a-wider-regional-conflict/articleshow/133035027.cms,AP,2026-08-07T13:17:18Z,Suez Canal,"Yemen's Houthi rebels claimed responsibility for deadly attacks this week. These actions escalated the conflict and raised regional concerns about wider escalation. The attacks targeted civilians and troops, and also impacted Red Sea shipping. Shipping data s…",The Times of India,Unknown,News,2026-08-10T07:45:04.860760Z
e34d830284b979354a7749899dada9a8,"US: 75% say Iran War not worth Cost, 61% Blame Trump for Inflation",https://www.juancole.com/2026/08/worth-blame-inflation.html,Juan Cole,2026-08-07T04:15:20Z,Suez Canal,Iran's seizure of control over the Strait of Hormuz is a world-historical event; Americans don't Know About it,Juancole.com,USA,News,2026-08-10T07:45:04.860779Z
0610cdb70751eec5157786de58954eb9,The Ceuta Psyop Shows the Seams of the European Far Right,https://www.nakedcapitalism.com/2026/08/the-ceuta-psyop-shows-the-seams-of-the-european-far-right.html,Curro Jimenez,2026-08-06T18:00:49Z,Suez Canal,"Far-right hysteria labeling the 70,000 border crossings an 'invasion' is part of the psyop—and it reveals the limits of their narrative.",Nakedcapitalism.com,Unknown,News,2026-08-10T07:45:04.860857Z
069c109c27f9569dfc605a238a85bbda,US is set to import most Middle East crude since Iran war began,https://economictimes.indiatimes.com/news/international/world-news/us-is-set-to-import-most-middle-east-crude-since-iran-war-began/articleshow/133011650.cms,Reuters,2026-08-06T16:57:52Z,Suez Canal,US crude imports from the Middle East are reaching their highest levels since the Iran war began. This surge is driven by a brief Strait of Hormuz opening and Saudi oil rerouting. Saudi Arabia is sending crude through the Suez Canal to the United States. This…,The Times of India,USA,News,2026-08-10T07:45:04.860886Z
5c6e6c8b93bcc013db4886ef829f5c30,USS Abraham Lincoln Faces Poor Morale From Twice-Extended Deployment,https://www.forbes.com/sites/petersuciu/2026/08/06/uss-abraham-lincoln-faces-poor-morale-from-twice-extended-deployment/,"Peter Suciu, Contributor, 
 Peter Suciu, Contributor
 https://www.forbes.com/sites/petersuciu/",2026-08-06T16:22:44Z,Suez Canal,"There are reports of moldy showers and food shortages on board the supercarrier, which remains deployed to the waters of the Middle East",Forbes,Unknown,Market Report,2026-08-10T07:45:04.860918Z
8ff0d7b0232f5fa591fe58133d456d6f,Russia Sends Arctic Oil Tanker Shadow Fleet Within 500 Nautical Miles of North Pole,https://gcaptain.com/russia-sends-arctic-oil-tanker-shadow-fleet-within-500-nautical-miles-of-north-pole/,Malte Humpert,2026-08-06T07:57:59Z,Suez Canal,Russia has dispatched an unprecedented convoy of oil tankers to within 500 nautical miles of the North Pole sending the fleet onto one of the most northerly commercial shipping routes ever attempted in the Arctic.,gcaptain.com,Russia,News,2026-08-10T07:45:04.861033Z
6c57c2063a33452d7e7640fabb6f3b82,Saudis Call New Coalition for the Red Sea; Iran Backed Houthis Attack Ships,https://peoplesreview.com.np/2026/08/06/saudis-call-new-coalition-for-the-red-sea-iran-backed-houthis-attack-ships/,People's Review,2026-08-06T07:21:00Z,Suez Canal,"By Shashi P.B.B. Malla Saudi Arabia is in the process of forming a military coalition to protect shipping in the Red Sea and the entry/exit, the Bab el-Mandab to the Gulf of Aden/Arabian Sea. Renewed attacks by the Yemini Houthi militia imperil the crucial al…",Peoplesreview.com.np,Unknown,News,2026-08-10T07:45:04.861097Z
c456eb32714b22a383343aca4ad9b959,"Before Hormuz, There Was Suez: What Trump Can Learn From Eisenhower",https://original.antiwar.com/trita-parsi/2026/08/05/before-hormuz-there-was-suez-what-trump-can-learn-from-eisenhower/,Trita Parsi,2026-08-06T00:00:32Z,Suez Canal,"Reprinted with permission from Trita Parsi’s Substack. Oman and Iran appear close to a temporary arrangement to reopen the Strait of Hormuz, potentially providing both an exit from the current round of fighting and the foundation for a more durable maritime o…",Antiwar.com,Egypt,News,2026-08-10T07:45:04.861139Z
b69eeea91460291ae8bd09fce9b6f788,"H&M, Inditex Face Union-Busting Claims at Turkish Supplier",http://wwd.com/sourcing-journal/sustainability/hm-inditex-turkey-eroglu-giyim-industriall-global-union-1239094994/,Jasmin Chua,2026-08-05T20:59:43Z,Suez Canal,An IndustriALL Global Union affiliate says the brands failed to act on a dispute at Eroğlu Giyim that highlights the limits of global sourcing commitments.,WWD,Turkey,News,2026-08-10T07:45:04.861170Z
998aced3982c89f018be8798abccabb3,The Doctrine of Kemal Atatürk: Kemalism in the 21st Century. A Geopolitical Imperative for Türkiye. “Collapse of Bellum Americana”,https://www.globalresearch.ca/kemalism-21st-century-geopolitical-imperative-turkiye/5935926,Ret Admiral Cem Gürdeniz,2026-08-05T17:36:05Z,Suez Canal,"It is the strategic vision that will enable Türkiye to rise once again in the great-power competition of the 21st century and assume the geopolitical position it deserves.

To read this article in the following languages, click the Translate Website…
The post…",Globalresearch.ca,USA,News,2026-08-10T07:45:04.861205Z
f1e9b238e8e068873cd17022bdf16a5f,Beyond Hormuz: The Future of Maritime Chokepoints,https://warontherocks.com/beyond-hormuz-the-future-of-maritime-chokepoints/,"Patrick Cronin, Peter Harris, Margaret Myers, H. A. Hellyer, Gönül Tol",2026-08-05T17:30:07Z,Suez Canal,"Iran’s closure of the Strait of Hormuz and efforts to extract payments for safe passage — plus, more recently, the Houthis’ move to attack Saudi shipping through the Bab el-Mandeb Strait — have highlighted the risks of maritime chokepoints to global shipping …",War on the Rocks,Global,News,2026-08-10T07:45:04.861252Z
479e932892a38554c028bf5290bbe906,Di Leo: The Cost and Duration of a Foreign War,https://freerepublic.com/focus/f-bloggers/4390701/posts,Illinois Review,2026-08-05T16:04:06Z,Suez Canal,"The costs of modern war are in the news this week. In congressional hearings, Secretary of War Pete Hegseth estimated that the current action against Iran is costing about $37.5 billion. That’s a staggering sum. The war has lasted about five months so far, an…",Freerepublic.com,Unknown,News,2026-08-10T07:45:04.861392Z
48405ed06b11f547f6c4537eb6346294,Yemen's Houthis Vow Wider Red Sea Strikes,https://www.newser.com/story/394124/yemens-houthis-vow-wider-red-sea-strikes.html,Kate Seamons with Newser.AI,2026-08-05T14:55:00Z,Suez Canal,Yemen's Houthi militant group is signaling it wants to squeeze Saudi oil from both ends of the Red Sea. The Iran-aligned rebels on Wednesday said they fired ballistic missiles at a Saudi tanker named Wafa near the northern Red Sea port of Yanbu and vowed to s…,Newser,Unknown,News,2026-08-10T07:45:04.861441Z
94c2b6e1c0d366ee74f09f342adc382e,Houthis Claim Ballistic Missile Hit on Saudi Oil Tanker in Red Sea,https://oilprice.com/Latest-Energy-News/World-News/Houthis-Claim-Ballistic-Missile-Hit-on-Saudi-Oil-Tanker-in-Red-Sea.html,Charles Kennedy,2026-08-05T12:30:00Z,Suez Canal,"The Iran-aligned Houthi group in Yemen on Wednesday claimed a “precise hit” on a Saudi oil tanker in the Red Sea, Houthi military spokesperson Yahya Saree said. “The Yemeni Armed Forces conducted a military operation targeting the Saudi oil tanker 'Wafaa' nor…",OilPrice.com,Unknown,News,2026-08-10T07:45:04.861528Z
0208ccf631d55719faf40186a6c9fdcf,Red Sea Attack Sinks India-Flagged Cargo Vessel Off Yemen,https://oilprice.com/Latest-Energy-News/World-News/Red-Sea-Attack-Sinks-India-Flagged-Cargo-Vessel-Off-Yemen.html,Tsvetana Paraskova,2026-08-05T09:30:00Z,Suez Canal,"An India-flagged tanker reportedly carrying Saudi oil has sunk off the coast of Yemen in the Red Sea after it was hit by a projectile. The Indian Ministry of External Affairs on Tuesday condemned the attack on the India-flagged commercial vessel, MSV Faize No…",OilPrice.com,India,Market Report,2026-08-10T07:45:04.861597Z
2a79d8d5be9b73991443889cc03e90e6,Trump Needs to Choose How to Lose the Iran War,http://nymag.com/intelligencer/article/trump-must-choose-how-to-lose-iran-war-strait-hormuz-deal.html,Jonah Shepp,2026-08-05T09:00:10Z,Suez Canal,"President Trump needs to choose how to lose the Iran war. No matter how he tries to spin it, Iran has defeated the U.S. strategically, and it’s time to accept that and find the least bad way out, writes Jonah Shepp.",New York Magazine,Unknown,News,2026-08-10T07:45:04.861643Z
9965f7ef7a475122c2f38b253fde778a,Trump warns Iran to open Hormuz or get 'hit very hard',https://www.rte.ie/news/middle-east/2026/0805/1586514-iran-us-trump/,RTÉ News,2026-08-05T05:29:13Z,Suez Canal,"Donald Trump has said a deal to reopen the Strait of Hormuz could come as soon as today, but warned Iran it would get ""hit very hard"" if negotiations fell through.",RTE,Unknown,News,2026-08-10T07:45:04.861678Z
bd422de9b7c4abf1f24187c01941d3a1,Trump warns Iran to open Hormuz or get 'hit very hard',https://www.rte.ie/news/middle-east/2026/0805/1586514-iran-us/,RTÉ News,2026-08-05T05:29:13Z,Suez Canal,"Donald Trump has said a deal to reopen the Strait of Hormuz could come as soon as today, but warned Iran it would get ""hit very hard"" if negotiations fell through.",RTE,Unknown,News,2026-08-10T07:45:04.861701Z
1eb9b8c667e1e02a0081bb7c0781ecbb,"Iran and Ukraine Wars Escalate Oil Shortages, with few Signs of Relief",https://www.juancole.com/2026/08/ukraine-escalate-shortages.html,The Conversation,2026-08-05T04:04:04Z,Suez Canal,The damage is increasing the threat that crucial oil shipping lanes around the world may be slowed or stopped for long periods of time,Juancole.com,Ukraine,News,2026-08-10T07:45:04.861725Z
461fca5e8cde9805cc13169ca54910d9,US hopeful Hormuz strait deal will be done ‘today or tomorrow’,https://www.vanguardngr.com/2026/08/us-hopeful-hormuz-strait-deal-will-be-done-today-or-tomorrow/,Akinbayo Wahab,2026-08-04T19:26:20Z,Suez Canal,"US Treasury Secretary Scott Bessent told broadcaster CNBC ""there is a chance we may have a deal"" in the coming hours, echoing remarks from President Donald Trump the day before.
The post US hopeful Hormuz strait deal will be done ‘today or tomorrow’ appeared …",Vanguard,Unknown,News,2026-08-10T07:45:04.861776Z
11badb92e4e3b37f6141119a8a71e271,Rubio Signals Progress in Hormuz Talks as Carriers Ramp Up Red Sea Crossings,http://wwd.com/sourcing-journal/logistics/secretary-marco-rubio-strait-hormuz-talks-progress-red-sea-suez-canal-1239093317/,Glenn Taylor,2026-08-04T18:10:04Z,Suez Canal,"The Secretary of State said he hopes a deal to normalize traffic in the waterway will happen ""very shortly,"" while more container ships continue returning to the Suez Canal despite lingering security risks.",WWD,Egypt,News,2026-08-10T07:45:04.861811Z
1f715f8a35d99be164bbf16dd36f5761,Saudi Arabia Plans Updated Export Routes as Six Tankers Blocked by Houthis in Red Sea,https://www.breitbart.com/middle-east/2026/08/04/saudi-arabia-plans-updated-export-routes-as-six-tankers-blocked-by-houthis-in-red-sea/,John Hayward,2026-08-04T17:09:44Z,Suez Canal,"Ship tracking data released on Monday showed six Saudi-flagged supertankers turning away from the Gulf of Aden and heading for southern Africa to avoid the Red Sea. The Iran-backed Houthi insurgents of Yemen have declared a “maritime ban” on Saudi shipping, b…",Breitbart News,Unknown,News,2026-08-10T07:45:04.861863Z
fe2144bb1adf1e11bceb09e574e91709,Aramco Plans to Boost Oil Export Capacity,https://www.rigzone.com/news/wire/aramco_plans_to_boost_oil_export_capacity-04-aug-2026-184285-article/,Anthony Di Paola & Alex Longley,2026-08-04T13:11:38Z,Suez Canal,Saudi Aramco said it is looking at options to expand its oil export capacity as the Iran war disrupts flows through the Strait of Hormuz and Houthi rebels threaten shipments in the Red Sea.,Rigzone,Unknown,News,2026-08-10T07:45:04.861987Z
d8e309908158ed3e31da549b834e9e07,"Oil shortages escalate from wars in Iran and Ukraine, with few signs of relief",https://theconversation.com/oil-shortages-escalate-from-wars-in-iran-and-ukraine-with-few-signs-of-relief-288858,"Amy Myers Jaffe, Director, Energy, Climate Justice, and Sustainability Lab, and Research Professor, New York University; Tufts University",2026-08-04T12:33:01Z,Suez Canal,Cooking gas and diesel fuel are among the oil products whose supply levels have been affected already. Here’s why to expect long-term shortages.,The Conversation Africa,Ukraine,News,2026-08-10T07:45:04.862015Z
b8eae7b80ee97ff3444ade064a684b08,Saudi Aramco’s Adjusted Profit Jumps 33% as Oil Prices Surge,https://oilprice.com/Latest-Energy-News/World-News/Saudi-Aramcos-Adjusted-Profit-Jumps-33-as-Oil-Prices-Surge.html,Tsvetana Paraskova,2026-08-04T09:30:00Z,Suez Canal,Saudi Aramco saw its adjusted net income jump by 33% for the second quarter from a year earlier as high oil prices and the oil giant’s ability to re-route most crude exports more than offset the constrained flows at the Strait of Hormuz. The state giant Aramc…,OilPrice.com,Unknown,Market Report,2026-08-10T07:45:04.862129Z
bda140f79887191e3ba30c9ab571dd38,A new Houthi front and expanded Iranian Attacks risk sinking Gulf Nations’ Workaround and widening shipping Risks,https://www.juancole.com/2026/08/expanded-workaround-widening.html,Kristian Coates Ulrichsen,2026-08-04T04:04:50Z,Suez Canal,The incidents have expanded the risk for shipping to the Bab al-Mandab between Yemen and the Horn of Africa and the Suez Canal,Juancole.com,Egypt,News,2026-08-10T07:45:04.862213Z
03ae56fb90849cc11fd8907c6148418b,Trump says new talks are Iran's 'last chance' to make deal 'before decapitation',https://www.pbs.org/newshour/show/trump-says-new-talks-are-irans-last-chance-to-make-deal-before-decapitation,"PBS News, PBS NewsHour",2026-08-03T22:50:22Z,Suez Canal,"President Trump said his decision not to escalate the war in Iran over the weekend was Iran's ""last chance"" to make a deal. He also said he called off attacks because Gulf allies asked him to do so. Threatening new strikes and then calling them off is somethi…",PBS,Unknown,News,2026-08-10T07:45:04.862296Z
56a544f4609605388a6c3568c87d2333,"US manufacturing hits 4-year high, with AI buildout a major driver of growth, though price volatility looms: survey",https://nypost.com/2026/08/03/business/us-manufacturing-hits-4-year-high-with-ai-buildout-a-major-driver-of-growth-though-price-volatility-looms-survey/,Taylor Herzlich,2026-08-03T20:50:22Z,Suez Canal,"Manufacturing activity in July hit a four-year high, with massive AI investment a major driver of growth -- even as industry leaders sounded the alarm over price volatility, according to a survey released Monday.",New York Post,Unknown,News,2026-08-10T07:45:04.862401Z
e59d0ed80e46dcad7ebfd1d7c8d7c89c,Iran Conflict Enters New Phase as Energy Risks Spread,https://newsonjapan.com/article/150229.php,News On Japan,2026-08-03T18:10:10Z,Suez Canal,"The conflict involving Iran, the United States and Israel may be entering a more dangerous phase, with Tehran appearing increasingly willing to initiate attacks rather than merely respond to US strikes, while disruptions around the Strait of Hormuz threaten o…",Newsonjapan.com,USA,News,2026-08-10T07:45:04.862473Z
7ded47534a0cbd563adec30de374839a,Trump Backs Down From Yet Another Empty Threat to Iran,https://reason.com/2026/08/03/trump-backs-down-from-yet-another-empty-threat-to-iran/,Matthew Petti,2026-08-03T15:50:39Z,Suez Canal,"We’re locked in a cycle: The president threatens to resume the war, he claims Iran backed down, and then he gets frustrated with Iran again.",Reason,Unknown,News,2026-08-10T07:45:04.862511Z
26eec1146bf19bdeabbb101cbcf1bc09,Tehran’s New Weapon Is Not a Bomb. It Is an Invoice.,https://time.com/article/2026/08/03/tehran-trump-strait-of-hormuz-toll-oman-/,Bobby Ghosh,2026-08-03T15:30:00Z,Suez Canal,"""Iran has turned the Strait of Hormuz into a source of revenue, and it is waging war to keep collecting,"" writes Bobby Ghosh.",Time,Unknown,News,2026-08-10T07:45:04.862547Z
7173676a8057d5bf60cce4d48ac5a6be,Dark Tanker Transits Surge at Bab el-Mandeb as Houthi Threat Persists,https://oilprice.com/Latest-Energy-News/World-News/Dark-Tanker-Transits-Surge-at-Bab-el-Mandeb-as-Houthi-Threat-Persists.html,Charles Kennedy,2026-08-03T14:30:00Z,Suez Canal,The Houthi threat to shipments of Saudi crude oil from the Red Sea hasn’t abated and more tankers laden with Saudi oil appeared to have made the transit through the Bab el-Mandeb chokepoint in dark mode. Two tankers that had loaded Saudi crude at the Red Sea …,OilPrice.com,Unknown,News,2026-08-10T07:45:04.862597Z
e8881b2a4510ba30903e4c5bc7dc577b,Clarksons Posts Record First-Half Profit as Hormuz Crisis Drives Shipping Boom,https://gcaptain.com/clarksons-posts-record-first-half-profit-as-hormuz-crisis-drives-shipping-boom/,Mike Schuler,2026-08-03T13:41:38Z,Suez Canal,"Shipbroker and maritime services giant Clarksons reported record first-half earnings on Monday, saying disruption caused by the Strait of Hormuz crisis helped fuel exceptional trading conditions across global shipping markets...",gcaptain.com,Global,Market Report,2026-08-10T07:45:04.862681Z
cd99d97ded27f6dc32c9f13ad5278edf,A new Houthi front and expanded Iranian attacks risk sinking Gulf nations’ choke-point workaround and widening shipping risks,https://theconversation.com/a-new-houthi-front-and-expanded-iranian-attacks-risk-sinking-gulf-nations-choke-point-workaround-and-widening-shipping-risks-288218,"Kristian Coates Ulrichsen, Fellow for the Middle East at the Baker Institute, Rice University",2026-08-03T12:29:05Z,Suez Canal,"The ongoing war in Iran has created an expanding zone of risk for shipping, including for Saudi Arabia’s strategy of redirecting oil exports away from Hormuz.",The Conversation Africa,Unknown,News,2026-08-10T07:45:04.862730Z
b75bc0bace1e3e1564d73c2add3c0b07,Russia Assembles Unprecedented Arctic Oil Convoy to Bypass Global Shipping Hotspots,https://gcaptain.com/russia-assembles-unprecedented-arctic-oil-convoy-to-bypass-global-shipping-hotspots/,Malte Humpert,2026-08-03T10:32:14Z,Suez Canal,"Russia has assembled an unprecedented fleet of oil tankers in the Arctic as it accelerates crude exports to Asia via the Northern Sea Route, with vessels carrying roughly 8 million barrels of oil already transiting or waiting to enter the ice-covered shipping…",gcaptain.com,Russia,Market Report,2026-08-10T07:45:04.862758Z
982c2291763ffdfef59cdf0a7ecc80cf,Kuwait Oil Production Surges as OPEC+ Completes Output Cut Reversal,https://oilprice.com/Latest-Energy-News/World-News/Kuwait-Oil-Production-Surges-as-OPEC-Completes-Output-Cut-Reversal.html,Irina Slav,2026-08-03T08:30:00Z,Suez Canal,"Kuwait produced 1.971 million barrels of crude oil daily in July, Reuters has reported, citing unnamed sources. That was up from 1.65 million barrels daily in June, the report noted, which in turn was up from just 580,000 barrels daily in May. The report supp…",OilPrice.com,Unknown,Market Report,2026-08-10T07:45:04.862805Z
5cc26680aec5ba2a3b4a59862a5eb545,OPEC+ To Rollback All ‘Voluntary’ Oil Production Cuts In September,https://www.forbes.com/sites/gauravsharma/2026/08/02/opec-to-rollback-all-voluntary-oil-production-cuts-in-september/,"Gaurav Sharma, Senior Contributor, 
 Gaurav Sharma, Senior Contributor
 https://www.forbes.com/sites/gauravsharma/",2026-08-03T00:13:55Z,Suez Canal,"Oil producers group OPEC+ announced a complete unwinding of its members’ “voluntary” production cuts with effect from September, following its latest meeting on Sunday.",Forbes,Unknown,News,2026-08-10T07:45:04.862848Z
3cb95c6de3dc5341f32d6e77e7a7395a,Airlines Scramble for Jet Fuel as Hormuz Disruption Drags On,https://oilprice.com/Energy/Energy-General/Airlines-Scramble-for-Jet-Fuel-as-Hormuz-Disruption-Drags-On.html,Felicity Bradstock,2026-08-08T19:00:00Z,Panama Canal,"The months-long closure of the Strait of Hormuz has led to severe fuel shortages around the globe, as companies battle to continue operations. Airlines have been hit hard as they struggle to obtain enough jet fuel to maintain their regular flight schedules. T…",OilPrice.com,Unknown,News,2026-08-10T07:45:05.196474Z
013e930d8b000bfa6856bd190d4af450,Looney Tunes 8 Ball Bunny 1950 iNTERNAL 720p BluRay x264-PFa,https://post.rlsbb.cc/looney-tunes-8-ball-bunny-1950-internal-720p-bluray-x264-pfa/,Damon,2026-08-08T10:05:06Z,Panama Canal,"Plot: Bugs helps a penguin go home via New Orleans, Martinique, the Panama Canal and finally the South Pole. But the penguin's home is in New Jersey. Genre: Family | Animation | ShortIMDB Rating Live: IMDB Rating: 7.5/10 From 1,620 UsersTMDB Rating: N/ARotten…",Rlsbb.cc,USA,News,2026-08-10T07:45:05.196543Z
623efe96899c859aff1f5416387dc40c,Did Karoline Leavitt say Iran war 'would be over' if 'Trump had better intelligence'?,https://www.snopes.com//fact-check/trump-iran-intelligence-karoline-leavitt/,Aleksandra Wrona,2026-08-06T11:00:00Z,Panama Canal,"In early August 2026, White House press secretary Karoline Leavitt said, ""The conflict in Iran would be over by now if President Trump had better intelligence.""",Snopes.com,Unknown,News,2026-08-10T07:45:05.196777Z
84b039ace90307edd0d3619305840a25,Turkey Restricts Black Sea Ship Traffic After Surge In Attacks,https://gcaptain.com/turkey-restricts-black-sea-ship-traffic-after-surge-in-attacks/,Bloomberg,2026-08-08T17:47:57Z,Black Sea shipping,"By Patrick Sykes and Weilun Soon Aug 8, 2026 (Bloomberg) –Turkey is restricting commercial ship traffic into the Black Sea, according to people familiar with the matter, following growing concern from...",gcaptain.com,Turkey,News,2026-08-10T07:45:05.578444Z
be5acf9ba9883ff5b3d172ed0881a79b,Turkey restricts some Black Sea ship traffic amid security concerns,https://economictimes.indiatimes.com/news/international/world-news/turkey-restricts-some-black-sea-ship-traffic-amid-security-concerns/articleshow/133054209.cms,ET Online,2026-08-08T14:09:34Z,Black Sea shipping,"Turkey is restricting some commercial vessel traffic into the Black Sea amid rising Russian and Ukrainian attacks on merchant ships, Bloomberg reported. Some vessels heading to Russia’s Novorossiysk and Ukraine are facing delays in securing transit permits th…",The Times of India,Russia,Market Report,2026-08-10T07:45:05.578492Z
1bf5dba593a711692398549909d86516,Govt to launch seafarer tracking dashboard on August 15,https://www.thehindubusinessline.com/economy/logistics/govt-to-launch-seafarer-tracking-dashboard-on-august-15/article71321633.ece,BL Mumbai Bureau,2026-08-08T14:08:04Z,Black Sea shipping,Government to launch a seafarer tracking dashboard on August 15 for enhanced safety and monitoring of Indian seafarers globally.,BusinessLine,India,News,2026-08-10T07:45:05.578513Z
5238868d04d5564a86317568405f7386,Govt to launch seafarer tracking dashboard on August 15,https://www.thehindubusinessline.com/news/govt-to-launch-seafarer-tracking-dashboard-on-august-15/article71321633.ece,BL Mumbai Bureau,2026-08-08T13:02:02Z,Black Sea shipping,Government to launch a seafarer tracking dashboard on August 15 for enhanced safety and monitoring of Indian seafarers globally.,BusinessLine,India,News,2026-08-10T07:45:05.578528Z
e8aef37f83998a3c829a90b95755ab0e,"Radio City Under Attack in Prize Comics #22, at Auction",https://bleedingcool.com/comics/radio-city-under-attack-in-prize-comics-22-at-auction/,Mark Seifert,2026-08-08T07:57:10Z,Black Sea shipping,Jack Binder's Prize Comics #22 Black Owl story centers around disrupting radio and then-emerging television broadcasts as an aspect of war.,Bleeding Cool News,Unknown,News,2026-08-10T07:45:05.578633Z
0c672343ffb2bfb92e4d5d5e86380216,"Kyiv Struck as Ukraine Targets Russian Refineries, Shadow Fleet",https://financialpost.com/pmn/business-pmn/kyiv-struck-as-ukraine-targets-russian-refineries-shadow-fleet,Bloomberg News,2026-08-08T07:06:33Z,Black Sea shipping,"A fire was sparked at Russia’s Ilsky oil refinery in the southern Krasnodar region by Ukrainian drone debris, injuring five people, the regional task force said on Saturday, as Russia and Ukraine exchanged overnight attacks including a large-scale missile bar…",Financial Post,Russia,News,2026-08-10T07:45:05.578667Z
a7f2908e0ea9f6ef91d81e27aeed7213,"Zelensky counts the cost, missing missile defense, Nazi memories surfacing, MAGA at a crossroads: RT stories that shaped the week",https://www.rt.com/news/644002-rt-top-stories-ukraine-trump/,RT,2026-08-08T06:01:53Z,Black Sea shipping,"RT looks at the essential stories that shaped the week, including Russia’s retaliatory strikes on Ukraine, the US and Israeli influence behind Ceuta, and Meta’s AI escape",RT,Russia,News,2026-08-10T07:45:05.578699Z
20c771ca93f0dc0b0bb4cd7a285318c4,The Straits Are Not OK,http://foreignpolicy.com/2026/08/07/history-hormuz-straits-iran-war-trump/,Lucian Staiano-Daniels,2026-08-07T18:40:25Z,Black Sea shipping,"After Hormuz, global waterways will return to being sites of bloody contention.",Foreign Policy,Global,News,2026-08-10T07:45:05.578830Z
0b74940e73efe4312374d58803f3e3c5,Penningtons Canada The Warehouse Sale Event: Save up to 70% Off,https://smartcanucks.ca/penningtons-canada-the-warehouse-sale-event-save-up-to-70-off/,Anne Dougherty,2026-08-07T14:38:31Z,Black Sea shipping,"The Warehouse Sale Event is on now at Penningtons Canada, where everything is now up to 70% off. New arrivals are 40% off, and an extra 60% off has been applied to clearance styles. Shipping is free on orders of $75 or more, and there is a fee of $9.95 for or…",Smartcanucks.ca,Unknown,News,2026-08-10T07:45:05.578920Z
607516c887c4268883c365e12c8d0129,Oil Rises as Iran Deal Optimism Fades,https://www.rigzone.com/news/wire/oil_rises_as_iran_deal_optimism_fades-06-aug-2026-184316-article/,"M. Gindis, C. Gorrivan",2026-08-06T20:12:58Z,Black Sea shipping,Oil rose as doubts grew that an Iran-Oman deal would quickly restore normal shipping through the Strait of Hormuz.,Rigzone,Unknown,News,2026-08-10T07:45:05.579033Z
8a0de9a2f82f38b69c2c96cd94091464,Russian Deputy PM floats rail link to India as Hormuz hedge,https://www.rt.com/india/643943-india-russia-rail-route/,RT,2026-08-06T14:33:32Z,Black Sea shipping,Russia has proposed a rail route to India through Central and South Asia as an alternative trade corridor amid risks surrounding the Strait of Hormuz.,RT,India,News,2026-08-10T07:45:05.579053Z
5d8a99d0a3e0c2cd4d1084f8ebca00b0,Iran War: Iran Agreement With Oman Will Not “Open” Strait of Hormuz as Trump Hypes Non-Existent Talks; Ansar Allah Threatens Red Sea Escalation; Trump-Hegseth Row Over Weapons Shortages,https://www.nakedcapitalism.com/2026/08/iran-war-iran-agreement-with-oman-will-not-open-strait-of-hormuz-as-trump-hypes-non-existent-talks-ansar-allah-threatens-red-sea-escalation-trump-hegseth-row-over-weapons-shortages.html,Yves Smith,2026-08-06T09:16:35Z,Black Sea shipping,Today's Iran War news: Over-selling of Iran-Oman Hormuz pact as US arms shortages lead to doctrine change: liberal use of tactical nukes,Nakedcapitalism.com,Unknown,News,2026-08-10T07:45:05.579208Z
f2553c882b7e8f73205bb8b321d89837,Oil holds losses as Iran and Oman reach agreement over Hormuz,https://www.irishtimes.com/business/markets/2026/08/06/oil-holds-losses-as-iran-and-oman-reach-agreement-over-hormuz/,Nicholas Lua and Gabriel Levin,2026-08-06T06:23:03Z,Black Sea shipping,Proposed shipping route raises prospect of more energy flows through waterway,The Irish Times,Unknown,News,2026-08-10T07:45:05.579264Z
59faa794f8fd620a290f53e3ce68e809,US state declares emergency over Russia-Ukraine drone warfare,https://www.rt.com/news/643919-indiana-emergency-drone-russia/,RT,2026-08-06T04:49:13Z,Black Sea shipping,"The US state of Indiana has declared an energy emergency, citing maritime drone warfare in the Russia-Ukraine conflict Read Full Article at RT.com",RT,India,News,2026-08-10T07:45:05.579339Z
5b90ec015b9467584bf712ad1510ac86,"Russian ‘shadow fleet’ tanker leaks oil off Oman coast, NGOs raise alarm",https://economictimes.indiatimes.com/news/international/global-trends/russian-shadow-fleet-tanker-leaks-oil-off-oman-coast-ngos-raise-alarm/articleshow/132980168.cms,AFP,2026-08-06T03:30:14Z,Black Sea shipping,"An Omani nature reserve faces an environmental catastrophe from an oil leak.  A Russian shadow fleet tanker is reportedly leaking oil across hundreds of square kilometers.  The vessel experienced explosions, and its poor condition raises spill risks.  This in…",The Times of India,Russia,Market Report,2026-08-10T07:45:05.579369Z
258a7d5f07e509c4f72349f21b954873,Tenaris Announces 2026 Second Quarter Results,https://www.globenewswire.com/news-release/2026/08/05/3339818/0/en/Tenaris-Announces-2026-Second-Quarter-Results.html,Tenaris SA,2026-08-05T21:00:00Z,Black Sea shipping,The financial and operational information contained in this press release is based on unaudited consolidated condensed interim financial statements presented in U.S. dollars and prepared in accordance with IFRS Accounting Standards as issued by the Internatio…,GlobeNewswire,Unknown,News,2026-08-10T07:45:05.579462Z
2f21590119c6dd044ebf73cb9fd40cb9,South Africa’s Global Image Loses Its Luster,http://foreignpolicy.com/2026/08/05/south-africa-xenophobia-migrant-attacks-global-reputation-boycotts/,Nosmot Gbadamosi,2026-08-05T19:50:11Z,Black Sea shipping,Pretoria’s influence across Africa may be waning following widespread xenophobic attacks.,Foreign Policy,South Africa,News,2026-08-10T07:45:05.579491Z
62c1e517f716c57b418c23f054b66ad5,An Inconvenient Truth: Movies and TV Shows ⭐,https://www.thurrott.com/music-videos/340150/an-inconvenient-truth-movies-and-tv-shows,Paul Thurrott,2026-08-05T16:52:41Z,Black Sea shipping,"The day that I canceled my Netflix subscription was a good one, but not having infinite choice in video was a bigger deal than expected.
The post An Inconvenient Truth: Movies and TV Shows ⭐ appeared first on Thurrott.com.",Thurrott.com,Unknown,News,2026-08-10T07:45:05.579536Z
e1ffd1a53993f44c00cb33cea3e014a3,Remains of Indian seafarer killed in Black Sea attack reaches Kanpur; family refuses last rites,https://economictimes.indiatimes.com/news/india/family-of-indian-seafarer-killed-in-black-sea-drone-attack-demands-martyr-status-and-compensation/articleshow/132951392.cms,PTI,2026-08-05T16:44:04Z,Black Sea shipping,Merchant Navy chief officer Sagar Gupta's body arrived in Kanpur after a Black Sea attack. His family is demanding martyr status and financial compensation from the government. They have refused to perform the last rites until their demands are met. Sagar Gup…,The Times of India,India,News,2026-08-10T07:45:05.579566Z
286d7b2d2e78f695a8275b95c5270ac3,Russia strikes three more cargo vessels in Black Sea,https://economictimes.indiatimes.com/news/defence/russia-strikes-three-more-cargo-vessels-in-black-sea/articleshow/132943442.cms,Reuters,2026-08-05T15:13:33Z,Black Sea shipping,Russian forces struck three more cargo vessels in the Black Sea on Wednesday. This escalation has forced up global wheat prices significantly. The Black Sea now threatens to become a strategic trade chokepoint. Russia and Ukraine have stepped up attacks on ea…,The Times of India,Russia,Market Report,2026-08-10T07:45:05.579621Z
16f979dd7d5fea6bb50b2e2e06a012f5,Extreme weather is drying up Europe’s rivers in a crisis so dire it can be seen from space,https://www.cnn.com/2026/08/05/climate/europe-rivers-record-lows-satellite-space-rhine-danube,"Laura Paddison, CNN",2026-08-05T14:48:02Z,Black Sea shipping,"Relentless heat and a dearth of rain is having a punishing effect on some of Europe’s most vital rivers, which have tumbled to record lows in place, threaten...",CNN,Unknown,News,2026-08-10T07:45:05.579667Z
9090c8e59547884531e20e37ae692bbe,Links 8/5/2026,https://www.nakedcapitalism.com/2026/08/links-8-5-2026.html,Yves Smith,2026-08-05T10:59:21Z,Black Sea shipping,"Our vigorous daily links: Iceland turf houses, record Israel emigration, China harvest stress, Ebola, yen intervention, moar Russia strikes on Kiev, Flock spying, Blanche advances, National Guard abuse, Trump coup? big tech hidden debt, AI spending doubts, US…",Nakedcapitalism.com,China,Market Report,2026-08-10T07:45:05.579766Z
a3c22d6baf4ebe76799efab51d376e4c,"Beneath the Wallpaper: On Art, Photography and Hidden Everyday Violence",https://lithub.com/beneath-the-wallpaper-on-art-photography-and-hidden-everyday-violence/,Sarah Minor,2026-08-05T09:06:13Z,Black Sea shipping,"From the linen a squall rises and the bones of Norman horses line the channel. The storm, like the needle, has a round and guiding eye. WILLIAM’s fleet lands at England’s southern shore, short a couple ships. Here the Normans",Lithub.com,Unknown,News,2026-08-10T07:45:05.579855Z
d35e787f9fb4c18534325e09a0674b82,Today in Germany: A roundup of the latest news on Wednesday,https://www.thelocal.de/20260805/today-in-germany-a-roundup-of-the-latest-news-on-wednesday-132,The Local,2026-08-05T06:39:35Z,Black Sea shipping,"Questions remain following investigation on Berlin Pride attack, heat and thunderstorms continue across most of the country, Germany's largest rivers hit record low water levels and more news on Wednesday, August 5th.",The Local Germany,Germany,News,2026-08-10T07:45:05.579894Z
7cfaa5ff3417686b33841ff67c286dd4,World War II Nazi ships appear as Danube river dries up,https://www.abc.net.au/news/2026-08-05/danube-river-drought-reveals-ships-woolly-mammoth-energy-fears/106999692,Hanan Dervisevic,2026-08-05T05:56:22Z,Black Sea shipping,"Europe's second-longest river is carrying less water than it has in decades, revealing shipwrecks and shutting down nuclear reactors.",ABC News (AU),Unknown,News,2026-08-10T07:45:05.579928Z
c34892c661247c7f71bd04f4b118126f,Oil Spill From Sanctioned Tanker Is Growing Fast,https://www.newser.com/story/394083/oil-spill-from-sanctioned-tanker-is-growing-fast.html,Rob Quinn,2026-08-04T22:28:08Z,Black Sea shipping,"An oil spill caused by leakage from a UK-sanctioned tanker grounded for weeks off Oman appears to be expanding dramatically, reaching shorelines and far out to sea, according to experts and satellite images reviewed by the AP . Greenpeace Germany said in a st…",Newser,Germany,Analysis/Opinion,2026-08-10T07:45:05.579991Z
d9a9a37cd0c35a47ed8ab5514c198c26,Brent Settles At Three-Week Low,https://www.rigzone.com/news/wire/brent_settles_at_threeweek_low-04-aug-2026-184295-article/,"G. Levin, M. Gindis, C. Gorrivan",2026-08-04T20:10:22Z,Black Sea shipping,Oil prices tumbled as hopes for a US-Iran agreement raised expectations that shipping through the Strait of Hormuz could resume more normally.,Rigzone,Unknown,Market Report,2026-08-10T07:45:05.580020Z
c5012ce998516ad4da726a0297a1116a,QP Foods UK Reports Higher Sunflower Oil Costs Amid Black Sea Shipping Disruptions,https://www.globenewswire.com/news-release/2026/08/04/3338334/0/en/QP-Foods-UK-Reports-Higher-Sunflower-Oil-Costs-Amid-Black-Sea-Shipping-Disruptions.html,QP Foods UK,2026-08-04T12:47:00Z,Black Sea shipping,"London, United Kingdom, Aug. 04, 2026 (GLOBE NEWSWIRE) -- QP Foods UK highlighted the impact of Black Sea shipping disruptions on sunflower oil supply, saying that rising sunflower oil prices and a sharp escalation in attacks on commercial shipping in the Bla…",GlobeNewswire,UK,Market Report,2026-08-10T07:45:05.580111Z
be8fe9abb1db89de373b2a1d18acbd69,Russia and Ukraine trade blame over drone crash that killed 7 beachgoers,https://www.nbcnews.com/world/europe/russia-ukraine-war-drone-black-sea-resort-beach-holiday-goers-killed-rcna590723,Mithil Aggarwal,2026-08-04T11:58:05Z,Black Sea shipping,Russia and Ukraine traded blame after a drone slammed into a beach in the Black Sea resort town of Gelendzhik. Russian officials said seven people were killed.,NBC News,Russia,News,2026-08-10T07:45:05.580162Z
530a1fdc2a051b2547e5642efd0a8f0b,Türkiye urges action to protect Black Sea shipping after drone attacks,https://www.hurriyetdailynews.com/turkiye-urges-action-to-protect-black-sea-shipping-after-drone-attacks-225200,hurriyetdailynews.com,2026-08-04T09:32:17Z,Black Sea shipping,"Türkiye has called for urgent measures to protect civilian shipping in the Black Sea after drone attacks on two Turkish-owned vessels, warning that the Russia-Ukraine war is increasingly affecting commercial navigation.",Hurriyet Daily News,Russia,News,2026-08-10T07:45:05.580192Z
ddbdcc8afd0f6ac3c92b4bd3dfbc0e2d,Global Market: Goldman Sachs sees Brent crude trading at $80-$90 until Iran conflict outlook clears,https://economictimes.indiatimes.com/markets/us-stocks/news/global-market-goldman-sachs-sees-brent-crude-trading-at-80-90-until-iran-conflict-outlook-clears/articleshow/132855041.cms,Anupam Nagar,2026-08-04T09:28:49Z,Black Sea shipping,Goldman Sachs forecasts Brent crude prices between $80 and $90 per barrel. This range persists until clarity emerges on US-Iran nuclear talks. Physical oil markets are tightening significantly due to reduced flows from key regions. Gulf oil exports have dropp…,The Times of India,Global,Analysis/Opinion,2026-08-10T07:45:05.580240Z
05709248430d9ff5985b95f85515193a,Global Market: Goldman Sachs sees Brent crude trading at $80-$90 until Iran conflict outlook clears,https://economictimes.indiatimes.com/markets/us-stocks/wall-street-guide/global-market-goldman-sachs-sees-brent-crude-trading-at-80-90-until-iran-conflict-outlook-clears/articleshow/132855041.cms,Anupam Nagar,2026-08-04T09:28:49Z,Black Sea shipping,Goldman Sachs forecasts Brent crude prices between $80 and $90 per barrel. This range persists until clarity emerges on US-Iran nuclear talks. Physical oil markets are tightening significantly due to reduced flows from key regions. Gulf oil exports have dropp…,The Times of India,Global,Analysis/Opinion,2026-08-10T07:45:05.580268Z
949dc4326af477e47208c76c2c03cfda,"As confusion reigns over Hormuz talks, Fortune gets exclusive access to a UN-backed plan to reopen the strait",https://fortune.com/2026/08/04/confusion-reigns-over-hormuz-fortune-exclusive-access-un-backed-plan-to-reopen-the-strait-icc/,Melissa Hancock,2026-08-04T09:12:53Z,Black Sea shipping,"The Strait of Hormuz is the key battleground in the U.S.-Iran war, with vital ship traffic all but halted in recent months. There is a project to break the impasse.",Fortune,Unknown,News,2026-08-10T07:45:05.580314Z
40edbef74eb15034f2d2c015132eb97e,"Ukraine strikes Moscow industrial zone in fresh drone onslaught, killing multiple people, as Kyiv continues to bring war to Putin's doorstep",https://www.dailymail.com/news/article-16026689/Ukraine-strikes-Moscow-industrial-zone-fresh-drone-onslaught-killing-multiple-people-Kyiv-continues-bring-war-Putins-doorstep.html,Perkin Amalaraj,2026-08-04T07:28:47Z,Black Sea shipping,"Ukraine has struck an industrial zone on the edge of Moscow in its latest drone onslaught, killing five and wounding ten others.",Dailymail.com,Ukraine,News,2026-08-10T07:45:05.580341Z
eefd6bdb4770921b64c8f7d768f03048,Turkish cargo ship hit in suspected Ukrainian attack near Russian port (VIDEO),https://www.rt.com/news/643820-turkish-ships-hit-drones/,RT,2026-08-04T00:12:26Z,Black Sea shipping,A Turkish cargo ship was struck by suspected Ukrainian drones near a Russian Black Sea port Read Full Article at RT.com,RT,Russia,News,2026-08-10T07:45:05.580396Z
3e310f7d8c696347e7c80ee2eb61d96b,"Oil Holds Decline With Focus on Iran Negotiations, Hormuz Flows",https://financialpost.com/pmn/business-pmn/oil-holds-decline-with-focus-on-iran-negotiations-hormuz-flows,Bloomberg News,2026-08-03T22:58:59Z,Black Sea shipping,"Oil was steady after its biggest drop in a week, as President Donald Trump said his latest offer of talks is Tehran’s “last chance” and that he expects a full reopening of the Strait of Hormuz.",Financial Post,Unknown,News,2026-08-10T07:45:05.580440Z
132d413709bc76426829a879f644698d,Crude Sinks as Tensions Ease,https://www.rigzone.com/news/wire/crude_sinks_as_tensions_ease-03-aug-2026-184284-article/,"K. Matsuyama, C. Gorrivan, M. Gindis",2026-08-03T19:36:16Z,Black Sea shipping,Oil prices fell sharply as renewed optimism over Strait of Hormuz negotiations eased fears of prolonged supply disruptions.,Rigzone,Unknown,Market Report,2026-08-10T07:45:05.580512Z
dc7c77c594fa2a9bd74172492081ad6c,Tankers Take Oil From Key Kazakh Export Terminal After Attacks,https://financialpost.com/pmn/business-pmn/tankers-take-oil-from-key-kazakh-export-terminal-after-attacks,Bloomberg News,2026-08-03T16:42:49Z,Black Sea shipping,"Four tankers have completed loadings at a Black Sea port that’s crucial to Kazakhstan’s crude exports in recent days, after a run of attacks disrupted shipping in the area.",Financial Post,Unknown,News,2026-08-10T07:45:05.580678Z
bec60d40e42c8e01285a685da80c34a2,"Oil Slips as Trump Holds Off Iran Attack, Says Talks to Resume",https://financialpost.com/pmn/business-pmn/oil-slips-as-trump-holds-off-iran-attack-says-talks-to-resume,Bloomberg News,2026-08-03T16:17:29Z,Black Sea shipping,Oil fell after US President Donald Trump said he called off a planned attack on Iran and that new talks with the Islamic Republic would begin on Monday.,Financial Post,Unknown,News,2026-08-10T07:45:05.580713Z
eb3635efa17b4ccf2ccced5203894825,"Oil Slumps as Trump Holds Off Iran Attack, Says Talks to Resume",https://financialpost.com/pmn/business-pmn/oil-slumps-as-trump-holds-off-iran-attack-says-talks-to-resume-2,Bloomberg News,2026-08-03T10:07:38Z,Black Sea shipping,Oil fell after US President Donald Trump called off a planned attack on Iran and said new talks with the Islamic Republic would begin on Monday.,Financial Post,Unknown,News,2026-08-10T07:45:05.580745Z
9ae2ac369d3a016b9afd3511c10b6c05,European heatwave forces Hungary to shut its nuclear plant as River Danube dries up while Greece continues to battle huge wildfires,https://www.dailymail.com/news/article-16024183/European-heatwave-forces-Hungary-shut-nuclear-plant-River-Danube-dries-Greece-continues-battle-huge-wildfires.html,Perkin Amalaraj,2026-08-03T07:02:10Z,Black Sea shipping,"Hungary is facing a critical week, as the drying of the River Danube is forcing the country to shut its sole nuclear power plant amid a heatwave that has brought Europe to its knees.",Dailymail.com,Greece,News,2026-08-10T07:45:05.580812Z
18d907021896b1908cf6d1f12eb449cb,"Oil slumps as Trump holds off Iran attack, says talks will resume",https://www.bloomberg.com/news/articles/2026-08-02/latest-oil-market-news-and-analysis-for-aug-3,Bloomberg,2026-08-03T04:03:58Z,Black Sea shipping,"Brent for October lost as much as 7.3% in early Asia trade, after futures surged almost a quarter in July in their biggest monthly gain since March.",Bloomberg,Unknown,Market Report,2026-08-10T07:45:05.580875Z
7e59bc10376f353342ca4b0f6623d1f3,Hungary PM Magyar flags 'critical' days ahead with looming nuclear shutdown,https://economictimes.indiatimes.com/news/international/world-news/hungary-pm-magyar-flags-critical-days-ahead-with-looming-nuclear-shutdown/articleshow/132817005.cms,Reuters,2026-08-03T02:42:23Z,Black Sea shipping,Hungary faces a critical five days as the Danube's low levels force its nuclear plant shutdown.  The Paks power plant will cease generation amid a looming 40-degree Celsius heatwave.  This situation places enormous strain on the power grid and public services…,The Times of India,Unknown,News,2026-08-10T07:45:05.580927Z
7e4bd544cda2f2966af866649ed3220c,Oil prices surge 20% in July as US-Iran war heightens Strait of Hormuz tensions,https://economictimes.indiatimes.com/wealth/save/oil-prices-surge-20-in-july-as-us-iran-war-heightens-strait-of-hormuz-tensions/articleshow/132780097.cms,Bloomberg,2026-08-03T01:00:00Z,Black Sea shipping,Oil prices saw volatility last week but are set for significant monthly gains.  Escalating United States-Iran tensions and Houthi attacks are impacting global energy markets.  Saudi Arabia is forming an alliance to protect Red Sea navigation from militant blo…,The Times of India,USA,Market Report,2026-08-10T07:45:05.580953Z
08a397bbd567fb6abcd14195fcc0dd96,"Yemen’s Houthis claim attack on Aramco oil facility in Saudi Arabia, and other Middle East news",https://www.yahoo.com/news/world/articles/yemen-houthis-claim-attack-aramco-072935270.html,The Associated Press,2026-08-09T07:29:35Z,Red Sea shipping,"Yemen’s Houthis said they attacked an oil facility Sunday in southwestern Saudi Arabia, the latest attack by the Iranian-backed rebels on the kingdom.  Meanw...",Yahoo Entertainment,Unknown,News,2026-08-10T07:45:06.048486Z
81253ea938cac26850b8e8a6f464761c,Iran makes new Hormuz demands as missile hits Emirati ship,https://www.rt.com/news/644023-iran-makeshormuz-demands/,RT,2026-08-09T03:58:27Z,Red Sea shipping,"Tehran has demanded that the US withdraw forces from the region, lift sanctions and pay compensation before Iran agrees to reopen the Strait of Hormuz",RT,Unknown,News,2026-08-10T07:45:06.048539Z
6f41dac29e62fa6474cfabe08c9198bc,Turkey expects Egypt to join Saudi-Pakistan defence pact,https://economictimes.indiatimes.com/news/defence/turkey-expects-egypt-to-join-saudi-pakistan-defence-pact/articleshow/133061574.cms,AFP,2026-08-09T02:47:47Z,Red Sea shipping,"Turkey's foreign minister anticipates Egypt joining a new regional defense agreement. Saudi Arabia, Turkey, and Pakistan signed this pact to stabilize the Middle East. The agreement aims to strengthen collective deterrence against regional threats and instabi…",The Times of India,Turkey,News,2026-08-10T07:45:06.048625Z
e0426d699ea0295f31b3957861d5b513,"Fire extinguished at Aramco facility in Jazan, Saudi Arabia says",https://economictimes.indiatimes.com/news/international/world-news/fire-extinguished-at-aramco-facility-in-jazan-saudi-arabia-says/articleshow/133061496.cms,Reuters,2026-08-09T02:27:31Z,Red Sea shipping,Firefighters extinguished a blaze at Saudi Aramco's Jazan refinery on Sunday.  The facility had previously been shut down following a Houthi militant attack.  This incident raises concerns about potential disruptions to oil infrastructure.  Recent attacks hav…,The Times of India,Unknown,News,2026-08-10T07:45:06.048678Z
88af9a02faf488b480395d674d6b766a,"How to end Sudan’s brutal, forgotten conflict",https://www.nrc.nl/nieuws/2026/08/08/how-to-end-sudans-brutal-forgotten-conflict-a4934039,,2026-08-08T20:00:00Z,Red Sea shipping,There is a sliver of a chance of a ceasefire. It must be grabbed.,Www.nrc.nl,Unknown,News,2026-08-10T07:45:06.048709Z
91a88d629a58ff3718f4e0331a24c100,"Hormuz talks positive, Oman says, as Iran warns deal would not open strait",https://www.bbc.co.uk/news/articles/c934j5y2lq9o,https://www.facebook.com/bbcnews,2026-08-08T19:18:57Z,Red Sea shipping,"Both sides suggest progress in talks to agree a new shipping route through the strait, but a breakthrough remains unclear.",BBC News,Unknown,News,2026-08-10T07:45:06.048785Z
176e956eb47a6a538dd9c50afba191fc,Iran says deal with Oman on control of strait is close,https://www.rte.ie/news/world/2026/0808/1587073-iran-oman-strait/,RTÉ News,2026-08-08T14:33:22Z,Red Sea shipping,"Iran has said that a deal with Oman on control of the Strait of Hormuz was close but would not be enough to free up the waterway, while the United Arab Emirates said Iran had hit another ship there.",RTE,Unknown,Market Report,2026-08-10T07:45:06.048818Z
ba56ff3356187ce838172298cf1f5eb3,Iran says Strait of Hormuz deal is ‘very close’ but will not free up waterway by itself,https://www.irishtimes.com/world/middle-east/2026/08/08/iran-says-strait-of-hormuz-deal-is-very-close-but-will-not-free-up-waterway-by-itself/,"Enas Alashray, Steve Holland, Timour Azhari",2026-08-08T14:17:34Z,Red Sea shipping,Tehran-Oman arrangement over control of shipping lane seen as crucial to wider agreement to end conflict begun by US,The Irish Times,Unknown,News,2026-08-10T07:45:06.048858Z
7808eaed2e591546fda518beb739aaa4,Iran deliberates Hormuz arrangement amid uncertain prospects with US,https://www.aljazeera.com/news/2026/8/8/iran-deliberates-hormuz-arrangement-amid-uncertain-prospects-with-us,Maziar Motamedi,2026-08-08T13:52:40Z,Red Sea shipping,Iran and Oman have agreed on the coordinates of routes to be taken by vessels through the Strait of Hormuz.,Al Jazeera English,Unknown,Market Report,2026-08-10T07:45:06.048887Z
e611b56f5c6b0c9cc0ff4c72d75d1a8d,Iran says deal on Strait of Hormuz is close but will not open the waterway by itself,https://www.nbcnews.com/world/iran/iran-says-deal-strait-hormuz-close-will-not-open-waterway-rcna591476,Reuters,2026-08-08T13:17:41Z,Red Sea shipping,"Iran said on Saturday that a deal with Oman on control of the Strait of Hormuz was close but would not be enough to free up the waterway, and the United Arab Emirates said Iran had hit another ship there.",NBC News,Unknown,Market Report,2026-08-10T07:45:06.048969Z
af5d4e227813c7aa222f15bddaf5cd23,Iran says deal on Strait of Hormuz is close but will not open the waterway by itself,https://www.yahoo.com/news/articles/iran-says-deal-strait-hormuz-123123180.html,Reuters,2026-08-08T12:31:23Z,Red Sea shipping,"CAIRO/WASHINGTON/RIYADH, Aug 8 (Reuters) - Iran said on Saturday that a deal with Oman on control of the Strait of Hormuz was close but would not be enough t...",Yahoo Entertainment,Unknown,News,2026-08-10T07:45:06.049002Z
068fe42eca5d2d62a522d9bae1f033be,"Over 4,048 seafarers repatriated amid West Asia conflict: Shipping Minister",https://www.thehindubusinessline.com/news/over-4048-seafarers-repatriated-amid-west-asia-conflict-shipping-minister/article71321151.ece,ANI,2026-08-08T09:56:37Z,Red Sea shipping,"Sonowal stated that PM Modi has directed measures for the safety and welfare of Indian seafarers, with their location and condition to be reported to the DGMA",BusinessLine,India,Market Report,2026-08-10T07:45:06.049126Z
8e809e8e356fa2d145d495e1272dbe90,Saudi Arabia Names Red Sea Maritime Alliance Commander,https://www.naturalnews.com/2026-08-08-saudi-arabia-names-red-sea-maritime-alliance-commander.html,Chase Codewell,2026-08-08T06:00:00Z,Red Sea shipping,"The Saudi Ministry of Defense announced Aug. 6 that Maj. Gen. Abdullah al-Shehri has been appointed commander of the Multinational Maritime Defense Alliance, according to a ministry statement. The ministry said the appointment is intended to “secure freedom o…",Naturalnews.com,Unknown,News,2026-08-10T07:45:06.049246Z
0424bbc7b0205ca08e2e55f451c59664,"Sea goddess must be appeased over landslide in Cross River community – Youth leader, Okon",https://punchng.com/sea-goddess-must-be-appeased-over-landslide-in-cross-river-community-youth-leader-okon/,Punch Newspapers,2026-08-08T00:52:52Z,Red Sea shipping,"Obutong youth leader, Emmanuel Okon, attributes the devastating 2026 Cross River landslide to the anger of traditional sea goddess, Anansa, calling for app

Read More: https://punchng.com/sea-goddess-must-be-appeased-over-landslide-in-cross-river-community-yo…",The Punch,Unknown,News,2026-08-10T07:45:06.049345Z
0b87787f6efcb3f2987d221f8d26764c,US expects deal soon on Strait of Hormuz; Sunni powers unite in defense pact,https://www.yahoo.com/news/politics/articles/us-expects-deal-soon-strait-230159419.html,By Steve Holland and Timour Azhari,2026-08-07T23:01:59Z,Red Sea shipping,"By Steve Holland and Timour Azhari WASHINGTON/RIYADH, Aug 7 (Reuters) - A U.S. official on Friday reported progress between Iran and Oman that could soon reo...",Yahoo Entertainment,Unknown,Market Report,2026-08-10T07:45:06.049382Z
778d0b4f09179be5b1807643a8e09fc4,"Saudi Arabia, Turkey and Pakistan forge ‘attack on one, attack on all’ pact — as Iran deal lingers",https://nypost.com/2026/08/07/world-news/saudi-arabia-turkey-and-pakistan-forge-self-defense-pact-as-iran-deal-lingers/,Caitlin Doornbos,2026-08-07T20:50:01Z,Red Sea shipping,"Saudi Arabia, Pakistan and Turkey announced Friday they signed a landmark joint defense pact in Mecca, declaring that an attack on one would be treated as an attack on all.",New York Post,Turkey,News,2026-08-10T07:45:06.049418Z
2e0bc477754b10b920c6c21100c37692,"Pakistan, Saudi Arabia and Turkiye sign joint defence pact amid West Asia tensions",https://www.thehindubusinessline.com/news/world/pakistan-saudi-arabia-and-turkiye-sign-joint-defence-pact-amid-west-asia-tensions/article71319296.ece,PTI,2026-08-07T19:43:33Z,Red Sea shipping,The landmark agreement deepens defence cooperation among three key regional powers as security concerns intensify across West Asia and nearby waterways.,BusinessLine,Unknown,News,2026-08-10T07:45:06.049531Z
007b6a698a20bd5d033373f2ad84e9b3,"Turkey, Saudi Arabia, and Pakistan Sign Joint Defense Agreement",https://www.breitbart.com/middle-east/2026/08/07/turkey-saudi-arabia-and-pakistan-sign-joint-defense-agreement/,John Hayward,2026-08-07T18:48:35Z,Red Sea shipping,"Saudi Arabia’s Crown Prince Mohammed bin Salman (MBS), Turkish President Recep Tayyip Erdogan, and Pakistani Prime Minister Shehbaz Sharif met in the Saudi city of Mecca on Friday to sign a pact called the Mecca Joint Defense Agreement.
The post Turkey, Saudi…",Breitbart News,Turkey,News,2026-08-10T07:45:06.049601Z
122a4bf4e17bbde940e6b3422ef1057e,ADNOC Says Three Vessels Attacked This Week as Hormuz Shipping Remains Severely Disrupted,https://gcaptain.com/adnoc-says-three-vessels-attacked-this-week-as-hormuz-shipping-remains-severely-disrupted/,Mike Schuler,2026-08-07T17:25:21Z,Red Sea shipping,"Abu Dhabi National Oil Company said three of its vessels have been attacked this week while transiting the Strait of Hormuz, highlighting the continued danger to commercial shipping as traffic...",gcaptain.com,Unknown,News,2026-08-10T07:45:06.049735Z
6f90c39eb38d699acd22058e2c958d2d,Adnoc calls for safe and free navigation in regional waters and emphasises safety | The National,https://www.thenationalnews.com/business/energy/2026/08/07/adnoc-calls-for-safe-and-free-navigation-in-regional-waters-and-emphasises-safety/,The National,2026-08-07T15:31:44Z,Red Sea shipping,Adnoc calls for safe and free navigation in regional waters and emphasises safety | The Nationalthenationalnews.com,Thenationalnews.com,Unknown,News,2026-08-10T07:45:06.049852Z
1220982f63f5bfa0c3b93b5bd7c48492,"Saudi Arabia, Turkey and Pakistan sign defence pact",https://freerepublic.com/focus/f-news/4390943/posts,BBC,2026-08-07T14:48:55Z,Red Sea shipping,"Saudi Arabia, Turkey and Pakistan have signed a joint defence agreement, saying an attack on one of them would be seen as an attack on all three. The pact was announced at a meeting between Saudi Crown Prince Mohammed bin Salman, Turkish President Recep Tayyi…",Freerepublic.com,Turkey,News,2026-08-10T07:45:06.049962Z
cc0c8f4d6ca91be977b07b3902750254,Adnoc Buys $1.3B of Tankers as Oil Exports Boom,https://www.rigzone.com/news/wire/adnoc_buys_13b_of_tankers_as_oil_exports_boom-07-aug-2026-184324-article/,Anthony Di Paola,2026-08-07T14:11:10Z,Red Sea shipping,The biggest oil producer in the United Arab Emirates spent $1.3 billion to expand its tanker fleet.,Rigzone,Unknown,Market Report,2026-08-10T07:45:06.049989Z
1382c7411dc81f882da5da63acfd7d47,"Saudi Arabia expects imminent 2-pronged attack from Iran's allies, official says",https://www.cbc.ca/news/world/saudi-arabia-iraq-yemen-houthis-iran-9.7299356,,2026-08-07T14:07:11Z,Red Sea shipping,"Saudi Arabia expects imminent co-ordinated attacks from Iraqi militias north of the Persian Gulf state and from Yemen's Houthis from the south under the supervision of Iran's Islamic Revolutionary Guard Corps, a senior Saudi official said.",CBC News,Unknown,News,2026-08-10T07:45:06.050031Z
01ab4b4b3a403f89d98b5efaf1752f7c,"Saudi Arabia, Pakistan and Turkey sign Nato-style defence pact",https://www.irishtimes.com/world/middle-east/2026/08/07/saudi-arabia-pakistan-and-turkey-sign-nato-style-defence-pact/,"Andrew England in London, John Paul Rathbone in Istanbul, Humza Jilani in Karachi",2026-08-07T14:04:21Z,Red Sea shipping,Regional alliance emerges as Saudi confronts attacks from Iran-aligned Houthis in Yemen,The Irish Times,Turkey,News,2026-08-10T07:45:06.050055Z
df2043865a4ea3b15d79dd16a665af82,Houthis Celebrate Killing Dozens in Attack on Alleged ‘Saudi Enemy Mercenaries’ in Yemen,https://www.breitbart.com/middle-east/2026/08/07/houthis-celebrate-killing-dozens-in-attack-on-alleged-saudi-enemy-mercenaries-in-yemen/,Frances Martel,2026-08-07T13:42:54Z,Red Sea shipping,"The Houthi Iranian proxy terror organization in Yemen proudly announced on Thursday the alleged killing or injuring of hundreds of ""Saudi enemy mercenaries"" in a large attack on military assets associated with the legitimate government of Yemen.
The post Hout…",Breitbart News,Unknown,News,2026-08-10T07:45:06.050123Z
a51203bdf404a3f8d2fb15239604d6f1,Saudi builds maritime coalition to secure safe shipping routes,https://biztoc.com/x/4cac227998f2aa2b,semafor.com,2026-08-07T13:37:42Z,Red Sea shipping,"Saudi Arabia is building the structure for a maritime coalition that will conduct defensive operations to secure passage through the Red Sea and Bab el-Mandeb Strait. Rear Admiral Abdullah bin Salem Alshehri will lead the effort, which includes Egypt, Pakista…",Biztoc.com,Egypt,News,2026-08-10T07:45:06.050164Z
b608a9f365904193d001503df33ed21a,"India stresses security of seafarers as ""high priority"" after Indian vessel sinks off Yemen; calls for safe, unimpeded passage",https://economictimes.indiatimes.com/news/india/india-stresses-security-of-seafarers-as-high-priority-after-indian-vessel-sinks-off-yemen-calls-for-safe-unimpeded-passage/articleshow/133034841.cms,ANI,2026-08-07T13:06:50Z,Red Sea shipping,India's External Affairs Ministry stressed seafarer safety following a Red Sea vessel sinking.  All thirteen Indian nationals aboard were successfully rescued by Yemeni authorities.  The government is coordinating with shipping ministries and regional maritim…,The Times of India,India,News,2026-08-10T07:45:06.050250Z
cf465f85d3ae66a707a5f10c3c767ead,UAE’s Adnoc Buys $1.3 Billion of Tankers as Oil Exports Boom,https://gcaptain.com/uaes-adnoc-buys-1-3-billion-of-tankers-as-oil-exports-boom/,Bloomberg,2026-08-07T11:41:43Z,Red Sea shipping,The biggest oil producer in the United Arab Emirates spent $1.3 billion to expand its tanker fleet to benefit from surging crude exports after the country left OPEC and pushed more of its oil through the contested Strait of Hormuz.,gcaptain.com,Unknown,Market Report,2026-08-10T07:45:06.050450Z
ea1f8afec01ef671ea4352873209084d,Iran Is Playing for Time as Midterms Loom for Trump,https://oilprice.com/Geopolitics/Middle-East/Iran-Is-Playing-for-Time-as-Midterms-Loom-for-Trump.html,Editorial Dept,2026-08-07T11:30:00Z,Red Sea shipping,"Iran and Oman appear close to an agreement on reopening the Strait of Hormuz, but the remaining issues are substantial. Tehran would control inbound traffic while Oman would oversee outbound shipping, and Iran is seeking sanctions relief in exchange for toll-…",OilPrice.com,Unknown,News,2026-08-10T07:45:06.050544Z
485f3b69590f861f230affc4d3b00c59,Oil Prices Tumble as Traders Price In a Strait of Hormuz Breakthrough,https://oilprice.com/Energy/Energy-General/Oil-Prices-Tumble-as-Traders-Price-In-a-Strait-of-Hormuz-Breakthrough.html,Editorial Dept,2026-08-07T11:30:00Z,Red Sea shipping,"September WTI crude oil futures are trading at $78.08 early Friday, down $8.72, or 10.05%, for the week. The market opened at $80.10, traded as high as $82.33, and fell to $74.24. With Friday’s session still ahead, the weekly result is not final. But the mess…",OilPrice.com,Unknown,Market Report,2026-08-10T07:45:06.050587Z
bbb823748d2ed36a2d895ad860d90a44,"Saudi Arabia, Turkey and Pakistan sign defence pact",https://www.bbc.co.uk/news/articles/c30418m4mj4o,https://www.facebook.com/bbcnews,2026-08-07T11:15:58Z,Red Sea shipping,"Pakistan says an attack on any of the three will amount to an attack against all, amid conflict in the Middle East.",BBC News,Turkey,News,2026-08-10T07:45:06.050642Z
f58605bc7a6feac0f8c30f786f561d74,Houthi strikes in Yemen as Saudi Arabia braces for attacks: What we know,https://www.aljazeera.com/news/2026/8/7/houthi-strikes-hit-yemen-as-saudi-arabia-braces-for-attacks-what-we-know,Priyanka Shankar,2026-08-07T10:52:34Z,Red Sea shipping,Tensions between the Houthis and Saudi Arabia have increased since the US-Israel war on Iran began.,Al Jazeera English,Unknown,News,2026-08-10T07:45:06.050674Z
42186511f25dff5c37492266c017af80,Shipping Through Hormuz Drops Sharply as Tensions Rise,https://oilprice.com/Latest-Energy-News/World-News/Shipping-Through-Hormuz-Drops-Sharply-as-Tensions-Rise.html,Tsvetana Paraskova,2026-08-07T09:30:00Z,Red Sea shipping,"Vessel traffic through the Strait of Hormuz has declined this week from the prior week amid uncertainty about the U.S.-Iran talks and the potential reopening of the Middle East’s key oil and LNG chokepoint. Between Monday and Thursday, a total of 33 vessels t…",OilPrice.com,Unknown,News,2026-08-10T07:45:06.050763Z
d414171245fde8ce9e02c4c104bbde35,"Houthi drone, missile blitz kills 30 Yemeni troops, shattering four-year truce",https://www.naturalnews.com/2026-08-07-houthi-drone-missile-blitz-yemeni-troops.html,Cassie B.,2026-08-07T06:00:00Z,Red Sea shipping,"Houthi rebels launched coordinated drone and missile strikes across three Yemeni provinces, killing at least 30 Saudi-backed soldiers. The attack shattered a four-year relative calm after a July incident involving an Iranian plane triggered the ceasefire coll…",Naturalnews.com,Unknown,News,2026-08-10T07:45:06.050815Z
8a0b9750acbee275078b4690e2bb00c6,"Türkiye, Saudi Arabia, Pakistan to sign defense pact: Sources",https://www.hurriyetdailynews.com/turkiye-saudi-arabia-pakistan-to-sign-defense-pact-sources-225326,hurriyetdailynews.com,2026-08-07T05:59:00Z,Red Sea shipping,"Saudi Arabia, Türkiye and Pakistan are expected to sign a joint defense agreement in Jeddah on Aug. 7, two sources close to the Saudi military and government told AFP.",Hurriyet Daily News,Unknown,News,2026-08-10T07:45:06.050856Z
0f57ce6307de4f24f4d0e7b5334d9d96,"Deadly Houthi strikes in Yemen stoke fears of wider war, Saudi Arabia warns of more attacks",https://www.irishtimes.com/world/middle-east/2026/08/07/deadly-houthi-strikes-in-yemen-stoke-fears-of-wider-war-saudi-arabia-warns-of-more-attacks/,Guardian staff with agencies,2026-08-07T05:39:48Z,Red Sea shipping,Saudi official says kingdom expecting co-ordinated attacks on economic and civilian sites by Houthis and Iraqi militias under supervision of Iran’s Revolutionary Guard,The Irish Times,Unknown,News,2026-08-10T07:45:06.050899Z
32104f986df0cb235eec48f110db4712,Turkiye’s Erdogan visits Saudi Arabia: What to expect,https://www.aljazeera.com/news/2026/8/7/turkiyes-erdogan-to-visit-saudi-arabia-what-to-expect,Al Jazeera Staff,2026-08-07T04:43:43Z,Red Sea shipping,"Erdogan will meet with Saudi Crown Prince Mohammed bin Salman and Pakistani PM Shehbaz Sharif, his office says.",Al Jazeera English,Unknown,News,2026-08-10T07:45:06.050932Z
4fc0e22e3230b473269d396efd0461e1,Sensing the Poles’ Hidden Heat,https://science.nasa.gov/earth/earth-observatory/sensing-the-poles-hidden-heat/,NASA Earth Observatory,2026-08-07T04:00:00Z,Red Sea shipping,New animations from NASA’s PREFIRE mission reveal two years of seasonal temperature swings at the Arctic and Antarctic.,NASA,Unknown,News,2026-08-10T07:45:06.050983Z
6adcf087dc51db2a1d5cba4cbce279d1,Houthi attack on Saudi Arabia wounds 11 civilians,https://www.rte.ie/news/2026/0807/1586873-middle-east/,RTÉ News,2026-08-07T03:34:15Z,Red Sea shipping,"An attack by Yemen's Houthis on southern Saudi Arabia has wounded 11 civilians, a military official said.",RTE,Unknown,News,2026-08-10T07:45:06.051012Z
88ca4efec47d0071e67de9657abc54be,Yemen’s Houthis launch major attacks on Saudi-backed forces (VIDEOS),https://www.rt.com/news/643959-houthis-attack-pro-saudi-troops/,RT,2026-08-07T02:49:01Z,Red Sea shipping,"Yemen’s Houthi rebels have launched coordinated drone and missile attacks on Saudi-backed forces, threatening to reignite the country’s civil war",RT,Unknown,News,2026-08-10T07:45:06.051056Z
8962c49c126fa657ae30e31ad6657c47,"Houthi strikes in Yemen kill dozens, Saudi Arabia warns of further attacks",https://cryptobriefing.com/houthi-strikes-in-yemen-kill-dozens-saudi-arabia-warns-of-further-attacks/,Estefano Gomez,2026-08-07T02:35:47Z,Red Sea shipping,"The recent escalation in Yemen could destabilize the region further, impacting markets and increasing the risk of broader Middle Eastern conflict.
The post Houthi strikes in Yemen kill dozens, Saudi Arabia warns of further attacks appeared first on Crypto Bri…",Crypto Briefing,Unknown,Market Report,2026-08-10T07:45:06.051109Z
efa525772217e995b275546651ba61da,"On road funding, something’s gotta give",https://www.ncspin.com/on-road-funding-somethings-gotta-give,by John Hood,2026-08-07T01:49:00Z,Red Sea shipping,"As vehicles grow increasingly fuel-efficient or electrified, states collect fewer fuel-tax dollars per mile traveled. As motorists hold onto their vehicles for more years, states collect fewer taxes on auto sales.",Ncspin.com,Unknown,News,2026-08-10T07:45:06.051239Z
fdc76d60c3444efa76e2b06ee87cd594,Oil extends gains as Iran strikes targets in Strait of Hormuz,https://www.straitstimes.com/business/oil-extends-gains-as-iran-strikes-targets-in-strait-of-hormuz,,2026-08-07T00:20:00Z,Red Sea shipping,"Brent crude surged 1.4 per cent to US$83.62 a barrel as at 8.24am, after jumping 4.9 per cent in the previous session. Read more at straitstimes.com. Read more at straitstimes.com.",The Straits Times,Unknown,News,2026-08-10T07:45:06.051277Z
c68edc802cb4310604f9158bebc8c0ce,Oil Extends Gains as Iran Strikes Targets in Strait of Hormuz,https://financialpost.com/pmn/business-pmn/oil-extends-gains-as-iran-strikes-targets-in-strait-of-hormuz,Bloomberg News,2026-08-06T23:12:16Z,Red Sea shipping,"Oil extended gains on reports that Iran attacked “hostile targets” in the Strait of Hormuz, with Tehran seeking to bar US ships from the critical waterway in a deal with Oman.",Financial Post,Unknown,Market Report,2026-08-10T07:45:06.051317Z
207c44603dd2a18fe42dd7a4fc192909,11 civilians injured in Houthi strike in Saudi Arabia amid rising regional tensions,https://www.israelnationalnews.com/news/431357,Israel National News,2026-08-06T22:25:16Z,Red Sea shipping,"Houthi attack in city of Najran injures 11 civilians, amid intelligence reports of coordinated threat plans involving the IRGC and Iraqi militias against Saudi Arabia.",Israelnationalnews.com,Unknown,Market Report,2026-08-10T07:45:06.051355Z
ee1ea080fc4a4b1af9a5308b0a501e4d,Saudi Arabian oil shipments to US drop to zero in July for first time since 1985,https://cryptobriefing.com/saudi-oil-shipments-us-zero-july/,Editorial Team,2026-08-06T18:16:17Z,Red Sea shipping,"The halt in Saudi oil shipments to the US highlights shifting geopolitical dynamics and potential vulnerabilities in global energy supply chains.
The post Saudi Arabian oil shipments to US drop to zero in July for first time since 1985 appeared first on Crypt…",Crypto Briefing,Global,News,2026-08-10T07:45:06.051435Z
9da3fc95b75e24e025468a47a8030138,Aramco Deepens Asia Oil Discount Ahead of Possible Hormuz Deal,https://oilprice.com/Latest-Energy-News/World-News/Aramco-Deepens-Asia-Oil-Discount-Ahead-of-Possible-Hormuz-Deal.html,Julianne Geiger,2026-08-06T16:30:00Z,Red Sea shipping,Saudi Arabia cut the price of its flagship crude for Asian buyers again as hopes of a deal to move more tankers through the Strait of Hormuz pushed oil prices lower. Saudi Aramco will reduce the September official selling price for Arab Light by 50 cents per …,OilPrice.com,Unknown,Market Report,2026-08-10T07:45:06.051507Z
89791f297708d1e54ff1023afd36c952,"Gainwell Marks 30 Years as a Custom Hotel Furniture Manufacturer, Expanding China + Vietnam Production for Global Hospitality Projects",https://www.globenewswire.com/news-release/2026/08/06/3340492/0/en/Gainwell-Marks-30-Years-as-a-Custom-Hotel-Furniture-Manufacturer-Expanding-China-Vietnam-Production-for-Global-Hospitality-Projects.html,"Zhongshan Gainwell Furniture Company.,Ltd.",2026-08-06T15:00:00Z,Red Sea shipping,"Gainwell marks 30 years as a custom hotel furniture manufacturer, expanding dual-base China and Vietnam production for global hospitality FF&E projects....",GlobeNewswire,China,News,2026-08-10T07:45:06.051524Z
08b9b2c030f94ad7313ac49b2fc91e1c,Red Sea Becomes New Hormuz With Saudi-Houthi Tensions as Saudi Arabia Entering Iranian War,https://www.globalresearch.ca/red-sea-becomes-new-hormuz-saudi-houthi-tensions-saudi-arabia-entering-iranian-war/5935965,Uriel Araujo,2026-08-06T14:48:37Z,Red Sea shipping,"Rising tensions between Saudi Arabia and the Houthis illustrate how the Middle East continues to be shaped by the legacy of the Iraq War and by Washington enabling the Israeli campaign in Gaza. 
Meanwhile, the global economy faces blockades in …
The post Red …",Globalresearch.ca,Global,News,2026-08-10T07:45:06.051577Z
cbc82b256580ac329f33098a6f32c6d3,Saudis Cut Key Oil Price Again,https://www.rigzone.com/news/wire/saudis_cut_key_oil_price_again-06-aug-2026-184313-article/,"Y.Chin, S.Cheong, R.Wei Neo,A.Di Paola",2026-08-06T14:17:39Z,Red Sea shipping,Saudi Arabia cut its main crude oil price as some Persian Gulf producers continue to send barrels through the Strait of Hormuz.,Rigzone,Unknown,News,2026-08-10T07:45:06.051609Z
5c671fd29451512f305072d74d2b016b,"Brent crude tops $80 per barrel as Hormuz talks, tanker attacks keep supply risks high",https://economictimes.indiatimes.com/markets/us-stocks/wall-street-guide/brent-crude-tops-80-per-barrel-as-hormuz-talks-tanker-attacks-keep-supply-risks-high/articleshow/133007593.cms,ETMarkets.com,2026-08-06T13:43:28Z,Red Sea shipping,"Oil prices climbed as investors tracked Iran-Oman shipping talks and fresh attacks on Saudi oil tankers, raising supply concerns. Brent topped $80 a barrel while traders remained cautious over Strait of Hormuz developments and persistent geopolitical risks af…",The Times of India,Unknown,Market Report,2026-08-10T07:45:06.051656Z
92f12af12e738f3f94bb289efe534e0b,The Med is too hot for swimmers! Tourists say they can't cool down as water temperatures hit exceptionally high levels,https://www.dailymail.com/news/article-16033493/The-Med-hot-swimmers-Tourists-say-cool-water-temperatures-hit-exceptionally-high-levels.html,Perkin Amalaraj,2026-08-06T12:45:58Z,Red Sea shipping,Holidaymakers have said that the Mediterranean Sea is so hot they can't even go for a dip to cool off.,Dailymail.com,Unknown,News,2026-08-10T07:45:06.051741Z
c9d7a782da2fef38b53600703495e0f5,Why is Pakistan PM Shehbaz Sharif visiting Saudi Arabia amid Gulf tensions?,https://www.aljazeera.com/news/2026/8/6/why-is-pakistan-pm-shehbaz-sharif-visiting-saudi-arabia-amid-gulf-tensions,Abid Hussain,2026-08-06T12:27:17Z,Red Sea shipping,Islamabad seeks economic backing while balancing new defence commitments and a volatile regional security landscape.,Al Jazeera English,Unknown,News,2026-08-10T07:45:06.051774Z
862f5991b8d9a76e8cc635655a6f1eca,"Maritime Coalition Reflects Global Commitment to Maritime Security and Navigation Freedom, Defense Ministry Spokesperson Says",https://www.globalsecurity.org/military/library/news/2026/08/mil-260806-spa01.htm,John Pike,2026-08-06T12:00:00Z,Red Sea shipping,Spokesperson of the Ministry of Defense Major General Turki Al-Malki affirmed that the announcement of the Multinational Maritime Defense Coalition reflects a shared international understanding of the scale of threats facing maritime security and freedom of n…,Globalsecurity.org,Global,News,2026-08-10T07:45:06.051829Z
4e97bb9192563fa504ce14c295c77d50,"Multinational Maritime Defense Coalition Aims to Protect Global Shipping and Security, Commander Says",https://www.globalsecurity.org/military/library/news/2026/08/mil-260806-spa02.htm,John Pike,2026-08-06T12:00:00Z,Red Sea shipping,"Commander of the Multinational Maritime Defense Coalition Rear Admiral Abdullah bin Salem Alshehri stated: ""Under the directives of the leadership, the Kingdom of Saudi Arabia is leading an international initiative to establish the Multinational Maritime Defe…",Globalsecurity.org,Global,News,2026-08-10T07:45:06.051880Z
8b0140a2029b12bae5faa8527aa381da,Hormuz reopening depends on US despite Oman deal- Iran,https://punchng.com/hormuz-reopening-depends-on-us-despite-oman-deal-iran/,Punch Newspapers,2026-08-06T11:35:12Z,Red Sea shipping,"Iran and Oman agree on a route for the Strait of Hormuz, but Tehran insists the waterway’s full reopening depends on the US ending its naval blockade.

Read More: https://punchng.com/hormuz-reopening-depends-on-us-despite-oman-deal-iran/",The Punch,Unknown,News,2026-08-10T07:45:06.051928Z
95d262c935f06615c65db73716b1d7db,Hormuz reopening depends on US – Iran,https://www.vanguardngr.com/2026/08/hormuz-reopening-depends-on-us-iran/,Akinbayo Wahab,2026-08-06T11:33:42Z,Red Sea shipping,"US President Donald Trump has repeatedly insisted Tehran is keen for a deal to reopen Hormuz, but Iran has denied this and said it will instead make arrangements with its neighbour across the strait, Oman.
The post Hormuz reopening depends on US – Iran appear…",Vanguard,Unknown,News,2026-08-10T07:45:06.051978Z
4c2adc7a67134577dde3a90d8727f19f,Oil steady as investors cautious over Iran-Oman talks,https://www.rte.ie/news/business/2026/0806/1586759-world-oil-prices/,RTÉ News,2026-08-06T11:05:56Z,Red Sea shipping,"Oil prices were steady today amid market caution over whether talks between Iran and Oman will restore flows through the Strait of Hormuz, while reports of attacks on Saudi tankers in the Red Sea and Gulf of Aden renewed supply tensions.",RTE,Unknown,Market Report,2026-08-10T07:45:06.052014Z
fca81486a91ad7067b66b0b42e0e8292,Gulf shipping traffic down after Houthis say they attacked Saudi tanker - Reuters,https://slashdot.org/firehose.pl?op=view&amp;id=184878336,feedfeeder,2026-08-06T10:52:45Z,Red Sea shipping,"Gulf shipping traffic down after Houthis say they attacked Saudi tankerReuters August 5, 2026 — Houthis claim to attack Saudi oil tanker, Trump says Hormuz reopening ‘soon’CNN Another Hormuz? What to know about the Houthi threat to the Red SeaNBC News Houthis…",Slashdot.org,Unknown,News,2026-08-10T07:45:06.052076Z
78480e0ae32843675886cec076b1f9fc,"As Iran war drags on, Americans are bracing for more chaos in Middle East, Reuters poll finds",https://economictimes.indiatimes.com/news/international/world-news/as-iran-war-drags-on-americans-are-bracing-for-more-chaos-in-middle-east-reuters-poll-finds/articleshow/132997829.cms,Reuters,2026-08-06T10:30:00Z,Red Sea shipping,"According to recent surveys, many Americans fear that the ongoing U.S. war with Iran could destabilize the Middle Eastern region. Disruptions in oil supplies are expected to push gasoline prices upward. Public sentiment reflects frustration with how the confl…",The Times of India,USA,Market Report,2026-08-10T07:45:06.052105Z
ff490b1570d4ac4ee270ade6234cb0d7,"Gen Keane questions whether Pakistan, Saudi Arabia and Qatar can be trusted in Iran talks",https://www.foxnews.com/world/gen-keane-questions-whether-pakistan-saudi-arabia-qatar-trusted-iran-talks,,2026-08-06T10:00:38Z,Red Sea shipping,"Retired Gen. Jack Keane accuses Pakistan, Qatar and Saudi Arabia of being compromised mediators who steer Trump away from military pressure on Iran.",Fox News,Unknown,News,2026-08-10T07:45:06.052143Z
a874070adea6a538a8de34bf7af46a76,"Possible Strait of Hormuz deal, Israeli soldiers killed in Lebanon and other news in the Mideast",https://www.clickondetroit.com/news/world/2026/08/06/possible-strait-of-hormuz-deal-israeli-soldiers-killed-in-lebanon-and-other-news-in-the-mideast/,Associated Press,2026-08-06T08:41:34Z,Red Sea shipping,"Possible Strait of Hormuz deal, Israeli soldiers killed in Lebanon and other news in the Mideastclickondetroit.com",WDIV ClickOnDetroit,Unknown,News,2026-08-10T07:45:06.052231Z
69ee109555d662c0fd12f4e58a48b825,Saudis Cut Main Oil Price to Asia Amid Talk of Hormuz Deal,https://financialpost.com/pmn/business-pmn/saudis-cut-main-oil-price-to-asia-amid-talk-of-hormuz-deal,Bloomberg News,2026-08-06T08:05:45Z,Red Sea shipping,"Saudi Arabia cut its main crude oil price for Asia amid talks on a deal to ease shipping through the Strait of Hormuz, even as threats by Iran-backed Houthi militants imperil an alternative route for eastbound flows through the Red Sea.",Financial Post,Unknown,News,2026-08-10T07:45:06.052272Z
62ffe24dde3afdf08b6bd749be1001cb,"Iran issues demands for reopening of Hormuz, including compensation for war damages",https://www.thejournal.ie/iran-issues-demands-for-reopening-of-hormuz-7125509-Aug2026/,AFP,2026-08-09T07:35:26Z,Strait of Hormuz,"Continued attacks in the strait, which was free to transit before the war, led to the collapse of an April ceasefire.",TheJournal.ie,Unknown,News,2026-08-10T07:45:06.442619Z
ecda705a6480f0903efc03ad15ad7730,Iran sets tough conditions for reopening Hormuz,https://peoplesreview.com.np/2026/08/09/iran-sets-tough-conditions-for-reopening-hormuz/,team1,2026-08-09T07:20:00Z,Strait of Hormuz,"Tehran, Aug. 9: Iran’s Islamic Revolutionary Guard Corps has set tough conditions for reopening the strategically vital Strait of Hormuz, demanding that the United States end its naval blockade and compensate Iran for damage caused by the war. Mohammad Bagher…",Peoplesreview.com.np,USA,News,2026-08-10T07:45:06.442911Z
dd7a3b433b579ef371fea211dac1502b,"Wildfire forces 20,000 people to flee as British Columbia declares state of emergency",https://www.irishtimes.com/world/canada/2026/08/09/wildfire-forces-20000-people-to-flee-as-british-columbia-declares-state-of-emergency/,,2026-08-09T07:06:04Z,Strait of Hormuz,"Fast-moving fire displaces people in western Canada, burning homes as it races through towns on Okanagan Lake",The Irish Times,UK,News,2026-08-10T07:45:06.442947Z
d27d3f0b46b857be89fd68b82f8b5f3a,Iran drives a hard bargain over Hormuz: The conditions it sets for the US to “unlock” the Strait,https://en.protothema.gr/2026/08/09/iran-drives-a-hard-bargain-over-hormuz-the-conditions-it-sets-for-the-us-to-unlock-the-strait/,Newsroom,2026-08-09T07:00:14Z,Strait of Hormuz,"Tehran dismisses hopes for the reopening of the strategically vital maritime passage that has become a focal point of the war in the Middle East
The post Iran drives a hard bargain over Hormuz: The conditions it sets for the US to “unlock” the Strait appeared…",Protothema.gr,Unknown,News,2026-08-10T07:45:06.443041Z
d621e98e95f4edd838e38a379a295660,Iran’s Top Negotiator Ghalibaf Tells Trump: “Enough With Theater Diplomacy”,https://www.naturalnews.com/2026-08-09-irans-ghalibaf-tells-trump-enough-theater-diplomacy.html,Garrison Vance,2026-08-09T06:00:00Z,Strait of Hormuz,"Iran’s top negotiator, Mohammad Bagher Ghalibaf, said in an Aug. 6 post on X that U.S. President Donald Trump should stop what he called “theater diplomacy,” according to a report on the exchange [1]. The post followed Trump’s announcement that he had called …",Naturalnews.com,Unknown,Market Report,2026-08-10T07:45:06.443103Z
5aef5a37ea133414c083119a1f81d5ff,Trump Says He Prefers Iran Deal Over Military Action as Weapon Shortage Reports Surface,https://www.naturalnews.com/2026-08-09-trump-prefers-iran-deal-over-military-action.html,Garrison Vance,2026-08-09T06:00:00Z,Strait of Hormuz,"U.S. President Donald Trump said Wednesday evening, Aug. 5, in Las Vegas that Washington and Tehran are engaged in negotiations and that he would prefer a diplomatic agreement over further military action. Speaking at an event, Trump stated that the U.S. had …",Naturalnews.com,Unknown,Market Report,2026-08-10T07:45:06.443160Z
10659069e16f6ead596bf48df3419b68,Iran issues long list of steep demands the U.S. must satisfy before the Strait of Hormuz will be reopened - Fortune,https://slashdot.org/firehose.pl?op=view&amp;id=184903314,feedfeeder,2026-08-09T05:52:19Z,Strait of Hormuz,"Iran issues long list of steep demands the U.S. must satisfy before the Strait of Hormuz will be reopenedFortune UAE says Iran attacked ADNOC vessel with missile in Strait of HormuzReuters Hormuz Opening Uncertain After New Strike, as Trump Administration Say…",Slashdot.org,Unknown,News,2026-08-10T07:45:06.443215Z
486c597120c179a8710de328d0374a95,Iran sets conditions for reopening Strait of Hormuz,https://punchng.com/iran-sets-conditions-for-reopening-strait-of-hormuz/,Punch Newspapers,2026-08-09T05:51:14Z,Strait of Hormuz,"Iran demands compensation and an end to aggression as preconditions for reopening the Strait of Hormuz, a vital global shipping lane. Learn more about the

Read More: https://punchng.com/iran-sets-conditions-for-reopening-strait-of-hormuz/",The Punch,Global,News,2026-08-10T07:45:06.443259Z
cd3600271de513b46bbb0b20f6ae4e4e,Military families are outraged by conditions on USS Lincoln,https://www.ms.now/news/conditions-safety-uss-lincoln-iran-war,lincze,2026-08-09T05:47:01Z,Strait of Hormuz,"The aircraft carrier's long deployment in the Iran war is raising concerns that the sailors and Marines on board are facing poor conditions, low supplies and fatigue.",MS Now,Unknown,News,2026-08-10T07:45:06.443297Z
e33d3eb3d1ffff1d6f1ce53ae5b4da4e,Iran issues new demands as Pezeshkian seeks deal,https://www.aljazeera.com/news/2026/8/9/iran-issues-new-demands-as-pezeshkian-seeks-deal,Al Jazeera Staff,2026-08-09T05:06:02Z,Strait of Hormuz,Senior Iranian security official sets broader conditions for reopening Hormuz.,Al Jazeera English,Unknown,News,2026-08-10T07:45:06.443327Z
bab1307b7f67fc81ab8ba41dfd99b859,Hyundai Motor India expects exports volume to recover from Q2: MD & CEO Tarun Garg,https://www.thehindubusinessline.com/companies/hyundai-motor-india-expects-exports-volume-to-recover-from-q2-md-ceo-tarun-garg/article71324073.ece,PTI,2026-08-09T05:01:30Z,Strait of Hormuz,"The company's exports were down 19.6% at 38,708 units in Q1 FY27 as compared to 48,140 units in the corresponding period last fiscal",BusinessLine,India,News,2026-08-10T07:45:06.443346Z
506da1b69c49236baa0de5c4ceed99cf,Hyundai Motor India expects exports volume to recover from Q2: MD & CEO Tarun Garg,https://economictimes.indiatimes.com/industry/auto/auto-news/hyundai-motor-india-expects-exports-volume-to-recover-from-q2-md-ceo-tarun-garg/articleshow/133062410.cms,PTI,2026-08-09T04:53:56Z,Strait of Hormuz,Hyundai Motor India anticipates a strong export recovery starting from the second quarter.  This optimism stems from continued robust demand and a healthy order backlog.  The company experienced a decline in first-quarter exports due to regional conflicts and…,The Times of India,India,News,2026-08-10T07:45:06.443375Z
b76ddc837c39ed93dbba0715166cccde,Iran issues demands for reopening of Strait of Hormuz,https://www.rte.ie/news/middle-east/2026/0809/1587118-iran-us/,RTÉ News,2026-08-09T04:42:44Z,Strait of Hormuz,"Iran set preconditions for a reopening of the Strait of Hormuz, including compensation for war damages, complicating a potential deal to open the waterway essential to the world economy.",RTE,Unknown,News,2026-08-10T07:45:06.443413Z
2f2caca8356e682ac7dcbb5e876aeeff,Iran issues demands for reopening of Strait of Hormuz,https://www.rte.ie/news/middle-east/2026/0809/1587118-iran-issues-demands-for-reopening-of-strait-of-hormuz/,RTÉ News,2026-08-09T04:42:44Z,Strait of Hormuz,"Iran set preconditions for a reopening of the Strait of Hormuz, including compensation for war damages, complicating a potential deal to open the waterway essential to the world economy.",RTE,Unknown,News,2026-08-10T07:45:06.443438Z
6d5c2f6098eb641a07cb2c18b824dc90,Iran issues demands for reopening of Hormuz,https://www.channelnewsasia.com/world/iran-issue-demands-strait-hormuz-6308141,,2026-08-09T04:24:25Z,Strait of Hormuz,"Iranian Foreign Minister Abbas Araghchi said discussions over transit and management of the strait were ""approaching the final stages"", but added the reopening of Hormuz ""is subject to other conditions and compensation for the violation"" of the June agreement.",CNA,Unknown,News,2026-08-10T07:45:06.443519Z
55df86b96dfd2c3e0ca5e7e8a27905cd,Iran seeks way out of ‘neither war nor peace’ stalemate with US,https://www.aljazeera.com/video/newsfeed/2026/8/9/08-08-clip-pezeshkian-iran-ir,,2026-08-09T04:12:39Z,Strait of Hormuz,Iran President Pezeshkian said he hopes talks with Oman can end the “neither war nor peace” state of relations with US.,Al Jazeera English,Unknown,News,2026-08-10T07:45:06.443594Z
23a4a72580a23a63c340d56870a7e996,Iran says Hormuz won’t reopen until US ‘corrects’ its behavior,https://economictimes.indiatimes.com/news/defence/iran-says-hormuz-wont-reopen-until-us-corrects-its-behavior-uae-ship-targeted-and-other-middle-east-news/articleshow/133062017.cms,AP,2026-08-09T03:59:39Z,Strait of Hormuz,Iran issued new demands for the Strait of Hormuz reopening and the UAE reported an Iranian missile attack. Yemen's military launched attacks against Iran-backed Houthi rebels in response to recent strikes. Turkey's parliament approved a draft law advancing pe…,The Times of India,Turkey,Market Report,2026-08-10T07:45:06.443634Z
fc51f63d966b0b025e237ccad43ac4b4,"Amid Strait of Hormuz talks, Iran publishes list of demands for US - The Hill",https://slashdot.org/firehose.pl?op=view&amp;id=184902842,feedfeeder,2026-08-09T03:32:22Z,Strait of Hormuz,"Amid Strait of Hormuz talks, Iran publishes list of demands for USThe Hill Iran Issues List of Demands, Dampening Hopes of Reopening Strait of HormuzThe New York Times Iran War Updates: Iran says strait won't open until the U.S. ""corrects"" behaviorCBS News Ir…",Slashdot.org,Unknown,News,2026-08-10T07:45:06.443742Z
dec9071ec85df895e9b54195af48a8a7,China’s monthly inflation cools to 0.5% as Iran war impact eases,https://cryptobriefing.com/china-inflation-cools-iran-war-impact/,Editorial Team,2026-08-09T03:20:50Z,Strait of Hormuz,"China's cooling inflation allows for continued monetary easing, but persistent weak demand and low consumer spending pose economic challenges.
The post China’s monthly inflation cools to 0.5% as Iran war impact eases appeared first on Crypto Briefing.",Crypto Briefing,China,Market Report,2026-08-10T07:45:06.443762Z
525dc913acece9abac909e609035b77b,"China July factory-gate inflation eases to 3-month low, CPI slows",https://finance.yahoo.com/economy/articles/chinas-producer-inflation-eases-july-014340878.html,By Kevin Yao and Yukun Zhang,2026-08-09T02:58:43Z,Strait of Hormuz,"By Kevin Yao and Yukun Zhang BEIJING, Aug 9 (Reuters) - China's producer price inflation eased more than expected in July to its weakest in three months, whi...",Yahoo Entertainment,China,News,2026-08-10T07:45:06.443777Z
309fbaca59d70e47f360384a2b7be852,Iran Sets Conditions to Reopen Strait of Hormuz as U.S. Talks Continue,https://biztoc.com/x/3b9102e21d84a2f7,benzinga.com,2026-08-09T02:57:41Z,Strait of Hormuz,"Iran’s Supreme National Security Council secretary, Mohammad Bagher Zolghadr, outlined Tehran’s conditions on Saturday for reopening the Strait of Hormuz.
Iran’s Terms
The demands come as Iran and Oman continue mediating talks.
Earlier on Saturday, in an inte…",Biztoc.com,Unknown,News,2026-08-10T07:45:06.443831Z
877386c277d238972221142ca30b0160,Saudi Arabia says fire broke out at oil facility near Yemen border,https://www.haaretz.com/israel-news/israel-security/2026-08-09/ty-article-live/saudi-arabia-says-fire-broke-out-at-oil-facility-near-yemen-border/0000019f-e456-d310-a3df-e457d59b0000,Haaretz,2026-08-09T02:48:00Z,Strait of Hormuz,Live updates | Mossad officials say new spy chief Gofman's dismissals meant to serve Netanyahu. Saudi Arabia says fire broke out at oil facility near Yemen border. Turkish foreign minister says Egypt may join defense pact once technical matters sorted out,Haaretz,Turkey,News,2026-08-10T07:45:06.443863Z
637191117316cdad28f9fb0e2c4c6427,Indonesians sound alarm over historic currency low,https://www.abc.net.au/news/2026-08-09/currency-rate-against-usd-in-indonesia-hits-record-lows/107008770,Tim Swanston,2026-08-09T02:40:34Z,Strait of Hormuz,"Indonesia's rupiah has fallen to historic lows against the US dollar, causing damage ""in most of the economy"", analysts say.",ABC News (AU),Indonesia,News,2026-08-10T07:45:06.443930Z
eba2dd68bf25e009e54bfefe412926b9,Iran outlines strict conditions to restore Strait of Hormuz shipping lanes,https://www.israelnationalnews.com/news/431418,Israel National News,2026-08-09T02:32:49Z,Strait of Hormuz,"Iran outlines strict demands - including an end to the US blockade, sanctions relief, and war reparations - as conditions to reopen the Strait of Hormuz.",Israelnationalnews.com,Unknown,News,2026-08-10T07:45:06.443968Z
3d99b992d4b49c0ab5f2812a41c94623,China’s Inflation Cools as Oil Shock of Iran War Starts to Ease,https://financialpost.com/pmn/business-pmn/chinas-inflation-cools-as-oil-shock-of-iran-war-starts-to-ease,Bloomberg News,2026-08-09T02:17:21Z,Strait of Hormuz,"China’s factory-gate inflation eased for the first time since the Iran war broke out in late February while consumer prices also decelerated, in another sign that cost pressures from the oil shock are starting to fade.",Financial Post,China,Market Report,2026-08-10T07:45:06.444037Z
b5ade7fcda53a7740b531633b649c61e,Iran issues tough demands to reopen strait of Hormuz as deal still out of reach - The Guardian,https://slashdot.org/firehose.pl?op=view&amp;id=184902506,feedfeeder,2026-08-09T02:12:51Z,Strait of Hormuz,"Iran issues tough demands to reopen strait of Hormuz as deal still out of reachThe Guardian Iran Issues List of Demands, Dampening Hopes of Reopening Strait of HormuzThe New York Times Iran's leaders think they have Trump cornered, but their strategy carries …",Slashdot.org,Unknown,News,2026-08-10T07:45:06.444101Z
09b8c893d6328ea84d1db4034e9c991a,Iran Security Chief: Hormuz Closed ‘Until America Corrects Its Behavior’ — Vance Says U.S. Still ‘Middle of the Game’,https://www.breitbart.com/the-media/2026/08/08/iran-security-chief-hormuz-closed-until-america-corrects-its-behavior-vance-says-u-s-still-middle-of-the-game/,Joshua Klein,2026-08-09T01:48:04Z,Strait of Hormuz,"Iran’s top national security official warned Saturday that the Strait of Hormuz will remain closed until the United States “corrects its behavior,” issuing a sweeping list of demands as Vice President JD Vance said Washington remains in the “middle of the gam…",Breitbart News,USA,News,2026-08-10T07:45:06.444133Z
cb52fd6cc6499022150ffa4ff939ec1d,"US redirects 53 vessels under Iran blockade, CENTCOM says",https://economictimes.indiatimes.com/news/international/world-news/us-redirects-53-vessels-under-iran-blockade-centcom-says/articleshow/133061323.cms,ANI,2026-08-09T01:32:16Z,Strait of Hormuz,US CENTCOM redirected fifty-three commercial vessels and boarded two ships. Over thirty ships were permitted passage for humanitarian aid purposes. Sailors maintain F/A-18E Super Hornets aboard USS Abraham Lincoln for readiness. US Vice President JD Vance dis…,The Times of India,Unknown,News,2026-08-10T07:45:06.444181Z
0b303d1b962279b1547988f823840309,Dozens of Nigerians freed after six months in jihadi captivity,https://timesofindia.indiatimes.com/world/rest-of-world/dozens-of-nigerians-freed-after-six-months-in-jihadi-captivity/articleshow/133061302.cms,AP,2026-08-09T01:28:27Z,Strait of Hormuz,Rest of World News: Some of the 163 kidnapped Nigerians rescued from jihadi captivity have spoken of the suffering and fear they lived in for six months. The freed captiv.,The Times of India,Unknown,News,2026-08-10T07:45:06.444216Z
a20f30b446ae3b5c9d629104e278c378,"With 98.7mm rain, Delhi records wettest August day in 2 years; more showers likely today",https://timesofindia.indiatimes.com/city/delhi/with-98-7mm-rain-delhi-records-wettest-august-day-in-2-years-more-showers-likely-today/articleshow/133061279.cms,TNN,2026-08-09T01:25:14Z,Strait of Hormuz,"In what marked the wettest August day in two years, Delhi recorded a staggering 98.7 mm of rainfall at Safdarjung, nearing its monthly average. Throughout Saturday, various areas experienced heavy to very heavy downpours. The temperature peaked at 32.8 degree…",The Times of India,Unknown,Market Report,2026-08-10T07:45:06.444264Z
cfd286dfb7452a7b8ff23cb47c3313a0,Discipline industry in China charges $4k for 6 mths to ‘fix’ adults in forced detention,https://timesofindia.indiatimes.com/world/china/discipline-industry-in-china-charges-4k-for-6-mths-to-fix-adults-in-forced-detention/articleshow/133061280.cms,IANS,2026-08-09T01:22:11Z,Strait of Hormuz,China News: Several institutions across China became notorious for imposing military-style discipline and physical punishment before public backlash forced the in.,The Times of India,China,News,2026-08-10T07:45:06.444285Z
5d834d7107e8990b4b9a0a24c1e54cfe,Oman reports progress in Hormuz talks as Iran says strait will not reopen immediately,https://english.khabarhub.com/2026/09/562443/,Khabarhub,2026-08-09T01:13:34Z,Strait of Hormuz,"TEHRAN: Oman says discussions with Iran over an arrangement to secure a shipping corridor through the Strait of Hormuz have been constructive, while Tehran has made clear that any agreement would not lead to the immediate reopening of the strategically import…",Khabarhub.com,Unknown,Market Report,2026-08-10T07:45:06.444339Z
e3ce0f6529987ec2731f3fa95696f2a6,Asmongold Twitch suspension: Tectone backs streamer’s ‘shoot whoever’ border comments after explosive backlash,https://timesofindia.indiatimes.com/world/us-streamers/asmongold-twitch-suspension-tectone-backs-streamers-shoot-whoever-border-comments-after-explosive-backlash/articleshow/133061252.cms,Global Sports Desk,2026-08-09T01:11:01Z,Strait of Hormuz,"Streamer John “Tectone” stood up for Zack “Asmongold” after major backlash over Asmongold’s intense comments about border control and migrants. Asmongold’s Twitch channel, Zackrawrr, was suspended on August 7 for violating guidelines. Despite online criticism…",The Times of India,Unknown,Analysis/Opinion,2026-08-10T07:45:06.444384Z
a25ea792cc8e53875e23ce03a7d9ff61,"Iran says Hormuz deal with Oman close, but strait reopening hinges on US concessions",https://economictimes.indiatimes.com/news/international/world-news/iran-says-hormuz-deal-with-oman-close-but-strait-reopening-hinges-on-us-concessions/articleshow/133061203.cms,Reuters,2026-08-09T00:51:52Z,Strait of Hormuz,"Iran and Oman are nearing a deal for a new shipping route through the Strait of Hormuz. This agreement is seen as vital for ending the ongoing war and resuming normal oil traffic. However, Iran insists on further conditions, including U.S. compensation and an…",The Times of India,Unknown,News,2026-08-10T07:45:06.444436Z
c5ab26cca0949de51a7a9bf3be7fe00d,Iran says deal on Strait of Hormuz is close but not enough to open the waterway,https://timesofindia.indiatimes.com/world/middle-east/iran-says-deal-on-strait-of-hormuz-is-close-but-not-enough-to-open-the-waterway/articleshow/133061136.cms,Reuters,2026-08-09T00:34:30Z,Strait of Hormuz,"A significant shipping route agreement is nearing completion between Iran and Oman, which is essential for reviving the strategic Strait of Hormuz. Iran insists on receiving US compensation and an end to hostilities as part of the deal. Meanwhile, the UAE has…",The Times of India,Unknown,News,2026-08-10T07:45:06.444488Z
20d9695e990e938585cabeb0f7e8b9a9,Iran war live: Tehran demands end to US blockade to reopen Strait of Hormuz,https://www.aljazeera.com/news/liveblog/2026/8/9/iran-war-live-tehran-demands-end-to-us-blockade-to-reopen-strait-of-hormuz,"Yashraj Sharma, Zsombor Peter",2026-08-09T00:00:00Z,Strait of Hormuz,IRGC sets conditions to reopen Strait of Hormuz as US seeks commitments to end attacks on ships in the waterway.,Al Jazeera English,Unknown,News,2026-08-10T07:45:06.444593Z
b0596ecbca220004faf8252334fbaf10,Brazen Iran makes EIGHT demands of the US as it dangles opening the Strait of Hormuz in front of Trump... while launching another attack on allied ship in crucial waterway,https://www.dailymail.com/news/article-16039043/iran-eight-demands-US-trump-strait-hormuz.html,Stephen M. Lepore,2026-08-08T23:39:09Z,Strait of Hormuz,"The head of Iran's Supreme National Security Council, Mohammad Bagher Zolghadr, has given the list that includes some previously unheard of requests.",Dailymail.com,Unknown,News,2026-08-10T07:45:06.444638Z
a18d2f1d5cf93db394ad4a34b9e41279,Vance says US ‘destroyed’ Iran’s nuclear programme,https://www.aljazeera.com/video/newsfeed/2026/8/8/vance-says-us-destroyed-irans-nuclear-programme,,2026-08-08T23:27:55Z,Strait of Hormuz,US Vice President JD Vance claims Washington has “destroyed” Iran’s nuclear programme and degraded its military.,Al Jazeera English,Unknown,News,2026-08-10T07:45:06.444728Z
8e4c43681a211b0db1136c400c914810,Live updates: Iran demands concessions from US as it nears Strait of Hormuz deal with Oman - CNN,https://slashdot.org/firehose.pl?op=view&amp;id=184901328,feedfeeder,2026-08-08T21:53:06Z,Strait of Hormuz,"Live updates: Iran demands concessions from US as it nears Strait of Hormuz deal with OmanCNN Iran issues tough demands to reopen strait of Hormuz as deal remains out of reachtheguardian.com Iran War Updates: Iran says strait won't open until the U.S. ""correc…",Slashdot.org,Unknown,News,2026-08-10T07:45:06.444893Z
69c187598efbe970fe193c7fe8e1b520,"Iran issues long list of steep demands the U.S. must satisfy before the Strait of Hormuz will be reopened, including total compensation for war damage",https://biztoc.com/x/c2c79c913f8211d7,fortune.com,2026-08-08T21:40:24Z,Strait of Hormuz,"Iran issued dramatic new demands around the reopening of the Strait of Hormuz, and the United Arab Emirates said one of its ships was targeted by an Iranian missile. Yemen’s military attacked the country’s Iranian-backed Houthi rebels. And Turkey’s Kurdish pe…",Biztoc.com,Turkey,Market Report,2026-08-10T07:45:06.444948Z
c48b9648e932f20a19eb919939ab64a6,Iran issues tough demands to reopen strait of Hormuz as deal remains out of reach,https://biztoc.com/x/cd0536852d64d6d5,theguardian.com,2026-08-08T21:40:01Z,Strait of Hormuz,"Tehran urges US to ‘correct its behaviour’ as UAE says one of its ships targeted by Iranian missile
Iran has issued tough new demands for reopening the strait of Hormuz, while the United Arab Emirates said one of its ships was targeted by an Iranian missile, …",Biztoc.com,Unknown,Market Report,2026-08-10T07:45:06.444995Z
17c47cc50945563d0c3e71e74e10fb98,Tanker sailors still face danger in the Strait of Hormuz,https://www.npr.org/2026/08/08/nx-s1-5923592/tanker-sailors-still-face-danger-in-the-strait-of-hormuz,Rob Schmitz,2026-08-08T21:19:54Z,Strait of Hormuz,"An agreement over the Strait of Hormuz is still far away. Tim Wilkins, who works for a tanker industry group, says the ships stuck around the waterway are in limbo, and transiting is still dangerous.",NPR,Unknown,News,2026-08-10T07:45:06.445031Z
b55865cc99b5df3151e2a9ba0356dfc7,"Iran makes new strait demands, UAE says ship was targeted by Iranian missile",https://biztoc.com/x/9b2640891f1dbfa5,ms.now,2026-08-08T21:10:10Z,Strait of Hormuz,"Iran issued dramatic new demands around the reopening of the Strait of Hormuz, and the United Arab Emirates said one of its ships was targeted by an Iranian missile. Yemen’s military attacked the country’s Iranian-backed Houthi rebels. And Turkey’s Kurdish pe…",Biztoc.com,Turkey,Market Report,2026-08-10T07:45:06.445075Z
f058080db1f5a5f0d99b2581d83d1d94,"WEEKLY RECAP: Hope grows on Hormuz, doubts persist",https://biztoc.com/x/bd05abed8ee1c8b7,breakingthenews.net,2026-08-08T21:09:50Z,Strait of Hormuz,"Optimism heightened over the past week on a possible resolution to the Strait of Hormuz impasse, as Iran and Oman signaled they were close to finalizing a deal on shipping routes through the critical ...",Biztoc.com,Unknown,Market Report,2026-08-10T07:45:06.445110Z
e4d26a041853e8208cf759ce4ab4bb80,Nutrien Q2 Earnings Call Highlights,https://www.marketbeat.com/instant-alerts/nutrien-q2-earnings-call-highlights-2026-08-08/?utm_source=yahoofinance&amp;utm_medium=yahoofinance,MarketBeat,2026-08-08T21:03:54Z,Strait of Hormuz,"Nutrien (NYSE:NTR) reported second-quarter adjusted EBITDA of $2.4 billion and first-half adjusted EBITDA of $3.5 billion, up 6% from a year earlier, as reco...",MarketBeat,Unknown,Market Report,2026-08-10T07:45:06.445158Z
5c54864d9311bde9ef0e6fdcb2f88dcf,Why Southeast Asia's Clean Energy Surge Could Stall Before It Starts,https://oilprice.com/Energy/Energy-General/Why-Southeast-Asias-Clean-Energy-Surge-Could-Stall-Before-It-Starts.html,Haley Zaremba,2026-08-08T21:00:00Z,Strait of Hormuz,"Southeast Asia has been hit harder than anywhere else on Earth by the energy crisis stemming from the War in Iran, leaving many nations scrambling to shore up localized energy supply chains. The newfound volatility in global energy markets has catalyzed the c…",OilPrice.com,Global,Market Report,2026-08-10T07:45:06.445202Z
46765e11d502235405b90dce6108271f,"Iran issues long list of steep demands the U.S. must satisfy before the Strait of Hormuz will be reopened, including total compensation for war damage",https://fortune.com/2026/08/08/iran-demands-strait-of-hormuz-us-conditions-total-compensation-war-damage/,The Associated Press,2026-08-08T20:58:19Z,Strait of Hormuz,"The Supreme National Security Council said the Strait of Hormuz will not open until the United States ""corrects its behavior.""",Fortune,USA,News,2026-08-10T07:45:06.445225Z
3c629f184ce0ad17f0b614e9d4693ce1,Iranian officials are worried the U.S. blockade will cause an economic collapse and admit sanctions relief is desperately needed,https://biztoc.com/x/8c542f4d5398a2f6,fortune.com,2026-08-08T20:54:40Z,Strait of Hormuz,"Sensing it has the upper hand, Iran issued a long list of maximalist demands before it reopens the Strait of Hormuz, even as officials in Tehran grow increasingly concerned about the shattered economy. 
While Iran and Oman have been in talks over how to manag…",Biztoc.com,Unknown,News,2026-08-10T07:45:06.445281Z
c0309ae75c4dd709a2c94a476d427bf8,"Hormuz talks positive, Oman says, as Iran warns deal would not open strait - BBC",https://slashdot.org/firehose.pl?op=view&amp;id=184901010,feedfeeder,2026-08-08T20:53:04Z,Strait of Hormuz,"Hormuz talks positive, Oman says, as Iran warns deal would not open straitBBC Iran Issues List of Demands, Complicating Efforts to Reopen Straitnytimes.com Live updates: Iran demands concessions from US as it nears Strait of Hormuz deal with Omancnn.com Iran …",Slashdot.org,Unknown,News,2026-08-10T07:45:06.445332Z
64f5fe8d11730e758c0e6280c1a79af5,Vance Talks 'Delicate' Iran War 'Dance' Before Saying The Quiet Part Out Loud,https://www.huffpost.com/entry/jd-vance-delicate-dance-iran-war-says-quiet-part-out-loud_n_6a776e92e4b01ec886906a81,HuffPost,2026-08-08T20:40:02Z,Strait of Hormuz,The vice president appeared on Saturday on Fox News to provide an update on the ongoing war in Iran.,HuffPost,Unknown,News,2026-08-10T07:45:06.445363Z
f4046c8e478e93e062906252a65d678d,Airlines Scramble for Jet Fuel as Hormuz Disruption Drags On,https://biztoc.com/x/b7d92aa8247a6a73,finance.yahoo.com,2026-08-08T20:11:19Z,Strait of Hormuz,"The months-long closure of the Strait of Hormuz has led to severe fuel shortages around the globe, as companies battle to continue operations. Airlines have been hit hard as they struggle to obtain enough jet fuel to maintain their regular flight schedules.
T…",Biztoc.com,Unknown,News,2026-08-10T07:45:06.445530Z
9f19cd7f79cc4223f242721e66464530,UAE says Iran targeted tanker as Oman cites progress in Hormuz talks,https://www.channelnewsasia.com/world/uae-says-iran-targeted-tanker-oman-cites-progress-in-hormuz-talks-6307876,,2026-08-08T20:08:14Z,Strait of Hormuz,"DUBAI: The UAE accused Iran on Saturday (Aug 8) of targeting a tanker belonging to its state-owned oil company in the Strait of Hormuz, even as both Iran and Oman suggested talks on administering the vital waterway were progressing.Iran has imposed an effecti…",CNA,Unknown,News,2026-08-10T07:45:06.445581Z
5fd01e07528572fbb449ca633334cf5e,"Hormuz talks positive, Oman says, as Iran warns deal would not open strait",https://biztoc.com/x/550f9c9b7d490ca0,yahoo.com,2026-08-08T19:55:44Z,Strait of Hormuz,"Oman has said positive talks have been taking place with Iran over an agreement to secure a shipping route through the Strait of Hormuz, as Tehran warned that any deal would not see an immediate reopening of the vital waterway.
Both sides suggested on Saturda…",Biztoc.com,Unknown,News,2026-08-10T07:45:06.445661Z
e468ed84264bf7e483dc30e333a12c1d,Iran Insists US Must Meet Stringent List Of Demands Before Hormuz Opens,https://biztoc.com/x/108d9702339d7728,zerohedge.com,2026-08-08T19:54:13Z,Strait of Hormuz,"Iran Insists US Must Meet Stringent List Of Demands Before Hormuz Opens
 
As expected, Iran is pressing hard to extract from Washington everything it can get - at a moment the Trump White House seems to be backing down from a heighted war over the Strait of H…",Biztoc.com,Unknown,News,2026-08-10T07:45:06.445711Z
a679106bf03e9772ec8ec0b2686237f5,Iran makes dramatic new demands around Strait of Hormuz - politico.com,https://slashdot.org/firehose.pl?op=view&amp;id=184900628,feedfeeder,2026-08-08T19:52:37Z,Strait of Hormuz,"Iran makes dramatic new demands around Strait of Hormuzpolitico.com Live updates: Iran demands concessions from US as it nears Strait of Hormuz deal with OmanCNN Hormuz talks positive, Oman says, as Iran warns deal would not open straitBBC Iran Issues List of…",Slashdot.org,Unknown,News,2026-08-10T07:45:06.445760Z
168aa24cae17c31b99d73dc858ef1c68,How The UAE Has Kept Its Oil Flowing Through Hormuz,https://biztoc.com/x/bb5a2c8683235ba9,zerohedge.com,2026-08-08T19:24:09Z,Strait of Hormuz,"How The UAE Has Kept Its Oil Flowing Through Hormuz
 
By Tsvetana Paraskova of OilPrice.com
The United Arab Emirates has managed to boost its oil exports to pre-crisis levels as early as June, as it has kept pushing crude through the Strait of Hormuz and outs…",Biztoc.com,Unknown,Market Report,2026-08-10T07:45:06.445931Z
44c8a5d45578a211d41641598e52b5bd,US military allows nearly 30 humanitarian vessels through Iran blockade as enforcement intensifies,https://cryptobriefing.com/centcom-iran-blockade-humanitarian-vessels/,Editorial Team,2026-08-08T19:19:33Z,Strait of Hormuz,"The US's selective enforcement of the Iran blockade highlights the complex balance between maintaining security and ensuring humanitarian aid, impacting global oil flow and regional stability.
The post US military allows nearly 30 humanitarian vessels through…",Crypto Briefing,Global,News,2026-08-10T07:45:06.445986Z
a0467153f9268cbb6a7fee29913e2da0,Pentagon launches campaign for unmanned boats able to launch drones at sea,https://www.techradar.com/pro/pentagon-launches-campaign-for-unmanned-boats-able-to-launch-drones-at-sea,Efosa Udinmwen,2026-08-08T19:05:00Z,Strait of Hormuz,The Pentagon launchs $100 million competition seeking autonomous vessels capable of deploying drones across contested maritime environments and patrol missions.,TechRadar,Unknown,News,2026-08-10T07:45:06.446057Z
d8ebea055411d11ed5528f654a7d4110,Iran’s top security official threatens Hormuz won’t reopen fully ‘until America corrects its behavior’,https://nypost.com/2026/08/08/world-news/iran-threatens-strait-of-hormuz-wont-reopen-fully-until-america-corrects-its-behavior/,Gabrielle Fahmy,2026-08-08T19:01:48Z,Strait of Hormuz,"Iran's Islamic Revolutionary Guard Corps threw cold water on hopes for a full reopening of the Strait of Hormuz Saturday -- declaring the waterway will not be restored to normal traffic until Washington ""fully accepts Iran's conditions.""",New York Post,USA,News,2026-08-10T07:45:06.446120Z
80891f5dc8938954e7bf0d24d6a82439,"This Is A Great Victory, Sir, The Greatest",https://www.eschatonblog.com/2026/08/this-is-great-victor-sir-greatest.html,noreply@blogger.com (Atrios),2026-08-08T19:00:00Z,Strait of Hormuz,"A most excellent outcome.“However, the reopening of the Strait of Hormuz is contingent on other conditions, including the United States compensating for its violations of the Islamabad Memorandum,” Mr. Araghchi was quoted as saying, referring to the cease-fir…",Eschatonblog.com,USA,News,2026-08-10T07:45:06.446148Z
54d9e87edb178694998fe447e4ed29d0,Iran’s Pickaxe Mountain in Trump’s sights,https://nypost.com/2026/08/08/us-news/irans-pickaxe-mountain-in-trumps-sights/,Geoff Earle,2026-08-08T18:56:45Z,Strait of Hormuz,"President Trump’s best option to stop Iran from rebooting its nuclear weapons is to take out the entrances to Pickaxe Mountain, where Iran’s nuke activities can be seen from above, says a nuclear expert.",New York Post,Unknown,News,2026-08-10T07:45:06.446277Z
460efec703e5c752c4aba56070642646,Iran Complicates Talks With New List of Demands for US,https://www.newser.com/story/394318/iran-complicates-talks-with-new-list-of-demands-for-us.html,Bob Cronin with Newser.AI,2026-08-08T18:35:00Z,Strait of Hormuz,"Iran issued a broad, new set of demands to the US on Saturday for the full reopening of the Strait of Hormuz. Mohammad Bagher Zolghadr, a senior security official, laid out the conditions including an end to the US naval blockade and sanctions, withdrawal of …",Newser,Unknown,News,2026-08-10T07:45:06.446326Z
cb3edfdebf55f6938fd9789683b75b94,Trump’s Iran War Is Going Backward,https://www.motherjones.com/politics/2026/08/trumps-iran-war-is-going-backward/,Alex Nguyen,2026-08-08T18:31:17Z,Strait of Hormuz,"On Saturday, a senior Iranian national security official issued a set of demands that the US must meet before a key waterway for oil shipping can be reopened—a statement that further suggests a lasting ceasefire will not be in the cards anytime soon. Mohammad…",Mother Jones,Unknown,News,2026-08-10T07:45:06.446375Z
5b352b677f65ebc50d6db5edcbd3cace,UAE oil output hits record 4.1M barrels daily post-OPEC exit,https://cryptobriefing.com/uae-oil-output-hits-record-41m-barrels-daily-post-opec-exit/,Estefano Gomez,2026-08-08T18:16:28Z,Strait of Hormuz,"UAE's increased oil output post-OPEC exit may lead to global oversupply, potentially exerting downward pressure on future oil prices.
The post UAE oil output hits record 4.1M barrels daily post-OPEC exit appeared first on Crypto Briefing.",Crypto Briefing,Global,Market Report,2026-08-10T07:45:06.446410Z
65474bb034fea2455a90349af6821ab9,Tehran says US must ‘rectify its behaviour’ before Iran reopens strait - Financial Times,https://slashdot.org/firehose.pl?op=view&amp;id=184900082,feedfeeder,2026-08-08T18:13:53Z,Strait of Hormuz,"Tehran says US must ‘rectify its behaviour’ before Iran reopens straitFinancial Times Iran Issues List of Demands, Complicating Efforts to Reopen StraitThe New York Times Live updates: Iran says Strait of Hormuz deal is close, but reopening is conditional on …",Slashdot.org,Unknown,News,2026-08-10T07:45:06.446504Z
f3379f8d9d763eb6b306772c61be8601,Iran makes new Strait of Hormuz demands as UAE says ship was targeted,https://www.thejournal.ie/strait-of-hormuz-2-7125370-Aug2026/,Press Association,2026-08-08T17:52:20Z,Strait of Hormuz,Attacks in the Strait of Hormuz today have put negotiations on tenterhooks.,TheJournal.ie,Unknown,News,2026-08-10T07:45:06.446534Z
22d597e52c2d1bb7f86e9cbd1836fd7b,Iran: Control of Strait of Hormuz 'Irreversible',https://freerepublic.com/focus/f-bloggers/4391116/posts,NewsMax,2026-08-08T17:38:16Z,Strait of Hormuz,"An Iranian military spokesman said Saturday that Tehran's control over the Strait of Hormuz is ""irreversible,"" warning that the United States must accept the new status quo or face even greater costs. ""The Iranian order prevailing over the Strait of Hormuz is…",Freerepublic.com,USA,News,2026-08-10T07:45:06.446595Z
4df8eb68fe518fa49111da8294b724b2,Iran: Control of Strait of Hormuz 'Irreversible',https://freerepublic.com/focus/f-news/4391116/posts,NewsMax,2026-08-08T17:38:16Z,Strait of Hormuz,"An Iranian military spokesman said Saturday that Tehran's control over the Strait of Hormuz is ""irreversible,"" warning that the United States must accept the new status quo or face even greater costs. ""The Iranian order prevailing over the Strait of Hormuz is…",Freerepublic.com,USA,News,2026-08-10T07:45:06.446613Z
029b3f18c86cde17770decc9224836d2,"Tehran, Muscat, and Washington near deal to reopen Strait of Hormuz",https://cryptobriefing.com/strait-of-hormuz-deal-iran-oman-us/,Editorial Team,2026-08-08T17:14:03Z,Strait of Hormuz,"Reopening the Strait of Hormuz could stabilize global oil markets, but hinges on US-Iran negotiations, impacting geopolitical dynamics.
The post Tehran, Muscat, and Washington near deal to reopen Strait of Hormuz appeared first on Crypto Briefing.",Crypto Briefing,Global,Market Report,2026-08-10T07:45:06.446649Z
397960ab27dfa8097bbe0b7aa244bd35,JD Vance says US and Iran are in the ‘middle of the game’ as strait talks stall,https://nypost.com/2026/08/08/us-news/jd-vance-says-us-and-iran-are-in-the-middle-of-the-game-as-strait-talks-stall/,Geoff Earle,2026-08-08T17:12:31Z,shipping sanctions,"Vice President JD Vance said Saturday the US and Iran are ""in the middle of the game,"" as Iran issued a series of demands of the US to reopen vital shipping in the Strait of Hormuz.",New York Post,Unknown,News,2026-08-10T07:45:06.858650Z
b9bfb4c4ff6f662883955562147d6098,"America hurting its own interest; India well-insulated against US tariffs on Russian oil, expert says",https://economictimes.indiatimes.com/news/economy/foreign-trade/america-hurting-its-own-interest-india-well-insulated-against-us-tariffs-on-russian-oil-expert-says/articleshow/133051948.cms,ANI,2026-08-08T12:01:34Z,shipping sanctions,India's economy shows resilience against US sanctions on Russian crude oil.  Potential tariffs on nations buying Russian oil will minimally impact India's economy.  Shifting away from Russian supplies offers limited financial benefits now.  India has strength…,The Times of India,India,News,2026-08-10T07:45:06.858768Z
cd2206ca07f78c6c0e0bf8c6d75548de,"Iran makes new strait demands, the UAE says a ship was targeted and other Middle East news",https://www.yahoo.com/news/world/articles/yemens-army-attacks-houthis-turkey-104136780.html,The Associated Press,2026-08-08T10:41:36Z,shipping sanctions,Iran issued dramatic new demands for the Strait of Hormuz to reopen as the United Arab Emirates said one of its ships was targeted by an Iranian missile.  Ye...,Yahoo Entertainment,Unknown,Market Report,2026-08-10T07:45:06.858803Z
dd91b9fdd0363ef8ebda3cd406690142,"US sanctions on six entities, one individual linked to Iran's illicit digital asset network following Strait of Hormuz attacks",https://economictimes.indiatimes.com/news/international/world-news/us-sanctions-on-six-entities-one-individual-linked-to-irans-illicit-digital-asset-network-following-strait-of-hormuz-attacks/articleshow/133044838.cms,ANI,2026-08-08T01:12:45Z,shipping sanctions,The United States imposed sanctions on six entities and one individual linked to Iran's digital asset network. These measures followed Iran's recent attacks on commercial vessels in the Strait of Hormuz. The sanctions target digital asset exchanges used by th…,The Times of India,USA,News,2026-08-10T07:45:06.858946Z
b5bdf190680b170c88d0ae0af86cb3b4,US Senate passes sweeping sanctions on Russian energy,https://www.rte.ie/news/ukraine/2026/0807/1587013-us-sanctions-russia/,RTÉ News,2026-08-07T19:42:50Z,shipping sanctions,The US Senate has passed a sweeping sanctions package targeting Russia's energy revenues.,RTE,Russia,News,2026-08-10T07:45:06.859052Z
b7f799b78fd13cb2333b16aeaff051d3,How viable is the potential Iran-Oman Hormuz shipping deal?,https://www.dw.com/en/how-viable-is-the-potential-iran-oman-hormuz-shipping-deal/a-78283434,Amir Soltanzadeh,2026-08-07T15:02:00Z,shipping sanctions,"Iran says a shipping accord with Oman is in its final stages, but analysts warn sanctions, security concerns and rival US-Iran goals could limit its impact.",DW (English),Unknown,News,2026-08-10T07:45:06.859143Z
9de09ec6cab4bbfa13634397d9fa150c,North Korea sends missiles and personnel to Russia for Ukraine conflict,https://cryptobriefing.com/north-korea-missiles-personnel-russia-ukraine/,Editorial Team,2026-08-07T13:05:21Z,shipping sanctions,"North Korea's military support to Russia in Ukraine could shift global power dynamics, affecting diplomatic relations and sanctions enforcement.
The post North Korea sends missiles and personnel to Russia for Ukraine conflict appeared first on Crypto Briefing.",Crypto Briefing,Russia,News,2026-08-10T07:45:06.859218Z
3bb94665758ab9203dd23c791f4b63ae,Treasury Dismantles Iranian Regime's Global Clandestine Currency Networks,https://www.globalsecurity.org/wmd/library/news/iran/2026/08/iran-260807-treasury02.htm,John Pike,2026-08-07T12:00:00Z,shipping sanctions,"Today, the U.S. Department of the Treasury's Office of Foreign Assets Control (OFAC) took action against multiple networks spanning several countries for enabling Iran's rahbar banking system to move hundreds of millions of dollars. Iran is desperate for fore…",Globalsecurity.org,Global,News,2026-08-10T07:45:06.859431Z
eba5c98be939a8b3dc76ae856d644cc9,US and Iran signal nearing deal on Strait of Hormuz shipping access,https://cryptobriefing.com/us-iran-strait-of-hormuz-deal/,Editorial Team,2026-08-07T11:49:23Z,shipping sanctions,"Reopening the Strait of Hormuz could stabilize global energy markets, easing oil supply pressures and potentially lowering elevated prices.
The post US and Iran signal nearing deal on Strait of Hormuz shipping access appeared first on Crypto Briefing.",Crypto Briefing,Global,Market Report,2026-08-10T07:45:06.859470Z
6578b0bb9d300850bf27e2b00e78dd00,Enough with ‘theater diplomacy’ – Iran’s top negotiator to Trump,https://www.rt.com/news/643981-iran-us-trump-ghalibaf/,RT,2026-08-07T10:18:56Z,shipping sanctions,"Iran’s top negotiator, Mohammad Bagher Ghalibaf, has said that US President Donald Trump will gain nothing from “theater diplomacy” Read Full Article at RT.com",RT,Unknown,News,2026-08-10T07:45:06.859707Z
817a3b3febc2f64b4f3c0dbb78013ade,"Current price of oil as of August 7, 2026",https://fortune.com/article/price-of-oil-08-07-2026/,Joseph Hostetler,2026-08-07T09:22:06Z,shipping sanctions,"When oil prices change, it affects your energy costs—and even the price of everyday items. Here’s why.",Fortune,Unknown,Market Report,2026-08-10T07:45:06.859737Z
1c06a99caecb65e71080365eae1c6545,Shipping industry warns proposed Iran-Oman Hormuz deal could prove unworkable,https://www.haaretz.com/middle-east-news/iran/2026-08-07/ty-article/shipping-industry-warns-proposed-iran-oman-hormuz-deal-could-prove-unworkable/0000019f-daf0-d7e2-a39f-fff29dd60000,Reuters,2026-08-07T06:58:49Z,shipping sanctions,Industry sources said U.S. sanctions and insurance restrictions would make it difficult to implement any agreement that allowed Iran to charge or oversee commercial shipping through the strategic waterway,Haaretz,Unknown,News,2026-08-10T07:45:06.859810Z
5b5f9baab212083a4cea19ac1240b58f,"Proposed Hormuz Passage Deal Not Feasible for Shipping Industry, Sources Say",https://www.insurancejournal.com/news/international/2026/08/07/880681.htm,Admin,2026-08-07T06:27:52Z,shipping sanctions,"A proposed deal between Iran and Oman that would give Tehran control over ships entering the Gulf through the Strait of Hormuz is not easily workable due to U.S. sanctions and restrictive insurance clauses on any payments, four industry sources …",Insurance Journal,Unknown,News,2026-08-10T07:45:06.859890Z
e0af19638e1a4e9f81d71a2dfb29a68b,Hormuz risks lift oil prices again,https://www.bolnews.com/business/hormuz-risks-lift-oil-prices-again/,Fakhra Intezar,2026-08-07T06:05:16Z,shipping sanctions,"Global oil markets faced renewed pressure on Friday as fresh concerns over the Strait of Hormuz, a critical energy route, pushed prices higher and revived fears of possible supply disruptions.",BOL News,Global,Market Report,2026-08-10T07:45:06.859920Z
7df8d990cb61e5d71167099397ffc802,Report: International Shipping Firms Deem Iran-Oman Deal for Strait of Hormuz “Unfeasible”,https://www.naturalnews.com/2026-08-07-shipping-firms-iran-oman-hormuz-deal-unfeasible.html,Ramon Tomey,2026-08-07T06:00:00Z,shipping sanctions,"Iran and Oman have agreed on the geographic coordinates for a proposed shipping route through the Strait of Hormuz, according to Iranian Foreign Ministry spokesman Esmaeil Baghaei. Baghaei said the joint statement between the two countries is in the final rev…",Naturalnews.com,Global,Market Report,2026-08-10T07:45:06.860001Z
898f1f375487dca5729f5dea38704c65,Trump's Iran dilemma: He's stuck in war with no exit in sight,https://economictimes.indiatimes.com/news/defence/trumps-iran-dilemma-hes-stuck-in-war-with-no-exit-in-sight/articleshow/133019042.cms,Reuters,2026-08-07T02:12:18Z,shipping sanctions,President Trump faces difficult choices in the ongoing Iran conflict.  He is caught between granting Iran control of the Strait of Hormuz or escalating military actions.  Further airstrikes risk political backlash before the upcoming midterm elections.  Maint…,The Times of India,Unknown,News,2026-08-10T07:45:06.860095Z
0a73cbae69bd6188c7f8e964df7bdd72,"Iran says deal ‘in the final stages’ to open temporary, narrow path through Strait of Hormuz",https://nypost.com/2026/08/06/world-news/iran-says-deal-to-open-temporary-narrow-path-through-strait-of-hormuz-coming-soon/,Caitlin Doornbos,2026-08-06T22:33:45Z,shipping sanctions,"Iranian state media said Thursday that Tehran is ""in the final stages"" of confirming a temporary shipping arrangement with Oman that would create a new shipping lane through the center of the strait — after President Trump this week ordered the waterway fully…",New York Post,Unknown,News,2026-08-10T07:45:06.860290Z
2ed0a8e4f8ab88694386922144902e44,Iran says Hormuz deal ‘nearing completion’,https://www.rt.com/news/643958-iran-oman-hormuz-deal/,RT,2026-08-06T21:02:37Z,shipping sanctions,Iran has said negotiations with Oman on reopening commercial shipping through the Strait of Hormuz have entered the final stage Read Full Article at RT.com,RT,Unknown,News,2026-08-10T07:45:06.860327Z
9e4bf0704d37914ec6cb5c553ff81256,"Analysis: Europe at a crossroads – Wars, wildfires, migration: Why the old continent seems unable to manage successive crises",https://en.protothema.gr/2026/08/06/analysis-europe-at-a-crossroads-wars-wildfires-migration-why-the-old-continent-seems-unable-to-manage-successive-crises/,admin,2026-08-06T18:26:51Z,shipping sanctions,"A series of overlapping crises is exposing a continent with immense economic weight and institutional power, yet only limited ability to shape the events that will define its future—a reality that is unlikely to change anytime soon
The post Analysis: Europe a…",Protothema.gr,Unknown,Analysis/Opinion,2026-08-10T07:45:06.860455Z
b519aa05f734f09f5c5df1d0f1fc041c,Analysis-Trump's Iran dilemma: He's stuck in war with no exit in sight,https://www.yahoo.com/news/politics/articles/analysis-trumps-iran-dilemma-hes-163523912.html,By Matt Spetalnick,2026-08-06T16:35:23Z,shipping sanctions,"By Matt Spetalnick WASHINGTON, Aug 6 (Reuters) - With President Donald Trump’s war against Iran now in its sixth month, this week's flurry of threats and dip...",Yahoo Entertainment,Unknown,Analysis/Opinion,2026-08-10T07:45:06.860534Z
12572cf2a4f0e26796ec8fa1cf411a92,Shipping Industry Sees Major Obstacles to Iran’s Hormuz Control Plan,https://gcaptain.com/shipping-industry-sees-major-obstacles-to-irans-hormuz-control-plan/,Reuters,2026-08-06T15:46:58Z,shipping sanctions,"A proposed deal between Iran and Oman that would give Tehran control over ships entering the Gulf through the Strait of Hormuz is not easily workable due to U.S. sanctions and restrictive insurance clauses on any payments, four industry sources said.",gcaptain.com,Unknown,News,2026-08-10T07:45:06.860584Z
5cf50a0ec99364c4b4f41bbdba14de04,Why Iran is sending mixed signals on talks,https://www.dw.com/en/why-iran-is-sending-mixed-signals-on-talks/a-78265595,Amir Soltanzadeh,2026-08-06T13:56:00Z,shipping sanctions,"Trump says talks with Iran are underway. Tehran says it is discussing the Strait of Hormuz with Oman, not Washington. Analysts say the gap reflects competing political pressures.",DW (English),Unknown,News,2026-08-10T07:45:06.860709Z
fbcc5ab400ed052b21afa5ff7df9ce2e,"Current price of oil as of August 6, 2026",https://fortune.com/article/price-of-oil-08-06-2026/,Joseph Hostetler,2026-08-06T11:00:19Z,shipping sanctions,"When oil prices change, it affects your energy costs—and even the price of everyday items. Here’s why.",Fortune,Unknown,Market Report,2026-08-10T07:45:06.860834Z
5a079e28a865be3d6925546f1b9c271e,"Iran and Oman reach agreement on Strait of Hormuz shipping route, with crypto payments still on the table",https://cryptobriefing.com/iran-oman-strait-hormuz-shipping-crypto/,Editorial Team,2026-08-05T17:43:11Z,shipping sanctions,"The agreement could stabilize global oil markets but may provoke US regulatory scrutiny if crypto payments are perceived as sanctions evasion.
The post Iran and Oman reach agreement on Strait of Hormuz shipping route, with crypto payments still on the table a…",Crypto Briefing,Global,Market Report,2026-08-10T07:45:06.861153Z
791f145554f407841f1c6e0d244f0a64,‘Strategic humiliation’: Trump trapped between escalation and caving to Iran’s demands,https://www.irishtimes.com/world/middle-east/2026/08/05/strategic-humiliation-trump-trapped-between-escalation-and-caving-to-irans-demands/,Abigail Hauslohner,2026-08-05T15:21:19Z,shipping sanctions,US president faces few good options to exit a war he once said would end swiftly with the Islamic republic’s surrender,The Irish Times,Unknown,News,2026-08-10T07:45:06.861242Z
ba5686ff9c506696ebec5606e337bf2c,"Iran and Oman finalize draft agreement to reopen Strait of Hormuz, with crypto toll payments on the table",https://cryptobriefing.com/iran-oman-strait-hormuz-crypto-tolls/,Editorial Team,2026-08-05T15:10:03Z,shipping sanctions,"The agreement could stabilize global oil markets and boost cryptocurrency's role in international trade, pending final ratification.
The post Iran and Oman finalize draft agreement to reopen Strait of Hormuz, with crypto toll payments on the table appeared fi…",Crypto Briefing,Global,Market Report,2026-08-10T07:45:06.861289Z
137d107b486a6e07b8b58ed6d775139b,"Iran, Oman, US ‘close’ to Hormuz deal: What do they all want?",https://www.aljazeera.com/news/2026/8/5/iran-oman-us-close-to-hormuz-deal-what-do-they-all-want,Caolán Magee,2026-08-05T12:07:56Z,shipping sanctions,"An agreement could restore shipping through crucial waterway, paving way for peace talks between Tehran and Washington.",Al Jazeera English,Unknown,News,2026-08-10T07:45:06.861355Z
3e957bda3b3b40f39c856135b8570131,Wednesday: Hili dialogue,https://whyevolutionistrue.com/2026/08/05/wednesday-hili-dialogue-592/,whyevolutionistrue,2026-08-05T11:45:16Z,shipping sanctions,"Welcome to a Hump Day (“منتصف الأسبوع” in Arabic): Wednesday, August 5, 2026, and National Oyster Day. The ones we eat can be of several different species, but oysters cultivated for pearls are not considered “true” oysters (don’t ask me why).  Here’s an oyst…",Whyevolutionistrue.com,Unknown,News,2026-08-10T07:45:06.861401Z
7f223634624cfd2e21024b3c5a2ace96,China unveils broad trade countermeasures ahead of Xi’s US visit,https://cryptobriefing.com/china-unveils-broad-trade-countermeasures-ahead-of-xis-us-visit/,Estefano Gomez,2026-08-09T04:03:19Z,export bans,"China's trade countermeasures may strain U.S.-China relations, potentially affecting diplomatic engagements and economic cooperation.
The post China unveils broad trade countermeasures ahead of Xi’s US visit appeared first on Crypto Briefing.",Crypto Briefing,China,News,2026-08-10T07:45:07.208471Z
de01f21e806f296c9a75d67c478c5da7,"Singapore has grown roughly 28% larger since 1965 by using imported sand for land reclamation, and neighbours including Malaysia, Indonesia, Vietnam and Cambodia restricted or banned exports of it",https://spacedaily.com/m-singapore-has-grown-roughly-28-larger-since-1965-by-using-imported-sand-for-land-reclamation-and-neighbours-including-malaysia-indonesia-vietnam-and-cambodia-restricted-or-banned-exports-of-it/,Mal,2026-08-08T13:00:55Z,export bans,"A tiny nation's territorial ambitions collided with its neighbors' environmental limits, sparking a resource war that reshaped Southeast Asian politics.
The post Singapore has grown roughly 28% larger since 1965 by using imported sand for land reclamation, an…",Space Daily,Singapore,News,2026-08-10T07:45:07.208530Z
3f3c8e55487e6fab3a4f22c7d305746e,China’s new AI bottleneck isn’t chips. It’s running out of Chinese-language training data.,https://thenextweb.com/news/china-chinese-language-ai-training-data-shortage,Alina Maria Stan,2026-08-08T11:38:41Z,export bans,"China’s AI race has a new constraint, and it is not chips. The country is running out of high-quality Chinese-language training data. While US export controls on advanced semiconductors have dominated the debate over China’s AI capabilities, Chinese experts a…",The Next Web,China,News,2026-08-10T07:45:07.208557Z
803901985e33a106f45804aa7979abea,4 Bihar districts among country’s cybercrime hotspots,https://timesofindia.indiatimes.com/city/patna/4-bihar-districts-among-countrys-cybercrime-hotspots/articleshow/133037314.cms,The Times Of India,2026-08-07T15:14:20Z,export bans,"Bihar cybercrime review flags Nawada, Nalanda, Patna and Sheikhpura as hotspots; govt to promote 1930 helpline, speed FIRs, freeze mule accounts, refund victims.",The Times of India,Unknown,Analysis/Opinion,2026-08-10T07:45:07.208690Z
9b24e968e9e97da8c26270f383c859e6,"Mangaluru police crack robbery case in 3 days, arrest 2 and recover stolen gold",https://timesofindia.indiatimes.com/city/mangaluru/mangaluru-police-crack-robbery-case-in-3-days-arrest-2-and-recover-stolen-gold/articleshow/133037307.cms,The Times Of India,2026-08-07T15:13:54Z,export bans,"Two men allegedly forced their way into a 76-year-old woman’s house in Konaje, assaulted her and robbed her of gold jewellery worth Rs 3 lakh; police recovered all the stolen valuables and seized the bike used in the crime.",The Times of India,Unknown,News,2026-08-10T07:45:07.208738Z
6cef22b687a736d8eecedb4da1e0c03b,DA case: EOU raids premises of Saharsa DPO,https://timesofindia.indiatimes.com/city/patna/da-case-eou-raids-premises-of-saharsa-dpo/articleshow/133037202.cms,Kshitiz,2026-08-07T15:08:53Z,export bans,"Bihar EOU raids 4 locations linked to Saharsa DPO Ajeet Amar in DA case; finds Rs 62.2 lakh assets, land papers, SUV, bike, Rs 40 lakh jewellery.",The Times of India,Unknown,News,2026-08-10T07:45:07.208771Z
14d8b4669e7c4ec1adc802e0c116daf5,Britannia signals another 1.5-2% price hike next quarter,https://timesofindia.indiatimes.com/city/bengaluru/britannia-signals-another-1-5-2-price-hike-next-quarter/articleshow/133037140.cms,Supriya Roy,2026-08-07T15:01:44Z,export bans,"Britannia may raise prices 1.5–2% next quarter via smaller Rs 5 and Rs 10 packs as sugar, palm oil and fuel costs rise; volumes up ~9%.",The Times of India,Unknown,Market Report,2026-08-10T07:45:07.208805Z
42be372a75c19b230c36986cb414a4b5,PM’s praise boosts rural recycling drive,https://timesofindia.indiatimes.com/city/patna/pms-praise-boosts-rural-recycling-drive/articleshow/133037104.cms,The Times Of India,2026-08-07T15:00:33Z,export bans,"Bihar plans to scale up Sitamarhi and Siwan plastic-waste management models statewide after PM Modi praise, boosting rural recycling, jobs and circular economy.",The Times of India,Unknown,News,2026-08-10T07:45:07.208849Z
26bec31b3eef1f4f96cb3f8ff34c50bb,PM’s praise boosts rural recycling drive,https://timesofindia.indiatimes.com/city/patna/pms-praise-boosts-rural-recycling-drive/articleshow/133037103.cms,The Times Of India,2026-08-07T15:00:32Z,export bans,"Bihar plans to scale up Sitamarhi and Siwan plastic-waste management models statewide after PM Modi praise, boosting rural recycling, jobs and circular economy.",The Times of India,Unknown,News,2026-08-10T07:45:07.208875Z
a6c4ccd6f8ebd05731f5cf7c19f55fde,NCPI MPs ‘happy’ as PM breaks ice at breakfast meet,https://timesofindia.indiatimes.com/city/kolkata/ncpi-mps-happy-as-pm-breaks-ice-at-breakfast-meet/articleshow/133037099.cms,Dipawali Mitra,2026-08-07T15:00:27Z,export bans,PM Modi meets 19 NCPI MPs over breakfast to ease tensions; Murshidabad MPs raise SIR cases and mosque loudspeaker issue; development and rail line discussed.,The Times of India,Unknown,News,2026-08-10T07:45:07.208913Z
8091ff478acd6f4cacbd66e4a751f9f1,Uttarakhand among top 5 states in tackling cyber crime,https://timesofindia.indiatimes.com/city/dehradun/uttarakhand-among-top-5-states-in-tackling-cyber-crime/articleshow/133037081.cms,TNN,2026-08-07T14:58:48Z,export bans,"Uttarakhand ranks among India’s top five states in tackling cyber crime, PMO PRAGATI review finds, citing strong police response and victim support.",The Times of India,India,Analysis/Opinion,2026-08-10T07:45:07.208929Z
e34099f7103ff94431e894f8179bd3fd,US agency reviews Chinese AI firms’ access to Nvidia chips through overseas channels,https://cryptobriefing.com/us-reviews-chinese-ai-nvidia-chip-access/,Editorial Team,2026-08-07T12:34:52Z,export bans,"The review could reshape global AI dynamics, impacting Nvidia's market strategy and prompting stricter international tech regulations.
The post US agency reviews Chinese AI firms’ access to Nvidia chips through overseas channels appeared first on Crypto Brief…",Crypto Briefing,China,Analysis/Opinion,2026-08-10T07:45:07.208943Z
df13d190643534f07925a3651ad4c168,DR Congo launches probe into uranium-contaminated cobalt exports,https://cryptobriefing.com/drc-probe-uranium-cobalt-exports/,Editorial Team,2026-08-07T10:34:31Z,export bans,"The investigation highlights significant global security and health risks, questioning the effectiveness of international regulatory frameworks.
The post DR Congo launches probe into uranium-contaminated cobalt exports appeared first on Crypto Briefing.",Crypto Briefing,Global,News,2026-08-10T07:45:07.208986Z
99c18252fb7d2385ec1e420d0579bf16,"China warns US against tech curbs ahead of Xi Jinping’s visit, escalating tensions that ripple through crypto markets",https://cryptobriefing.com/china-warns-us-tech-curbs-xi-visit/,Editorial Team,2026-08-06T16:35:30Z,export bans,"The escalating US-China tech tensions could disrupt global supply chains, impacting AI development and crypto markets significantly.
The post China warns US against tech curbs ahead of Xi Jinping’s visit, escalating tensions that ripple through crypto markets…",Crypto Briefing,China,Market Report,2026-08-10T07:45:07.209037Z
bde6a550f0657544dba0656dc758627c,"Suno CEO Says ‘AI Should Enable Originality, Not Imitation’",http://www.billboard.com/pro/suno-shares-plan-to-limit-ai-song-downloads-details/,Kristin Robinson,2026-08-06T11:08:36Z,export bans,"Suno's CEO says ""AI should enable originality, not imitation"" in a new blog post on the company's website.",Billboard,Unknown,News,2026-08-10T07:45:07.209131Z
a243e3bd57cef71c49c84feeb6417741,"China Imposes Drone Export Controls, Sanctions U.S. Entities in Trade Countermeasures",https://www.naturalnews.com/2026-08-06-china-imposes-drone-export-controls-sanctions-us-entities.html,Douglas Harrington,2026-08-06T06:00:00Z,export bans,"China’s Ministry of Commerce (MOFCOM) announced on Wednesday, Aug. 5, that exports of drones, drone components and related dual-use technologies to the United States will face “stricter case-by-case review,” according to a ministry statement [1]. The controls…",Naturalnews.com,China,Analysis/Opinion,2026-08-10T07:45:07.209213Z
9c9f43a02bc439baad75e9fcac6acb07,Canada-U.S. trade down almost $2 billion since early 2024,https://www.nationalobserver.com/2026/08/05/news/canada-us-trade-down-almost-2-billion-early-2024,Catherine Morrison,2026-08-05T22:38:36Z,export bans,The value of Canada's trade with the U.S. dropped by almost $2 billion between the first quarter of 2024 and the first three months of 2026.,National Observer,Unknown,News,2026-08-10T07:45:07.209246Z
5a53471bd9b42bd3d4339af9856992f7,‘No choice but to take necessary countermeasures’: China imposes sanctions on Washington in retaliation to U.S. trade restrictions,https://fortune.com/2026/08/05/necessary-countermeasures-china-imposes-sanctions-washington-retaliation-us-trade-restrictions/,"The Associated Press, Huizhong Wu, Kanis Leung",2026-08-05T20:50:39Z,export bans,China just levied controls on drone exports as Chinese President Xi Jinping prepares to meet with US President Donald trump in September.,Fortune,China,News,2026-08-10T07:45:07.209270Z
d2cb92d4540a385e98a68e6cf17ec1b2,Canon Is Developing a Lens Coating Without PFAS-Laden Fluorine,https://petapixel.com/2026/08/05/canon-is-developing-a-lens-coating-without-pfas-laden-fluorine/,Jeremy Gray,2026-08-05T16:32:54Z,export bans,"Canon is working on a fluorine-free optical coating that offers the same water-repelling qualities and durability of fluorine, but without the PFAS problems.
[Read More]",PetaPixel,Unknown,News,2026-08-10T07:45:07.209306Z
b9eaa64e83e19d90e09a23d2f3e64303,"ByteDance bans distillation from its AI playbook, betting everything on homegrown data",https://cryptobriefing.com/bytedance-bans-distillation-ai-models/,Editorial Team,2026-08-05T13:32:29Z,export bans,"ByteDance's independent AI strategy could enhance its global competitiveness and reduce geopolitical risks in the US-China tech rivalry.
The post ByteDance bans distillation from its AI playbook, betting everything on homegrown data appeared first on Crypto B…",Crypto Briefing,China,News,2026-08-10T07:45:07.209329Z
ef6cecab73b18611843a6fed79456d5b,"Amid US Sanctions, China Cracks Down on Drone Exports",https://www.newser.com/story/394108/amid-us-sanctions-china-cracks-down-on-drone-exports.html,Polly Davis Doig,2026-08-05T11:12:27Z,export bans,"China announced a series of economic measures Wednesday against the United States, including controls on exports of drones to the US and a ban on dealings with six American entities, in response to recent restrictions imposed by Washington. Tensions are simme…",Newser,China,News,2026-08-10T07:45:07.209349Z
81307433621d4200826be59fac77a22f,"China announces countermeasures against Washington, including controls on drones exports to the US",https://economictimes.indiatimes.com/news/international/world-news/china-announces-countermeasures-against-washington-including-controls-on-drones-exports-to-the-us/articleshow/132916535.cms,AP,2026-08-05T10:40:17Z,export bans,"China has announced a fresh set of economic countermeasures against the US, including export controls on drones and sanctions on six American entities, in response to recent US restrictions on Chinese firms and products.",The Times of India,China,News,2026-08-10T07:45:07.209364Z
bcaaffb87b10ccec6d9a49f420bddbf5,"China targets US firms and drone exports after FCC, Xinjiang actions",https://finance.yahoo.com/economy/policy/articles/china-targets-us-firms-drone-094657733.html,Eduardo Baptista,2026-08-05T09:46:57Z,export bans,"China has imposed a series of restrictions on U.S. agencies and other entities, saying the move was in response to recent U.S. measures involving Chinese tel...",Yahoo Entertainment,China,News,2026-08-10T07:45:07.209380Z
21deb8dcf110a7052fcf7e79d1d8d91f,"China announces countermeasures against Washington, including controls on drone exports to the US",https://www.yahoo.com/news/politics/articles/china-announces-countermeasures-against-washington-094131828.html,HUIZHONG WU and KANIS LEUNG,2026-08-05T09:41:31Z,export bans,"China announced a series of economic measures Wednesday against the United States, including controls on exports of drones to the U.S. and a ban on dealings...",Yahoo Entertainment,China,News,2026-08-10T07:45:07.209393Z
9d87a1feee9439098eb97af65a8e2432,Donald Trump administration weighs ban on Chinese AI data centre gear imports,https://economictimes.indiatimes.com/news/international/global-trends/donald-trump-administration-weighs-ban-on-chinese-ai-data-centre-gear-imports/articleshow/132863631.cms,Reuters,2026-08-04T14:02:41Z,export bans,The Trump administration is drafting a ban on new Chinese data center component imports. This measure aims to protect critical infrastructure underpinning the AI boom. The Federal Communications Commission is working on this restriction for optical transceive…,The Times of India,China,News,2026-08-10T07:45:07.209416Z
bedf1c657e050577f8dae06b01d95eff,"Trump administration drafting ban on Chinese data center devices, sources say",https://economictimes.indiatimes.com/tech/technology/trump-administration-drafting-ban-on-chinese-data-center-devices-sources-say/articleshow/132856932.cms,Reuters,2026-08-04T10:16:44Z,export bans,"The Trump administration is drafting a ban on new Chinese data center component imports. This measure aims to protect critical infrastructure underpinning the AI boom. Officials hope to publish the restriction this year, taking effect soon after. China has st…",The Times of India,China,News,2026-08-10T07:45:07.209440Z
3c595baf1320342579d358fef9f3ef6f,Full Skynet: Why the Pentagon’s AI-First Military Is a Nightmare That Threatens Humanity,https://www.naturalnews.com/2026-08-04-full-skynet-pentagon-ai-first-military-nightmare.html,Mike Adams,2026-08-04T06:00:00Z,export bans,"The Skynet Nightmare Becomes Reality The Pentagon calls America’s AI-first military its new “manifest destiny.” I call it a one-way ticket to a dystopia we may never escape. Before this decade ends, autonomous kill drones and robot soldiers will make human tr…",Naturalnews.com,USA,News,2026-08-10T07:45:07.209473Z
2437f382b89e26faf64e1b420e9f2454,Economic Digest: A Snapshot of Nepal’s Business News,https://english.khabarhub.com/2026/04/561721/,Khabarhub,2026-08-04T02:15:19Z,export bans,"KATHMANDU: Economic Digest presents a brief yet comprehensive roundup of major business developments in Nepal, delivered in clear and accessible summaries. Nepal’s latest economic indicators present a mixed picture of resilience alongside persistent structura…",Khabarhub.com,Unknown,News,2026-08-10T07:45:07.209530Z
cbb8285726ba970fc4912dac5c19b5e9,"Sensex today | Stock Market Highlights: Nifty jumps 391 points to reclaim 24,750; Sensex gains 544 as IT, banks lead rally",https://www.thehindubusinessline.com/markets/sensex-nifty50-today-stock-market-highlights-3rd-august-2026/article71298312.ece,"Team BL, KS Badri Narayanan",2026-08-03T10:58:20Z,export bans,"Sensex Today, Nifty 50 | Stock Market Highlights: Indian benchmark indices ended sharply higher on Monday, with the BSE Sensex rising 544.39 points (0.70%) to close at 78,639.03, while the Nifty 50 surged 390.70 points (1.60%) to settle at 24,774.30.",BusinessLine,India,Market Report,2026-08-10T07:45:07.209548Z
10f5ef635ff8a80450c8233cb22b1eaf,"US Senate Russia sanctions vote raises risk for Indian crude supplies, says Kpler",https://economictimes.indiatimes.com/industry/energy/oil-gas/us-senate-russia-sanctions-vote-raises-risk-for-indian-crude-supplies-says-kpler/articleshow/133063930.cms,PTI,2026-08-09T07:34:25Z,import tariffs,"A US Senate vote advances tougher sanctions on Russia, potentially disrupting crude oil supplies.  However, immediate impacts on India and China's oil flows are unlikely.  India's reliance on Russian crude has significantly increased since 2022.  Replacing th…",The Times of India,China,News,2026-08-10T07:45:07.646151Z
454c05a78cc3f21882271868a834a415,How Trump's tariffs are reshaping Indian pharma,https://www.livemint.com/industry/indian-pharma-us-tariffs-generic-drugs-trump-nifty-pharma-lupin-dr-reddys-sun-pharma-aurobindo-pharma-11786249255444.html,howindialives.com,2026-08-09T06:00:37Z,import tariffs,"US tariffs may not impact Indian pharma in the short term, but building replacement capacity on US soil remains cost-prohibitive for thin-margin producers. At the same time, a Deloitte survey reveals CXOs want to prioritize specialty expansion.",Livemint,India,News,2026-08-10T07:45:07.646188Z
d87f945b9a8c8dfde3271351cd347062,What ‘America First’ Really Means,https://www.americanthinker.com/articles/2026/08/what-america-first-really-means/,,2026-08-09T04:00:00Z,import tariffs,"Photo Credit:
 
 PxhereBy J.B. ShurkEconomic security is national security.",Americanthinker.com,USA,News,2026-08-10T07:45:07.646211Z
417fc1666ae57575435f875fee1c412c,Caterpillar tariffs send major signal on margins,https://www.thestreet.com/investing/stocks/cat-caterpillar-tariff-recovery-margins-signal,Aditya Raghunath,2026-08-08T20:07:00Z,import tariffs,"Caterpillar delivered a quarter that its own leadership called historic. Sales topped $20 billion for the first time in company history, and profit per share...",TheStreet,Unknown,News,2026-08-10T07:45:07.646249Z
1ec947ff64484cae5806e703d52a73bb,Could Copper’s Tariff-Driven Rally Be Running Out of Steam?,https://biztoc.com/x/9f5547f766fddb9f,finance.yahoo.com,2026-08-08T13:53:04Z,import tariffs,"Copper prices have surged to near-record levels as markets continue to price in the possibility of new U.S. import tariffs. The rush to move material into the United States has tightened global supplies and pushed physical market indicators higher, but any de…",Biztoc.com,USA,Market Report,2026-08-10T07:45:07.646276Z
e7e3cd03379d546ce0a66d65f5ee244f,Holley Q2 Earnings Call Highlights,https://www.marketbeat.com/instant-alerts/holley-q2-earnings-call-highlights-2026-08-08/?utm_source=yahoofinance&amp;utm_medium=yahoofinance,MarketBeat,2026-08-08T12:03:59Z,import tariffs,"Holley (NYSE:HLLY) reported second-quarter 2026 net sales growth as three of its four operating divisions posted double-digit core sales gains, while the com...",MarketBeat,Unknown,Market Report,2026-08-10T07:45:07.646341Z
5eff301b3f29ee531c9e8cce79d5440f,The buyer-seller trap: Why America hasn’t delivered what India expected,https://www.rt.com/india/643993-india-us-defense-ties-tech-transfer/,RT,2026-08-08T10:40:05Z,import tariffs,"After $22 billion in US arms sales, the big promises on co-production and technology transfer still ring hollow Read Full Article at RT.com",RT,India,News,2026-08-10T07:45:07.646393Z
12fa0343fe352be0eaf1e979dc2552be,India’s $40 billion Russian oil lifeline shouldn’t buckle under Trump’s 100% tariff threat: GTRI,https://economictimes.indiatimes.com/industry/energy/oil-gas/india-russian-oil-crude-us-100-percent-tariff-trump-lindsey-graham-sanctions-bill-gtri/articleshow/133048236.cms,Anand Singha,2026-08-08T07:21:27Z,import tariffs,"As long as it proves to be economically feasible, India should persist in acquiring Russian crude oil. A new Senate bill from the US threatens to impose significant tariffs on countries engaging in Russian energy purchases. Being one of the leading buyers, In…",The Times of India,India,News,2026-08-10T07:45:07.646426Z
79ec11184ac22008927d986afd99a3f3,"US sanctions bill makes India-US trade deal more critical, may push up import bill: Economist",https://economictimes.indiatimes.com/news/economy/foreign-trade/us-sanctions-bill-makes-india-us-trade-deal-more-critical-may-push-up-import-bill-economist/articleshow/133047587.cms,ANI,2026-08-08T06:18:30Z,import tariffs,Proposed US sanctions legislation makes India's trade deal with the United States more critical. Any disruption to crude supplies could raise India's import bill significantly. This situation may pressure the Indian rupee and impact the current account defici…,The Times of India,India,News,2026-08-10T07:45:07.646458Z
1f4347ffc9ff9f44719c6261c363a62d,100% tariff threat looms over India as US senate passes Russia sanctions bill,https://economictimes.indiatimes.com/news/india/100-tariff-threat-looms-over-india-as-us-senate-passes-russia-sanctions-bill/articleshow/133046399.cms,ET Online,2026-08-08T04:26:13Z,import tariffs,The US Senate passed a sanctions bill targeting Russia's energy sector. This legislation grants the President power to impose tariffs on major oil buyers. India and China are among the top five purchasers of Russian oil. The bill aims to reinforce support for…,The Times of India,China,News,2026-08-10T07:45:07.646480Z
7e2d413e73478adc51ded4ca76e0735a,Let Lindsey Graham’s ‘sanctions from Hell’ bill be the knockout punch to Russia’s war machine,https://nypost.com/2026/08/07/opinion/let-lindsay-grahams-sanctions-from-hell-bill-be-the-knockout-punch-to-russias-war-machine/,Post Editorial Board,2026-08-07T23:01:01Z,import tariffs,Starving Russia's war machine is both in every civilized nation's interest and a moral necessity.,New York Post,Russia,News,2026-08-10T07:45:07.646506Z
3220be741ae0dc611806790e8e556967,"Canada prepared to halt booze bans, meet other U.S. demands in exchange for tariff relief: sources",https://freerepublic.com/focus/f-news/4390999/posts,CBC,2026-08-07T20:07:31Z,import tariffs,Trade team told Americans Trump's newest tariffs would kill will for talks if implementedThe Canadian government is preparing to meet some U.S. demands — including ending bans on American alcohol sales — in exchange for tariff relief as trade talks heat up ah…,Freerepublic.com,USA,News,2026-08-10T07:45:07.646537Z
e8f77b5c272ab7ace891f2426ca3ee08,"Billions in Trump tariff refunds go to Apple, Amazon and Nike after Supreme Court ruling—but what happened to the promised $2,000 checks for Americans?",https://economictimes.indiatimes.com/news/international/global-trends/billions-in-trump-tariff-refunds-go-to-apple-amazon-and-nike-after-supreme-court-rulingbut-what-happened-to-the-promised-2000-checks/articleshow/133040748.cms,ET Online,2026-08-07T19:01:17Z,import tariffs,"Major companies are receiving billions in tariff refunds after a Supreme Court ruling. Apple, Amazon, and Nike are among the largest beneficiaries of these repayments. Consumers who paid higher prices due to tariffs are unlikely to receive any money back. Som…",The Times of India,USA,Market Report,2026-08-10T07:45:07.646568Z
2443c7659c621ccd50a4df4489a53649,Senate Passes Sweeping Russia Sanctions Bill Named For Lindsey Graham,https://www.huffpost.com/entry/senate-russia-sanctions-lindsey-graham_n_6a761ca7e4b019e3187d4043,HuffPost,2026-08-07T18:07:08Z,import tariffs,The late senator had been championing the legislation for more than a year.,HuffPost,Russia,News,2026-08-10T07:45:07.646588Z
c24529b7c9fad89ce2a5cd56d6f9cdb9,US Senate passes sweeping Russia sanctions bill negotiated by the late Sen. Lindsey Graham,https://economictimes.indiatimes.com/news/international/world-news/us-senate-passes-sweeping-russia-sanctions-bill-india-tariffs-negotiated-by-the-late-sen-lindsey-graham/articleshow/133039509.cms,AP,2026-08-07T17:30:31Z,import tariffs,The Senate overwhelmingly approved a Russian sanctions package on Friday. This legislation penalizes countries buying Russian oil and gas exports. Ukrainian President Volodymyr Zelenskyy visited the Capitol hours after Senator Graham's funeral. The Senate's a…,The Times of India,Russia,News,2026-08-10T07:45:07.646639Z
4c47309b44e6545ba7383163a1f52559,Senate passes Russia sanctions bill,https://www.cnn.com/2026/08/07/politics/senate-russia-sanctions-bill,Morgan Rimmer,2026-08-07T17:26:03Z,import tariffs,"The Senate on Friday passed a major Russia sanctions bill, named for the late Sen. Lindsey Graham, who played a key role in the painstaking negotiations over the legislation that lasted over a year.",CNN,Russia,News,2026-08-10T07:45:07.646666Z
db28b6682f4e602da6998ccc63f0f119,Senate passes sweeping Russia sanctions bill negotiated by the late Sen. Lindsey Graham,https://www.yahoo.com/news/politics/articles/senate-passes-sweeping-russia-sanctions-172520416.html,MARY CLARE JALONICK and LISA MASCARO,2026-08-07T17:25:20Z,import tariffs,"The Senate overwhelmingly approved a punishing Russian sanctions package Friday, the result of a year-long campaign by the late Sen. Lindsey Graham to reinfo...",Yahoo Entertainment,Russia,News,2026-08-10T07:45:07.646691Z
7550a056eddc9185e1df23c2e5820890,China’s export engine is cooling—but high-tech demand isn’t.,https://fortune.com/2026/08/07/china-export-engine-high-tech/,"Elaine Kurtenbach, The Associated Press",2026-08-07T17:24:01Z,import tariffs,"Strong demand for electronics, EVs and machinery helped China's July exports beat forecasts despite slower growth.",Fortune,China,Analysis/Opinion,2026-08-10T07:45:07.646703Z
f9f8f11190bba0c02beccfa58ff4bac1,Senate Passes Lindsey Graham’s Neocon-Backed Bill Targeting Russia,https://dailycaller.com/2026/08/07/lindsey-graham-russia-sanctions-bill-senate,Nicole Silverio,2026-08-07T17:23:55Z,import tariffs,The Senate passed a Russian sanctions bill introduced by the late Republican South Carolina Sen. Lindsey Graham.,The Daily Caller,Russia,News,2026-08-10T07:45:07.646730Z
35ebbfe23769d844e155bbf5ecad9701,"As Peak Shipping Season Ends, Volume This Month Remains High",http://wwd.com/sourcing-journal/logistics/as-peak-shipping-season-ends-volume-remains-high-1239097846/,Arthur Zaczkiewicz,2026-08-07T16:49:27Z,import tariffs,"Global Port Tracker reports steady import volumes for U.S. ports, with retailers well-stocked for the holiday shopping season.",WWD,Global,Market Report,2026-08-10T07:45:07.646847Z
40b69b97e77007c16293a80954cd846f,Trump orders 15% tariff on key chip material to challenge China,https://www.rt.com/business/643990-trump-tariffs-chips-china/,RT,2026-08-07T16:45:17Z,import tariffs,"US President Donald Trump has imposed a 15% tariff and import price floors on polysilicon products, expanding trade restrictions amid an intensifying technology rivalry with China",RT,China,News,2026-08-10T07:45:07.646863Z
5f59fc1640d903699ca3037d403e5bd2,"Trump Orders New 15% Tariff On Key Material For Solar Panels, Microchips",https://yro.slashdot.org/story/26/08/07/1524234/trump-orders-new-15-tariff-on-key-material-for-solar-panels-microchips,BeauHD,2026-08-07T16:00:00Z,import tariffs,"President Trump has ordered a 15% tariff on imported products made with polysilicon, a key material for semiconductors and solar panels. The new tariff will take effect on December 4th. The Guardian reports: The executive order signed by the president on Thur…",Slashdot.org,Unknown,Market Report,2026-08-10T07:45:07.646910Z
ee8176bb8449c00151b0cbcdb4de90bc,The MPC’s August tightrope and the road ahead,https://www.thehindubusinessline.com/opinion/the-mpcs-august-tightrope-and-the-road-ahead/article71318764.ece,RK Pattnaik,2026-08-07T15:31:21Z,import tariffs,"Given that consumption drives a large share of the economy, growth prospects now hinge on investment and productivity",BusinessLine,Unknown,News,2026-08-10T07:45:07.646985Z
40e5cf79c4252751f2bdd4698f92d471,DAILY CURRENT AFFAIRS IAS | UPSC Prelims and Mains Exam – 6th August 2026,https://iasbaba.com/2026/08/daily-current-affairs-ias-upsc-prelims-and-mains-exam-6th-august-2026/,IASbaba,2026-08-07T11:52:03Z,import tariffs,"Archives (PRELIMS  Focus)       (MAINS Focus)  
The post DAILY CURRENT AFFAIRS IAS | UPSC Prelims and Mains Exam – 6th August 2026 appeared first on IASbaba.",Iasbaba.com,Unknown,Market Report,2026-08-10T07:45:07.647024Z
a40fbf82539ec9a442fb5ef59daa4a10,Trump Imposes 15% Polysilicon Tariffs Targeting China’s Solar and Semiconductor Supply Dominance,https://biztoc.com/x/f79b599574cd44ce,benzinga.com,2026-08-07T11:06:13Z,import tariffs,"Trump imposed 15% polysilicon tariffs and minimum import prices, targeting China's dominance in a key solar and semiconductor material.",Biztoc.com,China,Market Report,2026-08-10T07:45:07.647094Z
ff7665551e50b6d878b1732014253522,Asante Provides 2026 Guidance and Operating Update,https://www.globenewswire.com/news-release/2026/08/07/3341029/0/en/asante-provides-2026-guidance-and-operating-update.html,Asante Gold Corporation,2026-08-07T11:00:00Z,import tariffs,"VANCOUVER, British Columbia, Aug. 07, 2026 (GLOBE NEWSWIRE) -- Asante Gold Corporation (TSXV: ASE | GSE: ASG | OTCQX: ASGOF) (""Asante"" or the ""Company"") is pleased to provide production and cost guidance for full-year 2026, together with an update on operatio…",GlobeNewswire,UK,News,2026-08-10T07:45:07.647141Z
c48c4188549b39287300399e650cf709,Solar stocks shine after Trump extends China tariffs to polysilicon products,https://www.cnbc.com/2026/08/07/polysilicon-solar-tariffs-donald-trump-us-china-trade-war-energy-semiconductors.html,Hugh Leask,2026-08-07T10:31:29Z,import tariffs,Solar stocks rose in premarket trading President Donald Trump announced fresh import restrictions on polysilicon products.,CNBC,China,Market Report,2026-08-10T07:45:07.647152Z
134c033828df8a4600f8d564b45339f1,American Solar Supported by Polysilicon Proclamation,https://financialpost.com/globe-newswire/american-solar-supported-by-polysilicon-proclamation,GlobeNewswire,2026-08-07T10:05:48Z,import tariffs,"T1 applauds decision by Trump Administration to support domestic solar energy manufacturing and supply chains AUSTIN, Texas and NEW YORK, Aug. 07, 2026 (GLOBE NEWSWIRE) — T1 Energy Inc. (NYSE: TE) (“T1,” “T1 Energy,” or the “Company”) supports the decision by…",Financial Post,USA,News,2026-08-10T07:45:07.647180Z
5f125a65e2382a3e055f27917df68bf1,American Solar Supported by Polysilicon Proclamation,https://www.globenewswire.com/news-release/2026/08/07/3340985/0/en/american-solar-supported-by-polysilicon-proclamation.html,T1 Energy Inc.,2026-08-07T10:02:00Z,import tariffs,T1 Energy Inc. supports the findings of the section 232 investigation to create a minimum import price for polysilicon and polysilicon derivatives....,GlobeNewswire,USA,News,2026-08-10T07:45:07.647204Z
18472354e52d1d144649c51518d53bf1,Group 1 Automotive overhauls its branding strategy,https://www.wardsauto.com/news/group-1-automotive-overhauls-its-branding-strategy/827144/,Jim Henry,2026-08-07T10:00:00Z,import tariffs,The company is pivoting away from legacy dealership names while acquiring a large footprint in markets it occupies.,Ward's Auto,Unknown,Market Report,2026-08-10T07:45:07.647231Z
1db863f314b8d99159c5ccf305ba4018,"[Latest] Global Accelerometer Medical Sensors Market Size/Share Worth USD 2.93 Billion by 2034 at a 9.8% CAGR: Custom Market Insights (Analysis, Outlook, Leaders, Report, Trends, Forecast, Segmentation, Growth, Growth Rate, Value)",https://www.globenewswire.com/news-release/2026/08/07/3340912/0/en/latest-global-accelerometer-medical-sensors-market-size-share-worth-usd-2-93-billion-by-2034-at-a-9-8-cagr-custom-market-insights-analysis-outlook-leaders-report-trends-forecast-se.html,CMI MARKET RESEARCH PRIVATE LIMITED,2026-08-07T04:30:00Z,import tariffs,"[220+ Pages Latest Report] According to a market research study published by Custom Market Insights, the demand analysis of Global Accelerometer Medical Sensors Market size & share revenue was valued at approximately USD 1.15 Billion in 2024 and is expected t…",GlobeNewswire,Global,Analysis/Opinion,2026-08-10T07:45:07.647283Z
55ebd243d7f3ec24243c5bbe612f7d0d,"Trump announces 15% tariffs on imported polysilicon, solar panels",https://www.bloomberg.com/news/articles/2026-08-06/trump-signed-order-on-tariffs-trade-actions-on-polysilicon,Bloomberg,2026-08-07T03:55:08Z,import tariffs,"Under Trump’s directive, imported polysilicon derivatives, including silicon wafers, photovoltaic cells and solar modules, will be subject to 15% tariffs, beginning Dec. 4. The president signed the proclamation on Thursday.",Bloomberg,Unknown,News,2026-08-10T07:45:07.647329Z
84d9ad03945cb4d7840a915a92075973,Copper Heads for Record Close in London on Tighter Global Market,https://financialpost.com/pmn/business-pmn/copper-heads-for-record-close-in-london-on-tighter-global-market,Bloomberg News,2026-08-07T03:38:17Z,import tariffs,Copper headed for a record close in London after strong gains fueled by signs of tighter supply across the global market.,Financial Post,UK,Market Report,2026-08-10T07:45:07.647356Z
1903214f0d743f62fcb6ebbce983f0d3,"Trump rolls out trade measures to counter China on solar and chips, slaps 15% tariff on polysilicon",https://economictimes.indiatimes.com/news/international/global-trends/trump-unveils-trade-actions-to-compete-with-china-on-solar-and-chips/articleshow/133018662.cms,Reuters,2026-08-07T01:23:49Z,import tariffs,The White House has established price floors and a fifteen percent tariff on polysilicon products. This action aims to bolster domestic chip and solar supply chains for national security. The new trade protections will officially take effect on December fourt…,The Times of India,China,News,2026-08-10T07:45:07.647379Z
f2971e37274294809bc314be3ca25ad2,Analysis: Trump’s polysilicon tariffs split solar industry into winners and losers,https://www.digitimes.com/news/a20260807VL201/polysilicon-solar-donald-trump-price-capacity.html,DIGITIMES,2026-08-07T01:03:26Z,import tariffs,"US President Donald Trump signed a proclamation on August 6 imposing minimum import prices and a 15% tariff on polysilicon and its derivatives, a move that hands a durable pricing advantage to US and non-Chinese producers while squeezing Chinese manufacturers…",Digitimes,China,Analysis/Opinion,2026-08-10T07:45:07.647393Z
a7ca6d1d00a45a91acfb11ed2b78ffc0,Trump imposes 15% tariff on key chip material to counter China,https://www.bbc.co.uk/news/articles/cdrvn686dljo,https://www.facebook.com/bbcnews,2026-08-07T00:44:12Z,import tariffs,"The move aims to counter Chinese producers, which hold a monopoly in the global polysilicon production.",BBC News,China,News,2026-08-10T07:45:07.647407Z
8fa23e69389416b29871456cede6ab73,"Breitbart Business Digest: Boosted by Tariffs, U.S. Manufacturing Enters a Renaissance",https://www.breitbart.com/economy/2026/08/06/breitbart-business-digest-boosted-by-tariffs-u-s-manufacturing-enters-a-renaissance/,John Carney,2026-08-06T23:38:22Z,import tariffs,"So much for the idea that tariffs would damage U.S. productivity and manufacturing.
The post Breitbart Business Digest: Boosted by Tariffs, U.S. Manufacturing Enters a Renaissance appeared first on Breitbart.",Breitbart News,Unknown,News,2026-08-10T07:45:07.647448Z
bf87176d83e4b633dbb336ba13512d04,Trump Issues Tariffs on Key Ingredient for Electronics and Solar Panels,https://biztoc.com/x/6588a4d79f9572fe,nytimes.com,2026-08-06T22:13:31Z,import tariffs,"The administration will impose a minimum import price for polysilicon, a key component for semiconductors and solar panels, as well as tariffs for products made with the material.",Biztoc.com,Unknown,News,2026-08-10T07:45:07.647486Z
1c95c454b8f8ab860677d02378737f89,Illinois Lawmaker Presses for Consumer Paybacks As Trump Administration Hits $100B in Tariff Refunds,http://wwd.com/sourcing-journal/trade/trump-cbp-100b-tariff-refunds-illinois-pritzker-consumers-1239097219/,Kate Nishimura,2026-08-06T22:07:40Z,import tariffs,"Some lawmakers have gotten involved on behalf of their constituents, imploring the federal government to return the money to constituents directly.",WWD,Unknown,News,2026-08-10T07:45:07.647530Z
0ceffe834b9868a77ed17f78dffb2f62,"Trump Order Sets 15% Tariff, Price Floors on Polysilicon Imports",https://financialpost.com/pmn/business-pmn/trump-order-sets-15-tariff-price-floors-on-polysilicon-imports,Bloomberg News,2026-08-06T22:05:51Z,import tariffs,"President Donald Trump ordered new tariffs as well as price floors on imported polysilicon used in semiconductors and solar panels, warning that US reliance on foreign supplies threatens national security.",Financial Post,Unknown,News,2026-08-10T07:45:07.647569Z
70854e40005dd71239dd3b84c8189644,Petrus Resources Announces Second Quarter 2026 Financial and Operating Results,https://financialpost.com/globe-newswire/petrus-resources-announces-second-quarter-2026-financial-and-operating-results,GlobeNewswire,2026-08-06T21:32:05Z,import tariffs,"CALGARY, Alberta, Aug. 06, 2026 (GLOBE NEWSWIRE) — Petrus Resources Ltd. (“Petrus” or the “Company”) (TSX: PRQ) is pleased to report financial and operating results as at and for the three and six months ended June 30, 2026. Q2 2026 HIGHLIGHTS: Operating netb…",Financial Post,Unknown,Market Report,2026-08-10T07:45:07.647619Z
8393633c45d2ada1f19ed2e1676fcca2,Petrus Resources Announces Second Quarter 2026 Financial and Operating Results,https://www.globenewswire.com/news-release/2026/08/06/3340865/0/en/Petrus-Resources-Announces-Second-Quarter-2026-Financial-and-Operating-Results.html,Petrus Resources Ltd.,2026-08-06T21:30:00Z,import tariffs,"CALGARY, Alberta, Aug. 06, 2026 (GLOBE NEWSWIRE) -- Petrus Resources Ltd. (“Petrus” or the “Company”) (TSX: PRQ) is pleased to report financial and operating results as at and for the three and six months ended June 30, 2026.",GlobeNewswire,Unknown,Market Report,2026-08-10T07:45:07.647658Z
5f17b0515656c874e21ab49b9904e0d9,Trump unveils trade actions to protect key solar and semiconductor material,https://www.channelnewsasia.com/business/trump-unveils-trade-actions-protect-key-solar-and-semiconductor-material-6304741,,2026-08-06T20:48:06Z,import tariffs,"WASHINGTON, Aug 6 : The White House on Thursday imposed a series of price floors and a 15 per cent tariff on products made from polysilicon, the raw material used in semiconductors and solar panels.The proclamation under Section 232 of the Trade Expansion Act…",CNA,Unknown,News,2026-08-10T07:45:07.647757Z
f144f6a7aaaa3201966b7bdb774dad83,"Tariff rationalisation set to continue, more steps likely in FY28 Budget: FM",https://economictimes.indiatimes.com/news/economy/foreign-trade/indias-finance-minister-announced-continued-tariff-rationalisation-and-vision-for-2047-in-fy28-budget/articleshow/133015494.cms,ET Bureau,2026-08-06T20:21:04Z,import tariffs,Finance Minister Nirmala Sitharaman confirmed ongoing import tariff rationalisation efforts.  Further measures are expected in the budget for the year 2027-28.  She also outlined the Viksit Bharat vision for the year 2047.  This vision includes zero poverty a…,The Times of India,Unknown,News,2026-08-10T07:45:07.647810Z
640139127a212b06f50dc5f9ef7ac5c6,AMD Acquires Taalas to Advance Compute Solutions for Rapidly Growing AI Inference Market,https://financialpost.com/globe-newswire/amd-acquires-taalas-to-advance-compute-solutions-for-rapidly-growing-ai-inference-market,GlobeNewswire,2026-08-06T20:06:07Z,import tariffs,News Summary:  Taalas’ technology to further differentiate AMD’s AI roadmap by delivering breakthrough inference performance and efficiency AMD plans to integrate Taalas’ technology to deliver system level solutions together with AMD Instinct™ GPUs SANTA CLAR…,Financial Post,Unknown,Market Report,2026-08-10T07:45:07.647857Z
2befa97070174a6ca87fb1469359176c,"Parliament Watch: India-US BTA push, EPFO relief, highway slowdown among key updates",https://economictimes.indiatimes.com/news/india/parliament-watch-india-us-bta-push-epfo-relief-highway-slowdown-among-key-updates/articleshow/133015150.cms,ET Bureau,2026-08-06T19:42:29Z,import tariffs,"A parliamentary panel has recommended the swift conclusion of the India-US Bilateral Trade Agreement, emphasizing the need for safeguards against future tariff increases on Indian exports. The panel also proposed a comprehensive review of the existing trade r…",The Times of India,India,Analysis/Opinion,2026-08-10T07:45:07.647876Z
c0a4ca008b90d6af3c135b540843ba68,US Weighs Delayed Collection of Planned Polysilicon Tariffs,https://financialpost.com/pmn/business-pmn/us-weighs-delayed-collection-of-planned-polysilicon-tariffs,Bloomberg News,2026-08-06T19:32:16Z,import tariffs,Trump administration officials are considering a months-long delay in collecting planned tariffs on solar panels and other items containing polysilicon — a phase-in period that could encourage a rush of imports by renewable-energy companies working on US proj…,Financial Post,Unknown,News,2026-08-10T07:45:07.647925Z
d4b25ef8c95989e34cdf0c73b13cdcb8,"Apple, Sony, and Nintendo pocketed their tariff refunds, this PC cooling company won't",https://www.techspot.com/news/113373-apple-sony-nintendo-pocketed-their-tariff-refunds-pc.html,Daniel Sims,2026-08-06T16:11:00Z,import tariffs,Arctic has temporarily discounted its products in the US until its tariff refund is fully exhausted. The policy contrasts sharply with those of larger manufacturers that have declined to compensate customers for tariff-driven price increases.Read Entire Artic…,TechSpot,Unknown,News,2026-08-10T07:45:07.647977Z
0ed67d085e73af52db556b3e3222f184,"Parl panel for early conclusion of India-US trade pact, tariff exemptions on key goods",https://economictimes.indiatimes.com/news/economy/foreign-trade/parl-panel-for-early-conclusion-of-india-us-trade-pact-tariff-exemptions-on-key-goods/articleshow/133010640.cms,Kirtika Suneja,2026-08-06T16:09:17Z,import tariffs,"The panel suggested the commerce department prepare a time-bound roadmap to achieve the objectives of the Mission 500 initiative by promoting trade in goods and services, encouraging investment, enhancing cooperation in critical technologies, improving supply…",The Times of India,India,News,2026-08-10T07:45:07.648008Z
2b8e1b820cb220f1cbb6228583f4393c,"Canada prepared to halt booze bans, meet other U.S. demands in exchange for tariff relief: sources",https://www.cbc.ca/news/politics/canada-u-s-booze-bans-trade-negotiations-9.7299529,,2026-08-06T15:44:08Z,import tariffs,"The Canadian government is preparing to meet some U.S. demands — including ending bans on American alcohol sales — as trade talks heat up ahead of the latest tariff deadline, according to sources.",CBC News,USA,News,2026-08-10T07:45:07.648039Z
e0fd4b56e53330e94f77a13884c8ecae,The Global Crypto Mining Divide: How Governments Are Rewriting the Rules in 2026,https://bitcoinfoundation.org/news/opinion/the-global-crypto-mining-divide-how-governments-are-rewriting-the-rules-in-2026/,Yuri Molchan,2026-08-06T15:22:19Z,import tariffs,"Crypto mining in 2026 is at a crossroads with energy, taxation, industrialization, and financial regulations, with some countries giving way to favorable conditions while others...
The post The Global Crypto Mining Divide: How Governments Are Rewriting the Ru…",Bitcoinfoundation.org,Global,News,2026-08-10T07:45:07.648100Z
1dc888242facc8b11016ccf80829a304,India rules out concessions to US on ethanol import for fuel blending,https://www.thehindubusinessline.com/economy/india-rules-out-concessions-to-us-on-ethanol-import-for-fuel-blending/article71314253.ece,Amiti Sen,2026-08-06T14:43:48Z,import tariffs,"India has not offered any concessions or commitments to the US on imports of ethanol for fuel blending in the ongoing bilateral trade negotiations, the Commerce Department",BusinessLine,India,News,2026-08-10T07:45:07.648144Z
00e5a19d575044f3176772be634805d0,Trump Gives Back Billions in Tariff Reimbursements—With More to Come,https://newrepublic.com/post/214047/donald-trump-billions-tariff-reimbursements,Ellie Quinlan Houghtaling,2026-08-06T13:18:27Z,import tariffs,"Donald Trump’s “liberation day” tariffs have come back to bite him.In a court filing submitted in the U.S. Court of International Trade Tuesday, Customs and Border Protection official Brandon Lord wrote that as of July 31, the government had allocated approxi…",The New Republic,Global,News,2026-08-10T07:45:07.648195Z
676d3f0e185528cf809e732bb367a020,Arctic Announces U.S. Price Rollback Program Following Import Tariffs Repeal,https://www.techpowerup.com/351413/arctic-announces-u-s-price-rollback-program-following-import-tariffs-repeal,btarunr,2026-08-06T13:14:29Z,import tariffs,"Arctic has announced ""The Arctic Promise,"" a comprehensive price rollback program across its U.S. direct-to-consumer sales channels, in other words, purchases made directly through Arctic on its online store. This initiative follows the company's recent refun…",Techpowerup.com,Unknown,News,2026-08-10T07:45:07.648243Z
762ce4486b3436ffd2e0c57624bd310c,"After decades of openness, national security and strategic competition are turning US trade policy back to protectionism",https://blogs.lse.ac.uk/usappblog/2026/08/06/after-decades-of-openness-national-security-and-strategic-competition-are-turning-us-trade-policy-back-to-protectionism/,Blog admin,2026-08-06T11:29:40Z,import tariffs,"Debates over trade have run throughout the US’s 250-year history, due in part to concerns about its economic consequences. Stephanie Rickard looks at how the political character of US trade has changed in recent decades, with the openness of the “hyper-global…",Lse.ac.uk,Global,News,2026-08-10T07:45:07.648297Z
be11f053cd7f8c07936c75e97ea2d50f,Sotera Health Delivers Strong Second-Quarter and First-Half 2026 Results and Raises FY 2026 Outlook,https://www.globenewswire.com/news-release/2026/08/06/3340074/0/en/Sotera-Health-Delivers-Strong-Second-Quarter-and-First-Half-2026-Results-and-Raises-FY-2026-Outlook.html,"Sotera Health Services, LLC",2026-08-06T11:00:00Z,import tariffs,"Sotera Health Delivers Strong Second-Quarter and
First-Half 2026 Results and Raises FY 2026 Outlook...",GlobeNewswire,Unknown,Analysis/Opinion,2026-08-10T07:45:07.648325Z
ea2a9d48ad20f41c9ab66a6c5bfa6294,Avient Announces Second Quarter 2026 Results; Increases Full-Year Guidance,https://www.prnewswire.com/news-releases/avient-announces-second-quarter-2026-results-increases-full-year-guidance-302844869.html,,2026-08-06T10:13:00Z,import tariffs,"Second quarter sales grew 5.8% to $917 million, driven by 4.3% organic sales growth and 1.5% favorable foreign exchange, with organic growth in both business segments Second quarter GAAP EPS of $0.70 compared to $0.57 in the prior year quarter Second quarter …",PRNewswire,Unknown,News,2026-08-10T07:45:07.648446Z
a6128d7f1123f1273a68405071dad213,More misery for Cubans as power grid fails again amid summertime heat,https://www.cbc.ca/news/world/cuba-challenges-august-2026-grid-failure-9.7296412,,2026-08-06T08:00:00Z,import tariffs,"Cuba saw two nationwide power outages in a span of hours between Sunday and Monday, leaving the island's population once again having to wait for the lights to come back on.",CBC News,Unknown,News,2026-08-10T07:45:07.648485Z
36f9845b3315eef2408debef759bdd89,India's big billion-dollar trade deals are done. Now comes the real test,https://economictimes.indiatimes.com/news/economy/foreign-trade/india-ftas-trade-agreements-export-growth-challenges-fta-utilisation-market-access-eu-uk-uae-australia/articleshow/132985372.cms,Anand Singha,2026-08-06T06:38:39Z,import tariffs,"India has spent years negotiating free trade agreements with some of the world's biggest economies. But signing the deals was only half the battle. The bigger challenge now is helping Indian businesses turn preferential market access into exports, investments…",The Times of India,India,Market Report,2026-08-10T07:45:07.648544Z
980d680a3d26fbd1f714b89fe2ea2078,'Rubbish' tariffs drive Australian company out of the US,https://www.abc.net.au/news/2026-08-06/simcoa-australian-silicon-out-of-us-after-additional-tariff/107003162,Gareth Hutchens,2026-08-06T05:16:48Z,import tariffs,"Australia's only silicon producer will exit the US market next week, but the federal government says the Trump administration's move does not undermine the critical minerals agreement between the two countries.",ABC News (AU),Australia,Market Report,2026-08-10T07:45:07.648569Z
1556c7950ecb150ed7e89242b3ef4521,Trump administration to impose 15% tariff in polysilicon probe meant to counter China,https://economictimes.indiatimes.com/news/international/global-trends/trump-administration-to-impose-15-tariff-in-polysilicon-probe-meant-to-counter-china/articleshow/132978806.cms,Reuters,2026-08-06T00:46:56Z,import tariffs,"The Trump administration plans to announce new tariffs and price floors soon.  These measures will target polysilicon, a key material for solar panels and semiconductors.  The move aims to protect domestic polysilicon factories from foreign competition.  This…",The Times of India,China,News,2026-08-10T07:45:07.648591Z
d3d507b6056ee55a32f587c1ec10b9eb,Paying The Price For An Uncertain Trade Environment,https://www.thefreedomfrequency.org/p/paying-the-price-for-an-uncertain,"August 6, 2026",2026-08-06T00:00:00Z,import tariffs,"Tariffs distort economic activity, forfeiting the advantages of a predictable world.",Thefreedomfrequency.org,Unknown,News,2026-08-10T07:45:07.648620Z
a953166a61c17df4ea6dbf15bd6c7a22,MKS Inc. Reports Second Quarter 2026 Financial Results,https://www.globenewswire.com/news-release/2026/08/05/3339777/16396/en/MKS-Inc-Reports-Second-Quarter-2026-Financial-Results.html,MKS Inc.,2026-08-05T20:30:00Z,import tariffs,"ANDOVER, Mass., Aug. 05, 2026 (GLOBE NEWSWIRE) -- MKS Inc. (NASDAQ: MKSI), a global provider of enabling technologies that transform our world, today reported its financial results for the second quarter of 2026.",GlobeNewswire,Global,Market Report,2026-08-10T07:45:07.648697Z
bd106f01dd149ec08a9403ff5f349885,Encompass Health reports results for second quarter 2026,https://www.prnewswire.com/news-releases/encompass-health-reports-results-for-second-quarter-2026-302844091.html,,2026-08-05T20:20:00Z,import tariffs,"Increases full-year guidance Announces increase in common stock repurchase authorization BIRMINGHAM, Ala., Aug. 5, 2026 /PRNewswire/ -- Encompass Health Corporation (NYSE: EHC), the largest owner and operator of inpatient rehabilitation hospitals in the Unite…",PRNewswire,Unknown,Market Report,2026-08-10T07:45:07.648745Z
7bdf43c5c0e93315cd4475413d61557c,HAMILTON BEACH BRANDS HOLDING COMPANY ANNOUNCES SECOND QUARTER RESULTS,https://www.prnewswire.com/news-releases/hamilton-beach-brands-holding-company-announces-second-quarter-results-302843938.html,,2026-08-05T20:05:00Z,import tariffs,"Second Quarter Revenue Increased 11.6% to $142.6 Million Reiterates 2026 Revenue Outlook, Raises Gross Margin and Operating Profit Outlook GLEN ALLEN, Va., Aug. 5, 2026 /PRNewswire/ -- Hamilton Beach Brands Holding Company (NYSE: HBB) (The Company) today anno…",PRNewswire,Unknown,Analysis/Opinion,2026-08-10T07:45:07.648832Z
fc356ab50d5f7503259cfd233a28d1ea,Trump's Newest Tariffs Could Protect America From the National Security Risk of Brass Instruments,https://reason.com/2026/08/05/trumps-newest-tariffs-could-protect-america-from-the-national-security-risk-of-brass-instruments/,Eric Boehm,2026-08-05T19:53:43Z,import tariffs,An idea that's wildly out of tune at a time when Americans are trumpeting their worries about affordability.,Reason,USA,News,2026-08-10T07:45:07.648852Z
7246452e6e44ecc21e11b906ecb07412,Trump Readies Tariffs and Price Floors to Bolster US Polysilicon,https://financialpost.com/pmn/business-pmn/trump-readies-tariffs-and-price-floors-to-bolster-us-polysilicon,Bloomberg News,2026-08-05T19:37:20Z,import tariffs,"President Donald Trump is preparing to impose tariffs and minimum prices on imported polysilicon, a bid to boost domestic production of the material as well as the US semiconductors and solar panels made from it.",Financial Post,Unknown,Market Report,2026-08-10T07:45:07.648888Z
20a3d3562e20487c5293ec4c91588a32,Corporate America got billions of dollars in tariff refunds. Where's your cut?,https://www.cnn.com/2026/08/05/economy/companies-got-tariff-refunds-wheres-your-cut,yahoo finance,2026-08-05T19:00:28Z,import tariffs,Apple got an estimated $2.2 billion tariff refund last quarter. Amazon got $600 million. Nike got $300 million. But American consumers who paid higher prices...,CNN,USA,Market Report,2026-08-10T07:45:07.648942Z
94cd6d334ad09e87e160a76505722475,Trump's 'Liberation Day' tariff refunds hit $100bn,https://www.bbc.co.uk/news/articles/cwyewn5wexvo,https://www.facebook.com/bbcnews,2026-08-05T18:08:22Z,import tariffs,"The repayments represent roughly 60% of all tariff revenue collected by the US government under the policy,",BBC News,Unknown,News,2026-08-10T07:45:07.648971Z
03c042304af004e32df8bb9555154e68,"FTAs must drive manufacturing, GVC integration and high-tech investment",https://economictimes.indiatimes.com/opinion/et-commentary/ftas-must-drive-manufacturing-gvc-integration-and-high-tech-investment/articleshow/132955413.cms,"Pradeep S Mehta, Rajesh Aggarwal",2026-08-05T17:26:47Z,import tariffs,A new committee will monitor India's free trade agreements and export barriers.  It must also address import efficiency for competitive global value chain participation.  The committee should examine tariffs and regulatory alignment for tech-intensive product…,The Times of India,India,News,2026-08-10T07:45:07.648999Z
0c90e184ca7f671cad12bc700aedbbf8,"The Trump administration has doled out $100 billion in tariff refunds, but Americans are suing U.S. companies for not seeing a penny of the returns",https://fortune.com/2026/08/05/what-happened-trump-tariff-refunds-from-companies-consumers-class-action/,Sasha Rogelberg,2026-08-05T16:28:42Z,import tariffs,"Customers of Five Below, Sony, and Nintendo have filed class action lawsuits demanding they receive refunds from the struck-down import taxes.",Fortune,USA,News,2026-08-10T07:45:07.649022Z
fac0f55c57fe4936ea9247cafdf3a0af,"The Trump administration has doled out $100 billion in tariff refunds, but Americans are suing U.S. companies for not seeing a penny of the returns",https://finance.yahoo.com/economy/policy/articles/trump-administration-doled-100-billion-162842093.html,Sasha Rogelberg,2026-08-05T16:28:42Z,import tariffs,"Customers of Five Below, Sony, and Nintendo have filed class action lawsuits demanding they receive refunds from the struck-down import taxes.",Yahoo Entertainment,USA,News,2026-08-10T07:45:07.649045Z
193423a68533d7ea8fb0df52a5aa3a51,Amazon says it will share $600 million in Trump tariff refunds with some of its customers — will you get a payout?,https://finance.yahoo.com/economy/policy/articles/amazon-says-share-600-million-161500550.html,Paul Kim,2026-08-05T16:15:00Z,import tariffs,"Of the $166 billion in tariff refunds available, $71 billion has been claimed by companies, but very little of the refund money has gone directly to consumer...",Yahoo Entertainment,Unknown,News,2026-08-10T07:45:07.649097Z
52fb662ec5d0b7eda327a107769a8c40,"Trump’s Export Controls Backfire, As Samsung And SK hynix Consider Turning To Chinese Equipment To Insulate Their China-Based Fabs",https://wccftech.com/trumps-export-controls-backfire-as-samsung-and-sk-hynix-consider-turning-to-chinese-equipment-to-insulate-their-china-based-fabs/,Rohail Saleem,2026-08-05T15:25:14Z,import tariffs,"One would ordinarily think that the US government would approach its relations with China as a strategic conundrum that is to be to sifted through, not bludgeoned; but then this might be a herculean task for an administration that has shown no such inclinatio…",Wccftech,China,News,2026-08-10T07:45:07.649123Z
6b389d61ef32965462b86ad59c55e79e,Caesarstone Q2 Earnings Call Highlights,https://www.marketbeat.com/instant-alerts/caesarstone-q2-earnings-call-highlights-2026-08-05/?utm_source=yahoofinance&amp;utm_medium=yahoofinance,MarketBeat,2026-08-05T15:04:22Z,import tariffs,"Caesarstone (NASDAQ:CSTE) reported improved profitability metrics in the second quarter of 2026 despite lower revenue, as cost reductions tied to its manufac...",MarketBeat,Unknown,Market Report,2026-08-10T07:45:07.649157Z
a452fdbdd14c7a5bcf09a565f0bbc2e6,Trump admin refunds $100 billion in 'liberation day' tariffs,https://www.cnbc.com/2026/08/05/trump-tariffs-refunds-ieepa-lawsuit.html,Kevin Breuninger,2026-08-05T14:46:54Z,import tariffs,The Trump administration has taken steps to effectively re-create the IEEPA tariff regime using other legal authorities. They already face court challenges.,CNBC,Unknown,News,2026-08-10T07:45:07.649192Z
bcbaf829a000993fa80b600c17fe477f,Global Research Daily: The News Behind the News,https://www.globalresearch.ca/global-research-daily-news-behind-news-13-12/5935885,Global Research News,2026-08-05T14:44:36Z,import tariffs,"81 Years Ago: The Hiroshima Nagasaki “Dress Rehearsal”: Oppenheimer and the U.S. War Department’s Secret September 15, 1945 “Doomsday Blueprint” to “Wipe the Soviet Union off the Map” By Prof Michel Chossudovsky, August 04, 2026 Unknown to the broader public,…",Globalresearch.ca,Global,Market Report,2026-08-10T07:45:07.649234Z
83bb9b3a2224181e5cf59e4a235276c1,These Are The Dead Entry-Level Cars You Miss,https://www.jalopnik.com/2230764/dead-entry-level-cars-reader-answers/,staff@jalopnik.com (Brad Brownell),2026-08-05T14:23:43Z,import tariffs,"We need to go back to a pre-2016 car market, when A Fiesta ST could be purchased for just twenty-two grand",Jalopnik,Unknown,Market Report,2026-08-10T07:45:07.649260Z
d0b02dd8930c975267d7225bc93fe02f,"President Trump's Bold Action Ensures Free and Fair Trade for Domestic Quartz Industry, QMAA Industry Executives Say",https://www.prnewswire.com/news-releases/president-trumps-bold-action-ensures-free-and-fair-trade-for-domestic-quartz-industry-qmaa-industry-executives-say-302843845.html,,2026-08-05T14:17:00Z,import tariffs,"WASHINGTON, Aug. 5, 2026 /PRNewswire/ -- Executives with leading U.S.-based quartz slab manufacturers today applauded President Donald J. Trump's decision to impose a 25% tariff on imported quartz surface products and a 50% tariff on imported quartz surface p…",PRNewswire,Unknown,News,2026-08-10T07:45:07.649313Z
7252c6bc06cb4f9c30c6e13d7f7464d7,Trump’s “Tariff Game”: Sets Tariffs on 60 Countries to Blackmail China for Rare Earths. His Dream is “To Create an Empire”,https://www.globalresearch.ca/trump-sets-tariffs-60-countries-blackmail-china-rare-earths/5935847,Helena Glass,2026-08-05T14:11:42Z,import tariffs,"The Tariff Game: Most recently, Trump rebated a number of companies billions of dollars in tariff rebates.  
The total amount so far is $81 billion in rebates to such affected companies as Ford, Walmart, Amazon, UPS, Fedex, Costco, etc. 
The …
The post Trump’…",Globalresearch.ca,China,News,2026-08-10T07:45:07.649338Z
154d71df942d4c1ca7ed00e1158a5ddf,Singapore to weigh wider trade-offs before seeking lower US tariffs: Gan Kim Yong,https://www.channelnewsasia.com/singapore/us-tariffs-trade-business-gan-kim-yong-forced-labour-6301136,,2026-08-05T13:15:11Z,import tariffs,"Around one-third of Singapore's domestic exports to the United States, valued at S$9.5 billion annually, are affected under the new 12.5 per cent tariff imposed by Washington.",CNA,USA,News,2026-08-10T07:45:07.649359Z
f1950c88a508a96320e1bfa277f3d096,Singapore to weigh wider trade-offs before seeking lower US tariff: Gan Kim Yong,https://www.channelnewsasia.com/singapore/us-tariff-trade-business-gan-kim-yong-forced-labour-6301136,,2026-08-05T13:15:00Z,import tariffs,"Around one-third of Singapore's domestic exports to the United States, valued at S$9.5 billion annually, are affected under the new 12.5 per cent tariff imposed by Washington.",CNA,USA,News,2026-08-10T07:45:07.649376Z
95155d38fb9f619013f73e7fd94f54f1,"My New Dispatch Article on Trump's Section 301 ""Forced Labor"" Tariffs",https://reason.com/volokh/2026/08/05/my-new-dispatch-article-on-trumps-section-301-forced-labor-tariffs/,Ilya Somin,2026-08-05T12:47:25Z,import tariffs,The article explains why the new tariffs are harmful and illegal for many of same reasons as those invalidated by the Supreme Court.,Reason,Unknown,News,2026-08-10T07:45:07.649409Z
1e6df652825811213d469d2546bde987,SK Hynix employee sentenced to 18 months for leaking chip technology to Chinese firm,https://cryptobriefing.com/sk-hynix-employee-sentenced-technology-leak/,Editorial Team,2026-08-09T02:34:46Z,trade restrictions,"The case underscores the critical intersection of corporate security and national security, highlighting the geopolitical tensions in tech industries.
The post SK Hynix employee sentenced to 18 months for leaking chip technology to Chinese firm appeared first…",Crypto Briefing,China,News,2026-08-10T07:45:08.104126Z
88714ba62b978c5f69c431aaad5a04cc,Nigerians in UK stranded by passport renewal nightmare,https://punchng.com/nigerians-in-uk-stranded-by-passport-renewal-nightmare/,Punch Newspapers,2026-08-08T23:35:05Z,trade restrictions,"Thousands of Nigerians in the UK face passport renewal nightmares, with months of delays and unanswered queries from the High Commission. Learn about the c

Read More: https://punchng.com/nigerians-in-uk-stranded-by-passport-renewal-nightmare/",The Punch,Unknown,News,2026-08-10T07:45:08.104173Z
8dc302b11c2fa2c7f3d9ec112907c2ea,Texas Adds a New Screwworm Zone in Terrell County as Active U.S. Cases Fall to Five,https://www.medicaldaily.com/screwworm-terrell-county-infested-zone-45-detections-august-2026-477052,Joseph James,2026-08-08T23:00:07Z,trade restrictions,"USDA now lists 45 U.S. screwworm detections, with only five active. A new Terrell County detection triggered fresh Texas movement restrictions.",Medical Daily,Unknown,News,2026-08-10T07:45:08.104212Z
8bdd16ac49f8c96b95818dca306ef367,My server is a phone now,https://seg6.space/posts/phone-server/,,2026-08-08T22:49:23Z,trade restrictions,rooting a CMF Phone 1 to run my personal infrastructure at home.,Seg6.space,Unknown,News,2026-08-10T07:45:08.104238Z
c2f199a38595e393004f4c6f4711a211,Trams are running but the Gold Coast's light rail fight is not over,https://www.abc.net.au/news/2026-08-09/gold-coast-light-rail-stage-3-opens-qld-public-transport/107007798,Dominic Cansdale,2026-08-08T22:37:23Z,trade restrictions,"After four years of disruption and a $1.55 billion price tag, the Gold Coast light rail stage 3 has opened. But debate continues over the city's transport future.",ABC News (AU),Unknown,News,2026-08-10T07:45:08.104279Z
98e5e649fb7ba2b2f4cac46a20c07dd1,"Kalshi promo code NYPMAX: Trade $25, get up to $500 for NFL Award markets",https://nypost.com/2026/08/08/betting/kalshi-promo-code-nypmax-trade-25-get-up-to-500-for-nfl-award-markets/,Mike Turay,2026-08-08T15:00:00Z,trade restrictions,"Trade $25 on NFL Award Markets, get up to $500 in bonuses with Kalshi promo code NYPMAX.",New York Post,Unknown,Market Report,2026-08-10T07:45:08.104393Z
aa81597fb9901956fd8da30774259cd5,"Advanced Micro Devices (AMD) Price Prediction: How Much a $5,000 Investment Could Be Worth by 2031",https://247wallst.com/investing/2026/08/08/advanced-micro-devices-amd-price-prediction-how-much-a-5000-investment-could-be-worth-by-2031/,Joel South,2026-08-08T13:00:11Z,trade restrictions,"AMD's Data Center business just posted 57% year-over-year growth, but whether that momentum can carry a $5,000 investment to a meaningful return by 2031 depe...",24/7 Wall St.,Unknown,Analysis/Opinion,2026-08-10T07:45:08.104475Z
e3eb587677920b2d3caed99885a395e4,Apollo Micro Systems Q1 Results: Firm reports record Q1 profit at Rs 25 crore; revenue surges 88% YoY,https://economictimes.indiatimes.com/markets/stocks/earnings/apollo-micro-systems-q1-results-firm-reports-record-q1-profit-at-rs-25-crore-revenue-surges-88-yoy/articleshow/133051313.cms,Veer Sharma,2026-08-08T11:29:34Z,trade restrictions,"Apollo Micro Systems reported a 43% year-on-year rise in Q1 FY27 net profit to Rs 25.2 crore, while revenue surged 88% to Rs 251.3 crore. EBITDA rose 18% to Rs 48 crore, though margins moderated. The defence company said its best-ever first-quarter performanc…",The Times of India,Unknown,Market Report,2026-08-10T07:45:08.104524Z
42aaf3a44514feafe5888bee380a0fcd,Apollo Micro Systems Q1 Results: Firm posts record June-quarter profit at Rs 25 crore; revenue surges 88% YoY,https://economictimes.indiatimes.com/markets/stocks/earnings/apollo-micro-systems-q1-results-firm-posts-record-june-quarter-profit-at-rs-25-crore-revenue-surges-88-yoy/articleshow/133051313.cms,Veer Sharma,2026-08-08T11:29:34Z,trade restrictions,"Apollo Micro Systems reported a 43% year-on-year rise in Q1 FY27 net profit to Rs 25.2 crore, while revenue surged 88% to Rs 251.3 crore. EBITDA rose 18% to Rs 48 crore, though margins moderated. The defence company said its best-ever first-quarter performanc…",The Times of India,Unknown,Market Report,2026-08-10T07:45:08.104566Z
6d39c393bffcead0cd9e899d3278a5c3,What Mitch McConnell Did to America,https://www.theatlantic.com/ideas/2026/08/mitch-mcconnell-gop-legacy/688221/,Idrees Kahloon,2026-08-08T11:00:00Z,trade restrictions,The former Senate GOP leader’s legacy will make America harder to govern for years to come.,The Atlantic,USA,News,2026-08-10T07:45:08.104586Z
a9e4b866c6373704e7423b3dedcaa9fd,‘Starving to Death’: Young People in Cuba Tell of the Toll of Trump Administration’s Sanctions,https://msmagazine.com/2026/08/08/cuba-trump-sanctions-young-people-humanitarian-crisis/,Maya Olson,2026-08-08T10:00:00Z,trade restrictions,"“We know that we are inside of a dictatorship,” says Paula. “We need help to change the government. It has been 70 years without us being able to actually do something about it, like 70 years of brainwashing, of indoctrination, of exile, emigration. The popul…",Ms. Magazine,Unknown,News,2026-08-10T07:45:08.104639Z
c481e57604e2a8fdbcdd1682f7e06086,How to Buy New Crypto Before Listing,https://themattwalshblog.com/how-to-buy-new-crypto-before-listing/,Matt Walsh,2026-08-08T08:49:06Z,trade restrictions,"Buying cryptocurrency before it appears on a major exchange sounds like the perfect strategy. Find the token early. Buy it cheaply. Wait for Coinbase, Kraken, Binance, or another large exchange to list it. Then benefit as millions of additional investors gain…",Themattwalshblog.com,Unknown,News,2026-08-10T07:45:08.104687Z
8d419ca8a5b9d32f9de468b0f2f3ecc7,The Matfen Blueprint,https://www.themag.co.uk/2026/08/the-matfen-blueprint-newcastle-united-owners/,David Rutherford,2026-08-08T08:41:05Z,trade restrictions,"It seems that meetings between the Newcastle United owners and senior staff at Matfen Hall at the end of April signed off a new, markedly different operating model for NUFC: On-field: An aggressive, player trading plan led by Sporting Director Ross Wilson. Of…",The Mag,Australia,Market Report,2026-08-10T07:45:08.104707Z
3e0adccbf20b26e3168a68eafe86f701,When were ferrets illegal?,https://www.lifesciencesworld.com/when-were-ferrets-illegal/,Ava Reynolds,2026-08-08T08:00:14Z,trade restrictions,"When Were Ferrets Illegal? Unraveling the Legal History of Ferret Ownership The legality of owning ferrets has varied significantly across the United States and other countries. In many regions, ferrets were de facto illegal for prolonged periods due to regul…",Lifesciencesworld.com,USA,News,2026-08-10T07:45:08.104733Z
5b175a9f44ad9753afa9e93537f2937a,"U.S. booze might end up back on Canadian shelves, but have we lost the taste for it?",https://www.cbc.ca/news/canada/us-booze-bans-canadians-9.7300293,,2026-08-08T08:00:00Z,trade restrictions,"Canada is prepared to lift bans on sales of alcohol from the United States in exchange for U.S. tariff relief, sources told CBC this week. But a recent poll showed nearly 70 per cent of Canadians said they wouldn't buy American booze if it returns to store sh…",CBC News,USA,News,2026-08-10T07:45:08.104763Z
cd9a17fe8a82693b83c0b0fc2a5527b3,"Africa wants more homegrown solar to boost self-reliance, but China's shadow remains",https://abcnews.com/International/wireStory/africa-homegrown-solar-boost-reliance-chinas-shadow-remains-135477288,"ALLAN OLINGO Associated Press, CHAN HO-HIM Associated Press",2026-08-08T06:25:22Z,trade restrictions,Africa's largest economies are ramping up efforts to develop their domestic solar manufacturing capacity,Abcnews.com,China,News,2026-08-10T07:45:08.104809Z
d9b1b5021ddc47d2de2467523f109a4b,NBA rumor: Denver Nuggets 6-foot-8 restricted free agent hit with disappointing Bucks landing news,https://timesofindia.indiatimes.com/sports/nba/top-stories/nba-rumor-denver-nuggets-6-foot-8-restricted-free-agent-hit-with-disappointing-bucks-landing-news/articleshow/133045662.cms,Global Sports Desk,2026-08-08T03:04:28Z,trade restrictions,"Peyton Watson’s free agency remains unresolved as the Nuggets weigh sign-and-trade offers from Milwaukee, Cleveland and the Clippers. Denver wants a first-round pick and a notable player, but the Bucks remain reluctant to surrender draft capital. With financi…",The Times of India,Unknown,News,2026-08-10T07:45:08.104863Z
0520f2ecf2741075e028a255af32e6fa,Lakers Proposed to Land Young 2-Way Star With Luka Doncic in 3-Team Trade,https://heavy.com/sports/nba/los-angeles-lakers/lakers-luka-star-trade/,Adel Ahmad,2026-08-08T00:28:37Z,trade restrictions,"The Los Angeles Lakers could be positioned to make a starting-caliber move this offseason. Several additions have already been made, but the feeling is that the roster could use some fine tuning. LeBron James left and took his veteran leadership and experienc…",Heavy.com,Unknown,News,2026-08-10T07:45:08.104915Z
31a6e6551fb3d38bd00ab7544a6aedf1,"Ebola: Africa CDC, WHO urge stronger community response",https://punchng.com/ebola-africa-cdc-who-urge-stronger-community-response/,Punch Newspapers,2026-08-07T23:22:05Z,trade restrictions,"Africa CDC and WHO call for urgent community-led efforts to contain the Ebola outbreak in DRC, warning the virus is spreading faster than the current respo

Read More: https://punchng.com/ebola-africa-cdc-who-urge-stronger-community-response/",The Punch,Unknown,News,2026-08-10T07:45:08.104956Z
49297c0749ea26aa8745d675efdf7b53,primer-vault added to PyPI,https://pypi.org/project/primer-vault/,,2026-08-07T20:47:44Z,trade restrictions,Self-custodial execution wallet for AI agents on Robinhood Chain,Pypi.org,Unknown,News,2026-08-10T07:45:08.105117Z
c02f2efea116b3192c9a410aeaacd2d8,US stocks: S&P closes at record high as soft jobs report eases rate-hike concerns,https://economictimes.indiatimes.com/markets/us-stocks/news/us-stocks-sp-closes-at-record-high-as-soft-jobs-report-eases-rate-hike-concerns/articleshow/133041941.cms,Reuters,2026-08-07T20:08:04Z,trade restrictions,The US stock market enjoyed a significant boost on Friday as the S&P closed at an all-time high. The unexpected rise in job losses led to reduced expectations for a Federal Reserve interest rate hike in September. Strong earnings from corporations further pro…,The Times of India,Unknown,Market Report,2026-08-10T07:45:08.105161Z
d95b5f1ab6ed6768cee873f9d4f1695c,"Kalshi promo code NYPMAX: Trade $25, get up to $500 for MLB World Series markets",https://nypost.com/2026/08/07/betting/kalshi-promo-code-nypmax-trade-25-get-up-to-500-for-mlb-world-series-markets/,Michael Leboff,2026-08-07T20:00:00Z,trade restrictions,"Trade $25, get up to $500 with Kalshi promo code NYPMAX for the MLB season.",New York Post,Unknown,Market Report,2026-08-10T07:45:08.105187Z
097f9ab9578e9673aef6a257177e5b57,Delhi HC stays FSSAI ban on Dabur's '100% purity' claims,https://economictimes.indiatimes.com/industry/cons-products/fmcg/delhi-hc-stays-fssai-ban-on-daburs-100-purity-claims/articleshow/133041898.cms,Indu Bhan,2026-08-07T19:50:06Z,trade restrictions,"While issuing notice to the government and Fssai, Justice Amit Mahajan said Dabur has made out a prima facie case for grant of stay of Monday's ban order, as such sudden restrictions could not have been imposed without issuing a show-cause notice or hearing t…",The Times of India,Unknown,News,2026-08-10T07:45:08.105234Z
a1251a1e2b1bf48102d1437108b3b75e,"The Economy Lost Jobs, Wall Street Threw a Party: What Moved Markets This Week",https://finance.yahoo.com/economy/articles/economy-lost-jobs-wall-street-194002543.html,Piero Cingari,2026-08-07T19:40:02Z,trade restrictions,"The American economy shed 23,000 nonfarm payrolls in July. Wall Street answered with its best week since April. That is not a contradiction. It turns on the...",Yahoo Entertainment,USA,Market Report,2026-08-10T07:45:08.105251Z
d4bd5e680e8ecec5304d1c536f9acf25,China Punishes U.S. Companies After Being Called Out for Slavery,https://www.breitbart.com/asia/2026/08/07/china-punishes-u-s-companies-after-being-called-out-for-slavery/,John Hayward,2026-08-07T19:18:44Z,trade restrictions,"The Chinese Communist government announced “countermeasures” on Wednesday against the U.S. designation of more Chinese entities under the Uyghur Forced Labor Prevention Act (UFLPA).
The post China Punishes U.S. Companies After Being Called Out for Slavery app…",Breitbart News,China,News,2026-08-10T07:45:08.105274Z
9263d41ec51093ebd1cd84a62e36ca8d,"Quebec won't follow suit if Canada halts booze ban in concession to U.S., premier says",https://www.cbc.ca/news/canada/montreal/quebec-saq-american-alcohol-9.7299926,,2026-08-07T19:10:33Z,trade restrictions,"Quebec's premier says U.S. products will remain off the shelves of its government-run liquor stores, regardless of reports that Canada is readying to meet some U.S. demands, including rolling back its ban on American alcohol.",CBC News,USA,Market Report,2026-08-10T07:45:08.105296Z
41ce2c4acc43914b32266fe3ca6c3ffe,"Canada adds 75,000 jobs in July as unemployment falls to two-year low",https://punchng.com/canada-adds-75000-jobs-in-july-as-unemployment-falls-to-two-year-low/,Punch Newspapers,2026-08-07T19:09:45Z,trade restrictions,"Canada’s economy added 75,000 jobs in July, pushing the unemployment rate to a two-year low of 6.4%. Discover how Canada jobs are thriving despite US tarif

Read More: https://punchng.com/canada-adds-75000-jobs-in-july-as-unemployment-falls-to-two-year-low/",The Punch,Unknown,News,2026-08-10T07:45:08.105344Z
a667ff8d784d40df157ae2e6e6e24b12,Kawhi Leonard investigation lingering questions: How bad can things get for Steve Ballmer and the Clippers?,https://www.cbssports.com/nba/news/kawhi-leonard-investigation-clippers-raptors-steve-ballmer-daktronics/,Robby Kalland,2026-08-07T18:29:28Z,trade restrictions,"Leonard reportedly had a second deal to circumvent the salary cap, adding to the complications for the Clippers, Raptors and Kawhi himself",CBS Sports,Unknown,Market Report,2026-08-10T07:45:08.105379Z
181d5719d0856ec34a41ab7ba1082e7c,"Other Barks & Bites for Friday, August 7: PTAB Precedential Ruling Clarifies OTDP Examination Practices; Eleventh Circuit Says Keyword Bidding Isn’t Trademark Infringement; and Buc-ee’s Expands Trademark Enforcement Campaign",https://ipwatchdog.com/2026/08/07/bites-barks-eleventh-circuit-says-keyword-bidding-isnt-trademark-infringement-and-buc-ee/,Steve Brachmann,2026-08-07T18:15:30Z,trade restrictions,This week on Other Barks & Bites: the Ninth Circuit reverses the dismissal of malpractice claims stemming from a pattern of missed case deadlines in a trademark infringement proceeding; the Eleventh Circuit becomes the latest regional circuit court to hold th…,IPWatchdog.com,Unknown,News,2026-08-10T07:45:08.105446Z
0a074cbbdb7e9c537e11e98f6d23f528,College Football Recruiting Giant Partners With A Market The NCAA Wants Suspended,https://brobible.com/sports/article/ncaa-on3-polymarket-news/,Colin Witte,2026-08-07T17:52:53Z,trade restrictions,College football has officially reached the point where the recruiting website telling you where a five-star quarterback might sign is also partnering with a market where people can trade on what happens next. On3 announced Polymarket as its exclusive predict…,BroBible,Unknown,Market Report,2026-08-10T07:45:08.105511Z
aaecc2ff26eed793841746fe8d110316,"Polymarket promo code NYPMAX1: Deposit $10, get $20 for NFL awards markets",https://nypost.com/2026/08/07/betting/polymarket-promo-code-nypmax1-deposit-10-get-20-for-nfl-awards-markets/,Michael Leboff,2026-08-07T17:30:00Z,trade restrictions,Post readers who enter the Polymarket promo code NYPMAX1 to trade on NFL awards.,New York Post,Unknown,Market Report,2026-08-10T07:45:08.105538Z
84e06a05b4bf6c78e4eb1d909d98fb0a,"SAT overturns more SEBI orders in FY26, modified orders also double",https://www.thehindubusinessline.com/markets/sat-overturns-more-sebi-orders-in-fy26-modified-orders-also-double/article71318546.ece,Akshata Gorde,2026-08-07T15:45:53Z,trade restrictions,"SAT significantly increased its scrutiny of SEBI orders in FY26, overturning 47 and modifying 88 amidst declining appeals.",BusinessLine,Unknown,News,2026-08-10T07:45:08.105699Z
65194f7ffdf564db448bd16b11980d12,/C O R R E C T I O N -- Fundstrat Capital/,https://www.prnewswire.com/news-releases/tom-lees-fundstrat-capital-announces-may-2026-rebalance-for-granny-shots-large-cap-etfs-302790138.html,,2026-08-07T15:19:00Z,trade restrictions,"In the news release, Tom Lee's Fundstrat Capital Announces May 2026 Rebalance for Granny Shots Large Cap ETFs, issued 03-Jun-2026 by Fundstrat Capital over PR Newswire, we are advised by the company that the 'Who manages the Granny Shots ETFs?' section, shoul…",PRNewswire,Unknown,News,2026-08-10T07:45:08.105745Z
4b3921361ba0f79b5e12c2f378bbb9cc,The open way of Percona Search for MongoDB,https://www.percona.com/blog/the-open-way-of-percona-search-for-mongodb/,Radoslaw Szulgo,2026-08-07T14:55:06Z,trade restrictions,"Percona Search for MongoDB is Percona’s downstream distribution of mongot, the search engine that provides MongoDB’s full-text and vector search capabilities. With this addition, you can power your applications with AI and advanced search techniques – anywher…",Percona.com,Unknown,News,2026-08-10T07:45:08.105792Z
b69cf5e38eaa902dfac6496dc1968ed4,What Is a Monopsony—and Why Is New Jersey Suing Amazon Over It?,http://wwd.com/sourcing-journal/logistics/new-jersey-attorney-general-lawsuit-amazon-drivers-1239097259/,Jasmin Chua,2026-08-07T14:30:00Z,trade restrictions,"New Jersey’s attorney general says Amazon used its market dominance over delivery partners and drivers to suppress wages, undermine unionization efforts and curb competition.",WWD,Unknown,Market Report,2026-08-10T07:45:08.105834Z
f60449d5587643d36ac6bcf3de4926fd,Celestica Completes Equity Offering,https://financialpost.com/pmn/business-wire-news-releases-pmn/celestica-completes-equity-offering,Business Wire,2026-08-07T14:26:50Z,trade restrictions,"(All amounts in U.S. dollars) TORONTO — Celestica Inc. (NYSE: CLS) (TSX: CLS) (“Celestica” or the “Company”), a global leader in data center infrastructure and advanced technology solutions, today announced that it has completed its previously announced equit…",Financial Post,Global,News,2026-08-10T07:45:08.105881Z
04f034a37fb30521c19d7a006a9b0c2e,The Cult of Modern Medical Expertise,https://www.globalresearch.ca/cult-modern-medical-expertise/5936037,Michael Bryant,2026-08-07T14:07:10Z,trade restrictions,"For those old enough to remember, “the town doctor,” while highly respected, was just another unassuming neighbor. In those days, physicians were viewed much like teachers, postal workers, or any other working-class adults and thought of themselves as …
The p…",Globalresearch.ca,Unknown,Analysis/Opinion,2026-08-10T07:45:08.105918Z
6a2ce5c123be688a66b69475f2941531,"Canada discussing trade concessions with the U.S. in return for some tariff relief, sources say",https://www.theglobeandmail.com/business/article-canada-and-us-discussing-trade-concessions-in-return-for-partial/,Adrian Morrow,2026-08-07T13:52:33Z,trade restrictions,"Canada discussing trade concessions with the U.S. in return for some tariff relief, sources saytheglobeandmail.com",The Globe And Mail,Unknown,News,2026-08-10T07:45:08.105953Z
1cb91b65013959c8e6456a3b8d9d9556,"How to watch the Houston Astros vs San Diego Padres: Live stream info, schedule, preview",https://www.nbcsports.com/mlb/news/how-to-watch-the-houston-astros-vs-san-diego-padres-live-stream-info-schedule-preview,Mary Omatiga,2026-08-07T13:37:00Z,trade restrictions,Live coverage begins at 8 PM ET on NBC and Peacock.,NBCSports.com,Unknown,Analysis/Opinion,2026-08-10T07:45:08.105977Z
b4c9ce4894fb2783ceb135382389f873,A Burrito Costs How Much?,https://reason.com/2026/08/07/a-burrito-costs-how-much/,Eric Boehm,2026-08-07T13:29:47Z,trade restrictions,"Plus: The economy lost 23,000 jobs in July, inflation is outpacing wage growth, Trump is still mad about birthright citizenship, and more...",Reason,Unknown,News,2026-08-10T07:45:08.106007Z
b31dbf8f7f22616da5554de97a869c1b,‘You can say ‘nasty.’ But this is a question of Canadian jobs’: Carney stands up to Trump with tough talk,https://fortune.com/2026/08/07/carney-trump-tariffs-aluminum-prices-58-percent/,"Rob Gillies, The Associated Press",2026-08-07T13:23:37Z,trade restrictions,"Carney says his own workers aren't the ones paying for tariffs — American buyers are, with a 50% hike looming Aug. 19.",Fortune,USA,News,2026-08-10T07:45:08.106032Z
e56c1f5093a62a6c7d0360e4425449c1,Case Study 2026: Marketing Strategy | Distribution & Branding,https://www.afaqs.com/casestudy/alcobev/mcdowells&source=widget&medium=widget,,2026-08-07T13:13:32Z,trade restrictions,"Explore an in-depth McDowell's case study on afaqs! covering marketing strategy, campaigns, innovations, and brand growth in India, with a downloadable PDF.",Afaqs.com,India,Market Report,2026-08-10T07:45:08.106047Z
c85f6a77a120ee7aef8fdd55c9d67071,"How to watch the Cincinnati Reds vs Washington Nationals: Live stream info, schedule, preview",https://www.nbcsports.com/mlb/news/how-to-watch-the-cincinnati-reds-vs-washington-nationals-live-stream-info-schedule-preview,Mary Omatiga,2026-08-07T12:00:00Z,trade restrictions,Live coverage begins at 12 PM ET on NBCSN and Peacock.,NBCSports.com,Unknown,Analysis/Opinion,2026-08-10T07:45:08.106150Z
e9e1d45eb1c59da62795097ff1fcf0a8,The interaction of the EAEU member states with third partners should not be perceived as a zero-sum game. Prime Minister,https://www.globalsecurity.org/military/library/news/2026/08/mil-260807-armenia-pm02.htm,John Pike,2026-08-07T12:00:00Z,trade restrictions,"Prime Minister Nikol Pashinyan participated in the expanded-format session of the Eurasian Intergovernmental Council in the city of Cholpon-Ata. In addition to the prime ministers of the Eurasian Economic Union member states, the latter was also attended by r…",Globalsecurity.org,Unknown,News,2026-08-10T07:45:08.106204Z
cd0b065db2a33ad554143c2c7176acf5,"‘Right Call,’ ‘Gonna Get Nasty’ — NBA World Divided As Knicks ‘Aren’t Expected’ To Offer Karl-Anthony Towns $272 Million Max Extension",https://www.profootballnetwork.com/nba/nba-world-divided-knicks-arent-expected-offer-karl-anthony-towns-272-million-max-extension-august-2026/,Tristan Rawcliffe,2026-08-07T11:25:12Z,trade restrictions,"Karl-Anthony Towns played an integral role in bringing home the New York Knicks’ 2026 NBA championship, the franchise’s first in 53 years. Still, after his co-star Jalen Brunson took a staggering pay cut in 2024 to lay the groundwork for their title run, Town…",Pro Football Network,Unknown,News,2026-08-10T07:45:08.106310Z
02a9c6c38be3ed91d63725e9dc8e74b2,Federal Officials Urge States to Tighten Medicaid Oversight of Autism Therapy After 421 Percent Spending Rise,https://www.medicaldaily.com/cms-medicaid-aba-autism-therapy-oversight-toolkit-spending-increase-476989,Joseph James,2026-08-07T11:10:32Z,trade restrictions,CMS released a state toolkit urging tighter Medicaid oversight of ABA autism therapy after spending rose 421 percent in four years.,Medical Daily,Unknown,News,2026-08-10T07:45:08.106346Z
fdfb306acba78fd4df43c28b8f106bfd,Canopy Growth Reports First Quarter Fiscal Year 2027 Financial Results; Delivers 13% Net Revenue Growth with Contributions from All Businesses,https://financialpost.com/pmn/business-wire-news-releases-pmn/canopy-growth-reports-first-quarter-fiscal-year-2027-financial-results-delivers-13-net-revenue-growth-with-contributions-from-all-businesses,Business Wire,2026-08-07T11:03:18Z,trade restrictions,"Net revenue growth of 22% in Canada medical cannabis, 10% in Canada adult-use cannabis, 10% in international markets cannabis and 6% in Storz & Bickel Adjusted gross margin1 improves to 31% in Q1 FY2027 from 25% in Q1 FY2026 Adjusted EBITDA2 loss narrows by 5…",Financial Post,Global,Market Report,2026-08-10T07:45:08.106396Z
c7cbc8c8c9fb5fdbec7bac55e0d9d36d,Most Canadians oppose lifting provincial bans on U.S. booze,https://nationalpost.com/news/canada/majority-of-canadians-oppose-lifting-provincial-bans-on-u-s-booze,Stewart Lewis,2026-08-07T11:00:35Z,trade restrictions,"The highest support comes from B.C. at 72 per cent, followed by Ontario and Atlantic Canada at 69 per cent, and Manitoba at 63 per cent.",National Post,Unknown,News,2026-08-10T07:45:08.106429Z
ba863769df9e8904e80a763519440430,South Africa's cross-border crypto ban proposal sparks backlash,https://biztoc.com/x/7501d2f193b1be5e,semafor.com,2026-08-07T10:50:33Z,trade restrictions,"The News
South Africa proposed a ban on corporate cross-border stablecoin transactions, setting up a clash with a generation of tech entrepreneurs who say the restrictions will hurt trade, push volumes into unregulated channels, and isolate the country from g…",Biztoc.com,South Africa,News,2026-08-10T07:45:08.106517Z
42c73866bd671bbaf587a0c64dcb216b,Britain curbs power exports to Europe to preserve domestic supplies,https://cryptobriefing.com/britain-curbs-power-exports-europe/,Editorial Team,2026-08-07T10:23:13Z,trade restrictions,"Britain's export curbs highlight the fragility of energy cooperation post-Brexit, complicating EU energy security and market dynamics.
The post Britain curbs power exports to Europe to preserve domestic supplies appeared first on Crypto Briefing.",Crypto Briefing,UK,Market Report,2026-08-10T07:45:08.106562Z
e382c0ebe28495ce50763e1b2425c987,Sophie Cunningham's media call-out is hypocrisy and strategy | Opinion,https://www.tennessean.com/story/opinion/columnists/2026/08/07/sophie-cunningham-wnba-media-caitlin-clark/91205307007/,"Andrea Williams, Nashville Tennessean",2026-08-07T10:08:36Z,trade restrictions,WNBA player Sophie Cunningham claims media ignores basketball but she is profiting from the attention economy.,Tennessean,Unknown,Analysis/Opinion,2026-08-10T07:45:08.106589Z
ad86fc8edd7f429a32cbc6b88b25487d,"Stocks, dollar stall ahead of US jobs data; oil gains as Gulf tensions flare",https://www.channelnewsasia.com/business/stocks-dollar-stall-ahead-us-jobs-data-oil-gains-gulf-tensions-flare-6305181,,2026-08-07T08:14:03Z,trade restrictions,"LONDON, Aug 7 : Global stocks headed for their strongest weekly gain since May on Friday, ahead of major U.S. jobs data, as investor optimism over robust earnings growth and enthusiasm over AI offset concern about another flare-up in Middle East tensions that…",CNA,UK,Market Report,2026-08-10T07:45:08.106689Z
bb32aa68e2944a632906502683df9ac9,China-US tensions rise over export controls ahead of Xi-Trump meeting,https://cryptobriefing.com/china-us-tensions-rise-over-export-controls-ahead-of-xi-trump-meeting/,Estefano Gomez,2026-08-07T07:58:15Z,trade restrictions,"The escalating export control tensions could impact global trade dynamics and influence geopolitical stability, affecting future diplomatic engagements.
The post China-US tensions rise over export controls ahead of Xi-Trump meeting appeared first on Crypto Br…",Crypto Briefing,China,News,2026-08-10T07:45:08.106710Z
ad587db0fd9f83a9a87c052a8c4ca321,Global Market: China’s July exports top forecasts as AI boom and pre-tariff rush fuel trade growth,https://economictimes.indiatimes.com/markets/us-stocks/news/global-market-chinas-july-exports-top-forecasts-as-ai-boom-and-pre-tariff-rush-fuel-trade-growth/articleshow/133026299.cms,Anupam Nagar,2026-08-07T07:28:06Z,trade restrictions,"China's July exports rose 23.9%, beating forecasts as strong global AI-related demand and pre-tariff shipments boosted trade. High-tech and semiconductor exports remained key growth drivers despite fresh U.S. restrictions. Robust exports supported markets, bu…",The Times of India,China,Analysis/Opinion,2026-08-10T07:45:08.106727Z
221373f22727769a85aa8d11340ac1f8,China extends trade boom as global AI tech demand surges,https://www.rte.ie/news/business/2026/0807/1586878-chinese-trade-figures/,RTÉ News,2026-08-07T06:10:33Z,trade restrictions,"Chinese exports and imports soared in July, official data showed today, as the manufacturing powerhouse benefits from a global AI boom lifting overseas demand for its tech products.",RTE,China,News,2026-08-10T07:45:08.106744Z
c0d3b92303a1a3899d486dc23d8d2eb2,Putin Signs Law Establishing Regulated Cryptocurrency Market in Russia,https://www.naturalnews.com/2026-08-07-putin-signs-law-establishing-regulated-crypto-market.html,Sterling Ashworth,2026-08-07T06:00:00Z,trade restrictions,"Russian President Vladimir Putin signed the Law on Digital Currencies and Digital Rights on Tuesday, Aug. 3 – establishing a regulated cryptocurrency market in Russia, according to Russia Today (RT). The measure takes effect Sept. 1, 2026, with licensed platf…",Naturalnews.com,Russia,Market Report,2026-08-10T07:45:08.106799Z
41b3f03df466dde4187feb4803279ccb,What animal is sable hair from?,https://www.lifesciencesworld.com/what-animal-is-sable-hair-from/,Ava Reynolds,2026-08-07T05:35:47Z,trade restrictions,"What Animal is Sable Hair From? A Deep Dive The luxurious and highly prized sable hair comes from the sable, a small, carnivorous mammal native to Russia and parts of Asia. This article explores the fascinating world of sable hair, its origins, uses, and what…",Lifesciencesworld.com,Russia,News,2026-08-10T07:45:08.106881Z
2bcfe6b8b65fa2e61b01352f408e12aa,"Primary Crypto Market: What Is It, and Should You Invest Here?",https://themattwalshblog.com/primary-crypto-market/,Matt Walsh,2026-08-07T05:13:30Z,trade restrictions,"Most cryptocurrency investors buy assets only after they are already trading. They open an exchange account, search for Bitcoin or an altcoin, review the current price, and purchase tokens from another market participant. That activity takes place in the seco…",Themattwalshblog.com,Unknown,Analysis/Opinion,2026-08-10T07:45:08.106922Z
a41dd5dac7132fe6fc97fa205b222790,China extends trade boom as global AI tech demand surges,https://punchng.com/china-extends-trade-boom-as-global-ai-tech-demand-surges/,Punch Newspapers,2026-08-07T05:10:26Z,trade restrictions,"China’s exports and imports soared in July, extending its trade boom as global AI tech demand lifts overseas demand for Chinese tech products.

Read More: https://punchng.com/china-extends-trade-boom-as-global-ai-tech-demand-surges/",The Punch,China,News,2026-08-10T07:45:08.106942Z
f904ef9772006002605a21df2e0ef5a6,China exports in July beat forecasts on robust high-tech demand,https://www.straitstimes.com/business/economy/china-exports-in-july-beat-expectations-on-robust-high-tech-demand,,2026-08-07T04:05:37Z,trade restrictions,"China’s exports expanded 23.9 per cent year on year in in July, with chip shipments almost doubling. Read more at straitstimes.com. Read more at straitstimes.com.",The Straits Times,China,Analysis/Opinion,2026-08-10T07:45:08.107003Z
191cb3bb36b491b13a95d270315700e3,"Solar tariffs will hurt America’s allies, not China",https://economictimes.indiatimes.com/news/international/global-trends/solar-tariffs-will-hurt-americas-allies-not-china/articleshow/133020502.cms,Bloomberg,2026-08-07T03:58:18Z,trade restrictions,Proposed US tariffs on polysilicon will harm domestic and allied solar industries.  China dominates low-cost solar polysilicon production due to scale advantages.  US solar manufacturing has struggled despite past protectionist measures.  US companies pivot t…,The Times of India,China,News,2026-08-10T07:45:08.107028Z
c135e9222f600fc0747ba50399104b86,Carney says US trade talks are 'nasty' after Trump criticizes Canada's leadership,https://abcnews.com/Business/wireStory/carney-us-trade-talks-nasty-after-trump-criticizes-135436571,ROB GILLIES Associated Press,2026-08-07T03:50:23Z,trade restrictions,Canadian Prime Minister Mark Carney says trade negotiations with the United States had turned “nasty” after President Donald Trump derided America’s neighbor and its leadership while threatening to expand tariffs,Abcnews.com,USA,News,2026-08-10T07:45:08.107055Z
eb6d07912673614f6e1ab1140ccdefd2,"Africa CDC and WHO call for urgent, community-led action to contain Ebola in the DRC",https://www.who.int/news/item/06-08-2026-africa-cdc-and-who-call-for-urgent--community-led-action-to-contain-ebola-in-the-drc,World Health Organization: WHO,2026-08-07T03:44:56Z,trade restrictions,"<p>The Africa Centres for Disease Control and Prevention (Africa CDC) and the World Health Organization (WHO) have called for an urgent scale-up of the community-led Ebola response in the Democratic Republic of the Congo (DRC), with stronger early detection, …",World Health Organization,Unknown,News,2026-08-10T07:45:08.107114Z
454718fa8f7c56fdcceef4540cd79477,"Asian shares pause for US jobs, oil extends gains on Mideast risk",https://www.thehindubusinessline.com/news/asian-shares-pause-for-us-jobs-oil-extends-gains-on-mideast-risk/article71316115.ece,Reuters,2026-08-07T03:02:05Z,trade restrictions,"After ‌bouts ⁠of volatility sparked by concerns over the durability of the AI-driven rally, investors ⁠are now squarely focused on the U.S. payrolls report due later in the day, which could prove crucial for the interest-rate outlook.",BusinessLine,Unknown,Analysis/Opinion,2026-08-10T07:45:08.107154Z
90f0c801afe4a8d563ca69aab05b7c0e,Oil rises on concerns over Strait of Hormuz reopening plans,https://economictimes.indiatimes.com/markets/commodities/news/oil-rises-on-concerns-over-strait-of-hormuz-reopening-plans/articleshow/133018933.cms,Reuters,2026-08-07T01:58:03Z,trade restrictions,"Oil prices experienced a significant uptick on Friday, fueled by fears surrounding the critical Strait of Hormuz. Iran and Oman are contemplating restrictions on hostile vessels, impacting market confidence. As Brent crude futures soared to $83.48 a barrel an…",The Times of India,Unknown,Market Report,2026-08-10T07:45:08.107202Z
d81f54b35f76c19f04965cc50fc6dbeb,"Iran reviews draft bill proposing fines of up to 20% to bar US, Israeli ships from Hormuz",https://economictimes.indiatimes.com/news/international/world-news/iran-reviews-draft-bill-proposing-fines-of-up-to-20-to-bar-us-israeli-ships-from-hormuz/articleshow/133018714.cms,Reuters,2026-08-07T01:30:05Z,trade restrictions,An Iranian parliamentary committee is reviewing a bill to bar hostile vessels from the Strait of Hormuz. This preliminary legislation proposes significant fines for any ships violating these new restrictions. The draft bill is currently undergoing expert revi…,The Times of India,Unknown,Analysis/Opinion,2026-08-10T07:45:08.107245Z
669338e7f4bee836f5ed70c9430ab71a,CNBC Daily Open: Trump's deal seems to be in dire straits,https://www.cnbc.com/2026/08/07/cnbc-daily-open-trump-deal-iran-hormuz-straits-.html,Lim Hui Jie,2026-08-07T01:19:23Z,trade restrictions,"Trump had said a deal with Tehran could come by Thursday stateside. But if one does not arrive by noon today in Asia, that timeline will have slipped.",CNBC,Unknown,Market Report,2026-08-10T07:45:08.107277Z
c3fea63efe3ad037d477f3e58846c726,"FPIs, trading companies tap Sebi, centre for tax breather",https://economictimes.indiatimes.com/markets/stocks/news/fpis-trading-companies-tap-sebi-centre-for-tax-breather/articleshow/133018389.cms,Sugata Ghosh,2026-08-07T00:50:37Z,trade restrictions,"Investors from abroad are pressing regulators for a decrease in securities transaction taxes to alleviate the burden of double capital gains taxes. With the Reserve Bank of India's stringent leverage rules potentially pushing trading activities offshore, ther…",The Times of India,India,Market Report,2026-08-10T07:45:08.107300Z
816054731ce939221d9f71c63357a9f7,Oil rises on concerns over Strait of Hormuz reopening plans,https://www.channelnewsasia.com/business/oil-rises-concerns-over-strait-hormuz-reopening-plans-6305041,,2026-08-07T00:47:28Z,trade restrictions,"PERTH, Aug 7 : Oil continued its rise on Friday amid further concerns around the opening of the Strait of Hormuz as Iran, working with Oman, suggested banning vessels deemed hostile from the strait and heavily fining those who violated the proposed rules. Bre…",CNA,Unknown,News,2026-08-10T07:45:08.107349Z
b9b938a33be42c152a32b3d85ffcc842,Carney says US trade talks are 'nasty' after Trump criticizes Canada's leadership,https://abcnews.com/International/wireStory/carney-us-trade-talks-nasty-after-trump-criticizes-135436569,ROB GILLIES Associated Press,2026-08-06T23:23:58Z,trade restrictions,Canadian Prime Minister Mark Carney says trade negotiations with the United States had turned “nasty” after President Donald Trump derided America’s neighbor and its leadership while threatening to expand tariffs,Abcnews.com,USA,News,2026-08-10T07:45:08.107433Z
4c57d3b97cb739ad4cda6f20c1971d79,"FG moves to ban fuel price-fixing, market collusion",https://punchng.com/fg-moves-to-ban-fuel-price-fixing-market-collusion/,Punch Newspapers,2026-08-06T23:20:12Z,trade restrictions,"The Federal Government proposes new regulations to ban fuel price-fixing and anti-competitive practices in Nigeria’s petroleum industry. Learn more about t

Read More: https://punchng.com/fg-moves-to-ban-fuel-price-fixing-market-collusion/",The Punch,Unknown,Market Report,2026-08-10T07:45:08.107474Z
70ba7a71bb4567f38e25a1bdd6776fe3,Perpetua Resources Reports New High-Grade Gold and Antimony Discoveries and a New Gold-Tungsten Zone at Stibnite,https://www.prnewswire.com/news-releases/perpetua-resources-reports-new-high-grade-gold-and-antimony-discoveries-and-a-new-gold-tungsten-zone-at-stibnite-302845507.html,,2026-08-06T22:01:00Z,trade restrictions,"First exploratory drilling in nearly a decade at Perpetua's Idaho properties returned significant, high-grade gold, antimony & tungsten results, including intercepts of 21.3 meters @ 3.2 g/t gold & 0.9% tungsten and 6.4 meters @ 16.2 g/t gold & 1.7% antimony …",PRNewswire,Unknown,Market Report,2026-08-10T07:45:08.107524Z
